Book,Chapter,Verse,Text
Genesis,1,1,
Genesis,1,2,
Genesis,1,3,
Genesis,1,4,
Genesis,1,5,
Genesis,1,6,
Genesis,1,7,
Genesis,1,8,
Genesis,1,9,
Genesis,1,10,
Genesis,1,11,
Genesis,1,12,
Genesis,1,13,
Genesis,1,14,
Genesis,1,15,
Genesis,1,16,
Genesis,1,17,
Genesis,1,18,
Genesis,1,19,
Genesis,1,20,
Genesis,1,21,
Genesis,1,22,
Genesis,1,23,
Genesis,1,24,
Genesis,1,25,
Genesis,1,26,
Genesis,1,27,
Genesis,1,28,
Genesis,1,29,
Genesis,1,30,
Genesis,1,31,
Genesis,2,1,
Genesis,2,2,
Genesis,2,3,
Genesis,2,4,
Genesis,2,5,
Genesis,2,6,
Genesis,2,7,
Genesis,2,8,
Genesis,2,9,
Genesis,2,10,
Genesis,2,11,
Genesis,2,12,
Genesis,2,13,
Genesis,2,14,
Genesis,2,15,
Genesis,2,16,
Genesis,2,17,
Genesis,2,18,
Genesis,2,19,
Genesis,2,20,
Genesis,2,21,
Genesis,2,22,
Genesis,2,23,
Genesis,2,24,
Genesis,2,25,
Genesis,3,1,
Genesis,3,2,
Genesis,3,3,
Genesis,3,4,
Genesis,3,5,
Genesis,3,6,
Genesis,3,7,
Genesis,3,8,
Genesis,3,9,
Genesis,3,10,
Genesis,3,11,
Genesis,3,12,
Genesis,3,13,
Genesis,3,14,
Genesis,3,15,
Genesis,3,16,
Genesis,3,17,
Genesis,3,18,
Genesis,3,19,
Genesis,3,20,
Genesis,3,21,
Genesis,3,22,
Genesis,3,23,
Genesis,3,24,
Genesis,4,1,
Genesis,4,2,
Genesis,4,3,
Genesis,4,4,
Genesis,4,5,
Genesis,4,6,
Genesis,4,7,
Genesis,4,8,
Genesis,4,9,
Genesis,4,10,
Genesis,4,11,
Genesis,4,12,
Genesis,4,13,
Genesis,4,14,
Genesis,4,15,
Genesis,4,16,
Genesis,4,17,
Genesis,4,18,
Genesis,4,19,
Genesis,4,20,
Genesis,4,21,
Genesis,4,22,
Genesis,4,23,
Genesis,4,24,
Genesis,4,25,
Genesis,4,26,
Genesis,5,1,
Genesis,5,2,
Genesis,5,3,
Genesis,5,4,
Genesis,5,5,
Genesis,5,6,
Genesis,5,7,
Genesis,5,8,
Genesis,5,9,
Genesis,5,10,
Genesis,5,11,
Genesis,5,12,
Genesis,5,13,
Genesis,5,14,
Genesis,5,15,
Genesis,5,16,
Genesis,5,17,
Genesis,5,18,
Genesis,5,19,
Genesis,5,20,
Genesis,5,21,
Genesis,5,22,
Genesis,5,23,
Genesis,5,24,
Genesis,5,25,
Genesis,5,26,
Genesis,5,27,
Genesis,5,28,
Genesis,5,29,
Genesis,5,30,
Genesis,5,31,
Genesis,5,32,
Genesis,6,1,
Genesis,6,2,
Genesis,6,3,
Genesis,6,4,
Genesis,6,5,
Genesis,6,6,
Genesis,6,7,
Genesis,6,8,
Genesis,6,9,
Genesis,6,10,
Genesis,6,11,
Genesis,6,12,
Genesis,6,13,
Genesis,6,14,
Genesis,6,15,
Genesis,6,16,
Genesis,6,17,
Genesis,6,18,
Genesis,6,19,
Genesis,6,20,
Genesis,6,21,
Genesis,6,22,
Genesis,7,1,
Genesis,7,2,
Genesis,7,3,
Genesis,7,4,
Genesis,7,5,
Genesis,7,6,
Genesis,7,7,
Genesis,7,8,
Genesis,7,9,
Genesis,7,10,
Genesis,7,11,
Genesis,7,12,
Genesis,7,13,
Genesis,7,14,
Genesis,7,15,
Genesis,7,16,
Genesis,7,17,
Genesis,7,18,
Genesis,7,19,
Genesis,7,20,
Genesis,7,21,
Genesis,7,22,
Genesis,7,23,
Genesis,7,24,
Genesis,8,1,
Genesis,8,2,
Genesis,8,3,
Genesis,8,4,
Genesis,8,5,
Genesis,8,6,
Genesis,8,7,
Genesis,8,8,
Genesis,8,9,
Genesis,8,10,
Genesis,8,11,
Genesis,8,12,
Genesis,8,13,
Genesis,8,14,
Genesis,8,15,
Genesis,8,16,
Genesis,8,17,
Genesis,8,18,
Genesis,8,19,
Genesis,8,20,
Genesis,8,21,
Genesis,8,22,
Genesis,9,1,
Genesis,9,2,
Genesis,9,3,
Genesis,9,4,
Genesis,9,5,
Genesis,9,6,
Genesis,9,7,
Genesis,9,8,
Genesis,9,9,
Genesis,9,10,
Genesis,9,11,
Genesis,9,12,
Genesis,9,13,
Genesis,9,14,
Genesis,9,15,
Genesis,9,16,
Genesis,9,17,
Genesis,9,18,
Genesis,9,19,
Genesis,9,20,
Genesis,9,21,
Genesis,9,22,
Genesis,9,23,
Genesis,9,24,
Genesis,9,25,
Genesis,9,26,
Genesis,9,27,
Genesis,9,28,
Genesis,9,29,
Genesis,10,1,
Genesis,10,2,
Genesis,10,3,
Genesis,10,4,
Genesis,10,5,
Genesis,10,6,
Genesis,10,7,
Genesis,10,8,
Genesis,10,9,
Genesis,10,10,
Genesis,10,11,
Genesis,10,12,
Genesis,10,13,
Genesis,10,14,
Genesis,10,15,
Genesis,10,16,
Genesis,10,17,
Genesis,10,18,
Genesis,10,19,
Genesis,10,20,
Genesis,10,21,
Genesis,10,22,
Genesis,10,23,
Genesis,10,24,
Genesis,10,25,
Genesis,10,26,
Genesis,10,27,
Genesis,10,28,
Genesis,10,29,
Genesis,10,30,
Genesis,10,31,
Genesis,10,32,
Genesis,11,1,
Genesis,11,2,
Genesis,11,3,
Genesis,11,4,
Genesis,11,5,
Genesis,11,6,
Genesis,11,7,
Genesis,11,8,
Genesis,11,9,
Genesis,11,10,
Genesis,11,11,
Genesis,11,12,
Genesis,11,13,
Genesis,11,14,
Genesis,11,15,
Genesis,11,16,
Genesis,11,17,
Genesis,11,18,
Genesis,11,19,
Genesis,11,20,
Genesis,11,21,
Genesis,11,22,
Genesis,11,23,
Genesis,11,24,
Genesis,11,25,
Genesis,11,26,
Genesis,11,27,
Genesis,11,28,
Genesis,11,29,
Genesis,11,30,
Genesis,11,31,
Genesis,11,32,
Genesis,12,1,
Genesis,12,2,
Genesis,12,3,
Genesis,12,4,
Genesis,12,5,
Genesis,12,6,
Genesis,12,7,
Genesis,12,8,
Genesis,12,9,
Genesis,12,10,
Genesis,12,11,
Genesis,12,12,
Genesis,12,13,
Genesis,12,14,
Genesis,12,15,
Genesis,12,16,
Genesis,12,17,
Genesis,12,18,
Genesis,12,19,
Genesis,12,20,
Genesis,13,1,
Genesis,13,2,
Genesis,13,3,
Genesis,13,4,
Genesis,13,5,
Genesis,13,6,
Genesis,13,7,
Genesis,13,8,
Genesis,13,9,
Genesis,13,10,
Genesis,13,11,
Genesis,13,12,
Genesis,13,13,
Genesis,13,14,
Genesis,13,15,
Genesis,13,16,
Genesis,13,17,
Genesis,13,18,
Genesis,14,1,
Genesis,14,2,
Genesis,14,3,
Genesis,14,4,
Genesis,14,5,
Genesis,14,6,
Genesis,14,7,
Genesis,14,8,
Genesis,14,9,
Genesis,14,10,
Genesis,14,11,
Genesis,14,12,
Genesis,14,13,
Genesis,14,14,
Genesis,14,15,
Genesis,14,16,
Genesis,14,17,
Genesis,14,18,
Genesis,14,19,
Genesis,14,20,
Genesis,14,21,
Genesis,14,22,
Genesis,14,23,
Genesis,14,24,
Genesis,15,1,
Genesis,15,2,
Genesis,15,3,
Genesis,15,4,
Genesis,15,5,
Genesis,15,6,
Genesis,15,7,
Genesis,15,8,
Genesis,15,9,
Genesis,15,10,
Genesis,15,11,
Genesis,15,12,
Genesis,15,13,
Genesis,15,14,
Genesis,15,15,
Genesis,15,16,
Genesis,15,17,
Genesis,15,18,
Genesis,15,19,
Genesis,15,20,
Genesis,15,21,
Genesis,16,1,
Genesis,16,2,
Genesis,16,3,
Genesis,16,4,
Genesis,16,5,
Genesis,16,6,
Genesis,16,7,
Genesis,16,8,
Genesis,16,9,
Genesis,16,10,
Genesis,16,11,
Genesis,16,12,
Genesis,16,13,
Genesis,16,14,
Genesis,16,15,
Genesis,16,16,
Genesis,17,1,
Genesis,17,2,
Genesis,17,3,
Genesis,17,4,
Genesis,17,5,
Genesis,17,6,
Genesis,17,7,
Genesis,17,8,
Genesis,17,9,
Genesis,17,10,
Genesis,17,11,
Genesis,17,12,
Genesis,17,13,
Genesis,17,14,
Genesis,17,15,
Genesis,17,16,
Genesis,17,17,
Genesis,17,18,
Genesis,17,19,
Genesis,17,20,
Genesis,17,21,
Genesis,17,22,
Genesis,17,23,
Genesis,17,24,
Genesis,17,25,
Genesis,17,26,
Genesis,17,27,
Genesis,18,1,
Genesis,18,2,
Genesis,18,3,
Genesis,18,4,
Genesis,18,5,
Genesis,18,6,
Genesis,18,7,
Genesis,18,8,
Genesis,18,9,
Genesis,18,10,
Genesis,18,11,
Genesis,18,12,
Genesis,18,13,
Genesis,18,14,
Genesis,18,15,
Genesis,18,16,
Genesis,18,17,
Genesis,18,18,
Genesis,18,19,
Genesis,18,20,
Genesis,18,21,
Genesis,18,22,
Genesis,18,23,
Genesis,18,24,
Genesis,18,25,
Genesis,18,26,
Genesis,18,27,
Genesis,18,28,
Genesis,18,29,
Genesis,18,30,
Genesis,18,31,
Genesis,18,32,
Genesis,18,33,
Genesis,19,1,
Genesis,19,2,
Genesis,19,3,
Genesis,19,4,
Genesis,19,5,
Genesis,19,6,
Genesis,19,7,
Genesis,19,8,
Genesis,19,9,
Genesis,19,10,
Genesis,19,11,
Genesis,19,12,
Genesis,19,13,
Genesis,19,14,
Genesis,19,15,
Genesis,19,16,
Genesis,19,17,
Genesis,19,18,
Genesis,19,19,
Genesis,19,20,
Genesis,19,21,
Genesis,19,22,
Genesis,19,23,
Genesis,19,24,
Genesis,19,25,
Genesis,19,26,
Genesis,19,27,
Genesis,19,28,
Genesis,19,29,
Genesis,19,30,
Genesis,19,31,
Genesis,19,32,
Genesis,19,33,
Genesis,19,34,
Genesis,19,35,
Genesis,19,36,
Genesis,19,37,
Genesis,19,38,
Genesis,20,1,
Genesis,20,2,
Genesis,20,3,
Genesis,20,4,
Genesis,20,5,
Genesis,20,6,
Genesis,20,7,
Genesis,20,8,
Genesis,20,9,
Genesis,20,10,
Genesis,20,11,
Genesis,20,12,
Genesis,20,13,
Genesis,20,14,
Genesis,20,15,
Genesis,20,16,
Genesis,20,17,
Genesis,20,18,
Genesis,21,1,
Genesis,21,2,
Genesis,21,3,
Genesis,21,4,
Genesis,21,5,
Genesis,21,6,
Genesis,21,7,
Genesis,21,8,
Genesis,21,9,
Genesis,21,10,
Genesis,21,11,
Genesis,21,12,
Genesis,21,13,
Genesis,21,14,
Genesis,21,15,
Genesis,21,16,
Genesis,21,17,
Genesis,21,18,
Genesis,21,19,
Genesis,21,20,
Genesis,21,21,
Genesis,21,22,
Genesis,21,23,
Genesis,21,24,
Genesis,21,25,
Genesis,21,26,
Genesis,21,27,
Genesis,21,28,
Genesis,21,29,
Genesis,21,30,
Genesis,21,31,
Genesis,21,32,
Genesis,21,33,
Genesis,21,34,
Genesis,22,1,
Genesis,22,2,
Genesis,22,3,
Genesis,22,4,
Genesis,22,5,
Genesis,22,6,
Genesis,22,7,
Genesis,22,8,
Genesis,22,9,
Genesis,22,10,
Genesis,22,11,
Genesis,22,12,
Genesis,22,13,
Genesis,22,14,
Genesis,22,15,
Genesis,22,16,
Genesis,22,17,
Genesis,22,18,
Genesis,22,19,
Genesis,22,20,
Genesis,22,21,
Genesis,22,22,
Genesis,22,23,
Genesis,22,24,
Genesis,23,1,
Genesis,23,2,
Genesis,23,3,
Genesis,23,4,
Genesis,23,5,
Genesis,23,6,
Genesis,23,7,
Genesis,23,8,
Genesis,23,9,
Genesis,23,10,
Genesis,23,11,
Genesis,23,12,
Genesis,23,13,
Genesis,23,14,
Genesis,23,15,
Genesis,23,16,
Genesis,23,17,
Genesis,23,18,
Genesis,23,19,
Genesis,23,20,
Genesis,24,1,
Genesis,24,2,
Genesis,24,3,
Genesis,24,4,
Genesis,24,5,
Genesis,24,6,
Genesis,24,7,
Genesis,24,8,
Genesis,24,9,
Genesis,24,10,
Genesis,24,11,
Genesis,24,12,
Genesis,24,13,
Genesis,24,14,
Genesis,24,15,
Genesis,24,16,
Genesis,24,17,
Genesis,24,18,
Genesis,24,19,
Genesis,24,20,
Genesis,24,21,
Genesis,24,22,
Genesis,24,23,
Genesis,24,24,
Genesis,24,25,
Genesis,24,26,
Genesis,24,27,
Genesis,24,28,
Genesis,24,29,
Genesis,24,30,
Genesis,24,31,
Genesis,24,32,
Genesis,24,33,
Genesis,24,34,
Genesis,24,35,
Genesis,24,36,
Genesis,24,37,
Genesis,24,38,
Genesis,24,39,
Genesis,24,40,
Genesis,24,41,
Genesis,24,42,
Genesis,24,43,
Genesis,24,44,
Genesis,24,45,
Genesis,24,46,
Genesis,24,47,
Genesis,24,48,
Genesis,24,49,
Genesis,24,50,
Genesis,24,51,
Genesis,24,52,
Genesis,24,53,
Genesis,24,54,
Genesis,24,55,
Genesis,24,56,
Genesis,24,57,
Genesis,24,58,
Genesis,24,59,
Genesis,24,60,
Genesis,24,61,
Genesis,24,62,
Genesis,24,63,
Genesis,24,64,
Genesis,24,65,
Genesis,24,66,
Genesis,24,67,
Genesis,25,1,
Genesis,25,2,
Genesis,25,3,
Genesis,25,4,
Genesis,25,5,
Genesis,25,6,
Genesis,25,7,
Genesis,25,8,
Genesis,25,9,
Genesis,25,10,
Genesis,25,11,
Genesis,25,12,
Genesis,25,13,
Genesis,25,14,
Genesis,25,15,
Genesis,25,16,
Genesis,25,17,
Genesis,25,18,
Genesis,25,19,
Genesis,25,20,
Genesis,25,21,
Genesis,25,22,
Genesis,25,23,
Genesis,25,24,
Genesis,25,25,
Genesis,25,26,
Genesis,25,27,
Genesis,25,28,
Genesis,25,29,
Genesis,25,30,
Genesis,25,31,
Genesis,25,32,
Genesis,25,33,
Genesis,25,34,
Genesis,26,1,
Genesis,26,2,
Genesis,26,3,
Genesis,26,4,
Genesis,26,5,
Genesis,26,6,
Genesis,26,7,
Genesis,26,8,
Genesis,26,9,
Genesis,26,10,
Genesis,26,11,
Genesis,26,12,
Genesis,26,13,
Genesis,26,14,
Genesis,26,15,
Genesis,26,16,
Genesis,26,17,
Genesis,26,18,
Genesis,26,19,
Genesis,26,20,
Genesis,26,21,
Genesis,26,22,
Genesis,26,23,
Genesis,26,24,
Genesis,26,25,
Genesis,26,26,
Genesis,26,27,
Genesis,26,28,
Genesis,26,29,
Genesis,26,30,
Genesis,26,31,
Genesis,26,32,
Genesis,26,33,
Genesis,26,34,
Genesis,26,35,
Genesis,27,1,
Genesis,27,2,
Genesis,27,3,
Genesis,27,4,
Genesis,27,5,
Genesis,27,6,
Genesis,27,7,
Genesis,27,8,
Genesis,27,9,
Genesis,27,10,
Genesis,27,11,
Genesis,27,12,
Genesis,27,13,
Genesis,27,14,
Genesis,27,15,
Genesis,27,16,
Genesis,27,17,
Genesis,27,18,
Genesis,27,19,
Genesis,27,20,
Genesis,27,21,
Genesis,27,22,
Genesis,27,23,
Genesis,27,24,
Genesis,27,25,
Genesis,27,26,
Genesis,27,27,
Genesis,27,28,
Genesis,27,29,
Genesis,27,30,
Genesis,27,31,
Genesis,27,32,
Genesis,27,33,
Genesis,27,34,
Genesis,27,35,
Genesis,27,36,
Genesis,27,37,
Genesis,27,38,
Genesis,27,39,
Genesis,27,40,
Genesis,27,41,
Genesis,27,42,
Genesis,27,43,
Genesis,27,44,
Genesis,27,45,
Genesis,27,46,
Genesis,28,1,
Genesis,28,2,
Genesis,28,3,
Genesis,28,4,
Genesis,28,5,
Genesis,28,6,
Genesis,28,7,
Genesis,28,8,
Genesis,28,9,
Genesis,28,10,
Genesis,28,11,
Genesis,28,12,
Genesis,28,13,
Genesis,28,14,
Genesis,28,15,
Genesis,28,16,
Genesis,28,17,
Genesis,28,18,
Genesis,28,19,
Genesis,28,20,
Genesis,28,21,
Genesis,28,22,
Genesis,29,1,
Genesis,29,2,
Genesis,29,3,
Genesis,29,4,
Genesis,29,5,
Genesis,29,6,
Genesis,29,7,
Genesis,29,8,
Genesis,29,9,
Genesis,29,10,
Genesis,29,11,
Genesis,29,12,
Genesis,29,13,
Genesis,29,14,
Genesis,29,15,
Genesis,29,16,
Genesis,29,17,
Genesis,29,18,
Genesis,29,19,
Genesis,29,20,
Genesis,29,21,
Genesis,29,22,
Genesis,29,23,
Genesis,29,24,
Genesis,29,25,
Genesis,29,26,
Genesis,29,27,
Genesis,29,28,
Genesis,29,29,
Genesis,29,30,
Genesis,29,31,
Genesis,29,32,
Genesis,29,33,
Genesis,29,34,
Genesis,29,35,
Genesis,30,1,
Genesis,30,2,
Genesis,30,3,
Genesis,30,4,
Genesis,30,5,
Genesis,30,6,
Genesis,30,7,
Genesis,30,8,
Genesis,30,9,
Genesis,30,10,
Genesis,30,11,
Genesis,30,12,
Genesis,30,13,
Genesis,30,14,
Genesis,30,15,
Genesis,30,16,
Genesis,30,17,
Genesis,30,18,
Genesis,30,19,
Genesis,30,20,
Genesis,30,21,
Genesis,30,22,
Genesis,30,23,
Genesis,30,24,
Genesis,30,25,
Genesis,30,26,
Genesis,30,27,
Genesis,30,28,
Genesis,30,29,
Genesis,30,30,
Genesis,30,31,
Genesis,30,32,
Genesis,30,33,
Genesis,30,34,
Genesis,30,35,
Genesis,30,36,
Genesis,30,37,
Genesis,30,38,
Genesis,30,39,
Genesis,30,40,
Genesis,30,41,
Genesis,30,42,
Genesis,30,43,
Genesis,31,1,
Genesis,31,2,
Genesis,31,3,
Genesis,31,4,
Genesis,31,5,
Genesis,31,6,
Genesis,31,7,
Genesis,31,8,
Genesis,31,9,
Genesis,31,10,
Genesis,31,11,
Genesis,31,12,
Genesis,31,13,
Genesis,31,14,
Genesis,31,15,
Genesis,31,16,
Genesis,31,17,
Genesis,31,18,
Genesis,31,19,
Genesis,31,20,
Genesis,31,21,
Genesis,31,22,
Genesis,31,23,
Genesis,31,24,
Genesis,31,25,
Genesis,31,26,
Genesis,31,27,
Genesis,31,28,
Genesis,31,29,
Genesis,31,30,
Genesis,31,31,
Genesis,31,32,
Genesis,31,33,
Genesis,31,34,
Genesis,31,35,
Genesis,31,36,
Genesis,31,37,
Genesis,31,38,
Genesis,31,39,
Genesis,31,40,
Genesis,31,41,
Genesis,31,42,
Genesis,31,43,
Genesis,31,44,
Genesis,31,45,
Genesis,31,46,
Genesis,31,47,
Genesis,31,48,
Genesis,31,49,
Genesis,31,50,
Genesis,31,51,
Genesis,31,52,
Genesis,31,53,
Genesis,31,54,
Genesis,31,55,
Genesis,32,1,
Genesis,32,2,
Genesis,32,3,
Genesis,32,4,
Genesis,32,5,
Genesis,32,6,
Genesis,32,7,
Genesis,32,8,
Genesis,32,9,
Genesis,32,10,
Genesis,32,11,
Genesis,32,12,
Genesis,32,13,
Genesis,32,14,
Genesis,32,15,
Genesis,32,16,
Genesis,32,17,
Genesis,32,18,
Genesis,32,19,
Genesis,32,20,
Genesis,32,21,
Genesis,32,22,
Genesis,32,23,
Genesis,32,24,
Genesis,32,25,
Genesis,32,26,
Genesis,32,27,
Genesis,32,28,
Genesis,32,29,
Genesis,32,30,
Genesis,32,31,
Genesis,32,32,
Genesis,33,1,
Genesis,33,2,
Genesis,33,3,
Genesis,33,4,
Genesis,33,5,
Genesis,33,6,
Genesis,33,7,
Genesis,33,8,
Genesis,33,9,
Genesis,33,10,
Genesis,33,11,
Genesis,33,12,
Genesis,33,13,
Genesis,33,14,
Genesis,33,15,
Genesis,33,16,
Genesis,33,17,
Genesis,33,18,
Genesis,33,19,
Genesis,33,20,
Genesis,34,1,
Genesis,34,2,
Genesis,34,3,
Genesis,34,4,
Genesis,34,5,
Genesis,34,6,
Genesis,34,7,
Genesis,34,8,
Genesis,34,9,
Genesis,34,10,
Genesis,34,11,
Genesis,34,12,
Genesis,34,13,
Genesis,34,14,
Genesis,34,15,
Genesis,34,16,
Genesis,34,17,
Genesis,34,18,
Genesis,34,19,
Genesis,34,20,
Genesis,34,21,
Genesis,34,22,
Genesis,34,23,
Genesis,34,24,
Genesis,34,25,
Genesis,34,26,
Genesis,34,27,
Genesis,34,28,
Genesis,34,29,
Genesis,34,30,
Genesis,34,31,
Genesis,35,1,
Genesis,35,2,
Genesis,35,3,
Genesis,35,4,
Genesis,35,5,
Genesis,35,6,
Genesis,35,7,
Genesis,35,8,
Genesis,35,9,
Genesis,35,10,
Genesis,35,11,
Genesis,35,12,
Genesis,35,13,
Genesis,35,14,
Genesis,35,15,
Genesis,35,16,
Genesis,35,17,
Genesis,35,18,
Genesis,35,19,
Genesis,35,20,
Genesis,35,21,
Genesis,35,22,
Genesis,35,23,
Genesis,35,24,
Genesis,35,25,
Genesis,35,26,
Genesis,35,27,
Genesis,35,28,
Genesis,35,29,
Genesis,36,1,
Genesis,36,2,
Genesis,36,3,
Genesis,36,4,
Genesis,36,5,
Genesis,36,6,
Genesis,36,7,
Genesis,36,8,
Genesis,36,9,
Genesis,36,10,
Genesis,36,11,
Genesis,36,12,
Genesis,36,13,
Genesis,36,14,
Genesis,36,15,
Genesis,36,16,
Genesis,36,17,
Genesis,36,18,
Genesis,36,19,
Genesis,36,20,
Genesis,36,21,
Genesis,36,22,
Genesis,36,23,
Genesis,36,24,
Genesis,36,25,
Genesis,36,26,
Genesis,36,27,
Genesis,36,28,
Genesis,36,29,
Genesis,36,30,
Genesis,36,31,
Genesis,36,32,
Genesis,36,33,
Genesis,36,34,
Genesis,36,35,
Genesis,36,36,
Genesis,36,37,
Genesis,36,38,
Genesis,36,39,
Genesis,36,40,
Genesis,36,41,
Genesis,36,42,
Genesis,36,43,
Genesis,37,1,
Genesis,37,2,
Genesis,37,3,
Genesis,37,4,
Genesis,37,5,
Genesis,37,6,
Genesis,37,7,
Genesis,37,8,
Genesis,37,9,
Genesis,37,10,
Genesis,37,11,
Genesis,37,12,
Genesis,37,13,
Genesis,37,14,
Genesis,37,15,
Genesis,37,16,
Genesis,37,17,
Genesis,37,18,
Genesis,37,19,
Genesis,37,20,
Genesis,37,21,
Genesis,37,22,
Genesis,37,23,
Genesis,37,24,
Genesis,37,25,
Genesis,37,26,
Genesis,37,27,
Genesis,37,28,
Genesis,37,29,
Genesis,37,30,
Genesis,37,31,
Genesis,37,32,
Genesis,37,33,
Genesis,37,34,
Genesis,37,35,
Genesis,37,36,
Genesis,38,1,
Genesis,38,2,
Genesis,38,3,
Genesis,38,4,
Genesis,38,5,
Genesis,38,6,
Genesis,38,7,
Genesis,38,8,
Genesis,38,9,
Genesis,38,10,
Genesis,38,11,
Genesis,38,12,
Genesis,38,13,
Genesis,38,14,
Genesis,38,15,
Genesis,38,16,
Genesis,38,17,
Genesis,38,18,
Genesis,38,19,
Genesis,38,20,
Genesis,38,21,
Genesis,38,22,
Genesis,38,23,
Genesis,38,24,
Genesis,38,25,
Genesis,38,26,
Genesis,38,27,
Genesis,38,28,
Genesis,38,29,
Genesis,38,30,
Genesis,39,1,
Genesis,39,2,
Genesis,39,3,
Genesis,39,4,
Genesis,39,5,
Genesis,39,6,
Genesis,39,7,
Genesis,39,8,
Genesis,39,9,
Genesis,39,10,
Genesis,39,11,
Genesis,39,12,
Genesis,39,13,
Genesis,39,14,
Genesis,39,15,
Genesis,39,16,
Genesis,39,17,
Genesis,39,18,
Genesis,39,19,
Genesis,39,20,
Genesis,39,21,
Genesis,39,22,
Genesis,39,23,
Genesis,40,1,
Genesis,40,2,
Genesis,40,3,
Genesis,40,4,
Genesis,40,5,
Genesis,40,6,
Genesis,40,7,
Genesis,40,8,
Genesis,40,9,
Genesis,40,10,
Genesis,40,11,
Genesis,40,12,
Genesis,40,13,
Genesis,40,14,
Genesis,40,15,
Genesis,40,16,
Genesis,40,17,
Genesis,40,18,
Genesis,40,19,
Genesis,40,20,
Genesis,40,21,
Genesis,40,22,
Genesis,40,23,
Genesis,41,1,
Genesis,41,2,
Genesis,41,3,
Genesis,41,4,
Genesis,41,5,
Genesis,41,6,
Genesis,41,7,
Genesis,41,8,
Genesis,41,9,
Genesis,41,10,
Genesis,41,11,
Genesis,41,12,
Genesis,41,13,
Genesis,41,14,
Genesis,41,15,
Genesis,41,16,
Genesis,41,17,
Genesis,41,18,
Genesis,41,19,
Genesis,41,20,
Genesis,41,21,
Genesis,41,22,
Genesis,41,23,
Genesis,41,24,
Genesis,41,25,
Genesis,41,26,
Genesis,41,27,
Genesis,41,28,
Genesis,41,29,
Genesis,41,30,
Genesis,41,31,
Genesis,41,32,
Genesis,41,33,
Genesis,41,34,
Genesis,41,35,
Genesis,41,36,
Genesis,41,37,
Genesis,41,38,
Genesis,41,39,
Genesis,41,40,
Genesis,41,41,
Genesis,41,42,
Genesis,41,43,
Genesis,41,44,
Genesis,41,45,
Genesis,41,46,
Genesis,41,47,
Genesis,41,48,
Genesis,41,49,
Genesis,41,50,
Genesis,41,51,
Genesis,41,52,
Genesis,41,53,
Genesis,41,54,
Genesis,41,55,
Genesis,41,56,
Genesis,41,57,
Genesis,42,1,
Genesis,42,2,
Genesis,42,3,
Genesis,42,4,
Genesis,42,5,
Genesis,42,6,
Genesis,42,7,
Genesis,42,8,
Genesis,42,9,
Genesis,42,10,
Genesis,42,11,
Genesis,42,12,
Genesis,42,13,
Genesis,42,14,
Genesis,42,15,
Genesis,42,16,
Genesis,42,17,
Genesis,42,18,
Genesis,42,19,
Genesis,42,20,
Genesis,42,21,
Genesis,42,22,
Genesis,42,23,
Genesis,42,24,
Genesis,42,25,
Genesis,42,26,
Genesis,42,27,
Genesis,42,28,
Genesis,42,29,
Genesis,42,30,
Genesis,42,31,
Genesis,42,32,
Genesis,42,33,
Genesis,42,34,
Genesis,42,35,
Genesis,42,36,
Genesis,42,37,
Genesis,42,38,
Genesis,43,1,
Genesis,43,2,
Genesis,43,3,
Genesis,43,4,
Genesis,43,5,
Genesis,43,6,
Genesis,43,7,
Genesis,43,8,
Genesis,43,9,
Genesis,43,10,
Genesis,43,11,
Genesis,43,12,
Genesis,43,13,
Genesis,43,14,
Genesis,43,15,
Genesis,43,16,
Genesis,43,17,
Genesis,43,18,
Genesis,43,19,
Genesis,43,20,
Genesis,43,21,
Genesis,43,22,
Genesis,43,23,
Genesis,43,24,
Genesis,43,25,
Genesis,43,26,
Genesis,43,27,
Genesis,43,28,
Genesis,43,29,
Genesis,43,30,
Genesis,43,31,
Genesis,43,32,
Genesis,43,33,
Genesis,43,34,
Genesis,44,1,
Genesis,44,2,
Genesis,44,3,
Genesis,44,4,
Genesis,44,5,
Genesis,44,6,
Genesis,44,7,
Genesis,44,8,
Genesis,44,9,
Genesis,44,10,
Genesis,44,11,
Genesis,44,12,
Genesis,44,13,
Genesis,44,14,
Genesis,44,15,
Genesis,44,16,
Genesis,44,17,
Genesis,44,18,
Genesis,44,19,
Genesis,44,20,
Genesis,44,21,
Genesis,44,22,
Genesis,44,23,
Genesis,44,24,
Genesis,44,25,
Genesis,44,26,
Genesis,44,27,
Genesis,44,28,
Genesis,44,29,
Genesis,44,30,
Genesis,44,31,
Genesis,44,32,
Genesis,44,33,
Genesis,44,34,
Genesis,45,1,
Genesis,45,2,
Genesis,45,3,
Genesis,45,4,
Genesis,45,5,
Genesis,45,6,
Genesis,45,7,
Genesis,45,8,
Genesis,45,9,
Genesis,45,10,
Genesis,45,11,
Genesis,45,12,
Genesis,45,13,
Genesis,45,14,
Genesis,45,15,
Genesis,45,16,
Genesis,45,17,
Genesis,45,18,
Genesis,45,19,
Genesis,45,20,
Genesis,45,21,
Genesis,45,22,
Genesis,45,23,
Genesis,45,24,
Genesis,45,25,
Genesis,45,26,
Genesis,45,27,
Genesis,45,28,
Genesis,46,1,
Genesis,46,2,
Genesis,46,3,
Genesis,46,4,
Genesis,46,5,
Genesis,46,6,
Genesis,46,7,
Genesis,46,8,
Genesis,46,9,
Genesis,46,10,
Genesis,46,11,
Genesis,46,12,
Genesis,46,13,
Genesis,46,14,
Genesis,46,15,
Genesis,46,16,
Genesis,46,17,
Genesis,46,18,
Genesis,46,19,
Genesis,46,20,
Genesis,46,21,
Genesis,46,22,
Genesis,46,23,
Genesis,46,24,
Genesis,46,25,
Genesis,46,26,
Genesis,46,27,
Genesis,46,28,
Genesis,46,29,
Genesis,46,30,
Genesis,46,31,
Genesis,46,32,
Genesis,46,33,
Genesis,46,34,
Genesis,47,1,
Genesis,47,2,
Genesis,47,3,
Genesis,47,4,
Genesis,47,5,
Genesis,47,6,
Genesis,47,7,
Genesis,47,8,
Genesis,47,9,
Genesis,47,10,
Genesis,47,11,
Genesis,47,12,
Genesis,47,13,
Genesis,47,14,
Genesis,47,15,
Genesis,47,16,
Genesis,47,17,
Genesis,47,18,
Genesis,47,19,
Genesis,47,20,
Genesis,47,21,
Genesis,47,22,
Genesis,47,23,
Genesis,47,24,
Genesis,47,25,
Genesis,47,26,
Genesis,47,27,
Genesis,47,28,
Genesis,47,29,
Genesis,47,30,
Genesis,47,31,
Genesis,48,1,
Genesis,48,2,
Genesis,48,3,
Genesis,48,4,
Genesis,48,5,
Genesis,48,6,
Genesis,48,7,
Genesis,48,8,
Genesis,48,9,
Genesis,48,10,
Genesis,48,11,
Genesis,48,12,
Genesis,48,13,
Genesis,48,14,
Genesis,48,15,
Genesis,48,16,
Genesis,48,17,
Genesis,48,18,
Genesis,48,19,
Genesis,48,20,
Genesis,48,21,
Genesis,48,22,
Genesis,49,1,
Genesis,49,2,
Genesis,49,3,
Genesis,49,4,
Genesis,49,5,
Genesis,49,6,
Genesis,49,7,
Genesis,49,8,
Genesis,49,9,
Genesis,49,10,
Genesis,49,11,
Genesis,49,12,
Genesis,49,13,
Genesis,49,14,
Genesis,49,15,
Genesis,49,16,
Genesis,49,17,
Genesis,49,18,
Genesis,49,19,
Genesis,49,20,
Genesis,49,21,
Genesis,49,22,
Genesis,49,23,
Genesis,49,24,
Genesis,49,25,
Genesis,49,26,
Genesis,49,27,
Genesis,49,28,
Genesis,49,29,
Genesis,49,30,
Genesis,49,31,
Genesis,49,32,
Genesis,49,33,
Genesis,50,1,
Genesis,50,2,
Genesis,50,3,
Genesis,50,4,
Genesis,50,5,
Genesis,50,6,
Genesis,50,7,
Genesis,50,8,
Genesis,50,9,
Genesis,50,10,
Genesis,50,11,
Genesis,50,12,
Genesis,50,13,
Genesis,50,14,
Genesis,50,15,
Genesis,50,16,
Genesis,50,17,
Genesis,50,18,
Genesis,50,19,
Genesis,50,20,
Genesis,50,21,
Genesis,50,22,
Genesis,50,23,
Genesis,50,24,
Genesis,50,25,
Genesis,50,26,
Exodus,1,1,
Exodus,1,2,
Exodus,1,3,
Exodus,1,4,
Exodus,1,5,
Exodus,1,6,
Exodus,1,7,
Exodus,1,8,
Exodus,1,9,
Exodus,1,10,
Exodus,1,11,
Exodus,1,12,
Exodus,1,13,
Exodus,1,14,
Exodus,1,15,
Exodus,1,16,
Exodus,1,17,
Exodus,1,18,
Exodus,1,19,
Exodus,1,20,
Exodus,1,21,
Exodus,1,22,
Exodus,2,1,
Exodus,2,2,
Exodus,2,3,
Exodus,2,4,
Exodus,2,5,
Exodus,2,6,
Exodus,2,7,
Exodus,2,8,
Exodus,2,9,
Exodus,2,10,
Exodus,2,11,
Exodus,2,12,
Exodus,2,13,
Exodus,2,14,
Exodus,2,15,
Exodus,2,16,
Exodus,2,17,
Exodus,2,18,
Exodus,2,19,
Exodus,2,20,
Exodus,2,21,
Exodus,2,22,
Exodus,2,23,
Exodus,2,24,
Exodus,2,25,
Exodus,3,1,
Exodus,3,2,
Exodus,3,3,
Exodus,3,4,
Exodus,3,5,
Exodus,3,6,
Exodus,3,7,
Exodus,3,8,
Exodus,3,9,
Exodus,3,10,
Exodus,3,11,
Exodus,3,12,
Exodus,3,13,
Exodus,3,14,
Exodus,3,15,
Exodus,3,16,
Exodus,3,17,
Exodus,3,18,
Exodus,3,19,
Exodus,3,20,
Exodus,3,21,
Exodus,3,22,
Exodus,4,1,
Exodus,4,2,
Exodus,4,3,
Exodus,4,4,
Exodus,4,5,
Exodus,4,6,
Exodus,4,7,
Exodus,4,8,
Exodus,4,9,
Exodus,4,10,
Exodus,4,11,
Exodus,4,12,
Exodus,4,13,
Exodus,4,14,
Exodus,4,15,
Exodus,4,16,
Exodus,4,17,
Exodus,4,18,
Exodus,4,19,
Exodus,4,20,
Exodus,4,21,
Exodus,4,22,
Exodus,4,23,
Exodus,4,24,
Exodus,4,25,
Exodus,4,26,
Exodus,4,27,
Exodus,4,28,
Exodus,4,29,
Exodus,4,30,
Exodus,4,31,
Exodus,5,1,
Exodus,5,2,
Exodus,5,3,
Exodus,5,4,
Exodus,5,5,
Exodus,5,6,
Exodus,5,7,
Exodus,5,8,
Exodus,5,9,
Exodus,5,10,
Exodus,5,11,
Exodus,5,12,
Exodus,5,13,
Exodus,5,14,
Exodus,5,15,
Exodus,5,16,
Exodus,5,17,
Exodus,5,18,
Exodus,5,19,
Exodus,5,20,
Exodus,5,21,
Exodus,5,22,
Exodus,5,23,
Exodus,6,1,
Exodus,6,2,
Exodus,6,3,
Exodus,6,4,
Exodus,6,5,
Exodus,6,6,
Exodus,6,7,
Exodus,6,8,
Exodus,6,9,
Exodus,6,10,
Exodus,6,11,
Exodus,6,12,
Exodus,6,13,
Exodus,6,14,
Exodus,6,15,
Exodus,6,16,
Exodus,6,17,
Exodus,6,18,
Exodus,6,19,
Exodus,6,20,
Exodus,6,21,
Exodus,6,22,
Exodus,6,23,
Exodus,6,24,
Exodus,6,25,
Exodus,6,26,
Exodus,6,27,
Exodus,6,28,
Exodus,6,29,
Exodus,6,30,
Exodus,7,1,
Exodus,7,2,
Exodus,7,3,
Exodus,7,4,
Exodus,7,5,
Exodus,7,6,
Exodus,7,7,
Exodus,7,8,
Exodus,7,9,
Exodus,7,10,
Exodus,7,11,
Exodus,7,12,
Exodus,7,13,
Exodus,7,14,
Exodus,7,15,
Exodus,7,16,
Exodus,7,17,
Exodus,7,18,
Exodus,7,19,
Exodus,7,20,
Exodus,7,21,
Exodus,7,22,
Exodus,7,23,
Exodus,7,24,
Exodus,7,25,
Exodus,8,1,
Exodus,8,2,
Exodus,8,3,
Exodus,8,4,
Exodus,8,5,
Exodus,8,6,
Exodus,8,7,
Exodus,8,8,
Exodus,8,9,
Exodus,8,10,
Exodus,8,11,
Exodus,8,12,
Exodus,8,13,
Exodus,8,14,
Exodus,8,15,
Exodus,8,16,
Exodus,8,17,
Exodus,8,18,
Exodus,8,19,
Exodus,8,20,
Exodus,8,21,
Exodus,8,22,
Exodus,8,23,
Exodus,8,24,
Exodus,8,25,
Exodus,8,26,
Exodus,8,27,
Exodus,8,28,
Exodus,8,29,
Exodus,8,30,
Exodus,8,31,
Exodus,8,32,
Exodus,9,1,
Exodus,9,2,
Exodus,9,3,
Exodus,9,4,
Exodus,9,5,
Exodus,9,6,
Exodus,9,7,
Exodus,9,8,
Exodus,9,9,
Exodus,9,10,
Exodus,9,11,
Exodus,9,12,
Exodus,9,13,
Exodus,9,14,
Exodus,9,15,
Exodus,9,16,
Exodus,9,17,
Exodus,9,18,
Exodus,9,19,
Exodus,9,20,
Exodus,9,21,
Exodus,9,22,
Exodus,9,23,
Exodus,9,24,
Exodus,9,25,
Exodus,9,26,
Exodus,9,27,
Exodus,9,28,
Exodus,9,29,
Exodus,9,30,
Exodus,9,31,
Exodus,9,32,
Exodus,9,33,
Exodus,9,34,
Exodus,9,35,
Exodus,10,1,
Exodus,10,2,
Exodus,10,3,
Exodus,10,4,
Exodus,10,5,
Exodus,10,6,
Exodus,10,7,
Exodus,10,8,
Exodus,10,9,
Exodus,10,10,
Exodus,10,11,
Exodus,10,12,
Exodus,10,13,
Exodus,10,14,
Exodus,10,15,
Exodus,10,16,
Exodus,10,17,
Exodus,10,18,
Exodus,10,19,
Exodus,10,20,
Exodus,10,21,
Exodus,10,22,
Exodus,10,23,
Exodus,10,24,
Exodus,10,25,
Exodus,10,26,
Exodus,10,27,
Exodus,10,28,
Exodus,10,29,
Exodus,11,1,
Exodus,11,2,
Exodus,11,3,
Exodus,11,4,
Exodus,11,5,
Exodus,11,6,
Exodus,11,7,
Exodus,11,8,
Exodus,11,9,
Exodus,11,10,
Exodus,12,1,
Exodus,12,2,
Exodus,12,3,
Exodus,12,4,
Exodus,12,5,
Exodus,12,6,
Exodus,12,7,
Exodus,12,8,
Exodus,12,9,
Exodus,12,10,
Exodus,12,11,
Exodus,12,12,
Exodus,12,13,
Exodus,12,14,
Exodus,12,15,
Exodus,12,16,
Exodus,12,17,
Exodus,12,18,
Exodus,12,19,
Exodus,12,20,
Exodus,12,21,
Exodus,12,22,
Exodus,12,23,
Exodus,12,24,
Exodus,12,25,
Exodus,12,26,
Exodus,12,27,
Exodus,12,28,
Exodus,12,29,
Exodus,12,30,
Exodus,12,31,
Exodus,12,32,
Exodus,12,33,
Exodus,12,34,
Exodus,12,35,
Exodus,12,36,
Exodus,12,37,
Exodus,12,38,
Exodus,12,39,
Exodus,12,40,
Exodus,12,41,
Exodus,12,42,
Exodus,12,43,
Exodus,12,44,
Exodus,12,45,
Exodus,12,46,
Exodus,12,47,
Exodus,12,48,
Exodus,12,49,
Exodus,12,50,
Exodus,12,51,
Exodus,13,1,
Exodus,13,2,
Exodus,13,3,
Exodus,13,4,
Exodus,13,5,
Exodus,13,6,
Exodus,13,7,
Exodus,13,8,
Exodus,13,9,
Exodus,13,10,
Exodus,13,11,
Exodus,13,12,
Exodus,13,13,
Exodus,13,14,
Exodus,13,15,
Exodus,13,16,
Exodus,13,17,
Exodus,13,18,
Exodus,13,19,
Exodus,13,20,
Exodus,13,21,
Exodus,13,22,
Exodus,14,1,
Exodus,14,2,
Exodus,14,3,
Exodus,14,4,
Exodus,14,5,
Exodus,14,6,
Exodus,14,7,
Exodus,14,8,
Exodus,14,9,
Exodus,14,10,
Exodus,14,11,
Exodus,14,12,
Exodus,14,13,
Exodus,14,14,
Exodus,14,15,
Exodus,14,16,
Exodus,14,17,
Exodus,14,18,
Exodus,14,19,
Exodus,14,20,
Exodus,14,21,
Exodus,14,22,
Exodus,14,23,
Exodus,14,24,
Exodus,14,25,
Exodus,14,26,
Exodus,14,27,
Exodus,14,28,
Exodus,14,29,
Exodus,14,30,
Exodus,14,31,
Exodus,15,1,
Exodus,15,2,
Exodus,15,3,
Exodus,15,4,
Exodus,15,5,
Exodus,15,6,
Exodus,15,7,
Exodus,15,8,
Exodus,15,9,
Exodus,15,10,
Exodus,15,11,
Exodus,15,12,
Exodus,15,13,
Exodus,15,14,
Exodus,15,15,
Exodus,15,16,
Exodus,15,17,
Exodus,15,18,
Exodus,15,19,
Exodus,15,20,
Exodus,15,21,
Exodus,15,22,
Exodus,15,23,
Exodus,15,24,
Exodus,15,25,
Exodus,15,26,
Exodus,15,27,
Exodus,16,1,
Exodus,16,2,
Exodus,16,3,
Exodus,16,4,
Exodus,16,5,
Exodus,16,6,
Exodus,16,7,
Exodus,16,8,
Exodus,16,9,
Exodus,16,10,
Exodus,16,11,
Exodus,16,12,
Exodus,16,13,
Exodus,16,14,
Exodus,16,15,
Exodus,16,16,
Exodus,16,17,
Exodus,16,18,
Exodus,16,19,
Exodus,16,20,
Exodus,16,21,
Exodus,16,22,
Exodus,16,23,
Exodus,16,24,
Exodus,16,25,
Exodus,16,26,
Exodus,16,27,
Exodus,16,28,
Exodus,16,29,
Exodus,16,30,
Exodus,16,31,
Exodus,16,32,
Exodus,16,33,
Exodus,16,34,
Exodus,16,35,
Exodus,16,36,
Exodus,17,1,
Exodus,17,2,
Exodus,17,3,
Exodus,17,4,
Exodus,17,5,
Exodus,17,6,
Exodus,17,7,
Exodus,17,8,
Exodus,17,9,
Exodus,17,10,
Exodus,17,11,
Exodus,17,12,
Exodus,17,13,
Exodus,17,14,
Exodus,17,15,
Exodus,17,16,
Exodus,18,1,
Exodus,18,2,
Exodus,18,3,
Exodus,18,4,
Exodus,18,5,
Exodus,18,6,
Exodus,18,7,
Exodus,18,8,
Exodus,18,9,
Exodus,18,10,
Exodus,18,11,
Exodus,18,12,
Exodus,18,13,
Exodus,18,14,
Exodus,18,15,
Exodus,18,16,
Exodus,18,17,
Exodus,18,18,
Exodus,18,19,
Exodus,18,20,
Exodus,18,21,
Exodus,18,22,
Exodus,18,23,
Exodus,18,24,
Exodus,18,25,
Exodus,18,26,
Exodus,18,27,
Exodus,19,1,
Exodus,19,2,
Exodus,19,3,
Exodus,19,4,
Exodus,19,5,
Exodus,19,6,
Exodus,19,7,
Exodus,19,8,
Exodus,19,9,
Exodus,19,10,
Exodus,19,11,
Exodus,19,12,
Exodus,19,13,
Exodus,19,14,
Exodus,19,15,
Exodus,19,16,
Exodus,19,17,
Exodus,19,18,
Exodus,19,19,
Exodus,19,20,
Exodus,19,21,
Exodus,19,22,
Exodus,19,23,
Exodus,19,24,
Exodus,19,25,
Exodus,20,1,
Exodus,20,2,
Exodus,20,3,
Exodus,20,4,
Exodus,20,5,
Exodus,20,6,
Exodus,20,7,
Exodus,20,8,
Exodus,20,9,
Exodus,20,10,
Exodus,20,11,
Exodus,20,12,
Exodus,20,13,
Exodus,20,14,
Exodus,20,15,
Exodus,20,16,
Exodus,20,17,
Exodus,20,18,
Exodus,20,19,
Exodus,20,20,
Exodus,20,21,
Exodus,20,22,
Exodus,20,23,
Exodus,20,24,
Exodus,20,25,
Exodus,20,26,
Exodus,21,1,
Exodus,21,2,
Exodus,21,3,
Exodus,21,4,
Exodus,21,5,
Exodus,21,6,
Exodus,21,7,
Exodus,21,8,
Exodus,21,9,
Exodus,21,10,
Exodus,21,11,
Exodus,21,12,
Exodus,21,13,
Exodus,21,14,
Exodus,21,15,
Exodus,21,16,
Exodus,21,17,
Exodus,21,18,
Exodus,21,19,
Exodus,21,20,
Exodus,21,21,
Exodus,21,22,
Exodus,21,23,
Exodus,21,24,
Exodus,21,25,
Exodus,21,26,
Exodus,21,27,
Exodus,21,28,
Exodus,21,29,
Exodus,21,30,
Exodus,21,31,
Exodus,21,32,
Exodus,21,33,
Exodus,21,34,
Exodus,21,35,
Exodus,21,36,
Exodus,22,1,
Exodus,22,2,
Exodus,22,3,
Exodus,22,4,
Exodus,22,5,
Exodus,22,6,
Exodus,22,7,
Exodus,22,8,
Exodus,22,9,
Exodus,22,10,
Exodus,22,11,
Exodus,22,12,
Exodus,22,13,
Exodus,22,14,
Exodus,22,15,
Exodus,22,16,
Exodus,22,17,
Exodus,22,18,
Exodus,22,19,
Exodus,22,20,
Exodus,22,21,
Exodus,22,22,
Exodus,22,23,
Exodus,22,24,
Exodus,22,25,
Exodus,22,26,
Exodus,22,27,
Exodus,22,28,
Exodus,22,29,
Exodus,22,30,
Exodus,22,31,
Exodus,23,1,
Exodus,23,2,
Exodus,23,3,
Exodus,23,4,
Exodus,23,5,
Exodus,23,6,
Exodus,23,7,
Exodus,23,8,
Exodus,23,9,
Exodus,23,10,
Exodus,23,11,
Exodus,23,12,
Exodus,23,13,
Exodus,23,14,
Exodus,23,15,
Exodus,23,16,
Exodus,23,17,
Exodus,23,18,
Exodus,23,19,
Exodus,23,20,
Exodus,23,21,
Exodus,23,22,
Exodus,23,23,
Exodus,23,24,
Exodus,23,25,
Exodus,23,26,
Exodus,23,27,
Exodus,23,28,
Exodus,23,29,
Exodus,23,30,
Exodus,23,31,
Exodus,23,32,
Exodus,23,33,
Exodus,24,1,
Exodus,24,2,
Exodus,24,3,
Exodus,24,4,
Exodus,24,5,
Exodus,24,6,
Exodus,24,7,
Exodus,24,8,
Exodus,24,9,
Exodus,24,10,
Exodus,24,11,
Exodus,24,12,
Exodus,24,13,
Exodus,24,14,
Exodus,24,15,
Exodus,24,16,
Exodus,24,17,
Exodus,24,18,
Exodus,25,1,
Exodus,25,2,
Exodus,25,3,
Exodus,25,4,
Exodus,25,5,
Exodus,25,6,
Exodus,25,7,
Exodus,25,8,
Exodus,25,9,
Exodus,25,10,
Exodus,25,11,
Exodus,25,12,
Exodus,25,13,
Exodus,25,14,
Exodus,25,15,
Exodus,25,16,
Exodus,25,17,
Exodus,25,18,
Exodus,25,19,
Exodus,25,20,
Exodus,25,21,
Exodus,25,22,
Exodus,25,23,
Exodus,25,24,
Exodus,25,25,
Exodus,25,26,
Exodus,25,27,
Exodus,25,28,
Exodus,25,29,
Exodus,25,30,
Exodus,25,31,
Exodus,25,32,
Exodus,25,33,
Exodus,25,34,
Exodus,25,35,
Exodus,25,36,
Exodus,25,37,
Exodus,25,38,
Exodus,25,39,
Exodus,25,40,
Exodus,26,1,
Exodus,26,2,
Exodus,26,3,
Exodus,26,4,
Exodus,26,5,
Exodus,26,6,
Exodus,26,7,
Exodus,26,8,
Exodus,26,9,
Exodus,26,10,
Exodus,26,11,
Exodus,26,12,
Exodus,26,13,
Exodus,26,14,
Exodus,26,15,
Exodus,26,16,
Exodus,26,17,
Exodus,26,18,
Exodus,26,19,
Exodus,26,20,
Exodus,26,21,
Exodus,26,22,
Exodus,26,23,
Exodus,26,24,
Exodus,26,25,
Exodus,26,26,
Exodus,26,27,
Exodus,26,28,
Exodus,26,29,
Exodus,26,30,
Exodus,26,31,
Exodus,26,32,
Exodus,26,33,
Exodus,26,34,
Exodus,26,35,
Exodus,26,36,
Exodus,26,37,
Exodus,27,1,
Exodus,27,2,
Exodus,27,3,
Exodus,27,4,
Exodus,27,5,
Exodus,27,6,
Exodus,27,7,
Exodus,27,8,
Exodus,27,9,
Exodus,27,10,
Exodus,27,11,
Exodus,27,12,
Exodus,27,13,
Exodus,27,14,
Exodus,27,15,
Exodus,27,16,
Exodus,27,17,
Exodus,27,18,
Exodus,27,19,
Exodus,27,20,
Exodus,27,21,
Exodus,28,1,
Exodus,28,2,
Exodus,28,3,
Exodus,28,4,
Exodus,28,5,
Exodus,28,6,
Exodus,28,7,
Exodus,28,8,
Exodus,28,9,
Exodus,28,10,
Exodus,28,11,
Exodus,28,12,
Exodus,28,13,
Exodus,28,14,
Exodus,28,15,
Exodus,28,16,
Exodus,28,17,
Exodus,28,18,
Exodus,28,19,
Exodus,28,20,
Exodus,28,21,
Exodus,28,22,
Exodus,28,23,
Exodus,28,24,
Exodus,28,25,
Exodus,28,26,
Exodus,28,27,
Exodus,28,28,
Exodus,28,29,
Exodus,28,30,
Exodus,28,31,
Exodus,28,32,
Exodus,28,33,
Exodus,28,34,
Exodus,28,35,
Exodus,28,36,
Exodus,28,37,
Exodus,28,38,
Exodus,28,39,
Exodus,28,40,
Exodus,28,41,
Exodus,28,42,
Exodus,28,43,
Exodus,29,1,
Exodus,29,2,
Exodus,29,3,
Exodus,29,4,
Exodus,29,5,
Exodus,29,6,
Exodus,29,7,
Exodus,29,8,
Exodus,29,9,
Exodus,29,10,
Exodus,29,11,
Exodus,29,12,
Exodus,29,13,
Exodus,29,14,
Exodus,29,15,
Exodus,29,16,
Exodus,29,17,
Exodus,29,18,
Exodus,29,19,
Exodus,29,20,
Exodus,29,21,
Exodus,29,22,
Exodus,29,23,
Exodus,29,24,
Exodus,29,25,
Exodus,29,26,
Exodus,29,27,
Exodus,29,28,
Exodus,29,29,
Exodus,29,30,
Exodus,29,31,
Exodus,29,32,
Exodus,29,33,
Exodus,29,34,
Exodus,29,35,
Exodus,29,36,
Exodus,29,37,
Exodus,29,38,
Exodus,29,39,
Exodus,29,40,
Exodus,29,41,
Exodus,29,42,
Exodus,29,43,
Exodus,29,44,
Exodus,29,45,
Exodus,29,46,
Exodus,30,1,
Exodus,30,2,
Exodus,30,3,
Exodus,30,4,
Exodus,30,5,
Exodus,30,6,
Exodus,30,7,
Exodus,30,8,
Exodus,30,9,
Exodus,30,10,
Exodus,30,11,
Exodus,30,12,
Exodus,30,13,
Exodus,30,14,
Exodus,30,15,
Exodus,30,16,
Exodus,30,17,
Exodus,30,18,
Exodus,30,19,
Exodus,30,20,
Exodus,30,21,
Exodus,30,22,
Exodus,30,23,
Exodus,30,24,
Exodus,30,25,
Exodus,30,26,
Exodus,30,27,
Exodus,30,28,
Exodus,30,29,
Exodus,30,30,
Exodus,30,31,
Exodus,30,32,
Exodus,30,33,
Exodus,30,34,
Exodus,30,35,
Exodus,30,36,
Exodus,30,37,
Exodus,30,38,
Exodus,31,1,
Exodus,31,2,
Exodus,31,3,
Exodus,31,4,
Exodus,31,5,
Exodus,31,6,
Exodus,31,7,
Exodus,31,8,
Exodus,31,9,
Exodus,31,10,
Exodus,31,11,
Exodus,31,12,
Exodus,31,13,
Exodus,31,14,
Exodus,31,15,
Exodus,31,16,
Exodus,31,17,
Exodus,31,18,
Exodus,32,1,
Exodus,32,2,
Exodus,32,3,
Exodus,32,4,
Exodus,32,5,
Exodus,32,6,
Exodus,32,7,
Exodus,32,8,
Exodus,32,9,
Exodus,32,10,
Exodus,32,11,
Exodus,32,12,
Exodus,32,13,
Exodus,32,14,
Exodus,32,15,
Exodus,32,16,
Exodus,32,17,
Exodus,32,18,
Exodus,32,19,
Exodus,32,20,
Exodus,32,21,
Exodus,32,22,
Exodus,32,23,
Exodus,32,24,
Exodus,32,25,
Exodus,32,26,
Exodus,32,27,
Exodus,32,28,
Exodus,32,29,
Exodus,32,30,
Exodus,32,31,
Exodus,32,32,
Exodus,32,33,
Exodus,32,34,
Exodus,32,35,
Exodus,33,1,
Exodus,33,2,
Exodus,33,3,
Exodus,33,4,
Exodus,33,5,
Exodus,33,6,
Exodus,33,7,
Exodus,33,8,
Exodus,33,9,
Exodus,33,10,
Exodus,33,11,
Exodus,33,12,
Exodus,33,13,
Exodus,33,14,
Exodus,33,15,
Exodus,33,16,
Exodus,33,17,
Exodus,33,18,
Exodus,33,19,
Exodus,33,20,
Exodus,33,21,
Exodus,33,22,
Exodus,33,23,
Exodus,34,1,
Exodus,34,2,
Exodus,34,3,
Exodus,34,4,
Exodus,34,5,
Exodus,34,6,
Exodus,34,7,
Exodus,34,8,
Exodus,34,9,
Exodus,34,10,
Exodus,34,11,
Exodus,34,12,
Exodus,34,13,
Exodus,34,14,
Exodus,34,15,
Exodus,34,16,
Exodus,34,17,
Exodus,34,18,
Exodus,34,19,
Exodus,34,20,
Exodus,34,21,
Exodus,34,22,
Exodus,34,23,
Exodus,34,24,
Exodus,34,25,
Exodus,34,26,
Exodus,34,27,
Exodus,34,28,
Exodus,34,29,
Exodus,34,30,
Exodus,34,31,
Exodus,34,32,
Exodus,34,33,
Exodus,34,34,
Exodus,34,35,
Exodus,35,1,
Exodus,35,2,
Exodus,35,3,
Exodus,35,4,
Exodus,35,5,
Exodus,35,6,
Exodus,35,7,
Exodus,35,8,
Exodus,35,9,
Exodus,35,10,
Exodus,35,11,
Exodus,35,12,
Exodus,35,13,
Exodus,35,14,
Exodus,35,15,
Exodus,35,16,
Exodus,35,17,
Exodus,35,18,
Exodus,35,19,
Exodus,35,20,
Exodus,35,21,
Exodus,35,22,
Exodus,35,23,
Exodus,35,24,
Exodus,35,25,
Exodus,35,26,
Exodus,35,27,
Exodus,35,28,
Exodus,35,29,
Exodus,35,30,
Exodus,35,31,
Exodus,35,32,
Exodus,35,33,
Exodus,35,34,
Exodus,35,35,
Exodus,36,1,
Exodus,36,2,
Exodus,36,3,
Exodus,36,4,
Exodus,36,5,
Exodus,36,6,
Exodus,36,7,
Exodus,36,8,
Exodus,36,9,
Exodus,36,10,
Exodus,36,11,
Exodus,36,12,
Exodus,36,13,
Exodus,36,14,
Exodus,36,15,
Exodus,36,16,
Exodus,36,17,
Exodus,36,18,
Exodus,36,19,
Exodus,36,20,
Exodus,36,21,
Exodus,36,22,
Exodus,36,23,
Exodus,36,24,
Exodus,36,25,
Exodus,36,26,
Exodus,36,27,
Exodus,36,28,
Exodus,36,29,
Exodus,36,30,
Exodus,36,31,
Exodus,36,32,
Exodus,36,33,
Exodus,36,34,
Exodus,36,35,
Exodus,36,36,
Exodus,36,37,
Exodus,36,38,
Exodus,37,1,
Exodus,37,2,
Exodus,37,3,
Exodus,37,4,
Exodus,37,5,
Exodus,37,6,
Exodus,37,7,
Exodus,37,8,
Exodus,37,9,
Exodus,37,10,
Exodus,37,11,
Exodus,37,12,
Exodus,37,13,
Exodus,37,14,
Exodus,37,15,
Exodus,37,16,
Exodus,37,17,
Exodus,37,18,
Exodus,37,19,
Exodus,37,20,
Exodus,37,21,
Exodus,37,22,
Exodus,37,23,
Exodus,37,24,
Exodus,37,25,
Exodus,37,26,
Exodus,37,27,
Exodus,37,28,
Exodus,37,29,
Exodus,38,1,
Exodus,38,2,
Exodus,38,3,
Exodus,38,4,
Exodus,38,5,
Exodus,38,6,
Exodus,38,7,
Exodus,38,8,
Exodus,38,9,
Exodus,38,10,
Exodus,38,11,
Exodus,38,12,
Exodus,38,13,
Exodus,38,14,
Exodus,38,15,
Exodus,38,16,
Exodus,38,17,
Exodus,38,18,
Exodus,38,19,
Exodus,38,20,
Exodus,38,21,
Exodus,38,22,
Exodus,38,23,
Exodus,38,24,
Exodus,38,25,
Exodus,38,26,
Exodus,38,27,
Exodus,38,28,
Exodus,38,29,
Exodus,38,30,
Exodus,38,31,
Exodus,39,1,
Exodus,39,2,
Exodus,39,3,
Exodus,39,4,
Exodus,39,5,
Exodus,39,6,
Exodus,39,7,
Exodus,39,8,
Exodus,39,9,
Exodus,39,10,
Exodus,39,11,
Exodus,39,12,
Exodus,39,13,
Exodus,39,14,
Exodus,39,15,
Exodus,39,16,
Exodus,39,17,
Exodus,39,18,
Exodus,39,19,
Exodus,39,20,
Exodus,39,21,
Exodus,39,22,
Exodus,39,23,
Exodus,39,24,
Exodus,39,25,
Exodus,39,26,
Exodus,39,27,
Exodus,39,28,
Exodus,39,29,
Exodus,39,30,
Exodus,39,31,
Exodus,39,32,
Exodus,39,33,
Exodus,39,34,
Exodus,39,35,
Exodus,39,36,
Exodus,39,37,
Exodus,39,38,
Exodus,39,39,
Exodus,39,40,
Exodus,39,41,
Exodus,39,42,
Exodus,39,43,
Exodus,40,1,
Exodus,40,2,
Exodus,40,3,
Exodus,40,4,
Exodus,40,5,
Exodus,40,6,
Exodus,40,7,
Exodus,40,8,
Exodus,40,9,
Exodus,40,10,
Exodus,40,11,
Exodus,40,12,
Exodus,40,13,
Exodus,40,14,
Exodus,40,15,
Exodus,40,16,
Exodus,40,17,
Exodus,40,18,
Exodus,40,19,
Exodus,40,20,
Exodus,40,21,
Exodus,40,22,
Exodus,40,23,
Exodus,40,24,
Exodus,40,25,
Exodus,40,26,
Exodus,40,27,
Exodus,40,28,
Exodus,40,29,
Exodus,40,30,
Exodus,40,31,
Exodus,40,32,
Exodus,40,33,
Exodus,40,34,
Exodus,40,35,
Exodus,40,36,
Exodus,40,37,
Exodus,40,38,
Leviticus,1,1,
Leviticus,1,2,
Leviticus,1,3,
Leviticus,1,4,
Leviticus,1,5,
Leviticus,1,6,
Leviticus,1,7,
Leviticus,1,8,
Leviticus,1,9,
Leviticus,1,10,
Leviticus,1,11,
Leviticus,1,12,
Leviticus,1,13,
Leviticus,1,14,
Leviticus,1,15,
Leviticus,1,16,
Leviticus,1,17,
Leviticus,2,1,
Leviticus,2,2,
Leviticus,2,3,
Leviticus,2,4,
Leviticus,2,5,
Leviticus,2,6,
Leviticus,2,7,
Leviticus,2,8,
Leviticus,2,9,
Leviticus,2,10,
Leviticus,2,11,
Leviticus,2,12,
Leviticus,2,13,
Leviticus,2,14,
Leviticus,2,15,
Leviticus,2,16,
Leviticus,3,1,
Leviticus,3,2,
Leviticus,3,3,
Leviticus,3,4,
Leviticus,3,5,
Leviticus,3,6,
Leviticus,3,7,
Leviticus,3,8,
Leviticus,3,9,
Leviticus,3,10,
Leviticus,3,11,
Leviticus,3,12,
Leviticus,3,13,
Leviticus,3,14,
Leviticus,3,15,
Leviticus,3,16,
Leviticus,3,17,
Leviticus,4,1,
Leviticus,4,2,
Leviticus,4,3,
Leviticus,4,4,
Leviticus,4,5,
Leviticus,4,6,
Leviticus,4,7,
Leviticus,4,8,
Leviticus,4,9,
Leviticus,4,10,
Leviticus,4,11,
Leviticus,4,12,
Leviticus,4,13,
Leviticus,4,14,
Leviticus,4,15,
Leviticus,4,16,
Leviticus,4,17,
Leviticus,4,18,
Leviticus,4,19,
Leviticus,4,20,
Leviticus,4,21,
Leviticus,4,22,
Leviticus,4,23,
Leviticus,4,24,
Leviticus,4,25,
Leviticus,4,26,
Leviticus,4,27,
Leviticus,4,28,
Leviticus,4,29,
Leviticus,4,30,
Leviticus,4,31,
Leviticus,4,32,
Leviticus,4,33,
Leviticus,4,34,
Leviticus,4,35,
Leviticus,5,1,
Leviticus,5,2,
Leviticus,5,3,
Leviticus,5,4,
Leviticus,5,5,
Leviticus,5,6,
Leviticus,5,7,
Leviticus,5,8,
Leviticus,5,9,
Leviticus,5,10,
Leviticus,5,11,
Leviticus,5,12,
Leviticus,5,13,
Leviticus,5,14,
Leviticus,5,15,
Leviticus,5,16,
Leviticus,5,17,
Leviticus,5,18,
Leviticus,5,19,
Leviticus,6,1,
Leviticus,6,2,
Leviticus,6,3,
Leviticus,6,4,
Leviticus,6,5,
Leviticus,6,6,
Leviticus,6,7,
Leviticus,6,8,
Leviticus,6,9,
Leviticus,6,10,
Leviticus,6,11,
Leviticus,6,12,
Leviticus,6,13,
Leviticus,6,14,
Leviticus,6,15,
Leviticus,6,16,
Leviticus,6,17,
Leviticus,6,18,
Leviticus,6,19,
Leviticus,6,20,
Leviticus,6,21,
Leviticus,6,22,
Leviticus,6,23,
Leviticus,6,24,
Leviticus,6,25,
Leviticus,6,26,
Leviticus,6,27,
Leviticus,6,28,
Leviticus,6,29,
Leviticus,6,30,
Leviticus,7,1,
Leviticus,7,2,
Leviticus,7,3,
Leviticus,7,4,
Leviticus,7,5,
Leviticus,7,6,
Leviticus,7,7,
Leviticus,7,8,
Leviticus,7,9,
Leviticus,7,10,
Leviticus,7,11,
Leviticus,7,12,
Leviticus,7,13,
Leviticus,7,14,
Leviticus,7,15,
Leviticus,7,16,
Leviticus,7,17,
Leviticus,7,18,
Leviticus,7,19,
Leviticus,7,20,
Leviticus,7,21,
Leviticus,7,22,
Leviticus,7,23,
Leviticus,7,24,
Leviticus,7,25,
Leviticus,7,26,
Leviticus,7,27,
Leviticus,7,28,
Leviticus,7,29,
Leviticus,7,30,
Leviticus,7,31,
Leviticus,7,32,
Leviticus,7,33,
Leviticus,7,34,
Leviticus,7,35,
Leviticus,7,36,
Leviticus,7,37,
Leviticus,7,38,
Leviticus,8,1,
Leviticus,8,2,
Leviticus,8,3,
Leviticus,8,4,
Leviticus,8,5,
Leviticus,8,6,
Leviticus,8,7,
Leviticus,8,8,
Leviticus,8,9,
Leviticus,8,10,
Leviticus,8,11,
Leviticus,8,12,
Leviticus,8,13,
Leviticus,8,14,
Leviticus,8,15,
Leviticus,8,16,
Leviticus,8,17,
Leviticus,8,18,
Leviticus,8,19,
Leviticus,8,20,
Leviticus,8,21,
Leviticus,8,22,
Leviticus,8,23,
Leviticus,8,24,
Leviticus,8,25,
Leviticus,8,26,
Leviticus,8,27,
Leviticus,8,28,
Leviticus,8,29,
Leviticus,8,30,
Leviticus,8,31,
Leviticus,8,32,
Leviticus,8,33,
Leviticus,8,34,
Leviticus,8,35,
Leviticus,8,36,
Leviticus,9,1,
Leviticus,9,2,
Leviticus,9,3,
Leviticus,9,4,
Leviticus,9,5,
Leviticus,9,6,
Leviticus,9,7,
Leviticus,9,8,
Leviticus,9,9,
Leviticus,9,10,
Leviticus,9,11,
Leviticus,9,12,
Leviticus,9,13,
Leviticus,9,14,
Leviticus,9,15,
Leviticus,9,16,
Leviticus,9,17,
Leviticus,9,18,
Leviticus,9,19,
Leviticus,9,20,
Leviticus,9,21,
Leviticus,9,22,
Leviticus,9,23,
Leviticus,9,24,
Leviticus,10,1,
Leviticus,10,2,
Leviticus,10,3,
Leviticus,10,4,
Leviticus,10,5,
Leviticus,10,6,
Leviticus,10,7,
Leviticus,10,8,
Leviticus,10,9,
Leviticus,10,10,
Leviticus,10,11,
Leviticus,10,12,
Leviticus,10,13,
Leviticus,10,14,
Leviticus,10,15,
Leviticus,10,16,
Leviticus,10,17,
Leviticus,10,18,
Leviticus,10,19,
Leviticus,10,20,
Leviticus,11,1,
Leviticus,11,2,
Leviticus,11,3,
Leviticus,11,4,
Leviticus,11,5,
Leviticus,11,6,
Leviticus,11,7,
Leviticus,11,8,
Leviticus,11,9,
Leviticus,11,10,
Leviticus,11,11,
Leviticus,11,12,
Leviticus,11,13,
Leviticus,11,14,
Leviticus,11,15,
Leviticus,11,16,
Leviticus,11,17,
Leviticus,11,18,
Leviticus,11,19,
Leviticus,11,20,
Leviticus,11,21,
Leviticus,11,22,
Leviticus,11,23,
Leviticus,11,24,
Leviticus,11,25,
Leviticus,11,26,
Leviticus,11,27,
Leviticus,11,28,
Leviticus,11,29,
Leviticus,11,30,
Leviticus,11,31,
Leviticus,11,32,
Leviticus,11,33,
Leviticus,11,34,
Leviticus,11,35,
Leviticus,11,36,
Leviticus,11,37,
Leviticus,11,38,
Leviticus,11,39,
Leviticus,11,40,
Leviticus,11,41,
Leviticus,11,42,
Leviticus,11,43,
Leviticus,11,44,
Leviticus,11,45,
Leviticus,11,46,
Leviticus,11,47,
Leviticus,12,1,
Leviticus,12,2,
Leviticus,12,3,
Leviticus,12,4,
Leviticus,12,5,
Leviticus,12,6,
Leviticus,12,7,
Leviticus,12,8,
Leviticus,13,1,
Leviticus,13,2,
Leviticus,13,3,
Leviticus,13,4,
Leviticus,13,5,
Leviticus,13,6,
Leviticus,13,7,
Leviticus,13,8,
Leviticus,13,9,
Leviticus,13,10,
Leviticus,13,11,
Leviticus,13,12,
Leviticus,13,13,
Leviticus,13,14,
Leviticus,13,15,
Leviticus,13,16,
Leviticus,13,17,
Leviticus,13,18,
Leviticus,13,19,
Leviticus,13,20,
Leviticus,13,21,
Leviticus,13,22,
Leviticus,13,23,
Leviticus,13,24,
Leviticus,13,25,
Leviticus,13,26,
Leviticus,13,27,
Leviticus,13,28,
Leviticus,13,29,
Leviticus,13,30,
Leviticus,13,31,
Leviticus,13,32,
Leviticus,13,33,
Leviticus,13,34,
Leviticus,13,35,
Leviticus,13,36,
Leviticus,13,37,
Leviticus,13,38,
Leviticus,13,39,
Leviticus,13,40,
Leviticus,13,41,
Leviticus,13,42,
Leviticus,13,43,
Leviticus,13,44,
Leviticus,13,45,
Leviticus,13,46,
Leviticus,13,47,
Leviticus,13,48,
Leviticus,13,49,
Leviticus,13,50,
Leviticus,13,51,
Leviticus,13,52,
Leviticus,13,53,
Leviticus,13,54,
Leviticus,13,55,
Leviticus,13,56,
Leviticus,13,57,
Leviticus,13,58,
Leviticus,13,59,
Leviticus,14,1,
Leviticus,14,2,
Leviticus,14,3,
Leviticus,14,4,
Leviticus,14,5,
Leviticus,14,6,
Leviticus,14,7,
Leviticus,14,8,
Leviticus,14,9,
Leviticus,14,10,
Leviticus,14,11,
Leviticus,14,12,
Leviticus,14,13,
Leviticus,14,14,
Leviticus,14,15,
Leviticus,14,16,
Leviticus,14,17,
Leviticus,14,18,
Leviticus,14,19,
Leviticus,14,20,
Leviticus,14,21,
Leviticus,14,22,
Leviticus,14,23,
Leviticus,14,24,
Leviticus,14,25,
Leviticus,14,26,
Leviticus,14,27,
Leviticus,14,28,
Leviticus,14,29,
Leviticus,14,30,
Leviticus,14,31,
Leviticus,14,32,
Leviticus,14,33,
Leviticus,14,34,
Leviticus,14,35,
Leviticus,14,36,
Leviticus,14,37,
Leviticus,14,38,
Leviticus,14,39,
Leviticus,14,40,
Leviticus,14,41,
Leviticus,14,42,
Leviticus,14,43,
Leviticus,14,44,
Leviticus,14,45,
Leviticus,14,46,
Leviticus,14,47,
Leviticus,14,48,
Leviticus,14,49,
Leviticus,14,50,
Leviticus,14,51,
Leviticus,14,52,
Leviticus,14,53,
Leviticus,14,54,
Leviticus,14,55,
Leviticus,14,56,
Leviticus,14,57,
Leviticus,15,1,
Leviticus,15,2,
Leviticus,15,3,
Leviticus,15,4,
Leviticus,15,5,
Leviticus,15,6,
Leviticus,15,7,
Leviticus,15,8,
Leviticus,15,9,
Leviticus,15,10,
Leviticus,15,11,
Leviticus,15,12,
Leviticus,15,13,
Leviticus,15,14,
Leviticus,15,15,
Leviticus,15,16,
Leviticus,15,17,
Leviticus,15,18,
Leviticus,15,19,
Leviticus,15,20,
Leviticus,15,21,
Leviticus,15,22,
Leviticus,15,23,
Leviticus,15,24,
Leviticus,15,25,
Leviticus,15,26,
Leviticus,15,27,
Leviticus,15,28,
Leviticus,15,29,
Leviticus,15,30,
Leviticus,15,31,
Leviticus,15,32,
Leviticus,15,33,
Leviticus,16,1,
Leviticus,16,2,
Leviticus,16,3,
Leviticus,16,4,
Leviticus,16,5,
Leviticus,16,6,
Leviticus,16,7,
Leviticus,16,8,
Leviticus,16,9,
Leviticus,16,10,
Leviticus,16,11,
Leviticus,16,12,
Leviticus,16,13,
Leviticus,16,14,
Leviticus,16,15,
Leviticus,16,16,
Leviticus,16,17,
Leviticus,16,18,
Leviticus,16,19,
Leviticus,16,20,
Leviticus,16,21,
Leviticus,16,22,
Leviticus,16,23,
Leviticus,16,24,
Leviticus,16,25,
Leviticus,16,26,
Leviticus,16,27,
Leviticus,16,28,
Leviticus,16,29,
Leviticus,16,30,
Leviticus,16,31,
Leviticus,16,32,
Leviticus,16,33,
Leviticus,16,34,
Leviticus,17,1,
Leviticus,17,2,
Leviticus,17,3,
Leviticus,17,4,
Leviticus,17,5,
Leviticus,17,6,
Leviticus,17,7,
Leviticus,17,8,
Leviticus,17,9,
Leviticus,17,10,
Leviticus,17,11,
Leviticus,17,12,
Leviticus,17,13,
Leviticus,17,14,
Leviticus,17,15,
Leviticus,17,16,
Leviticus,18,1,
Leviticus,18,2,
Leviticus,18,3,
Leviticus,18,4,
Leviticus,18,5,
Leviticus,18,6,
Leviticus,18,7,
Leviticus,18,8,
Leviticus,18,9,
Leviticus,18,10,
Leviticus,18,11,
Leviticus,18,12,
Leviticus,18,13,
Leviticus,18,14,
Leviticus,18,15,
Leviticus,18,16,
Leviticus,18,17,
Leviticus,18,18,
Leviticus,18,19,
Leviticus,18,20,
Leviticus,18,21,
Leviticus,18,22,
Leviticus,18,23,
Leviticus,18,24,
Leviticus,18,25,
Leviticus,18,26,
Leviticus,18,27,
Leviticus,18,28,
Leviticus,18,29,
Leviticus,18,30,
Leviticus,19,1,
Leviticus,19,2,
Leviticus,19,3,
Leviticus,19,4,
Leviticus,19,5,
Leviticus,19,6,
Leviticus,19,7,
Leviticus,19,8,
Leviticus,19,9,
Leviticus,19,10,
Leviticus,19,11,
Leviticus,19,12,
Leviticus,19,13,
Leviticus,19,14,
Leviticus,19,15,
Leviticus,19,16,
Leviticus,19,17,
Leviticus,19,18,
Leviticus,19,19,
Leviticus,19,20,
Leviticus,19,21,
Leviticus,19,22,
Leviticus,19,23,
Leviticus,19,24,
Leviticus,19,25,
Leviticus,19,26,
Leviticus,19,27,
Leviticus,19,28,
Leviticus,19,29,
Leviticus,19,30,
Leviticus,19,31,
Leviticus,19,32,
Leviticus,19,33,
Leviticus,19,34,
Leviticus,19,35,
Leviticus,19,36,
Leviticus,19,37,
Leviticus,20,1,
Leviticus,20,2,
Leviticus,20,3,
Leviticus,20,4,
Leviticus,20,5,
Leviticus,20,6,
Leviticus,20,7,
Leviticus,20,8,
Leviticus,20,9,
Leviticus,20,10,
Leviticus,20,11,
Leviticus,20,12,
Leviticus,20,13,
Leviticus,20,14,
Leviticus,20,15,
Leviticus,20,16,
Leviticus,20,17,
Leviticus,20,18,
Leviticus,20,19,
Leviticus,20,20,
Leviticus,20,21,
Leviticus,20,22,
Leviticus,20,23,
Leviticus,20,24,
Leviticus,20,25,
Leviticus,20,26,
Leviticus,20,27,
Leviticus,21,1,
Leviticus,21,2,
Leviticus,21,3,
Leviticus,21,4,
Leviticus,21,5,
Leviticus,21,6,
Leviticus,21,7,
Leviticus,21,8,
Leviticus,21,9,
Leviticus,21,10,
Leviticus,21,11,
Leviticus,21,12,
Leviticus,21,13,
Leviticus,21,14,
Leviticus,21,15,
Leviticus,21,16,
Leviticus,21,17,
Leviticus,21,18,
Leviticus,21,19,
Leviticus,21,20,
Leviticus,21,21,
Leviticus,21,22,
Leviticus,21,23,
Leviticus,21,24,
Leviticus,22,1,
Leviticus,22,2,
Leviticus,22,3,
Leviticus,22,4,
Leviticus,22,5,
Leviticus,22,6,
Leviticus,22,7,
Leviticus,22,8,
Leviticus,22,9,
Leviticus,22,10,
Leviticus,22,11,
Leviticus,22,12,
Leviticus,22,13,
Leviticus,22,14,
Leviticus,22,15,
Leviticus,22,16,
Leviticus,22,17,
Leviticus,22,18,
Leviticus,22,19,
Leviticus,22,20,
Leviticus,22,21,
Leviticus,22,22,
Leviticus,22,23,
Leviticus,22,24,
Leviticus,22,25,
Leviticus,22,26,
Leviticus,22,27,
Leviticus,22,28,
Leviticus,22,29,
Leviticus,22,30,
Leviticus,22,31,
Leviticus,22,32,
Leviticus,22,33,
Leviticus,23,1,
Leviticus,23,2,
Leviticus,23,3,
Leviticus,23,4,
Leviticus,23,5,
Leviticus,23,6,
Leviticus,23,7,
Leviticus,23,8,
Leviticus,23,9,
Leviticus,23,10,
Leviticus,23,11,
Leviticus,23,12,
Leviticus,23,13,
Leviticus,23,14,
Leviticus,23,15,
Leviticus,23,16,
Leviticus,23,17,
Leviticus,23,18,
Leviticus,23,19,
Leviticus,23,20,
Leviticus,23,21,
Leviticus,23,22,
Leviticus,23,23,
Leviticus,23,24,
Leviticus,23,25,
Leviticus,23,26,
Leviticus,23,27,
Leviticus,23,28,
Leviticus,23,29,
Leviticus,23,30,
Leviticus,23,31,
Leviticus,23,32,
Leviticus,23,33,
Leviticus,23,34,
Leviticus,23,35,
Leviticus,23,36,
Leviticus,23,37,
Leviticus,23,38,
Leviticus,23,39,
Leviticus,23,40,
Leviticus,23,41,
Leviticus,23,42,
Leviticus,23,43,
Leviticus,23,44,
Leviticus,24,1,
Leviticus,24,2,
Leviticus,24,3,
Leviticus,24,4,
Leviticus,24,5,
Leviticus,24,6,
Leviticus,24,7,
Leviticus,24,8,
Leviticus,24,9,
Leviticus,24,10,
Leviticus,24,11,
Leviticus,24,12,
Leviticus,24,13,
Leviticus,24,14,
Leviticus,24,15,
Leviticus,24,16,
Leviticus,24,17,
Leviticus,24,18,
Leviticus,24,19,
Leviticus,24,20,
Leviticus,24,21,
Leviticus,24,22,
Leviticus,24,23,
Leviticus,25,1,
Leviticus,25,2,
Leviticus,25,3,
Leviticus,25,4,
Leviticus,25,5,
Leviticus,25,6,
Leviticus,25,7,
Leviticus,25,8,
Leviticus,25,9,
Leviticus,25,10,
Leviticus,25,11,
Leviticus,25,12,
Leviticus,25,13,
Leviticus,25,14,
Leviticus,25,15,
Leviticus,25,16,
Leviticus,25,17,
Leviticus,25,18,
Leviticus,25,19,
Leviticus,25,20,
Leviticus,25,21,
Leviticus,25,22,
Leviticus,25,23,
Leviticus,25,24,
Leviticus,25,25,
Leviticus,25,26,
Leviticus,25,27,
Leviticus,25,28,
Leviticus,25,29,
Leviticus,25,30,
Leviticus,25,31,
Leviticus,25,32,
Leviticus,25,33,
Leviticus,25,34,
Leviticus,25,35,
Leviticus,25,36,
Leviticus,25,37,
Leviticus,25,38,
Leviticus,25,39,
Leviticus,25,40,
Leviticus,25,41,
Leviticus,25,42,
Leviticus,25,43,
Leviticus,25,44,
Leviticus,25,45,
Leviticus,25,46,
Leviticus,25,47,
Leviticus,25,48,
Leviticus,25,49,
Leviticus,25,50,
Leviticus,25,51,
Leviticus,25,52,
Leviticus,25,53,
Leviticus,25,54,
Leviticus,25,55,
Leviticus,26,1,
Leviticus,26,2,
Leviticus,26,3,
Leviticus,26,4,
Leviticus,26,5,
Leviticus,26,6,
Leviticus,26,7,
Leviticus,26,8,
Leviticus,26,9,
Leviticus,26,10,
Leviticus,26,11,
Leviticus,26,12,
Leviticus,26,13,
Leviticus,26,14,
Leviticus,26,15,
Leviticus,26,16,
Leviticus,26,17,
Leviticus,26,18,
Leviticus,26,19,
Leviticus,26,20,
Leviticus,26,21,
Leviticus,26,22,
Leviticus,26,23,
Leviticus,26,24,
Leviticus,26,25,
Leviticus,26,26,
Leviticus,26,27,
Leviticus,26,28,
Leviticus,26,29,
Leviticus,26,30,
Leviticus,26,31,
Leviticus,26,32,
Leviticus,26,33,
Leviticus,26,34,
Leviticus,26,35,
Leviticus,26,36,
Leviticus,26,37,
Leviticus,26,38,
Leviticus,26,39,
Leviticus,26,40,
Leviticus,26,41,
Leviticus,26,42,
Leviticus,26,43,
Leviticus,26,44,
Leviticus,26,45,
Leviticus,26,46,
Leviticus,27,1,
Leviticus,27,2,
Leviticus,27,3,
Leviticus,27,4,
Leviticus,27,5,
Leviticus,27,6,
Leviticus,27,7,
Leviticus,27,8,
Leviticus,27,9,
Leviticus,27,10,
Leviticus,27,11,
Leviticus,27,12,
Leviticus,27,13,
Leviticus,27,14,
Leviticus,27,15,
Leviticus,27,16,
Leviticus,27,17,
Leviticus,27,18,
Leviticus,27,19,
Leviticus,27,20,
Leviticus,27,21,
Leviticus,27,22,
Leviticus,27,23,
Leviticus,27,24,
Leviticus,27,25,
Leviticus,27,26,
Leviticus,27,27,
Leviticus,27,28,
Leviticus,27,29,
Leviticus,27,30,
Leviticus,27,31,
Leviticus,27,32,
Leviticus,27,33,
Leviticus,27,34,
Numbers,1,1,
Numbers,1,2,
Numbers,1,3,
Numbers,1,4,
Numbers,1,5,
Numbers,1,6,
Numbers,1,7,
Numbers,1,8,
Numbers,1,9,
Numbers,1,10,
Numbers,1,11,
Numbers,1,12,
Numbers,1,13,
Numbers,1,14,
Numbers,1,15,
Numbers,1,16,
Numbers,1,17,
Numbers,1,18,
Numbers,1,19,
Numbers,1,20,
Numbers,1,21,
Numbers,1,22,
Numbers,1,23,
Numbers,1,24,
Numbers,1,25,
Numbers,1,26,
Numbers,1,27,
Numbers,1,28,
Numbers,1,29,
Numbers,1,30,
Numbers,1,31,
Numbers,1,32,
Numbers,1,33,
Numbers,1,34,
Numbers,1,35,
Numbers,1,36,
Numbers,1,37,
Numbers,1,38,
Numbers,1,39,
Numbers,1,40,
Numbers,1,41,
Numbers,1,42,
Numbers,1,43,
Numbers,1,44,
Numbers,1,45,
Numbers,1,46,
Numbers,1,47,
Numbers,1,48,
Numbers,1,49,
Numbers,1,50,
Numbers,1,51,
Numbers,1,52,
Numbers,1,53,
Numbers,1,54,
Numbers,2,1,
Numbers,2,2,
Numbers,2,3,
Numbers,2,4,
Numbers,2,5,
Numbers,2,6,
Numbers,2,7,
Numbers,2,8,
Numbers,2,9,
Numbers,2,10,
Numbers,2,11,
Numbers,2,12,
Numbers,2,13,
Numbers,2,14,
Numbers,2,15,
Numbers,2,16,
Numbers,2,17,
Numbers,2,18,
Numbers,2,19,
Numbers,2,20,
Numbers,2,21,
Numbers,2,22,
Numbers,2,23,
Numbers,2,24,
Numbers,2,25,
Numbers,2,26,
Numbers,2,27,
Numbers,2,28,
Numbers,2,29,
Numbers,2,30,
Numbers,2,31,
Numbers,2,32,
Numbers,2,33,
Numbers,2,34,
Numbers,3,1,
Numbers,3,2,
Numbers,3,3,
Numbers,3,4,
Numbers,3,5,
Numbers,3,6,
Numbers,3,7,
Numbers,3,8,
Numbers,3,9,
Numbers,3,10,
Numbers,3,11,
Numbers,3,12,
Numbers,3,13,
Numbers,3,14,
Numbers,3,15,
Numbers,3,16,
Numbers,3,17,
Numbers,3,18,
Numbers,3,19,
Numbers,3,20,
Numbers,3,21,
Numbers,3,22,
Numbers,3,23,
Numbers,3,24,
Numbers,3,25,
Numbers,3,26,
Numbers,3,27,
Numbers,3,28,
Numbers,3,29,
Numbers,3,30,
Numbers,3,31,
Numbers,3,32,
Numbers,3,33,
Numbers,3,34,
Numbers,3,35,
Numbers,3,36,
Numbers,3,37,
Numbers,3,38,
Numbers,3,39,
Numbers,3,40,
Numbers,3,41,
Numbers,3,42,
Numbers,3,43,
Numbers,3,44,
Numbers,3,45,
Numbers,3,46,
Numbers,3,47,
Numbers,3,48,
Numbers,3,49,
Numbers,3,50,
Numbers,3,51,
Numbers,4,1,
Numbers,4,2,
Numbers,4,3,
Numbers,4,4,
Numbers,4,5,
Numbers,4,6,
Numbers,4,7,
Numbers,4,8,
Numbers,4,9,
Numbers,4,10,
Numbers,4,11,
Numbers,4,12,
Numbers,4,13,
Numbers,4,14,
Numbers,4,15,
Numbers,4,16,
Numbers,4,17,
Numbers,4,18,
Numbers,4,19,
Numbers,4,20,
Numbers,4,21,
Numbers,4,22,
Numbers,4,23,
Numbers,4,24,
Numbers,4,25,
Numbers,4,26,
Numbers,4,27,
Numbers,4,28,
Numbers,4,29,
Numbers,4,30,
Numbers,4,31,
Numbers,4,32,
Numbers,4,33,
Numbers,4,34,
Numbers,4,35,
Numbers,4,36,
Numbers,4,37,
Numbers,4,38,
Numbers,4,39,
Numbers,4,40,
Numbers,4,41,
Numbers,4,42,
Numbers,4,43,
Numbers,4,44,
Numbers,4,45,
Numbers,4,46,
Numbers,4,47,
Numbers,4,48,
Numbers,4,49,
Numbers,5,1,
Numbers,5,2,
Numbers,5,3,
Numbers,5,4,
Numbers,5,5,
Numbers,5,6,
Numbers,5,7,
Numbers,5,8,
Numbers,5,9,
Numbers,5,10,
Numbers,5,11,
Numbers,5,12,
Numbers,5,13,
Numbers,5,14,
Numbers,5,15,
Numbers,5,16,
Numbers,5,17,
Numbers,5,18,
Numbers,5,19,
Numbers,5,20,
Numbers,5,21,
Numbers,5,22,
Numbers,5,23,
Numbers,5,24,
Numbers,5,25,
Numbers,5,26,
Numbers,5,27,
Numbers,5,28,
Numbers,5,29,
Numbers,5,30,
Numbers,5,31,
Numbers,6,1,
Numbers,6,2,
Numbers,6,3,
Numbers,6,4,
Numbers,6,5,
Numbers,6,6,
Numbers,6,7,
Numbers,6,8,
Numbers,6,9,
Numbers,6,10,
Numbers,6,11,
Numbers,6,12,
Numbers,6,13,
Numbers,6,14,
Numbers,6,15,
Numbers,6,16,
Numbers,6,17,
Numbers,6,18,
Numbers,6,19,
Numbers,6,20,
Numbers,6,21,
Numbers,6,22,
Numbers,6,23,
Numbers,6,24,
Numbers,6,25,
Numbers,6,26,
Numbers,6,27,
Numbers,7,1,
Numbers,7,2,
Numbers,7,3,
Numbers,7,4,
Numbers,7,5,
Numbers,7,6,
Numbers,7,7,
Numbers,7,8,
Numbers,7,9,
Numbers,7,10,
Numbers,7,11,
Numbers,7,12,
Numbers,7,13,
Numbers,7,14,
Numbers,7,15,
Numbers,7,16,
Numbers,7,17,
Numbers,7,18,
Numbers,7,19,
Numbers,7,20,
Numbers,7,21,
Numbers,7,22,
Numbers,7,23,
Numbers,7,24,
Numbers,7,25,
Numbers,7,26,
Numbers,7,27,
Numbers,7,28,
Numbers,7,29,
Numbers,7,30,
Numbers,7,31,
Numbers,7,32,
Numbers,7,33,
Numbers,7,34,
Numbers,7,35,
Numbers,7,36,
Numbers,7,37,
Numbers,7,38,
Numbers,7,39,
Numbers,7,40,
Numbers,7,41,
Numbers,7,42,
Numbers,7,43,
Numbers,7,44,
Numbers,7,45,
Numbers,7,46,
Numbers,7,47,
Numbers,7,48,
Numbers,7,49,
Numbers,7,50,
Numbers,7,51,
Numbers,7,52,
Numbers,7,53,
Numbers,7,54,
Numbers,7,55,
Numbers,7,56,
Numbers,7,57,
Numbers,7,58,
Numbers,7,59,
Numbers,7,60,
Numbers,7,61,
Numbers,7,62,
Numbers,7,63,
Numbers,7,64,
Numbers,7,65,
Numbers,7,66,
Numbers,7,67,
Numbers,7,68,
Numbers,7,69,
Numbers,7,70,
Numbers,7,71,
Numbers,7,72,
Numbers,7,73,
Numbers,7,74,
Numbers,7,75,
Numbers,7,76,
Numbers,7,77,
Numbers,7,78,
Numbers,7,79,
Numbers,7,80,
Numbers,7,81,
Numbers,7,82,
Numbers,7,83,
Numbers,7,84,
Numbers,7,85,
Numbers,7,86,
Numbers,7,87,
Numbers,7,88,
Numbers,7,89,
Numbers,8,1,
Numbers,8,2,
Numbers,8,3,
Numbers,8,4,
Numbers,8,5,
Numbers,8,6,
Numbers,8,7,
Numbers,8,8,
Numbers,8,9,
Numbers,8,10,
Numbers,8,11,
Numbers,8,12,
Numbers,8,13,
Numbers,8,14,
Numbers,8,15,
Numbers,8,16,
Numbers,8,17,
Numbers,8,18,
Numbers,8,19,
Numbers,8,20,
Numbers,8,21,
Numbers,8,22,
Numbers,8,23,
Numbers,8,24,
Numbers,8,25,
Numbers,8,26,
Numbers,9,1,
Numbers,9,2,
Numbers,9,3,
Numbers,9,4,
Numbers,9,5,
Numbers,9,6,
Numbers,9,7,
Numbers,9,8,
Numbers,9,9,
Numbers,9,10,
Numbers,9,11,
Numbers,9,12,
Numbers,9,13,
Numbers,9,14,
Numbers,9,15,
Numbers,9,16,
Numbers,9,17,
Numbers,9,18,
Numbers,9,19,
Numbers,9,20,
Numbers,9,21,
Numbers,9,22,
Numbers,9,23,
Numbers,10,1,
Numbers,10,2,
Numbers,10,3,
Numbers,10,4,
Numbers,10,5,
Numbers,10,6,
Numbers,10,7,
Numbers,10,8,
Numbers,10,9,
Numbers,10,10,
Numbers,10,11,
Numbers,10,12,
Numbers,10,13,
Numbers,10,14,
Numbers,10,15,
Numbers,10,16,
Numbers,10,17,
Numbers,10,18,
Numbers,10,19,
Numbers,10,20,
Numbers,10,21,
Numbers,10,22,
Numbers,10,23,
Numbers,10,24,
Numbers,10,25,
Numbers,10,26,
Numbers,10,27,
Numbers,10,28,
Numbers,10,29,
Numbers,10,30,
Numbers,10,31,
Numbers,10,32,
Numbers,10,33,
Numbers,10,34,
Numbers,10,35,
Numbers,10,36,
Numbers,11,1,
Numbers,11,2,
Numbers,11,3,
Numbers,11,4,
Numbers,11,5,
Numbers,11,6,
Numbers,11,7,
Numbers,11,8,
Numbers,11,9,
Numbers,11,10,
Numbers,11,11,
Numbers,11,12,
Numbers,11,13,
Numbers,11,14,
Numbers,11,15,
Numbers,11,16,
Numbers,11,17,
Numbers,11,18,
Numbers,11,19,
Numbers,11,20,
Numbers,11,21,
Numbers,11,22,
Numbers,11,23,
Numbers,11,24,
Numbers,11,25,
Numbers,11,26,
Numbers,11,27,
Numbers,11,28,
Numbers,11,29,
Numbers,11,30,
Numbers,11,31,
Numbers,11,32,
Numbers,11,33,
Numbers,11,34,
Numbers,11,35,
Numbers,12,1,
Numbers,12,2,
Numbers,12,3,
Numbers,12,4,
Numbers,12,5,
Numbers,12,6,
Numbers,12,7,
Numbers,12,8,
Numbers,12,9,
Numbers,12,10,
Numbers,12,11,
Numbers,12,12,
Numbers,12,13,
Numbers,12,14,
Numbers,12,15,
Numbers,12,16,
Numbers,13,1,
Numbers,13,2,
Numbers,13,3,
Numbers,13,4,
Numbers,13,5,
Numbers,13,6,
Numbers,13,7,
Numbers,13,8,
Numbers,13,9,
Numbers,13,10,
Numbers,13,11,
Numbers,13,12,
Numbers,13,13,
Numbers,13,14,
Numbers,13,15,
Numbers,13,16,
Numbers,13,17,
Numbers,13,18,
Numbers,13,19,
Numbers,13,20,
Numbers,13,21,
Numbers,13,22,
Numbers,13,23,
Numbers,13,24,
Numbers,13,25,
Numbers,13,26,
Numbers,13,27,
Numbers,13,28,
Numbers,13,29,
Numbers,13,30,
Numbers,13,31,
Numbers,13,32,
Numbers,13,33,
Numbers,14,1,
Numbers,14,2,
Numbers,14,3,
Numbers,14,4,
Numbers,14,5,
Numbers,14,6,
Numbers,14,7,
Numbers,14,8,
Numbers,14,9,
Numbers,14,10,
Numbers,14,11,
Numbers,14,12,
Numbers,14,13,
Numbers,14,14,
Numbers,14,15,
Numbers,14,16,
Numbers,14,17,
Numbers,14,18,
Numbers,14,19,
Numbers,14,20,
Numbers,14,21,
Numbers,14,22,
Numbers,14,23,
Numbers,14,24,
Numbers,14,25,
Numbers,14,26,
Numbers,14,27,
Numbers,14,28,
Numbers,14,29,
Numbers,14,30,
Numbers,14,31,
Numbers,14,32,
Numbers,14,33,
Numbers,14,34,
Numbers,14,35,
Numbers,14,36,
Numbers,14,37,
Numbers,14,38,
Numbers,14,39,
Numbers,14,40,
Numbers,14,41,
Numbers,14,42,
Numbers,14,43,
Numbers,14,44,
Numbers,14,45,
Numbers,15,1,
Numbers,15,2,
Numbers,15,3,
Numbers,15,4,
Numbers,15,5,
Numbers,15,6,
Numbers,15,7,
Numbers,15,8,
Numbers,15,9,
Numbers,15,10,
Numbers,15,11,
Numbers,15,12,
Numbers,15,13,
Numbers,15,14,
Numbers,15,15,
Numbers,15,16,
Numbers,15,17,
Numbers,15,18,
Numbers,15,19,
Numbers,15,20,
Numbers,15,21,
Numbers,15,22,
Numbers,15,23,
Numbers,15,24,
Numbers,15,25,
Numbers,15,26,
Numbers,15,27,
Numbers,15,28,
Numbers,15,29,
Numbers,15,30,
Numbers,15,31,
Numbers,15,32,
Numbers,15,33,
Numbers,15,34,
Numbers,15,35,
Numbers,15,36,
Numbers,15,37,
Numbers,15,38,
Numbers,15,39,
Numbers,15,40,
Numbers,15,41,
Numbers,16,1,
Numbers,16,2,
Numbers,16,3,
Numbers,16,4,
Numbers,16,5,
Numbers,16,6,
Numbers,16,7,
Numbers,16,8,
Numbers,16,9,
Numbers,16,10,
Numbers,16,11,
Numbers,16,12,
Numbers,16,13,
Numbers,16,14,
Numbers,16,15,
Numbers,16,16,
Numbers,16,17,
Numbers,16,18,
Numbers,16,19,
Numbers,16,20,
Numbers,16,21,
Numbers,16,22,
Numbers,16,23,
Numbers,16,24,
Numbers,16,25,
Numbers,16,26,
Numbers,16,27,
Numbers,16,28,
Numbers,16,29,
Numbers,16,30,
Numbers,16,31,
Numbers,16,32,
Numbers,16,33,
Numbers,16,34,
Numbers,16,35,
Numbers,16,36,
Numbers,16,37,
Numbers,16,38,
Numbers,16,39,
Numbers,16,40,
Numbers,16,41,
Numbers,16,42,
Numbers,16,43,
Numbers,16,44,
Numbers,16,45,
Numbers,16,46,
Numbers,16,47,
Numbers,16,48,
Numbers,16,49,
Numbers,16,50,
Numbers,17,1,
Numbers,17,2,
Numbers,17,3,
Numbers,17,4,
Numbers,17,5,
Numbers,17,6,
Numbers,17,7,
Numbers,17,8,
Numbers,17,9,
Numbers,17,10,
Numbers,17,11,
Numbers,17,12,
Numbers,17,13,
Numbers,18,1,
Numbers,18,2,
Numbers,18,3,
Numbers,18,4,
Numbers,18,5,
Numbers,18,6,
Numbers,18,7,
Numbers,18,8,
Numbers,18,9,
Numbers,18,10,
Numbers,18,11,
Numbers,18,12,
Numbers,18,13,
Numbers,18,14,
Numbers,18,15,
Numbers,18,16,
Numbers,18,17,
Numbers,18,18,
Numbers,18,19,
Numbers,18,20,
Numbers,18,21,
Numbers,18,22,
Numbers,18,23,
Numbers,18,24,
Numbers,18,25,
Numbers,18,26,
Numbers,18,27,
Numbers,18,28,
Numbers,18,29,
Numbers,18,30,
Numbers,18,31,
Numbers,18,32,
Numbers,19,1,
Numbers,19,2,
Numbers,19,3,
Numbers,19,4,
Numbers,19,5,
Numbers,19,6,
Numbers,19,7,
Numbers,19,8,
Numbers,19,9,
Numbers,19,10,
Numbers,19,11,
Numbers,19,12,
Numbers,19,13,
Numbers,19,14,
Numbers,19,15,
Numbers,19,16,
Numbers,19,17,
Numbers,19,18,
Numbers,19,19,
Numbers,19,20,
Numbers,19,21,
Numbers,19,22,
Numbers,20,1,
Numbers,20,2,
Numbers,20,3,
Numbers,20,4,
Numbers,20,5,
Numbers,20,6,
Numbers,20,7,
Numbers,20,8,
Numbers,20,9,
Numbers,20,10,
Numbers,20,11,
Numbers,20,12,
Numbers,20,13,
Numbers,20,14,
Numbers,20,15,
Numbers,20,16,
Numbers,20,17,
Numbers,20,18,
Numbers,20,19,
Numbers,20,20,
Numbers,20,21,
Numbers,20,22,
Numbers,20,23,
Numbers,20,24,
Numbers,20,25,
Numbers,20,26,
Numbers,20,27,
Numbers,20,28,
Numbers,20,29,
Numbers,21,1,
Numbers,21,2,
Numbers,21,3,
Numbers,21,4,
Numbers,21,5,
Numbers,21,6,
Numbers,21,7,
Numbers,21,8,
Numbers,21,9,
Numbers,21,10,
Numbers,21,11,
Numbers,21,12,
Numbers,21,13,
Numbers,21,14,
Numbers,21,15,
Numbers,21,16,
Numbers,21,17,
Numbers,21,18,
Numbers,21,19,
Numbers,21,20,
Numbers,21,21,
Numbers,21,22,
Numbers,21,23,
Numbers,21,24,
Numbers,21,25,
Numbers,21,26,
Numbers,21,27,
Numbers,21,28,
Numbers,21,29,
Numbers,21,30,
Numbers,21,31,
Numbers,21,32,
Numbers,21,33,
Numbers,21,34,
Numbers,21,35,
Numbers,22,1,
Numbers,22,2,
Numbers,22,3,
Numbers,22,4,
Numbers,22,5,
Numbers,22,6,
Numbers,22,7,
Numbers,22,8,
Numbers,22,9,
Numbers,22,10,
Numbers,22,11,
Numbers,22,12,
Numbers,22,13,
Numbers,22,14,
Numbers,22,15,
Numbers,22,16,
Numbers,22,17,
Numbers,22,18,
Numbers,22,19,
Numbers,22,20,
Numbers,22,21,
Numbers,22,22,
Numbers,22,23,
Numbers,22,24,
Numbers,22,25,
Numbers,22,26,
Numbers,22,27,
Numbers,22,28,
Numbers,22,29,
Numbers,22,30,
Numbers,22,31,
Numbers,22,32,
Numbers,22,33,
Numbers,22,34,
Numbers,22,35,
Numbers,22,36,
Numbers,22,37,
Numbers,22,38,
Numbers,22,39,
Numbers,22,40,
Numbers,22,41,
Numbers,23,1,
Numbers,23,2,
Numbers,23,3,
Numbers,23,4,
Numbers,23,5,
Numbers,23,6,
Numbers,23,7,
Numbers,23,8,
Numbers,23,9,
Numbers,23,10,
Numbers,23,11,
Numbers,23,12,
Numbers,23,13,
Numbers,23,14,
Numbers,23,15,
Numbers,23,16,
Numbers,23,17,
Numbers,23,18,
Numbers,23,19,
Numbers,23,20,
Numbers,23,21,
Numbers,23,22,
Numbers,23,23,
Numbers,23,24,
Numbers,23,25,
Numbers,23,26,
Numbers,23,27,
Numbers,23,28,
Numbers,23,29,
Numbers,23,30,
Numbers,24,1,
Numbers,24,2,
Numbers,24,3,
Numbers,24,4,
Numbers,24,5,
Numbers,24,6,
Numbers,24,7,
Numbers,24,8,
Numbers,24,9,
Numbers,24,10,
Numbers,24,11,
Numbers,24,12,
Numbers,24,13,
Numbers,24,14,
Numbers,24,15,
Numbers,24,16,
Numbers,24,17,
Numbers,24,18,
Numbers,24,19,
Numbers,24,20,
Numbers,24,21,
Numbers,24,22,
Numbers,24,23,
Numbers,24,24,
Numbers,24,25,
Numbers,25,1,
Numbers,25,2,
Numbers,25,3,
Numbers,25,4,
Numbers,25,5,
Numbers,25,6,
Numbers,25,7,
Numbers,25,8,
Numbers,25,9,
Numbers,25,10,
Numbers,25,11,
Numbers,25,12,
Numbers,25,13,
Numbers,25,14,
Numbers,25,15,
Numbers,25,16,
Numbers,25,17,
Numbers,25,18,
Numbers,26,1,
Numbers,26,2,
Numbers,26,3,
Numbers,26,4,
Numbers,26,5,
Numbers,26,6,
Numbers,26,7,
Numbers,26,8,
Numbers,26,9,
Numbers,26,10,
Numbers,26,11,
Numbers,26,12,
Numbers,26,13,
Numbers,26,14,
Numbers,26,15,
Numbers,26,16,
Numbers,26,17,
Numbers,26,18,
Numbers,26,19,
Numbers,26,20,
Numbers,26,21,
Numbers,26,22,
Numbers,26,23,
Numbers,26,24,
Numbers,26,25,
Numbers,26,26,
Numbers,26,27,
Numbers,26,28,
Numbers,26,29,
Numbers,26,30,
Numbers,26,31,
Numbers,26,32,
Numbers,26,33,
Numbers,26,34,
Numbers,26,35,
Numbers,26,36,
Numbers,26,37,
Numbers,26,38,
Numbers,26,39,
Numbers,26,40,
Numbers,26,41,
Numbers,26,42,
Numbers,26,43,
Numbers,26,44,
Numbers,26,45,
Numbers,26,46,
Numbers,26,47,
Numbers,26,48,
Numbers,26,49,
Numbers,26,50,
Numbers,26,51,
Numbers,26,52,
Numbers,26,53,
Numbers,26,54,
Numbers,26,55,
Numbers,26,56,
Numbers,26,57,
Numbers,26,58,
Numbers,26,59,
Numbers,26,60,
Numbers,26,61,
Numbers,26,62,
Numbers,26,63,
Numbers,26,64,
Numbers,26,65,
Numbers,27,1,
Numbers,27,2,
Numbers,27,3,
Numbers,27,4,
Numbers,27,5,
Numbers,27,6,
Numbers,27,7,
Numbers,27,8,
Numbers,27,9,
Numbers,27,10,
Numbers,27,11,
Numbers,27,12,
Numbers,27,13,
Numbers,27,14,
Numbers,27,15,
Numbers,27,16,
Numbers,27,17,
Numbers,27,18,
Numbers,27,19,
Numbers,27,20,
Numbers,27,21,
Numbers,27,22,
Numbers,27,23,
Numbers,28,1,
Numbers,28,2,
Numbers,28,3,
Numbers,28,4,
Numbers,28,5,
Numbers,28,6,
Numbers,28,7,
Numbers,28,8,
Numbers,28,9,
Numbers,28,10,
Numbers,28,11,
Numbers,28,12,
Numbers,28,13,
Numbers,28,14,
Numbers,28,15,
Numbers,28,16,
Numbers,28,17,
Numbers,28,18,
Numbers,28,19,
Numbers,28,20,
Numbers,28,21,
Numbers,28,22,
Numbers,28,23,
Numbers,28,24,
Numbers,28,25,
Numbers,28,26,
Numbers,28,27,
Numbers,28,28,
Numbers,28,29,
Numbers,28,30,
Numbers,28,31,
Numbers,29,1,
Numbers,29,2,
Numbers,29,3,
Numbers,29,4,
Numbers,29,5,
Numbers,29,6,
Numbers,29,7,
Numbers,29,8,
Numbers,29,9,
Numbers,29,10,
Numbers,29,11,
Numbers,29,12,
Numbers,29,13,
Numbers,29,14,
Numbers,29,15,
Numbers,29,16,
Numbers,29,17,
Numbers,29,18,
Numbers,29,19,
Numbers,29,20,
Numbers,29,21,
Numbers,29,22,
Numbers,29,23,
Numbers,29,24,
Numbers,29,25,
Numbers,29,26,
Numbers,29,27,
Numbers,29,28,
Numbers,29,29,
Numbers,29,30,
Numbers,29,31,
Numbers,29,32,
Numbers,29,33,
Numbers,29,34,
Numbers,29,35,
Numbers,29,36,
Numbers,29,37,
Numbers,29,38,
Numbers,29,39,
Numbers,29,40,
Numbers,30,1,
Numbers,30,2,
Numbers,30,3,
Numbers,30,4,
Numbers,30,5,
Numbers,30,6,
Numbers,30,7,
Numbers,30,8,
Numbers,30,9,
Numbers,30,10,
Numbers,30,11,
Numbers,30,12,
Numbers,30,13,
Numbers,30,14,
Numbers,30,15,
Numbers,30,16,
Numbers,31,1,
Numbers,31,2,
Numbers,31,3,
Numbers,31,4,
Numbers,31,5,
Numbers,31,6,
Numbers,31,7,
Numbers,31,8,
Numbers,31,9,
Numbers,31,10,
Numbers,31,11,
Numbers,31,12,
Numbers,31,13,
Numbers,31,14,
Numbers,31,15,
Numbers,31,16,
Numbers,31,17,
Numbers,31,18,
Numbers,31,19,
Numbers,31,20,
Numbers,31,21,
Numbers,31,22,
Numbers,31,23,
Numbers,31,24,
Numbers,31,25,
Numbers,31,26,
Numbers,31,27,
Numbers,31,28,
Numbers,31,29,
Numbers,31,30,
Numbers,31,31,
Numbers,31,32,
Numbers,31,33,
Numbers,31,34,
Numbers,31,35,
Numbers,31,36,
Numbers,31,37,
Numbers,31,38,
Numbers,31,39,
Numbers,31,40,
Numbers,31,41,
Numbers,31,42,
Numbers,31,43,
Numbers,31,44,
Numbers,31,45,
Numbers,31,46,
Numbers,31,47,
Numbers,31,48,
Numbers,31,49,
Numbers,31,50,
Numbers,31,51,
Numbers,31,52,
Numbers,31,53,
Numbers,31,54,
Numbers,32,1,
Numbers,32,2,
Numbers,32,3,
Numbers,32,4,
Numbers,32,5,
Numbers,32,6,
Numbers,32,7,
Numbers,32,8,
Numbers,32,9,
Numbers,32,10,
Numbers,32,11,
Numbers,32,12,
Numbers,32,13,
Numbers,32,14,
Numbers,32,15,
Numbers,32,16,
Numbers,32,17,
Numbers,32,18,
Numbers,32,19,
Numbers,32,20,
Numbers,32,21,
Numbers,32,22,
Numbers,32,23,
Numbers,32,24,
Numbers,32,25,
Numbers,32,26,
Numbers,32,27,
Numbers,32,28,
Numbers,32,29,
Numbers,32,30,
Numbers,32,31,
Numbers,32,32,
Numbers,32,33,
Numbers,32,34,
Numbers,32,35,
Numbers,32,36,
Numbers,32,37,
Numbers,32,38,
Numbers,32,39,
Numbers,32,40,
Numbers,32,41,
Numbers,32,42,
Numbers,33,1,
Numbers,33,2,
Numbers,33,3,
Numbers,33,4,
Numbers,33,5,
Numbers,33,6,
Numbers,33,7,
Numbers,33,8,
Numbers,33,9,
Numbers,33,10,
Numbers,33,11,
Numbers,33,12,
Numbers,33,13,
Numbers,33,14,
Numbers,33,15,
Numbers,33,16,
Numbers,33,17,
Numbers,33,18,
Numbers,33,19,
Numbers,33,20,
Numbers,33,21,
Numbers,33,22,
Numbers,33,23,
Numbers,33,24,
Numbers,33,25,
Numbers,33,26,
Numbers,33,27,
Numbers,33,28,
Numbers,33,29,
Numbers,33,30,
Numbers,33,31,
Numbers,33,32,
Numbers,33,33,
Numbers,33,34,
Numbers,33,35,
Numbers,33,36,
Numbers,33,37,
Numbers,33,38,
Numbers,33,39,
Numbers,33,40,
Numbers,33,41,
Numbers,33,42,
Numbers,33,43,
Numbers,33,44,
Numbers,33,45,
Numbers,33,46,
Numbers,33,47,
Numbers,33,48,
Numbers,33,49,
Numbers,33,50,
Numbers,33,51,
Numbers,33,52,
Numbers,33,53,
Numbers,33,54,
Numbers,33,55,
Numbers,33,56,
Numbers,34,1,
Numbers,34,2,
Numbers,34,3,
Numbers,34,4,
Numbers,34,5,
Numbers,34,6,
Numbers,34,7,
Numbers,34,8,
Numbers,34,9,
Numbers,34,10,
Numbers,34,11,
Numbers,34,12,
Numbers,34,13,
Numbers,34,14,
Numbers,34,15,
Numbers,34,16,
Numbers,34,17,
Numbers,34,18,
Numbers,34,19,
Numbers,34,20,
Numbers,34,21,
Numbers,34,22,
Numbers,34,23,
Numbers,34,24,
Numbers,34,25,
Numbers,34,26,
Numbers,34,27,
Numbers,34,28,
Numbers,34,29,
Numbers,35,1,
Numbers,35,2,
Numbers,35,3,
Numbers,35,4,
Numbers,35,5,
Numbers,35,6,
Numbers,35,7,
Numbers,35,8,
Numbers,35,9,
Numbers,35,10,
Numbers,35,11,
Numbers,35,12,
Numbers,35,13,
Numbers,35,14,
Numbers,35,15,
Numbers,35,16,
Numbers,35,17,
Numbers,35,18,
Numbers,35,19,
Numbers,35,20,
Numbers,35,21,
Numbers,35,22,
Numbers,35,23,
Numbers,35,24,
Numbers,35,25,
Numbers,35,26,
Numbers,35,27,
Numbers,35,28,
Numbers,35,29,
Numbers,35,30,
Numbers,35,31,
Numbers,35,32,
Numbers,35,33,
Numbers,35,34,
Numbers,36,1,
Numbers,36,2,
Numbers,36,3,
Numbers,36,4,
Numbers,36,5,
Numbers,36,6,
Numbers,36,7,
Numbers,36,8,
Numbers,36,9,
Numbers,36,10,
Numbers,36,11,
Numbers,36,12,
Numbers,36,13,
Deuteronomy,1,1,
Deuteronomy,1,2,
Deuteronomy,1,3,
Deuteronomy,1,4,
Deuteronomy,1,5,
Deuteronomy,1,6,
Deuteronomy,1,7,
Deuteronomy,1,8,
Deuteronomy,1,9,
Deuteronomy,1,10,
Deuteronomy,1,11,
Deuteronomy,1,12,
Deuteronomy,1,13,
Deuteronomy,1,14,
Deuteronomy,1,15,
Deuteronomy,1,16,
Deuteronomy,1,17,
Deuteronomy,1,18,
Deuteronomy,1,19,
Deuteronomy,1,20,
Deuteronomy,1,21,
Deuteronomy,1,22,
Deuteronomy,1,23,
Deuteronomy,1,24,
Deuteronomy,1,25,
Deuteronomy,1,26,
Deuteronomy,1,27,
Deuteronomy,1,28,
Deuteronomy,1,29,
Deuteronomy,1,30,
Deuteronomy,1,31,
Deuteronomy,1,32,
Deuteronomy,1,33,
Deuteronomy,1,34,
Deuteronomy,1,35,
Deuteronomy,1,36,
Deuteronomy,1,37,
Deuteronomy,1,38,
Deuteronomy,1,39,
Deuteronomy,1,40,
Deuteronomy,1,41,
Deuteronomy,1,42,
Deuteronomy,1,43,
Deuteronomy,1,44,
Deuteronomy,1,45,
Deuteronomy,1,46,
Deuteronomy,2,1,
Deuteronomy,2,2,
Deuteronomy,2,3,
Deuteronomy,2,4,
Deuteronomy,2,5,
Deuteronomy,2,6,
Deuteronomy,2,7,
Deuteronomy,2,8,
Deuteronomy,2,9,
Deuteronomy,2,10,
Deuteronomy,2,11,
Deuteronomy,2,12,
Deuteronomy,2,13,
Deuteronomy,2,14,
Deuteronomy,2,15,
Deuteronomy,2,16,
Deuteronomy,2,17,
Deuteronomy,2,18,
Deuteronomy,2,19,
Deuteronomy,2,20,
Deuteronomy,2,21,
Deuteronomy,2,22,
Deuteronomy,2,23,
Deuteronomy,2,24,
Deuteronomy,2,25,
Deuteronomy,2,26,
Deuteronomy,2,27,
Deuteronomy,2,28,
Deuteronomy,2,29,
Deuteronomy,2,30,
Deuteronomy,2,31,
Deuteronomy,2,32,
Deuteronomy,2,33,
Deuteronomy,2,34,
Deuteronomy,2,35,
Deuteronomy,2,36,
Deuteronomy,2,37,
Deuteronomy,3,1,
Deuteronomy,3,2,
Deuteronomy,3,3,
Deuteronomy,3,4,
Deuteronomy,3,5,
Deuteronomy,3,6,
Deuteronomy,3,7,
Deuteronomy,3,8,
Deuteronomy,3,9,
Deuteronomy,3,10,
Deuteronomy,3,11,
Deuteronomy,3,12,
Deuteronomy,3,13,
Deuteronomy,3,14,
Deuteronomy,3,15,
Deuteronomy,3,16,
Deuteronomy,3,17,
Deuteronomy,3,18,
Deuteronomy,3,19,
Deuteronomy,3,20,
Deuteronomy,3,21,
Deuteronomy,3,22,
Deuteronomy,3,23,
Deuteronomy,3,24,
Deuteronomy,3,25,
Deuteronomy,3,26,
Deuteronomy,3,27,
Deuteronomy,3,28,
Deuteronomy,3,29,
Deuteronomy,4,1,
Deuteronomy,4,2,
Deuteronomy,4,3,
Deuteronomy,4,4,
Deuteronomy,4,5,
Deuteronomy,4,6,
Deuteronomy,4,7,
Deuteronomy,4,8,
Deuteronomy,4,9,
Deuteronomy,4,10,
Deuteronomy,4,11,
Deuteronomy,4,12,
Deuteronomy,4,13,
Deuteronomy,4,14,
Deuteronomy,4,15,
Deuteronomy,4,16,
Deuteronomy,4,17,
Deuteronomy,4,18,
Deuteronomy,4,19,
Deuteronomy,4,20,
Deuteronomy,4,21,
Deuteronomy,4,22,
Deuteronomy,4,23,
Deuteronomy,4,24,
Deuteronomy,4,25,
Deuteronomy,4,26,
Deuteronomy,4,27,
Deuteronomy,4,28,
Deuteronomy,4,29,
Deuteronomy,4,30,
Deuteronomy,4,31,
Deuteronomy,4,32,
Deuteronomy,4,33,
Deuteronomy,4,34,
Deuteronomy,4,35,
Deuteronomy,4,36,
Deuteronomy,4,37,
Deuteronomy,4,38,
Deuteronomy,4,39,
Deuteronomy,4,40,
Deuteronomy,4,41,
Deuteronomy,4,42,
Deuteronomy,4,43,
Deuteronomy,4,44,
Deuteronomy,4,45,
Deuteronomy,4,46,
Deuteronomy,4,47,
Deuteronomy,4,48,
Deuteronomy,4,49,
Deuteronomy,5,1,
Deuteronomy,5,2,
Deuteronomy,5,3,
Deuteronomy,5,4,
Deuteronomy,5,5,
Deuteronomy,5,6,
Deuteronomy,5,7,
Deuteronomy,5,8,
Deuteronomy,5,9,
Deuteronomy,5,10,
Deuteronomy,5,11,
Deuteronomy,5,12,
Deuteronomy,5,13,
Deuteronomy,5,14,
Deuteronomy,5,15,
Deuteronomy,5,16,
Deuteronomy,5,17,
Deuteronomy,5,18,
Deuteronomy,5,19,
Deuteronomy,5,20,
Deuteronomy,5,21,
Deuteronomy,5,22,
Deuteronomy,5,23,
Deuteronomy,5,24,
Deuteronomy,5,25,
Deuteronomy,5,26,
Deuteronomy,5,27,
Deuteronomy,5,28,
Deuteronomy,5,29,
Deuteronomy,5,30,
Deuteronomy,5,31,
Deuteronomy,5,32,
Deuteronomy,5,33,
Deuteronomy,6,1,
Deuteronomy,6,2,
Deuteronomy,6,3,
Deuteronomy,6,4,
Deuteronomy,6,5,
Deuteronomy,6,6,
Deuteronomy,6,7,
Deuteronomy,6,8,
Deuteronomy,6,9,
Deuteronomy,6,10,
Deuteronomy,6,11,
Deuteronomy,6,12,
Deuteronomy,6,13,
Deuteronomy,6,14,
Deuteronomy,6,15,
Deuteronomy,6,16,
Deuteronomy,6,17,
Deuteronomy,6,18,
Deuteronomy,6,19,
Deuteronomy,6,20,
Deuteronomy,6,21,
Deuteronomy,6,22,
Deuteronomy,6,23,
Deuteronomy,6,24,
Deuteronomy,6,25,
Deuteronomy,7,1,
Deuteronomy,7,2,
Deuteronomy,7,3,
Deuteronomy,7,4,
Deuteronomy,7,5,
Deuteronomy,7,6,
Deuteronomy,7,7,
Deuteronomy,7,8,
Deuteronomy,7,9,
Deuteronomy,7,10,
Deuteronomy,7,11,
Deuteronomy,7,12,
Deuteronomy,7,13,
Deuteronomy,7,14,
Deuteronomy,7,15,
Deuteronomy,7,16,
Deuteronomy,7,17,
Deuteronomy,7,18,
Deuteronomy,7,19,
Deuteronomy,7,20,
Deuteronomy,7,21,
Deuteronomy,7,22,
Deuteronomy,7,23,
Deuteronomy,7,24,
Deuteronomy,7,25,
Deuteronomy,7,26,
Deuteronomy,8,1,
Deuteronomy,8,2,
Deuteronomy,8,3,
Deuteronomy,8,4,
Deuteronomy,8,5,
Deuteronomy,8,6,
Deuteronomy,8,7,
Deuteronomy,8,8,
Deuteronomy,8,9,
Deuteronomy,8,10,
Deuteronomy,8,11,
Deuteronomy,8,12,
Deuteronomy,8,13,
Deuteronomy,8,14,
Deuteronomy,8,15,
Deuteronomy,8,16,
Deuteronomy,8,17,
Deuteronomy,8,18,
Deuteronomy,8,19,
Deuteronomy,8,20,
Deuteronomy,9,1,
Deuteronomy,9,2,
Deuteronomy,9,3,
Deuteronomy,9,4,
Deuteronomy,9,5,
Deuteronomy,9,6,
Deuteronomy,9,7,
Deuteronomy,9,8,
Deuteronomy,9,9,
Deuteronomy,9,10,
Deuteronomy,9,11,
Deuteronomy,9,12,
Deuteronomy,9,13,
Deuteronomy,9,14,
Deuteronomy,9,15,
Deuteronomy,9,16,
Deuteronomy,9,17,
Deuteronomy,9,18,
Deuteronomy,9,19,
Deuteronomy,9,20,
Deuteronomy,9,21,
Deuteronomy,9,22,
Deuteronomy,9,23,
Deuteronomy,9,24,
Deuteronomy,9,25,
Deuteronomy,9,26,
Deuteronomy,9,27,
Deuteronomy,9,28,
Deuteronomy,9,29,
Deuteronomy,10,1,
Deuteronomy,10,2,
Deuteronomy,10,3,
Deuteronomy,10,4,
Deuteronomy,10,5,
Deuteronomy,10,6,
Deuteronomy,10,7,
Deuteronomy,10,8,
Deuteronomy,10,9,
Deuteronomy,10,10,
Deuteronomy,10,11,
Deuteronomy,10,12,
Deuteronomy,10,13,
Deuteronomy,10,14,
Deuteronomy,10,15,
Deuteronomy,10,16,
Deuteronomy,10,17,
Deuteronomy,10,18,
Deuteronomy,10,19,
Deuteronomy,10,20,
Deuteronomy,10,21,
Deuteronomy,10,22,
Deuteronomy,11,1,
Deuteronomy,11,2,
Deuteronomy,11,3,
Deuteronomy,11,4,
Deuteronomy,11,5,
Deuteronomy,11,6,
Deuteronomy,11,7,
Deuteronomy,11,8,
Deuteronomy,11,9,
Deuteronomy,11,10,
Deuteronomy,11,11,
Deuteronomy,11,12,
Deuteronomy,11,13,
Deuteronomy,11,14,
Deuteronomy,11,15,
Deuteronomy,11,16,
Deuteronomy,11,17,
Deuteronomy,11,18,
Deuteronomy,11,19,
Deuteronomy,11,20,
Deuteronomy,11,21,
Deuteronomy,11,22,
Deuteronomy,11,23,
Deuteronomy,11,24,
Deuteronomy,11,25,
Deuteronomy,11,26,
Deuteronomy,11,27,
Deuteronomy,11,28,
Deuteronomy,11,29,
Deuteronomy,11,30,
Deuteronomy,11,31,
Deuteronomy,11,32,
Deuteronomy,12,1,
Deuteronomy,12,2,
Deuteronomy,12,3,
Deuteronomy,12,4,
Deuteronomy,12,5,
Deuteronomy,12,6,
Deuteronomy,12,7,
Deuteronomy,12,8,
Deuteronomy,12,9,
Deuteronomy,12,10,
Deuteronomy,12,11,
Deuteronomy,12,12,
Deuteronomy,12,13,
Deuteronomy,12,14,
Deuteronomy,12,15,
Deuteronomy,12,16,
Deuteronomy,12,17,
Deuteronomy,12,18,
Deuteronomy,12,19,
Deuteronomy,12,20,
Deuteronomy,12,21,
Deuteronomy,12,22,
Deuteronomy,12,23,
Deuteronomy,12,24,
Deuteronomy,12,25,
Deuteronomy,12,26,
Deuteronomy,12,27,
Deuteronomy,12,28,
Deuteronomy,12,29,
Deuteronomy,12,30,
Deuteronomy,12,31,
Deuteronomy,12,32,
Deuteronomy,13,1,
Deuteronomy,13,2,
Deuteronomy,13,3,
Deuteronomy,13,4,
Deuteronomy,13,5,
Deuteronomy,13,6,
Deuteronomy,13,7,
Deuteronomy,13,8,
Deuteronomy,13,9,
Deuteronomy,13,10,
Deuteronomy,13,11,
Deuteronomy,13,12,
Deuteronomy,13,13,
Deuteronomy,13,14,
Deuteronomy,13,15,
Deuteronomy,13,16,
Deuteronomy,13,17,
Deuteronomy,13,18,
Deuteronomy,14,1,
Deuteronomy,14,2,
Deuteronomy,14,3,
Deuteronomy,14,4,
Deuteronomy,14,5,
Deuteronomy,14,6,
Deuteronomy,14,7,
Deuteronomy,14,8,
Deuteronomy,14,9,
Deuteronomy,14,10,
Deuteronomy,14,11,
Deuteronomy,14,12,
Deuteronomy,14,13,
Deuteronomy,14,14,
Deuteronomy,14,15,
Deuteronomy,14,16,
Deuteronomy,14,17,
Deuteronomy,14,18,
Deuteronomy,14,19,
Deuteronomy,14,20,
Deuteronomy,14,21,
Deuteronomy,14,22,
Deuteronomy,14,23,
Deuteronomy,14,24,
Deuteronomy,14,25,
Deuteronomy,14,26,
Deuteronomy,14,27,
Deuteronomy,14,28,
Deuteronomy,14,29,
Deuteronomy,15,1,
Deuteronomy,15,2,
Deuteronomy,15,3,
Deuteronomy,15,4,
Deuteronomy,15,5,
Deuteronomy,15,6,
Deuteronomy,15,7,
Deuteronomy,15,8,
Deuteronomy,15,9,
Deuteronomy,15,10,
Deuteronomy,15,11,
Deuteronomy,15,12,
Deuteronomy,15,13,
Deuteronomy,15,14,
Deuteronomy,15,15,
Deuteronomy,15,16,
Deuteronomy,15,17,
Deuteronomy,15,18,
Deuteronomy,15,19,
Deuteronomy,15,20,
Deuteronomy,15,21,
Deuteronomy,15,22,
Deuteronomy,15,23,
Deuteronomy,16,1,
Deuteronomy,16,2,
Deuteronomy,16,3,
Deuteronomy,16,4,
Deuteronomy,16,5,
Deuteronomy,16,6,
Deuteronomy,16,7,
Deuteronomy,16,8,
Deuteronomy,16,9,
Deuteronomy,16,10,
Deuteronomy,16,11,
Deuteronomy,16,12,
Deuteronomy,16,13,
Deuteronomy,16,14,
Deuteronomy,16,15,
Deuteronomy,16,16,
Deuteronomy,16,17,
Deuteronomy,16,18,
Deuteronomy,16,19,
Deuteronomy,16,20,
Deuteronomy,16,21,
Deuteronomy,16,22,
Deuteronomy,17,1,
Deuteronomy,17,2,
Deuteronomy,17,3,
Deuteronomy,17,4,
Deuteronomy,17,5,
Deuteronomy,17,6,
Deuteronomy,17,7,
Deuteronomy,17,8,
Deuteronomy,17,9,
Deuteronomy,17,10,
Deuteronomy,17,11,
Deuteronomy,17,12,
Deuteronomy,17,13,
Deuteronomy,17,14,
Deuteronomy,17,15,
Deuteronomy,17,16,
Deuteronomy,17,17,
Deuteronomy,17,18,
Deuteronomy,17,19,
Deuteronomy,17,20,
Deuteronomy,18,1,
Deuteronomy,18,2,
Deuteronomy,18,3,
Deuteronomy,18,4,
Deuteronomy,18,5,
Deuteronomy,18,6,
Deuteronomy,18,7,
Deuteronomy,18,8,
Deuteronomy,18,9,
Deuteronomy,18,10,
Deuteronomy,18,11,
Deuteronomy,18,12,
Deuteronomy,18,13,
Deuteronomy,18,14,
Deuteronomy,18,15,
Deuteronomy,18,16,
Deuteronomy,18,17,
Deuteronomy,18,18,
Deuteronomy,18,19,
Deuteronomy,18,20,
Deuteronomy,18,21,
Deuteronomy,18,22,
Deuteronomy,19,1,
Deuteronomy,19,2,
Deuteronomy,19,3,
Deuteronomy,19,4,
Deuteronomy,19,5,
Deuteronomy,19,6,
Deuteronomy,19,7,
Deuteronomy,19,8,
Deuteronomy,19,9,
Deuteronomy,19,10,
Deuteronomy,19,11,
Deuteronomy,19,12,
Deuteronomy,19,13,
Deuteronomy,19,14,
Deuteronomy,19,15,
Deuteronomy,19,16,
Deuteronomy,19,17,
Deuteronomy,19,18,
Deuteronomy,19,19,
Deuteronomy,19,20,
Deuteronomy,19,21,
Deuteronomy,20,1,
Deuteronomy,20,2,
Deuteronomy,20,3,
Deuteronomy,20,4,
Deuteronomy,20,5,
Deuteronomy,20,6,
Deuteronomy,20,7,
Deuteronomy,20,8,
Deuteronomy,20,9,
Deuteronomy,20,10,
Deuteronomy,20,11,
Deuteronomy,20,12,
Deuteronomy,20,13,
Deuteronomy,20,14,
Deuteronomy,20,15,
Deuteronomy,20,16,
Deuteronomy,20,17,
Deuteronomy,20,18,
Deuteronomy,20,19,
Deuteronomy,20,20,
Deuteronomy,21,1,
Deuteronomy,21,2,
Deuteronomy,21,3,
Deuteronomy,21,4,
Deuteronomy,21,5,
Deuteronomy,21,6,
Deuteronomy,21,7,
Deuteronomy,21,8,
Deuteronomy,21,9,
Deuteronomy,21,10,
Deuteronomy,21,11,
Deuteronomy,21,12,
Deuteronomy,21,13,
Deuteronomy,21,14,
Deuteronomy,21,15,
Deuteronomy,21,16,
Deuteronomy,21,17,
Deuteronomy,21,18,
Deuteronomy,21,19,
Deuteronomy,21,20,
Deuteronomy,21,21,
Deuteronomy,21,22,
Deuteronomy,21,23,
Deuteronomy,22,1,
Deuteronomy,22,2,
Deuteronomy,22,3,
Deuteronomy,22,4,
Deuteronomy,22,5,
Deuteronomy,22,6,
Deuteronomy,22,7,
Deuteronomy,22,8,
Deuteronomy,22,9,
Deuteronomy,22,10,
Deuteronomy,22,11,
Deuteronomy,22,12,
Deuteronomy,22,13,
Deuteronomy,22,14,
Deuteronomy,22,15,
Deuteronomy,22,16,
Deuteronomy,22,17,
Deuteronomy,22,18,
Deuteronomy,22,19,
Deuteronomy,22,20,
Deuteronomy,22,21,
Deuteronomy,22,22,
Deuteronomy,22,23,
Deuteronomy,22,24,
Deuteronomy,22,25,
Deuteronomy,22,26,
Deuteronomy,22,27,
Deuteronomy,22,28,
Deuteronomy,22,29,
Deuteronomy,22,30,
Deuteronomy,23,1,
Deuteronomy,23,2,
Deuteronomy,23,3,
Deuteronomy,23,4,
Deuteronomy,23,5,
Deuteronomy,23,6,
Deuteronomy,23,7,
Deuteronomy,23,8,
Deuteronomy,23,9,
Deuteronomy,23,10,
Deuteronomy,23,11,
Deuteronomy,23,12,
Deuteronomy,23,13,
Deuteronomy,23,14,
Deuteronomy,23,15,
Deuteronomy,23,16,
Deuteronomy,23,17,
Deuteronomy,23,18,
Deuteronomy,23,19,
Deuteronomy,23,20,
Deuteronomy,23,21,
Deuteronomy,23,22,
Deuteronomy,23,23,
Deuteronomy,23,24,
Deuteronomy,23,25,
Deuteronomy,24,1,
Deuteronomy,24,2,
Deuteronomy,24,3,
Deuteronomy,24,4,
Deuteronomy,24,5,
Deuteronomy,24,6,
Deuteronomy,24,7,
Deuteronomy,24,8,
Deuteronomy,24,9,
Deuteronomy,24,10,
Deuteronomy,24,11,
Deuteronomy,24,12,
Deuteronomy,24,13,
Deuteronomy,24,14,
Deuteronomy,24,15,
Deuteronomy,24,16,
Deuteronomy,24,17,
Deuteronomy,24,18,
Deuteronomy,24,19,
Deuteronomy,24,20,
Deuteronomy,24,21,
Deuteronomy,24,22,
Deuteronomy,25,1,
Deuteronomy,25,2,
Deuteronomy,25,3,
Deuteronomy,25,4,
Deuteronomy,25,5,
Deuteronomy,25,6,
Deuteronomy,25,7,
Deuteronomy,25,8,
Deuteronomy,25,9,
Deuteronomy,25,10,
Deuteronomy,25,11,
Deuteronomy,25,12,
Deuteronomy,25,13,
Deuteronomy,25,14,
Deuteronomy,25,15,
Deuteronomy,25,16,
Deuteronomy,25,17,
Deuteronomy,25,18,
Deuteronomy,25,19,
Deuteronomy,26,1,
Deuteronomy,26,2,
Deuteronomy,26,3,
Deuteronomy,26,4,
Deuteronomy,26,5,
Deuteronomy,26,6,
Deuteronomy,26,7,
Deuteronomy,26,8,
Deuteronomy,26,9,
Deuteronomy,26,10,
Deuteronomy,26,11,
Deuteronomy,26,12,
Deuteronomy,26,13,
Deuteronomy,26,14,
Deuteronomy,26,15,
Deuteronomy,26,16,
Deuteronomy,26,17,
Deuteronomy,26,18,
Deuteronomy,26,19,
Deuteronomy,27,1,
Deuteronomy,27,2,
Deuteronomy,27,3,
Deuteronomy,27,4,
Deuteronomy,27,5,
Deuteronomy,27,6,
Deuteronomy,27,7,
Deuteronomy,27,8,
Deuteronomy,27,9,
Deuteronomy,27,10,
Deuteronomy,27,11,
Deuteronomy,27,12,
Deuteronomy,27,13,
Deuteronomy,27,14,
Deuteronomy,27,15,
Deuteronomy,27,16,
Deuteronomy,27,17,
Deuteronomy,27,18,
Deuteronomy,27,19,
Deuteronomy,27,20,
Deuteronomy,27,21,
Deuteronomy,27,22,
Deuteronomy,27,23,
Deuteronomy,27,24,
Deuteronomy,27,25,
Deuteronomy,27,26,
Deuteronomy,28,1,
Deuteronomy,28,2,
Deuteronomy,28,3,
Deuteronomy,28,4,
Deuteronomy,28,5,
Deuteronomy,28,6,
Deuteronomy,28,7,
Deuteronomy,28,8,
Deuteronomy,28,9,
Deuteronomy,28,10,
Deuteronomy,28,11,
Deuteronomy,28,12,
Deuteronomy,28,13,
Deuteronomy,28,14,
Deuteronomy,28,15,
Deuteronomy,28,16,
Deuteronomy,28,17,
Deuteronomy,28,18,
Deuteronomy,28,19,
Deuteronomy,28,20,
Deuteronomy,28,21,
Deuteronomy,28,22,
Deuteronomy,28,23,
Deuteronomy,28,24,
Deuteronomy,28,25,
Deuteronomy,28,26,
Deuteronomy,28,27,
Deuteronomy,28,28,
Deuteronomy,28,29,
Deuteronomy,28,30,
Deuteronomy,28,31,
Deuteronomy,28,32,
Deuteronomy,28,33,
Deuteronomy,28,34,
Deuteronomy,28,35,
Deuteronomy,28,36,
Deuteronomy,28,37,
Deuteronomy,28,38,
Deuteronomy,28,39,
Deuteronomy,28,40,
Deuteronomy,28,41,
Deuteronomy,28,42,
Deuteronomy,28,43,
Deuteronomy,28,44,
Deuteronomy,28,45,
Deuteronomy,28,46,
Deuteronomy,28,47,
Deuteronomy,28,48,
Deuteronomy,28,49,
Deuteronomy,28,50,
Deuteronomy,28,51,
Deuteronomy,28,52,
Deuteronomy,28,53,
Deuteronomy,28,54,
Deuteronomy,28,55,
Deuteronomy,28,56,
Deuteronomy,28,57,
Deuteronomy,28,58,
Deuteronomy,28,59,
Deuteronomy,28,60,
Deuteronomy,28,61,
Deuteronomy,28,62,
Deuteronomy,28,63,
Deuteronomy,28,64,
Deuteronomy,28,65,
Deuteronomy,28,66,
Deuteronomy,28,67,
Deuteronomy,28,68,
Deuteronomy,29,1,
Deuteronomy,29,2,
Deuteronomy,29,3,
Deuteronomy,29,4,
Deuteronomy,29,5,
Deuteronomy,29,6,
Deuteronomy,29,7,
Deuteronomy,29,8,
Deuteronomy,29,9,
Deuteronomy,29,10,
Deuteronomy,29,11,
Deuteronomy,29,12,
Deuteronomy,29,13,
Deuteronomy,29,14,
Deuteronomy,29,15,
Deuteronomy,29,16,
Deuteronomy,29,17,
Deuteronomy,29,18,
Deuteronomy,29,19,
Deuteronomy,29,20,
Deuteronomy,29,21,
Deuteronomy,29,22,
Deuteronomy,29,23,
Deuteronomy,29,24,
Deuteronomy,29,25,
Deuteronomy,29,26,
Deuteronomy,29,27,
Deuteronomy,29,28,
Deuteronomy,29,29,
Deuteronomy,30,1,
Deuteronomy,30,2,
Deuteronomy,30,3,
Deuteronomy,30,4,
Deuteronomy,30,5,
Deuteronomy,30,6,
Deuteronomy,30,7,
Deuteronomy,30,8,
Deuteronomy,30,9,
Deuteronomy,30,10,
Deuteronomy,30,11,
Deuteronomy,30,12,
Deuteronomy,30,13,
Deuteronomy,30,14,
Deuteronomy,30,15,
Deuteronomy,30,16,
Deuteronomy,30,17,
Deuteronomy,30,18,
Deuteronomy,30,19,
Deuteronomy,30,20,
Deuteronomy,31,1,
Deuteronomy,31,2,
Deuteronomy,31,3,
Deuteronomy,31,4,
Deuteronomy,31,5,
Deuteronomy,31,6,
Deuteronomy,31,7,
Deuteronomy,31,8,
Deuteronomy,31,9,
Deuteronomy,31,10,
Deuteronomy,31,11,
Deuteronomy,31,12,
Deuteronomy,31,13,
Deuteronomy,31,14,
Deuteronomy,31,15,
Deuteronomy,31,16,
Deuteronomy,31,17,
Deuteronomy,31,18,
Deuteronomy,31,19,
Deuteronomy,31,20,
Deuteronomy,31,21,
Deuteronomy,31,22,
Deuteronomy,31,23,
Deuteronomy,31,24,
Deuteronomy,31,25,
Deuteronomy,31,26,
Deuteronomy,31,27,
Deuteronomy,31,28,
Deuteronomy,31,29,
Deuteronomy,31,30,
Deuteronomy,32,1,
Deuteronomy,32,2,
Deuteronomy,32,3,
Deuteronomy,32,4,
Deuteronomy,32,5,
Deuteronomy,32,6,
Deuteronomy,32,7,
Deuteronomy,32,8,
Deuteronomy,32,9,
Deuteronomy,32,10,
Deuteronomy,32,11,
Deuteronomy,32,12,
Deuteronomy,32,13,
Deuteronomy,32,14,
Deuteronomy,32,15,
Deuteronomy,32,16,
Deuteronomy,32,17,
Deuteronomy,32,18,
Deuteronomy,32,19,
Deuteronomy,32,20,
Deuteronomy,32,21,
Deuteronomy,32,22,
Deuteronomy,32,23,
Deuteronomy,32,24,
Deuteronomy,32,25,
Deuteronomy,32,26,
Deuteronomy,32,27,
Deuteronomy,32,28,
Deuteronomy,32,29,
Deuteronomy,32,30,
Deuteronomy,32,31,
Deuteronomy,32,32,
Deuteronomy,32,33,
Deuteronomy,32,34,
Deuteronomy,32,35,
Deuteronomy,32,36,
Deuteronomy,32,37,
Deuteronomy,32,38,
Deuteronomy,32,39,
Deuteronomy,32,40,
Deuteronomy,32,41,
Deuteronomy,32,42,
Deuteronomy,32,43,
Deuteronomy,32,44,
Deuteronomy,32,45,
Deuteronomy,32,46,
Deuteronomy,32,47,
Deuteronomy,32,48,
Deuteronomy,32,49,
Deuteronomy,32,50,
Deuteronomy,32,51,
Deuteronomy,32,52,
Deuteronomy,33,1,
Deuteronomy,33,2,
Deuteronomy,33,3,
Deuteronomy,33,4,
Deuteronomy,33,5,
Deuteronomy,33,6,
Deuteronomy,33,7,
Deuteronomy,33,8,
Deuteronomy,33,9,
Deuteronomy,33,10,
Deuteronomy,33,11,
Deuteronomy,33,12,
Deuteronomy,33,13,
Deuteronomy,33,14,
Deuteronomy,33,15,
Deuteronomy,33,16,
Deuteronomy,33,17,
Deuteronomy,33,18,
Deuteronomy,33,19,
Deuteronomy,33,20,
Deuteronomy,33,21,
Deuteronomy,33,22,
Deuteronomy,33,23,
Deuteronomy,33,24,
Deuteronomy,33,25,
Deuteronomy,33,26,
Deuteronomy,33,27,
Deuteronomy,33,28,
Deuteronomy,33,29,
Deuteronomy,34,1,
Deuteronomy,34,2,
Deuteronomy,34,3,
Deuteronomy,34,4,
Deuteronomy,34,5,
Deuteronomy,34,6,
Deuteronomy,34,7,
Deuteronomy,34,8,
Deuteronomy,34,9,
Deuteronomy,34,10,
Deuteronomy,34,11,
Deuteronomy,34,12,
Joshua,1,1,
Joshua,1,2,
Joshua,1,3,
Joshua,1,4,
Joshua,1,5,
Joshua,1,6,
Joshua,1,7,
Joshua,1,8,
Joshua,1,9,
Joshua,1,10,
Joshua,1,11,
Joshua,1,12,
Joshua,1,13,
Joshua,1,14,
Joshua,1,15,
Joshua,1,16,
Joshua,1,17,
Joshua,1,18,
Joshua,2,1,
Joshua,2,2,
Joshua,2,3,
Joshua,2,4,
Joshua,2,5,
Joshua,2,6,
Joshua,2,7,
Joshua,2,8,
Joshua,2,9,
Joshua,2,10,
Joshua,2,11,
Joshua,2,12,
Joshua,2,13,
Joshua,2,14,
Joshua,2,15,
Joshua,2,16,
Joshua,2,17,
Joshua,2,18,
Joshua,2,19,
Joshua,2,20,
Joshua,2,21,
Joshua,2,22,
Joshua,2,23,
Joshua,2,24,
Joshua,3,1,
Joshua,3,2,
Joshua,3,3,
Joshua,3,4,
Joshua,3,5,
Joshua,3,6,
Joshua,3,7,
Joshua,3,8,
Joshua,3,9,
Joshua,3,10,
Joshua,3,11,
Joshua,3,12,
Joshua,3,13,
Joshua,3,14,
Joshua,3,15,
Joshua,3,16,
Joshua,3,17,
Joshua,4,1,
Joshua,4,2,
Joshua,4,3,
Joshua,4,4,
Joshua,4,5,
Joshua,4,6,
Joshua,4,7,
Joshua,4,8,
Joshua,4,9,
Joshua,4,10,
Joshua,4,11,
Joshua,4,12,
Joshua,4,13,
Joshua,4,14,
Joshua,4,15,
Joshua,4,16,
Joshua,4,17,
Joshua,4,18,
Joshua,4,19,
Joshua,4,20,
Joshua,4,21,
Joshua,4,22,
Joshua,4,23,
Joshua,4,24,
Joshua,5,1,
Joshua,5,2,
Joshua,5,3,
Joshua,5,4,
Joshua,5,5,
Joshua,5,6,
Joshua,5,7,
Joshua,5,8,
Joshua,5,9,
Joshua,5,10,
Joshua,5,11,
Joshua,5,12,
Joshua,5,13,
Joshua,5,14,
Joshua,5,15,
Joshua,6,1,
Joshua,6,2,
Joshua,6,3,
Joshua,6,4,
Joshua,6,5,
Joshua,6,6,
Joshua,6,7,
Joshua,6,8,
Joshua,6,9,
Joshua,6,10,
Joshua,6,11,
Joshua,6,12,
Joshua,6,13,
Joshua,6,14,
Joshua,6,15,
Joshua,6,16,
Joshua,6,17,
Joshua,6,18,
Joshua,6,19,
Joshua,6,20,
Joshua,6,21,
Joshua,6,22,
Joshua,6,23,
Joshua,6,24,
Joshua,6,25,
Joshua,6,26,
Joshua,6,27,
Joshua,7,1,
Joshua,7,2,
Joshua,7,3,
Joshua,7,4,
Joshua,7,5,
Joshua,7,6,
Joshua,7,7,
Joshua,7,8,
Joshua,7,9,
Joshua,7,10,
Joshua,7,11,
Joshua,7,12,
Joshua,7,13,
Joshua,7,14,
Joshua,7,15,
Joshua,7,16,
Joshua,7,17,
Joshua,7,18,
Joshua,7,19,
Joshua,7,20,
Joshua,7,21,
Joshua,7,22,
Joshua,7,23,
Joshua,7,24,
Joshua,7,25,
Joshua,7,26,
Joshua,8,1,
Joshua,8,2,
Joshua,8,3,
Joshua,8,4,
Joshua,8,5,
Joshua,8,6,
Joshua,8,7,
Joshua,8,8,
Joshua,8,9,
Joshua,8,10,
Joshua,8,11,
Joshua,8,12,
Joshua,8,13,
Joshua,8,14,
Joshua,8,15,
Joshua,8,16,
Joshua,8,17,
Joshua,8,18,
Joshua,8,19,
Joshua,8,20,
Joshua,8,21,
Joshua,8,22,
Joshua,8,23,
Joshua,8,24,
Joshua,8,25,
Joshua,8,26,
Joshua,8,27,
Joshua,8,28,
Joshua,8,29,
Joshua,8,30,
Joshua,8,31,
Joshua,8,32,
Joshua,8,33,
Joshua,8,34,
Joshua,8,35,
Joshua,9,1,
Joshua,9,2,
Joshua,9,3,
Joshua,9,4,
Joshua,9,5,
Joshua,9,6,
Joshua,9,7,
Joshua,9,8,
Joshua,9,9,
Joshua,9,10,
Joshua,9,11,
Joshua,9,12,
Joshua,9,13,
Joshua,9,14,
Joshua,9,15,
Joshua,9,16,
Joshua,9,17,
Joshua,9,18,
Joshua,9,19,
Joshua,9,20,
Joshua,9,21,
Joshua,9,22,
Joshua,9,23,
Joshua,9,24,
Joshua,9,25,
Joshua,9,26,
Joshua,9,27,
Joshua,10,1,
Joshua,10,2,
Joshua,10,3,
Joshua,10,4,
Joshua,10,5,
Joshua,10,6,
Joshua,10,7,
Joshua,10,8,
Joshua,10,9,
Joshua,10,10,
Joshua,10,11,
Joshua,10,12,
Joshua,10,13,
Joshua,10,14,
Joshua,10,15,
Joshua,10,16,
Joshua,10,17,
Joshua,10,18,
Joshua,10,19,
Joshua,10,20,
Joshua,10,21,
Joshua,10,22,
Joshua,10,23,
Joshua,10,24,
Joshua,10,25,
Joshua,10,26,
Joshua,10,27,
Joshua,10,28,
Joshua,10,29,
Joshua,10,30,
Joshua,10,31,
Joshua,10,32,
Joshua,10,33,
Joshua,10,34,
Joshua,10,35,
Joshua,10,36,
Joshua,10,37,
Joshua,10,38,
Joshua,10,39,
Joshua,10,40,
Joshua,10,41,
Joshua,10,42,
Joshua,10,43,
Joshua,11,1,
Joshua,11,2,
Joshua,11,3,
Joshua,11,4,
Joshua,11,5,
Joshua,11,6,
Joshua,11,7,
Joshua,11,8,
Joshua,11,9,
Joshua,11,10,
Joshua,11,11,
Joshua,11,12,
Joshua,11,13,
Joshua,11,14,
Joshua,11,15,
Joshua,11,16,
Joshua,11,17,
Joshua,11,18,
Joshua,11,19,
Joshua,11,20,
Joshua,11,21,
Joshua,11,22,
Joshua,11,23,
Joshua,12,1,
Joshua,12,2,
Joshua,12,3,
Joshua,12,4,
Joshua,12,5,
Joshua,12,6,
Joshua,12,7,
Joshua,12,8,
Joshua,12,9,
Joshua,12,10,
Joshua,12,11,
Joshua,12,12,
Joshua,12,13,
Joshua,12,14,
Joshua,12,15,
Joshua,12,16,
Joshua,12,17,
Joshua,12,18,
Joshua,12,19,
Joshua,12,20,
Joshua,12,21,
Joshua,12,22,
Joshua,12,23,
Joshua,12,24,
Joshua,13,1,
Joshua,13,2,
Joshua,13,3,
Joshua,13,4,
Joshua,13,5,
Joshua,13,6,
Joshua,13,7,
Joshua,13,8,
Joshua,13,9,
Joshua,13,10,
Joshua,13,11,
Joshua,13,12,
Joshua,13,13,
Joshua,13,14,
Joshua,13,15,
Joshua,13,16,
Joshua,13,17,
Joshua,13,18,
Joshua,13,19,
Joshua,13,20,
Joshua,13,21,
Joshua,13,22,
Joshua,13,23,
Joshua,13,24,
Joshua,13,25,
Joshua,13,26,
Joshua,13,27,
Joshua,13,28,
Joshua,13,29,
Joshua,13,30,
Joshua,13,31,
Joshua,13,32,
Joshua,13,33,
Joshua,14,1,
Joshua,14,2,
Joshua,14,3,
Joshua,14,4,
Joshua,14,5,
Joshua,14,6,
Joshua,14,7,
Joshua,14,8,
Joshua,14,9,
Joshua,14,10,
Joshua,14,11,
Joshua,14,12,
Joshua,14,13,
Joshua,14,14,
Joshua,14,15,
Joshua,15,1,
Joshua,15,2,
Joshua,15,3,
Joshua,15,4,
Joshua,15,5,
Joshua,15,6,
Joshua,15,7,
Joshua,15,8,
Joshua,15,9,
Joshua,15,10,
Joshua,15,11,
Joshua,15,12,
Joshua,15,13,
Joshua,15,14,
Joshua,15,15,
Joshua,15,16,
Joshua,15,17,
Joshua,15,18,
Joshua,15,19,
Joshua,15,20,
Joshua,15,21,
Joshua,15,22,
Joshua,15,23,
Joshua,15,24,
Joshua,15,25,
Joshua,15,26,
Joshua,15,27,
Joshua,15,28,
Joshua,15,29,
Joshua,15,30,
Joshua,15,31,
Joshua,15,32,
Joshua,15,33,
Joshua,15,34,
Joshua,15,35,
Joshua,15,36,
Joshua,15,37,
Joshua,15,38,
Joshua,15,39,
Joshua,15,40,
Joshua,15,41,
Joshua,15,42,
Joshua,15,43,
Joshua,15,44,
Joshua,15,45,
Joshua,15,46,
Joshua,15,47,
Joshua,15,48,
Joshua,15,49,
Joshua,15,50,
Joshua,15,51,
Joshua,15,52,
Joshua,15,53,
Joshua,15,54,
Joshua,15,55,
Joshua,15,56,
Joshua,15,57,
Joshua,15,58,
Joshua,15,59,
Joshua,15,60,
Joshua,15,61,
Joshua,15,62,
Joshua,15,63,
Joshua,16,1,
Joshua,16,2,
Joshua,16,3,
Joshua,16,4,
Joshua,16,5,
Joshua,16,6,
Joshua,16,7,
Joshua,16,8,
Joshua,16,9,
Joshua,16,10,
Joshua,17,1,
Joshua,17,2,
Joshua,17,3,
Joshua,17,4,
Joshua,17,5,
Joshua,17,6,
Joshua,17,7,
Joshua,17,8,
Joshua,17,9,
Joshua,17,10,
Joshua,17,11,
Joshua,17,12,
Joshua,17,13,
Joshua,17,14,
Joshua,17,15,
Joshua,17,16,
Joshua,17,17,
Joshua,17,18,
Joshua,18,1,
Joshua,18,2,
Joshua,18,3,
Joshua,18,4,
Joshua,18,5,
Joshua,18,6,
Joshua,18,7,
Joshua,18,8,
Joshua,18,9,
Joshua,18,10,
Joshua,18,11,
Joshua,18,12,
Joshua,18,13,
Joshua,18,14,
Joshua,18,15,
Joshua,18,16,
Joshua,18,17,
Joshua,18,18,
Joshua,18,19,
Joshua,18,20,
Joshua,18,21,
Joshua,18,22,
Joshua,18,23,
Joshua,18,24,
Joshua,18,25,
Joshua,18,26,
Joshua,18,27,
Joshua,18,28,
Joshua,19,1,
Joshua,19,2,
Joshua,19,3,
Joshua,19,4,
Joshua,19,5,
Joshua,19,6,
Joshua,19,7,
Joshua,19,8,
Joshua,19,9,
Joshua,19,10,
Joshua,19,11,
Joshua,19,12,
Joshua,19,13,
Joshua,19,14,
Joshua,19,15,
Joshua,19,16,
Joshua,19,17,
Joshua,19,18,
Joshua,19,19,
Joshua,19,20,
Joshua,19,21,
Joshua,19,22,
Joshua,19,23,
Joshua,19,24,
Joshua,19,25,
Joshua,19,26,
Joshua,19,27,
Joshua,19,28,
Joshua,19,29,
Joshua,19,30,
Joshua,19,31,
Joshua,19,32,
Joshua,19,33,
Joshua,19,34,
Joshua,19,35,
Joshua,19,36,
Joshua,19,37,
Joshua,19,38,
Joshua,19,39,
Joshua,19,40,
Joshua,19,41,
Joshua,19,42,
Joshua,19,43,
Joshua,19,44,
Joshua,19,45,
Joshua,19,46,
Joshua,19,47,
Joshua,19,48,
Joshua,19,49,
Joshua,19,50,
Joshua,19,51,
Joshua,20,1,
Joshua,20,2,
Joshua,20,3,
Joshua,20,4,
Joshua,20,5,
Joshua,20,6,
Joshua,20,7,
Joshua,20,8,
Joshua,20,9,
Joshua,21,1,
Joshua,21,2,
Joshua,21,3,
Joshua,21,4,
Joshua,21,5,
Joshua,21,6,
Joshua,21,7,
Joshua,21,8,
Joshua,21,9,
Joshua,21,10,
Joshua,21,11,
Joshua,21,12,
Joshua,21,13,
Joshua,21,14,
Joshua,21,15,
Joshua,21,16,
Joshua,21,17,
Joshua,21,18,
Joshua,21,19,
Joshua,21,20,
Joshua,21,21,
Joshua,21,22,
Joshua,21,23,
Joshua,21,24,
Joshua,21,25,
Joshua,21,26,
Joshua,21,27,
Joshua,21,28,
Joshua,21,29,
Joshua,21,30,
Joshua,21,31,
Joshua,21,32,
Joshua,21,33,
Joshua,21,34,
Joshua,21,35,
Joshua,21,36,
Joshua,21,37,
Joshua,21,38,
Joshua,21,39,
Joshua,21,40,
Joshua,21,41,
Joshua,21,42,
Joshua,21,43,
Joshua,21,44,
Joshua,21,45,
Joshua,22,1,
Joshua,22,2,
Joshua,22,3,
Joshua,22,4,
Joshua,22,5,
Joshua,22,6,
Joshua,22,7,
Joshua,22,8,
Joshua,22,9,
Joshua,22,10,
Joshua,22,11,
Joshua,22,12,
Joshua,22,13,
Joshua,22,14,
Joshua,22,15,
Joshua,22,16,
Joshua,22,17,
Joshua,22,18,
Joshua,22,19,
Joshua,22,20,
Joshua,22,21,
Joshua,22,22,
Joshua,22,23,
Joshua,22,24,
Joshua,22,25,
Joshua,22,26,
Joshua,22,27,
Joshua,22,28,
Joshua,22,29,
Joshua,22,30,
Joshua,22,31,
Joshua,22,32,
Joshua,22,33,
Joshua,22,34,
Joshua,23,1,
Joshua,23,2,
Joshua,23,3,
Joshua,23,4,
Joshua,23,5,
Joshua,23,6,
Joshua,23,7,
Joshua,23,8,
Joshua,23,9,
Joshua,23,10,
Joshua,23,11,
Joshua,23,12,
Joshua,23,13,
Joshua,23,14,
Joshua,23,15,
Joshua,23,16,
Joshua,24,1,
Joshua,24,2,
Joshua,24,3,
Joshua,24,4,
Joshua,24,5,
Joshua,24,6,
Joshua,24,7,
Joshua,24,8,
Joshua,24,9,
Joshua,24,10,
Joshua,24,11,
Joshua,24,12,
Joshua,24,13,
Joshua,24,14,
Joshua,24,15,
Joshua,24,16,
Joshua,24,17,
Joshua,24,18,
Joshua,24,19,
Joshua,24,20,
Joshua,24,21,
Joshua,24,22,
Joshua,24,23,
Joshua,24,24,
Joshua,24,25,
Joshua,24,26,
Joshua,24,27,
Joshua,24,28,
Joshua,24,29,
Joshua,24,30,
Joshua,24,31,
Joshua,24,32,
Joshua,24,33,
Judges,1,1,
Judges,1,2,
Judges,1,3,
Judges,1,4,
Judges,1,5,
Judges,1,6,
Judges,1,7,
Judges,1,8,
Judges,1,9,
Judges,1,10,
Judges,1,11,
Judges,1,12,
Judges,1,13,
Judges,1,14,
Judges,1,15,
Judges,1,16,
Judges,1,17,
Judges,1,18,
Judges,1,19,
Judges,1,20,
Judges,1,21,
Judges,1,22,
Judges,1,23,
Judges,1,24,
Judges,1,25,
Judges,1,26,
Judges,1,27,
Judges,1,28,
Judges,1,29,
Judges,1,30,
Judges,1,31,
Judges,1,32,
Judges,1,33,
Judges,1,34,
Judges,1,35,
Judges,1,36,
Judges,2,1,
Judges,2,2,
Judges,2,3,
Judges,2,4,
Judges,2,5,
Judges,2,6,
Judges,2,7,
Judges,2,8,
Judges,2,9,
Judges,2,10,
Judges,2,11,
Judges,2,12,
Judges,2,13,
Judges,2,14,
Judges,2,15,
Judges,2,16,
Judges,2,17,
Judges,2,18,
Judges,2,19,
Judges,2,20,
Judges,2,21,
Judges,2,22,
Judges,2,23,
Judges,3,1,
Judges,3,2,
Judges,3,3,
Judges,3,4,
Judges,3,5,
Judges,3,6,
Judges,3,7,
Judges,3,8,
Judges,3,9,
Judges,3,10,
Judges,3,11,
Judges,3,12,
Judges,3,13,
Judges,3,14,
Judges,3,15,
Judges,3,16,
Judges,3,17,
Judges,3,18,
Judges,3,19,
Judges,3,20,
Judges,3,21,
Judges,3,22,
Judges,3,23,
Judges,3,24,
Judges,3,25,
Judges,3,26,
Judges,3,27,
Judges,3,28,
Judges,3,29,
Judges,3,30,
Judges,3,31,
Judges,4,1,
Judges,4,2,
Judges,4,3,
Judges,4,4,
Judges,4,5,
Judges,4,6,
Judges,4,7,
Judges,4,8,
Judges,4,9,
Judges,4,10,
Judges,4,11,
Judges,4,12,
Judges,4,13,
Judges,4,14,
Judges,4,15,
Judges,4,16,
Judges,4,17,
Judges,4,18,
Judges,4,19,
Judges,4,20,
Judges,4,21,
Judges,4,22,
Judges,4,23,
Judges,4,24,
Judges,5,1,
Judges,5,2,
Judges,5,3,
Judges,5,4,
Judges,5,5,
Judges,5,6,
Judges,5,7,
Judges,5,8,
Judges,5,9,
Judges,5,10,
Judges,5,11,
Judges,5,12,
Judges,5,13,
Judges,5,14,
Judges,5,15,
Judges,5,16,
Judges,5,17,
Judges,5,18,
Judges,5,19,
Judges,5,20,
Judges,5,21,
Judges,5,22,
Judges,5,23,
Judges,5,24,
Judges,5,25,
Judges,5,26,
Judges,5,27,
Judges,5,28,
Judges,5,29,
Judges,5,30,
Judges,5,31,
Judges,6,1,
Judges,6,2,
Judges,6,3,
Judges,6,4,
Judges,6,5,
Judges,6,6,
Judges,6,7,
Judges,6,8,
Judges,6,9,
Judges,6,10,
Judges,6,11,
Judges,6,12,
Judges,6,13,
Judges,6,14,
Judges,6,15,
Judges,6,16,
Judges,6,17,
Judges,6,18,
Judges,6,19,
Judges,6,20,
Judges,6,21,
Judges,6,22,
Judges,6,23,
Judges,6,24,
Judges,6,25,
Judges,6,26,
Judges,6,27,
Judges,6,28,
Judges,6,29,
Judges,6,30,
Judges,6,31,
Judges,6,32,
Judges,6,33,
Judges,6,34,
Judges,6,35,
Judges,6,36,
Judges,6,37,
Judges,6,38,
Judges,6,39,
Judges,6,40,
Judges,7,1,
Judges,7,2,
Judges,7,3,
Judges,7,4,
Judges,7,5,
Judges,7,6,
Judges,7,7,
Judges,7,8,
Judges,7,9,
Judges,7,10,
Judges,7,11,
Judges,7,12,
Judges,7,13,
Judges,7,14,
Judges,7,15,
Judges,7,16,
Judges,7,17,
Judges,7,18,
Judges,7,19,
Judges,7,20,
Judges,7,21,
Judges,7,22,
Judges,7,23,
Judges,7,24,
Judges,7,25,
Judges,8,1,
Judges,8,2,
Judges,8,3,
Judges,8,4,
Judges,8,5,
Judges,8,6,
Judges,8,7,
Judges,8,8,
Judges,8,9,
Judges,8,10,
Judges,8,11,
Judges,8,12,
Judges,8,13,
Judges,8,14,
Judges,8,15,
Judges,8,16,
Judges,8,17,
Judges,8,18,
Judges,8,19,
Judges,8,20,
Judges,8,21,
Judges,8,22,
Judges,8,23,
Judges,8,24,
Judges,8,25,
Judges,8,26,
Judges,8,27,
Judges,8,28,
Judges,8,29,
Judges,8,30,
Judges,8,31,
Judges,8,32,
Judges,8,33,
Judges,8,34,
Judges,8,35,
Judges,9,1,
Judges,9,2,
Judges,9,3,
Judges,9,4,
Judges,9,5,
Judges,9,6,
Judges,9,7,
Judges,9,8,
Judges,9,9,
Judges,9,10,
Judges,9,11,
Judges,9,12,
Judges,9,13,
Judges,9,14,
Judges,9,15,
Judges,9,16,
Judges,9,17,
Judges,9,18,
Judges,9,19,
Judges,9,20,
Judges,9,21,
Judges,9,22,
Judges,9,23,
Judges,9,24,
Judges,9,25,
Judges,9,26,
Judges,9,27,
Judges,9,28,
Judges,9,29,
Judges,9,30,
Judges,9,31,
Judges,9,32,
Judges,9,33,
Judges,9,34,
Judges,9,35,
Judges,9,36,
Judges,9,37,
Judges,9,38,
Judges,9,39,
Judges,9,40,
Judges,9,41,
Judges,9,42,
Judges,9,43,
Judges,9,44,
Judges,9,45,
Judges,9,46,
Judges,9,47,
Judges,9,48,
Judges,9,49,
Judges,9,50,
Judges,9,51,
Judges,9,52,
Judges,9,53,
Judges,9,54,
Judges,9,55,
Judges,9,56,
Judges,9,57,
Judges,10,1,
Judges,10,2,
Judges,10,3,
Judges,10,4,
Judges,10,5,
Judges,10,6,
Judges,10,7,
Judges,10,8,
Judges,10,9,
Judges,10,10,
Judges,10,11,
Judges,10,12,
Judges,10,13,
Judges,10,14,
Judges,10,15,
Judges,10,16,
Judges,10,17,
Judges,10,18,
Judges,11,1,
Judges,11,2,
Judges,11,3,
Judges,11,4,
Judges,11,5,
Judges,11,6,
Judges,11,7,
Judges,11,8,
Judges,11,9,
Judges,11,10,
Judges,11,11,
Judges,11,12,
Judges,11,13,
Judges,11,14,
Judges,11,15,
Judges,11,16,
Judges,11,17,
Judges,11,18,
Judges,11,19,
Judges,11,20,
Judges,11,21,
Judges,11,22,
Judges,11,23,
Judges,11,24,
Judges,11,25,
Judges,11,26,
Judges,11,27,
Judges,11,28,
Judges,11,29,
Judges,11,30,
Judges,11,31,
Judges,11,32,
Judges,11,33,
Judges,11,34,
Judges,11,35,
Judges,11,36,
Judges,11,37,
Judges,11,38,
Judges,11,39,
Judges,11,40,
Judges,12,1,
Judges,12,2,
Judges,12,3,
Judges,12,4,
Judges,12,5,
Judges,12,6,
Judges,12,7,
Judges,12,8,
Judges,12,9,
Judges,12,10,
Judges,12,11,
Judges,12,12,
Judges,12,13,
Judges,12,14,
Judges,12,15,
Judges,13,1,
Judges,13,2,
Judges,13,3,
Judges,13,4,
Judges,13,5,
Judges,13,6,
Judges,13,7,
Judges,13,8,
Judges,13,9,
Judges,13,10,
Judges,13,11,
Judges,13,12,
Judges,13,13,
Judges,13,14,
Judges,13,15,
Judges,13,16,
Judges,13,17,
Judges,13,18,
Judges,13,19,
Judges,13,20,
Judges,13,21,
Judges,13,22,
Judges,13,23,
Judges,13,24,
Judges,13,25,
Judges,14,1,
Judges,14,2,
Judges,14,3,
Judges,14,4,
Judges,14,5,
Judges,14,6,
Judges,14,7,
Judges,14,8,
Judges,14,9,
Judges,14,10,
Judges,14,11,
Judges,14,12,
Judges,14,13,
Judges,14,14,
Judges,14,15,
Judges,14,16,
Judges,14,17,
Judges,14,18,
Judges,14,19,
Judges,14,20,
Judges,15,1,
Judges,15,2,
Judges,15,3,
Judges,15,4,
Judges,15,5,
Judges,15,6,
Judges,15,7,
Judges,15,8,
Judges,15,9,
Judges,15,10,
Judges,15,11,
Judges,15,12,
Judges,15,13,
Judges,15,14,
Judges,15,15,
Judges,15,16,
Judges,15,17,
Judges,15,18,
Judges,15,19,
Judges,15,20,
Judges,16,1,
Judges,16,2,
Judges,16,3,
Judges,16,4,
Judges,16,5,
Judges,16,6,
Judges,16,7,
Judges,16,8,
Judges,16,9,
Judges,16,10,
Judges,16,11,
Judges,16,12,
Judges,16,13,
Judges,16,14,
Judges,16,15,
Judges,16,16,
Judges,16,17,
Judges,16,18,
Judges,16,19,
Judges,16,20,
Judges,16,21,
Judges,16,22,
Judges,16,23,
Judges,16,24,
Judges,16,25,
Judges,16,26,
Judges,16,27,
Judges,16,28,
Judges,16,29,
Judges,16,30,
Judges,16,31,
Judges,17,1,
Judges,17,2,
Judges,17,3,
Judges,17,4,
Judges,17,5,
Judges,17,6,
Judges,17,7,
Judges,17,8,
Judges,17,9,
Judges,17,10,
Judges,17,11,
Judges,17,12,
Judges,17,13,
Judges,18,1,
Judges,18,2,
Judges,18,3,
Judges,18,4,
Judges,18,5,
Judges,18,6,
Judges,18,7,
Judges,18,8,
Judges,18,9,
Judges,18,10,
Judges,18,11,
Judges,18,12,
Judges,18,13,
Judges,18,14,
Judges,18,15,
Judges,18,16,
Judges,18,17,
Judges,18,18,
Judges,18,19,
Judges,18,20,
Judges,18,21,
Judges,18,22,
Judges,18,23,
Judges,18,24,
Judges,18,25,
Judges,18,26,
Judges,18,27,
Judges,18,28,
Judges,18,29,
Judges,18,30,
Judges,18,31,
Judges,19,1,
Judges,19,2,
Judges,19,3,
Judges,19,4,
Judges,19,5,
Judges,19,6,
Judges,19,7,
Judges,19,8,
Judges,19,9,
Judges,19,10,
Judges,19,11,
Judges,19,12,
Judges,19,13,
Judges,19,14,
Judges,19,15,
Judges,19,16,
Judges,19,17,
Judges,19,18,
Judges,19,19,
Judges,19,20,
Judges,19,21,
Judges,19,22,
Judges,19,23,
Judges,19,24,
Judges,19,25,
Judges,19,26,
Judges,19,27,
Judges,19,28,
Judges,19,29,
Judges,19,30,
Judges,20,1,
Judges,20,2,
Judges,20,3,
Judges,20,4,
Judges,20,5,
Judges,20,6,
Judges,20,7,
Judges,20,8,
Judges,20,9,
Judges,20,10,
Judges,20,11,
Judges,20,12,
Judges,20,13,
Judges,20,14,
Judges,20,15,
Judges,20,16,
Judges,20,17,
Judges,20,18,
Judges,20,19,
Judges,20,20,
Judges,20,21,
Judges,20,22,
Judges,20,23,
Judges,20,24,
Judges,20,25,
Judges,20,26,
Judges,20,27,
Judges,20,28,
Judges,20,29,
Judges,20,30,
Judges,20,31,
Judges,20,32,
Judges,20,33,
Judges,20,34,
Judges,20,35,
Judges,20,36,
Judges,20,37,
Judges,20,38,
Judges,20,39,
Judges,20,40,
Judges,20,41,
Judges,20,42,
Judges,20,43,
Judges,20,44,
Judges,20,45,
Judges,20,46,
Judges,20,47,
Judges,20,48,
Judges,21,1,
Judges,21,2,
Judges,21,3,
Judges,21,4,
Judges,21,5,
Judges,21,6,
Judges,21,7,
Judges,21,8,
Judges,21,9,
Judges,21,10,
Judges,21,11,
Judges,21,12,
Judges,21,13,
Judges,21,14,
Judges,21,15,
Judges,21,16,
Judges,21,17,
Judges,21,18,
Judges,21,19,
Judges,21,20,
Judges,21,21,
Judges,21,22,
Judges,21,23,
Judges,21,24,
Judges,21,25,
Ruth,1,1,
Ruth,1,2,
Ruth,1,3,
Ruth,1,4,
Ruth,1,5,
Ruth,1,6,
Ruth,1,7,
Ruth,1,8,
Ruth,1,9,
Ruth,1,10,
Ruth,1,11,
Ruth,1,12,
Ruth,1,13,
Ruth,1,14,
Ruth,1,15,
Ruth,1,16,
Ruth,1,17,
Ruth,1,18,
Ruth,1,19,
Ruth,1,20,
Ruth,1,21,
Ruth,1,22,
Ruth,2,1,
Ruth,2,2,
Ruth,2,3,
Ruth,2,4,
Ruth,2,5,
Ruth,2,6,
Ruth,2,7,
Ruth,2,8,
Ruth,2,9,
Ruth,2,10,
Ruth,2,11,
Ruth,2,12,
Ruth,2,13,
Ruth,2,14,
Ruth,2,15,
Ruth,2,16,
Ruth,2,17,
Ruth,2,18,
Ruth,2,19,
Ruth,2,20,
Ruth,2,21,
Ruth,2,22,
Ruth,2,23,
Ruth,3,1,
Ruth,3,2,
Ruth,3,3,
Ruth,3,4,
Ruth,3,5,
Ruth,3,6,
Ruth,3,7,
Ruth,3,8,
Ruth,3,9,
Ruth,3,10,
Ruth,3,11,
Ruth,3,12,
Ruth,3,13,
Ruth,3,14,
Ruth,3,15,
Ruth,3,16,
Ruth,3,17,
Ruth,3,18,
Ruth,4,1,
Ruth,4,2,
Ruth,4,3,
Ruth,4,4,
Ruth,4,5,
Ruth,4,6,
Ruth,4,7,
Ruth,4,8,
Ruth,4,9,
Ruth,4,10,
Ruth,4,11,
Ruth,4,12,
Ruth,4,13,
Ruth,4,14,
Ruth,4,15,
Ruth,4,16,
Ruth,4,17,
Ruth,4,18,
Ruth,4,19,
Ruth,4,20,
Ruth,4,21,
Ruth,4,22,
I Samuel,1,1,
I Samuel,1,2,
I Samuel,1,3,
I Samuel,1,4,
I Samuel,1,5,
I Samuel,1,6,
I Samuel,1,7,
I Samuel,1,8,
I Samuel,1,9,
I Samuel,1,10,
I Samuel,1,11,
I Samuel,1,12,
I Samuel,1,13,
I Samuel,1,14,
I Samuel,1,15,
I Samuel,1,16,
I Samuel,1,17,
I Samuel,1,18,
I Samuel,1,19,
I Samuel,1,20,
I Samuel,1,21,
I Samuel,1,22,
I Samuel,1,23,
I Samuel,1,24,
I Samuel,1,25,
I Samuel,1,26,
I Samuel,1,27,
I Samuel,1,28,
I Samuel,2,1,
I Samuel,2,2,
I Samuel,2,3,
I Samuel,2,4,
I Samuel,2,5,
I Samuel,2,6,
I Samuel,2,7,
I Samuel,2,8,
I Samuel,2,9,
I Samuel,2,10,
I Samuel,2,11,
I Samuel,2,12,
I Samuel,2,13,
I Samuel,2,14,
I Samuel,2,15,
I Samuel,2,16,
I Samuel,2,17,
I Samuel,2,18,
I Samuel,2,19,
I Samuel,2,20,
I Samuel,2,21,
I Samuel,2,22,
I Samuel,2,23,
I Samuel,2,24,
I Samuel,2,25,
I Samuel,2,26,
I Samuel,2,27,
I Samuel,2,28,
I Samuel,2,29,
I Samuel,2,30,
I Samuel,2,31,
I Samuel,2,32,
I Samuel,2,33,
I Samuel,2,34,
I Samuel,2,35,
I Samuel,2,36,
I Samuel,3,1,
I Samuel,3,2,
I Samuel,3,3,
I Samuel,3,4,
I Samuel,3,5,
I Samuel,3,6,
I Samuel,3,7,
I Samuel,3,8,
I Samuel,3,9,
I Samuel,3,10,
I Samuel,3,11,
I Samuel,3,12,
I Samuel,3,13,
I Samuel,3,14,
I Samuel,3,15,
I Samuel,3,16,
I Samuel,3,17,
I Samuel,3,18,
I Samuel,3,19,
I Samuel,3,20,
I Samuel,3,21,
I Samuel,4,1,
I Samuel,4,2,
I Samuel,4,3,
I Samuel,4,4,
I Samuel,4,5,
I Samuel,4,6,
I Samuel,4,7,
I Samuel,4,8,
I Samuel,4,9,
I Samuel,4,10,
I Samuel,4,11,
I Samuel,4,12,
I Samuel,4,13,
I Samuel,4,14,
I Samuel,4,15,
I Samuel,4,16,
I Samuel,4,17,
I Samuel,4,18,
I Samuel,4,19,
I Samuel,4,20,
I Samuel,4,21,
I Samuel,4,22,
I Samuel,5,1,
I Samuel,5,2,
I Samuel,5,3,
I Samuel,5,4,
I Samuel,5,5,
I Samuel,5,6,
I Samuel,5,7,
I Samuel,5,8,
I Samuel,5,9,
I Samuel,5,10,
I Samuel,5,11,
I Samuel,5,12,
I Samuel,6,1,
I Samuel,6,2,
I Samuel,6,3,
I Samuel,6,4,
I Samuel,6,5,
I Samuel,6,6,
I Samuel,6,7,
I Samuel,6,8,
I Samuel,6,9,
I Samuel,6,10,
I Samuel,6,11,
I Samuel,6,12,
I Samuel,6,13,
I Samuel,6,14,
I Samuel,6,15,
I Samuel,6,16,
I Samuel,6,17,
I Samuel,6,18,
I Samuel,6,19,
I Samuel,6,20,
I Samuel,6,21,
I Samuel,7,1,
I Samuel,7,2,
I Samuel,7,3,
I Samuel,7,4,
I Samuel,7,5,
I Samuel,7,6,
I Samuel,7,7,
I Samuel,7,8,
I Samuel,7,9,
I Samuel,7,10,
I Samuel,7,11,
I Samuel,7,12,
I Samuel,7,13,
I Samuel,7,14,
I Samuel,7,15,
I Samuel,7,16,
I Samuel,7,17,
I Samuel,8,1,
I Samuel,8,2,
I Samuel,8,3,
I Samuel,8,4,
I Samuel,8,5,
I Samuel,8,6,
I Samuel,8,7,
I Samuel,8,8,
I Samuel,8,9,
I Samuel,8,10,
I Samuel,8,11,
I Samuel,8,12,
I Samuel,8,13,
I Samuel,8,14,
I Samuel,8,15,
I Samuel,8,16,
I Samuel,8,17,
I Samuel,8,18,
I Samuel,8,19,
I Samuel,8,20,
I Samuel,8,21,
I Samuel,8,22,
I Samuel,9,1,
I Samuel,9,2,
I Samuel,9,3,
I Samuel,9,4,
I Samuel,9,5,
I Samuel,9,6,
I Samuel,9,7,
I Samuel,9,8,
I Samuel,9,9,
I Samuel,9,10,
I Samuel,9,11,
I Samuel,9,12,
I Samuel,9,13,
I Samuel,9,14,
I Samuel,9,15,
I Samuel,9,16,
I Samuel,9,17,
I Samuel,9,18,
I Samuel,9,19,
I Samuel,9,20,
I Samuel,9,21,
I Samuel,9,22,
I Samuel,9,23,
I Samuel,9,24,
I Samuel,9,25,
I Samuel,9,26,
I Samuel,9,27,
I Samuel,10,1,
I Samuel,10,2,
I Samuel,10,3,
I Samuel,10,4,
I Samuel,10,5,
I Samuel,10,6,
I Samuel,10,7,
I Samuel,10,8,
I Samuel,10,9,
I Samuel,10,10,
I Samuel,10,11,
I Samuel,10,12,
I Samuel,10,13,
I Samuel,10,14,
I Samuel,10,15,
I Samuel,10,16,
I Samuel,10,17,
I Samuel,10,18,
I Samuel,10,19,
I Samuel,10,20,
I Samuel,10,21,
I Samuel,10,22,
I Samuel,10,23,
I Samuel,10,24,
I Samuel,10,25,
I Samuel,10,26,
I Samuel,10,27,
I Samuel,11,1,
I Samuel,11,2,
I Samuel,11,3,
I Samuel,11,4,
I Samuel,11,5,
I Samuel,11,6,
I Samuel,11,7,
I Samuel,11,8,
I Samuel,11,9,
I Samuel,11,10,
I Samuel,11,11,
I Samuel,11,12,
I Samuel,11,13,
I Samuel,11,14,
I Samuel,11,15,
I Samuel,12,1,
I Samuel,12,2,
I Samuel,12,3,
I Samuel,12,4,
I Samuel,12,5,
I Samuel,12,6,
I Samuel,12,7,
I Samuel,12,8,
I Samuel,12,9,
I Samuel,12,10,
I Samuel,12,11,
I Samuel,12,12,
I Samuel,12,13,
I Samuel,12,14,
I Samuel,12,15,
I Samuel,12,16,
I Samuel,12,17,
I Samuel,12,18,
I Samuel,12,19,
I Samuel,12,20,
I Samuel,12,21,
I Samuel,12,22,
I Samuel,12,23,
I Samuel,12,24,
I Samuel,12,25,
I Samuel,13,1,
I Samuel,13,2,
I Samuel,13,3,
I Samuel,13,4,
I Samuel,13,5,
I Samuel,13,6,
I Samuel,13,7,
I Samuel,13,8,
I Samuel,13,9,
I Samuel,13,10,
I Samuel,13,11,
I Samuel,13,12,
I Samuel,13,13,
I Samuel,13,14,
I Samuel,13,15,
I Samuel,13,16,
I Samuel,13,17,
I Samuel,13,18,
I Samuel,13,19,
I Samuel,13,20,
I Samuel,13,21,
I Samuel,13,22,
I Samuel,13,23,
I Samuel,14,1,
I Samuel,14,2,
I Samuel,14,3,
I Samuel,14,4,
I Samuel,14,5,
I Samuel,14,6,
I Samuel,14,7,
I Samuel,14,8,
I Samuel,14,9,
I Samuel,14,10,
I Samuel,14,11,
I Samuel,14,12,
I Samuel,14,13,
I Samuel,14,14,
I Samuel,14,15,
I Samuel,14,16,
I Samuel,14,17,
I Samuel,14,18,
I Samuel,14,19,
I Samuel,14,20,
I Samuel,14,21,
I Samuel,14,22,
I Samuel,14,23,
I Samuel,14,24,
I Samuel,14,25,
I Samuel,14,26,
I Samuel,14,27,
I Samuel,14,28,
I Samuel,14,29,
I Samuel,14,30,
I Samuel,14,31,
I Samuel,14,32,
I Samuel,14,33,
I Samuel,14,34,
I Samuel,14,35,
I Samuel,14,36,
I Samuel,14,37,
I Samuel,14,38,
I Samuel,14,39,
I Samuel,14,40,
I Samuel,14,41,
I Samuel,14,42,
I Samuel,14,43,
I Samuel,14,44,
I Samuel,14,45,
I Samuel,14,46,
I Samuel,14,47,
I Samuel,14,48,
I Samuel,14,49,
I Samuel,14,50,
I Samuel,14,51,
I Samuel,14,52,
I Samuel,15,1,
I Samuel,15,2,
I Samuel,15,3,
I Samuel,15,4,
I Samuel,15,5,
I Samuel,15,6,
I Samuel,15,7,
I Samuel,15,8,
I Samuel,15,9,
I Samuel,15,10,
I Samuel,15,11,
I Samuel,15,12,
I Samuel,15,13,
I Samuel,15,14,
I Samuel,15,15,
I Samuel,15,16,
I Samuel,15,17,
I Samuel,15,18,
I Samuel,15,19,
I Samuel,15,20,
I Samuel,15,21,
I Samuel,15,22,
I Samuel,15,23,
I Samuel,15,24,
I Samuel,15,25,
I Samuel,15,26,
I Samuel,15,27,
I Samuel,15,28,
I Samuel,15,29,
I Samuel,15,30,
I Samuel,15,31,
I Samuel,15,32,
I Samuel,15,33,
I Samuel,15,34,
I Samuel,15,35,
I Samuel,16,1,
I Samuel,16,2,
I Samuel,16,3,
I Samuel,16,4,
I Samuel,16,5,
I Samuel,16,6,
I Samuel,16,7,
I Samuel,16,8,
I Samuel,16,9,
I Samuel,16,10,
I Samuel,16,11,
I Samuel,16,12,
I Samuel,16,13,
I Samuel,16,14,
I Samuel,16,15,
I Samuel,16,16,
I Samuel,16,17,
I Samuel,16,18,
I Samuel,16,19,
I Samuel,16,20,
I Samuel,16,21,
I Samuel,16,22,
I Samuel,16,23,
I Samuel,17,1,
I Samuel,17,2,
I Samuel,17,3,
I Samuel,17,4,
I Samuel,17,5,
I Samuel,17,6,
I Samuel,17,7,
I Samuel,17,8,
I Samuel,17,9,
I Samuel,17,10,
I Samuel,17,11,
I Samuel,17,12,
I Samuel,17,13,
I Samuel,17,14,
I Samuel,17,15,
I Samuel,17,16,
I Samuel,17,17,
I Samuel,17,18,
I Samuel,17,19,
I Samuel,17,20,
I Samuel,17,21,
I Samuel,17,22,
I Samuel,17,23,
I Samuel,17,24,
I Samuel,17,25,
I Samuel,17,26,
I Samuel,17,27,
I Samuel,17,28,
I Samuel,17,29,
I Samuel,17,30,
I Samuel,17,31,
I Samuel,17,32,
I Samuel,17,33,
I Samuel,17,34,
I Samuel,17,35,
I Samuel,17,36,
I Samuel,17,37,
I Samuel,17,38,
I Samuel,17,39,
I Samuel,17,40,
I Samuel,17,41,
I Samuel,17,42,
I Samuel,17,43,
I Samuel,17,44,
I Samuel,17,45,
I Samuel,17,46,
I Samuel,17,47,
I Samuel,17,48,
I Samuel,17,49,
I Samuel,17,50,
I Samuel,17,51,
I Samuel,17,52,
I Samuel,17,53,
I Samuel,17,54,
I Samuel,17,55,
I Samuel,17,56,
I Samuel,17,57,
I Samuel,17,58,
I Samuel,18,1,
I Samuel,18,2,
I Samuel,18,3,
I Samuel,18,4,
I Samuel,18,5,
I Samuel,18,6,
I Samuel,18,7,
I Samuel,18,8,
I Samuel,18,9,
I Samuel,18,10,
I Samuel,18,11,
I Samuel,18,12,
I Samuel,18,13,
I Samuel,18,14,
I Samuel,18,15,
I Samuel,18,16,
I Samuel,18,17,
I Samuel,18,18,
I Samuel,18,19,
I Samuel,18,20,
I Samuel,18,21,
I Samuel,18,22,
I Samuel,18,23,
I Samuel,18,24,
I Samuel,18,25,
I Samuel,18,26,
I Samuel,18,27,
I Samuel,18,28,
I Samuel,18,29,
I Samuel,18,30,
I Samuel,19,1,
I Samuel,19,2,
I Samuel,19,3,
I Samuel,19,4,
I Samuel,19,5,
I Samuel,19,6,
I Samuel,19,7,
I Samuel,19,8,
I Samuel,19,9,
I Samuel,19,10,
I Samuel,19,11,
I Samuel,19,12,
I Samuel,19,13,
I Samuel,19,14,
I Samuel,19,15,
I Samuel,19,16,
I Samuel,19,17,
I Samuel,19,18,
I Samuel,19,19,
I Samuel,19,20,
I Samuel,19,21,
I Samuel,19,22,
I Samuel,19,23,
I Samuel,19,24,
I Samuel,20,1,
I Samuel,20,2,
I Samuel,20,3,
I Samuel,20,4,
I Samuel,20,5,
I Samuel,20,6,
I Samuel,20,7,
I Samuel,20,8,
I Samuel,20,9,
I Samuel,20,10,
I Samuel,20,11,
I Samuel,20,12,
I Samuel,20,13,
I Samuel,20,14,
I Samuel,20,15,
I Samuel,20,16,
I Samuel,20,17,
I Samuel,20,18,
I Samuel,20,19,
I Samuel,20,20,
I Samuel,20,21,
I Samuel,20,22,
I Samuel,20,23,
I Samuel,20,24,
I Samuel,20,25,
I Samuel,20,26,
I Samuel,20,27,
I Samuel,20,28,
I Samuel,20,29,
I Samuel,20,30,
I Samuel,20,31,
I Samuel,20,32,
I Samuel,20,33,
I Samuel,20,34,
I Samuel,20,35,
I Samuel,20,36,
I Samuel,20,37,
I Samuel,20,38,
I Samuel,20,39,
I Samuel,20,40,
I Samuel,20,41,
I Samuel,20,42,
I Samuel,21,1,
I Samuel,21,2,
I Samuel,21,3,
I Samuel,21,4,
I Samuel,21,5,
I Samuel,21,6,
I Samuel,21,7,
I Samuel,21,8,
I Samuel,21,9,
I Samuel,21,10,
I Samuel,21,11,
I Samuel,21,12,
I Samuel,21,13,
I Samuel,21,14,
I Samuel,21,15,
I Samuel,22,1,
I Samuel,22,2,
I Samuel,22,3,
I Samuel,22,4,
I Samuel,22,5,
I Samuel,22,6,
I Samuel,22,7,
I Samuel,22,8,
I Samuel,22,9,
I Samuel,22,10,
I Samuel,22,11,
I Samuel,22,12,
I Samuel,22,13,
I Samuel,22,14,
I Samuel,22,15,
I Samuel,22,16,
I Samuel,22,17,
I Samuel,22,18,
I Samuel,22,19,
I Samuel,22,20,
I Samuel,22,21,
I Samuel,22,22,
I Samuel,22,23,
I Samuel,23,1,
I Samuel,23,2,
I Samuel,23,3,
I Samuel,23,4,
I Samuel,23,5,
I Samuel,23,6,
I Samuel,23,7,
I Samuel,23,8,
I Samuel,23,9,
I Samuel,23,10,
I Samuel,23,11,
I Samuel,23,12,
I Samuel,23,13,
I Samuel,23,14,
I Samuel,23,15,
I Samuel,23,16,
I Samuel,23,17,
I Samuel,23,18,
I Samuel,23,19,
I Samuel,23,20,
I Samuel,23,21,
I Samuel,23,22,
I Samuel,23,23,
I Samuel,23,24,
I Samuel,23,25,
I Samuel,23,26,
I Samuel,23,27,
I Samuel,23,28,
I Samuel,23,29,
I Samuel,24,1,
I Samuel,24,2,
I Samuel,24,3,
I Samuel,24,4,
I Samuel,24,5,
I Samuel,24,6,
I Samuel,24,7,
I Samuel,24,8,
I Samuel,24,9,
I Samuel,24,10,
I Samuel,24,11,
I Samuel,24,12,
I Samuel,24,13,
I Samuel,24,14,
I Samuel,24,15,
I Samuel,24,16,
I Samuel,24,17,
I Samuel,24,18,
I Samuel,24,19,
I Samuel,24,20,
I Samuel,24,21,
I Samuel,24,22,
I Samuel,25,1,
I Samuel,25,2,
I Samuel,25,3,
I Samuel,25,4,
I Samuel,25,5,
I Samuel,25,6,
I Samuel,25,7,
I Samuel,25,8,
I Samuel,25,9,
I Samuel,25,10,
I Samuel,25,11,
I Samuel,25,12,
I Samuel,25,13,
I Samuel,25,14,
I Samuel,25,15,
I Samuel,25,16,
I Samuel,25,17,
I Samuel,25,18,
I Samuel,25,19,
I Samuel,25,20,
I Samuel,25,21,
I Samuel,25,22,
I Samuel,25,23,
I Samuel,25,24,
I Samuel,25,25,
I Samuel,25,26,
I Samuel,25,27,
I Samuel,25,28,
I Samuel,25,29,
I Samuel,25,30,
I Samuel,25,31,
I Samuel,25,32,
I Samuel,25,33,
I Samuel,25,34,
I Samuel,25,35,
I Samuel,25,36,
I Samuel,25,37,
I Samuel,25,38,
I Samuel,25,39,
I Samuel,25,40,
I Samuel,25,41,
I Samuel,25,42,
I Samuel,25,43,
I Samuel,25,44,
I Samuel,26,1,
I Samuel,26,2,
I Samuel,26,3,
I Samuel,26,4,
I Samuel,26,5,
I Samuel,26,6,
I Samuel,26,7,
I Samuel,26,8,
I Samuel,26,9,
I Samuel,26,10,
I Samuel,26,11,
I Samuel,26,12,
I Samuel,26,13,
I Samuel,26,14,
I Samuel,26,15,
I Samuel,26,16,
I Samuel,26,17,
I Samuel,26,18,
I Samuel,26,19,
I Samuel,26,20,
I Samuel,26,21,
I Samuel,26,22,
I Samuel,26,23,
I Samuel,26,24,
I Samuel,26,25,
I Samuel,27,1,
I Samuel,27,2,
I Samuel,27,3,
I Samuel,27,4,
I Samuel,27,5,
I Samuel,27,6,
I Samuel,27,7,
I Samuel,27,8,
I Samuel,27,9,
I Samuel,27,10,
I Samuel,27,11,
I Samuel,27,12,
I Samuel,28,1,
I Samuel,28,2,
I Samuel,28,3,
I Samuel,28,4,
I Samuel,28,5,
I Samuel,28,6,
I Samuel,28,7,
I Samuel,28,8,
I Samuel,28,9,
I Samuel,28,10,
I Samuel,28,11,
I Samuel,28,12,
I Samuel,28,13,
I Samuel,28,14,
I Samuel,28,15,
I Samuel,28,16,
I Samuel,28,17,
I Samuel,28,18,
I Samuel,28,19,
I Samuel,28,20,
I Samuel,28,21,
I Samuel,28,22,
I Samuel,28,23,
I Samuel,28,24,
I Samuel,28,25,
I Samuel,29,1,
I Samuel,29,2,
I Samuel,29,3,
I Samuel,29,4,
I Samuel,29,5,
I Samuel,29,6,
I Samuel,29,7,
I Samuel,29,8,
I Samuel,29,9,
I Samuel,29,10,
I Samuel,29,11,
I Samuel,30,1,
I Samuel,30,2,
I Samuel,30,3,
I Samuel,30,4,
I Samuel,30,5,
I Samuel,30,6,
I Samuel,30,7,
I Samuel,30,8,
I Samuel,30,9,
I Samuel,30,10,
I Samuel,30,11,
I Samuel,30,12,
I Samuel,30,13,
I Samuel,30,14,
I Samuel,30,15,
I Samuel,30,16,
I Samuel,30,17,
I Samuel,30,18,
I Samuel,30,19,
I Samuel,30,20,
I Samuel,30,21,
I Samuel,30,22,
I Samuel,30,23,
I Samuel,30,24,
I Samuel,30,25,
I Samuel,30,26,
I Samuel,30,27,
I Samuel,30,28,
I Samuel,30,29,
I Samuel,30,30,
I Samuel,30,31,
I Samuel,31,1,
I Samuel,31,2,
I Samuel,31,3,
I Samuel,31,4,
I Samuel,31,5,
I Samuel,31,6,
I Samuel,31,7,
I Samuel,31,8,
I Samuel,31,9,
I Samuel,31,10,
I Samuel,31,11,
I Samuel,31,12,
I Samuel,31,13,
II Samuel,1,1,
II Samuel,1,2,
II Samuel,1,3,
II Samuel,1,4,
II Samuel,1,5,
II Samuel,1,6,
II Samuel,1,7,
II Samuel,1,8,
II Samuel,1,9,
II Samuel,1,10,
II Samuel,1,11,
II Samuel,1,12,
II Samuel,1,13,
II Samuel,1,14,
II Samuel,1,15,
II Samuel,1,16,
II Samuel,1,17,
II Samuel,1,18,
II Samuel,1,19,
II Samuel,1,20,
II Samuel,1,21,
II Samuel,1,22,
II Samuel,1,23,
II Samuel,1,24,
II Samuel,1,25,
II Samuel,1,26,
II Samuel,1,27,
II Samuel,2,1,
II Samuel,2,2,
II Samuel,2,3,
II Samuel,2,4,
II Samuel,2,5,
II Samuel,2,6,
II Samuel,2,7,
II Samuel,2,8,
II Samuel,2,9,
II Samuel,2,10,
II Samuel,2,11,
II Samuel,2,12,
II Samuel,2,13,
II Samuel,2,14,
II Samuel,2,15,
II Samuel,2,16,
II Samuel,2,17,
II Samuel,2,18,
II Samuel,2,19,
II Samuel,2,20,
II Samuel,2,21,
II Samuel,2,22,
II Samuel,2,23,
II Samuel,2,24,
II Samuel,2,25,
II Samuel,2,26,
II Samuel,2,27,
II Samuel,2,28,
II Samuel,2,29,
II Samuel,2,30,
II Samuel,2,31,
II Samuel,2,32,
II Samuel,3,1,
II Samuel,3,2,
II Samuel,3,3,
II Samuel,3,4,
II Samuel,3,5,
II Samuel,3,6,
II Samuel,3,7,
II Samuel,3,8,
II Samuel,3,9,
II Samuel,3,10,
II Samuel,3,11,
II Samuel,3,12,
II Samuel,3,13,
II Samuel,3,14,
II Samuel,3,15,
II Samuel,3,16,
II Samuel,3,17,
II Samuel,3,18,
II Samuel,3,19,
II Samuel,3,20,
II Samuel,3,21,
II Samuel,3,22,
II Samuel,3,23,
II Samuel,3,24,
II Samuel,3,25,
II Samuel,3,26,
II Samuel,3,27,
II Samuel,3,28,
II Samuel,3,29,
II Samuel,3,30,
II Samuel,3,31,
II Samuel,3,32,
II Samuel,3,33,
II Samuel,3,34,
II Samuel,3,35,
II Samuel,3,36,
II Samuel,3,37,
II Samuel,3,38,
II Samuel,3,39,
II Samuel,4,1,
II Samuel,4,2,
II Samuel,4,3,
II Samuel,4,4,
II Samuel,4,5,
II Samuel,4,6,
II Samuel,4,7,
II Samuel,4,8,
II Samuel,4,9,
II Samuel,4,10,
II Samuel,4,11,
II Samuel,4,12,
II Samuel,5,1,
II Samuel,5,2,
II Samuel,5,3,
II Samuel,5,4,
II Samuel,5,5,
II Samuel,5,6,
II Samuel,5,7,
II Samuel,5,8,
II Samuel,5,9,
II Samuel,5,10,
II Samuel,5,11,
II Samuel,5,12,
II Samuel,5,13,
II Samuel,5,14,
II Samuel,5,15,
II Samuel,5,16,
II Samuel,5,17,
II Samuel,5,18,
II Samuel,5,19,
II Samuel,5,20,
II Samuel,5,21,
II Samuel,5,22,
II Samuel,5,23,
II Samuel,5,24,
II Samuel,5,25,
II Samuel,6,1,
II Samuel,6,2,
II Samuel,6,3,
II Samuel,6,4,
II Samuel,6,5,
II Samuel,6,6,
II Samuel,6,7,
II Samuel,6,8,
II Samuel,6,9,
II Samuel,6,10,
II Samuel,6,11,
II Samuel,6,12,
II Samuel,6,13,
II Samuel,6,14,
II Samuel,6,15,
II Samuel,6,16,
II Samuel,6,17,
II Samuel,6,18,
II Samuel,6,19,
II Samuel,6,20,
II Samuel,6,21,
II Samuel,6,22,
II Samuel,6,23,
II Samuel,7,1,
II Samuel,7,2,
II Samuel,7,3,
II Samuel,7,4,
II Samuel,7,5,
II Samuel,7,6,
II Samuel,7,7,
II Samuel,7,8,
II Samuel,7,9,
II Samuel,7,10,
II Samuel,7,11,
II Samuel,7,12,
II Samuel,7,13,
II Samuel,7,14,
II Samuel,7,15,
II Samuel,7,16,
II Samuel,7,17,
II Samuel,7,18,
II Samuel,7,19,
II Samuel,7,20,
II Samuel,7,21,
II Samuel,7,22,
II Samuel,7,23,
II Samuel,7,24,
II Samuel,7,25,
II Samuel,7,26,
II Samuel,7,27,
II Samuel,7,28,
II Samuel,7,29,
II Samuel,8,1,
II Samuel,8,2,
II Samuel,8,3,
II Samuel,8,4,
II Samuel,8,5,
II Samuel,8,6,
II Samuel,8,7,
II Samuel,8,8,
II Samuel,8,9,
II Samuel,8,10,
II Samuel,8,11,
II Samuel,8,12,
II Samuel,8,13,
II Samuel,8,14,
II Samuel,8,15,
II Samuel,8,16,
II Samuel,8,17,
II Samuel,8,18,
II Samuel,9,1,
II Samuel,9,2,
II Samuel,9,3,
II Samuel,9,4,
II Samuel,9,5,
II Samuel,9,6,
II Samuel,9,7,
II Samuel,9,8,
II Samuel,9,9,
II Samuel,9,10,
II Samuel,9,11,
II Samuel,9,12,
II Samuel,9,13,
II Samuel,10,1,
II Samuel,10,2,
II Samuel,10,3,
II Samuel,10,4,
II Samuel,10,5,
II Samuel,10,6,
II Samuel,10,7,
II Samuel,10,8,
II Samuel,10,9,
II Samuel,10,10,
II Samuel,10,11,
II Samuel,10,12,
II Samuel,10,13,
II Samuel,10,14,
II Samuel,10,15,
II Samuel,10,16,
II Samuel,10,17,
II Samuel,10,18,
II Samuel,10,19,
II Samuel,11,1,
II Samuel,11,2,
II Samuel,11,3,
II Samuel,11,4,
II Samuel,11,5,
II Samuel,11,6,
II Samuel,11,7,
II Samuel,11,8,
II Samuel,11,9,
II Samuel,11,10,
II Samuel,11,11,
II Samuel,11,12,
II Samuel,11,13,
II Samuel,11,14,
II Samuel,11,15,
II Samuel,11,16,
II Samuel,11,17,
II Samuel,11,18,
II Samuel,11,19,
II Samuel,11,20,
II Samuel,11,21,
II Samuel,11,22,
II Samuel,11,23,
II Samuel,11,24,
II Samuel,11,25,
II Samuel,11,26,
II Samuel,11,27,
II Samuel,12,1,
II Samuel,12,2,
II Samuel,12,3,
II Samuel,12,4,
II Samuel,12,5,
II Samuel,12,6,
II Samuel,12,7,
II Samuel,12,8,
II Samuel,12,9,
II Samuel,12,10,
II Samuel,12,11,
II Samuel,12,12,
II Samuel,12,13,
II Samuel,12,14,
II Samuel,12,15,
II Samuel,12,16,
II Samuel,12,17,
II Samuel,12,18,
II Samuel,12,19,
II Samuel,12,20,
II Samuel,12,21,
II Samuel,12,22,
II Samuel,12,23,
II Samuel,12,24,
II Samuel,12,25,
II Samuel,12,26,
II Samuel,12,27,
II Samuel,12,28,
II Samuel,12,29,
II Samuel,12,30,
II Samuel,12,31,
II Samuel,13,1,
II Samuel,13,2,
II Samuel,13,3,
II Samuel,13,4,
II Samuel,13,5,
II Samuel,13,6,
II Samuel,13,7,
II Samuel,13,8,
II Samuel,13,9,
II Samuel,13,10,
II Samuel,13,11,
II Samuel,13,12,
II Samuel,13,13,
II Samuel,13,14,
II Samuel,13,15,
II Samuel,13,16,
II Samuel,13,17,
II Samuel,13,18,
II Samuel,13,19,
II Samuel,13,20,
II Samuel,13,21,
II Samuel,13,22,
II Samuel,13,23,
II Samuel,13,24,
II Samuel,13,25,
II Samuel,13,26,
II Samuel,13,27,
II Samuel,13,28,
II Samuel,13,29,
II Samuel,13,30,
II Samuel,13,31,
II Samuel,13,32,
II Samuel,13,33,
II Samuel,13,34,
II Samuel,13,35,
II Samuel,13,36,
II Samuel,13,37,
II Samuel,13,38,
II Samuel,13,39,
II Samuel,14,1,
II Samuel,14,2,
II Samuel,14,3,
II Samuel,14,4,
II Samuel,14,5,
II Samuel,14,6,
II Samuel,14,7,
II Samuel,14,8,
II Samuel,14,9,
II Samuel,14,10,
II Samuel,14,11,
II Samuel,14,12,
II Samuel,14,13,
II Samuel,14,14,
II Samuel,14,15,
II Samuel,14,16,
II Samuel,14,17,
II Samuel,14,18,
II Samuel,14,19,
II Samuel,14,20,
II Samuel,14,21,
II Samuel,14,22,
II Samuel,14,23,
II Samuel,14,24,
II Samuel,14,25,
II Samuel,14,26,
II Samuel,14,27,
II Samuel,14,28,
II Samuel,14,29,
II Samuel,14,30,
II Samuel,14,31,
II Samuel,14,32,
II Samuel,14,33,
II Samuel,15,1,
II Samuel,15,2,
II Samuel,15,3,
II Samuel,15,4,
II Samuel,15,5,
II Samuel,15,6,
II Samuel,15,7,
II Samuel,15,8,
II Samuel,15,9,
II Samuel,15,10,
II Samuel,15,11,
II Samuel,15,12,
II Samuel,15,13,
II Samuel,15,14,
II Samuel,15,15,
II Samuel,15,16,
II Samuel,15,17,
II Samuel,15,18,
II Samuel,15,19,
II Samuel,15,20,
II Samuel,15,21,
II Samuel,15,22,
II Samuel,15,23,
II Samuel,15,24,
II Samuel,15,25,
II Samuel,15,26,
II Samuel,15,27,
II Samuel,15,28,
II Samuel,15,29,
II Samuel,15,30,
II Samuel,15,31,
II Samuel,15,32,
II Samuel,15,33,
II Samuel,15,34,
II Samuel,15,35,
II Samuel,15,36,
II Samuel,15,37,
II Samuel,16,1,
II Samuel,16,2,
II Samuel,16,3,
II Samuel,16,4,
II Samuel,16,5,
II Samuel,16,6,
II Samuel,16,7,
II Samuel,16,8,
II Samuel,16,9,
II Samuel,16,10,
II Samuel,16,11,
II Samuel,16,12,
II Samuel,16,13,
II Samuel,16,14,
II Samuel,16,15,
II Samuel,16,16,
II Samuel,16,17,
II Samuel,16,18,
II Samuel,16,19,
II Samuel,16,20,
II Samuel,16,21,
II Samuel,16,22,
II Samuel,16,23,
II Samuel,17,1,
II Samuel,17,2,
II Samuel,17,3,
II Samuel,17,4,
II Samuel,17,5,
II Samuel,17,6,
II Samuel,17,7,
II Samuel,17,8,
II Samuel,17,9,
II Samuel,17,10,
II Samuel,17,11,
II Samuel,17,12,
II Samuel,17,13,
II Samuel,17,14,
II Samuel,17,15,
II Samuel,17,16,
II Samuel,17,17,
II Samuel,17,18,
II Samuel,17,19,
II Samuel,17,20,
II Samuel,17,21,
II Samuel,17,22,
II Samuel,17,23,
II Samuel,17,24,
II Samuel,17,25,
II Samuel,17,26,
II Samuel,17,27,
II Samuel,17,28,
II Samuel,17,29,
II Samuel,18,1,
II Samuel,18,2,
II Samuel,18,3,
II Samuel,18,4,
II Samuel,18,5,
II Samuel,18,6,
II Samuel,18,7,
II Samuel,18,8,
II Samuel,18,9,
II Samuel,18,10,
II Samuel,18,11,
II Samuel,18,12,
II Samuel,18,13,
II Samuel,18,14,
II Samuel,18,15,
II Samuel,18,16,
II Samuel,18,17,
II Samuel,18,18,
II Samuel,18,19,
II Samuel,18,20,
II Samuel,18,21,
II Samuel,18,22,
II Samuel,18,23,
II Samuel,18,24,
II Samuel,18,25,
II Samuel,18,26,
II Samuel,18,27,
II Samuel,18,28,
II Samuel,18,29,
II Samuel,18,30,
II Samuel,18,31,
II Samuel,18,32,
II Samuel,18,33,
II Samuel,19,1,
II Samuel,19,2,
II Samuel,19,3,
II Samuel,19,4,
II Samuel,19,5,
II Samuel,19,6,
II Samuel,19,7,
II Samuel,19,8,
II Samuel,19,9,
II Samuel,19,10,
II Samuel,19,11,
II Samuel,19,12,
II Samuel,19,13,
II Samuel,19,14,
II Samuel,19,15,
II Samuel,19,16,
II Samuel,19,17,
II Samuel,19,18,
II Samuel,19,19,
II Samuel,19,20,
II Samuel,19,21,
II Samuel,19,22,
II Samuel,19,23,
II Samuel,19,24,
II Samuel,19,25,
II Samuel,19,26,
II Samuel,19,27,
II Samuel,19,28,
II Samuel,19,29,
II Samuel,19,30,
II Samuel,19,31,
II Samuel,19,32,
II Samuel,19,33,
II Samuel,19,34,
II Samuel,19,35,
II Samuel,19,36,
II Samuel,19,37,
II Samuel,19,38,
II Samuel,19,39,
II Samuel,19,40,
II Samuel,19,41,
II Samuel,19,42,
II Samuel,19,43,
II Samuel,20,1,
II Samuel,20,2,
II Samuel,20,3,
II Samuel,20,4,
II Samuel,20,5,
II Samuel,20,6,
II Samuel,20,7,
II Samuel,20,8,
II Samuel,20,9,
II Samuel,20,10,
II Samuel,20,11,
II Samuel,20,12,
II Samuel,20,13,
II Samuel,20,14,
II Samuel,20,15,
II Samuel,20,16,
II Samuel,20,17,
II Samuel,20,18,
II Samuel,20,19,
II Samuel,20,20,
II Samuel,20,21,
II Samuel,20,22,
II Samuel,20,23,
II Samuel,20,24,
II Samuel,20,25,
II Samuel,20,26,
II Samuel,21,1,
II Samuel,21,2,
II Samuel,21,3,
II Samuel,21,4,
II Samuel,21,5,
II Samuel,21,6,
II Samuel,21,7,
II Samuel,21,8,
II Samuel,21,9,
II Samuel,21,10,
II Samuel,21,11,
II Samuel,21,12,
II Samuel,21,13,
II Samuel,21,14,
II Samuel,21,15,
II Samuel,21,16,
II Samuel,21,17,
II Samuel,21,18,
II Samuel,21,19,
II Samuel,21,20,
II Samuel,21,21,
II Samuel,21,22,
II Samuel,22,1,
II Samuel,22,2,
II Samuel,22,3,
II Samuel,22,4,
II Samuel,22,5,
II Samuel,22,6,
II Samuel,22,7,
II Samuel,22,8,
II Samuel,22,9,
II Samuel,22,10,
II Samuel,22,11,
II Samuel,22,12,
II Samuel,22,13,
II Samuel,22,14,
II Samuel,22,15,
II Samuel,22,16,
II Samuel,22,17,
II Samuel,22,18,
II Samuel,22,19,
II Samuel,22,20,
II Samuel,22,21,
II Samuel,22,22,
II Samuel,22,23,
II Samuel,22,24,
II Samuel,22,25,
II Samuel,22,26,
II Samuel,22,27,
II Samuel,22,28,
II Samuel,22,29,
II Samuel,22,30,
II Samuel,22,31,
II Samuel,22,32,
II Samuel,22,33,
II Samuel,22,34,
II Samuel,22,35,
II Samuel,22,36,
II Samuel,22,37,
II Samuel,22,38,
II Samuel,22,39,
II Samuel,22,40,
II Samuel,22,41,
II Samuel,22,42,
II Samuel,22,43,
II Samuel,22,44,
II Samuel,22,45,
II Samuel,22,46,
II Samuel,22,47,
II Samuel,22,48,
II Samuel,22,49,
II Samuel,22,50,
II Samuel,22,51,
II Samuel,23,1,
II Samuel,23,2,
II Samuel,23,3,
II Samuel,23,4,
II Samuel,23,5,
II Samuel,23,6,
II Samuel,23,7,
II Samuel,23,8,
II Samuel,23,9,
II Samuel,23,10,
II Samuel,23,11,
II Samuel,23,12,
II Samuel,23,13,
II Samuel,23,14,
II Samuel,23,15,
II Samuel,23,16,
II Samuel,23,17,
II Samuel,23,18,
II Samuel,23,19,
II Samuel,23,20,
II Samuel,23,21,
II Samuel,23,22,
II Samuel,23,23,
II Samuel,23,24,
II Samuel,23,25,
II Samuel,23,26,
II Samuel,23,27,
II Samuel,23,28,
II Samuel,23,29,
II Samuel,23,30,
II Samuel,23,31,
II Samuel,23,32,
II Samuel,23,33,
II Samuel,23,34,
II Samuel,23,35,
II Samuel,23,36,
II Samuel,23,37,
II Samuel,23,38,
II Samuel,23,39,
II Samuel,24,1,
II Samuel,24,2,
II Samuel,24,3,
II Samuel,24,4,
II Samuel,24,5,
II Samuel,24,6,
II Samuel,24,7,
II Samuel,24,8,
II Samuel,24,9,
II Samuel,24,10,
II Samuel,24,11,
II Samuel,24,12,
II Samuel,24,13,
II Samuel,24,14,
II Samuel,24,15,
II Samuel,24,16,
II Samuel,24,17,
II Samuel,24,18,
II Samuel,24,19,
II Samuel,24,20,
II Samuel,24,21,
II Samuel,24,22,
II Samuel,24,23,
II Samuel,24,24,
II Samuel,24,25,
I Kings,1,1,
I Kings,1,2,
I Kings,1,3,
I Kings,1,4,
I Kings,1,5,
I Kings,1,6,
I Kings,1,7,
I Kings,1,8,
I Kings,1,9,
I Kings,1,10,
I Kings,1,11,
I Kings,1,12,
I Kings,1,13,
I Kings,1,14,
I Kings,1,15,
I Kings,1,16,
I Kings,1,17,
I Kings,1,18,
I Kings,1,19,
I Kings,1,20,
I Kings,1,21,
I Kings,1,22,
I Kings,1,23,
I Kings,1,24,
I Kings,1,25,
I Kings,1,26,
I Kings,1,27,
I Kings,1,28,
I Kings,1,29,
I Kings,1,30,
I Kings,1,31,
I Kings,1,32,
I Kings,1,33,
I Kings,1,34,
I Kings,1,35,
I Kings,1,36,
I Kings,1,37,
I Kings,1,38,
I Kings,1,39,
I Kings,1,40,
I Kings,1,41,
I Kings,1,42,
I Kings,1,43,
I Kings,1,44,
I Kings,1,45,
I Kings,1,46,
I Kings,1,47,
I Kings,1,48,
I Kings,1,49,
I Kings,1,50,
I Kings,1,51,
I Kings,1,52,
I Kings,1,53,
I Kings,2,1,
I Kings,2,2,
I Kings,2,3,
I Kings,2,4,
I Kings,2,5,
I Kings,2,6,
I Kings,2,7,
I Kings,2,8,
I Kings,2,9,
I Kings,2,10,
I Kings,2,11,
I Kings,2,12,
I Kings,2,13,
I Kings,2,14,
I Kings,2,15,
I Kings,2,16,
I Kings,2,17,
I Kings,2,18,
I Kings,2,19,
I Kings,2,20,
I Kings,2,21,
I Kings,2,22,
I Kings,2,23,
I Kings,2,24,
I Kings,2,25,
I Kings,2,26,
I Kings,2,27,
I Kings,2,28,
I Kings,2,29,
I Kings,2,30,
I Kings,2,31,
I Kings,2,32,
I Kings,2,33,
I Kings,2,34,
I Kings,2,35,
I Kings,2,36,
I Kings,2,37,
I Kings,2,38,
I Kings,2,39,
I Kings,2,40,
I Kings,2,41,
I Kings,2,42,
I Kings,2,43,
I Kings,2,44,
I Kings,2,45,
I Kings,2,46,
I Kings,3,1,
I Kings,3,2,
I Kings,3,3,
I Kings,3,4,
I Kings,3,5,
I Kings,3,6,
I Kings,3,7,
I Kings,3,8,
I Kings,3,9,
I Kings,3,10,
I Kings,3,11,
I Kings,3,12,
I Kings,3,13,
I Kings,3,14,
I Kings,3,15,
I Kings,3,16,
I Kings,3,17,
I Kings,3,18,
I Kings,3,19,
I Kings,3,20,
I Kings,3,21,
I Kings,3,22,
I Kings,3,23,
I Kings,3,24,
I Kings,3,25,
I Kings,3,26,
I Kings,3,27,
I Kings,3,28,
I Kings,4,1,
I Kings,4,2,
I Kings,4,3,
I Kings,4,4,
I Kings,4,5,
I Kings,4,6,
I Kings,4,7,
I Kings,4,8,
I Kings,4,9,
I Kings,4,10,
I Kings,4,11,
I Kings,4,12,
I Kings,4,13,
I Kings,4,14,
I Kings,4,15,
I Kings,4,16,
I Kings,4,17,
I Kings,4,18,
I Kings,4,19,
I Kings,4,20,
I Kings,4,21,
I Kings,4,22,
I Kings,4,23,
I Kings,4,24,
I Kings,4,25,
I Kings,4,26,
I Kings,4,27,
I Kings,4,28,
I Kings,4,29,
I Kings,4,30,
I Kings,4,31,
I Kings,4,32,
I Kings,4,33,
I Kings,4,34,
I Kings,5,1,
I Kings,5,2,
I Kings,5,3,
I Kings,5,4,
I Kings,5,5,
I Kings,5,6,
I Kings,5,7,
I Kings,5,8,
I Kings,5,9,
I Kings,5,10,
I Kings,5,11,
I Kings,5,12,
I Kings,5,13,
I Kings,5,14,
I Kings,5,15,
I Kings,5,16,
I Kings,5,17,
I Kings,5,18,
I Kings,6,1,
I Kings,6,2,
I Kings,6,3,
I Kings,6,4,
I Kings,6,5,
I Kings,6,6,
I Kings,6,7,
I Kings,6,8,
I Kings,6,9,
I Kings,6,10,
I Kings,6,11,
I Kings,6,12,
I Kings,6,13,
I Kings,6,14,
I Kings,6,15,
I Kings,6,16,
I Kings,6,17,
I Kings,6,18,
I Kings,6,19,
I Kings,6,20,
I Kings,6,21,
I Kings,6,22,
I Kings,6,23,
I Kings,6,24,
I Kings,6,25,
I Kings,6,26,
I Kings,6,27,
I Kings,6,28,
I Kings,6,29,
I Kings,6,30,
I Kings,6,31,
I Kings,6,32,
I Kings,6,33,
I Kings,6,34,
I Kings,6,35,
I Kings,6,36,
I Kings,6,37,
I Kings,6,38,
I Kings,7,1,
I Kings,7,2,
I Kings,7,3,
I Kings,7,4,
I Kings,7,5,
I Kings,7,6,
I Kings,7,7,
I Kings,7,8,
I Kings,7,9,
I Kings,7,10,
I Kings,7,11,
I Kings,7,12,
I Kings,7,13,
I Kings,7,14,
I Kings,7,15,
I Kings,7,16,
I Kings,7,17,
I Kings,7,18,
I Kings,7,19,
I Kings,7,20,
I Kings,7,21,
I Kings,7,22,
I Kings,7,23,
I Kings,7,24,
I Kings,7,25,
I Kings,7,26,
I Kings,7,27,
I Kings,7,28,
I Kings,7,29,
I Kings,7,30,
I Kings,7,31,
I Kings,7,32,
I Kings,7,33,
I Kings,7,34,
I Kings,7,35,
I Kings,7,36,
I Kings,7,37,
I Kings,7,38,
I Kings,7,39,
I Kings,7,40,
I Kings,7,41,
I Kings,7,42,
I Kings,7,43,
I Kings,7,44,
I Kings,7,45,
I Kings,7,46,
I Kings,7,47,
I Kings,7,48,
I Kings,7,49,
I Kings,7,50,
I Kings,7,51,
I Kings,8,1,
I Kings,8,2,
I Kings,8,3,
I Kings,8,4,
I Kings,8,5,
I Kings,8,6,
I Kings,8,7,
I Kings,8,8,
I Kings,8,9,
I Kings,8,10,
I Kings,8,11,
I Kings,8,12,
I Kings,8,13,
I Kings,8,14,
I Kings,8,15,
I Kings,8,16,
I Kings,8,17,
I Kings,8,18,
I Kings,8,19,
I Kings,8,20,
I Kings,8,21,
I Kings,8,22,
I Kings,8,23,
I Kings,8,24,
I Kings,8,25,
I Kings,8,26,
I Kings,8,27,
I Kings,8,28,
I Kings,8,29,
I Kings,8,30,
I Kings,8,31,
I Kings,8,32,
I Kings,8,33,
I Kings,8,34,
I Kings,8,35,
I Kings,8,36,
I Kings,8,37,
I Kings,8,38,
I Kings,8,39,
I Kings,8,40,
I Kings,8,41,
I Kings,8,42,
I Kings,8,43,
I Kings,8,44,
I Kings,8,45,
I Kings,8,46,
I Kings,8,47,
I Kings,8,48,
I Kings,8,49,
I Kings,8,50,
I Kings,8,51,
I Kings,8,52,
I Kings,8,53,
I Kings,8,54,
I Kings,8,55,
I Kings,8,56,
I Kings,8,57,
I Kings,8,58,
I Kings,8,59,
I Kings,8,60,
I Kings,8,61,
I Kings,8,62,
I Kings,8,63,
I Kings,8,64,
I Kings,8,65,
I Kings,8,66,
I Kings,9,1,
I Kings,9,2,
I Kings,9,3,
I Kings,9,4,
I Kings,9,5,
I Kings,9,6,
I Kings,9,7,
I Kings,9,8,
I Kings,9,9,
I Kings,9,10,
I Kings,9,11,
I Kings,9,12,
I Kings,9,13,
I Kings,9,14,
I Kings,9,15,
I Kings,9,16,
I Kings,9,17,
I Kings,9,18,
I Kings,9,19,
I Kings,9,20,
I Kings,9,21,
I Kings,9,22,
I Kings,9,23,
I Kings,9,24,
I Kings,9,25,
I Kings,9,26,
I Kings,9,27,
I Kings,9,28,
I Kings,10,1,
I Kings,10,2,
I Kings,10,3,
I Kings,10,4,
I Kings,10,5,
I Kings,10,6,
I Kings,10,7,
I Kings,10,8,
I Kings,10,9,
I Kings,10,10,
I Kings,10,11,
I Kings,10,12,
I Kings,10,13,
I Kings,10,14,
I Kings,10,15,
I Kings,10,16,
I Kings,10,17,
I Kings,10,18,
I Kings,10,19,
I Kings,10,20,
I Kings,10,21,
I Kings,10,22,
I Kings,10,23,
I Kings,10,24,
I Kings,10,25,
I Kings,10,26,
I Kings,10,27,
I Kings,10,28,
I Kings,10,29,
I Kings,11,1,
I Kings,11,2,
I Kings,11,3,
I Kings,11,4,
I Kings,11,5,
I Kings,11,6,
I Kings,11,7,
I Kings,11,8,
I Kings,11,9,
I Kings,11,10,
I Kings,11,11,
I Kings,11,12,
I Kings,11,13,
I Kings,11,14,
I Kings,11,15,
I Kings,11,16,
I Kings,11,17,
I Kings,11,18,
I Kings,11,19,
I Kings,11,20,
I Kings,11,21,
I Kings,11,22,
I Kings,11,23,
I Kings,11,24,
I Kings,11,25,
I Kings,11,26,
I Kings,11,27,
I Kings,11,28,
I Kings,11,29,
I Kings,11,30,
I Kings,11,31,
I Kings,11,32,
I Kings,11,33,
I Kings,11,34,
I Kings,11,35,
I Kings,11,36,
I Kings,11,37,
I Kings,11,38,
I Kings,11,39,
I Kings,11,40,
I Kings,11,41,
I Kings,11,42,
I Kings,11,43,
I Kings,12,1,
I Kings,12,2,
I Kings,12,3,
I Kings,12,4,
I Kings,12,5,
I Kings,12,6,
I Kings,12,7,
I Kings,12,8,
I Kings,12,9,
I Kings,12,10,
I Kings,12,11,
I Kings,12,12,
I Kings,12,13,
I Kings,12,14,
I Kings,12,15,
I Kings,12,16,
I Kings,12,17,
I Kings,12,18,
I Kings,12,19,
I Kings,12,20,
I Kings,12,21,
I Kings,12,22,
I Kings,12,23,
I Kings,12,24,
I Kings,12,25,
I Kings,12,26,
I Kings,12,27,
I Kings,12,28,
I Kings,12,29,
I Kings,12,30,
I Kings,12,31,
I Kings,12,32,
I Kings,12,33,
I Kings,13,1,
I Kings,13,2,
I Kings,13,3,
I Kings,13,4,
I Kings,13,5,
I Kings,13,6,
I Kings,13,7,
I Kings,13,8,
I Kings,13,9,
I Kings,13,10,
I Kings,13,11,
I Kings,13,12,
I Kings,13,13,
I Kings,13,14,
I Kings,13,15,
I Kings,13,16,
I Kings,13,17,
I Kings,13,18,
I Kings,13,19,
I Kings,13,20,
I Kings,13,21,
I Kings,13,22,
I Kings,13,23,
I Kings,13,24,
I Kings,13,25,
I Kings,13,26,
I Kings,13,27,
I Kings,13,28,
I Kings,13,29,
I Kings,13,30,
I Kings,13,31,
I Kings,13,32,
I Kings,13,33,
I Kings,13,34,
I Kings,14,1,
I Kings,14,2,
I Kings,14,3,
I Kings,14,4,
I Kings,14,5,
I Kings,14,6,
I Kings,14,7,
I Kings,14,8,
I Kings,14,9,
I Kings,14,10,
I Kings,14,11,
I Kings,14,12,
I Kings,14,13,
I Kings,14,14,
I Kings,14,15,
I Kings,14,16,
I Kings,14,17,
I Kings,14,18,
I Kings,14,19,
I Kings,14,20,
I Kings,14,21,
I Kings,14,22,
I Kings,14,23,
I Kings,14,24,
I Kings,14,25,
I Kings,14,26,
I Kings,14,27,
I Kings,14,28,
I Kings,14,29,
I Kings,14,30,
I Kings,14,31,
I Kings,15,1,
I Kings,15,2,
I Kings,15,3,
I Kings,15,4,
I Kings,15,5,
I Kings,15,6,
I Kings,15,7,
I Kings,15,8,
I Kings,15,9,
I Kings,15,10,
I Kings,15,11,
I Kings,15,12,
I Kings,15,13,
I Kings,15,14,
I Kings,15,15,
I Kings,15,16,
I Kings,15,17,
I Kings,15,18,
I Kings,15,19,
I Kings,15,20,
I Kings,15,21,
I Kings,15,22,
I Kings,15,23,
I Kings,15,24,
I Kings,15,25,
I Kings,15,26,
I Kings,15,27,
I Kings,15,28,
I Kings,15,29,
I Kings,15,30,
I Kings,15,31,
I Kings,15,32,
I Kings,15,33,
I Kings,15,34,
I Kings,16,1,
I Kings,16,2,
I Kings,16,3,
I Kings,16,4,
I Kings,16,5,
I Kings,16,6,
I Kings,16,7,
I Kings,16,8,
I Kings,16,9,
I Kings,16,10,
I Kings,16,11,
I Kings,16,12,
I Kings,16,13,
I Kings,16,14,
I Kings,16,15,
I Kings,16,16,
I Kings,16,17,
I Kings,16,18,
I Kings,16,19,
I Kings,16,20,
I Kings,16,21,
I Kings,16,22,
I Kings,16,23,
I Kings,16,24,
I Kings,16,25,
I Kings,16,26,
I Kings,16,27,
I Kings,16,28,
I Kings,16,29,
I Kings,16,30,
I Kings,16,31,
I Kings,16,32,
I Kings,16,33,
I Kings,16,34,
I Kings,17,1,
I Kings,17,2,
I Kings,17,3,
I Kings,17,4,
I Kings,17,5,
I Kings,17,6,
I Kings,17,7,
I Kings,17,8,
I Kings,17,9,
I Kings,17,10,
I Kings,17,11,
I Kings,17,12,
I Kings,17,13,
I Kings,17,14,
I Kings,17,15,
I Kings,17,16,
I Kings,17,17,
I Kings,17,18,
I Kings,17,19,
I Kings,17,20,
I Kings,17,21,
I Kings,17,22,
I Kings,17,23,
I Kings,17,24,
I Kings,18,1,
I Kings,18,2,
I Kings,18,3,
I Kings,18,4,
I Kings,18,5,
I Kings,18,6,
I Kings,18,7,
I Kings,18,8,
I Kings,18,9,
I Kings,18,10,
I Kings,18,11,
I Kings,18,12,
I Kings,18,13,
I Kings,18,14,
I Kings,18,15,
I Kings,18,16,
I Kings,18,17,
I Kings,18,18,
I Kings,18,19,
I Kings,18,20,
I Kings,18,21,
I Kings,18,22,
I Kings,18,23,
I Kings,18,24,
I Kings,18,25,
I Kings,18,26,
I Kings,18,27,
I Kings,18,28,
I Kings,18,29,
I Kings,18,30,
I Kings,18,31,
I Kings,18,32,
I Kings,18,33,
I Kings,18,34,
I Kings,18,35,
I Kings,18,36,
I Kings,18,37,
I Kings,18,38,
I Kings,18,39,
I Kings,18,40,
I Kings,18,41,
I Kings,18,42,
I Kings,18,43,
I Kings,18,44,
I Kings,18,45,
I Kings,18,46,
I Kings,19,1,
I Kings,19,2,
I Kings,19,3,
I Kings,19,4,
I Kings,19,5,
I Kings,19,6,
I Kings,19,7,
I Kings,19,8,
I Kings,19,9,
I Kings,19,10,
I Kings,19,11,
I Kings,19,12,
I Kings,19,13,
I Kings,19,14,
I Kings,19,15,
I Kings,19,16,
I Kings,19,17,
I Kings,19,18,
I Kings,19,19,
I Kings,19,20,
I Kings,19,21,
I Kings,20,1,
I Kings,20,2,
I Kings,20,3,
I Kings,20,4,
I Kings,20,5,
I Kings,20,6,
I Kings,20,7,
I Kings,20,8,
I Kings,20,9,
I Kings,20,10,
I Kings,20,11,
I Kings,20,12,
I Kings,20,13,
I Kings,20,14,
I Kings,20,15,
I Kings,20,16,
I Kings,20,17,
I Kings,20,18,
I Kings,20,19,
I Kings,20,20,
I Kings,20,21,
I Kings,20,22,
I Kings,20,23,
I Kings,20,24,
I Kings,20,25,
I Kings,20,26,
I Kings,20,27,
I Kings,20,28,
I Kings,20,29,
I Kings,20,30,
I Kings,20,31,
I Kings,20,32,
I Kings,20,33,
I Kings,20,34,
I Kings,20,35,
I Kings,20,36,
I Kings,20,37,
I Kings,20,38,
I Kings,20,39,
I Kings,20,40,
I Kings,20,41,
I Kings,20,42,
I Kings,20,43,
I Kings,21,1,
I Kings,21,2,
I Kings,21,3,
I Kings,21,4,
I Kings,21,5,
I Kings,21,6,
I Kings,21,7,
I Kings,21,8,
I Kings,21,9,
I Kings,21,10,
I Kings,21,11,
I Kings,21,12,
I Kings,21,13,
I Kings,21,14,
I Kings,21,15,
I Kings,21,16,
I Kings,21,17,
I Kings,21,18,
I Kings,21,19,
I Kings,21,20,
I Kings,21,21,
I Kings,21,22,
I Kings,21,23,
I Kings,21,24,
I Kings,21,25,
I Kings,21,26,
I Kings,21,27,
I Kings,21,28,
I Kings,21,29,
I Kings,22,1,
I Kings,22,2,
I Kings,22,3,
I Kings,22,4,
I Kings,22,5,
I Kings,22,6,
I Kings,22,7,
I Kings,22,8,
I Kings,22,9,
I Kings,22,10,
I Kings,22,11,
I Kings,22,12,
I Kings,22,13,
I Kings,22,14,
I Kings,22,15,
I Kings,22,16,
I Kings,22,17,
I Kings,22,18,
I Kings,22,19,
I Kings,22,20,
I Kings,22,21,
I Kings,22,22,
I Kings,22,23,
I Kings,22,24,
I Kings,22,25,
I Kings,22,26,
I Kings,22,27,
I Kings,22,28,
I Kings,22,29,
I Kings,22,30,
I Kings,22,31,
I Kings,22,32,
I Kings,22,33,
I Kings,22,34,
I Kings,22,35,
I Kings,22,36,
I Kings,22,37,
I Kings,22,38,
I Kings,22,39,
I Kings,22,40,
I Kings,22,41,
I Kings,22,42,
I Kings,22,43,
I Kings,22,44,
I Kings,22,45,
I Kings,22,46,
I Kings,22,47,
I Kings,22,48,
I Kings,22,49,
I Kings,22,50,
I Kings,22,51,
I Kings,22,52,
I Kings,22,53,
II Kings,1,1,
II Kings,1,2,
II Kings,1,3,
II Kings,1,4,
II Kings,1,5,
II Kings,1,6,
II Kings,1,7,
II Kings,1,8,
II Kings,1,9,
II Kings,1,10,
II Kings,1,11,
II Kings,1,12,
II Kings,1,13,
II Kings,1,14,
II Kings,1,15,
II Kings,1,16,
II Kings,1,17,
II Kings,1,18,
II Kings,2,1,
II Kings,2,2,
II Kings,2,3,
II Kings,2,4,
II Kings,2,5,
II Kings,2,6,
II Kings,2,7,
II Kings,2,8,
II Kings,2,9,
II Kings,2,10,
II Kings,2,11,
II Kings,2,12,
II Kings,2,13,
II Kings,2,14,
II Kings,2,15,
II Kings,2,16,
II Kings,2,17,
II Kings,2,18,
II Kings,2,19,
II Kings,2,20,
II Kings,2,21,
II Kings,2,22,
II Kings,2,23,
II Kings,2,24,
II Kings,2,25,
II Kings,3,1,
II Kings,3,2,
II Kings,3,3,
II Kings,3,4,
II Kings,3,5,
II Kings,3,6,
II Kings,3,7,
II Kings,3,8,
II Kings,3,9,
II Kings,3,10,
II Kings,3,11,
II Kings,3,12,
II Kings,3,13,
II Kings,3,14,
II Kings,3,15,
II Kings,3,16,
II Kings,3,17,
II Kings,3,18,
II Kings,3,19,
II Kings,3,20,
II Kings,3,21,
II Kings,3,22,
II Kings,3,23,
II Kings,3,24,
II Kings,3,25,
II Kings,3,26,
II Kings,3,27,
II Kings,4,1,
II Kings,4,2,
II Kings,4,3,
II Kings,4,4,
II Kings,4,5,
II Kings,4,6,
II Kings,4,7,
II Kings,4,8,
II Kings,4,9,
II Kings,4,10,
II Kings,4,11,
II Kings,4,12,
II Kings,4,13,
II Kings,4,14,
II Kings,4,15,
II Kings,4,16,
II Kings,4,17,
II Kings,4,18,
II Kings,4,19,
II Kings,4,20,
II Kings,4,21,
II Kings,4,22,
II Kings,4,23,
II Kings,4,24,
II Kings,4,25,
II Kings,4,26,
II Kings,4,27,
II Kings,4,28,
II Kings,4,29,
II Kings,4,30,
II Kings,4,31,
II Kings,4,32,
II Kings,4,33,
II Kings,4,34,
II Kings,4,35,
II Kings,4,36,
II Kings,4,37,
II Kings,4,38,
II Kings,4,39,
II Kings,4,40,
II Kings,4,41,
II Kings,4,42,
II Kings,4,43,
II Kings,4,44,
II Kings,5,1,
II Kings,5,2,
II Kings,5,3,
II Kings,5,4,
II Kings,5,5,
II Kings,5,6,
II Kings,5,7,
II Kings,5,8,
II Kings,5,9,
II Kings,5,10,
II Kings,5,11,
II Kings,5,12,
II Kings,5,13,
II Kings,5,14,
II Kings,5,15,
II Kings,5,16,
II Kings,5,17,
II Kings,5,18,
II Kings,5,19,
II Kings,5,20,
II Kings,5,21,
II Kings,5,22,
II Kings,5,23,
II Kings,5,24,
II Kings,5,25,
II Kings,5,26,
II Kings,5,27,
II Kings,6,1,
II Kings,6,2,
II Kings,6,3,
II Kings,6,4,
II Kings,6,5,
II Kings,6,6,
II Kings,6,7,
II Kings,6,8,
II Kings,6,9,
II Kings,6,10,
II Kings,6,11,
II Kings,6,12,
II Kings,6,13,
II Kings,6,14,
II Kings,6,15,
II Kings,6,16,
II Kings,6,17,
II Kings,6,18,
II Kings,6,19,
II Kings,6,20,
II Kings,6,21,
II Kings,6,22,
II Kings,6,23,
II Kings,6,24,
II Kings,6,25,
II Kings,6,26,
II Kings,6,27,
II Kings,6,28,
II Kings,6,29,
II Kings,6,30,
II Kings,6,31,
II Kings,6,32,
II Kings,6,33,
II Kings,7,1,
II Kings,7,2,
II Kings,7,3,
II Kings,7,4,
II Kings,7,5,
II Kings,7,6,
II Kings,7,7,
II Kings,7,8,
II Kings,7,9,
II Kings,7,10,
II Kings,7,11,
II Kings,7,12,
II Kings,7,13,
II Kings,7,14,
II Kings,7,15,
II Kings,7,16,
II Kings,7,17,
II Kings,7,18,
II Kings,7,19,
II Kings,7,20,
II Kings,8,1,
II Kings,8,2,
II Kings,8,3,
II Kings,8,4,
II Kings,8,5,
II Kings,8,6,
II Kings,8,7,
II Kings,8,8,
II Kings,8,9,
II Kings,8,10,
II Kings,8,11,
II Kings,8,12,
II Kings,8,13,
II Kings,8,14,
II Kings,8,15,
II Kings,8,16,
II Kings,8,17,
II Kings,8,18,
II Kings,8,19,
II Kings,8,20,
II Kings,8,21,
II Kings,8,22,
II Kings,8,23,
II Kings,8,24,
II Kings,8,25,
II Kings,8,26,
II Kings,8,27,
II Kings,8,28,
II Kings,8,29,
II Kings,9,1,
II Kings,9,2,
II Kings,9,3,
II Kings,9,4,
II Kings,9,5,
II Kings,9,6,
II Kings,9,7,
II Kings,9,8,
II Kings,9,9,
II Kings,9,10,
II Kings,9,11,
II Kings,9,12,
II Kings,9,13,
II Kings,9,14,
II Kings,9,15,
II Kings,9,16,
II Kings,9,17,
II Kings,9,18,
II Kings,9,19,
II Kings,9,20,
II Kings,9,21,
II Kings,9,22,
II Kings,9,23,
II Kings,9,24,
II Kings,9,25,
II Kings,9,26,
II Kings,9,27,
II Kings,9,28,
II Kings,9,29,
II Kings,9,30,
II Kings,9,31,
II Kings,9,32,
II Kings,9,33,
II Kings,9,34,
II Kings,9,35,
II Kings,9,36,
II Kings,9,37,
II Kings,10,1,
II Kings,10,2,
II Kings,10,3,
II Kings,10,4,
II Kings,10,5,
II Kings,10,6,
II Kings,10,7,
II Kings,10,8,
II Kings,10,9,
II Kings,10,10,
II Kings,10,11,
II Kings,10,12,
II Kings,10,13,
II Kings,10,14,
II Kings,10,15,
II Kings,10,16,
II Kings,10,17,
II Kings,10,18,
II Kings,10,19,
II Kings,10,20,
II Kings,10,21,
II Kings,10,22,
II Kings,10,23,
II Kings,10,24,
II Kings,10,25,
II Kings,10,26,
II Kings,10,27,
II Kings,10,28,
II Kings,10,29,
II Kings,10,30,
II Kings,10,31,
II Kings,10,32,
II Kings,10,33,
II Kings,10,34,
II Kings,10,35,
II Kings,10,36,
II Kings,11,1,
II Kings,11,2,
II Kings,11,3,
II Kings,11,4,
II Kings,11,5,
II Kings,11,6,
II Kings,11,7,
II Kings,11,8,
II Kings,11,9,
II Kings,11,10,
II Kings,11,11,
II Kings,11,12,
II Kings,11,13,
II Kings,11,14,
II Kings,11,15,
II Kings,11,16,
II Kings,11,17,
II Kings,11,18,
II Kings,11,19,
II Kings,11,20,
II Kings,11,21,
II Kings,12,1,
II Kings,12,2,
II Kings,12,3,
II Kings,12,4,
II Kings,12,5,
II Kings,12,6,
II Kings,12,7,
II Kings,12,8,
II Kings,12,9,
II Kings,12,10,
II Kings,12,11,
II Kings,12,12,
II Kings,12,13,
II Kings,12,14,
II Kings,12,15,
II Kings,12,16,
II Kings,12,17,
II Kings,12,18,
II Kings,12,19,
II Kings,12,20,
II Kings,12,21,
II Kings,13,1,
II Kings,13,2,
II Kings,13,3,
II Kings,13,4,
II Kings,13,5,
II Kings,13,6,
II Kings,13,7,
II Kings,13,8,
II Kings,13,9,
II Kings,13,10,
II Kings,13,11,
II Kings,13,12,
II Kings,13,13,
II Kings,13,14,
II Kings,13,15,
II Kings,13,16,
II Kings,13,17,
II Kings,13,18,
II Kings,13,19,
II Kings,13,20,
II Kings,13,21,
II Kings,13,22,
II Kings,13,23,
II Kings,13,24,
II Kings,13,25,
II Kings,14,1,
II Kings,14,2,
II Kings,14,3,
II Kings,14,4,
II Kings,14,5,
II Kings,14,6,
II Kings,14,7,
II Kings,14,8,
II Kings,14,9,
II Kings,14,10,
II Kings,14,11,
II Kings,14,12,
II Kings,14,13,
II Kings,14,14,
II Kings,14,15,
II Kings,14,16,
II Kings,14,17,
II Kings,14,18,
II Kings,14,19,
II Kings,14,20,
II Kings,14,21,
II Kings,14,22,
II Kings,14,23,
II Kings,14,24,
II Kings,14,25,
II Kings,14,26,
II Kings,14,27,
II Kings,14,28,
II Kings,14,29,
II Kings,15,1,
II Kings,15,2,
II Kings,15,3,
II Kings,15,4,
II Kings,15,5,
II Kings,15,6,
II Kings,15,7,
II Kings,15,8,
II Kings,15,9,
II Kings,15,10,
II Kings,15,11,
II Kings,15,12,
II Kings,15,13,
II Kings,15,14,
II Kings,15,15,
II Kings,15,16,
II Kings,15,17,
II Kings,15,18,
II Kings,15,19,
II Kings,15,20,
II Kings,15,21,
II Kings,15,22,
II Kings,15,23,
II Kings,15,24,
II Kings,15,25,
II Kings,15,26,
II Kings,15,27,
II Kings,15,28,
II Kings,15,29,
II Kings,15,30,
II Kings,15,31,
II Kings,15,32,
II Kings,15,33,
II Kings,15,34,
II Kings,15,35,
II Kings,15,36,
II Kings,15,37,
II Kings,15,38,
II Kings,16,1,
II Kings,16,2,
II Kings,16,3,
II Kings,16,4,
II Kings,16,5,
II Kings,16,6,
II Kings,16,7,
II Kings,16,8,
II Kings,16,9,
II Kings,16,10,
II Kings,16,11,
II Kings,16,12,
II Kings,16,13,
II Kings,16,14,
II Kings,16,15,
II Kings,16,16,
II Kings,16,17,
II Kings,16,18,
II Kings,16,19,
II Kings,16,20,
II Kings,17,1,
II Kings,17,2,
II Kings,17,3,
II Kings,17,4,
II Kings,17,5,
II Kings,17,6,
II Kings,17,7,
II Kings,17,8,
II Kings,17,9,
II Kings,17,10,
II Kings,17,11,
II Kings,17,12,
II Kings,17,13,
II Kings,17,14,
II Kings,17,15,
II Kings,17,16,
II Kings,17,17,
II Kings,17,18,
II Kings,17,19,
II Kings,17,20,
II Kings,17,21,
II Kings,17,22,
II Kings,17,23,
II Kings,17,24,
II Kings,17,25,
II Kings,17,26,
II Kings,17,27,
II Kings,17,28,
II Kings,17,29,
II Kings,17,30,
II Kings,17,31,
II Kings,17,32,
II Kings,17,33,
II Kings,17,34,
II Kings,17,35,
II Kings,17,36,
II Kings,17,37,
II Kings,17,38,
II Kings,17,39,
II Kings,17,40,
II Kings,17,41,
II Kings,18,1,
II Kings,18,2,
II Kings,18,3,
II Kings,18,4,
II Kings,18,5,
II Kings,18,6,
II Kings,18,7,
II Kings,18,8,
II Kings,18,9,
II Kings,18,10,
II Kings,18,11,
II Kings,18,12,
II Kings,18,13,
II Kings,18,14,
II Kings,18,15,
II Kings,18,16,
II Kings,18,17,
II Kings,18,18,
II Kings,18,19,
II Kings,18,20,
II Kings,18,21,
II Kings,18,22,
II Kings,18,23,
II Kings,18,24,
II Kings,18,25,
II Kings,18,26,
II Kings,18,27,
II Kings,18,28,
II Kings,18,29,
II Kings,18,30,
II Kings,18,31,
II Kings,18,32,
II Kings,18,33,
II Kings,18,34,
II Kings,18,35,
II Kings,18,36,
II Kings,18,37,
II Kings,19,1,
II Kings,19,2,
II Kings,19,3,
II Kings,19,4,
II Kings,19,5,
II Kings,19,6,
II Kings,19,7,
II Kings,19,8,
II Kings,19,9,
II Kings,19,10,
II Kings,19,11,
II Kings,19,12,
II Kings,19,13,
II Kings,19,14,
II Kings,19,15,
II Kings,19,16,
II Kings,19,17,
II Kings,19,18,
II Kings,19,19,
II Kings,19,20,
II Kings,19,21,
II Kings,19,22,
II Kings,19,23,
II Kings,19,24,
II Kings,19,25,
II Kings,19,26,
II Kings,19,27,
II Kings,19,28,
II Kings,19,29,
II Kings,19,30,
II Kings,19,31,
II Kings,19,32,
II Kings,19,33,
II Kings,19,34,
II Kings,19,35,
II Kings,19,36,
II Kings,19,37,
II Kings,20,1,
II Kings,20,2,
II Kings,20,3,
II Kings,20,4,
II Kings,20,5,
II Kings,20,6,
II Kings,20,7,
II Kings,20,8,
II Kings,20,9,
II Kings,20,10,
II Kings,20,11,
II Kings,20,12,
II Kings,20,13,
II Kings,20,14,
II Kings,20,15,
II Kings,20,16,
II Kings,20,17,
II Kings,20,18,
II Kings,20,19,
II Kings,20,20,
II Kings,20,21,
II Kings,21,1,
II Kings,21,2,
II Kings,21,3,
II Kings,21,4,
II Kings,21,5,
II Kings,21,6,
II Kings,21,7,
II Kings,21,8,
II Kings,21,9,
II Kings,21,10,
II Kings,21,11,
II Kings,21,12,
II Kings,21,13,
II Kings,21,14,
II Kings,21,15,
II Kings,21,16,
II Kings,21,17,
II Kings,21,18,
II Kings,21,19,
II Kings,21,20,
II Kings,21,21,
II Kings,21,22,
II Kings,21,23,
II Kings,21,24,
II Kings,21,25,
II Kings,21,26,
II Kings,22,1,
II Kings,22,2,
II Kings,22,3,
II Kings,22,4,
II Kings,22,5,
II Kings,22,6,
II Kings,22,7,
II Kings,22,8,
II Kings,22,9,
II Kings,22,10,
II Kings,22,11,
II Kings,22,12,
II Kings,22,13,
II Kings,22,14,
II Kings,22,15,
II Kings,22,16,
II Kings,22,17,
II Kings,22,18,
II Kings,22,19,
II Kings,22,20,
II Kings,23,1,
II Kings,23,2,
II Kings,23,3,
II Kings,23,4,
II Kings,23,5,
II Kings,23,6,
II Kings,23,7,
II Kings,23,8,
II Kings,23,9,
II Kings,23,10,
II Kings,23,11,
II Kings,23,12,
II Kings,23,13,
II Kings,23,14,
II Kings,23,15,
II Kings,23,16,
II Kings,23,17,
II Kings,23,18,
II Kings,23,19,
II Kings,23,20,
II Kings,23,21,
II Kings,23,22,
II Kings,23,23,
II Kings,23,24,
II Kings,23,25,
II Kings,23,26,
II Kings,23,27,
II Kings,23,28,
II Kings,23,29,
II Kings,23,30,
II Kings,23,31,
II Kings,23,32,
II Kings,23,33,
II Kings,23,34,
II Kings,23,35,
II Kings,23,36,
II Kings,23,37,
II Kings,24,1,
II Kings,24,2,
II Kings,24,3,
II Kings,24,4,
II Kings,24,5,
II Kings,24,6,
II Kings,24,7,
II Kings,24,8,
II Kings,24,9,
II Kings,24,10,
II Kings,24,11,
II Kings,24,12,
II Kings,24,13,
II Kings,24,14,
II Kings,24,15,
II Kings,24,16,
II Kings,24,17,
II Kings,24,18,
II Kings,24,19,
II Kings,24,20,
II Kings,25,1,
II Kings,25,2,
II Kings,25,3,
II Kings,25,4,
II Kings,25,5,
II Kings,25,6,
II Kings,25,7,
II Kings,25,8,
II Kings,25,9,
II Kings,25,10,
II Kings,25,11,
II Kings,25,12,
II Kings,25,13,
II Kings,25,14,
II Kings,25,15,
II Kings,25,16,
II Kings,25,17,
II Kings,25,18,
II Kings,25,19,
II Kings,25,20,
II Kings,25,21,
II Kings,25,22,
II Kings,25,23,
II Kings,25,24,
II Kings,25,25,
II Kings,25,26,
II Kings,25,27,
II Kings,25,28,
II Kings,25,29,
II Kings,25,30,
I Chronicles,1,1,
I Chronicles,1,2,
I Chronicles,1,3,
I Chronicles,1,4,
I Chronicles,1,5,
I Chronicles,1,6,
I Chronicles,1,7,
I Chronicles,1,8,
I Chronicles,1,9,
I Chronicles,1,10,
I Chronicles,1,11,
I Chronicles,1,12,
I Chronicles,1,13,
I Chronicles,1,14,
I Chronicles,1,15,
I Chronicles,1,16,
I Chronicles,1,17,
I Chronicles,1,18,
I Chronicles,1,19,
I Chronicles,1,20,
I Chronicles,1,21,
I Chronicles,1,22,
I Chronicles,1,23,
I Chronicles,1,24,
I Chronicles,1,25,
I Chronicles,1,26,
I Chronicles,1,27,
I Chronicles,1,28,
I Chronicles,1,29,
I Chronicles,1,30,
I Chronicles,1,31,
I Chronicles,1,32,
I Chronicles,1,33,
I Chronicles,1,34,
I Chronicles,1,35,
I Chronicles,1,36,
I Chronicles,1,37,
I Chronicles,1,38,
I Chronicles,1,39,
I Chronicles,1,40,
I Chronicles,1,41,
I Chronicles,1,42,
I Chronicles,1,43,
I Chronicles,1,44,
I Chronicles,1,45,
I Chronicles,1,46,
I Chronicles,1,47,
I Chronicles,1,48,
I Chronicles,1,49,
I Chronicles,1,50,
I Chronicles,1,51,
I Chronicles,1,52,
I Chronicles,1,53,
I Chronicles,1,54,
I Chronicles,2,1,
I Chronicles,2,2,
I Chronicles,2,3,
I Chronicles,2,4,
I Chronicles,2,5,
I Chronicles,2,6,
I Chronicles,2,7,
I Chronicles,2,8,
I Chronicles,2,9,
I Chronicles,2,10,
I Chronicles,2,11,
I Chronicles,2,12,
I Chronicles,2,13,
I Chronicles,2,14,
I Chronicles,2,15,
I Chronicles,2,16,
I Chronicles,2,17,
I Chronicles,2,18,
I Chronicles,2,19,
I Chronicles,2,20,
I Chronicles,2,21,
I Chronicles,2,22,
I Chronicles,2,23,
I Chronicles,2,24,
I Chronicles,2,25,
I Chronicles,2,26,
I Chronicles,2,27,
I Chronicles,2,28,
I Chronicles,2,29,
I Chronicles,2,30,
I Chronicles,2,31,
I Chronicles,2,32,
I Chronicles,2,33,
I Chronicles,2,34,
I Chronicles,2,35,
I Chronicles,2,36,
I Chronicles,2,37,
I Chronicles,2,38,
I Chronicles,2,39,
I Chronicles,2,40,
I Chronicles,2,41,
I Chronicles,2,42,
I Chronicles,2,43,
I Chronicles,2,44,
I Chronicles,2,45,
I Chronicles,2,46,
I Chronicles,2,47,
I Chronicles,2,48,
I Chronicles,2,49,
I Chronicles,2,50,
I Chronicles,2,51,
I Chronicles,2,52,
I Chronicles,2,53,
I Chronicles,2,54,
I Chronicles,2,55,
I Chronicles,3,1,
I Chronicles,3,2,
I Chronicles,3,3,
I Chronicles,3,4,
I Chronicles,3,5,
I Chronicles,3,6,
I Chronicles,3,7,
I Chronicles,3,8,
I Chronicles,3,9,
I Chronicles,3,10,
I Chronicles,3,11,
I Chronicles,3,12,
I Chronicles,3,13,
I Chronicles,3,14,
I Chronicles,3,15,
I Chronicles,3,16,
I Chronicles,3,17,
I Chronicles,3,18,
I Chronicles,3,19,
I Chronicles,3,20,
I Chronicles,3,21,
I Chronicles,3,22,
I Chronicles,3,23,
I Chronicles,3,24,
I Chronicles,4,1,
I Chronicles,4,2,
I Chronicles,4,3,
I Chronicles,4,4,
I Chronicles,4,5,
I Chronicles,4,6,
I Chronicles,4,7,
I Chronicles,4,8,
I Chronicles,4,9,
I Chronicles,4,10,
I Chronicles,4,11,
I Chronicles,4,12,
I Chronicles,4,13,
I Chronicles,4,14,
I Chronicles,4,15,
I Chronicles,4,16,
I Chronicles,4,17,
I Chronicles,4,18,
I Chronicles,4,19,
I Chronicles,4,20,
I Chronicles,4,21,
I Chronicles,4,22,
I Chronicles,4,23,
I Chronicles,4,24,
I Chronicles,4,25,
I Chronicles,4,26,
I Chronicles,4,27,
I Chronicles,4,28,
I Chronicles,4,29,
I Chronicles,4,30,
I Chronicles,4,31,
I Chronicles,4,32,
I Chronicles,4,33,
I Chronicles,4,34,
I Chronicles,4,35,
I Chronicles,4,36,
I Chronicles,4,37,
I Chronicles,4,38,
I Chronicles,4,39,
I Chronicles,4,40,
I Chronicles,4,41,
I Chronicles,4,42,
I Chronicles,4,43,
I Chronicles,5,1,
I Chronicles,5,2,
I Chronicles,5,3,
I Chronicles,5,4,
I Chronicles,5,5,
I Chronicles,5,6,
I Chronicles,5,7,
I Chronicles,5,8,
I Chronicles,5,9,
I Chronicles,5,10,
I Chronicles,5,11,
I Chronicles,5,12,
I Chronicles,5,13,
I Chronicles,5,14,
I Chronicles,5,15,
I Chronicles,5,16,
I Chronicles,5,17,
I Chronicles,5,18,
I Chronicles,5,19,
I Chronicles,5,20,
I Chronicles,5,21,
I Chronicles,5,22,
I Chronicles,5,23,
I Chronicles,5,24,
I Chronicles,5,25,
I Chronicles,5,26,
I Chronicles,6,1,
I Chronicles,6,2,
I Chronicles,6,3,
I Chronicles,6,4,
I Chronicles,6,5,
I Chronicles,6,6,
I Chronicles,6,7,
I Chronicles,6,8,
I Chronicles,6,9,
I Chronicles,6,10,
I Chronicles,6,11,
I Chronicles,6,12,
I Chronicles,6,13,
I Chronicles,6,14,
I Chronicles,6,15,
I Chronicles,6,16,
I Chronicles,6,17,
I Chronicles,6,18,
I Chronicles,6,19,
I Chronicles,6,20,
I Chronicles,6,21,
I Chronicles,6,22,
I Chronicles,6,23,
I Chronicles,6,24,
I Chronicles,6,25,
I Chronicles,6,26,
I Chronicles,6,27,
I Chronicles,6,28,
I Chronicles,6,29,
I Chronicles,6,30,
I Chronicles,6,31,
I Chronicles,6,32,
I Chronicles,6,33,
I Chronicles,6,34,
I Chronicles,6,35,
I Chronicles,6,36,
I Chronicles,6,37,
I Chronicles,6,38,
I Chronicles,6,39,
I Chronicles,6,40,
I Chronicles,6,41,
I Chronicles,6,42,
I Chronicles,6,43,
I Chronicles,6,44,
I Chronicles,6,45,
I Chronicles,6,46,
I Chronicles,6,47,
I Chronicles,6,48,
I Chronicles,6,49,
I Chronicles,6,50,
I Chronicles,6,51,
I Chronicles,6,52,
I Chronicles,6,53,
I Chronicles,6,54,
I Chronicles,6,55,
I Chronicles,6,56,
I Chronicles,6,57,
I Chronicles,6,58,
I Chronicles,6,59,
I Chronicles,6,60,
I Chronicles,6,61,
I Chronicles,6,62,
I Chronicles,6,63,
I Chronicles,6,64,
I Chronicles,6,65,
I Chronicles,6,66,
I Chronicles,6,67,
I Chronicles,6,68,
I Chronicles,6,69,
I Chronicles,6,70,
I Chronicles,6,71,
I Chronicles,6,72,
I Chronicles,6,73,
I Chronicles,6,74,
I Chronicles,6,75,
I Chronicles,6,76,
I Chronicles,6,77,
I Chronicles,6,78,
I Chronicles,6,79,
I Chronicles,6,80,
I Chronicles,6,81,
I Chronicles,7,1,
I Chronicles,7,2,
I Chronicles,7,3,
I Chronicles,7,4,
I Chronicles,7,5,
I Chronicles,7,6,
I Chronicles,7,7,
I Chronicles,7,8,
I Chronicles,7,9,
I Chronicles,7,10,
I Chronicles,7,11,
I Chronicles,7,12,
I Chronicles,7,13,
I Chronicles,7,14,
I Chronicles,7,15,
I Chronicles,7,16,
I Chronicles,7,17,
I Chronicles,7,18,
I Chronicles,7,19,
I Chronicles,7,20,
I Chronicles,7,21,
I Chronicles,7,22,
I Chronicles,7,23,
I Chronicles,7,24,
I Chronicles,7,25,
I Chronicles,7,26,
I Chronicles,7,27,
I Chronicles,7,28,
I Chronicles,7,29,
I Chronicles,7,30,
I Chronicles,7,31,
I Chronicles,7,32,
I Chronicles,7,33,
I Chronicles,7,34,
I Chronicles,7,35,
I Chronicles,7,36,
I Chronicles,7,37,
I Chronicles,7,38,
I Chronicles,7,39,
I Chronicles,7,40,
I Chronicles,8,1,
I Chronicles,8,2,
I Chronicles,8,3,
I Chronicles,8,4,
I Chronicles,8,5,
I Chronicles,8,6,
I Chronicles,8,7,
I Chronicles,8,8,
I Chronicles,8,9,
I Chronicles,8,10,
I Chronicles,8,11,
I Chronicles,8,12,
I Chronicles,8,13,
I Chronicles,8,14,
I Chronicles,8,15,
I Chronicles,8,16,
I Chronicles,8,17,
I Chronicles,8,18,
I Chronicles,8,19,
I Chronicles,8,20,
I Chronicles,8,21,
I Chronicles,8,22,
I Chronicles,8,23,
I Chronicles,8,24,
I Chronicles,8,25,
I Chronicles,8,26,
I Chronicles,8,27,
I Chronicles,8,28,
I Chronicles,8,29,
I Chronicles,8,30,
I Chronicles,8,31,
I Chronicles,8,32,
I Chronicles,8,33,
I Chronicles,8,34,
I Chronicles,8,35,
I Chronicles,8,36,
I Chronicles,8,37,
I Chronicles,8,38,
I Chronicles,8,39,
I Chronicles,8,40,
I Chronicles,9,1,
I Chronicles,9,2,
I Chronicles,9,3,
I Chronicles,9,4,
I Chronicles,9,5,
I Chronicles,9,6,
I Chronicles,9,7,
I Chronicles,9,8,
I Chronicles,9,9,
I Chronicles,9,10,
I Chronicles,9,11,
I Chronicles,9,12,
I Chronicles,9,13,
I Chronicles,9,14,
I Chronicles,9,15,
I Chronicles,9,16,
I Chronicles,9,17,
I Chronicles,9,18,
I Chronicles,9,19,
I Chronicles,9,20,
I Chronicles,9,21,
I Chronicles,9,22,
I Chronicles,9,23,
I Chronicles,9,24,
I Chronicles,9,25,
I Chronicles,9,26,
I Chronicles,9,27,
I Chronicles,9,28,
I Chronicles,9,29,
I Chronicles,9,30,
I Chronicles,9,31,
I Chronicles,9,32,
I Chronicles,9,33,
I Chronicles,9,34,
I Chronicles,9,35,
I Chronicles,9,36,
I Chronicles,9,37,
I Chronicles,9,38,
I Chronicles,9,39,
I Chronicles,9,40,
I Chronicles,9,41,
I Chronicles,9,42,
I Chronicles,9,43,
I Chronicles,9,44,
I Chronicles,10,1,
I Chronicles,10,2,
I Chronicles,10,3,
I Chronicles,10,4,
I Chronicles,10,5,
I Chronicles,10,6,
I Chronicles,10,7,
I Chronicles,10,8,
I Chronicles,10,9,
I Chronicles,10,10,
I Chronicles,10,11,
I Chronicles,10,12,
I Chronicles,10,13,
I Chronicles,10,14,
I Chronicles,11,1,
I Chronicles,11,2,
I Chronicles,11,3,
I Chronicles,11,4,
I Chronicles,11,5,
I Chronicles,11,6,
I Chronicles,11,7,
I Chronicles,11,8,
I Chronicles,11,9,
I Chronicles,11,10,
I Chronicles,11,11,
I Chronicles,11,12,
I Chronicles,11,13,
I Chronicles,11,14,
I Chronicles,11,15,
I Chronicles,11,16,
I Chronicles,11,17,
I Chronicles,11,18,
I Chronicles,11,19,
I Chronicles,11,20,
I Chronicles,11,21,
I Chronicles,11,22,
I Chronicles,11,23,
I Chronicles,11,24,
I Chronicles,11,25,
I Chronicles,11,26,
I Chronicles,11,27,
I Chronicles,11,28,
I Chronicles,11,29,
I Chronicles,11,30,
I Chronicles,11,31,
I Chronicles,11,32,
I Chronicles,11,33,
I Chronicles,11,34,
I Chronicles,11,35,
I Chronicles,11,36,
I Chronicles,11,37,
I Chronicles,11,38,
I Chronicles,11,39,
I Chronicles,11,40,
I Chronicles,11,41,
I Chronicles,11,42,
I Chronicles,11,43,
I Chronicles,11,44,
I Chronicles,11,45,
I Chronicles,11,46,
I Chronicles,11,47,
I Chronicles,12,1,
I Chronicles,12,2,
I Chronicles,12,3,
I Chronicles,12,4,
I Chronicles,12,5,
I Chronicles,12,6,
I Chronicles,12,7,
I Chronicles,12,8,
I Chronicles,12,9,
I Chronicles,12,10,
I Chronicles,12,11,
I Chronicles,12,12,
I Chronicles,12,13,
I Chronicles,12,14,
I Chronicles,12,15,
I Chronicles,12,16,
I Chronicles,12,17,
I Chronicles,12,18,
I Chronicles,12,19,
I Chronicles,12,20,
I Chronicles,12,21,
I Chronicles,12,22,
I Chronicles,12,23,
I Chronicles,12,24,
I Chronicles,12,25,
I Chronicles,12,26,
I Chronicles,12,27,
I Chronicles,12,28,
I Chronicles,12,29,
I Chronicles,12,30,
I Chronicles,12,31,
I Chronicles,12,32,
I Chronicles,12,33,
I Chronicles,12,34,
I Chronicles,12,35,
I Chronicles,12,36,
I Chronicles,12,37,
I Chronicles,12,38,
I Chronicles,12,39,
I Chronicles,12,40,
I Chronicles,13,1,
I Chronicles,13,2,
I Chronicles,13,3,
I Chronicles,13,4,
I Chronicles,13,5,
I Chronicles,13,6,
I Chronicles,13,7,
I Chronicles,13,8,
I Chronicles,13,9,
I Chronicles,13,10,
I Chronicles,13,11,
I Chronicles,13,12,
I Chronicles,13,13,
I Chronicles,13,14,
I Chronicles,14,1,
I Chronicles,14,2,
I Chronicles,14,3,
I Chronicles,14,4,
I Chronicles,14,5,
I Chronicles,14,6,
I Chronicles,14,7,
I Chronicles,14,8,
I Chronicles,14,9,
I Chronicles,14,10,
I Chronicles,14,11,
I Chronicles,14,12,
I Chronicles,14,13,
I Chronicles,14,14,
I Chronicles,14,15,
I Chronicles,14,16,
I Chronicles,14,17,
I Chronicles,15,1,
I Chronicles,15,2,
I Chronicles,15,3,
I Chronicles,15,4,
I Chronicles,15,5,
I Chronicles,15,6,
I Chronicles,15,7,
I Chronicles,15,8,
I Chronicles,15,9,
I Chronicles,15,10,
I Chronicles,15,11,
I Chronicles,15,12,
I Chronicles,15,13,
I Chronicles,15,14,
I Chronicles,15,15,
I Chronicles,15,16,
I Chronicles,15,17,
I Chronicles,15,18,
I Chronicles,15,19,
I Chronicles,15,20,
I Chronicles,15,21,
I Chronicles,15,22,
I Chronicles,15,23,
I Chronicles,15,24,
I Chronicles,15,25,
I Chronicles,15,26,
I Chronicles,15,27,
I Chronicles,15,28,
I Chronicles,15,29,
I Chronicles,16,1,
I Chronicles,16,2,
I Chronicles,16,3,
I Chronicles,16,4,
I Chronicles,16,5,
I Chronicles,16,6,
I Chronicles,16,7,
I Chronicles,16,8,
I Chronicles,16,9,
I Chronicles,16,10,
I Chronicles,16,11,
I Chronicles,16,12,
I Chronicles,16,13,
I Chronicles,16,14,
I Chronicles,16,15,
I Chronicles,16,16,
I Chronicles,16,17,
I Chronicles,16,18,
I Chronicles,16,19,
I Chronicles,16,20,
I Chronicles,16,21,
I Chronicles,16,22,
I Chronicles,16,23,
I Chronicles,16,24,
I Chronicles,16,25,
I Chronicles,16,26,
I Chronicles,16,27,
I Chronicles,16,28,
I Chronicles,16,29,
I Chronicles,16,30,
I Chronicles,16,31,
I Chronicles,16,32,
I Chronicles,16,33,
I Chronicles,16,34,
I Chronicles,16,35,
I Chronicles,16,36,
I Chronicles,16,37,
I Chronicles,16,38,
I Chronicles,16,39,
I Chronicles,16,40,
I Chronicles,16,41,
I Chronicles,16,42,
I Chronicles,16,43,
I Chronicles,17,1,
I Chronicles,17,2,
I Chronicles,17,3,
I Chronicles,17,4,
I Chronicles,17,5,
I Chronicles,17,6,
I Chronicles,17,7,
I Chronicles,17,8,
I Chronicles,17,9,
I Chronicles,17,10,
I Chronicles,17,11,
I Chronicles,17,12,
I Chronicles,17,13,
I Chronicles,17,14,
I Chronicles,17,15,
I Chronicles,17,16,
I Chronicles,17,17,
I Chronicles,17,18,
I Chronicles,17,19,
I Chronicles,17,20,
I Chronicles,17,21,
I Chronicles,17,22,
I Chronicles,17,23,
I Chronicles,17,24,
I Chronicles,17,25,
I Chronicles,17,26,
I Chronicles,17,27,
I Chronicles,18,1,
I Chronicles,18,2,
I Chronicles,18,3,
I Chronicles,18,4,
I Chronicles,18,5,
I Chronicles,18,6,
I Chronicles,18,7,
I Chronicles,18,8,
I Chronicles,18,9,
I Chronicles,18,10,
I Chronicles,18,11,
I Chronicles,18,12,
I Chronicles,18,13,
I Chronicles,18,14,
I Chronicles,18,15,
I Chronicles,18,16,
I Chronicles,18,17,
I Chronicles,19,1,
I Chronicles,19,2,
I Chronicles,19,3,
I Chronicles,19,4,
I Chronicles,19,5,
I Chronicles,19,6,
I Chronicles,19,7,
I Chronicles,19,8,
I Chronicles,19,9,
I Chronicles,19,10,
I Chronicles,19,11,
I Chronicles,19,12,
I Chronicles,19,13,
I Chronicles,19,14,
I Chronicles,19,15,
I Chronicles,19,16,
I Chronicles,19,17,
I Chronicles,19,18,
I Chronicles,19,19,
I Chronicles,20,1,
I Chronicles,20,2,
I Chronicles,20,3,
I Chronicles,20,4,
I Chronicles,20,5,
I Chronicles,20,6,
I Chronicles,20,7,
I Chronicles,20,8,
I Chronicles,21,1,
I Chronicles,21,2,
I Chronicles,21,3,
I Chronicles,21,4,
I Chronicles,21,5,
I Chronicles,21,6,
I Chronicles,21,7,
I Chronicles,21,8,
I Chronicles,21,9,
I Chronicles,21,10,
I Chronicles,21,11,
I Chronicles,21,12,
I Chronicles,21,13,
I Chronicles,21,14,
I Chronicles,21,15,
I Chronicles,21,16,
I Chronicles,21,17,
I Chronicles,21,18,
I Chronicles,21,19,
I Chronicles,21,20,
I Chronicles,21,21,
I Chronicles,21,22,
I Chronicles,21,23,
I Chronicles,21,24,
I Chronicles,21,25,
I Chronicles,21,26,
I Chronicles,21,27,
I Chronicles,21,28,
I Chronicles,21,29,
I Chronicles,21,30,
I Chronicles,22,1,
I Chronicles,22,2,
I Chronicles,22,3,
I Chronicles,22,4,
I Chronicles,22,5,
I Chronicles,22,6,
I Chronicles,22,7,
I Chronicles,22,8,
I Chronicles,22,9,
I Chronicles,22,10,
I Chronicles,22,11,
I Chronicles,22,12,
I Chronicles,22,13,
I Chronicles,22,14,
I Chronicles,22,15,
I Chronicles,22,16,
I Chronicles,22,17,
I Chronicles,22,18,
I Chronicles,22,19,
I Chronicles,23,1,
I Chronicles,23,2,
I Chronicles,23,3,
I Chronicles,23,4,
I Chronicles,23,5,
I Chronicles,23,6,
I Chronicles,23,7,
I Chronicles,23,8,
I Chronicles,23,9,
I Chronicles,23,10,
I Chronicles,23,11,
I Chronicles,23,12,
I Chronicles,23,13,
I Chronicles,23,14,
I Chronicles,23,15,
I Chronicles,23,16,
I Chronicles,23,17,
I Chronicles,23,18,
I Chronicles,23,19,
I Chronicles,23,20,
I Chronicles,23,21,
I Chronicles,23,22,
I Chronicles,23,23,
I Chronicles,23,24,
I Chronicles,23,25,
I Chronicles,23,26,
I Chronicles,23,27,
I Chronicles,23,28,
I Chronicles,23,29,
I Chronicles,23,30,
I Chronicles,23,31,
I Chronicles,23,32,
I Chronicles,24,1,
I Chronicles,24,2,
I Chronicles,24,3,
I Chronicles,24,4,
I Chronicles,24,5,
I Chronicles,24,6,
I Chronicles,24,7,
I Chronicles,24,8,
I Chronicles,24,9,
I Chronicles,24,10,
I Chronicles,24,11,
I Chronicles,24,12,
I Chronicles,24,13,
I Chronicles,24,14,
I Chronicles,24,15,
I Chronicles,24,16,
I Chronicles,24,17,
I Chronicles,24,18,
I Chronicles,24,19,
I Chronicles,24,20,
I Chronicles,24,21,
I Chronicles,24,22,
I Chronicles,24,23,
I Chronicles,24,24,
I Chronicles,24,25,
I Chronicles,24,26,
I Chronicles,24,27,
I Chronicles,24,28,
I Chronicles,24,29,
I Chronicles,24,30,
I Chronicles,24,31,
I Chronicles,25,1,
I Chronicles,25,2,
I Chronicles,25,3,
I Chronicles,25,4,
I Chronicles,25,5,
I Chronicles,25,6,
I Chronicles,25,7,
I Chronicles,25,8,
I Chronicles,25,9,
I Chronicles,25,10,
I Chronicles,25,11,
I Chronicles,25,12,
I Chronicles,25,13,
I Chronicles,25,14,
I Chronicles,25,15,
I Chronicles,25,16,
I Chronicles,25,17,
I Chronicles,25,18,
I Chronicles,25,19,
I Chronicles,25,20,
I Chronicles,25,21,
I Chronicles,25,22,
I Chronicles,25,23,
I Chronicles,25,24,
I Chronicles,25,25,
I Chronicles,25,26,
I Chronicles,25,27,
I Chronicles,25,28,
I Chronicles,25,29,
I Chronicles,25,30,
I Chronicles,25,31,
I Chronicles,26,1,
I Chronicles,26,2,
I Chronicles,26,3,
I Chronicles,26,4,
I Chronicles,26,5,
I Chronicles,26,6,
I Chronicles,26,7,
I Chronicles,26,8,
I Chronicles,26,9,
I Chronicles,26,10,
I Chronicles,26,11,
I Chronicles,26,12,
I Chronicles,26,13,
I Chronicles,26,14,
I Chronicles,26,15,
I Chronicles,26,16,
I Chronicles,26,17,
I Chronicles,26,18,
I Chronicles,26,19,
I Chronicles,26,20,
I Chronicles,26,21,
I Chronicles,26,22,
I Chronicles,26,23,
I Chronicles,26,24,
I Chronicles,26,25,
I Chronicles,26,26,
I Chronicles,26,27,
I Chronicles,26,28,
I Chronicles,26,29,
I Chronicles,26,30,
I Chronicles,26,31,
I Chronicles,26,32,
I Chronicles,27,1,
I Chronicles,27,2,
I Chronicles,27,3,
I Chronicles,27,4,
I Chronicles,27,5,
I Chronicles,27,6,
I Chronicles,27,7,
I Chronicles,27,8,
I Chronicles,27,9,
I Chronicles,27,10,
I Chronicles,27,11,
I Chronicles,27,12,
I Chronicles,27,13,
I Chronicles,27,14,
I Chronicles,27,15,
I Chronicles,27,16,
I Chronicles,27,17,
I Chronicles,27,18,
I Chronicles,27,19,
I Chronicles,27,20,
I Chronicles,27,21,
I Chronicles,27,22,
I Chronicles,27,23,
I Chronicles,27,24,
I Chronicles,27,25,
I Chronicles,27,26,
I Chronicles,27,27,
I Chronicles,27,28,
I Chronicles,27,29,
I Chronicles,27,30,
I Chronicles,27,31,
I Chronicles,27,32,
I Chronicles,27,33,
I Chronicles,27,34,
I Chronicles,28,1,
I Chronicles,28,2,
I Chronicles,28,3,
I Chronicles,28,4,
I Chronicles,28,5,
I Chronicles,28,6,
I Chronicles,28,7,
I Chronicles,28,8,
I Chronicles,28,9,
I Chronicles,28,10,
I Chronicles,28,11,
I Chronicles,28,12,
I Chronicles,28,13,
I Chronicles,28,14,
I Chronicles,28,15,
I Chronicles,28,16,
I Chronicles,28,17,
I Chronicles,28,18,
I Chronicles,28,19,
I Chronicles,28,20,
I Chronicles,28,21,
I Chronicles,29,1,
I Chronicles,29,2,
I Chronicles,29,3,
I Chronicles,29,4,
I Chronicles,29,5,
I Chronicles,29,6,
I Chronicles,29,7,
I Chronicles,29,8,
I Chronicles,29,9,
I Chronicles,29,10,
I Chronicles,29,11,
I Chronicles,29,12,
I Chronicles,29,13,
I Chronicles,29,14,
I Chronicles,29,15,
I Chronicles,29,16,
I Chronicles,29,17,
I Chronicles,29,18,
I Chronicles,29,19,
I Chronicles,29,20,
I Chronicles,29,21,
I Chronicles,29,22,
I Chronicles,29,23,
I Chronicles,29,24,
I Chronicles,29,25,
I Chronicles,29,26,
I Chronicles,29,27,
I Chronicles,29,28,
I Chronicles,29,29,
I Chronicles,29,30,
II Chronicles,1,1,
II Chronicles,1,2,
II Chronicles,1,3,
II Chronicles,1,4,
II Chronicles,1,5,
II Chronicles,1,6,
II Chronicles,1,7,
II Chronicles,1,8,
II Chronicles,1,9,
II Chronicles,1,10,
II Chronicles,1,11,
II Chronicles,1,12,
II Chronicles,1,13,
II Chronicles,1,14,
II Chronicles,1,15,
II Chronicles,1,16,
II Chronicles,1,17,
II Chronicles,2,1,
II Chronicles,2,2,
II Chronicles,2,3,
II Chronicles,2,4,
II Chronicles,2,5,
II Chronicles,2,6,
II Chronicles,2,7,
II Chronicles,2,8,
II Chronicles,2,9,
II Chronicles,2,10,
II Chronicles,2,11,
II Chronicles,2,12,
II Chronicles,2,13,
II Chronicles,2,14,
II Chronicles,2,15,
II Chronicles,2,16,
II Chronicles,2,17,
II Chronicles,2,18,
II Chronicles,3,1,
II Chronicles,3,2,
II Chronicles,3,3,
II Chronicles,3,4,
II Chronicles,3,5,
II Chronicles,3,6,
II Chronicles,3,7,
II Chronicles,3,8,
II Chronicles,3,9,
II Chronicles,3,10,
II Chronicles,3,11,
II Chronicles,3,12,
II Chronicles,3,13,
II Chronicles,3,14,
II Chronicles,3,15,
II Chronicles,3,16,
II Chronicles,3,17,
II Chronicles,4,1,
II Chronicles,4,2,
II Chronicles,4,3,
II Chronicles,4,4,
II Chronicles,4,5,
II Chronicles,4,6,
II Chronicles,4,7,
II Chronicles,4,8,
II Chronicles,4,9,
II Chronicles,4,10,
II Chronicles,4,11,
II Chronicles,4,12,
II Chronicles,4,13,
II Chronicles,4,14,
II Chronicles,4,15,
II Chronicles,4,16,
II Chronicles,4,17,
II Chronicles,4,18,
II Chronicles,4,19,
II Chronicles,4,20,
II Chronicles,4,21,
II Chronicles,4,22,
II Chronicles,5,1,
II Chronicles,5,2,
II Chronicles,5,3,
II Chronicles,5,4,
II Chronicles,5,5,
II Chronicles,5,6,
II Chronicles,5,7,
II Chronicles,5,8,
II Chronicles,5,9,
II Chronicles,5,10,
II Chronicles,5,11,
II Chronicles,5,12,
II Chronicles,5,13,
II Chronicles,5,14,
II Chronicles,6,1,
II Chronicles,6,2,
II Chronicles,6,3,
II Chronicles,6,4,
II Chronicles,6,5,
II Chronicles,6,6,
II Chronicles,6,7,
II Chronicles,6,8,
II Chronicles,6,9,
II Chronicles,6,10,
II Chronicles,6,11,
II Chronicles,6,12,
II Chronicles,6,13,
II Chronicles,6,14,
II Chronicles,6,15,
II Chronicles,6,16,
II Chronicles,6,17,
II Chronicles,6,18,
II Chronicles,6,19,
II Chronicles,6,20,
II Chronicles,6,21,
II Chronicles,6,22,
II Chronicles,6,23,
II Chronicles,6,24,
II Chronicles,6,25,
II Chronicles,6,26,
II Chronicles,6,27,
II Chronicles,6,28,
II Chronicles,6,29,
II Chronicles,6,30,
II Chronicles,6,31,
II Chronicles,6,32,
II Chronicles,6,33,
II Chronicles,6,34,
II Chronicles,6,35,
II Chronicles,6,36,
II Chronicles,6,37,
II Chronicles,6,38,
II Chronicles,6,39,
II Chronicles,6,40,
II Chronicles,6,41,
II Chronicles,6,42,
II Chronicles,7,1,
II Chronicles,7,2,
II Chronicles,7,3,
II Chronicles,7,4,
II Chronicles,7,5,
II Chronicles,7,6,
II Chronicles,7,7,
II Chronicles,7,8,
II Chronicles,7,9,
II Chronicles,7,10,
II Chronicles,7,11,
II Chronicles,7,12,
II Chronicles,7,13,
II Chronicles,7,14,
II Chronicles,7,15,
II Chronicles,7,16,
II Chronicles,7,17,
II Chronicles,7,18,
II Chronicles,7,19,
II Chronicles,7,20,
II Chronicles,7,21,
II Chronicles,7,22,
II Chronicles,8,1,
II Chronicles,8,2,
II Chronicles,8,3,
II Chronicles,8,4,
II Chronicles,8,5,
II Chronicles,8,6,
II Chronicles,8,7,
II Chronicles,8,8,
II Chronicles,8,9,
II Chronicles,8,10,
II Chronicles,8,11,
II Chronicles,8,12,
II Chronicles,8,13,
II Chronicles,8,14,
II Chronicles,8,15,
II Chronicles,8,16,
II Chronicles,8,17,
II Chronicles,8,18,
II Chronicles,9,1,
II Chronicles,9,2,
II Chronicles,9,3,
II Chronicles,9,4,
II Chronicles,9,5,
II Chronicles,9,6,
II Chronicles,9,7,
II Chronicles,9,8,
II Chronicles,9,9,
II Chronicles,9,10,
II Chronicles,9,11,
II Chronicles,9,12,
II Chronicles,9,13,
II Chronicles,9,14,
II Chronicles,9,15,
II Chronicles,9,16,
II Chronicles,9,17,
II Chronicles,9,18,
II Chronicles,9,19,
II Chronicles,9,20,
II Chronicles,9,21,
II Chronicles,9,22,
II Chronicles,9,23,
II Chronicles,9,24,
II Chronicles,9,25,
II Chronicles,9,26,
II Chronicles,9,27,
II Chronicles,9,28,
II Chronicles,9,29,
II Chronicles,9,30,
II Chronicles,9,31,
II Chronicles,10,1,
II Chronicles,10,2,
II Chronicles,10,3,
II Chronicles,10,4,
II Chronicles,10,5,
II Chronicles,10,6,
II Chronicles,10,7,
II Chronicles,10,8,
II Chronicles,10,9,
II Chronicles,10,10,
II Chronicles,10,11,
II Chronicles,10,12,
II Chronicles,10,13,
II Chronicles,10,14,
II Chronicles,10,15,
II Chronicles,10,16,
II Chronicles,10,17,
II Chronicles,10,18,
II Chronicles,10,19,
II Chronicles,11,1,
II Chronicles,11,2,
II Chronicles,11,3,
II Chronicles,11,4,
II Chronicles,11,5,
II Chronicles,11,6,
II Chronicles,11,7,
II Chronicles,11,8,
II Chronicles,11,9,
II Chronicles,11,10,
II Chronicles,11,11,
II Chronicles,11,12,
II Chronicles,11,13,
II Chronicles,11,14,
II Chronicles,11,15,
II Chronicles,11,16,
II Chronicles,11,17,
II Chronicles,11,18,
II Chronicles,11,19,
II Chronicles,11,20,
II Chronicles,11,21,
II Chronicles,11,22,
II Chronicles,11,23,
II Chronicles,12,1,
II Chronicles,12,2,
II Chronicles,12,3,
II Chronicles,12,4,
II Chronicles,12,5,
II Chronicles,12,6,
II Chronicles,12,7,
II Chronicles,12,8,
II Chronicles,12,9,
II Chronicles,12,10,
II Chronicles,12,11,
II Chronicles,12,12,
II Chronicles,12,13,
II Chronicles,12,14,
II Chronicles,12,15,
II Chronicles,12,16,
II Chronicles,13,1,
II Chronicles,13,2,
II Chronicles,13,3,
II Chronicles,13,4,
II Chronicles,13,5,
II Chronicles,13,6,
II Chronicles,13,7,
II Chronicles,13,8,
II Chronicles,13,9,
II Chronicles,13,10,
II Chronicles,13,11,
II Chronicles,13,12,
II Chronicles,13,13,
II Chronicles,13,14,
II Chronicles,13,15,
II Chronicles,13,16,
II Chronicles,13,17,
II Chronicles,13,18,
II Chronicles,13,19,
II Chronicles,13,20,
II Chronicles,13,21,
II Chronicles,13,22,
II Chronicles,14,1,
II Chronicles,14,2,
II Chronicles,14,3,
II Chronicles,14,4,
II Chronicles,14,5,
II Chronicles,14,6,
II Chronicles,14,7,
II Chronicles,14,8,
II Chronicles,14,9,
II Chronicles,14,10,
II Chronicles,14,11,
II Chronicles,14,12,
II Chronicles,14,13,
II Chronicles,14,14,
II Chronicles,14,15,
II Chronicles,15,1,
II Chronicles,15,2,
II Chronicles,15,3,
II Chronicles,15,4,
II Chronicles,15,5,
II Chronicles,15,6,
II Chronicles,15,7,
II Chronicles,15,8,
II Chronicles,15,9,
II Chronicles,15,10,
II Chronicles,15,11,
II Chronicles,15,12,
II Chronicles,15,13,
II Chronicles,15,14,
II Chronicles,15,15,
II Chronicles,15,16,
II Chronicles,15,17,
II Chronicles,15,18,
II Chronicles,15,19,
II Chronicles,16,1,
II Chronicles,16,2,
II Chronicles,16,3,
II Chronicles,16,4,
II Chronicles,16,5,
II Chronicles,16,6,
II Chronicles,16,7,
II Chronicles,16,8,
II Chronicles,16,9,
II Chronicles,16,10,
II Chronicles,16,11,
II Chronicles,16,12,
II Chronicles,16,13,
II Chronicles,16,14,
II Chronicles,17,1,
II Chronicles,17,2,
II Chronicles,17,3,
II Chronicles,17,4,
II Chronicles,17,5,
II Chronicles,17,6,
II Chronicles,17,7,
II Chronicles,17,8,
II Chronicles,17,9,
II Chronicles,17,10,
II Chronicles,17,11,
II Chronicles,17,12,
II Chronicles,17,13,
II Chronicles,17,14,
II Chronicles,17,15,
II Chronicles,17,16,
II Chronicles,17,17,
II Chronicles,17,18,
II Chronicles,17,19,
II Chronicles,18,1,
II Chronicles,18,2,
II Chronicles,18,3,
II Chronicles,18,4,
II Chronicles,18,5,
II Chronicles,18,6,
II Chronicles,18,7,
II Chronicles,18,8,
II Chronicles,18,9,
II Chronicles,18,10,
II Chronicles,18,11,
II Chronicles,18,12,
II Chronicles,18,13,
II Chronicles,18,14,
II Chronicles,18,15,
II Chronicles,18,16,
II Chronicles,18,17,
II Chronicles,18,18,
II Chronicles,18,19,
II Chronicles,18,20,
II Chronicles,18,21,
II Chronicles,18,22,
II Chronicles,18,23,
II Chronicles,18,24,
II Chronicles,18,25,
II Chronicles,18,26,
II Chronicles,18,27,
II Chronicles,18,28,
II Chronicles,18,29,
II Chronicles,18,30,
II Chronicles,18,31,
II Chronicles,18,32,
II Chronicles,18,33,
II Chronicles,18,34,
II Chronicles,19,1,
II Chronicles,19,2,
II Chronicles,19,3,
II Chronicles,19,4,
II Chronicles,19,5,
II Chronicles,19,6,
II Chronicles,19,7,
II Chronicles,19,8,
II Chronicles,19,9,
II Chronicles,19,10,
II Chronicles,19,11,
II Chronicles,20,1,
II Chronicles,20,2,
II Chronicles,20,3,
II Chronicles,20,4,
II Chronicles,20,5,
II Chronicles,20,6,
II Chronicles,20,7,
II Chronicles,20,8,
II Chronicles,20,9,
II Chronicles,20,10,
II Chronicles,20,11,
II Chronicles,20,12,
II Chronicles,20,13,
II Chronicles,20,14,
II Chronicles,20,15,
II Chronicles,20,16,
II Chronicles,20,17,
II Chronicles,20,18,
II Chronicles,20,19,
II Chronicles,20,20,
II Chronicles,20,21,
II Chronicles,20,22,
II Chronicles,20,23,
II Chronicles,20,24,
II Chronicles,20,25,
II Chronicles,20,26,
II Chronicles,20,27,
II Chronicles,20,28,
II Chronicles,20,29,
II Chronicles,20,30,
II Chronicles,20,31,
II Chronicles,20,32,
II Chronicles,20,33,
II Chronicles,20,34,
II Chronicles,20,35,
II Chronicles,20,36,
II Chronicles,20,37,
II Chronicles,21,1,
II Chronicles,21,2,
II Chronicles,21,3,
II Chronicles,21,4,
II Chronicles,21,5,
II Chronicles,21,6,
II Chronicles,21,7,
II Chronicles,21,8,
II Chronicles,21,9,
II Chronicles,21,10,
II Chronicles,21,11,
II Chronicles,21,12,
II Chronicles,21,13,
II Chronicles,21,14,
II Chronicles,21,15,
II Chronicles,21,16,
II Chronicles,21,17,
II Chronicles,21,18,
II Chronicles,21,19,
II Chronicles,21,20,
II Chronicles,22,1,
II Chronicles,22,2,
II Chronicles,22,3,
II Chronicles,22,4,
II Chronicles,22,5,
II Chronicles,22,6,
II Chronicles,22,7,
II Chronicles,22,8,
II Chronicles,22,9,
II Chronicles,22,10,
II Chronicles,22,11,
II Chronicles,22,12,
II Chronicles,23,1,
II Chronicles,23,2,
II Chronicles,23,3,
II Chronicles,23,4,
II Chronicles,23,5,
II Chronicles,23,6,
II Chronicles,23,7,
II Chronicles,23,8,
II Chronicles,23,9,
II Chronicles,23,10,
II Chronicles,23,11,
II Chronicles,23,12,
II Chronicles,23,13,
II Chronicles,23,14,
II Chronicles,23,15,
II Chronicles,23,16,
II Chronicles,23,17,
II Chronicles,23,18,
II Chronicles,23,19,
II Chronicles,23,20,
II Chronicles,23,21,
II Chronicles,24,1,
II Chronicles,24,2,
II Chronicles,24,3,
II Chronicles,24,4,
II Chronicles,24,5,
II Chronicles,24,6,
II Chronicles,24,7,
II Chronicles,24,8,
II Chronicles,24,9,
II Chronicles,24,10,
II Chronicles,24,11,
II Chronicles,24,12,
II Chronicles,24,13,
II Chronicles,24,14,
II Chronicles,24,15,
II Chronicles,24,16,
II Chronicles,24,17,
II Chronicles,24,18,
II Chronicles,24,19,
II Chronicles,24,20,
II Chronicles,24,21,
II Chronicles,24,22,
II Chronicles,24,23,
II Chronicles,24,24,
II Chronicles,24,25,
II Chronicles,24,26,
II Chronicles,24,27,
II Chronicles,25,1,
II Chronicles,25,2,
II Chronicles,25,3,
II Chronicles,25,4,
II Chronicles,25,5,
II Chronicles,25,6,
II Chronicles,25,7,
II Chronicles,25,8,
II Chronicles,25,9,
II Chronicles,25,10,
II Chronicles,25,11,
II Chronicles,25,12,
II Chronicles,25,13,
II Chronicles,25,14,
II Chronicles,25,15,
II Chronicles,25,16,
II Chronicles,25,17,
II Chronicles,25,18,
II Chronicles,25,19,
II Chronicles,25,20,
II Chronicles,25,21,
II Chronicles,25,22,
II Chronicles,25,23,
II Chronicles,25,24,
II Chronicles,25,25,
II Chronicles,25,26,
II Chronicles,25,27,
II Chronicles,25,28,
II Chronicles,26,1,
II Chronicles,26,2,
II Chronicles,26,3,
II Chronicles,26,4,
II Chronicles,26,5,
II Chronicles,26,6,
II Chronicles,26,7,
II Chronicles,26,8,
II Chronicles,26,9,
II Chronicles,26,10,
II Chronicles,26,11,
II Chronicles,26,12,
II Chronicles,26,13,
II Chronicles,26,14,
II Chronicles,26,15,
II Chronicles,26,16,
II Chronicles,26,17,
II Chronicles,26,18,
II Chronicles,26,19,
II Chronicles,26,20,
II Chronicles,26,21,
II Chronicles,26,22,
II Chronicles,26,23,
II Chronicles,27,1,
II Chronicles,27,2,
II Chronicles,27,3,
II Chronicles,27,4,
II Chronicles,27,5,
II Chronicles,27,6,
II Chronicles,27,7,
II Chronicles,27,8,
II Chronicles,27,9,
II Chronicles,28,1,
II Chronicles,28,2,
II Chronicles,28,3,
II Chronicles,28,4,
II Chronicles,28,5,
II Chronicles,28,6,
II Chronicles,28,7,
II Chronicles,28,8,
II Chronicles,28,9,
II Chronicles,28,10,
II Chronicles,28,11,
II Chronicles,28,12,
II Chronicles,28,13,
II Chronicles,28,14,
II Chronicles,28,15,
II Chronicles,28,16,
II Chronicles,28,17,
II Chronicles,28,18,
II Chronicles,28,19,
II Chronicles,28,20,
II Chronicles,28,21,
II Chronicles,28,22,
II Chronicles,28,23,
II Chronicles,28,24,
II Chronicles,28,25,
II Chronicles,28,26,
II Chronicles,28,27,
II Chronicles,29,1,
II Chronicles,29,2,
II Chronicles,29,3,
II Chronicles,29,4,
II Chronicles,29,5,
II Chronicles,29,6,
II Chronicles,29,7,
II Chronicles,29,8,
II Chronicles,29,9,
II Chronicles,29,10,
II Chronicles,29,11,
II Chronicles,29,12,
II Chronicles,29,13,
II Chronicles,29,14,
II Chronicles,29,15,
II Chronicles,29,16,
II Chronicles,29,17,
II Chronicles,29,18,
II Chronicles,29,19,
II Chronicles,29,20,
II Chronicles,29,21,
II Chronicles,29,22,
II Chronicles,29,23,
II Chronicles,29,24,
II Chronicles,29,25,
II Chronicles,29,26,
II Chronicles,29,27,
II Chronicles,29,28,
II Chronicles,29,29,
II Chronicles,29,30,
II Chronicles,29,31,
II Chronicles,29,32,
II Chronicles,29,33,
II Chronicles,29,34,
II Chronicles,29,35,
II Chronicles,29,36,
II Chronicles,30,1,
II Chronicles,30,2,
II Chronicles,30,3,
II Chronicles,30,4,
II Chronicles,30,5,
II Chronicles,30,6,
II Chronicles,30,7,
II Chronicles,30,8,
II Chronicles,30,9,
II Chronicles,30,10,
II Chronicles,30,11,
II Chronicles,30,12,
II Chronicles,30,13,
II Chronicles,30,14,
II Chronicles,30,15,
II Chronicles,30,16,
II Chronicles,30,17,
II Chronicles,30,18,
II Chronicles,30,19,
II Chronicles,30,20,
II Chronicles,30,21,
II Chronicles,30,22,
II Chronicles,30,23,
II Chronicles,30,24,
II Chronicles,30,25,
II Chronicles,30,26,
II Chronicles,30,27,
II Chronicles,31,1,
II Chronicles,31,2,
II Chronicles,31,3,
II Chronicles,31,4,
II Chronicles,31,5,
II Chronicles,31,6,
II Chronicles,31,7,
II Chronicles,31,8,
II Chronicles,31,9,
II Chronicles,31,10,
II Chronicles,31,11,
II Chronicles,31,12,
II Chronicles,31,13,
II Chronicles,31,14,
II Chronicles,31,15,
II Chronicles,31,16,
II Chronicles,31,17,
II Chronicles,31,18,
II Chronicles,31,19,
II Chronicles,31,20,
II Chronicles,31,21,
II Chronicles,32,1,
II Chronicles,32,2,
II Chronicles,32,3,
II Chronicles,32,4,
II Chronicles,32,5,
II Chronicles,32,6,
II Chronicles,32,7,
II Chronicles,32,8,
II Chronicles,32,9,
II Chronicles,32,10,
II Chronicles,32,11,
II Chronicles,32,12,
II Chronicles,32,13,
II Chronicles,32,14,
II Chronicles,32,15,
II Chronicles,32,16,
II Chronicles,32,17,
II Chronicles,32,18,
II Chronicles,32,19,
II Chronicles,32,20,
II Chronicles,32,21,
II Chronicles,32,22,
II Chronicles,32,23,
II Chronicles,32,24,
II Chronicles,32,25,
II Chronicles,32,26,
II Chronicles,32,27,
II Chronicles,32,28,
II Chronicles,32,29,
II Chronicles,32,30,
II Chronicles,32,31,
II Chronicles,32,32,
II Chronicles,32,33,
II Chronicles,33,1,
II Chronicles,33,2,
II Chronicles,33,3,
II Chronicles,33,4,
II Chronicles,33,5,
II Chronicles,33,6,
II Chronicles,33,7,
II Chronicles,33,8,
II Chronicles,33,9,
II Chronicles,33,10,
II Chronicles,33,11,
II Chronicles,33,12,
II Chronicles,33,13,
II Chronicles,33,14,
II Chronicles,33,15,
II Chronicles,33,16,
II Chronicles,33,17,
II Chronicles,33,18,
II Chronicles,33,19,
II Chronicles,33,20,
II Chronicles,33,21,
II Chronicles,33,22,
II Chronicles,33,23,
II Chronicles,33,24,
II Chronicles,33,25,
II Chronicles,34,1,
II Chronicles,34,2,
II Chronicles,34,3,
II Chronicles,34,4,
II Chronicles,34,5,
II Chronicles,34,6,
II Chronicles,34,7,
II Chronicles,34,8,
II Chronicles,34,9,
II Chronicles,34,10,
II Chronicles,34,11,
II Chronicles,34,12,
II Chronicles,34,13,
II Chronicles,34,14,
II Chronicles,34,15,
II Chronicles,34,16,
II Chronicles,34,17,
II Chronicles,34,18,
II Chronicles,34,19,
II Chronicles,34,20,
II Chronicles,34,21,
II Chronicles,34,22,
II Chronicles,34,23,
II Chronicles,34,24,
II Chronicles,34,25,
II Chronicles,34,26,
II Chronicles,34,27,
II Chronicles,34,28,
II Chronicles,34,29,
II Chronicles,34,30,
II Chronicles,34,31,
II Chronicles,34,32,
II Chronicles,34,33,
II Chronicles,35,1,
II Chronicles,35,2,
II Chronicles,35,3,
II Chronicles,35,4,
II Chronicles,35,5,
II Chronicles,35,6,
II Chronicles,35,7,
II Chronicles,35,8,
II Chronicles,35,9,
II Chronicles,35,10,
II Chronicles,35,11,
II Chronicles,35,12,
II Chronicles,35,13,
II Chronicles,35,14,
II Chronicles,35,15,
II Chronicles,35,16,
II Chronicles,35,17,
II Chronicles,35,18,
II Chronicles,35,19,
II Chronicles,35,20,
II Chronicles,35,21,
II Chronicles,35,22,
II Chronicles,35,23,
II Chronicles,35,24,
II Chronicles,35,25,
II Chronicles,35,26,
II Chronicles,35,27,
II Chronicles,36,1,
II Chronicles,36,2,
II Chronicles,36,3,
II Chronicles,36,4,
II Chronicles,36,5,
II Chronicles,36,6,
II Chronicles,36,7,
II Chronicles,36,8,
II Chronicles,36,9,
II Chronicles,36,10,
II Chronicles,36,11,
II Chronicles,36,12,
II Chronicles,36,13,
II Chronicles,36,14,
II Chronicles,36,15,
II Chronicles,36,16,
II Chronicles,36,17,
II Chronicles,36,18,
II Chronicles,36,19,
II Chronicles,36,20,
II Chronicles,36,21,
II Chronicles,36,22,
II Chronicles,36,23,
Ezra,1,1,
Ezra,1,2,
Ezra,1,3,
Ezra,1,4,
Ezra,1,5,
Ezra,1,6,
Ezra,1,7,
Ezra,1,8,
Ezra,1,9,
Ezra,1,10,
Ezra,1,11,
Ezra,2,1,
Ezra,2,2,
Ezra,2,3,
Ezra,2,4,
Ezra,2,5,
Ezra,2,6,
Ezra,2,7,
Ezra,2,8,
Ezra,2,9,
Ezra,2,10,
Ezra,2,11,
Ezra,2,12,
Ezra,2,13,
Ezra,2,14,
Ezra,2,15,
Ezra,2,16,
Ezra,2,17,
Ezra,2,18,
Ezra,2,19,
Ezra,2,20,
Ezra,2,21,
Ezra,2,22,
Ezra,2,23,
Ezra,2,24,
Ezra,2,25,
Ezra,2,26,
Ezra,2,27,
Ezra,2,28,
Ezra,2,29,
Ezra,2,30,
Ezra,2,31,
Ezra,2,32,
Ezra,2,33,
Ezra,2,34,
Ezra,2,35,
Ezra,2,36,
Ezra,2,37,
Ezra,2,38,
Ezra,2,39,
Ezra,2,40,
Ezra,2,41,
Ezra,2,42,
Ezra,2,43,
Ezra,2,44,
Ezra,2,45,
Ezra,2,46,
Ezra,2,47,
Ezra,2,48,
Ezra,2,49,
Ezra,2,50,
Ezra,2,51,
Ezra,2,52,
Ezra,2,53,
Ezra,2,54,
Ezra,2,55,
Ezra,2,56,
Ezra,2,57,
Ezra,2,58,
Ezra,2,59,
Ezra,2,60,
Ezra,2,61,
Ezra,2,62,
Ezra,2,63,
Ezra,2,64,
Ezra,2,65,
Ezra,2,66,
Ezra,2,67,
Ezra,2,68,
Ezra,2,69,
Ezra,2,70,
Ezra,3,1,
Ezra,3,2,
Ezra,3,3,
Ezra,3,4,
Ezra,3,5,
Ezra,3,6,
Ezra,3,7,
Ezra,3,8,
Ezra,3,9,
Ezra,3,10,
Ezra,3,11,
Ezra,3,12,
Ezra,3,13,
Ezra,4,1,
Ezra,4,2,
Ezra,4,3,
Ezra,4,4,
Ezra,4,5,
Ezra,4,6,
Ezra,4,7,
Ezra,4,8,
Ezra,4,9,
Ezra,4,10,
Ezra,4,11,
Ezra,4,12,
Ezra,4,13,
Ezra,4,14,
Ezra,4,15,
Ezra,4,16,
Ezra,4,17,
Ezra,4,18,
Ezra,4,19,
Ezra,4,20,
Ezra,4,21,
Ezra,4,22,
Ezra,4,23,
Ezra,4,24,
Ezra,5,1,
Ezra,5,2,
Ezra,5,3,
Ezra,5,4,
Ezra,5,5,
Ezra,5,6,
Ezra,5,7,
Ezra,5,8,
Ezra,5,9,
Ezra,5,10,
Ezra,5,11,
Ezra,5,12,
Ezra,5,13,
Ezra,5,14,
Ezra,5,15,
Ezra,5,16,
Ezra,5,17,
Ezra,6,1,
Ezra,6,2,
Ezra,6,3,
Ezra,6,4,
Ezra,6,5,
Ezra,6,6,
Ezra,6,7,
Ezra,6,8,
Ezra,6,9,
Ezra,6,10,
Ezra,6,11,
Ezra,6,12,
Ezra,6,13,
Ezra,6,14,
Ezra,6,15,
Ezra,6,16,
Ezra,6,17,
Ezra,6,18,
Ezra,6,19,
Ezra,6,20,
Ezra,6,21,
Ezra,6,22,
Ezra,7,1,
Ezra,7,2,
Ezra,7,3,
Ezra,7,4,
Ezra,7,5,
Ezra,7,6,
Ezra,7,7,
Ezra,7,8,
Ezra,7,9,
Ezra,7,10,
Ezra,7,11,
Ezra,7,12,
Ezra,7,13,
Ezra,7,14,
Ezra,7,15,
Ezra,7,16,
Ezra,7,17,
Ezra,7,18,
Ezra,7,19,
Ezra,7,20,
Ezra,7,21,
Ezra,7,22,
Ezra,7,23,
Ezra,7,24,
Ezra,7,25,
Ezra,7,26,
Ezra,7,27,
Ezra,7,28,
Ezra,8,1,
Ezra,8,2,
Ezra,8,3,
Ezra,8,4,
Ezra,8,5,
Ezra,8,6,
Ezra,8,7,
Ezra,8,8,
Ezra,8,9,
Ezra,8,10,
Ezra,8,11,
Ezra,8,12,
Ezra,8,13,
Ezra,8,14,
Ezra,8,15,
Ezra,8,16,
Ezra,8,17,
Ezra,8,18,
Ezra,8,19,
Ezra,8,20,
Ezra,8,21,
Ezra,8,22,
Ezra,8,23,
Ezra,8,24,
Ezra,8,25,
Ezra,8,26,
Ezra,8,27,
Ezra,8,28,
Ezra,8,29,
Ezra,8,30,
Ezra,8,31,
Ezra,8,32,
Ezra,8,33,
Ezra,8,34,
Ezra,8,35,
Ezra,8,36,
Ezra,9,1,
Ezra,9,2,
Ezra,9,3,
Ezra,9,4,
Ezra,9,5,
Ezra,9,6,
Ezra,9,7,
Ezra,9,8,
Ezra,9,9,
Ezra,9,10,
Ezra,9,11,
Ezra,9,12,
Ezra,9,13,
Ezra,9,14,
Ezra,9,15,
Ezra,10,1,
Ezra,10,2,
Ezra,10,3,
Ezra,10,4,
Ezra,10,5,
Ezra,10,6,
Ezra,10,7,
Ezra,10,8,
Ezra,10,9,
Ezra,10,10,
Ezra,10,11,
Ezra,10,12,
Ezra,10,13,
Ezra,10,14,
Ezra,10,15,
Ezra,10,16,
Ezra,10,17,
Ezra,10,18,
Ezra,10,19,
Ezra,10,20,
Ezra,10,21,
Ezra,10,22,
Ezra,10,23,
Ezra,10,24,
Ezra,10,25,
Ezra,10,26,
Ezra,10,27,
Ezra,10,28,
Ezra,10,29,
Ezra,10,30,
Ezra,10,31,
Ezra,10,32,
Ezra,10,33,
Ezra,10,34,
Ezra,10,35,
Ezra,10,36,
Ezra,10,37,
Ezra,10,38,
Ezra,10,39,
Ezra,10,40,
Ezra,10,41,
Ezra,10,42,
Ezra,10,43,
Ezra,10,44,
Nehemiah,1,1,
Nehemiah,1,2,
Nehemiah,1,3,
Nehemiah,1,4,
Nehemiah,1,5,
Nehemiah,1,6,
Nehemiah,1,7,
Nehemiah,1,8,
Nehemiah,1,9,
Nehemiah,1,10,
Nehemiah,1,11,
Nehemiah,2,1,
Nehemiah,2,2,
Nehemiah,2,3,
Nehemiah,2,4,
Nehemiah,2,5,
Nehemiah,2,6,
Nehemiah,2,7,
Nehemiah,2,8,
Nehemiah,2,9,
Nehemiah,2,10,
Nehemiah,2,11,
Nehemiah,2,12,
Nehemiah,2,13,
Nehemiah,2,14,
Nehemiah,2,15,
Nehemiah,2,16,
Nehemiah,2,17,
Nehemiah,2,18,
Nehemiah,2,19,
Nehemiah,2,20,
Nehemiah,3,1,
Nehemiah,3,2,
Nehemiah,3,3,
Nehemiah,3,4,
Nehemiah,3,5,
Nehemiah,3,6,
Nehemiah,3,7,
Nehemiah,3,8,
Nehemiah,3,9,
Nehemiah,3,10,
Nehemiah,3,11,
Nehemiah,3,12,
Nehemiah,3,13,
Nehemiah,3,14,
Nehemiah,3,15,
Nehemiah,3,16,
Nehemiah,3,17,
Nehemiah,3,18,
Nehemiah,3,19,
Nehemiah,3,20,
Nehemiah,3,21,
Nehemiah,3,22,
Nehemiah,3,23,
Nehemiah,3,24,
Nehemiah,3,25,
Nehemiah,3,26,
Nehemiah,3,27,
Nehemiah,3,28,
Nehemiah,3,29,
Nehemiah,3,30,
Nehemiah,3,31,
Nehemiah,3,32,
Nehemiah,4,1,
Nehemiah,4,2,
Nehemiah,4,3,
Nehemiah,4,4,
Nehemiah,4,5,
Nehemiah,4,6,
Nehemiah,4,7,
Nehemiah,4,8,
Nehemiah,4,9,
Nehemiah,4,10,
Nehemiah,4,11,
Nehemiah,4,12,
Nehemiah,4,13,
Nehemiah,4,14,
Nehemiah,4,15,
Nehemiah,4,16,
Nehemiah,4,17,
Nehemiah,4,18,
Nehemiah,4,19,
Nehemiah,4,20,
Nehemiah,4,21,
Nehemiah,4,22,
Nehemiah,4,23,
Nehemiah,5,1,
Nehemiah,5,2,
Nehemiah,5,3,
Nehemiah,5,4,
Nehemiah,5,5,
Nehemiah,5,6,
Nehemiah,5,7,
Nehemiah,5,8,
Nehemiah,5,9,
Nehemiah,5,10,
Nehemiah,5,11,
Nehemiah,5,12,
Nehemiah,5,13,.... 𐌾𐌰𐌷 𐌵𐌰𐌸 𐌰𐌻𐌻𐌰 𐌲𐌰𐌼𐌰𐌹𐌽𐌸𐍃: 𐌰𐌼𐌴𐌽. 𐌾𐌰𐌷 𐌷𐌰𐌶𐌹𐌳𐌴𐌳𐌿𐌽 𐍆𐍂𐌰𐌿𐌾𐌰𐌽 𐌾𐌰𐌷 𐌲𐌰𐍄𐌰𐍅𐌹𐌳𐌴𐌳𐌿𐌽 𐌸𐌰𐍄𐌰 𐍅𐌰𐌿𐍂𐌳 𐌰𐌻𐌻𐌰 𐍃𐍉 𐌼𐌰𐌽𐌰𐌲𐌴𐌹.
Nehemiah,5,14,"𐌾𐌰𐌷 𐍆𐍂𐌰𐌼 𐌸𐌰𐌼𐌼𐌰 𐌳𐌰𐌲𐌰 𐌴𐌹 𐌰𐌽𐌰𐌱𐌰𐌿𐌸 𐌼𐌹𐍃 𐌴𐌹 𐍅𐌴𐌹𐍃𐌾𐌰𐌿 𐍆𐌰𐌿𐍂𐌰𐌼𐌰𐌸𐌻𐌴𐌹𐍃 𐌹𐌶𐌴 𐌹𐌽 𐌹𐌿𐌳𐌰𐌹𐌰, 𐍆𐍂𐌰𐌼 𐌾𐌴𐍂𐌰 ·𐌺· 𐌿𐌽𐌳 𐌾𐌴𐍂 ·𐌻· 𐌾𐌰𐌷 𐌰𐌽𐌸𐌰𐍂 𐌰𐍂𐍄𐌰[𐍂]𐌺𐍃𐌰𐌹𐍂𐌺𐍃𐌰𐌿𐍃 𐌸𐌹𐌿𐌳𐌰𐌽𐌹𐍃 ·𐌹𐌱· 𐌾𐌴𐍂𐌰, 𐌹𐌺 𐌾𐌰𐌷 𐌱𐍂𐍉𐌸𐍂𐌾𐌿𐍃 𐌼𐌴𐌹𐌽𐌰𐌹 𐌷𐌻𐌰𐌹𐍆 𐍆𐌰𐌿𐍂𐌰𐌼𐌰𐌸𐌻𐌴𐌹𐍃 𐌼𐌴𐌹𐌽𐌹𐍃 𐌽𐌹 𐌼𐌰𐍄𐌹𐌳𐌴𐌳𐌿𐌼."
Nehemiah,5,15,"𐌹𐌸 𐍆𐌰𐌿𐍂𐌰𐌼𐌰𐌸𐌻𐌾𐍉𐍃 𐌸𐌰𐌹𐌴𐌹 𐍅𐌴𐌹𐍃𐌿𐌽 𐍆𐌰𐌿𐍂𐌰 𐌼𐌹𐍃 𐌺𐌰𐌿𐍂𐌹𐌳𐌴𐌳𐌿𐌽 𐌸𐍉 𐌼𐌰𐌽𐌰𐌲𐌴𐌹𐌽 𐌾𐌰𐌷 𐌽𐌴𐌼𐌿𐌽 𐌰𐍄 𐌹𐌼 𐌷𐌻𐌰𐌹𐌱𐌰𐌽𐍃 𐌾𐌰𐌷 𐍅𐌴𐌹𐌽 𐌾𐌰𐌷 𐌽𐌰𐌿𐌷𐌸𐌰𐌽𐌿𐌷 𐍃𐌹𐌻𐌿𐌱𐍂𐌹𐍃 𐍃𐌹𐌺𐌻𐌴 ·𐌼·, 𐌾𐌰𐌷 𐍃𐌺𐌰𐌻𐌺𐍉𐍃 𐌹𐌶𐌴 𐍆𐍂𐌰𐌿𐌾𐌹𐌽𐍉𐌳𐌴𐌳𐌿𐌽 𐌸𐌹𐌶𐌰𐌹 𐌼𐌰𐌽𐌰𐌲𐌴𐌹𐌽; 𐌹𐌸 𐌹𐌺 𐌽𐌹 𐍄𐌰𐍅𐌹𐌳𐌰 𐍃𐍅𐌰 𐍆𐌰𐌿𐍂𐌰 𐌰𐌽𐌳𐍅𐌰𐌹𐍂𐌸𐌾𐌰 𐌰𐌲𐌹𐍃𐌹𐍃 𐌲𐌿𐌳𐌹𐍃."
Nehemiah,5,16,"𐌾𐌰𐌷 𐍅𐌰𐌿𐍂𐍃𐍄𐍅 𐌸𐌹𐌶𐍉𐍃 𐌱𐌰𐌿𐍂𐌲𐍃𐍅𐌰𐌳𐌳𐌾𐌰𐌿𐍃 𐌹𐌽𐍃𐍅𐌹𐌽𐌸𐌹𐌳𐌰, 𐌾𐌰𐌷 𐌸𐌰𐌿𐍂𐍀 𐌽𐌹 𐌲𐌰𐍃𐍄𐌰𐌹𐍃𐍄𐌰𐌻𐌳, 𐌾𐌰𐌷 𐌸𐌹𐍅𐍉𐍃 𐌼𐌴𐌹𐌽𐌰𐌹 𐌾𐌰𐌷 𐌰𐌻𐌻𐌰𐌹 𐌸𐌰𐌹 𐌲𐌰𐌻𐌹𐍃𐌰𐌽𐌰𐌽𐍃 𐌳𐌿 𐌸𐌰𐌼𐌼𐌰 𐍅𐌰𐌿𐍂𐍃𐍄𐍅𐌰."
Nehemiah,5,17,𐌾𐌰𐌷 𐌹𐌿𐌳𐌰𐌹𐌴𐌹𐍃 𐌾𐌰𐌷 𐌸𐌰𐌹 𐍆𐌰𐌿𐍂𐌰𐌼𐌰𐌸𐌻𐌾𐍉𐍃 ·𐍂· 𐌾𐌰𐌷 ·𐌽· 𐌲𐌿𐌼𐌰𐌽𐌴 𐌾𐌰𐌷 𐌸𐌰𐌹 𐌵𐌹𐌼𐌰𐌽𐌳𐌰𐌽𐍃 𐌰𐍄 𐌿𐌽𐍃𐌹𐍃 𐌿𐍃 𐌸𐌹𐌿𐌳𐍉𐌼 𐌸𐌰𐌹𐌼 𐌱𐌹𐍃𐌿𐌽𐌾𐌰𐌽𐌴 𐌿𐌽𐍃𐌹𐍃 𐌰𐌽𐌰 𐌱𐌹𐌿𐌳𐌰 𐌼𐌴𐌹𐌽𐌰𐌼𐌼𐌰 𐌰𐌽𐌳𐌽𐌿𐌼𐌰𐌽𐌰𐌹 𐍅𐌴𐌹𐍃𐌿𐌽.
Nehemiah,5,18,"𐌾𐌰𐌷 𐍅𐌰𐍃 𐍆𐍂𐌰𐌵𐌿𐌼𐌰𐌽 𐌳𐌰𐌲𐌹𐍃 𐍈𐌹𐌶𐌿𐌷 𐍃𐍄𐌹𐌿𐍂 ·𐌰· 𐌻𐌰𐌼𐌱𐌰 𐌲𐌰𐍅𐌰𐌻𐌹𐌳𐌰 ·𐌵· 𐌾𐌰𐌷 𐌲𐌰𐌹𐍄𐍃 [·𐌰·] 𐌲𐌰𐌼𐌰𐌽𐍅𐌹𐌳𐌰 𐍅𐌰𐍃 𐌼𐌹𐍃; 𐌾𐌰𐌷 𐌱𐌹 ·𐌹· 𐌳𐌰𐌲𐌰𐌽𐍃 𐌲𐌰𐍆 𐍅𐌴𐌹𐌽 𐌰𐌻𐌻𐌰𐌹 𐌸𐌹𐌶𐌰𐌹 𐍆𐌹𐌻𐌿𐍃𐌽𐌰𐌹 𐌾𐌰𐌷 𐌰𐌻𐌻𐌰𐌹 𐌸𐌹𐌶𐌰𐌹 𐌼𐌰𐌽𐌰𐌲𐌴𐌹𐌽; 𐌾𐌰𐌷 𐌰𐌽𐌰 𐌸𐍉 𐌰𐌻𐌻𐌰 𐌷𐌻𐌰𐌹𐍆 𐍆𐌰𐌿𐍂𐌰𐌼𐌰𐌸𐌻𐌴𐌹𐍃 𐌼𐌴𐌹𐌽𐌹𐍃 𐌽𐌹 𐍃𐍉𐌺𐌹𐌳𐌰, 𐌹𐌽 𐌸𐌹𐍃 𐌴𐌹 𐌽𐌹 𐌺𐌰𐌿𐍂𐌹𐌳𐌴𐌳𐌾𐌰𐌿 𐌸𐍉 𐌼𐌰𐌽𐌰𐌲𐌴𐌹𐌽 𐌹𐌽 𐌸𐌰𐌹𐌼 𐍅𐌰𐌿𐍂𐍃𐍄𐍅𐌰𐌼...."
Nehemiah,5,19,
Nehemiah,6,1,
Nehemiah,6,2,
Nehemiah,6,3,
Nehemiah,6,4,
Nehemiah,6,5,
Nehemiah,6,6,
Nehemiah,6,7,
Nehemiah,6,8,
Nehemiah,6,9,
Nehemiah,6,10,
Nehemiah,6,11,
Nehemiah,6,12,
Nehemiah,6,13,
Nehemiah,6,14,".... (𐍀𐍂𐌰𐌿𐍆𐌴)𐍄𐌴, 𐌸𐌰𐌹𐌴𐌹 𐌸𐍂𐌰𐍆𐍃𐍄𐌹𐌳𐌴𐌳𐌿𐌽 𐌼𐌹𐌺."
Nehemiah,6,15,"𐌾𐌰𐌷 𐌿𐍃𐍄𐌰𐌿𐌷𐌰𐌽𐌰 𐍅𐌰𐍂𐌸 𐍃𐍉 𐌱𐌰𐌿𐍂𐌲𐍃𐍅𐌰𐌳𐌳𐌾𐌿𐍃 ·𐌴· 𐌾𐌰𐌷 ·𐌺· 𐌳𐌰𐌲𐌰 𐌼𐌴𐌽𐍉(𐌸𐌹𐍃 𐌰𐌻𐌿𐌻𐌹𐍃), ·𐌽· 𐌳𐌰𐌲𐌴 𐌾𐌰𐌷 ·𐌱·"
Nehemiah,6,16,"𐌾𐌰𐌷 𐍅𐌰𐍂𐌸, 𐍃𐍅𐌴 𐌷𐌰𐌿𐍃𐌹𐌳𐌴𐌳𐌿𐌽 𐍆𐌹𐌰𐌽𐌳𐍃 𐌿𐌽𐍃𐌰𐍂𐌰𐌹 𐌰𐌻𐌻𐌰𐌹, 𐌾𐌰𐌷 𐍉𐌷𐍄𐌴𐌳𐌿𐌽 𐌰𐌻𐌻𐍉𐍃 𐌸𐌹𐌿𐌳𐍉𐍃 𐌸𐍉𐍃 𐌱𐌹𐍃𐌿𐌽𐌾𐌰𐌽𐌴 𐌿𐌽𐍃𐌹𐍃, 𐌾𐌰𐌷 𐌰𐍄𐌳𐍂𐌰𐌿𐍃 𐌰𐌲𐌹𐍃 𐌹𐌽 𐌰𐌿(𐌲)𐍉𐌽𐌰 𐌹𐌶𐌴 𐌰𐌱𐍂𐌰𐌱𐌰; 𐌾𐌰𐌷 𐌿𐍆𐌺𐌿𐌽𐌸𐌴𐌳𐌿𐌽 𐌸𐌰𐍄𐌴𐌹 𐍆𐍂𐌰𐌼 𐌲𐌿𐌳𐌰 𐌿𐌽𐍃𐌰𐍂𐌰𐌼𐌼𐌰 𐍅𐌰𐍂𐌸 𐌿𐍃𐍆𐌿𐌻𐌻𐌹𐌸 𐌸𐌰𐍄𐌰 𐍅𐌰𐌿𐍂𐍃𐍄𐍅."
Nehemiah,6,17,"𐌾𐌰𐌷 𐌹𐌽 𐌳𐌰𐌲𐌰𐌼 𐌾𐌰𐌹𐌽𐌰𐌹𐌼 𐌼𐌰𐌽𐌰𐌲𐌰𐌹 𐍅𐌴𐌹𐍃𐌿𐌽 𐌸𐌹𐌶𐌴 𐍂𐌴𐌹𐌺𐌾𐌰𐌽𐌴 𐌹𐌿𐌳𐌰𐌹𐌴, 𐌸𐌰𐌹𐌴𐌹 𐍃𐌰𐌽𐌳𐌹𐌳𐌴𐌳𐌿𐌽 𐌰𐌹𐍀𐌹𐍃𐍄𐌿𐌻𐌰𐌽𐍃 𐌳𐌿 𐍄𐍉𐌱𐌴𐌹𐌹𐌽, 𐌾𐌰𐌷 𐍄𐍉𐌱𐌴𐌹𐌰𐍃 𐌳𐌿 𐌹𐌼."
Nehemiah,6,18,"𐌼𐌰𐌽𐌰𐌲𐌰𐌹 𐌰𐌿𐌺 𐌹𐌽 𐌹𐌿𐌳𐌰𐌹𐌰 𐌿𐍆𐌰𐌹𐌸𐌾𐌰𐌹 𐍅𐌴𐌹𐍃𐌿𐌽 𐌹𐌼𐌼𐌰, 𐌿𐌽𐍄𐌴 𐌼𐌴𐌲𐍃 𐍅𐌰𐍃 𐍃𐌰𐌹𐍇𐌰𐌹𐌽𐌴𐌹𐌹𐌽𐍃, 𐍃𐌿𐌽𐌰𐌿𐍃 𐌰𐌹𐌴𐌹𐍂𐌹𐌽𐍃, 𐌾𐌰𐌷 𐌹𐍉𐌰𐌽𐌰𐌽 𐍃𐌿𐌽𐌿𐍃 𐌹𐍃 𐌽𐌰𐌼 𐌳𐌰𐌿𐌷𐍄𐌰𐍂 𐌼𐌰𐌹𐍃𐌰𐌿𐌻𐌻𐌰𐌼𐌹𐍃, 𐍃𐌿𐌽𐌰𐌿𐍃 𐌱𐌰𐍂𐌰𐌺𐌴𐌹𐌹𐌽𐍃, 𐌳𐌿 𐌵𐌴𐌽𐌰𐌹."
Nehemiah,6,19,"𐌾𐌰𐌷 𐍂𐍉𐌳𐌹𐌳𐌴𐌳𐌿𐌽 𐌳𐌿 𐌹𐌼𐌼𐌰 𐍅𐌰𐌹(𐌻𐌰) 𐌹𐌽 𐌰𐌽𐌳𐍅𐌰𐌹𐍂𐌸𐌾𐌰 𐌼𐌴𐌹𐌽𐌰𐌼𐌼𐌰, 𐌾𐌰𐌷 𐍅𐌰𐌿𐍂𐌳𐌰 𐌼𐌴𐌹𐌽𐌰 𐍃𐍀𐌹𐌻𐌻𐍉𐌳𐌴𐌳𐌿𐌽 𐌹𐌼𐌼𐌰, 𐌾𐌰𐌷 𐌰𐌹𐍀𐌹𐍃𐍄𐌿𐌻𐌰𐌽𐍃 𐌹𐌽𐍃𐌰𐌽𐌳𐌹𐌳𐌰 𐍄𐍉𐌱𐌴𐌹𐌰𐍃 𐍉𐌲𐌾𐌰𐌽 𐌼𐌹𐌺."
Nehemiah,7,1,"𐌾𐌰𐌷 𐍅𐌰𐍂𐌸, 𐍃𐍅𐌴 𐌲𐌰𐍄𐌹𐌼𐍂𐌹𐌳𐌰 𐍅𐌰𐍂𐌸 𐍃𐍉 𐌱𐌰𐌿𐍂𐌲𐍃𐍅𐌰𐌳𐌳𐌾𐌿𐍃, 𐌾𐌰𐌷 𐌲𐌰𐍃𐌰𐍄𐌹𐌳𐌰 𐌷𐌰𐌿𐍂𐌳𐌹𐌽𐍃, 𐌾𐌰𐌷 𐌲𐌰𐍅𐌴𐌹𐍃𐍉𐌳𐌰𐌹 𐍅𐌰𐌿𐍂𐌸𐌿𐌽 𐌳𐌰𐌿𐍂𐌰𐍅𐌰𐍂𐌳𐍉𐍃 𐌾𐌰𐌷 𐌻𐌹𐌿𐌸𐌰𐍂𐌾𐍉𐍃 𐌾𐌰𐌷 𐌻𐌰𐌹𐍅𐍅𐌴𐌹𐍄𐌴𐌹𐍃;"
Nehemiah,7,2,"𐌾𐌰𐌷 𐌰𐌽𐌰𐌱𐌰𐌿𐌸 𐌰𐌽𐌰𐌹𐌹𐌽 𐌱𐍂𐍉𐌸𐍂 𐌼𐌴𐌹𐌽𐌰𐌼𐌼𐌰 𐌾𐌰𐌷 𐌰𐌽𐌰𐌽𐌴𐌹𐌹𐌽 𐍆𐌰𐌿𐍂𐌰𐌼𐌰𐌸𐌻𐌾𐌰 𐌱𐌰𐌿𐍂𐌲𐍃 𐌹𐌰𐌹𐍂𐌿𐍃𐌰𐌻𐌴𐌼𐍃, 𐌿𐌽𐍄𐌴 𐍃𐌰 𐍅𐌰𐍃 𐍅𐌰𐌹𐍂 𐍃𐌿𐌽𐌾𐌴𐌹𐌽𐍃 𐌾𐌰𐌷 𐍉𐌲𐌰𐌽𐌳𐍃 𐍆𐍂𐌰𐌿𐌾𐌰𐌽 𐌿𐍆𐌰𐍂 𐌼𐌰𐌽𐌰𐌲𐌰𐌽𐍃;"
Nehemiah,7,3,"𐌾𐌰𐌷 𐌵𐌰𐌸 𐌹𐌼: 𐌽𐌹 𐌿𐍃𐌻𐌿𐌺𐌰𐌹𐌽𐌳𐌰𐌿 𐌳𐌰𐌿𐍂𐍉𐌽𐍃 𐌹𐌰𐌹𐍂𐌿𐍃𐌰𐌻𐌴𐌼𐍃, 𐌿𐌽𐌳 𐌸𐌰𐍄𐌴𐌹 𐌿𐍂𐍂𐌹𐌽𐌽𐌰𐌹 𐍃𐌿𐌽𐌽𐍉...."
Nehemiah,7,4,
Nehemiah,7,5,
Nehemiah,7,6,
Nehemiah,7,7,
Nehemiah,7,8,
Nehemiah,7,9,
Nehemiah,7,10,
Nehemiah,7,11,
Nehemiah,7,12,
Nehemiah,7,13,.... (𐌷)𐌿𐌽(𐌳𐌰 ·𐌼· ·𐌴·) -
Nehemiah,7,14,𐍃𐌿𐌽𐌾𐌿𐍃 (𐌶𐌰𐍇)𐍇𐌰(𐌹)𐌰(𐌿𐍃) Â·𐍈· (·𐌾·) -
Nehemiah,7,15,(𐍃𐌿𐌽𐌹𐍅𐌴 𐌱𐌰)𐌽𐌰𐌿(𐌹𐍃 ·𐍇· ·𐌾· ·𐌱·) -
Nehemiah,7,16,(𐍃𐌿)𐌽𐌰𐌿𐍃 (𐌱)𐌰(𐌱)𐌰(𐍅𐌹𐍃 ·𐍇·) ·𐌺· ·𐌲· -
Nehemiah,7,17,𐍃𐌿𐌽𐌰(𐌿𐍃) 𐌲𐌰𐌳𐌹𐍃 ·𐌱· 𐌸𐌿𐍃𐌿𐌽𐌳𐌾𐌿𐍃 (·𐍃· ·𐌺· ·𐌱·) -
Nehemiah,7,18,(𐍃𐌿𐌽𐌹𐍅𐌴 𐌰𐌳𐍉𐌽𐌴)𐌹𐌺(𐌰)𐌼(𐌹𐍃 ·𐍇· ·𐌾·) ·𐌵· -
Nehemiah,7,19,𐍃𐌿𐌽𐌹(𐍅𐌴) 𐌱𐌰(𐌹𐌲)𐌰𐌿(𐍃)𐌹𐍃 ·𐌱· (𐌸)𐌿𐍃𐌿𐌽𐌳(𐌾𐍉𐍃) ·𐌾· (·𐌵·) -
Nehemiah,7,20,𐍃𐌿(𐌽𐌹𐍅𐌴 𐌰𐌳)𐌳𐌴𐌹𐍃 ·𐍇· ·𐌽· ·𐌳· -
Nehemiah,7,21,"𐍃𐌿𐌽𐌰𐌿𐍃 𐌰𐌶𐌴𐌹𐍂𐌹𐍃, 𐍃𐌿𐌽𐌰(𐌿)𐍃 𐌰𐌹𐌶𐌰𐌹𐌺𐌴(𐌹)𐌹𐌽𐍃, 𐌽𐌹𐌿𐌽(𐍄𐌴)𐌷𐌿𐌽𐌳 (𐌾)𐌰𐌷 ·𐌷· -"
Nehemiah,7,22,𐍃𐌿𐌽𐌹𐍅𐌴 𐌰𐍃𐍃𐌰𐌿𐌼𐌹𐍃 ·𐍃· ·𐌺· ·𐌲· -
Nehemiah,7,23,𐍃𐌿𐌽𐌹(𐍅)𐌴 (𐌱)𐌰(𐍃)𐍃𐌴𐌹𐍃 ·𐍄· ·𐌻· ·𐌲· -
Nehemiah,7,24,𐍃𐌿𐌽𐌹𐍅𐌴 𐌹𐍉𐍂𐌹𐌰𐌹𐍃 (·𐍂·) ·𐌹· ·𐌱· -
Nehemiah,7,25,𐍃𐌿𐌽𐌹(𐍅𐌴) 𐌲𐌰𐌱𐌰𐍉𐌽𐍃 ·µ· ·𐌴· -
Nehemiah,7,26,𐍃𐌿𐌽𐌹𐍅𐌴 𐌱𐌹𐌸𐌻𐌰𐌹𐌷𐌰𐌹𐌼𐌹𐍃 ·𐍂· ·𐌺· ·𐌲· - 𐍃𐌿𐌽𐌹𐍅𐌴 𐌽𐌰𐌹𐍄(𐍉)𐍆𐌰𐌸𐌴𐌹𐍃 ·𐍂· ·𐌹· ·𐌵· -
Nehemiah,7,27,𐍃𐌿𐌽𐌹𐍅𐌴 𐌰𐌽𐌰𐌸𐍉𐌸𐌹𐍃 ·𐍂· ·𐌺· ·𐌷· -
Nehemiah,7,28,(𐍃𐌿)𐌽𐌹𐍅𐌴 𐌰𐍃𐌼(𐍉)𐌸𐌹𐍃 ·𐍂· ·𐌺· (·𐌷·) -
Nehemiah,7,29,𐍅𐌰𐌹𐍂𐌴 𐌺𐌰𐍂(𐌴𐌹𐌰𐌸𐌹𐌰𐌰)𐍂𐌴𐌹𐌼 𐌾𐌰𐌷 (𐌺)𐌰𐌹𐍆(𐌰)𐌹(𐍂)𐌰 (𐌾𐌰𐌷) 𐌱𐌴𐍂𐍉𐌸 Â·𐍈· ·𐌼· ·𐌲· -
Nehemiah,7,30,𐍅𐌰𐌹𐍂𐍉𐍃 𐍂𐌰(𐌼𐌰 𐌾𐌰𐌷) 𐌲(𐌰)𐌱𐌰𐌰 (·𐍇· ·𐌺· ·𐌲·) -
Nehemiah,7,31,𐍅𐌰(𐌹)𐍂𐍉𐍃 𐌼(𐌰)𐌺𐌼𐌰𐍃 (·𐍂·) ·𐌺· ·𐌱· -
Nehemiah,7,32,𐍅𐌰𐌹𐍂𐍉𐍃 𐌱𐌰(𐌹)𐌸𐌹𐌻𐌹𐍃 𐌾𐌰𐌷 𐌲𐌰𐌹 ·𐍃· ·𐌺· ·𐌲· -
Nehemiah,7,33,𐍅𐌰𐌹𐍂𐍉𐍃 𐌽𐌰𐌱𐌰𐍅𐌹𐍃 ·𐌽· ·𐌱· - 𐍃𐌿𐌽(𐌾𐌿)𐍃 (𐌼𐌰)𐌺(𐌴𐌹𐌱)𐌹𐍃 ·𐍂· ·𐌽· ·𐌵· -
Nehemiah,7,34,𐍃𐌿𐌽𐌾𐌿𐍃 𐌰𐌹𐌻(𐌰)𐌼𐌹𐍃 𐌰𐌽𐌸(𐌰)𐍂𐌹𐍃 𐌸𐌿𐍃𐌿𐌽𐌳𐌹 ·𐍃· ·𐌽· ·𐌳· -
Nehemiah,7,35,𐍃𐌿𐌽𐌾𐌿𐍃 𐌴𐌴𐌹𐍂𐌰𐌼𐌹𐍃 ·𐍄· ·𐌺· -
Nehemiah,7,36,𐍃𐌿𐌽𐌾𐌿𐍃 𐌴𐌹𐌰𐌹𐍂𐌴𐌹𐌺𐍉𐌽𐍃 ·𐍄· ·𐌼· ·𐌴· -
Nehemiah,7,37,𐍃𐌿𐌽𐌾𐌿𐍃 𐌻𐍅𐌳𐌳𐍉𐌼𐌰𐌴𐌹𐍃 𐌾𐌰𐌷 𐌰𐌽𐍉𐍃 Â·𐍈· ·𐌺· ·𐌴· -
Nehemiah,7,38,𐍃𐌿𐌽𐌾𐌿𐍃 𐌰𐌹𐌽𐌽𐌰ï𐌽𐍃 ·𐌲· 𐌸𐌿𐍃𐌿𐌽𐌳𐌾𐍉𐍃 ·𐍇· ·𐌻· -
Nehemiah,7,39,𐌾𐌰𐌷 𐌲𐌿𐌳𐌾𐌰𐌽𐍃: 𐍃𐌿𐌽𐌾𐌿𐍃 𐌰𐌹𐌳𐌳𐌿𐌹𐌽𐍃 𐌿𐍃 𐌲𐌰𐍂𐌳𐌰 𐌹𐌴𐍃𐌿𐌹𐍃 𐌽𐌹𐌿𐌽 𐌷𐌿𐌽𐌳𐌰 ·𐌿· ·𐌲· -
Nehemiah,7,40,𐍃𐌿𐌽𐌾𐌿𐍃 𐌰𐌹𐌼𐌼𐌴𐌹𐍂𐌹𐌽𐍃 𐌸𐌿𐍃𐌿𐌽𐌳𐌹 ·𐌽· ·𐌱· -
Nehemiah,7,41,𐍃𐌿𐌽𐌾𐌿𐍃 𐍆𐌰𐌻𐌻𐌰𐍃𐌿𐍂𐌹𐍃 𐌸𐌿𐍃𐌿𐌽𐌳𐌹 ·𐍃· ·𐌼· ·𐌶· -
Nehemiah,7,42,𐍃𐌿𐌽𐌾𐌿𐍃 𐌹𐌰𐍂𐌴𐌹𐌼𐌹𐍃 𐌸𐌿𐍃𐌿𐌽𐌳𐌹 ·𐌹· ·𐌶· -
Nehemiah,7,43,𐌾𐌰𐌷 𐌻𐌰𐌹𐍅𐍅𐌴𐌹𐍄𐌴𐌹𐍃: 𐍃𐌿𐌽𐌾𐌿𐍃 𐌹𐌴𐍃𐌿𐌹𐍃 𐌾𐌰𐌷 𐌺𐌰(𐌹)𐌳𐌼𐌴𐌹𐌴𐌻𐌹𐍃 𐌿𐍃 𐍃𐌿𐌽𐌿𐌼 𐍉𐌳𐌿𐌴𐌹𐌹𐌽𐍃 ·𐌿· ·𐌳· -
Nehemiah,7,44,𐍃𐌿𐌽𐌾𐌿𐍃 𐌰𐍃𐌰𐌱𐌹𐍃 𐌻𐌹𐌿𐌸𐌰𐍂𐌾𐍉𐍃 ·𐍂· ·𐌼· ·𐌷· -
Nehemiah,7,45,𐍃𐌿𐌽𐌾𐌿𐍃 𐌳𐌰𐌿𐍂𐌰𐍅𐌰𐍂𐌳𐌴: 𐍃𐌿𐌽𐌰𐌿𐍃 𐍃𐌰𐌹𐌻𐌰𐌿𐌼𐌹𐍃 𐌾𐌰𐌷 𐍃𐌿𐌽𐌾𐌿𐍃 𐌰𐌶𐌴....
Nehemiah,7,46,
Nehemiah,7,47,
Nehemiah,7,48,
Nehemiah,7,49,
Nehemiah,7,50,
Nehemiah,7,51,
Nehemiah,7,52,
Nehemiah,7,53,
Nehemiah,7,54,
Nehemiah,7,55,
Nehemiah,7,56,
Nehemiah,7,57,
Nehemiah,7,58,
Nehemiah,7,59,
Nehemiah,7,60,
Nehemiah,7,61,
Nehemiah,7,62,
Nehemiah,7,63,
Nehemiah,7,64,
Nehemiah,7,65,
Nehemiah,7,66,
Nehemiah,7,67,
Nehemiah,7,68,
Nehemiah,7,69,
Nehemiah,7,70,
Nehemiah,7,71,
Nehemiah,7,72,
Nehemiah,7,73,
Nehemiah,8,1,
Nehemiah,8,2,
Nehemiah,8,3,
Nehemiah,8,4,
Nehemiah,8,5,
Nehemiah,8,6,
Nehemiah,8,7,
Nehemiah,8,8,
Nehemiah,8,9,
Nehemiah,8,10,
Nehemiah,8,11,
Nehemiah,8,12,
Nehemiah,8,13,
Nehemiah,8,14,
Nehemiah,8,15,
Nehemiah,8,16,
Nehemiah,8,17,
Nehemiah,8,18,
Nehemiah,9,1,
Nehemiah,9,2,
Nehemiah,9,3,
Nehemiah,9,4,
Nehemiah,9,5,
Nehemiah,9,6,
Nehemiah,9,7,
Nehemiah,9,8,
Nehemiah,9,9,
Nehemiah,9,10,
Nehemiah,9,11,
Nehemiah,9,12,
Nehemiah,9,13,
Nehemiah,9,14,
Nehemiah,9,15,
Nehemiah,9,16,
Nehemiah,9,17,
Nehemiah,9,18,
Nehemiah,9,19,
Nehemiah,9,20,
Nehemiah,9,21,
Nehemiah,9,22,
Nehemiah,9,23,
Nehemiah,9,24,
Nehemiah,9,25,
Nehemiah,9,26,
Nehemiah,9,27,
Nehemiah,9,28,
Nehemiah,9,29,
Nehemiah,9,30,
Nehemiah,9,31,
Nehemiah,9,32,
Nehemiah,9,33,
Nehemiah,9,34,
Nehemiah,9,35,
Nehemiah,9,36,
Nehemiah,9,37,
Nehemiah,9,38,
Nehemiah,10,1,
Nehemiah,10,2,
Nehemiah,10,3,
Nehemiah,10,4,
Nehemiah,10,5,
Nehemiah,10,6,
Nehemiah,10,7,
Nehemiah,10,8,
Nehemiah,10,9,
Nehemiah,10,10,
Nehemiah,10,11,
Nehemiah,10,12,
Nehemiah,10,13,
Nehemiah,10,14,
Nehemiah,10,15,
Nehemiah,10,16,
Nehemiah,10,17,
Nehemiah,10,18,
Nehemiah,10,19,
Nehemiah,10,20,
Nehemiah,10,21,
Nehemiah,10,22,
Nehemiah,10,23,
Nehemiah,10,24,
Nehemiah,10,25,
Nehemiah,10,26,
Nehemiah,10,27,
Nehemiah,10,28,
Nehemiah,10,29,
Nehemiah,10,30,
Nehemiah,10,31,
Nehemiah,10,32,
Nehemiah,10,33,
Nehemiah,10,34,
Nehemiah,10,35,
Nehemiah,10,36,
Nehemiah,10,37,
Nehemiah,10,38,
Nehemiah,10,39,
Nehemiah,11,1,
Nehemiah,11,2,
Nehemiah,11,3,
Nehemiah,11,4,
Nehemiah,11,5,
Nehemiah,11,6,
Nehemiah,11,7,
Nehemiah,11,8,
Nehemiah,11,9,
Nehemiah,11,10,
Nehemiah,11,11,
Nehemiah,11,12,
Nehemiah,11,13,
Nehemiah,11,14,
Nehemiah,11,15,
Nehemiah,11,16,
Nehemiah,11,17,
Nehemiah,11,18,
Nehemiah,11,19,
Nehemiah,11,20,
Nehemiah,11,21,
Nehemiah,11,22,
Nehemiah,11,23,
Nehemiah,11,24,
Nehemiah,11,25,
Nehemiah,11,26,
Nehemiah,11,27,
Nehemiah,11,28,
Nehemiah,11,29,
Nehemiah,11,30,
Nehemiah,11,31,
Nehemiah,11,32,
Nehemiah,11,33,
Nehemiah,11,34,
Nehemiah,11,35,
Nehemiah,11,36,
Nehemiah,12,1,
Nehemiah,12,2,
Nehemiah,12,3,
Nehemiah,12,4,
Nehemiah,12,5,
Nehemiah,12,6,
Nehemiah,12,7,
Nehemiah,12,8,
Nehemiah,12,9,
Nehemiah,12,10,
Nehemiah,12,11,
Nehemiah,12,12,
Nehemiah,12,13,
Nehemiah,12,14,
Nehemiah,12,15,
Nehemiah,12,16,
Nehemiah,12,17,
Nehemiah,12,18,
Nehemiah,12,19,
Nehemiah,12,20,
Nehemiah,12,21,
Nehemiah,12,22,
Nehemiah,12,23,
Nehemiah,12,24,
Nehemiah,12,25,
Nehemiah,12,26,
Nehemiah,12,27,
Nehemiah,12,28,
Nehemiah,12,29,
Nehemiah,12,30,
Nehemiah,12,31,
Nehemiah,12,32,
Nehemiah,12,33,
Nehemiah,12,34,
Nehemiah,12,35,
Nehemiah,12,36,
Nehemiah,12,37,
Nehemiah,12,38,
Nehemiah,12,39,
Nehemiah,12,40,
Nehemiah,12,41,
Nehemiah,12,42,
Nehemiah,12,43,
Nehemiah,12,44,
Nehemiah,12,45,
Nehemiah,12,46,
Nehemiah,12,47,
Nehemiah,13,1,
Nehemiah,13,2,
Nehemiah,13,3,
Nehemiah,13,4,
Nehemiah,13,5,
Nehemiah,13,6,
Nehemiah,13,7,
Nehemiah,13,8,
Nehemiah,13,9,
Nehemiah,13,10,
Nehemiah,13,11,
Nehemiah,13,12,
Nehemiah,13,13,
Nehemiah,13,14,
Nehemiah,13,15,
Nehemiah,13,16,
Nehemiah,13,17,
Nehemiah,13,18,
Nehemiah,13,19,
Nehemiah,13,20,
Nehemiah,13,21,
Nehemiah,13,22,
Nehemiah,13,23,
Nehemiah,13,24,
Nehemiah,13,25,
Nehemiah,13,26,
Nehemiah,13,27,
Nehemiah,13,28,
Nehemiah,13,29,
Nehemiah,13,30,
Nehemiah,13,31,
Esther,1,1,
Esther,1,2,
Esther,1,3,
Esther,1,4,
Esther,1,5,
Esther,1,6,
Esther,1,7,
Esther,1,8,
Esther,1,9,
Esther,1,10,
Esther,1,11,
Esther,1,12,
Esther,1,13,
Esther,1,14,
Esther,1,15,
Esther,1,16,
Esther,1,17,
Esther,1,18,
Esther,1,19,
Esther,1,20,
Esther,1,21,
Esther,1,22,
Esther,2,1,
Esther,2,2,
Esther,2,3,
Esther,2,4,
Esther,2,5,
Esther,2,6,
Esther,2,7,
Esther,2,8,
Esther,2,9,
Esther,2,10,
Esther,2,11,
Esther,2,12,
Esther,2,13,
Esther,2,14,
Esther,2,15,
Esther,2,16,
Esther,2,17,
Esther,2,18,
Esther,2,19,
Esther,2,20,
Esther,2,21,
Esther,2,22,
Esther,2,23,
Esther,3,1,
Esther,3,2,
Esther,3,3,
Esther,3,4,
Esther,3,5,
Esther,3,6,
Esther,3,7,
Esther,3,8,
Esther,3,9,
Esther,3,10,
Esther,3,11,
Esther,3,12,
Esther,3,13,
Esther,3,14,
Esther,3,15,
Esther,4,1,
Esther,4,2,
Esther,4,3,
Esther,4,4,
Esther,4,5,
Esther,4,6,
Esther,4,7,
Esther,4,8,
Esther,4,9,
Esther,4,10,
Esther,4,11,
Esther,4,12,
Esther,4,13,
Esther,4,14,
Esther,4,15,
Esther,4,16,
Esther,4,17,
Esther,5,1,
Esther,5,2,
Esther,5,3,
Esther,5,4,
Esther,5,5,
Esther,5,6,
Esther,5,7,
Esther,5,8,
Esther,5,9,
Esther,5,10,
Esther,5,11,
Esther,5,12,
Esther,5,13,
Esther,5,14,
Esther,6,1,
Esther,6,2,
Esther,6,3,
Esther,6,4,
Esther,6,5,
Esther,6,6,
Esther,6,7,
Esther,6,8,
Esther,6,9,
Esther,6,10,
Esther,6,11,
Esther,6,12,
Esther,6,13,
Esther,6,14,
Esther,7,1,
Esther,7,2,
Esther,7,3,
Esther,7,4,
Esther,7,5,
Esther,7,6,
Esther,7,7,
Esther,7,8,
Esther,7,9,
Esther,7,10,
Esther,8,1,
Esther,8,2,
Esther,8,3,
Esther,8,4,
Esther,8,5,
Esther,8,6,
Esther,8,7,
Esther,8,8,
Esther,8,9,
Esther,8,10,
Esther,8,11,
Esther,8,12,
Esther,8,13,
Esther,8,14,
Esther,8,15,
Esther,8,16,
Esther,8,17,
Esther,9,1,
Esther,9,2,
Esther,9,3,
Esther,9,4,
Esther,9,5,
Esther,9,6,
Esther,9,7,
Esther,9,8,
Esther,9,9,
Esther,9,10,
Esther,9,11,
Esther,9,12,
Esther,9,13,
Esther,9,14,
Esther,9,15,
Esther,9,16,
Esther,9,17,
Esther,9,18,
Esther,9,19,
Esther,9,20,
Esther,9,21,
Esther,9,22,
Esther,9,23,
Esther,9,24,
Esther,9,25,
Esther,9,26,
Esther,9,27,
Esther,9,28,
Esther,9,29,
Esther,9,30,
Esther,9,31,
Esther,9,32,
Esther,10,1,
Esther,10,2,
Esther,10,3,
Job,1,1,
Job,1,2,
Job,1,3,
Job,1,4,
Job,1,5,
Job,1,6,
Job,1,7,
Job,1,8,
Job,1,9,
Job,1,10,
Job,1,11,
Job,1,12,
Job,1,13,
Job,1,14,
Job,1,15,
Job,1,16,
Job,1,17,
Job,1,18,
Job,1,19,
Job,1,20,
Job,1,21,
Job,1,22,
Job,2,1,
Job,2,2,
Job,2,3,
Job,2,4,
Job,2,5,
Job,2,6,
Job,2,7,
Job,2,8,
Job,2,9,
Job,2,10,
Job,2,11,
Job,2,12,
Job,2,13,
Job,3,1,
Job,3,2,
Job,3,3,
Job,3,4,
Job,3,5,
Job,3,6,
Job,3,7,
Job,3,8,
Job,3,9,
Job,3,10,
Job,3,11,
Job,3,12,
Job,3,13,
Job,3,14,
Job,3,15,
Job,3,16,
Job,3,17,
Job,3,18,
Job,3,19,
Job,3,20,
Job,3,21,
Job,3,22,
Job,3,23,
Job,3,24,
Job,3,25,
Job,3,26,
Job,4,1,
Job,4,2,
Job,4,3,
Job,4,4,
Job,4,5,
Job,4,6,
Job,4,7,
Job,4,8,
Job,4,9,
Job,4,10,
Job,4,11,
Job,4,12,
Job,4,13,
Job,4,14,
Job,4,15,
Job,4,16,
Job,4,17,
Job,4,18,
Job,4,19,
Job,4,20,
Job,4,21,
Job,5,1,
Job,5,2,
Job,5,3,
Job,5,4,
Job,5,5,
Job,5,6,
Job,5,7,
Job,5,8,
Job,5,9,
Job,5,10,
Job,5,11,
Job,5,12,
Job,5,13,
Job,5,14,
Job,5,15,
Job,5,16,
Job,5,17,
Job,5,18,
Job,5,19,
Job,5,20,
Job,5,21,
Job,5,22,
Job,5,23,
Job,5,24,
Job,5,25,
Job,5,26,
Job,5,27,
Job,6,1,
Job,6,2,
Job,6,3,
Job,6,4,
Job,6,5,
Job,6,6,
Job,6,7,
Job,6,8,
Job,6,9,
Job,6,10,
Job,6,11,
Job,6,12,
Job,6,13,
Job,6,14,
Job,6,15,
Job,6,16,
Job,6,17,
Job,6,18,
Job,6,19,
Job,6,20,
Job,6,21,
Job,6,22,
Job,6,23,
Job,6,24,
Job,6,25,
Job,6,26,
Job,6,27,
Job,6,28,
Job,6,29,
Job,6,30,
Job,7,1,
Job,7,2,
Job,7,3,
Job,7,4,
Job,7,5,
Job,7,6,
Job,7,7,
Job,7,8,
Job,7,9,
Job,7,10,
Job,7,11,
Job,7,12,
Job,7,13,
Job,7,14,
Job,7,15,
Job,7,16,
Job,7,17,
Job,7,18,
Job,7,19,
Job,7,20,
Job,7,21,
Job,8,1,
Job,8,2,
Job,8,3,
Job,8,4,
Job,8,5,
Job,8,6,
Job,8,7,
Job,8,8,
Job,8,9,
Job,8,10,
Job,8,11,
Job,8,12,
Job,8,13,
Job,8,14,
Job,8,15,
Job,8,16,
Job,8,17,
Job,8,18,
Job,8,19,
Job,8,20,
Job,8,21,
Job,8,22,
Job,9,1,
Job,9,2,
Job,9,3,
Job,9,4,
Job,9,5,
Job,9,6,
Job,9,7,
Job,9,8,
Job,9,9,
Job,9,10,
Job,9,11,
Job,9,12,
Job,9,13,
Job,9,14,
Job,9,15,
Job,9,16,
Job,9,17,
Job,9,18,
Job,9,19,
Job,9,20,
Job,9,21,
Job,9,22,
Job,9,23,
Job,9,24,
Job,9,25,
Job,9,26,
Job,9,27,
Job,9,28,
Job,9,29,
Job,9,30,
Job,9,31,
Job,9,32,
Job,9,33,
Job,9,34,
Job,9,35,
Job,10,1,
Job,10,2,
Job,10,3,
Job,10,4,
Job,10,5,
Job,10,6,
Job,10,7,
Job,10,8,
Job,10,9,
Job,10,10,
Job,10,11,
Job,10,12,
Job,10,13,
Job,10,14,
Job,10,15,
Job,10,16,
Job,10,17,
Job,10,18,
Job,10,19,
Job,10,20,
Job,10,21,
Job,10,22,
Job,11,1,
Job,11,2,
Job,11,3,
Job,11,4,
Job,11,5,
Job,11,6,
Job,11,7,
Job,11,8,
Job,11,9,
Job,11,10,
Job,11,11,
Job,11,12,
Job,11,13,
Job,11,14,
Job,11,15,
Job,11,16,
Job,11,17,
Job,11,18,
Job,11,19,
Job,11,20,
Job,12,1,
Job,12,2,
Job,12,3,
Job,12,4,
Job,12,5,
Job,12,6,
Job,12,7,
Job,12,8,
Job,12,9,
Job,12,10,
Job,12,11,
Job,12,12,
Job,12,13,
Job,12,14,
Job,12,15,
Job,12,16,
Job,12,17,
Job,12,18,
Job,12,19,
Job,12,20,
Job,12,21,
Job,12,22,
Job,12,23,
Job,12,24,
Job,12,25,
Job,13,1,
Job,13,2,
Job,13,3,
Job,13,4,
Job,13,5,
Job,13,6,
Job,13,7,
Job,13,8,
Job,13,9,
Job,13,10,
Job,13,11,
Job,13,12,
Job,13,13,
Job,13,14,
Job,13,15,
Job,13,16,
Job,13,17,
Job,13,18,
Job,13,19,
Job,13,20,
Job,13,21,
Job,13,22,
Job,13,23,
Job,13,24,
Job,13,25,
Job,13,26,
Job,13,27,
Job,13,28,
Job,14,1,
Job,14,2,
Job,14,3,
Job,14,4,
Job,14,5,
Job,14,6,
Job,14,7,
Job,14,8,
Job,14,9,
Job,14,10,
Job,14,11,
Job,14,12,
Job,14,13,
Job,14,14,
Job,14,15,
Job,14,16,
Job,14,17,
Job,14,18,
Job,14,19,
Job,14,20,
Job,14,21,
Job,14,22,
Job,15,1,
Job,15,2,
Job,15,3,
Job,15,4,
Job,15,5,
Job,15,6,
Job,15,7,
Job,15,8,
Job,15,9,
Job,15,10,
Job,15,11,
Job,15,12,
Job,15,13,
Job,15,14,
Job,15,15,
Job,15,16,
Job,15,17,
Job,15,18,
Job,15,19,
Job,15,20,
Job,15,21,
Job,15,22,
Job,15,23,
Job,15,24,
Job,15,25,
Job,15,26,
Job,15,27,
Job,15,28,
Job,15,29,
Job,15,30,
Job,15,31,
Job,15,32,
Job,15,33,
Job,15,34,
Job,15,35,
Job,16,1,
Job,16,2,
Job,16,3,
Job,16,4,
Job,16,5,
Job,16,6,
Job,16,7,
Job,16,8,
Job,16,9,
Job,16,10,
Job,16,11,
Job,16,12,
Job,16,13,
Job,16,14,
Job,16,15,
Job,16,16,
Job,16,17,
Job,16,18,
Job,16,19,
Job,16,20,
Job,16,21,
Job,16,22,
Job,17,1,
Job,17,2,
Job,17,3,
Job,17,4,
Job,17,5,
Job,17,6,
Job,17,7,
Job,17,8,
Job,17,9,
Job,17,10,
Job,17,11,
Job,17,12,
Job,17,13,
Job,17,14,
Job,17,15,
Job,17,16,
Job,18,1,
Job,18,2,
Job,18,3,
Job,18,4,
Job,18,5,
Job,18,6,
Job,18,7,
Job,18,8,
Job,18,9,
Job,18,10,
Job,18,11,
Job,18,12,
Job,18,13,
Job,18,14,
Job,18,15,
Job,18,16,
Job,18,17,
Job,18,18,
Job,18,19,
Job,18,20,
Job,18,21,
Job,19,1,
Job,19,2,
Job,19,3,
Job,19,4,
Job,19,5,
Job,19,6,
Job,19,7,
Job,19,8,
Job,19,9,
Job,19,10,
Job,19,11,
Job,19,12,
Job,19,13,
Job,19,14,
Job,19,15,
Job,19,16,
Job,19,17,
Job,19,18,
Job,19,19,
Job,19,20,
Job,19,21,
Job,19,22,
Job,19,23,
Job,19,24,
Job,19,25,
Job,19,26,
Job,19,27,
Job,19,28,
Job,19,29,
Job,20,1,
Job,20,2,
Job,20,3,
Job,20,4,
Job,20,5,
Job,20,6,
Job,20,7,
Job,20,8,
Job,20,9,
Job,20,10,
Job,20,11,
Job,20,12,
Job,20,13,
Job,20,14,
Job,20,15,
Job,20,16,
Job,20,17,
Job,20,18,
Job,20,19,
Job,20,20,
Job,20,21,
Job,20,22,
Job,20,23,
Job,20,24,
Job,20,25,
Job,20,26,
Job,20,27,
Job,20,28,
Job,20,29,
Job,21,1,
Job,21,2,
Job,21,3,
Job,21,4,
Job,21,5,
Job,21,6,
Job,21,7,
Job,21,8,
Job,21,9,
Job,21,10,
Job,21,11,
Job,21,12,
Job,21,13,
Job,21,14,
Job,21,15,
Job,21,16,
Job,21,17,
Job,21,18,
Job,21,19,
Job,21,20,
Job,21,21,
Job,21,22,
Job,21,23,
Job,21,24,
Job,21,25,
Job,21,26,
Job,21,27,
Job,21,28,
Job,21,29,
Job,21,30,
Job,21,31,
Job,21,32,
Job,21,33,
Job,21,34,
Job,22,1,
Job,22,2,
Job,22,3,
Job,22,4,
Job,22,5,
Job,22,6,
Job,22,7,
Job,22,8,
Job,22,9,
Job,22,10,
Job,22,11,
Job,22,12,
Job,22,13,
Job,22,14,
Job,22,15,
Job,22,16,
Job,22,17,
Job,22,18,
Job,22,19,
Job,22,20,
Job,22,21,
Job,22,22,
Job,22,23,
Job,22,24,
Job,22,25,
Job,22,26,
Job,22,27,
Job,22,28,
Job,22,29,
Job,22,30,
Job,23,1,
Job,23,2,
Job,23,3,
Job,23,4,
Job,23,5,
Job,23,6,
Job,23,7,
Job,23,8,
Job,23,9,
Job,23,10,
Job,23,11,
Job,23,12,
Job,23,13,
Job,23,14,
Job,23,15,
Job,23,16,
Job,23,17,
Job,24,1,
Job,24,2,
Job,24,3,
Job,24,4,
Job,24,5,
Job,24,6,
Job,24,7,
Job,24,8,
Job,24,9,
Job,24,10,
Job,24,11,
Job,24,12,
Job,24,13,
Job,24,14,
Job,24,15,
Job,24,16,
Job,24,17,
Job,24,18,
Job,24,19,
Job,24,20,
Job,24,21,
Job,24,22,
Job,24,23,
Job,24,24,
Job,24,25,
Job,25,1,
Job,25,2,
Job,25,3,
Job,25,4,
Job,25,5,
Job,25,6,
Job,26,1,
Job,26,2,
Job,26,3,
Job,26,4,
Job,26,5,
Job,26,6,
Job,26,7,
Job,26,8,
Job,26,9,
Job,26,10,
Job,26,11,
Job,26,12,
Job,26,13,
Job,26,14,
Job,27,1,
Job,27,2,
Job,27,3,
Job,27,4,
Job,27,5,
Job,27,6,
Job,27,7,
Job,27,8,
Job,27,9,
Job,27,10,
Job,27,11,
Job,27,12,
Job,27,13,
Job,27,14,
Job,27,15,
Job,27,16,
Job,27,17,
Job,27,18,
Job,27,19,
Job,27,20,
Job,27,21,
Job,27,22,
Job,27,23,
Job,28,1,
Job,28,2,
Job,28,3,
Job,28,4,
Job,28,5,
Job,28,6,
Job,28,7,
Job,28,8,
Job,28,9,
Job,28,10,
Job,28,11,
Job,28,12,
Job,28,13,
Job,28,14,
Job,28,15,
Job,28,16,
Job,28,17,
Job,28,18,
Job,28,19,
Job,28,20,
Job,28,21,
Job,28,22,
Job,28,23,
Job,28,24,
Job,28,25,
Job,28,26,
Job,28,27,
Job,28,28,
Job,29,1,
Job,29,2,
Job,29,3,
Job,29,4,
Job,29,5,
Job,29,6,
Job,29,7,
Job,29,8,
Job,29,9,
Job,29,10,
Job,29,11,
Job,29,12,
Job,29,13,
Job,29,14,
Job,29,15,
Job,29,16,
Job,29,17,
Job,29,18,
Job,29,19,
Job,29,20,
Job,29,21,
Job,29,22,
Job,29,23,
Job,29,24,
Job,29,25,
Job,30,1,
Job,30,2,
Job,30,3,
Job,30,4,
Job,30,5,
Job,30,6,
Job,30,7,
Job,30,8,
Job,30,9,
Job,30,10,
Job,30,11,
Job,30,12,
Job,30,13,
Job,30,14,
Job,30,15,
Job,30,16,
Job,30,17,
Job,30,18,
Job,30,19,
Job,30,20,
Job,30,21,
Job,30,22,
Job,30,23,
Job,30,24,
Job,30,25,
Job,30,26,
Job,30,27,
Job,30,28,
Job,30,29,
Job,30,30,
Job,30,31,
Job,31,1,
Job,31,2,
Job,31,3,
Job,31,4,
Job,31,5,
Job,31,6,
Job,31,7,
Job,31,8,
Job,31,9,
Job,31,10,
Job,31,11,
Job,31,12,
Job,31,13,
Job,31,14,
Job,31,15,
Job,31,16,
Job,31,17,
Job,31,18,
Job,31,19,
Job,31,20,
Job,31,21,
Job,31,22,
Job,31,23,
Job,31,24,
Job,31,25,
Job,31,26,
Job,31,27,
Job,31,28,
Job,31,29,
Job,31,30,
Job,31,31,
Job,31,32,
Job,31,33,
Job,31,34,
Job,31,35,
Job,31,36,
Job,31,37,
Job,31,38,
Job,31,39,
Job,31,40,
Job,32,1,
Job,32,2,
Job,32,3,
Job,32,4,
Job,32,5,
Job,32,6,
Job,32,7,
Job,32,8,
Job,32,9,
Job,32,10,
Job,32,11,
Job,32,12,
Job,32,13,
Job,32,14,
Job,32,15,
Job,32,16,
Job,32,17,
Job,32,18,
Job,32,19,
Job,32,20,
Job,32,21,
Job,32,22,
Job,33,1,
Job,33,2,
Job,33,3,
Job,33,4,
Job,33,5,
Job,33,6,
Job,33,7,
Job,33,8,
Job,33,9,
Job,33,10,
Job,33,11,
Job,33,12,
Job,33,13,
Job,33,14,
Job,33,15,
Job,33,16,
Job,33,17,
Job,33,18,
Job,33,19,
Job,33,20,
Job,33,21,
Job,33,22,
Job,33,23,
Job,33,24,
Job,33,25,
Job,33,26,
Job,33,27,
Job,33,28,
Job,33,29,
Job,33,30,
Job,33,31,
Job,33,32,
Job,33,33,
Job,34,1,
Job,34,2,
Job,34,3,
Job,34,4,
Job,34,5,
Job,34,6,
Job,34,7,
Job,34,8,
Job,34,9,
Job,34,10,
Job,34,11,
Job,34,12,
Job,34,13,
Job,34,14,
Job,34,15,
Job,34,16,
Job,34,17,
Job,34,18,
Job,34,19,
Job,34,20,
Job,34,21,
Job,34,22,
Job,34,23,
Job,34,24,
Job,34,25,
Job,34,26,
Job,34,27,
Job,34,28,
Job,34,29,
Job,34,30,
Job,34,31,
Job,34,32,
Job,34,33,
Job,34,34,
Job,34,35,
Job,34,36,
Job,34,37,
Job,35,1,
Job,35,2,
Job,35,3,
Job,35,4,
Job,35,5,
Job,35,6,
Job,35,7,
Job,35,8,
Job,35,9,
Job,35,10,
Job,35,11,
Job,35,12,
Job,35,13,
Job,35,14,
Job,35,15,
Job,35,16,
Job,36,1,
Job,36,2,
Job,36,3,
Job,36,4,
Job,36,5,
Job,36,6,
Job,36,7,
Job,36,8,
Job,36,9,
Job,36,10,
Job,36,11,
Job,36,12,
Job,36,13,
Job,36,14,
Job,36,15,
Job,36,16,
Job,36,17,
Job,36,18,
Job,36,19,
Job,36,20,
Job,36,21,
Job,36,22,
Job,36,23,
Job,36,24,
Job,36,25,
Job,36,26,
Job,36,27,
Job,36,28,
Job,36,29,
Job,36,30,
Job,36,31,
Job,36,32,
Job,36,33,
Job,37,1,
Job,37,2,
Job,37,3,
Job,37,4,
Job,37,5,
Job,37,6,
Job,37,7,
Job,37,8,
Job,37,9,
Job,37,10,
Job,37,11,
Job,37,12,
Job,37,13,
Job,37,14,
Job,37,15,
Job,37,16,
Job,37,17,
Job,37,18,
Job,37,19,
Job,37,20,
Job,37,21,
Job,37,22,
Job,37,23,
Job,37,24,
Job,38,1,
Job,38,2,
Job,38,3,
Job,38,4,
Job,38,5,
Job,38,6,
Job,38,7,
Job,38,8,
Job,38,9,
Job,38,10,
Job,38,11,
Job,38,12,
Job,38,13,
Job,38,14,
Job,38,15,
Job,38,16,
Job,38,17,
Job,38,18,
Job,38,19,
Job,38,20,
Job,38,21,
Job,38,22,
Job,38,23,
Job,38,24,
Job,38,25,
Job,38,26,
Job,38,27,
Job,38,28,
Job,38,29,
Job,38,30,
Job,38,31,
Job,38,32,
Job,38,33,
Job,38,34,
Job,38,35,
Job,38,36,
Job,38,37,
Job,38,38,
Job,38,39,
Job,38,40,
Job,38,41,
Job,39,1,
Job,39,2,
Job,39,3,
Job,39,4,
Job,39,5,
Job,39,6,
Job,39,7,
Job,39,8,
Job,39,9,
Job,39,10,
Job,39,11,
Job,39,12,
Job,39,13,
Job,39,14,
Job,39,15,
Job,39,16,
Job,39,17,
Job,39,18,
Job,39,19,
Job,39,20,
Job,39,21,
Job,39,22,
Job,39,23,
Job,39,24,
Job,39,25,
Job,39,26,
Job,39,27,
Job,39,28,
Job,39,29,
Job,39,30,
Job,40,1,
Job,40,2,
Job,40,3,
Job,40,4,
Job,40,5,
Job,40,6,
Job,40,7,
Job,40,8,
Job,40,9,
Job,40,10,
Job,40,11,
Job,40,12,
Job,40,13,
Job,40,14,
Job,40,15,
Job,40,16,
Job,40,17,
Job,40,18,
Job,40,19,
Job,40,20,
Job,40,21,
Job,40,22,
Job,40,23,
Job,40,24,
Job,41,1,
Job,41,2,
Job,41,3,
Job,41,4,
Job,41,5,
Job,41,6,
Job,41,7,
Job,41,8,
Job,41,9,
Job,41,10,
Job,41,11,
Job,41,12,
Job,41,13,
Job,41,14,
Job,41,15,
Job,41,16,
Job,41,17,
Job,41,18,
Job,41,19,
Job,41,20,
Job,41,21,
Job,41,22,
Job,41,23,
Job,41,24,
Job,41,25,
Job,41,26,
Job,41,27,
Job,41,28,
Job,41,29,
Job,41,30,
Job,41,31,
Job,41,32,
Job,41,33,
Job,41,34,
Job,42,1,
Job,42,2,
Job,42,3,
Job,42,4,
Job,42,5,
Job,42,6,
Job,42,7,
Job,42,8,
Job,42,9,
Job,42,10,
Job,42,11,
Job,42,12,
Job,42,13,
Job,42,14,
Job,42,15,
Job,42,16,
Job,42,17,
Psalms,1,1,
Psalms,1,2,
Psalms,1,3,
Psalms,1,4,
Psalms,1,5,
Psalms,1,6,
Psalms,2,1,
Psalms,2,2,
Psalms,2,3,
Psalms,2,4,
Psalms,2,5,
Psalms,2,6,
Psalms,2,7,
Psalms,2,8,
Psalms,2,9,
Psalms,2,10,
Psalms,2,11,
Psalms,2,12,
Psalms,3,1,
Psalms,3,2,
Psalms,3,3,
Psalms,3,4,
Psalms,3,5,
Psalms,3,6,
Psalms,3,7,
Psalms,3,8,
Psalms,4,1,
Psalms,4,2,
Psalms,4,3,
Psalms,4,4,
Psalms,4,5,
Psalms,4,6,
Psalms,4,7,
Psalms,4,8,
Psalms,5,1,
Psalms,5,2,
Psalms,5,3,
Psalms,5,4,
Psalms,5,5,
Psalms,5,6,
Psalms,5,7,
Psalms,5,8,
Psalms,5,9,
Psalms,5,10,
Psalms,5,11,
Psalms,5,12,
Psalms,6,1,
Psalms,6,2,
Psalms,6,3,
Psalms,6,4,
Psalms,6,5,
Psalms,6,6,
Psalms,6,7,
Psalms,6,8,
Psalms,6,9,
Psalms,6,10,
Psalms,7,1,
Psalms,7,2,
Psalms,7,3,
Psalms,7,4,
Psalms,7,5,
Psalms,7,6,
Psalms,7,7,
Psalms,7,8,
Psalms,7,9,
Psalms,7,10,
Psalms,7,11,
Psalms,7,12,
Psalms,7,13,
Psalms,7,14,
Psalms,7,15,
Psalms,7,16,
Psalms,7,17,
Psalms,8,1,
Psalms,8,2,
Psalms,8,3,
Psalms,8,4,
Psalms,8,5,
Psalms,8,6,
Psalms,8,7,
Psalms,8,8,
Psalms,8,9,
Psalms,9,1,
Psalms,9,2,
Psalms,9,3,
Psalms,9,4,
Psalms,9,5,
Psalms,9,6,
Psalms,9,7,
Psalms,9,8,
Psalms,9,9,
Psalms,9,10,
Psalms,9,11,
Psalms,9,12,
Psalms,9,13,
Psalms,9,14,
Psalms,9,15,
Psalms,9,16,
Psalms,9,17,
Psalms,9,18,
Psalms,9,19,
Psalms,9,20,
Psalms,10,1,
Psalms,10,2,
Psalms,10,3,
Psalms,10,4,
Psalms,10,5,
Psalms,10,6,
Psalms,10,7,
Psalms,10,8,
Psalms,10,9,
Psalms,10,10,
Psalms,10,11,
Psalms,10,12,
Psalms,10,13,
Psalms,10,14,
Psalms,10,15,
Psalms,10,16,
Psalms,10,17,
Psalms,10,18,
Psalms,11,1,
Psalms,11,2,
Psalms,11,3,
Psalms,11,4,
Psalms,11,5,
Psalms,11,6,
Psalms,11,7,
Psalms,12,1,
Psalms,12,2,
Psalms,12,3,
Psalms,12,4,
Psalms,12,5,
Psalms,12,6,
Psalms,12,7,
Psalms,12,8,
Psalms,13,1,
Psalms,13,2,
Psalms,13,3,
Psalms,13,4,
Psalms,13,5,
Psalms,13,6,
Psalms,14,1,
Psalms,14,2,
Psalms,14,3,
Psalms,14,4,
Psalms,14,5,
Psalms,14,6,
Psalms,14,7,
Psalms,15,1,
Psalms,15,2,
Psalms,15,3,
Psalms,15,4,
Psalms,15,5,
Psalms,16,1,
Psalms,16,2,
Psalms,16,3,
Psalms,16,4,
Psalms,16,5,
Psalms,16,6,
Psalms,16,7,
Psalms,16,8,
Psalms,16,9,
Psalms,16,10,
Psalms,16,11,
Psalms,17,1,
Psalms,17,2,
Psalms,17,3,
Psalms,17,4,
Psalms,17,5,
Psalms,17,6,
Psalms,17,7,
Psalms,17,8,
Psalms,17,9,
Psalms,17,10,
Psalms,17,11,
Psalms,17,12,
Psalms,17,13,
Psalms,17,14,
Psalms,17,15,
Psalms,18,1,
Psalms,18,2,
Psalms,18,3,
Psalms,18,4,
Psalms,18,5,
Psalms,18,6,
Psalms,18,7,
Psalms,18,8,
Psalms,18,9,
Psalms,18,10,
Psalms,18,11,
Psalms,18,12,
Psalms,18,13,
Psalms,18,14,
Psalms,18,15,
Psalms,18,16,
Psalms,18,17,
Psalms,18,18,
Psalms,18,19,
Psalms,18,20,
Psalms,18,21,
Psalms,18,22,
Psalms,18,23,
Psalms,18,24,
Psalms,18,25,
Psalms,18,26,
Psalms,18,27,
Psalms,18,28,
Psalms,18,29,
Psalms,18,30,
Psalms,18,31,
Psalms,18,32,
Psalms,18,33,
Psalms,18,34,
Psalms,18,35,
Psalms,18,36,
Psalms,18,37,
Psalms,18,38,
Psalms,18,39,
Psalms,18,40,
Psalms,18,41,
Psalms,18,42,
Psalms,18,43,
Psalms,18,44,
Psalms,18,45,
Psalms,18,46,
Psalms,18,47,
Psalms,18,48,
Psalms,18,49,
Psalms,18,50,
Psalms,19,1,
Psalms,19,2,
Psalms,19,3,
Psalms,19,4,
Psalms,19,5,
Psalms,19,6,
Psalms,19,7,
Psalms,19,8,
Psalms,19,9,
Psalms,19,10,
Psalms,19,11,
Psalms,19,12,
Psalms,19,13,
Psalms,19,14,
Psalms,20,1,
Psalms,20,2,
Psalms,20,3,
Psalms,20,4,
Psalms,20,5,
Psalms,20,6,
Psalms,20,7,
Psalms,20,8,
Psalms,20,9,
Psalms,21,1,
Psalms,21,2,
Psalms,21,3,
Psalms,21,4,
Psalms,21,5,
Psalms,21,6,
Psalms,21,7,
Psalms,21,8,
Psalms,21,9,
Psalms,21,10,
Psalms,21,11,
Psalms,21,12,
Psalms,21,13,
Psalms,22,1,
Psalms,22,2,
Psalms,22,3,
Psalms,22,4,
Psalms,22,5,
Psalms,22,6,
Psalms,22,7,
Psalms,22,8,
Psalms,22,9,
Psalms,22,10,
Psalms,22,11,
Psalms,22,12,
Psalms,22,13,
Psalms,22,14,
Psalms,22,15,
Psalms,22,16,
Psalms,22,17,
Psalms,22,18,
Psalms,22,19,
Psalms,22,20,
Psalms,22,21,
Psalms,22,22,
Psalms,22,23,
Psalms,22,24,
Psalms,22,25,
Psalms,22,26,
Psalms,22,27,
Psalms,22,28,
Psalms,22,29,
Psalms,22,30,
Psalms,22,31,
Psalms,23,1,
Psalms,23,2,
Psalms,23,3,
Psalms,23,4,
Psalms,23,5,
Psalms,23,6,
Psalms,24,1,
Psalms,24,2,
Psalms,24,3,
Psalms,24,4,
Psalms,24,5,
Psalms,24,6,
Psalms,24,7,
Psalms,24,8,
Psalms,24,9,
Psalms,24,10,
Psalms,25,1,
Psalms,25,2,
Psalms,25,3,
Psalms,25,4,
Psalms,25,5,
Psalms,25,6,
Psalms,25,7,
Psalms,25,8,
Psalms,25,9,
Psalms,25,10,
Psalms,25,11,
Psalms,25,12,
Psalms,25,13,
Psalms,25,14,
Psalms,25,15,
Psalms,25,16,
Psalms,25,17,
Psalms,25,18,
Psalms,25,19,
Psalms,25,20,
Psalms,25,21,
Psalms,25,22,
Psalms,26,1,
Psalms,26,2,
Psalms,26,3,
Psalms,26,4,
Psalms,26,5,
Psalms,26,6,
Psalms,26,7,
Psalms,26,8,
Psalms,26,9,
Psalms,26,10,
Psalms,26,11,
Psalms,26,12,
Psalms,27,1,
Psalms,27,2,
Psalms,27,3,
Psalms,27,4,
Psalms,27,5,
Psalms,27,6,
Psalms,27,7,
Psalms,27,8,
Psalms,27,9,
Psalms,27,10,
Psalms,27,11,
Psalms,27,12,
Psalms,27,13,
Psalms,27,14,
Psalms,28,1,
Psalms,28,2,
Psalms,28,3,
Psalms,28,4,
Psalms,28,5,
Psalms,28,6,
Psalms,28,7,
Psalms,28,8,
Psalms,28,9,
Psalms,29,1,
Psalms,29,2,
Psalms,29,3,
Psalms,29,4,
Psalms,29,5,
Psalms,29,6,
Psalms,29,7,
Psalms,29,8,
Psalms,29,9,
Psalms,29,10,
Psalms,29,11,
Psalms,30,1,
Psalms,30,2,
Psalms,30,3,
Psalms,30,4,
Psalms,30,5,
Psalms,30,6,
Psalms,30,7,
Psalms,30,8,
Psalms,30,9,
Psalms,30,10,
Psalms,30,11,
Psalms,30,12,
Psalms,31,1,
Psalms,31,2,
Psalms,31,3,
Psalms,31,4,
Psalms,31,5,
Psalms,31,6,
Psalms,31,7,
Psalms,31,8,
Psalms,31,9,
Psalms,31,10,
Psalms,31,11,
Psalms,31,12,
Psalms,31,13,
Psalms,31,14,
Psalms,31,15,
Psalms,31,16,
Psalms,31,17,
Psalms,31,18,
Psalms,31,19,
Psalms,31,20,
Psalms,31,21,
Psalms,31,22,
Psalms,31,23,
Psalms,31,24,
Psalms,32,1,
Psalms,32,2,
Psalms,32,3,
Psalms,32,4,
Psalms,32,5,
Psalms,32,6,
Psalms,32,7,
Psalms,32,8,
Psalms,32,9,
Psalms,32,10,
Psalms,32,11,
Psalms,33,1,
Psalms,33,2,
Psalms,33,3,
Psalms,33,4,
Psalms,33,5,
Psalms,33,6,
Psalms,33,7,
Psalms,33,8,
Psalms,33,9,
Psalms,33,10,
Psalms,33,11,
Psalms,33,12,
Psalms,33,13,
Psalms,33,14,
Psalms,33,15,
Psalms,33,16,
Psalms,33,17,
Psalms,33,18,
Psalms,33,19,
Psalms,33,20,
Psalms,33,21,
Psalms,33,22,
Psalms,34,1,
Psalms,34,2,
Psalms,34,3,
Psalms,34,4,
Psalms,34,5,
Psalms,34,6,
Psalms,34,7,
Psalms,34,8,
Psalms,34,9,
Psalms,34,10,
Psalms,34,11,
Psalms,34,12,
Psalms,34,13,
Psalms,34,14,
Psalms,34,15,
Psalms,34,16,
Psalms,34,17,
Psalms,34,18,
Psalms,34,19,
Psalms,34,20,
Psalms,34,21,
Psalms,34,22,
Psalms,35,1,
Psalms,35,2,
Psalms,35,3,
Psalms,35,4,
Psalms,35,5,
Psalms,35,6,
Psalms,35,7,
Psalms,35,8,
Psalms,35,9,
Psalms,35,10,
Psalms,35,11,
Psalms,35,12,
Psalms,35,13,
Psalms,35,14,
Psalms,35,15,
Psalms,35,16,
Psalms,35,17,
Psalms,35,18,
Psalms,35,19,
Psalms,35,20,
Psalms,35,21,
Psalms,35,22,
Psalms,35,23,
Psalms,35,24,
Psalms,35,25,
Psalms,35,26,
Psalms,35,27,
Psalms,35,28,
Psalms,36,1,
Psalms,36,2,
Psalms,36,3,
Psalms,36,4,
Psalms,36,5,
Psalms,36,6,
Psalms,36,7,
Psalms,36,8,
Psalms,36,9,
Psalms,36,10,
Psalms,36,11,
Psalms,36,12,
Psalms,37,1,
Psalms,37,2,
Psalms,37,3,
Psalms,37,4,
Psalms,37,5,
Psalms,37,6,
Psalms,37,7,
Psalms,37,8,
Psalms,37,9,
Psalms,37,10,
Psalms,37,11,
Psalms,37,12,
Psalms,37,13,
Psalms,37,14,
Psalms,37,15,
Psalms,37,16,
Psalms,37,17,
Psalms,37,18,
Psalms,37,19,
Psalms,37,20,
Psalms,37,21,
Psalms,37,22,
Psalms,37,23,
Psalms,37,24,
Psalms,37,25,
Psalms,37,26,
Psalms,37,27,
Psalms,37,28,
Psalms,37,29,
Psalms,37,30,
Psalms,37,31,
Psalms,37,32,
Psalms,37,33,
Psalms,37,34,
Psalms,37,35,
Psalms,37,36,
Psalms,37,37,
Psalms,37,38,
Psalms,37,39,
Psalms,37,40,
Psalms,38,1,
Psalms,38,2,
Psalms,38,3,
Psalms,38,4,
Psalms,38,5,
Psalms,38,6,
Psalms,38,7,
Psalms,38,8,
Psalms,38,9,
Psalms,38,10,
Psalms,38,11,
Psalms,38,12,
Psalms,38,13,
Psalms,38,14,
Psalms,38,15,
Psalms,38,16,
Psalms,38,17,
Psalms,38,18,
Psalms,38,19,
Psalms,38,20,
Psalms,38,21,
Psalms,38,22,
Psalms,39,1,
Psalms,39,2,
Psalms,39,3,
Psalms,39,4,
Psalms,39,5,
Psalms,39,6,
Psalms,39,7,
Psalms,39,8,
Psalms,39,9,
Psalms,39,10,
Psalms,39,11,
Psalms,39,12,
Psalms,39,13,
Psalms,40,1,
Psalms,40,2,
Psalms,40,3,
Psalms,40,4,
Psalms,40,5,
Psalms,40,6,
Psalms,40,7,
Psalms,40,8,
Psalms,40,9,
Psalms,40,10,
Psalms,40,11,
Psalms,40,12,
Psalms,40,13,
Psalms,40,14,
Psalms,40,15,
Psalms,40,16,
Psalms,40,17,
Psalms,41,1,
Psalms,41,2,
Psalms,41,3,
Psalms,41,4,
Psalms,41,5,
Psalms,41,6,
Psalms,41,7,
Psalms,41,8,
Psalms,41,9,
Psalms,41,10,
Psalms,41,11,
Psalms,41,12,
Psalms,41,13,
Psalms,42,1,
Psalms,42,2,
Psalms,42,3,
Psalms,42,4,
Psalms,42,5,
Psalms,42,6,
Psalms,42,7,
Psalms,42,8,
Psalms,42,9,
Psalms,42,10,
Psalms,42,11,
Psalms,43,1,
Psalms,43,2,
Psalms,43,3,
Psalms,43,4,
Psalms,43,5,
Psalms,44,1,
Psalms,44,2,
Psalms,44,3,
Psalms,44,4,
Psalms,44,5,
Psalms,44,6,
Psalms,44,7,
Psalms,44,8,
Psalms,44,9,
Psalms,44,10,
Psalms,44,11,
Psalms,44,12,
Psalms,44,13,
Psalms,44,14,
Psalms,44,15,
Psalms,44,16,
Psalms,44,17,
Psalms,44,18,
Psalms,44,19,
Psalms,44,20,
Psalms,44,21,
Psalms,44,22,
Psalms,44,23,
Psalms,44,24,
Psalms,44,25,
Psalms,44,26,
Psalms,45,1,
Psalms,45,2,
Psalms,45,3,
Psalms,45,4,
Psalms,45,5,
Psalms,45,6,
Psalms,45,7,
Psalms,45,8,
Psalms,45,9,
Psalms,45,10,
Psalms,45,11,
Psalms,45,12,
Psalms,45,13,
Psalms,45,14,
Psalms,45,15,
Psalms,45,16,
Psalms,45,17,
Psalms,46,1,
Psalms,46,2,
Psalms,46,3,
Psalms,46,4,
Psalms,46,5,
Psalms,46,6,
Psalms,46,7,
Psalms,46,8,
Psalms,46,9,
Psalms,46,10,
Psalms,46,11,
Psalms,47,1,
Psalms,47,2,
Psalms,47,3,
Psalms,47,4,
Psalms,47,5,
Psalms,47,6,
Psalms,47,7,
Psalms,47,8,
Psalms,47,9,
Psalms,48,1,
Psalms,48,2,
Psalms,48,3,
Psalms,48,4,
Psalms,48,5,
Psalms,48,6,
Psalms,48,7,
Psalms,48,8,
Psalms,48,9,
Psalms,48,10,
Psalms,48,11,
Psalms,48,12,
Psalms,48,13,
Psalms,48,14,
Psalms,49,1,
Psalms,49,2,
Psalms,49,3,
Psalms,49,4,
Psalms,49,5,
Psalms,49,6,
Psalms,49,7,
Psalms,49,8,
Psalms,49,9,
Psalms,49,10,
Psalms,49,11,
Psalms,49,12,
Psalms,49,13,
Psalms,49,14,
Psalms,49,15,
Psalms,49,16,
Psalms,49,17,
Psalms,49,18,
Psalms,49,19,
Psalms,49,20,
Psalms,50,1,
Psalms,50,2,
Psalms,50,3,
Psalms,50,4,
Psalms,50,5,
Psalms,50,6,
Psalms,50,7,
Psalms,50,8,
Psalms,50,9,
Psalms,50,10,
Psalms,50,11,
Psalms,50,12,
Psalms,50,13,
Psalms,50,14,
Psalms,50,15,
Psalms,50,16,
Psalms,50,17,
Psalms,50,18,
Psalms,50,19,
Psalms,50,20,
Psalms,50,21,
Psalms,50,22,
Psalms,50,23,
Psalms,51,1,
Psalms,51,2,
Psalms,51,3,
Psalms,51,4,
Psalms,51,5,
Psalms,51,6,
Psalms,51,7,
Psalms,51,8,
Psalms,51,9,
Psalms,51,10,
Psalms,51,11,
Psalms,51,12,
Psalms,51,13,
Psalms,51,14,
Psalms,51,15,
Psalms,51,16,
Psalms,51,17,
Psalms,51,18,
Psalms,51,19,
Psalms,52,1,
Psalms,52,2,
Psalms,52,3,
Psalms,52,4,
Psalms,52,5,
Psalms,52,6,
Psalms,52,7,
Psalms,52,8,
Psalms,52,9,
Psalms,53,1,
Psalms,53,2,
Psalms,53,3,
Psalms,53,4,
Psalms,53,5,
Psalms,53,6,
Psalms,54,1,
Psalms,54,2,
Psalms,54,3,
Psalms,54,4,
Psalms,54,5,
Psalms,54,6,
Psalms,54,7,
Psalms,55,1,
Psalms,55,2,
Psalms,55,3,
Psalms,55,4,
Psalms,55,5,
Psalms,55,6,
Psalms,55,7,
Psalms,55,8,
Psalms,55,9,
Psalms,55,10,
Psalms,55,11,
Psalms,55,12,
Psalms,55,13,
Psalms,55,14,
Psalms,55,15,
Psalms,55,16,
Psalms,55,17,
Psalms,55,18,
Psalms,55,19,
Psalms,55,20,
Psalms,55,21,
Psalms,55,22,
Psalms,55,23,
Psalms,56,1,
Psalms,56,2,
Psalms,56,3,
Psalms,56,4,
Psalms,56,5,
Psalms,56,6,
Psalms,56,7,
Psalms,56,8,
Psalms,56,9,
Psalms,56,10,
Psalms,56,11,
Psalms,56,12,
Psalms,56,13,
Psalms,57,1,
Psalms,57,2,
Psalms,57,3,
Psalms,57,4,
Psalms,57,5,
Psalms,57,6,
Psalms,57,7,
Psalms,57,8,
Psalms,57,9,
Psalms,57,10,
Psalms,57,11,
Psalms,58,1,
Psalms,58,2,
Psalms,58,3,
Psalms,58,4,
Psalms,58,5,
Psalms,58,6,
Psalms,58,7,
Psalms,58,8,
Psalms,58,9,
Psalms,58,10,
Psalms,58,11,
Psalms,59,1,
Psalms,59,2,
Psalms,59,3,
Psalms,59,4,
Psalms,59,5,
Psalms,59,6,
Psalms,59,7,
Psalms,59,8,
Psalms,59,9,
Psalms,59,10,
Psalms,59,11,
Psalms,59,12,
Psalms,59,13,
Psalms,59,14,
Psalms,59,15,
Psalms,59,16,
Psalms,59,17,
Psalms,60,1,
Psalms,60,2,
Psalms,60,3,
Psalms,60,4,
Psalms,60,5,
Psalms,60,6,
Psalms,60,7,
Psalms,60,8,
Psalms,60,9,
Psalms,60,10,
Psalms,60,11,
Psalms,60,12,
Psalms,61,1,
Psalms,61,2,
Psalms,61,3,
Psalms,61,4,
Psalms,61,5,
Psalms,61,6,
Psalms,61,7,
Psalms,61,8,
Psalms,62,1,
Psalms,62,2,
Psalms,62,3,
Psalms,62,4,
Psalms,62,5,
Psalms,62,6,
Psalms,62,7,
Psalms,62,8,
Psalms,62,9,
Psalms,62,10,
Psalms,62,11,
Psalms,62,12,
Psalms,63,1,
Psalms,63,2,
Psalms,63,3,
Psalms,63,4,
Psalms,63,5,
Psalms,63,6,
Psalms,63,7,
Psalms,63,8,
Psalms,63,9,
Psalms,63,10,
Psalms,63,11,
Psalms,64,1,
Psalms,64,2,
Psalms,64,3,
Psalms,64,4,
Psalms,64,5,
Psalms,64,6,
Psalms,64,7,
Psalms,64,8,
Psalms,64,9,
Psalms,64,10,
Psalms,65,1,
Psalms,65,2,
Psalms,65,3,
Psalms,65,4,
Psalms,65,5,
Psalms,65,6,
Psalms,65,7,
Psalms,65,8,
Psalms,65,9,
Psalms,65,10,
Psalms,65,11,
Psalms,65,12,
Psalms,65,13,
Psalms,66,1,
Psalms,66,2,
Psalms,66,3,
Psalms,66,4,
Psalms,66,5,
Psalms,66,6,
Psalms,66,7,
Psalms,66,8,
Psalms,66,9,
Psalms,66,10,
Psalms,66,11,
Psalms,66,12,
Psalms,66,13,
Psalms,66,14,
Psalms,66,15,
Psalms,66,16,
Psalms,66,17,
Psalms,66,18,
Psalms,66,19,
Psalms,66,20,
Psalms,67,1,
Psalms,67,2,
Psalms,67,3,
Psalms,67,4,
Psalms,67,5,
Psalms,67,6,
Psalms,67,7,
Psalms,68,1,
Psalms,68,2,
Psalms,68,3,
Psalms,68,4,
Psalms,68,5,
Psalms,68,6,
Psalms,68,7,
Psalms,68,8,
Psalms,68,9,
Psalms,68,10,
Psalms,68,11,
Psalms,68,12,
Psalms,68,13,
Psalms,68,14,
Psalms,68,15,
Psalms,68,16,
Psalms,68,17,
Psalms,68,18,
Psalms,68,19,
Psalms,68,20,
Psalms,68,21,
Psalms,68,22,
Psalms,68,23,
Psalms,68,24,
Psalms,68,25,
Psalms,68,26,
Psalms,68,27,
Psalms,68,28,
Psalms,68,29,
Psalms,68,30,
Psalms,68,31,
Psalms,68,32,
Psalms,68,33,
Psalms,68,34,
Psalms,68,35,
Psalms,69,1,
Psalms,69,2,
Psalms,69,3,
Psalms,69,4,
Psalms,69,5,
Psalms,69,6,
Psalms,69,7,
Psalms,69,8,
Psalms,69,9,
Psalms,69,10,
Psalms,69,11,
Psalms,69,12,
Psalms,69,13,
Psalms,69,14,
Psalms,69,15,
Psalms,69,16,
Psalms,69,17,
Psalms,69,18,
Psalms,69,19,
Psalms,69,20,
Psalms,69,21,
Psalms,69,22,
Psalms,69,23,
Psalms,69,24,
Psalms,69,25,
Psalms,69,26,
Psalms,69,27,
Psalms,69,28,
Psalms,69,29,
Psalms,69,30,
Psalms,69,31,
Psalms,69,32,
Psalms,69,33,
Psalms,69,34,
Psalms,69,35,
Psalms,69,36,
Psalms,70,1,
Psalms,70,2,
Psalms,70,3,
Psalms,70,4,
Psalms,70,5,
Psalms,71,1,
Psalms,71,2,
Psalms,71,3,
Psalms,71,4,
Psalms,71,5,
Psalms,71,6,
Psalms,71,7,
Psalms,71,8,
Psalms,71,9,
Psalms,71,10,
Psalms,71,11,
Psalms,71,12,
Psalms,71,13,
Psalms,71,14,
Psalms,71,15,
Psalms,71,16,
Psalms,71,17,
Psalms,71,18,
Psalms,71,19,
Psalms,71,20,
Psalms,71,21,
Psalms,71,22,
Psalms,71,23,
Psalms,71,24,
Psalms,72,1,
Psalms,72,2,
Psalms,72,3,
Psalms,72,4,
Psalms,72,5,
Psalms,72,6,
Psalms,72,7,
Psalms,72,8,
Psalms,72,9,
Psalms,72,10,
Psalms,72,11,
Psalms,72,12,
Psalms,72,13,
Psalms,72,14,
Psalms,72,15,
Psalms,72,16,
Psalms,72,17,
Psalms,72,18,
Psalms,72,19,
Psalms,72,20,
Psalms,73,1,
Psalms,73,2,
Psalms,73,3,
Psalms,73,4,
Psalms,73,5,
Psalms,73,6,
Psalms,73,7,
Psalms,73,8,
Psalms,73,9,
Psalms,73,10,
Psalms,73,11,
Psalms,73,12,
Psalms,73,13,
Psalms,73,14,
Psalms,73,15,
Psalms,73,16,
Psalms,73,17,
Psalms,73,18,
Psalms,73,19,
Psalms,73,20,
Psalms,73,21,
Psalms,73,22,
Psalms,73,23,
Psalms,73,24,
Psalms,73,25,
Psalms,73,26,
Psalms,73,27,
Psalms,73,28,
Psalms,74,1,
Psalms,74,2,
Psalms,74,3,
Psalms,74,4,
Psalms,74,5,
Psalms,74,6,
Psalms,74,7,
Psalms,74,8,
Psalms,74,9,
Psalms,74,10,
Psalms,74,11,
Psalms,74,12,
Psalms,74,13,
Psalms,74,14,
Psalms,74,15,
Psalms,74,16,
Psalms,74,17,
Psalms,74,18,
Psalms,74,19,
Psalms,74,20,
Psalms,74,21,
Psalms,74,22,
Psalms,74,23,
Psalms,75,1,
Psalms,75,2,
Psalms,75,3,
Psalms,75,4,
Psalms,75,5,
Psalms,75,6,
Psalms,75,7,
Psalms,75,8,
Psalms,75,9,
Psalms,75,10,
Psalms,76,1,
Psalms,76,2,
Psalms,76,3,
Psalms,76,4,
Psalms,76,5,
Psalms,76,6,
Psalms,76,7,
Psalms,76,8,
Psalms,76,9,
Psalms,76,10,
Psalms,76,11,
Psalms,76,12,
Psalms,77,1,
Psalms,77,2,
Psalms,77,3,
Psalms,77,4,
Psalms,77,5,
Psalms,77,6,
Psalms,77,7,
Psalms,77,8,
Psalms,77,9,
Psalms,77,10,
Psalms,77,11,
Psalms,77,12,
Psalms,77,13,
Psalms,77,14,
Psalms,77,15,
Psalms,77,16,
Psalms,77,17,
Psalms,77,18,
Psalms,77,19,
Psalms,77,20,
Psalms,78,1,
Psalms,78,2,
Psalms,78,3,
Psalms,78,4,
Psalms,78,5,
Psalms,78,6,
Psalms,78,7,
Psalms,78,8,
Psalms,78,9,
Psalms,78,10,
Psalms,78,11,
Psalms,78,12,
Psalms,78,13,
Psalms,78,14,
Psalms,78,15,
Psalms,78,16,
Psalms,78,17,
Psalms,78,18,
Psalms,78,19,
Psalms,78,20,
Psalms,78,21,
Psalms,78,22,
Psalms,78,23,
Psalms,78,24,
Psalms,78,25,
Psalms,78,26,
Psalms,78,27,
Psalms,78,28,
Psalms,78,29,
Psalms,78,30,
Psalms,78,31,
Psalms,78,32,
Psalms,78,33,
Psalms,78,34,
Psalms,78,35,
Psalms,78,36,
Psalms,78,37,
Psalms,78,38,
Psalms,78,39,
Psalms,78,40,
Psalms,78,41,
Psalms,78,42,
Psalms,78,43,
Psalms,78,44,
Psalms,78,45,
Psalms,78,46,
Psalms,78,47,
Psalms,78,48,
Psalms,78,49,
Psalms,78,50,
Psalms,78,51,
Psalms,78,52,
Psalms,78,53,
Psalms,78,54,
Psalms,78,55,
Psalms,78,56,
Psalms,78,57,
Psalms,78,58,
Psalms,78,59,
Psalms,78,60,
Psalms,78,61,
Psalms,78,62,
Psalms,78,63,
Psalms,78,64,
Psalms,78,65,
Psalms,78,66,
Psalms,78,67,
Psalms,78,68,
Psalms,78,69,
Psalms,78,70,
Psalms,78,71,
Psalms,78,72,
Psalms,79,1,
Psalms,79,2,
Psalms,79,3,
Psalms,79,4,
Psalms,79,5,
Psalms,79,6,
Psalms,79,7,
Psalms,79,8,
Psalms,79,9,
Psalms,79,10,
Psalms,79,11,
Psalms,79,12,
Psalms,79,13,
Psalms,80,1,
Psalms,80,2,
Psalms,80,3,
Psalms,80,4,
Psalms,80,5,
Psalms,80,6,
Psalms,80,7,
Psalms,80,8,
Psalms,80,9,
Psalms,80,10,
Psalms,80,11,
Psalms,80,12,
Psalms,80,13,
Psalms,80,14,
Psalms,80,15,
Psalms,80,16,
Psalms,80,17,
Psalms,80,18,
Psalms,80,19,
Psalms,81,1,
Psalms,81,2,
Psalms,81,3,
Psalms,81,4,
Psalms,81,5,
Psalms,81,6,
Psalms,81,7,
Psalms,81,8,
Psalms,81,9,
Psalms,81,10,
Psalms,81,11,
Psalms,81,12,
Psalms,81,13,
Psalms,81,14,
Psalms,81,15,
Psalms,81,16,
Psalms,82,1,
Psalms,82,2,
Psalms,82,3,
Psalms,82,4,
Psalms,82,5,
Psalms,82,6,
Psalms,82,7,
Psalms,82,8,
Psalms,83,1,
Psalms,83,2,
Psalms,83,3,
Psalms,83,4,
Psalms,83,5,
Psalms,83,6,
Psalms,83,7,
Psalms,83,8,
Psalms,83,9,
Psalms,83,10,
Psalms,83,11,
Psalms,83,12,
Psalms,83,13,
Psalms,83,14,
Psalms,83,15,
Psalms,83,16,
Psalms,83,17,
Psalms,83,18,
Psalms,84,1,
Psalms,84,2,
Psalms,84,3,
Psalms,84,4,
Psalms,84,5,
Psalms,84,6,
Psalms,84,7,
Psalms,84,8,
Psalms,84,9,
Psalms,84,10,
Psalms,84,11,
Psalms,84,12,
Psalms,85,1,
Psalms,85,2,
Psalms,85,3,
Psalms,85,4,
Psalms,85,5,
Psalms,85,6,
Psalms,85,7,
Psalms,85,8,
Psalms,85,9,
Psalms,85,10,
Psalms,85,11,
Psalms,85,12,
Psalms,85,13,
Psalms,86,1,
Psalms,86,2,
Psalms,86,3,
Psalms,86,4,
Psalms,86,5,
Psalms,86,6,
Psalms,86,7,
Psalms,86,8,
Psalms,86,9,
Psalms,86,10,
Psalms,86,11,
Psalms,86,12,
Psalms,86,13,
Psalms,86,14,
Psalms,86,15,
Psalms,86,16,
Psalms,86,17,
Psalms,87,1,
Psalms,87,2,
Psalms,87,3,
Psalms,87,4,
Psalms,87,5,
Psalms,87,6,
Psalms,87,7,
Psalms,88,1,
Psalms,88,2,
Psalms,88,3,
Psalms,88,4,
Psalms,88,5,
Psalms,88,6,
Psalms,88,7,
Psalms,88,8,
Psalms,88,9,
Psalms,88,10,
Psalms,88,11,
Psalms,88,12,
Psalms,88,13,
Psalms,88,14,
Psalms,88,15,
Psalms,88,16,
Psalms,88,17,
Psalms,88,18,
Psalms,89,1,
Psalms,89,2,
Psalms,89,3,
Psalms,89,4,
Psalms,89,5,
Psalms,89,6,
Psalms,89,7,
Psalms,89,8,
Psalms,89,9,
Psalms,89,10,
Psalms,89,11,
Psalms,89,12,
Psalms,89,13,
Psalms,89,14,
Psalms,89,15,
Psalms,89,16,
Psalms,89,17,
Psalms,89,18,
Psalms,89,19,
Psalms,89,20,
Psalms,89,21,
Psalms,89,22,
Psalms,89,23,
Psalms,89,24,
Psalms,89,25,
Psalms,89,26,
Psalms,89,27,
Psalms,89,28,
Psalms,89,29,
Psalms,89,30,
Psalms,89,31,
Psalms,89,32,
Psalms,89,33,
Psalms,89,34,
Psalms,89,35,
Psalms,89,36,
Psalms,89,37,
Psalms,89,38,
Psalms,89,39,
Psalms,89,40,
Psalms,89,41,
Psalms,89,42,
Psalms,89,43,
Psalms,89,44,
Psalms,89,45,
Psalms,89,46,
Psalms,89,47,
Psalms,89,48,
Psalms,89,49,
Psalms,89,50,
Psalms,89,51,
Psalms,89,52,
Psalms,90,1,
Psalms,90,2,
Psalms,90,3,
Psalms,90,4,
Psalms,90,5,
Psalms,90,6,
Psalms,90,7,
Psalms,90,8,
Psalms,90,9,
Psalms,90,10,
Psalms,90,11,
Psalms,90,12,
Psalms,90,13,
Psalms,90,14,
Psalms,90,15,
Psalms,90,16,
Psalms,90,17,
Psalms,91,1,
Psalms,91,2,
Psalms,91,3,
Psalms,91,4,
Psalms,91,5,
Psalms,91,6,
Psalms,91,7,
Psalms,91,8,
Psalms,91,9,
Psalms,91,10,
Psalms,91,11,
Psalms,91,12,
Psalms,91,13,
Psalms,91,14,
Psalms,91,15,
Psalms,91,16,
Psalms,92,1,
Psalms,92,2,
Psalms,92,3,
Psalms,92,4,
Psalms,92,5,
Psalms,92,6,
Psalms,92,7,
Psalms,92,8,
Psalms,92,9,
Psalms,92,10,
Psalms,92,11,
Psalms,92,12,
Psalms,92,13,
Psalms,92,14,
Psalms,92,15,
Psalms,93,1,
Psalms,93,2,
Psalms,93,3,
Psalms,93,4,
Psalms,93,5,
Psalms,94,1,
Psalms,94,2,
Psalms,94,3,
Psalms,94,4,
Psalms,94,5,
Psalms,94,6,
Psalms,94,7,
Psalms,94,8,
Psalms,94,9,
Psalms,94,10,
Psalms,94,11,
Psalms,94,12,
Psalms,94,13,
Psalms,94,14,
Psalms,94,15,
Psalms,94,16,
Psalms,94,17,
Psalms,94,18,
Psalms,94,19,
Psalms,94,20,
Psalms,94,21,
Psalms,94,22,
Psalms,94,23,
Psalms,95,1,
Psalms,95,2,
Psalms,95,3,
Psalms,95,4,
Psalms,95,5,
Psalms,95,6,
Psalms,95,7,
Psalms,95,8,
Psalms,95,9,
Psalms,95,10,
Psalms,95,11,
Psalms,96,1,
Psalms,96,2,
Psalms,96,3,
Psalms,96,4,
Psalms,96,5,
Psalms,96,6,
Psalms,96,7,
Psalms,96,8,
Psalms,96,9,
Psalms,96,10,
Psalms,96,11,
Psalms,96,12,
Psalms,96,13,
Psalms,97,1,
Psalms,97,2,
Psalms,97,3,
Psalms,97,4,
Psalms,97,5,
Psalms,97,6,
Psalms,97,7,
Psalms,97,8,
Psalms,97,9,
Psalms,97,10,
Psalms,97,11,
Psalms,97,12,
Psalms,98,1,
Psalms,98,2,
Psalms,98,3,
Psalms,98,4,
Psalms,98,5,
Psalms,98,6,
Psalms,98,7,
Psalms,98,8,
Psalms,98,9,
Psalms,99,1,
Psalms,99,2,
Psalms,99,3,
Psalms,99,4,
Psalms,99,5,
Psalms,99,6,
Psalms,99,7,
Psalms,99,8,
Psalms,99,9,
Psalms,100,1,
Psalms,100,2,
Psalms,100,3,
Psalms,100,4,
Psalms,100,5,
Psalms,101,1,
Psalms,101,2,
Psalms,101,3,
Psalms,101,4,
Psalms,101,5,
Psalms,101,6,
Psalms,101,7,
Psalms,101,8,
Psalms,102,1,
Psalms,102,2,
Psalms,102,3,
Psalms,102,4,
Psalms,102,5,
Psalms,102,6,
Psalms,102,7,
Psalms,102,8,
Psalms,102,9,
Psalms,102,10,
Psalms,102,11,
Psalms,102,12,
Psalms,102,13,
Psalms,102,14,
Psalms,102,15,
Psalms,102,16,
Psalms,102,17,
Psalms,102,18,
Psalms,102,19,
Psalms,102,20,
Psalms,102,21,
Psalms,102,22,
Psalms,102,23,
Psalms,102,24,
Psalms,102,25,
Psalms,102,26,
Psalms,102,27,
Psalms,102,28,
Psalms,103,1,
Psalms,103,2,
Psalms,103,3,
Psalms,103,4,
Psalms,103,5,
Psalms,103,6,
Psalms,103,7,
Psalms,103,8,
Psalms,103,9,
Psalms,103,10,
Psalms,103,11,
Psalms,103,12,
Psalms,103,13,
Psalms,103,14,
Psalms,103,15,
Psalms,103,16,
Psalms,103,17,
Psalms,103,18,
Psalms,103,19,
Psalms,103,20,
Psalms,103,21,
Psalms,103,22,
Psalms,104,1,
Psalms,104,2,
Psalms,104,3,
Psalms,104,4,
Psalms,104,5,
Psalms,104,6,
Psalms,104,7,
Psalms,104,8,
Psalms,104,9,
Psalms,104,10,
Psalms,104,11,
Psalms,104,12,
Psalms,104,13,
Psalms,104,14,
Psalms,104,15,
Psalms,104,16,
Psalms,104,17,
Psalms,104,18,
Psalms,104,19,
Psalms,104,20,
Psalms,104,21,
Psalms,104,22,
Psalms,104,23,
Psalms,104,24,
Psalms,104,25,
Psalms,104,26,
Psalms,104,27,
Psalms,104,28,
Psalms,104,29,
Psalms,104,30,
Psalms,104,31,
Psalms,104,32,
Psalms,104,33,
Psalms,104,34,
Psalms,104,35,
Psalms,105,1,
Psalms,105,2,
Psalms,105,3,
Psalms,105,4,
Psalms,105,5,
Psalms,105,6,
Psalms,105,7,
Psalms,105,8,
Psalms,105,9,
Psalms,105,10,
Psalms,105,11,
Psalms,105,12,
Psalms,105,13,
Psalms,105,14,
Psalms,105,15,
Psalms,105,16,
Psalms,105,17,
Psalms,105,18,
Psalms,105,19,
Psalms,105,20,
Psalms,105,21,
Psalms,105,22,
Psalms,105,23,
Psalms,105,24,
Psalms,105,25,
Psalms,105,26,
Psalms,105,27,
Psalms,105,28,
Psalms,105,29,
Psalms,105,30,
Psalms,105,31,
Psalms,105,32,
Psalms,105,33,
Psalms,105,34,
Psalms,105,35,
Psalms,105,36,
Psalms,105,37,
Psalms,105,38,
Psalms,105,39,
Psalms,105,40,
Psalms,105,41,
Psalms,105,42,
Psalms,105,43,
Psalms,105,44,
Psalms,105,45,
Psalms,106,1,
Psalms,106,2,
Psalms,106,3,
Psalms,106,4,
Psalms,106,5,
Psalms,106,6,
Psalms,106,7,
Psalms,106,8,
Psalms,106,9,
Psalms,106,10,
Psalms,106,11,
Psalms,106,12,
Psalms,106,13,
Psalms,106,14,
Psalms,106,15,
Psalms,106,16,
Psalms,106,17,
Psalms,106,18,
Psalms,106,19,
Psalms,106,20,
Psalms,106,21,
Psalms,106,22,
Psalms,106,23,
Psalms,106,24,
Psalms,106,25,
Psalms,106,26,
Psalms,106,27,
Psalms,106,28,
Psalms,106,29,
Psalms,106,30,
Psalms,106,31,
Psalms,106,32,
Psalms,106,33,
Psalms,106,34,
Psalms,106,35,
Psalms,106,36,
Psalms,106,37,
Psalms,106,38,
Psalms,106,39,
Psalms,106,40,
Psalms,106,41,
Psalms,106,42,
Psalms,106,43,
Psalms,106,44,
Psalms,106,45,
Psalms,106,46,
Psalms,106,47,
Psalms,106,48,
Psalms,107,1,
Psalms,107,2,
Psalms,107,3,
Psalms,107,4,
Psalms,107,5,
Psalms,107,6,
Psalms,107,7,
Psalms,107,8,
Psalms,107,9,
Psalms,107,10,
Psalms,107,11,
Psalms,107,12,
Psalms,107,13,
Psalms,107,14,
Psalms,107,15,
Psalms,107,16,
Psalms,107,17,
Psalms,107,18,
Psalms,107,19,
Psalms,107,20,
Psalms,107,21,
Psalms,107,22,
Psalms,107,23,
Psalms,107,24,
Psalms,107,25,
Psalms,107,26,
Psalms,107,27,
Psalms,107,28,
Psalms,107,29,
Psalms,107,30,
Psalms,107,31,
Psalms,107,32,
Psalms,107,33,
Psalms,107,34,
Psalms,107,35,
Psalms,107,36,
Psalms,107,37,
Psalms,107,38,
Psalms,107,39,
Psalms,107,40,
Psalms,107,41,
Psalms,107,42,
Psalms,107,43,
Psalms,108,1,
Psalms,108,2,
Psalms,108,3,
Psalms,108,4,
Psalms,108,5,
Psalms,108,6,
Psalms,108,7,
Psalms,108,8,
Psalms,108,9,
Psalms,108,10,
Psalms,108,11,
Psalms,108,12,
Psalms,108,13,
Psalms,109,1,
Psalms,109,2,
Psalms,109,3,
Psalms,109,4,
Psalms,109,5,
Psalms,109,6,
Psalms,109,7,
Psalms,109,8,
Psalms,109,9,
Psalms,109,10,
Psalms,109,11,
Psalms,109,12,
Psalms,109,13,
Psalms,109,14,
Psalms,109,15,
Psalms,109,16,
Psalms,109,17,
Psalms,109,18,
Psalms,109,19,
Psalms,109,20,
Psalms,109,21,
Psalms,109,22,
Psalms,109,23,
Psalms,109,24,
Psalms,109,25,
Psalms,109,26,
Psalms,109,27,
Psalms,109,28,
Psalms,109,29,
Psalms,109,30,
Psalms,109,31,
Psalms,110,1,
Psalms,110,2,
Psalms,110,3,
Psalms,110,4,
Psalms,110,5,
Psalms,110,6,
Psalms,110,7,
Psalms,111,1,
Psalms,111,2,
Psalms,111,3,
Psalms,111,4,
Psalms,111,5,
Psalms,111,6,
Psalms,111,7,
Psalms,111,8,
Psalms,111,9,
Psalms,111,10,
Psalms,112,1,
Psalms,112,2,
Psalms,112,3,
Psalms,112,4,
Psalms,112,5,
Psalms,112,6,
Psalms,112,7,
Psalms,112,8,
Psalms,112,9,
Psalms,112,10,
Psalms,113,1,
Psalms,113,2,
Psalms,113,3,
Psalms,113,4,
Psalms,113,5,
Psalms,113,6,
Psalms,113,7,
Psalms,113,8,
Psalms,113,9,
Psalms,114,1,
Psalms,114,2,
Psalms,114,3,
Psalms,114,4,
Psalms,114,5,
Psalms,114,6,
Psalms,114,7,
Psalms,114,8,
Psalms,115,1,
Psalms,115,2,
Psalms,115,3,
Psalms,115,4,
Psalms,115,5,
Psalms,115,6,
Psalms,115,7,
Psalms,115,8,
Psalms,115,9,
Psalms,115,10,
Psalms,115,11,
Psalms,115,12,
Psalms,115,13,
Psalms,115,14,
Psalms,115,15,
Psalms,115,16,
Psalms,115,17,
Psalms,115,18,
Psalms,116,1,
Psalms,116,2,
Psalms,116,3,
Psalms,116,4,
Psalms,116,5,
Psalms,116,6,
Psalms,116,7,
Psalms,116,8,
Psalms,116,9,
Psalms,116,10,
Psalms,116,11,
Psalms,116,12,
Psalms,116,13,
Psalms,116,14,
Psalms,116,15,
Psalms,116,16,
Psalms,116,17,
Psalms,116,18,
Psalms,116,19,
Psalms,117,1,
Psalms,117,2,
Psalms,118,1,
Psalms,118,2,
Psalms,118,3,
Psalms,118,4,
Psalms,118,5,
Psalms,118,6,
Psalms,118,7,
Psalms,118,8,
Psalms,118,9,
Psalms,118,10,
Psalms,118,11,
Psalms,118,12,
Psalms,118,13,
Psalms,118,14,
Psalms,118,15,
Psalms,118,16,
Psalms,118,17,
Psalms,118,18,
Psalms,118,19,
Psalms,118,20,
Psalms,118,21,
Psalms,118,22,
Psalms,118,23,
Psalms,118,24,
Psalms,118,25,
Psalms,118,26,
Psalms,118,27,
Psalms,118,28,
Psalms,118,29,
Psalms,119,1,
Psalms,119,2,
Psalms,119,3,
Psalms,119,4,
Psalms,119,5,
Psalms,119,6,
Psalms,119,7,
Psalms,119,8,
Psalms,119,9,
Psalms,119,10,
Psalms,119,11,
Psalms,119,12,
Psalms,119,13,
Psalms,119,14,
Psalms,119,15,
Psalms,119,16,
Psalms,119,17,
Psalms,119,18,
Psalms,119,19,
Psalms,119,20,
Psalms,119,21,
Psalms,119,22,
Psalms,119,23,
Psalms,119,24,
Psalms,119,25,
Psalms,119,26,
Psalms,119,27,
Psalms,119,28,
Psalms,119,29,
Psalms,119,30,
Psalms,119,31,
Psalms,119,32,
Psalms,119,33,
Psalms,119,34,
Psalms,119,35,
Psalms,119,36,
Psalms,119,37,
Psalms,119,38,
Psalms,119,39,
Psalms,119,40,
Psalms,119,41,
Psalms,119,42,
Psalms,119,43,
Psalms,119,44,
Psalms,119,45,
Psalms,119,46,
Psalms,119,47,
Psalms,119,48,
Psalms,119,49,
Psalms,119,50,
Psalms,119,51,
Psalms,119,52,
Psalms,119,53,
Psalms,119,54,
Psalms,119,55,
Psalms,119,56,
Psalms,119,57,
Psalms,119,58,
Psalms,119,59,
Psalms,119,60,
Psalms,119,61,
Psalms,119,62,
Psalms,119,63,
Psalms,119,64,
Psalms,119,65,
Psalms,119,66,
Psalms,119,67,
Psalms,119,68,
Psalms,119,69,
Psalms,119,70,
Psalms,119,71,
Psalms,119,72,
Psalms,119,73,
Psalms,119,74,
Psalms,119,75,
Psalms,119,76,
Psalms,119,77,
Psalms,119,78,
Psalms,119,79,
Psalms,119,80,
Psalms,119,81,
Psalms,119,82,
Psalms,119,83,
Psalms,119,84,
Psalms,119,85,
Psalms,119,86,
Psalms,119,87,
Psalms,119,88,
Psalms,119,89,
Psalms,119,90,
Psalms,119,91,
Psalms,119,92,
Psalms,119,93,
Psalms,119,94,
Psalms,119,95,
Psalms,119,96,
Psalms,119,97,
Psalms,119,98,
Psalms,119,99,
Psalms,119,100,
Psalms,119,101,
Psalms,119,102,
Psalms,119,103,
Psalms,119,104,
Psalms,119,105,
Psalms,119,106,
Psalms,119,107,
Psalms,119,108,
Psalms,119,109,
Psalms,119,110,
Psalms,119,111,
Psalms,119,112,
Psalms,119,113,
Psalms,119,114,
Psalms,119,115,
Psalms,119,116,
Psalms,119,117,
Psalms,119,118,
Psalms,119,119,
Psalms,119,120,
Psalms,119,121,
Psalms,119,122,
Psalms,119,123,
Psalms,119,124,
Psalms,119,125,
Psalms,119,126,
Psalms,119,127,
Psalms,119,128,
Psalms,119,129,
Psalms,119,130,
Psalms,119,131,
Psalms,119,132,
Psalms,119,133,
Psalms,119,134,
Psalms,119,135,
Psalms,119,136,
Psalms,119,137,
Psalms,119,138,
Psalms,119,139,
Psalms,119,140,
Psalms,119,141,
Psalms,119,142,
Psalms,119,143,
Psalms,119,144,
Psalms,119,145,
Psalms,119,146,
Psalms,119,147,
Psalms,119,148,
Psalms,119,149,
Psalms,119,150,
Psalms,119,151,
Psalms,119,152,
Psalms,119,153,
Psalms,119,154,
Psalms,119,155,
Psalms,119,156,
Psalms,119,157,
Psalms,119,158,
Psalms,119,159,
Psalms,119,160,
Psalms,119,161,
Psalms,119,162,
Psalms,119,163,
Psalms,119,164,
Psalms,119,165,
Psalms,119,166,
Psalms,119,167,
Psalms,119,168,
Psalms,119,169,
Psalms,119,170,
Psalms,119,171,
Psalms,119,172,
Psalms,119,173,
Psalms,119,174,
Psalms,119,175,
Psalms,119,176,
Psalms,120,1,
Psalms,120,2,
Psalms,120,3,
Psalms,120,4,
Psalms,120,5,
Psalms,120,6,
Psalms,120,7,
Psalms,121,1,
Psalms,121,2,
Psalms,121,3,
Psalms,121,4,
Psalms,121,5,
Psalms,121,6,
Psalms,121,7,
Psalms,121,8,
Psalms,122,1,
Psalms,122,2,
Psalms,122,3,
Psalms,122,4,
Psalms,122,5,
Psalms,122,6,
Psalms,122,7,
Psalms,122,8,
Psalms,122,9,
Psalms,123,1,
Psalms,123,2,
Psalms,123,3,
Psalms,123,4,
Psalms,124,1,
Psalms,124,2,
Psalms,124,3,
Psalms,124,4,
Psalms,124,5,
Psalms,124,6,
Psalms,124,7,
Psalms,124,8,
Psalms,125,1,
Psalms,125,2,
Psalms,125,3,
Psalms,125,4,
Psalms,125,5,
Psalms,126,1,
Psalms,126,2,
Psalms,126,3,
Psalms,126,4,
Psalms,126,5,
Psalms,126,6,
Psalms,127,1,
Psalms,127,2,
Psalms,127,3,
Psalms,127,4,
Psalms,127,5,
Psalms,128,1,
Psalms,128,2,
Psalms,128,3,
Psalms,128,4,
Psalms,128,5,
Psalms,128,6,
Psalms,129,1,
Psalms,129,2,
Psalms,129,3,
Psalms,129,4,
Psalms,129,5,
Psalms,129,6,
Psalms,129,7,
Psalms,129,8,
Psalms,130,1,
Psalms,130,2,
Psalms,130,3,
Psalms,130,4,
Psalms,130,5,
Psalms,130,6,
Psalms,130,7,
Psalms,130,8,
Psalms,131,1,
Psalms,131,2,
Psalms,131,3,
Psalms,132,1,
Psalms,132,2,
Psalms,132,3,
Psalms,132,4,
Psalms,132,5,
Psalms,132,6,
Psalms,132,7,
Psalms,132,8,
Psalms,132,9,
Psalms,132,10,
Psalms,132,11,
Psalms,132,12,
Psalms,132,13,
Psalms,132,14,
Psalms,132,15,
Psalms,132,16,
Psalms,132,17,
Psalms,132,18,
Psalms,133,1,
Psalms,133,2,
Psalms,133,3,
Psalms,134,1,
Psalms,134,2,
Psalms,134,3,
Psalms,135,1,
Psalms,135,2,
Psalms,135,3,
Psalms,135,4,
Psalms,135,5,
Psalms,135,6,
Psalms,135,7,
Psalms,135,8,
Psalms,135,9,
Psalms,135,10,
Psalms,135,11,
Psalms,135,12,
Psalms,135,13,
Psalms,135,14,
Psalms,135,15,
Psalms,135,16,
Psalms,135,17,
Psalms,135,18,
Psalms,135,19,
Psalms,135,20,
Psalms,135,21,
Psalms,136,1,
Psalms,136,2,
Psalms,136,3,
Psalms,136,4,
Psalms,136,5,
Psalms,136,6,
Psalms,136,7,
Psalms,136,8,
Psalms,136,9,
Psalms,136,10,
Psalms,136,11,
Psalms,136,12,
Psalms,136,13,
Psalms,136,14,
Psalms,136,15,
Psalms,136,16,
Psalms,136,17,
Psalms,136,18,
Psalms,136,19,
Psalms,136,20,
Psalms,136,21,
Psalms,136,22,
Psalms,136,23,
Psalms,136,24,
Psalms,136,25,
Psalms,136,26,
Psalms,137,1,
Psalms,137,2,
Psalms,137,3,
Psalms,137,4,
Psalms,137,5,
Psalms,137,6,
Psalms,137,7,
Psalms,137,8,
Psalms,137,9,
Psalms,138,1,
Psalms,138,2,
Psalms,138,3,
Psalms,138,4,
Psalms,138,5,
Psalms,138,6,
Psalms,138,7,
Psalms,138,8,
Psalms,139,1,
Psalms,139,2,
Psalms,139,3,
Psalms,139,4,
Psalms,139,5,
Psalms,139,6,
Psalms,139,7,
Psalms,139,8,
Psalms,139,9,
Psalms,139,10,
Psalms,139,11,
Psalms,139,12,
Psalms,139,13,
Psalms,139,14,
Psalms,139,15,
Psalms,139,16,
Psalms,139,17,
Psalms,139,18,
Psalms,139,19,
Psalms,139,20,
Psalms,139,21,
Psalms,139,22,
Psalms,139,23,
Psalms,139,24,
Psalms,140,1,
Psalms,140,2,
Psalms,140,3,
Psalms,140,4,
Psalms,140,5,
Psalms,140,6,
Psalms,140,7,
Psalms,140,8,
Psalms,140,9,
Psalms,140,10,
Psalms,140,11,
Psalms,140,12,
Psalms,140,13,
Psalms,141,1,
Psalms,141,2,
Psalms,141,3,
Psalms,141,4,
Psalms,141,5,
Psalms,141,6,
Psalms,141,7,
Psalms,141,8,
Psalms,141,9,
Psalms,141,10,
Psalms,142,1,
Psalms,142,2,
Psalms,142,3,
Psalms,142,4,
Psalms,142,5,
Psalms,142,6,
Psalms,142,7,
Psalms,143,1,
Psalms,143,2,
Psalms,143,3,
Psalms,143,4,
Psalms,143,5,
Psalms,143,6,
Psalms,143,7,
Psalms,143,8,
Psalms,143,9,
Psalms,143,10,
Psalms,143,11,
Psalms,143,12,
Psalms,144,1,
Psalms,144,2,
Psalms,144,3,
Psalms,144,4,
Psalms,144,5,
Psalms,144,6,
Psalms,144,7,
Psalms,144,8,
Psalms,144,9,
Psalms,144,10,
Psalms,144,11,
Psalms,144,12,
Psalms,144,13,
Psalms,144,14,
Psalms,144,15,
Psalms,145,1,
Psalms,145,2,
Psalms,145,3,
Psalms,145,4,
Psalms,145,5,
Psalms,145,6,
Psalms,145,7,
Psalms,145,8,
Psalms,145,9,
Psalms,145,10,
Psalms,145,11,
Psalms,145,12,
Psalms,145,13,
Psalms,145,14,
Psalms,145,15,
Psalms,145,16,
Psalms,145,17,
Psalms,145,18,
Psalms,145,19,
Psalms,145,20,
Psalms,145,21,
Psalms,146,1,
Psalms,146,2,
Psalms,146,3,
Psalms,146,4,
Psalms,146,5,
Psalms,146,6,
Psalms,146,7,
Psalms,146,8,
Psalms,146,9,
Psalms,146,10,
Psalms,147,1,
Psalms,147,2,
Psalms,147,3,
Psalms,147,4,
Psalms,147,5,
Psalms,147,6,
Psalms,147,7,
Psalms,147,8,
Psalms,147,9,
Psalms,147,10,
Psalms,147,11,
Psalms,147,12,
Psalms,147,13,
Psalms,147,14,
Psalms,147,15,
Psalms,147,16,
Psalms,147,17,
Psalms,147,18,
Psalms,147,19,
Psalms,147,20,
Psalms,148,1,
Psalms,148,2,
Psalms,148,3,
Psalms,148,4,
Psalms,148,5,
Psalms,148,6,
Psalms,148,7,
Psalms,148,8,
Psalms,148,9,
Psalms,148,10,
Psalms,148,11,
Psalms,148,12,
Psalms,148,13,
Psalms,148,14,
Psalms,149,1,
Psalms,149,2,
Psalms,149,3,
Psalms,149,4,
Psalms,149,5,
Psalms,149,6,
Psalms,149,7,
Psalms,149,8,
Psalms,149,9,
Psalms,150,1,
Psalms,150,2,
Psalms,150,3,
Psalms,150,4,
Psalms,150,5,
Psalms,150,6,
Proverbs,1,1,
Proverbs,1,2,
Proverbs,1,3,
Proverbs,1,4,
Proverbs,1,5,
Proverbs,1,6,
Proverbs,1,7,
Proverbs,1,8,
Proverbs,1,9,
Proverbs,1,10,
Proverbs,1,11,
Proverbs,1,12,
Proverbs,1,13,
Proverbs,1,14,
Proverbs,1,15,
Proverbs,1,16,
Proverbs,1,17,
Proverbs,1,18,
Proverbs,1,19,
Proverbs,1,20,
Proverbs,1,21,
Proverbs,1,22,
Proverbs,1,23,
Proverbs,1,24,
Proverbs,1,25,
Proverbs,1,26,
Proverbs,1,27,
Proverbs,1,28,
Proverbs,1,29,
Proverbs,1,30,
Proverbs,1,31,
Proverbs,1,32,
Proverbs,1,33,
Proverbs,2,1,
Proverbs,2,2,
Proverbs,2,3,
Proverbs,2,4,
Proverbs,2,5,
Proverbs,2,6,
Proverbs,2,7,
Proverbs,2,8,
Proverbs,2,9,
Proverbs,2,10,
Proverbs,2,11,
Proverbs,2,12,
Proverbs,2,13,
Proverbs,2,14,
Proverbs,2,15,
Proverbs,2,16,
Proverbs,2,17,
Proverbs,2,18,
Proverbs,2,19,
Proverbs,2,20,
Proverbs,2,21,
Proverbs,2,22,
Proverbs,3,1,
Proverbs,3,2,
Proverbs,3,3,
Proverbs,3,4,
Proverbs,3,5,
Proverbs,3,6,
Proverbs,3,7,
Proverbs,3,8,
Proverbs,3,9,
Proverbs,3,10,
Proverbs,3,11,
Proverbs,3,12,
Proverbs,3,13,
Proverbs,3,14,
Proverbs,3,15,
Proverbs,3,16,
Proverbs,3,17,
Proverbs,3,18,
Proverbs,3,19,
Proverbs,3,20,
Proverbs,3,21,
Proverbs,3,22,
Proverbs,3,23,
Proverbs,3,24,
Proverbs,3,25,
Proverbs,3,26,
Proverbs,3,27,
Proverbs,3,28,
Proverbs,3,29,
Proverbs,3,30,
Proverbs,3,31,
Proverbs,3,32,
Proverbs,3,33,
Proverbs,3,34,
Proverbs,3,35,
Proverbs,4,1,
Proverbs,4,2,
Proverbs,4,3,
Proverbs,4,4,
Proverbs,4,5,
Proverbs,4,6,
Proverbs,4,7,
Proverbs,4,8,
Proverbs,4,9,
Proverbs,4,10,
Proverbs,4,11,
Proverbs,4,12,
Proverbs,4,13,
Proverbs,4,14,
Proverbs,4,15,
Proverbs,4,16,
Proverbs,4,17,
Proverbs,4,18,
Proverbs,4,19,
Proverbs,4,20,
Proverbs,4,21,
Proverbs,4,22,
Proverbs,4,23,
Proverbs,4,24,
Proverbs,4,25,
Proverbs,4,26,
Proverbs,4,27,
Proverbs,5,1,
Proverbs,5,2,
Proverbs,5,3,
Proverbs,5,4,
Proverbs,5,5,
Proverbs,5,6,
Proverbs,5,7,
Proverbs,5,8,
Proverbs,5,9,
Proverbs,5,10,
Proverbs,5,11,
Proverbs,5,12,
Proverbs,5,13,
Proverbs,5,14,
Proverbs,5,15,
Proverbs,5,16,
Proverbs,5,17,
Proverbs,5,18,
Proverbs,5,19,
Proverbs,5,20,
Proverbs,5,21,
Proverbs,5,22,
Proverbs,5,23,
Proverbs,6,1,
Proverbs,6,2,
Proverbs,6,3,
Proverbs,6,4,
Proverbs,6,5,
Proverbs,6,6,
Proverbs,6,7,
Proverbs,6,8,
Proverbs,6,9,
Proverbs,6,10,
Proverbs,6,11,
Proverbs,6,12,
Proverbs,6,13,
Proverbs,6,14,
Proverbs,6,15,
Proverbs,6,16,
Proverbs,6,17,
Proverbs,6,18,
Proverbs,6,19,
Proverbs,6,20,
Proverbs,6,21,
Proverbs,6,22,
Proverbs,6,23,
Proverbs,6,24,
Proverbs,6,25,
Proverbs,6,26,
Proverbs,6,27,
Proverbs,6,28,
Proverbs,6,29,
Proverbs,6,30,
Proverbs,6,31,
Proverbs,6,32,
Proverbs,6,33,
Proverbs,6,34,
Proverbs,6,35,
Proverbs,7,1,
Proverbs,7,2,
Proverbs,7,3,
Proverbs,7,4,
Proverbs,7,5,
Proverbs,7,6,
Proverbs,7,7,
Proverbs,7,8,
Proverbs,7,9,
Proverbs,7,10,
Proverbs,7,11,
Proverbs,7,12,
Proverbs,7,13,
Proverbs,7,14,
Proverbs,7,15,
Proverbs,7,16,
Proverbs,7,17,
Proverbs,7,18,
Proverbs,7,19,
Proverbs,7,20,
Proverbs,7,21,
Proverbs,7,22,
Proverbs,7,23,
Proverbs,7,24,
Proverbs,7,25,
Proverbs,7,26,
Proverbs,7,27,
Proverbs,8,1,
Proverbs,8,2,
Proverbs,8,3,
Proverbs,8,4,
Proverbs,8,5,
Proverbs,8,6,
Proverbs,8,7,
Proverbs,8,8,
Proverbs,8,9,
Proverbs,8,10,
Proverbs,8,11,
Proverbs,8,12,
Proverbs,8,13,
Proverbs,8,14,
Proverbs,8,15,
Proverbs,8,16,
Proverbs,8,17,
Proverbs,8,18,
Proverbs,8,19,
Proverbs,8,20,
Proverbs,8,21,
Proverbs,8,22,
Proverbs,8,23,
Proverbs,8,24,
Proverbs,8,25,
Proverbs,8,26,
Proverbs,8,27,
Proverbs,8,28,
Proverbs,8,29,
Proverbs,8,30,
Proverbs,8,31,
Proverbs,8,32,
Proverbs,8,33,
Proverbs,8,34,
Proverbs,8,35,
Proverbs,8,36,
Proverbs,9,1,
Proverbs,9,2,
Proverbs,9,3,
Proverbs,9,4,
Proverbs,9,5,
Proverbs,9,6,
Proverbs,9,7,
Proverbs,9,8,
Proverbs,9,9,
Proverbs,9,10,
Proverbs,9,11,
Proverbs,9,12,
Proverbs,9,13,
Proverbs,9,14,
Proverbs,9,15,
Proverbs,9,16,
Proverbs,9,17,
Proverbs,9,18,
Proverbs,10,1,
Proverbs,10,2,
Proverbs,10,3,
Proverbs,10,4,
Proverbs,10,5,
Proverbs,10,6,
Proverbs,10,7,
Proverbs,10,8,
Proverbs,10,9,
Proverbs,10,10,
Proverbs,10,11,
Proverbs,10,12,
Proverbs,10,13,
Proverbs,10,14,
Proverbs,10,15,
Proverbs,10,16,
Proverbs,10,17,
Proverbs,10,18,
Proverbs,10,19,
Proverbs,10,20,
Proverbs,10,21,
Proverbs,10,22,
Proverbs,10,23,
Proverbs,10,24,
Proverbs,10,25,
Proverbs,10,26,
Proverbs,10,27,
Proverbs,10,28,
Proverbs,10,29,
Proverbs,10,30,
Proverbs,10,31,
Proverbs,10,32,
Proverbs,11,1,
Proverbs,11,2,
Proverbs,11,3,
Proverbs,11,4,
Proverbs,11,5,
Proverbs,11,6,
Proverbs,11,7,
Proverbs,11,8,
Proverbs,11,9,
Proverbs,11,10,
Proverbs,11,11,
Proverbs,11,12,
Proverbs,11,13,
Proverbs,11,14,
Proverbs,11,15,
Proverbs,11,16,
Proverbs,11,17,
Proverbs,11,18,
Proverbs,11,19,
Proverbs,11,20,
Proverbs,11,21,
Proverbs,11,22,
Proverbs,11,23,
Proverbs,11,24,
Proverbs,11,25,
Proverbs,11,26,
Proverbs,11,27,
Proverbs,11,28,
Proverbs,11,29,
Proverbs,11,30,
Proverbs,11,31,
Proverbs,12,1,
Proverbs,12,2,
Proverbs,12,3,
Proverbs,12,4,
Proverbs,12,5,
Proverbs,12,6,
Proverbs,12,7,
Proverbs,12,8,
Proverbs,12,9,
Proverbs,12,10,
Proverbs,12,11,
Proverbs,12,12,
Proverbs,12,13,
Proverbs,12,14,
Proverbs,12,15,
Proverbs,12,16,
Proverbs,12,17,
Proverbs,12,18,
Proverbs,12,19,
Proverbs,12,20,
Proverbs,12,21,
Proverbs,12,22,
Proverbs,12,23,
Proverbs,12,24,
Proverbs,12,25,
Proverbs,12,26,
Proverbs,12,27,
Proverbs,12,28,
Proverbs,13,1,
Proverbs,13,2,
Proverbs,13,3,
Proverbs,13,4,
Proverbs,13,5,
Proverbs,13,6,
Proverbs,13,7,
Proverbs,13,8,
Proverbs,13,9,
Proverbs,13,10,
Proverbs,13,11,
Proverbs,13,12,
Proverbs,13,13,
Proverbs,13,14,
Proverbs,13,15,
Proverbs,13,16,
Proverbs,13,17,
Proverbs,13,18,
Proverbs,13,19,
Proverbs,13,20,
Proverbs,13,21,
Proverbs,13,22,
Proverbs,13,23,
Proverbs,13,24,
Proverbs,13,25,
Proverbs,14,1,
Proverbs,14,2,
Proverbs,14,3,
Proverbs,14,4,
Proverbs,14,5,
Proverbs,14,6,
Proverbs,14,7,
Proverbs,14,8,
Proverbs,14,9,
Proverbs,14,10,
Proverbs,14,11,
Proverbs,14,12,
Proverbs,14,13,
Proverbs,14,14,
Proverbs,14,15,
Proverbs,14,16,
Proverbs,14,17,
Proverbs,14,18,
Proverbs,14,19,
Proverbs,14,20,
Proverbs,14,21,
Proverbs,14,22,
Proverbs,14,23,
Proverbs,14,24,
Proverbs,14,25,
Proverbs,14,26,
Proverbs,14,27,
Proverbs,14,28,
Proverbs,14,29,
Proverbs,14,30,
Proverbs,14,31,
Proverbs,14,32,
Proverbs,14,33,
Proverbs,14,34,
Proverbs,14,35,
Proverbs,15,1,
Proverbs,15,2,
Proverbs,15,3,
Proverbs,15,4,
Proverbs,15,5,
Proverbs,15,6,
Proverbs,15,7,
Proverbs,15,8,
Proverbs,15,9,
Proverbs,15,10,
Proverbs,15,11,
Proverbs,15,12,
Proverbs,15,13,
Proverbs,15,14,
Proverbs,15,15,
Proverbs,15,16,
Proverbs,15,17,
Proverbs,15,18,
Proverbs,15,19,
Proverbs,15,20,
Proverbs,15,21,
Proverbs,15,22,
Proverbs,15,23,
Proverbs,15,24,
Proverbs,15,25,
Proverbs,15,26,
Proverbs,15,27,
Proverbs,15,28,
Proverbs,15,29,
Proverbs,15,30,
Proverbs,15,31,
Proverbs,15,32,
Proverbs,15,33,
Proverbs,16,1,
Proverbs,16,2,
Proverbs,16,3,
Proverbs,16,4,
Proverbs,16,5,
Proverbs,16,6,
Proverbs,16,7,
Proverbs,16,8,
Proverbs,16,9,
Proverbs,16,10,
Proverbs,16,11,
Proverbs,16,12,
Proverbs,16,13,
Proverbs,16,14,
Proverbs,16,15,
Proverbs,16,16,
Proverbs,16,17,
Proverbs,16,18,
Proverbs,16,19,
Proverbs,16,20,
Proverbs,16,21,
Proverbs,16,22,
Proverbs,16,23,
Proverbs,16,24,
Proverbs,16,25,
Proverbs,16,26,
Proverbs,16,27,
Proverbs,16,28,
Proverbs,16,29,
Proverbs,16,30,
Proverbs,16,31,
Proverbs,16,32,
Proverbs,16,33,
Proverbs,17,1,
Proverbs,17,2,
Proverbs,17,3,
Proverbs,17,4,
Proverbs,17,5,
Proverbs,17,6,
Proverbs,17,7,
Proverbs,17,8,
Proverbs,17,9,
Proverbs,17,10,
Proverbs,17,11,
Proverbs,17,12,
Proverbs,17,13,
Proverbs,17,14,
Proverbs,17,15,
Proverbs,17,16,
Proverbs,17,17,
Proverbs,17,18,
Proverbs,17,19,
Proverbs,17,20,
Proverbs,17,21,
Proverbs,17,22,
Proverbs,17,23,
Proverbs,17,24,
Proverbs,17,25,
Proverbs,17,26,
Proverbs,17,27,
Proverbs,17,28,
Proverbs,18,1,
Proverbs,18,2,
Proverbs,18,3,
Proverbs,18,4,
Proverbs,18,5,
Proverbs,18,6,
Proverbs,18,7,
Proverbs,18,8,
Proverbs,18,9,
Proverbs,18,10,
Proverbs,18,11,
Proverbs,18,12,
Proverbs,18,13,
Proverbs,18,14,
Proverbs,18,15,
Proverbs,18,16,
Proverbs,18,17,
Proverbs,18,18,
Proverbs,18,19,
Proverbs,18,20,
Proverbs,18,21,
Proverbs,18,22,
Proverbs,18,23,
Proverbs,18,24,
Proverbs,19,1,
Proverbs,19,2,
Proverbs,19,3,
Proverbs,19,4,
Proverbs,19,5,
Proverbs,19,6,
Proverbs,19,7,
Proverbs,19,8,
Proverbs,19,9,
Proverbs,19,10,
Proverbs,19,11,
Proverbs,19,12,
Proverbs,19,13,
Proverbs,19,14,
Proverbs,19,15,
Proverbs,19,16,
Proverbs,19,17,
Proverbs,19,18,
Proverbs,19,19,
Proverbs,19,20,
Proverbs,19,21,
Proverbs,19,22,
Proverbs,19,23,
Proverbs,19,24,
Proverbs,19,25,
Proverbs,19,26,
Proverbs,19,27,
Proverbs,19,28,
Proverbs,19,29,
Proverbs,20,1,
Proverbs,20,2,
Proverbs,20,3,
Proverbs,20,4,
Proverbs,20,5,
Proverbs,20,6,
Proverbs,20,7,
Proverbs,20,8,
Proverbs,20,9,
Proverbs,20,10,
Proverbs,20,11,
Proverbs,20,12,
Proverbs,20,13,
Proverbs,20,14,
Proverbs,20,15,
Proverbs,20,16,
Proverbs,20,17,
Proverbs,20,18,
Proverbs,20,19,
Proverbs,20,20,
Proverbs,20,21,
Proverbs,20,22,
Proverbs,20,23,
Proverbs,20,24,
Proverbs,20,25,
Proverbs,20,26,
Proverbs,20,27,
Proverbs,20,28,
Proverbs,20,29,
Proverbs,20,30,
Proverbs,21,1,
Proverbs,21,2,
Proverbs,21,3,
Proverbs,21,4,
Proverbs,21,5,
Proverbs,21,6,
Proverbs,21,7,
Proverbs,21,8,
Proverbs,21,9,
Proverbs,21,10,
Proverbs,21,11,
Proverbs,21,12,
Proverbs,21,13,
Proverbs,21,14,
Proverbs,21,15,
Proverbs,21,16,
Proverbs,21,17,
Proverbs,21,18,
Proverbs,21,19,
Proverbs,21,20,
Proverbs,21,21,
Proverbs,21,22,
Proverbs,21,23,
Proverbs,21,24,
Proverbs,21,25,
Proverbs,21,26,
Proverbs,21,27,
Proverbs,21,28,
Proverbs,21,29,
Proverbs,21,30,
Proverbs,21,31,
Proverbs,22,1,
Proverbs,22,2,
Proverbs,22,3,
Proverbs,22,4,
Proverbs,22,5,
Proverbs,22,6,
Proverbs,22,7,
Proverbs,22,8,
Proverbs,22,9,
Proverbs,22,10,
Proverbs,22,11,
Proverbs,22,12,
Proverbs,22,13,
Proverbs,22,14,
Proverbs,22,15,
Proverbs,22,16,
Proverbs,22,17,
Proverbs,22,18,
Proverbs,22,19,
Proverbs,22,20,
Proverbs,22,21,
Proverbs,22,22,
Proverbs,22,23,
Proverbs,22,24,
Proverbs,22,25,
Proverbs,22,26,
Proverbs,22,27,
Proverbs,22,28,
Proverbs,22,29,
Proverbs,23,1,
Proverbs,23,2,
Proverbs,23,3,
Proverbs,23,4,
Proverbs,23,5,
Proverbs,23,6,
Proverbs,23,7,
Proverbs,23,8,
Proverbs,23,9,
Proverbs,23,10,
Proverbs,23,11,
Proverbs,23,12,
Proverbs,23,13,
Proverbs,23,14,
Proverbs,23,15,
Proverbs,23,16,
Proverbs,23,17,
Proverbs,23,18,
Proverbs,23,19,
Proverbs,23,20,
Proverbs,23,21,
Proverbs,23,22,
Proverbs,23,23,
Proverbs,23,24,
Proverbs,23,25,
Proverbs,23,26,
Proverbs,23,27,
Proverbs,23,28,
Proverbs,23,29,
Proverbs,23,30,
Proverbs,23,31,
Proverbs,23,32,
Proverbs,23,33,
Proverbs,23,34,
Proverbs,23,35,
Proverbs,24,1,
Proverbs,24,2,
Proverbs,24,3,
Proverbs,24,4,
Proverbs,24,5,
Proverbs,24,6,
Proverbs,24,7,
Proverbs,24,8,
Proverbs,24,9,
Proverbs,24,10,
Proverbs,24,11,
Proverbs,24,12,
Proverbs,24,13,
Proverbs,24,14,
Proverbs,24,15,
Proverbs,24,16,
Proverbs,24,17,
Proverbs,24,18,
Proverbs,24,19,
Proverbs,24,20,
Proverbs,24,21,
Proverbs,24,22,
Proverbs,24,23,
Proverbs,24,24,
Proverbs,24,25,
Proverbs,24,26,
Proverbs,24,27,
Proverbs,24,28,
Proverbs,24,29,
Proverbs,24,30,
Proverbs,24,31,
Proverbs,24,32,
Proverbs,24,33,
Proverbs,24,34,
Proverbs,25,1,
Proverbs,25,2,
Proverbs,25,3,
Proverbs,25,4,
Proverbs,25,5,
Proverbs,25,6,
Proverbs,25,7,
Proverbs,25,8,
Proverbs,25,9,
Proverbs,25,10,
Proverbs,25,11,
Proverbs,25,12,
Proverbs,25,13,
Proverbs,25,14,
Proverbs,25,15,
Proverbs,25,16,
Proverbs,25,17,
Proverbs,25,18,
Proverbs,25,19,
Proverbs,25,20,
Proverbs,25,21,
Proverbs,25,22,
Proverbs,25,23,
Proverbs,25,24,
Proverbs,25,25,
Proverbs,25,26,
Proverbs,25,27,
Proverbs,25,28,
Proverbs,26,1,
Proverbs,26,2,
Proverbs,26,3,
Proverbs,26,4,
Proverbs,26,5,
Proverbs,26,6,
Proverbs,26,7,
Proverbs,26,8,
Proverbs,26,9,
Proverbs,26,10,
Proverbs,26,11,
Proverbs,26,12,
Proverbs,26,13,
Proverbs,26,14,
Proverbs,26,15,
Proverbs,26,16,
Proverbs,26,17,
Proverbs,26,18,
Proverbs,26,19,
Proverbs,26,20,
Proverbs,26,21,
Proverbs,26,22,
Proverbs,26,23,
Proverbs,26,24,
Proverbs,26,25,
Proverbs,26,26,
Proverbs,26,27,
Proverbs,26,28,
Proverbs,27,1,
Proverbs,27,2,
Proverbs,27,3,
Proverbs,27,4,
Proverbs,27,5,
Proverbs,27,6,
Proverbs,27,7,
Proverbs,27,8,
Proverbs,27,9,
Proverbs,27,10,
Proverbs,27,11,
Proverbs,27,12,
Proverbs,27,13,
Proverbs,27,14,
Proverbs,27,15,
Proverbs,27,16,
Proverbs,27,17,
Proverbs,27,18,
Proverbs,27,19,
Proverbs,27,20,
Proverbs,27,21,
Proverbs,27,22,
Proverbs,27,23,
Proverbs,27,24,
Proverbs,27,25,
Proverbs,27,26,
Proverbs,27,27,
Proverbs,28,1,
Proverbs,28,2,
Proverbs,28,3,
Proverbs,28,4,
Proverbs,28,5,
Proverbs,28,6,
Proverbs,28,7,
Proverbs,28,8,
Proverbs,28,9,
Proverbs,28,10,
Proverbs,28,11,
Proverbs,28,12,
Proverbs,28,13,
Proverbs,28,14,
Proverbs,28,15,
Proverbs,28,16,
Proverbs,28,17,
Proverbs,28,18,
Proverbs,28,19,
Proverbs,28,20,
Proverbs,28,21,
Proverbs,28,22,
Proverbs,28,23,
Proverbs,28,24,
Proverbs,28,25,
Proverbs,28,26,
Proverbs,28,27,
Proverbs,28,28,
Proverbs,29,1,
Proverbs,29,2,
Proverbs,29,3,
Proverbs,29,4,
Proverbs,29,5,
Proverbs,29,6,
Proverbs,29,7,
Proverbs,29,8,
Proverbs,29,9,
Proverbs,29,10,
Proverbs,29,11,
Proverbs,29,12,
Proverbs,29,13,
Proverbs,29,14,
Proverbs,29,15,
Proverbs,29,16,
Proverbs,29,17,
Proverbs,29,18,
Proverbs,29,19,
Proverbs,29,20,
Proverbs,29,21,
Proverbs,29,22,
Proverbs,29,23,
Proverbs,29,24,
Proverbs,29,25,
Proverbs,29,26,
Proverbs,29,27,
Proverbs,30,1,
Proverbs,30,2,
Proverbs,30,3,
Proverbs,30,4,
Proverbs,30,5,
Proverbs,30,6,
Proverbs,30,7,
Proverbs,30,8,
Proverbs,30,9,
Proverbs,30,10,
Proverbs,30,11,
Proverbs,30,12,
Proverbs,30,13,
Proverbs,30,14,
Proverbs,30,15,
Proverbs,30,16,
Proverbs,30,17,
Proverbs,30,18,
Proverbs,30,19,
Proverbs,30,20,
Proverbs,30,21,
Proverbs,30,22,
Proverbs,30,23,
Proverbs,30,24,
Proverbs,30,25,
Proverbs,30,26,
Proverbs,30,27,
Proverbs,30,28,
Proverbs,30,29,
Proverbs,30,30,
Proverbs,30,31,
Proverbs,30,32,
Proverbs,30,33,
Proverbs,31,1,
Proverbs,31,2,
Proverbs,31,3,
Proverbs,31,4,
Proverbs,31,5,
Proverbs,31,6,
Proverbs,31,7,
Proverbs,31,8,
Proverbs,31,9,
Proverbs,31,10,
Proverbs,31,11,
Proverbs,31,12,
Proverbs,31,13,
Proverbs,31,14,
Proverbs,31,15,
Proverbs,31,16,
Proverbs,31,17,
Proverbs,31,18,
Proverbs,31,19,
Proverbs,31,20,
Proverbs,31,21,
Proverbs,31,22,
Proverbs,31,23,
Proverbs,31,24,
Proverbs,31,25,
Proverbs,31,26,
Proverbs,31,27,
Proverbs,31,28,
Proverbs,31,29,
Proverbs,31,30,
Proverbs,31,31,
Ecclesiastes,1,1,
Ecclesiastes,1,2,
Ecclesiastes,1,3,
Ecclesiastes,1,4,
Ecclesiastes,1,5,
Ecclesiastes,1,6,
Ecclesiastes,1,7,
Ecclesiastes,1,8,
Ecclesiastes,1,9,
Ecclesiastes,1,10,
Ecclesiastes,1,11,
Ecclesiastes,1,12,
Ecclesiastes,1,13,
Ecclesiastes,1,14,
Ecclesiastes,1,15,
Ecclesiastes,1,16,
Ecclesiastes,1,17,
Ecclesiastes,1,18,
Ecclesiastes,2,1,
Ecclesiastes,2,2,
Ecclesiastes,2,3,
Ecclesiastes,2,4,
Ecclesiastes,2,5,
Ecclesiastes,2,6,
Ecclesiastes,2,7,
Ecclesiastes,2,8,
Ecclesiastes,2,9,
Ecclesiastes,2,10,
Ecclesiastes,2,11,
Ecclesiastes,2,12,
Ecclesiastes,2,13,
Ecclesiastes,2,14,
Ecclesiastes,2,15,
Ecclesiastes,2,16,
Ecclesiastes,2,17,
Ecclesiastes,2,18,
Ecclesiastes,2,19,
Ecclesiastes,2,20,
Ecclesiastes,2,21,
Ecclesiastes,2,22,
Ecclesiastes,2,23,
Ecclesiastes,2,24,
Ecclesiastes,2,25,
Ecclesiastes,2,26,
Ecclesiastes,3,1,
Ecclesiastes,3,2,
Ecclesiastes,3,3,
Ecclesiastes,3,4,
Ecclesiastes,3,5,
Ecclesiastes,3,6,
Ecclesiastes,3,7,
Ecclesiastes,3,8,
Ecclesiastes,3,9,
Ecclesiastes,3,10,
Ecclesiastes,3,11,
Ecclesiastes,3,12,
Ecclesiastes,3,13,
Ecclesiastes,3,14,
Ecclesiastes,3,15,
Ecclesiastes,3,16,
Ecclesiastes,3,17,
Ecclesiastes,3,18,
Ecclesiastes,3,19,
Ecclesiastes,3,20,
Ecclesiastes,3,21,
Ecclesiastes,3,22,
Ecclesiastes,4,1,
Ecclesiastes,4,2,
Ecclesiastes,4,3,
Ecclesiastes,4,4,
Ecclesiastes,4,5,
Ecclesiastes,4,6,
Ecclesiastes,4,7,
Ecclesiastes,4,8,
Ecclesiastes,4,9,
Ecclesiastes,4,10,
Ecclesiastes,4,11,
Ecclesiastes,4,12,
Ecclesiastes,4,13,
Ecclesiastes,4,14,
Ecclesiastes,4,15,
Ecclesiastes,4,16,
Ecclesiastes,5,1,
Ecclesiastes,5,2,
Ecclesiastes,5,3,
Ecclesiastes,5,4,
Ecclesiastes,5,5,
Ecclesiastes,5,6,
Ecclesiastes,5,7,
Ecclesiastes,5,8,
Ecclesiastes,5,9,
Ecclesiastes,5,10,
Ecclesiastes,5,11,
Ecclesiastes,5,12,
Ecclesiastes,5,13,
Ecclesiastes,5,14,
Ecclesiastes,5,15,
Ecclesiastes,5,16,
Ecclesiastes,5,17,
Ecclesiastes,5,18,
Ecclesiastes,5,19,
Ecclesiastes,5,20,
Ecclesiastes,6,1,
Ecclesiastes,6,2,
Ecclesiastes,6,3,
Ecclesiastes,6,4,
Ecclesiastes,6,5,
Ecclesiastes,6,6,
Ecclesiastes,6,7,
Ecclesiastes,6,8,
Ecclesiastes,6,9,
Ecclesiastes,6,10,
Ecclesiastes,6,11,
Ecclesiastes,6,12,
Ecclesiastes,7,1,
Ecclesiastes,7,2,
Ecclesiastes,7,3,
Ecclesiastes,7,4,
Ecclesiastes,7,5,
Ecclesiastes,7,6,
Ecclesiastes,7,7,
Ecclesiastes,7,8,
Ecclesiastes,7,9,
Ecclesiastes,7,10,
Ecclesiastes,7,11,
Ecclesiastes,7,12,
Ecclesiastes,7,13,
Ecclesiastes,7,14,
Ecclesiastes,7,15,
Ecclesiastes,7,16,
Ecclesiastes,7,17,
Ecclesiastes,7,18,
Ecclesiastes,7,19,
Ecclesiastes,7,20,
Ecclesiastes,7,21,
Ecclesiastes,7,22,
Ecclesiastes,7,23,
Ecclesiastes,7,24,
Ecclesiastes,7,25,
Ecclesiastes,7,26,
Ecclesiastes,7,27,
Ecclesiastes,7,28,
Ecclesiastes,7,29,
Ecclesiastes,8,1,
Ecclesiastes,8,2,
Ecclesiastes,8,3,
Ecclesiastes,8,4,
Ecclesiastes,8,5,
Ecclesiastes,8,6,
Ecclesiastes,8,7,
Ecclesiastes,8,8,
Ecclesiastes,8,9,
Ecclesiastes,8,10,
Ecclesiastes,8,11,
Ecclesiastes,8,12,
Ecclesiastes,8,13,
Ecclesiastes,8,14,
Ecclesiastes,8,15,
Ecclesiastes,8,16,
Ecclesiastes,8,17,
Ecclesiastes,9,1,
Ecclesiastes,9,2,
Ecclesiastes,9,3,
Ecclesiastes,9,4,
Ecclesiastes,9,5,
Ecclesiastes,9,6,
Ecclesiastes,9,7,
Ecclesiastes,9,8,
Ecclesiastes,9,9,
Ecclesiastes,9,10,
Ecclesiastes,9,11,
Ecclesiastes,9,12,
Ecclesiastes,9,13,
Ecclesiastes,9,14,
Ecclesiastes,9,15,
Ecclesiastes,9,16,
Ecclesiastes,9,17,
Ecclesiastes,9,18,
Ecclesiastes,10,1,
Ecclesiastes,10,2,
Ecclesiastes,10,3,
Ecclesiastes,10,4,
Ecclesiastes,10,5,
Ecclesiastes,10,6,
Ecclesiastes,10,7,
Ecclesiastes,10,8,
Ecclesiastes,10,9,
Ecclesiastes,10,10,
Ecclesiastes,10,11,
Ecclesiastes,10,12,
Ecclesiastes,10,13,
Ecclesiastes,10,14,
Ecclesiastes,10,15,
Ecclesiastes,10,16,
Ecclesiastes,10,17,
Ecclesiastes,10,18,
Ecclesiastes,10,19,
Ecclesiastes,10,20,
Ecclesiastes,11,1,
Ecclesiastes,11,2,
Ecclesiastes,11,3,
Ecclesiastes,11,4,
Ecclesiastes,11,5,
Ecclesiastes,11,6,
Ecclesiastes,11,7,
Ecclesiastes,11,8,
Ecclesiastes,11,9,
Ecclesiastes,11,10,
Ecclesiastes,12,1,
Ecclesiastes,12,2,
Ecclesiastes,12,3,
Ecclesiastes,12,4,
Ecclesiastes,12,5,
Ecclesiastes,12,6,
Ecclesiastes,12,7,
Ecclesiastes,12,8,
Ecclesiastes,12,9,
Ecclesiastes,12,10,
Ecclesiastes,12,11,
Ecclesiastes,12,12,
Ecclesiastes,12,13,
Ecclesiastes,12,14,
Song of Solomon,1,1,
Song of Solomon,1,2,
Song of Solomon,1,3,
Song of Solomon,1,4,
Song of Solomon,1,5,
Song of Solomon,1,6,
Song of Solomon,1,7,
Song of Solomon,1,8,
Song of Solomon,1,9,
Song of Solomon,1,10,
Song of Solomon,1,11,
Song of Solomon,1,12,
Song of Solomon,1,13,
Song of Solomon,1,14,
Song of Solomon,1,15,
Song of Solomon,1,16,
Song of Solomon,1,17,
Song of Solomon,2,1,
Song of Solomon,2,2,
Song of Solomon,2,3,
Song of Solomon,2,4,
Song of Solomon,2,5,
Song of Solomon,2,6,
Song of Solomon,2,7,
Song of Solomon,2,8,
Song of Solomon,2,9,
Song of Solomon,2,10,
Song of Solomon,2,11,
Song of Solomon,2,12,
Song of Solomon,2,13,
Song of Solomon,2,14,
Song of Solomon,2,15,
Song of Solomon,2,16,
Song of Solomon,2,17,
Song of Solomon,3,1,
Song of Solomon,3,2,
Song of Solomon,3,3,
Song of Solomon,3,4,
Song of Solomon,3,5,
Song of Solomon,3,6,
Song of Solomon,3,7,
Song of Solomon,3,8,
Song of Solomon,3,9,
Song of Solomon,3,10,
Song of Solomon,3,11,
Song of Solomon,4,1,
Song of Solomon,4,2,
Song of Solomon,4,3,
Song of Solomon,4,4,
Song of Solomon,4,5,
Song of Solomon,4,6,
Song of Solomon,4,7,
Song of Solomon,4,8,
Song of Solomon,4,9,
Song of Solomon,4,10,
Song of Solomon,4,11,
Song of Solomon,4,12,
Song of Solomon,4,13,
Song of Solomon,4,14,
Song of Solomon,4,15,
Song of Solomon,4,16,
Song of Solomon,5,1,
Song of Solomon,5,2,
Song of Solomon,5,3,
Song of Solomon,5,4,
Song of Solomon,5,5,
Song of Solomon,5,6,
Song of Solomon,5,7,
Song of Solomon,5,8,
Song of Solomon,5,9,
Song of Solomon,5,10,
Song of Solomon,5,11,
Song of Solomon,5,12,
Song of Solomon,5,13,
Song of Solomon,5,14,
Song of Solomon,5,15,
Song of Solomon,5,16,
Song of Solomon,6,1,
Song of Solomon,6,2,
Song of Solomon,6,3,
Song of Solomon,6,4,
Song of Solomon,6,5,
Song of Solomon,6,6,
Song of Solomon,6,7,
Song of Solomon,6,8,
Song of Solomon,6,9,
Song of Solomon,6,10,
Song of Solomon,6,11,
Song of Solomon,6,12,
Song of Solomon,6,13,
Song of Solomon,7,1,
Song of Solomon,7,2,
Song of Solomon,7,3,
Song of Solomon,7,4,
Song of Solomon,7,5,
Song of Solomon,7,6,
Song of Solomon,7,7,
Song of Solomon,7,8,
Song of Solomon,7,9,
Song of Solomon,7,10,
Song of Solomon,7,11,
Song of Solomon,7,12,
Song of Solomon,7,13,
Song of Solomon,8,1,
Song of Solomon,8,2,
Song of Solomon,8,3,
Song of Solomon,8,4,
Song of Solomon,8,5,
Song of Solomon,8,6,
Song of Solomon,8,7,
Song of Solomon,8,8,
Song of Solomon,8,9,
Song of Solomon,8,10,
Song of Solomon,8,11,
Song of Solomon,8,12,
Song of Solomon,8,13,
Song of Solomon,8,14,
Isaiah,1,1,
Isaiah,1,2,
Isaiah,1,3,
Isaiah,1,4,
Isaiah,1,5,
Isaiah,1,6,
Isaiah,1,7,
Isaiah,1,8,
Isaiah,1,9,
Isaiah,1,10,
Isaiah,1,11,
Isaiah,1,12,
Isaiah,1,13,
Isaiah,1,14,
Isaiah,1,15,
Isaiah,1,16,
Isaiah,1,17,
Isaiah,1,18,
Isaiah,1,19,
Isaiah,1,20,
Isaiah,1,21,
Isaiah,1,22,
Isaiah,1,23,
Isaiah,1,24,
Isaiah,1,25,
Isaiah,1,26,
Isaiah,1,27,
Isaiah,1,28,
Isaiah,1,29,
Isaiah,1,30,
Isaiah,1,31,
Isaiah,2,1,
Isaiah,2,2,
Isaiah,2,3,
Isaiah,2,4,
Isaiah,2,5,
Isaiah,2,6,
Isaiah,2,7,
Isaiah,2,8,
Isaiah,2,9,
Isaiah,2,10,
Isaiah,2,11,
Isaiah,2,12,
Isaiah,2,13,
Isaiah,2,14,
Isaiah,2,15,
Isaiah,2,16,
Isaiah,2,17,
Isaiah,2,18,
Isaiah,2,19,
Isaiah,2,20,
Isaiah,2,21,
Isaiah,2,22,
Isaiah,3,1,
Isaiah,3,2,
Isaiah,3,3,
Isaiah,3,4,
Isaiah,3,5,
Isaiah,3,6,
Isaiah,3,7,
Isaiah,3,8,
Isaiah,3,9,
Isaiah,3,10,
Isaiah,3,11,
Isaiah,3,12,
Isaiah,3,13,
Isaiah,3,14,
Isaiah,3,15,
Isaiah,3,16,
Isaiah,3,17,
Isaiah,3,18,
Isaiah,3,19,
Isaiah,3,20,
Isaiah,3,21,
Isaiah,3,22,
Isaiah,3,23,
Isaiah,3,24,
Isaiah,3,25,
Isaiah,3,26,
Isaiah,4,1,
Isaiah,4,2,
Isaiah,4,3,
Isaiah,4,4,
Isaiah,4,5,
Isaiah,4,6,
Isaiah,5,1,
Isaiah,5,2,
Isaiah,5,3,
Isaiah,5,4,
Isaiah,5,5,
Isaiah,5,6,
Isaiah,5,7,
Isaiah,5,8,
Isaiah,5,9,
Isaiah,5,10,
Isaiah,5,11,
Isaiah,5,12,
Isaiah,5,13,
Isaiah,5,14,
Isaiah,5,15,
Isaiah,5,16,
Isaiah,5,17,
Isaiah,5,18,
Isaiah,5,19,
Isaiah,5,20,
Isaiah,5,21,
Isaiah,5,22,
Isaiah,5,23,
Isaiah,5,24,
Isaiah,5,25,
Isaiah,5,26,
Isaiah,5,27,
Isaiah,5,28,
Isaiah,5,29,
Isaiah,5,30,
Isaiah,6,1,
Isaiah,6,2,
Isaiah,6,3,
Isaiah,6,4,
Isaiah,6,5,
Isaiah,6,6,
Isaiah,6,7,
Isaiah,6,8,
Isaiah,6,9,
Isaiah,6,10,
Isaiah,6,11,
Isaiah,6,12,
Isaiah,6,13,
Isaiah,7,1,
Isaiah,7,2,
Isaiah,7,3,
Isaiah,7,4,
Isaiah,7,5,
Isaiah,7,6,
Isaiah,7,7,
Isaiah,7,8,
Isaiah,7,9,
Isaiah,7,10,
Isaiah,7,11,
Isaiah,7,12,
Isaiah,7,13,
Isaiah,7,14,
Isaiah,7,15,
Isaiah,7,16,
Isaiah,7,17,
Isaiah,7,18,
Isaiah,7,19,
Isaiah,7,20,
Isaiah,7,21,
Isaiah,7,22,
Isaiah,7,23,
Isaiah,7,24,
Isaiah,7,25,
Isaiah,8,1,
Isaiah,8,2,
Isaiah,8,3,
Isaiah,8,4,
Isaiah,8,5,
Isaiah,8,6,
Isaiah,8,7,
Isaiah,8,8,
Isaiah,8,9,
Isaiah,8,10,
Isaiah,8,11,
Isaiah,8,12,
Isaiah,8,13,
Isaiah,8,14,
Isaiah,8,15,
Isaiah,8,16,
Isaiah,8,17,
Isaiah,8,18,
Isaiah,8,19,
Isaiah,8,20,
Isaiah,8,21,
Isaiah,8,22,
Isaiah,9,1,
Isaiah,9,2,
Isaiah,9,3,
Isaiah,9,4,
Isaiah,9,5,
Isaiah,9,6,
Isaiah,9,7,
Isaiah,9,8,
Isaiah,9,9,
Isaiah,9,10,
Isaiah,9,11,
Isaiah,9,12,
Isaiah,9,13,
Isaiah,9,14,
Isaiah,9,15,
Isaiah,9,16,
Isaiah,9,17,
Isaiah,9,18,
Isaiah,9,19,
Isaiah,9,20,
Isaiah,9,21,
Isaiah,10,1,
Isaiah,10,2,
Isaiah,10,3,
Isaiah,10,4,
Isaiah,10,5,
Isaiah,10,6,
Isaiah,10,7,
Isaiah,10,8,
Isaiah,10,9,
Isaiah,10,10,
Isaiah,10,11,
Isaiah,10,12,
Isaiah,10,13,
Isaiah,10,14,
Isaiah,10,15,
Isaiah,10,16,
Isaiah,10,17,
Isaiah,10,18,
Isaiah,10,19,
Isaiah,10,20,
Isaiah,10,21,
Isaiah,10,22,
Isaiah,10,23,
Isaiah,10,24,
Isaiah,10,25,
Isaiah,10,26,
Isaiah,10,27,
Isaiah,10,28,
Isaiah,10,29,
Isaiah,10,30,
Isaiah,10,31,
Isaiah,10,32,
Isaiah,10,33,
Isaiah,10,34,
Isaiah,11,1,
Isaiah,11,2,
Isaiah,11,3,
Isaiah,11,4,
Isaiah,11,5,
Isaiah,11,6,
Isaiah,11,7,
Isaiah,11,8,
Isaiah,11,9,
Isaiah,11,10,
Isaiah,11,11,
Isaiah,11,12,
Isaiah,11,13,
Isaiah,11,14,
Isaiah,11,15,
Isaiah,11,16,
Isaiah,12,1,
Isaiah,12,2,
Isaiah,12,3,
Isaiah,12,4,
Isaiah,12,5,
Isaiah,12,6,
Isaiah,13,1,
Isaiah,13,2,
Isaiah,13,3,
Isaiah,13,4,
Isaiah,13,5,
Isaiah,13,6,
Isaiah,13,7,
Isaiah,13,8,
Isaiah,13,9,
Isaiah,13,10,
Isaiah,13,11,
Isaiah,13,12,
Isaiah,13,13,
Isaiah,13,14,
Isaiah,13,15,
Isaiah,13,16,
Isaiah,13,17,
Isaiah,13,18,
Isaiah,13,19,
Isaiah,13,20,
Isaiah,13,21,
Isaiah,13,22,
Isaiah,14,1,
Isaiah,14,2,
Isaiah,14,3,
Isaiah,14,4,
Isaiah,14,5,
Isaiah,14,6,
Isaiah,14,7,
Isaiah,14,8,
Isaiah,14,9,
Isaiah,14,10,
Isaiah,14,11,
Isaiah,14,12,
Isaiah,14,13,
Isaiah,14,14,
Isaiah,14,15,
Isaiah,14,16,
Isaiah,14,17,
Isaiah,14,18,
Isaiah,14,19,
Isaiah,14,20,
Isaiah,14,21,
Isaiah,14,22,
Isaiah,14,23,
Isaiah,14,24,
Isaiah,14,25,
Isaiah,14,26,
Isaiah,14,27,
Isaiah,14,28,
Isaiah,14,29,
Isaiah,14,30,
Isaiah,14,31,
Isaiah,14,32,
Isaiah,15,1,
Isaiah,15,2,
Isaiah,15,3,
Isaiah,15,4,
Isaiah,15,5,
Isaiah,15,6,
Isaiah,15,7,
Isaiah,15,8,
Isaiah,15,9,
Isaiah,16,1,
Isaiah,16,2,
Isaiah,16,3,
Isaiah,16,4,
Isaiah,16,5,
Isaiah,16,6,
Isaiah,16,7,
Isaiah,16,8,
Isaiah,16,9,
Isaiah,16,10,
Isaiah,16,11,
Isaiah,16,12,
Isaiah,16,13,
Isaiah,16,14,
Isaiah,17,1,
Isaiah,17,2,
Isaiah,17,3,
Isaiah,17,4,
Isaiah,17,5,
Isaiah,17,6,
Isaiah,17,7,
Isaiah,17,8,
Isaiah,17,9,
Isaiah,17,10,
Isaiah,17,11,
Isaiah,17,12,
Isaiah,17,13,
Isaiah,17,14,
Isaiah,18,1,
Isaiah,18,2,
Isaiah,18,3,
Isaiah,18,4,
Isaiah,18,5,
Isaiah,18,6,
Isaiah,18,7,
Isaiah,19,1,
Isaiah,19,2,
Isaiah,19,3,
Isaiah,19,4,
Isaiah,19,5,
Isaiah,19,6,
Isaiah,19,7,
Isaiah,19,8,
Isaiah,19,9,
Isaiah,19,10,
Isaiah,19,11,
Isaiah,19,12,
Isaiah,19,13,
Isaiah,19,14,
Isaiah,19,15,
Isaiah,19,16,
Isaiah,19,17,
Isaiah,19,18,
Isaiah,19,19,
Isaiah,19,20,
Isaiah,19,21,
Isaiah,19,22,
Isaiah,19,23,
Isaiah,19,24,
Isaiah,19,25,
Isaiah,20,1,
Isaiah,20,2,
Isaiah,20,3,
Isaiah,20,4,
Isaiah,20,5,
Isaiah,20,6,
Isaiah,21,1,
Isaiah,21,2,
Isaiah,21,3,
Isaiah,21,4,
Isaiah,21,5,
Isaiah,21,6,
Isaiah,21,7,
Isaiah,21,8,
Isaiah,21,9,
Isaiah,21,10,
Isaiah,21,11,
Isaiah,21,12,
Isaiah,21,13,
Isaiah,21,14,
Isaiah,21,15,
Isaiah,21,16,
Isaiah,21,17,
Isaiah,22,1,
Isaiah,22,2,
Isaiah,22,3,
Isaiah,22,4,
Isaiah,22,5,
Isaiah,22,6,
Isaiah,22,7,
Isaiah,22,8,
Isaiah,22,9,
Isaiah,22,10,
Isaiah,22,11,
Isaiah,22,12,
Isaiah,22,13,
Isaiah,22,14,
Isaiah,22,15,
Isaiah,22,16,
Isaiah,22,17,
Isaiah,22,18,
Isaiah,22,19,
Isaiah,22,20,
Isaiah,22,21,
Isaiah,22,22,
Isaiah,22,23,
Isaiah,22,24,
Isaiah,22,25,
Isaiah,23,1,
Isaiah,23,2,
Isaiah,23,3,
Isaiah,23,4,
Isaiah,23,5,
Isaiah,23,6,
Isaiah,23,7,
Isaiah,23,8,
Isaiah,23,9,
Isaiah,23,10,
Isaiah,23,11,
Isaiah,23,12,
Isaiah,23,13,
Isaiah,23,14,
Isaiah,23,15,
Isaiah,23,16,
Isaiah,23,17,
Isaiah,23,18,
Isaiah,24,1,
Isaiah,24,2,
Isaiah,24,3,
Isaiah,24,4,
Isaiah,24,5,
Isaiah,24,6,
Isaiah,24,7,
Isaiah,24,8,
Isaiah,24,9,
Isaiah,24,10,
Isaiah,24,11,
Isaiah,24,12,
Isaiah,24,13,
Isaiah,24,14,
Isaiah,24,15,
Isaiah,24,16,
Isaiah,24,17,
Isaiah,24,18,
Isaiah,24,19,
Isaiah,24,20,
Isaiah,24,21,
Isaiah,24,22,
Isaiah,24,23,
Isaiah,25,1,
Isaiah,25,2,
Isaiah,25,3,
Isaiah,25,4,
Isaiah,25,5,
Isaiah,25,6,
Isaiah,25,7,
Isaiah,25,8,
Isaiah,25,9,
Isaiah,25,10,
Isaiah,25,11,
Isaiah,25,12,
Isaiah,26,1,
Isaiah,26,2,
Isaiah,26,3,
Isaiah,26,4,
Isaiah,26,5,
Isaiah,26,6,
Isaiah,26,7,
Isaiah,26,8,
Isaiah,26,9,
Isaiah,26,10,
Isaiah,26,11,
Isaiah,26,12,
Isaiah,26,13,
Isaiah,26,14,
Isaiah,26,15,
Isaiah,26,16,
Isaiah,26,17,
Isaiah,26,18,
Isaiah,26,19,
Isaiah,26,20,
Isaiah,26,21,
Isaiah,27,1,
Isaiah,27,2,
Isaiah,27,3,
Isaiah,27,4,
Isaiah,27,5,
Isaiah,27,6,
Isaiah,27,7,
Isaiah,27,8,
Isaiah,27,9,
Isaiah,27,10,
Isaiah,27,11,
Isaiah,27,12,
Isaiah,27,13,
Isaiah,28,1,
Isaiah,28,2,
Isaiah,28,3,
Isaiah,28,4,
Isaiah,28,5,
Isaiah,28,6,
Isaiah,28,7,
Isaiah,28,8,
Isaiah,28,9,
Isaiah,28,10,
Isaiah,28,11,
Isaiah,28,12,
Isaiah,28,13,
Isaiah,28,14,
Isaiah,28,15,
Isaiah,28,16,
Isaiah,28,17,
Isaiah,28,18,
Isaiah,28,19,
Isaiah,28,20,
Isaiah,28,21,
Isaiah,28,22,
Isaiah,28,23,
Isaiah,28,24,
Isaiah,28,25,
Isaiah,28,26,
Isaiah,28,27,
Isaiah,28,28,
Isaiah,28,29,
Isaiah,29,1,
Isaiah,29,2,
Isaiah,29,3,
Isaiah,29,4,
Isaiah,29,5,
Isaiah,29,6,
Isaiah,29,7,
Isaiah,29,8,
Isaiah,29,9,
Isaiah,29,10,
Isaiah,29,11,
Isaiah,29,12,
Isaiah,29,13,
Isaiah,29,14,
Isaiah,29,15,
Isaiah,29,16,
Isaiah,29,17,
Isaiah,29,18,
Isaiah,29,19,
Isaiah,29,20,
Isaiah,29,21,
Isaiah,29,22,
Isaiah,29,23,
Isaiah,29,24,
Isaiah,30,1,
Isaiah,30,2,
Isaiah,30,3,
Isaiah,30,4,
Isaiah,30,5,
Isaiah,30,6,
Isaiah,30,7,
Isaiah,30,8,
Isaiah,30,9,
Isaiah,30,10,
Isaiah,30,11,
Isaiah,30,12,
Isaiah,30,13,
Isaiah,30,14,
Isaiah,30,15,
Isaiah,30,16,
Isaiah,30,17,
Isaiah,30,18,
Isaiah,30,19,
Isaiah,30,20,
Isaiah,30,21,
Isaiah,30,22,
Isaiah,30,23,
Isaiah,30,24,
Isaiah,30,25,
Isaiah,30,26,
Isaiah,30,27,
Isaiah,30,28,
Isaiah,30,29,
Isaiah,30,30,
Isaiah,30,31,
Isaiah,30,32,
Isaiah,30,33,
Isaiah,31,1,
Isaiah,31,2,
Isaiah,31,3,
Isaiah,31,4,
Isaiah,31,5,
Isaiah,31,6,
Isaiah,31,7,
Isaiah,31,8,
Isaiah,31,9,
Isaiah,32,1,
Isaiah,32,2,
Isaiah,32,3,
Isaiah,32,4,
Isaiah,32,5,
Isaiah,32,6,
Isaiah,32,7,
Isaiah,32,8,
Isaiah,32,9,
Isaiah,32,10,
Isaiah,32,11,
Isaiah,32,12,
Isaiah,32,13,
Isaiah,32,14,
Isaiah,32,15,
Isaiah,32,16,
Isaiah,32,17,
Isaiah,32,18,
Isaiah,32,19,
Isaiah,32,20,
Isaiah,33,1,
Isaiah,33,2,
Isaiah,33,3,
Isaiah,33,4,
Isaiah,33,5,
Isaiah,33,6,
Isaiah,33,7,
Isaiah,33,8,
Isaiah,33,9,
Isaiah,33,10,
Isaiah,33,11,
Isaiah,33,12,
Isaiah,33,13,
Isaiah,33,14,
Isaiah,33,15,
Isaiah,33,16,
Isaiah,33,17,
Isaiah,33,18,
Isaiah,33,19,
Isaiah,33,20,
Isaiah,33,21,
Isaiah,33,22,
Isaiah,33,23,
Isaiah,33,24,
Isaiah,34,1,
Isaiah,34,2,
Isaiah,34,3,
Isaiah,34,4,
Isaiah,34,5,
Isaiah,34,6,
Isaiah,34,7,
Isaiah,34,8,
Isaiah,34,9,
Isaiah,34,10,
Isaiah,34,11,
Isaiah,34,12,
Isaiah,34,13,
Isaiah,34,14,
Isaiah,34,15,
Isaiah,34,16,
Isaiah,34,17,
Isaiah,35,1,
Isaiah,35,2,
Isaiah,35,3,
Isaiah,35,4,
Isaiah,35,5,
Isaiah,35,6,
Isaiah,35,7,
Isaiah,35,8,
Isaiah,35,9,
Isaiah,35,10,
Isaiah,36,1,
Isaiah,36,2,
Isaiah,36,3,
Isaiah,36,4,
Isaiah,36,5,
Isaiah,36,6,
Isaiah,36,7,
Isaiah,36,8,
Isaiah,36,9,
Isaiah,36,10,
Isaiah,36,11,
Isaiah,36,12,
Isaiah,36,13,
Isaiah,36,14,
Isaiah,36,15,
Isaiah,36,16,
Isaiah,36,17,
Isaiah,36,18,
Isaiah,36,19,
Isaiah,36,20,
Isaiah,36,21,
Isaiah,36,22,
Isaiah,37,1,
Isaiah,37,2,
Isaiah,37,3,
Isaiah,37,4,
Isaiah,37,5,
Isaiah,37,6,
Isaiah,37,7,
Isaiah,37,8,
Isaiah,37,9,
Isaiah,37,10,
Isaiah,37,11,
Isaiah,37,12,
Isaiah,37,13,
Isaiah,37,14,
Isaiah,37,15,
Isaiah,37,16,
Isaiah,37,17,
Isaiah,37,18,
Isaiah,37,19,
Isaiah,37,20,
Isaiah,37,21,
Isaiah,37,22,
Isaiah,37,23,
Isaiah,37,24,
Isaiah,37,25,
Isaiah,37,26,
Isaiah,37,27,
Isaiah,37,28,
Isaiah,37,29,
Isaiah,37,30,
Isaiah,37,31,
Isaiah,37,32,
Isaiah,37,33,
Isaiah,37,34,
Isaiah,37,35,
Isaiah,37,36,
Isaiah,37,37,
Isaiah,37,38,
Isaiah,38,1,
Isaiah,38,2,
Isaiah,38,3,
Isaiah,38,4,
Isaiah,38,5,
Isaiah,38,6,
Isaiah,38,7,
Isaiah,38,8,
Isaiah,38,9,
Isaiah,38,10,
Isaiah,38,11,
Isaiah,38,12,
Isaiah,38,13,
Isaiah,38,14,
Isaiah,38,15,
Isaiah,38,16,
Isaiah,38,17,
Isaiah,38,18,
Isaiah,38,19,
Isaiah,38,20,
Isaiah,38,21,
Isaiah,38,22,
Isaiah,39,1,
Isaiah,39,2,
Isaiah,39,3,
Isaiah,39,4,
Isaiah,39,5,
Isaiah,39,6,
Isaiah,39,7,
Isaiah,39,8,
Isaiah,40,1,
Isaiah,40,2,
Isaiah,40,3,
Isaiah,40,4,
Isaiah,40,5,
Isaiah,40,6,
Isaiah,40,7,
Isaiah,40,8,
Isaiah,40,9,
Isaiah,40,10,
Isaiah,40,11,
Isaiah,40,12,
Isaiah,40,13,
Isaiah,40,14,
Isaiah,40,15,
Isaiah,40,16,
Isaiah,40,17,
Isaiah,40,18,
Isaiah,40,19,
Isaiah,40,20,
Isaiah,40,21,
Isaiah,40,22,
Isaiah,40,23,
Isaiah,40,24,
Isaiah,40,25,
Isaiah,40,26,
Isaiah,40,27,
Isaiah,40,28,
Isaiah,40,29,
Isaiah,40,30,
Isaiah,40,31,
Isaiah,41,1,
Isaiah,41,2,
Isaiah,41,3,
Isaiah,41,4,
Isaiah,41,5,
Isaiah,41,6,
Isaiah,41,7,
Isaiah,41,8,
Isaiah,41,9,
Isaiah,41,10,
Isaiah,41,11,
Isaiah,41,12,
Isaiah,41,13,
Isaiah,41,14,
Isaiah,41,15,
Isaiah,41,16,
Isaiah,41,17,
Isaiah,41,18,
Isaiah,41,19,
Isaiah,41,20,
Isaiah,41,21,
Isaiah,41,22,
Isaiah,41,23,
Isaiah,41,24,
Isaiah,41,25,
Isaiah,41,26,
Isaiah,41,27,
Isaiah,41,28,
Isaiah,41,29,
Isaiah,42,1,
Isaiah,42,2,
Isaiah,42,3,
Isaiah,42,4,
Isaiah,42,5,
Isaiah,42,6,
Isaiah,42,7,
Isaiah,42,8,
Isaiah,42,9,
Isaiah,42,10,
Isaiah,42,11,
Isaiah,42,12,
Isaiah,42,13,
Isaiah,42,14,
Isaiah,42,15,
Isaiah,42,16,
Isaiah,42,17,
Isaiah,42,18,
Isaiah,42,19,
Isaiah,42,20,
Isaiah,42,21,
Isaiah,42,22,
Isaiah,42,23,
Isaiah,42,24,
Isaiah,42,25,
Isaiah,43,1,
Isaiah,43,2,
Isaiah,43,3,
Isaiah,43,4,
Isaiah,43,5,
Isaiah,43,6,
Isaiah,43,7,
Isaiah,43,8,
Isaiah,43,9,
Isaiah,43,10,
Isaiah,43,11,
Isaiah,43,12,
Isaiah,43,13,
Isaiah,43,14,
Isaiah,43,15,
Isaiah,43,16,
Isaiah,43,17,
Isaiah,43,18,
Isaiah,43,19,
Isaiah,43,20,
Isaiah,43,21,
Isaiah,43,22,
Isaiah,43,23,
Isaiah,43,24,
Isaiah,43,25,
Isaiah,43,26,
Isaiah,43,27,
Isaiah,43,28,
Isaiah,44,1,
Isaiah,44,2,
Isaiah,44,3,
Isaiah,44,4,
Isaiah,44,5,
Isaiah,44,6,
Isaiah,44,7,
Isaiah,44,8,
Isaiah,44,9,
Isaiah,44,10,
Isaiah,44,11,
Isaiah,44,12,
Isaiah,44,13,
Isaiah,44,14,
Isaiah,44,15,
Isaiah,44,16,
Isaiah,44,17,
Isaiah,44,18,
Isaiah,44,19,
Isaiah,44,20,
Isaiah,44,21,
Isaiah,44,22,
Isaiah,44,23,
Isaiah,44,24,
Isaiah,44,25,
Isaiah,44,26,
Isaiah,44,27,
Isaiah,44,28,
Isaiah,45,1,
Isaiah,45,2,
Isaiah,45,3,
Isaiah,45,4,
Isaiah,45,5,
Isaiah,45,6,
Isaiah,45,7,
Isaiah,45,8,
Isaiah,45,9,
Isaiah,45,10,
Isaiah,45,11,
Isaiah,45,12,
Isaiah,45,13,
Isaiah,45,14,
Isaiah,45,15,
Isaiah,45,16,
Isaiah,45,17,
Isaiah,45,18,
Isaiah,45,19,
Isaiah,45,20,
Isaiah,45,21,
Isaiah,45,22,
Isaiah,45,23,
Isaiah,45,24,
Isaiah,45,25,
Isaiah,46,1,
Isaiah,46,2,
Isaiah,46,3,
Isaiah,46,4,
Isaiah,46,5,
Isaiah,46,6,
Isaiah,46,7,
Isaiah,46,8,
Isaiah,46,9,
Isaiah,46,10,
Isaiah,46,11,
Isaiah,46,12,
Isaiah,46,13,
Isaiah,47,1,
Isaiah,47,2,
Isaiah,47,3,
Isaiah,47,4,
Isaiah,47,5,
Isaiah,47,6,
Isaiah,47,7,
Isaiah,47,8,
Isaiah,47,9,
Isaiah,47,10,
Isaiah,47,11,
Isaiah,47,12,
Isaiah,47,13,
Isaiah,47,14,
Isaiah,47,15,
Isaiah,48,1,
Isaiah,48,2,
Isaiah,48,3,
Isaiah,48,4,
Isaiah,48,5,
Isaiah,48,6,
Isaiah,48,7,
Isaiah,48,8,
Isaiah,48,9,
Isaiah,48,10,
Isaiah,48,11,
Isaiah,48,12,
Isaiah,48,13,
Isaiah,48,14,
Isaiah,48,15,
Isaiah,48,16,
Isaiah,48,17,
Isaiah,48,18,
Isaiah,48,19,
Isaiah,48,20,
Isaiah,48,21,
Isaiah,48,22,
Isaiah,49,1,
Isaiah,49,2,
Isaiah,49,3,
Isaiah,49,4,
Isaiah,49,5,
Isaiah,49,6,
Isaiah,49,7,
Isaiah,49,8,
Isaiah,49,9,
Isaiah,49,10,
Isaiah,49,11,
Isaiah,49,12,
Isaiah,49,13,
Isaiah,49,14,
Isaiah,49,15,
Isaiah,49,16,
Isaiah,49,17,
Isaiah,49,18,
Isaiah,49,19,
Isaiah,49,20,
Isaiah,49,21,
Isaiah,49,22,
Isaiah,49,23,
Isaiah,49,24,
Isaiah,49,25,
Isaiah,49,26,
Isaiah,50,1,
Isaiah,50,2,
Isaiah,50,3,
Isaiah,50,4,
Isaiah,50,5,
Isaiah,50,6,
Isaiah,50,7,
Isaiah,50,8,
Isaiah,50,9,
Isaiah,50,10,
Isaiah,50,11,
Isaiah,51,1,
Isaiah,51,2,
Isaiah,51,3,
Isaiah,51,4,
Isaiah,51,5,
Isaiah,51,6,
Isaiah,51,7,
Isaiah,51,8,
Isaiah,51,9,
Isaiah,51,10,
Isaiah,51,11,
Isaiah,51,12,
Isaiah,51,13,
Isaiah,51,14,
Isaiah,51,15,
Isaiah,51,16,
Isaiah,51,17,
Isaiah,51,18,
Isaiah,51,19,
Isaiah,51,20,
Isaiah,51,21,
Isaiah,51,22,
Isaiah,51,23,
Isaiah,52,1,
Isaiah,52,2,
Isaiah,52,3,
Isaiah,52,4,
Isaiah,52,5,
Isaiah,52,6,
Isaiah,52,7,
Isaiah,52,8,
Isaiah,52,9,
Isaiah,52,10,
Isaiah,52,11,
Isaiah,52,12,
Isaiah,52,13,
Isaiah,52,14,
Isaiah,52,15,
Isaiah,53,1,
Isaiah,53,2,
Isaiah,53,3,
Isaiah,53,4,
Isaiah,53,5,
Isaiah,53,6,
Isaiah,53,7,
Isaiah,53,8,
Isaiah,53,9,
Isaiah,53,10,
Isaiah,53,11,
Isaiah,53,12,
Isaiah,54,1,
Isaiah,54,2,
Isaiah,54,3,
Isaiah,54,4,
Isaiah,54,5,
Isaiah,54,6,
Isaiah,54,7,
Isaiah,54,8,
Isaiah,54,9,
Isaiah,54,10,
Isaiah,54,11,
Isaiah,54,12,
Isaiah,54,13,
Isaiah,54,14,
Isaiah,54,15,
Isaiah,54,16,
Isaiah,54,17,
Isaiah,55,1,
Isaiah,55,2,
Isaiah,55,3,
Isaiah,55,4,
Isaiah,55,5,
Isaiah,55,6,
Isaiah,55,7,
Isaiah,55,8,
Isaiah,55,9,
Isaiah,55,10,
Isaiah,55,11,
Isaiah,55,12,
Isaiah,55,13,
Isaiah,56,1,
Isaiah,56,2,
Isaiah,56,3,
Isaiah,56,4,
Isaiah,56,5,
Isaiah,56,6,
Isaiah,56,7,
Isaiah,56,8,
Isaiah,56,9,
Isaiah,56,10,
Isaiah,56,11,
Isaiah,56,12,
Isaiah,57,1,
Isaiah,57,2,
Isaiah,57,3,
Isaiah,57,4,
Isaiah,57,5,
Isaiah,57,6,
Isaiah,57,7,
Isaiah,57,8,
Isaiah,57,9,
Isaiah,57,10,
Isaiah,57,11,
Isaiah,57,12,
Isaiah,57,13,
Isaiah,57,14,
Isaiah,57,15,
Isaiah,57,16,
Isaiah,57,17,
Isaiah,57,18,
Isaiah,57,19,
Isaiah,57,20,
Isaiah,57,21,
Isaiah,58,1,
Isaiah,58,2,
Isaiah,58,3,
Isaiah,58,4,
Isaiah,58,5,
Isaiah,58,6,
Isaiah,58,7,
Isaiah,58,8,
Isaiah,58,9,
Isaiah,58,10,
Isaiah,58,11,
Isaiah,58,12,
Isaiah,58,13,
Isaiah,58,14,
Isaiah,59,1,
Isaiah,59,2,
Isaiah,59,3,
Isaiah,59,4,
Isaiah,59,5,
Isaiah,59,6,
Isaiah,59,7,
Isaiah,59,8,
Isaiah,59,9,
Isaiah,59,10,
Isaiah,59,11,
Isaiah,59,12,
Isaiah,59,13,
Isaiah,59,14,
Isaiah,59,15,
Isaiah,59,16,
Isaiah,59,17,
Isaiah,59,18,
Isaiah,59,19,
Isaiah,59,20,
Isaiah,59,21,
Isaiah,60,1,
Isaiah,60,2,
Isaiah,60,3,
Isaiah,60,4,
Isaiah,60,5,
Isaiah,60,6,
Isaiah,60,7,
Isaiah,60,8,
Isaiah,60,9,
Isaiah,60,10,
Isaiah,60,11,
Isaiah,60,12,
Isaiah,60,13,
Isaiah,60,14,
Isaiah,60,15,
Isaiah,60,16,
Isaiah,60,17,
Isaiah,60,18,
Isaiah,60,19,
Isaiah,60,20,
Isaiah,60,21,
Isaiah,60,22,
Isaiah,61,1,
Isaiah,61,2,
Isaiah,61,3,
Isaiah,61,4,
Isaiah,61,5,
Isaiah,61,6,
Isaiah,61,7,
Isaiah,61,8,
Isaiah,61,9,
Isaiah,61,10,
Isaiah,61,11,
Isaiah,62,1,
Isaiah,62,2,
Isaiah,62,3,
Isaiah,62,4,
Isaiah,62,5,
Isaiah,62,6,
Isaiah,62,7,
Isaiah,62,8,
Isaiah,62,9,
Isaiah,62,10,
Isaiah,62,11,
Isaiah,62,12,
Isaiah,63,1,
Isaiah,63,2,
Isaiah,63,3,
Isaiah,63,4,
Isaiah,63,5,
Isaiah,63,6,
Isaiah,63,7,
Isaiah,63,8,
Isaiah,63,9,
Isaiah,63,10,
Isaiah,63,11,
Isaiah,63,12,
Isaiah,63,13,
Isaiah,63,14,
Isaiah,63,15,
Isaiah,63,16,
Isaiah,63,17,
Isaiah,63,18,
Isaiah,63,19,
Isaiah,64,1,
Isaiah,64,2,
Isaiah,64,3,
Isaiah,64,4,
Isaiah,64,5,
Isaiah,64,6,
Isaiah,64,7,
Isaiah,64,8,
Isaiah,64,9,
Isaiah,64,10,
Isaiah,64,11,
Isaiah,64,12,
Isaiah,65,1,
Isaiah,65,2,
Isaiah,65,3,
Isaiah,65,4,
Isaiah,65,5,
Isaiah,65,6,
Isaiah,65,7,
Isaiah,65,8,
Isaiah,65,9,
Isaiah,65,10,
Isaiah,65,11,
Isaiah,65,12,
Isaiah,65,13,
Isaiah,65,14,
Isaiah,65,15,
Isaiah,65,16,
Isaiah,65,17,
Isaiah,65,18,
Isaiah,65,19,
Isaiah,65,20,
Isaiah,65,21,
Isaiah,65,22,
Isaiah,65,23,
Isaiah,65,24,
Isaiah,65,25,
Isaiah,66,1,
Isaiah,66,2,
Isaiah,66,3,
Isaiah,66,4,
Isaiah,66,5,
Isaiah,66,6,
Isaiah,66,7,
Isaiah,66,8,
Isaiah,66,9,
Isaiah,66,10,
Isaiah,66,11,
Isaiah,66,12,
Isaiah,66,13,
Isaiah,66,14,
Isaiah,66,15,
Isaiah,66,16,
Isaiah,66,17,
Isaiah,66,18,
Isaiah,66,19,
Isaiah,66,20,
Isaiah,66,21,
Isaiah,66,22,
Isaiah,66,23,
Isaiah,66,24,
Jeremiah,1,1,
Jeremiah,1,2,
Jeremiah,1,3,
Jeremiah,1,4,
Jeremiah,1,5,
Jeremiah,1,6,
Jeremiah,1,7,
Jeremiah,1,8,
Jeremiah,1,9,
Jeremiah,1,10,
Jeremiah,1,11,
Jeremiah,1,12,
Jeremiah,1,13,
Jeremiah,1,14,
Jeremiah,1,15,
Jeremiah,1,16,
Jeremiah,1,17,
Jeremiah,1,18,
Jeremiah,1,19,
Jeremiah,2,1,
Jeremiah,2,2,
Jeremiah,2,3,
Jeremiah,2,4,
Jeremiah,2,5,
Jeremiah,2,6,
Jeremiah,2,7,
Jeremiah,2,8,
Jeremiah,2,9,
Jeremiah,2,10,
Jeremiah,2,11,
Jeremiah,2,12,
Jeremiah,2,13,
Jeremiah,2,14,
Jeremiah,2,15,
Jeremiah,2,16,
Jeremiah,2,17,
Jeremiah,2,18,
Jeremiah,2,19,
Jeremiah,2,20,
Jeremiah,2,21,
Jeremiah,2,22,
Jeremiah,2,23,
Jeremiah,2,24,
Jeremiah,2,25,
Jeremiah,2,26,
Jeremiah,2,27,
Jeremiah,2,28,
Jeremiah,2,29,
Jeremiah,2,30,
Jeremiah,2,31,
Jeremiah,2,32,
Jeremiah,2,33,
Jeremiah,2,34,
Jeremiah,2,35,
Jeremiah,2,36,
Jeremiah,2,37,
Jeremiah,3,1,
Jeremiah,3,2,
Jeremiah,3,3,
Jeremiah,3,4,
Jeremiah,3,5,
Jeremiah,3,6,
Jeremiah,3,7,
Jeremiah,3,8,
Jeremiah,3,9,
Jeremiah,3,10,
Jeremiah,3,11,
Jeremiah,3,12,
Jeremiah,3,13,
Jeremiah,3,14,
Jeremiah,3,15,
Jeremiah,3,16,
Jeremiah,3,17,
Jeremiah,3,18,
Jeremiah,3,19,
Jeremiah,3,20,
Jeremiah,3,21,
Jeremiah,3,22,
Jeremiah,3,23,
Jeremiah,3,24,
Jeremiah,3,25,
Jeremiah,4,1,
Jeremiah,4,2,
Jeremiah,4,3,
Jeremiah,4,4,
Jeremiah,4,5,
Jeremiah,4,6,
Jeremiah,4,7,
Jeremiah,4,8,
Jeremiah,4,9,
Jeremiah,4,10,
Jeremiah,4,11,
Jeremiah,4,12,
Jeremiah,4,13,
Jeremiah,4,14,
Jeremiah,4,15,
Jeremiah,4,16,
Jeremiah,4,17,
Jeremiah,4,18,
Jeremiah,4,19,
Jeremiah,4,20,
Jeremiah,4,21,
Jeremiah,4,22,
Jeremiah,4,23,
Jeremiah,4,24,
Jeremiah,4,25,
Jeremiah,4,26,
Jeremiah,4,27,
Jeremiah,4,28,
Jeremiah,4,29,
Jeremiah,4,30,
Jeremiah,4,31,
Jeremiah,5,1,
Jeremiah,5,2,
Jeremiah,5,3,
Jeremiah,5,4,
Jeremiah,5,5,
Jeremiah,5,6,
Jeremiah,5,7,
Jeremiah,5,8,
Jeremiah,5,9,
Jeremiah,5,10,
Jeremiah,5,11,
Jeremiah,5,12,
Jeremiah,5,13,
Jeremiah,5,14,
Jeremiah,5,15,
Jeremiah,5,16,
Jeremiah,5,17,
Jeremiah,5,18,
Jeremiah,5,19,
Jeremiah,5,20,
Jeremiah,5,21,
Jeremiah,5,22,
Jeremiah,5,23,
Jeremiah,5,24,
Jeremiah,5,25,
Jeremiah,5,26,
Jeremiah,5,27,
Jeremiah,5,28,
Jeremiah,5,29,
Jeremiah,5,30,
Jeremiah,5,31,
Jeremiah,6,1,
Jeremiah,6,2,
Jeremiah,6,3,
Jeremiah,6,4,
Jeremiah,6,5,
Jeremiah,6,6,
Jeremiah,6,7,
Jeremiah,6,8,
Jeremiah,6,9,
Jeremiah,6,10,
Jeremiah,6,11,
Jeremiah,6,12,
Jeremiah,6,13,
Jeremiah,6,14,
Jeremiah,6,15,
Jeremiah,6,16,
Jeremiah,6,17,
Jeremiah,6,18,
Jeremiah,6,19,
Jeremiah,6,20,
Jeremiah,6,21,
Jeremiah,6,22,
Jeremiah,6,23,
Jeremiah,6,24,
Jeremiah,6,25,
Jeremiah,6,26,
Jeremiah,6,27,
Jeremiah,6,28,
Jeremiah,6,29,
Jeremiah,6,30,
Jeremiah,7,1,
Jeremiah,7,2,
Jeremiah,7,3,
Jeremiah,7,4,
Jeremiah,7,5,
Jeremiah,7,6,
Jeremiah,7,7,
Jeremiah,7,8,
Jeremiah,7,9,
Jeremiah,7,10,
Jeremiah,7,11,
Jeremiah,7,12,
Jeremiah,7,13,
Jeremiah,7,14,
Jeremiah,7,15,
Jeremiah,7,16,
Jeremiah,7,17,
Jeremiah,7,18,
Jeremiah,7,19,
Jeremiah,7,20,
Jeremiah,7,21,
Jeremiah,7,22,
Jeremiah,7,23,
Jeremiah,7,24,
Jeremiah,7,25,
Jeremiah,7,26,
Jeremiah,7,27,
Jeremiah,7,28,
Jeremiah,7,29,
Jeremiah,7,30,
Jeremiah,7,31,
Jeremiah,7,32,
Jeremiah,7,33,
Jeremiah,7,34,
Jeremiah,8,1,
Jeremiah,8,2,
Jeremiah,8,3,
Jeremiah,8,4,
Jeremiah,8,5,
Jeremiah,8,6,
Jeremiah,8,7,
Jeremiah,8,8,
Jeremiah,8,9,
Jeremiah,8,10,
Jeremiah,8,11,
Jeremiah,8,12,
Jeremiah,8,13,
Jeremiah,8,14,
Jeremiah,8,15,
Jeremiah,8,16,
Jeremiah,8,17,
Jeremiah,8,18,
Jeremiah,8,19,
Jeremiah,8,20,
Jeremiah,8,21,
Jeremiah,8,22,
Jeremiah,9,1,
Jeremiah,9,2,
Jeremiah,9,3,
Jeremiah,9,4,
Jeremiah,9,5,
Jeremiah,9,6,
Jeremiah,9,7,
Jeremiah,9,8,
Jeremiah,9,9,
Jeremiah,9,10,
Jeremiah,9,11,
Jeremiah,9,12,
Jeremiah,9,13,
Jeremiah,9,14,
Jeremiah,9,15,
Jeremiah,9,16,
Jeremiah,9,17,
Jeremiah,9,18,
Jeremiah,9,19,
Jeremiah,9,20,
Jeremiah,9,21,
Jeremiah,9,22,
Jeremiah,9,23,
Jeremiah,9,24,
Jeremiah,9,25,
Jeremiah,9,26,
Jeremiah,10,1,
Jeremiah,10,2,
Jeremiah,10,3,
Jeremiah,10,4,
Jeremiah,10,5,
Jeremiah,10,6,
Jeremiah,10,7,
Jeremiah,10,8,
Jeremiah,10,9,
Jeremiah,10,10,
Jeremiah,10,11,
Jeremiah,10,12,
Jeremiah,10,13,
Jeremiah,10,14,
Jeremiah,10,15,
Jeremiah,10,16,
Jeremiah,10,17,
Jeremiah,10,18,
Jeremiah,10,19,
Jeremiah,10,20,
Jeremiah,10,21,
Jeremiah,10,22,
Jeremiah,10,23,
Jeremiah,10,24,
Jeremiah,10,25,
Jeremiah,11,1,
Jeremiah,11,2,
Jeremiah,11,3,
Jeremiah,11,4,
Jeremiah,11,5,
Jeremiah,11,6,
Jeremiah,11,7,
Jeremiah,11,8,
Jeremiah,11,9,
Jeremiah,11,10,
Jeremiah,11,11,
Jeremiah,11,12,
Jeremiah,11,13,
Jeremiah,11,14,
Jeremiah,11,15,
Jeremiah,11,16,
Jeremiah,11,17,
Jeremiah,11,18,
Jeremiah,11,19,
Jeremiah,11,20,
Jeremiah,11,21,
Jeremiah,11,22,
Jeremiah,11,23,
Jeremiah,12,1,
Jeremiah,12,2,
Jeremiah,12,3,
Jeremiah,12,4,
Jeremiah,12,5,
Jeremiah,12,6,
Jeremiah,12,7,
Jeremiah,12,8,
Jeremiah,12,9,
Jeremiah,12,10,
Jeremiah,12,11,
Jeremiah,12,12,
Jeremiah,12,13,
Jeremiah,12,14,
Jeremiah,12,15,
Jeremiah,12,16,
Jeremiah,12,17,
Jeremiah,13,1,
Jeremiah,13,2,
Jeremiah,13,3,
Jeremiah,13,4,
Jeremiah,13,5,
Jeremiah,13,6,
Jeremiah,13,7,
Jeremiah,13,8,
Jeremiah,13,9,
Jeremiah,13,10,
Jeremiah,13,11,
Jeremiah,13,12,
Jeremiah,13,13,
Jeremiah,13,14,
Jeremiah,13,15,
Jeremiah,13,16,
Jeremiah,13,17,
Jeremiah,13,18,
Jeremiah,13,19,
Jeremiah,13,20,
Jeremiah,13,21,
Jeremiah,13,22,
Jeremiah,13,23,
Jeremiah,13,24,
Jeremiah,13,25,
Jeremiah,13,26,
Jeremiah,13,27,
Jeremiah,14,1,
Jeremiah,14,2,
Jeremiah,14,3,
Jeremiah,14,4,
Jeremiah,14,5,
Jeremiah,14,6,
Jeremiah,14,7,
Jeremiah,14,8,
Jeremiah,14,9,
Jeremiah,14,10,
Jeremiah,14,11,
Jeremiah,14,12,
Jeremiah,14,13,
Jeremiah,14,14,
Jeremiah,14,15,
Jeremiah,14,16,
Jeremiah,14,17,
Jeremiah,14,18,
Jeremiah,14,19,
Jeremiah,14,20,
Jeremiah,14,21,
Jeremiah,14,22,
Jeremiah,15,1,
Jeremiah,15,2,
Jeremiah,15,3,
Jeremiah,15,4,
Jeremiah,15,5,
Jeremiah,15,6,
Jeremiah,15,7,
Jeremiah,15,8,
Jeremiah,15,9,
Jeremiah,15,10,
Jeremiah,15,11,
Jeremiah,15,12,
Jeremiah,15,13,
Jeremiah,15,14,
Jeremiah,15,15,
Jeremiah,15,16,
Jeremiah,15,17,
Jeremiah,15,18,
Jeremiah,15,19,
Jeremiah,15,20,
Jeremiah,15,21,
Jeremiah,16,1,
Jeremiah,16,2,
Jeremiah,16,3,
Jeremiah,16,4,
Jeremiah,16,5,
Jeremiah,16,6,
Jeremiah,16,7,
Jeremiah,16,8,
Jeremiah,16,9,
Jeremiah,16,10,
Jeremiah,16,11,
Jeremiah,16,12,
Jeremiah,16,13,
Jeremiah,16,14,
Jeremiah,16,15,
Jeremiah,16,16,
Jeremiah,16,17,
Jeremiah,16,18,
Jeremiah,16,19,
Jeremiah,16,20,
Jeremiah,16,21,
Jeremiah,17,1,
Jeremiah,17,2,
Jeremiah,17,3,
Jeremiah,17,4,
Jeremiah,17,5,
Jeremiah,17,6,
Jeremiah,17,7,
Jeremiah,17,8,
Jeremiah,17,9,
Jeremiah,17,10,
Jeremiah,17,11,
Jeremiah,17,12,
Jeremiah,17,13,
Jeremiah,17,14,
Jeremiah,17,15,
Jeremiah,17,16,
Jeremiah,17,17,
Jeremiah,17,18,
Jeremiah,17,19,
Jeremiah,17,20,
Jeremiah,17,21,
Jeremiah,17,22,
Jeremiah,17,23,
Jeremiah,17,24,
Jeremiah,17,25,
Jeremiah,17,26,
Jeremiah,17,27,
Jeremiah,18,1,
Jeremiah,18,2,
Jeremiah,18,3,
Jeremiah,18,4,
Jeremiah,18,5,
Jeremiah,18,6,
Jeremiah,18,7,
Jeremiah,18,8,
Jeremiah,18,9,
Jeremiah,18,10,
Jeremiah,18,11,
Jeremiah,18,12,
Jeremiah,18,13,
Jeremiah,18,14,
Jeremiah,18,15,
Jeremiah,18,16,
Jeremiah,18,17,
Jeremiah,18,18,
Jeremiah,18,19,
Jeremiah,18,20,
Jeremiah,18,21,
Jeremiah,18,22,
Jeremiah,18,23,
Jeremiah,19,1,
Jeremiah,19,2,
Jeremiah,19,3,
Jeremiah,19,4,
Jeremiah,19,5,
Jeremiah,19,6,
Jeremiah,19,7,
Jeremiah,19,8,
Jeremiah,19,9,
Jeremiah,19,10,
Jeremiah,19,11,
Jeremiah,19,12,
Jeremiah,19,13,
Jeremiah,19,14,
Jeremiah,19,15,
Jeremiah,20,1,
Jeremiah,20,2,
Jeremiah,20,3,
Jeremiah,20,4,
Jeremiah,20,5,
Jeremiah,20,6,
Jeremiah,20,7,
Jeremiah,20,8,
Jeremiah,20,9,
Jeremiah,20,10,
Jeremiah,20,11,
Jeremiah,20,12,
Jeremiah,20,13,
Jeremiah,20,14,
Jeremiah,20,15,
Jeremiah,20,16,
Jeremiah,20,17,
Jeremiah,20,18,
Jeremiah,21,1,
Jeremiah,21,2,
Jeremiah,21,3,
Jeremiah,21,4,
Jeremiah,21,5,
Jeremiah,21,6,
Jeremiah,21,7,
Jeremiah,21,8,
Jeremiah,21,9,
Jeremiah,21,10,
Jeremiah,21,11,
Jeremiah,21,12,
Jeremiah,21,13,
Jeremiah,21,14,
Jeremiah,22,1,
Jeremiah,22,2,
Jeremiah,22,3,
Jeremiah,22,4,
Jeremiah,22,5,
Jeremiah,22,6,
Jeremiah,22,7,
Jeremiah,22,8,
Jeremiah,22,9,
Jeremiah,22,10,
Jeremiah,22,11,
Jeremiah,22,12,
Jeremiah,22,13,
Jeremiah,22,14,
Jeremiah,22,15,
Jeremiah,22,16,
Jeremiah,22,17,
Jeremiah,22,18,
Jeremiah,22,19,
Jeremiah,22,20,
Jeremiah,22,21,
Jeremiah,22,22,
Jeremiah,22,23,
Jeremiah,22,24,
Jeremiah,22,25,
Jeremiah,22,26,
Jeremiah,22,27,
Jeremiah,22,28,
Jeremiah,22,29,
Jeremiah,22,30,
Jeremiah,23,1,
Jeremiah,23,2,
Jeremiah,23,3,
Jeremiah,23,4,
Jeremiah,23,5,
Jeremiah,23,6,
Jeremiah,23,7,
Jeremiah,23,8,
Jeremiah,23,9,
Jeremiah,23,10,
Jeremiah,23,11,
Jeremiah,23,12,
Jeremiah,23,13,
Jeremiah,23,14,
Jeremiah,23,15,
Jeremiah,23,16,
Jeremiah,23,17,
Jeremiah,23,18,
Jeremiah,23,19,
Jeremiah,23,20,
Jeremiah,23,21,
Jeremiah,23,22,
Jeremiah,23,23,
Jeremiah,23,24,
Jeremiah,23,25,
Jeremiah,23,26,
Jeremiah,23,27,
Jeremiah,23,28,
Jeremiah,23,29,
Jeremiah,23,30,
Jeremiah,23,31,
Jeremiah,23,32,
Jeremiah,23,33,
Jeremiah,23,34,
Jeremiah,23,35,
Jeremiah,23,36,
Jeremiah,23,37,
Jeremiah,23,38,
Jeremiah,23,39,
Jeremiah,23,40,
Jeremiah,24,1,
Jeremiah,24,2,
Jeremiah,24,3,
Jeremiah,24,4,
Jeremiah,24,5,
Jeremiah,24,6,
Jeremiah,24,7,
Jeremiah,24,8,
Jeremiah,24,9,
Jeremiah,24,10,
Jeremiah,25,1,
Jeremiah,25,2,
Jeremiah,25,3,
Jeremiah,25,4,
Jeremiah,25,5,
Jeremiah,25,6,
Jeremiah,25,7,
Jeremiah,25,8,
Jeremiah,25,9,
Jeremiah,25,10,
Jeremiah,25,11,
Jeremiah,25,12,
Jeremiah,25,13,
Jeremiah,25,14,
Jeremiah,25,15,
Jeremiah,25,16,
Jeremiah,25,17,
Jeremiah,25,18,
Jeremiah,25,19,
Jeremiah,25,20,
Jeremiah,25,21,
Jeremiah,25,22,
Jeremiah,25,23,
Jeremiah,25,24,
Jeremiah,25,25,
Jeremiah,25,26,
Jeremiah,25,27,
Jeremiah,25,28,
Jeremiah,25,29,
Jeremiah,25,30,
Jeremiah,25,31,
Jeremiah,25,32,
Jeremiah,25,33,
Jeremiah,25,34,
Jeremiah,25,35,
Jeremiah,25,36,
Jeremiah,25,37,
Jeremiah,25,38,
Jeremiah,26,1,
Jeremiah,26,2,
Jeremiah,26,3,
Jeremiah,26,4,
Jeremiah,26,5,
Jeremiah,26,6,
Jeremiah,26,7,
Jeremiah,26,8,
Jeremiah,26,9,
Jeremiah,26,10,
Jeremiah,26,11,
Jeremiah,26,12,
Jeremiah,26,13,
Jeremiah,26,14,
Jeremiah,26,15,
Jeremiah,26,16,
Jeremiah,26,17,
Jeremiah,26,18,
Jeremiah,26,19,
Jeremiah,26,20,
Jeremiah,26,21,
Jeremiah,26,22,
Jeremiah,26,23,
Jeremiah,26,24,
Jeremiah,27,1,
Jeremiah,27,2,
Jeremiah,27,3,
Jeremiah,27,4,
Jeremiah,27,5,
Jeremiah,27,6,
Jeremiah,27,7,
Jeremiah,27,8,
Jeremiah,27,9,
Jeremiah,27,10,
Jeremiah,27,11,
Jeremiah,27,12,
Jeremiah,27,13,
Jeremiah,27,14,
Jeremiah,27,15,
Jeremiah,27,16,
Jeremiah,27,17,
Jeremiah,27,18,
Jeremiah,27,19,
Jeremiah,27,20,
Jeremiah,27,21,
Jeremiah,27,22,
Jeremiah,28,1,
Jeremiah,28,2,
Jeremiah,28,3,
Jeremiah,28,4,
Jeremiah,28,5,
Jeremiah,28,6,
Jeremiah,28,7,
Jeremiah,28,8,
Jeremiah,28,9,
Jeremiah,28,10,
Jeremiah,28,11,
Jeremiah,28,12,
Jeremiah,28,13,
Jeremiah,28,14,
Jeremiah,28,15,
Jeremiah,28,16,
Jeremiah,28,17,
Jeremiah,29,1,
Jeremiah,29,2,
Jeremiah,29,3,
Jeremiah,29,4,
Jeremiah,29,5,
Jeremiah,29,6,
Jeremiah,29,7,
Jeremiah,29,8,
Jeremiah,29,9,
Jeremiah,29,10,
Jeremiah,29,11,
Jeremiah,29,12,
Jeremiah,29,13,
Jeremiah,29,14,
Jeremiah,29,15,
Jeremiah,29,16,
Jeremiah,29,17,
Jeremiah,29,18,
Jeremiah,29,19,
Jeremiah,29,20,
Jeremiah,29,21,
Jeremiah,29,22,
Jeremiah,29,23,
Jeremiah,29,24,
Jeremiah,29,25,
Jeremiah,29,26,
Jeremiah,29,27,
Jeremiah,29,28,
Jeremiah,29,29,
Jeremiah,29,30,
Jeremiah,29,31,
Jeremiah,29,32,
Jeremiah,30,1,
Jeremiah,30,2,
Jeremiah,30,3,
Jeremiah,30,4,
Jeremiah,30,5,
Jeremiah,30,6,
Jeremiah,30,7,
Jeremiah,30,8,
Jeremiah,30,9,
Jeremiah,30,10,
Jeremiah,30,11,
Jeremiah,30,12,
Jeremiah,30,13,
Jeremiah,30,14,
Jeremiah,30,15,
Jeremiah,30,16,
Jeremiah,30,17,
Jeremiah,30,18,
Jeremiah,30,19,
Jeremiah,30,20,
Jeremiah,30,21,
Jeremiah,30,22,
Jeremiah,30,23,
Jeremiah,30,24,
Jeremiah,31,1,
Jeremiah,31,2,
Jeremiah,31,3,
Jeremiah,31,4,
Jeremiah,31,5,
Jeremiah,31,6,
Jeremiah,31,7,
Jeremiah,31,8,
Jeremiah,31,9,
Jeremiah,31,10,
Jeremiah,31,11,
Jeremiah,31,12,
Jeremiah,31,13,
Jeremiah,31,14,
Jeremiah,31,15,
Jeremiah,31,16,
Jeremiah,31,17,
Jeremiah,31,18,
Jeremiah,31,19,
Jeremiah,31,20,
Jeremiah,31,21,
Jeremiah,31,22,
Jeremiah,31,23,
Jeremiah,31,24,
Jeremiah,31,25,
Jeremiah,31,26,
Jeremiah,31,27,
Jeremiah,31,28,
Jeremiah,31,29,
Jeremiah,31,30,
Jeremiah,31,31,
Jeremiah,31,32,
Jeremiah,31,33,
Jeremiah,31,34,
Jeremiah,31,35,
Jeremiah,31,36,
Jeremiah,31,37,
Jeremiah,31,38,
Jeremiah,31,39,
Jeremiah,31,40,
Jeremiah,32,1,
Jeremiah,32,2,
Jeremiah,32,3,
Jeremiah,32,4,
Jeremiah,32,5,
Jeremiah,32,6,
Jeremiah,32,7,
Jeremiah,32,8,
Jeremiah,32,9,
Jeremiah,32,10,
Jeremiah,32,11,
Jeremiah,32,12,
Jeremiah,32,13,
Jeremiah,32,14,
Jeremiah,32,15,
Jeremiah,32,16,
Jeremiah,32,17,
Jeremiah,32,18,
Jeremiah,32,19,
Jeremiah,32,20,
Jeremiah,32,21,
Jeremiah,32,22,
Jeremiah,32,23,
Jeremiah,32,24,
Jeremiah,32,25,
Jeremiah,32,26,
Jeremiah,32,27,
Jeremiah,32,28,
Jeremiah,32,29,
Jeremiah,32,30,
Jeremiah,32,31,
Jeremiah,32,32,
Jeremiah,32,33,
Jeremiah,32,34,
Jeremiah,32,35,
Jeremiah,32,36,
Jeremiah,32,37,
Jeremiah,32,38,
Jeremiah,32,39,
Jeremiah,32,40,
Jeremiah,32,41,
Jeremiah,32,42,
Jeremiah,32,43,
Jeremiah,32,44,
Jeremiah,33,1,
Jeremiah,33,2,
Jeremiah,33,3,
Jeremiah,33,4,
Jeremiah,33,5,
Jeremiah,33,6,
Jeremiah,33,7,
Jeremiah,33,8,
Jeremiah,33,9,
Jeremiah,33,10,
Jeremiah,33,11,
Jeremiah,33,12,
Jeremiah,33,13,
Jeremiah,33,14,
Jeremiah,33,15,
Jeremiah,33,16,
Jeremiah,33,17,
Jeremiah,33,18,
Jeremiah,33,19,
Jeremiah,33,20,
Jeremiah,33,21,
Jeremiah,33,22,
Jeremiah,33,23,
Jeremiah,33,24,
Jeremiah,33,25,
Jeremiah,33,26,
Jeremiah,34,1,
Jeremiah,34,2,
Jeremiah,34,3,
Jeremiah,34,4,
Jeremiah,34,5,
Jeremiah,34,6,
Jeremiah,34,7,
Jeremiah,34,8,
Jeremiah,34,9,
Jeremiah,34,10,
Jeremiah,34,11,
Jeremiah,34,12,
Jeremiah,34,13,
Jeremiah,34,14,
Jeremiah,34,15,
Jeremiah,34,16,
Jeremiah,34,17,
Jeremiah,34,18,
Jeremiah,34,19,
Jeremiah,34,20,
Jeremiah,34,21,
Jeremiah,34,22,
Jeremiah,35,1,
Jeremiah,35,2,
Jeremiah,35,3,
Jeremiah,35,4,
Jeremiah,35,5,
Jeremiah,35,6,
Jeremiah,35,7,
Jeremiah,35,8,
Jeremiah,35,9,
Jeremiah,35,10,
Jeremiah,35,11,
Jeremiah,35,12,
Jeremiah,35,13,
Jeremiah,35,14,
Jeremiah,35,15,
Jeremiah,35,16,
Jeremiah,35,17,
Jeremiah,35,18,
Jeremiah,35,19,
Jeremiah,36,1,
Jeremiah,36,2,
Jeremiah,36,3,
Jeremiah,36,4,
Jeremiah,36,5,
Jeremiah,36,6,
Jeremiah,36,7,
Jeremiah,36,8,
Jeremiah,36,9,
Jeremiah,36,10,
Jeremiah,36,11,
Jeremiah,36,12,
Jeremiah,36,13,
Jeremiah,36,14,
Jeremiah,36,15,
Jeremiah,36,16,
Jeremiah,36,17,
Jeremiah,36,18,
Jeremiah,36,19,
Jeremiah,36,20,
Jeremiah,36,21,
Jeremiah,36,22,
Jeremiah,36,23,
Jeremiah,36,24,
Jeremiah,36,25,
Jeremiah,36,26,
Jeremiah,36,27,
Jeremiah,36,28,
Jeremiah,36,29,
Jeremiah,36,30,
Jeremiah,36,31,
Jeremiah,36,32,
Jeremiah,37,1,
Jeremiah,37,2,
Jeremiah,37,3,
Jeremiah,37,4,
Jeremiah,37,5,
Jeremiah,37,6,
Jeremiah,37,7,
Jeremiah,37,8,
Jeremiah,37,9,
Jeremiah,37,10,
Jeremiah,37,11,
Jeremiah,37,12,
Jeremiah,37,13,
Jeremiah,37,14,
Jeremiah,37,15,
Jeremiah,37,16,
Jeremiah,37,17,
Jeremiah,37,18,
Jeremiah,37,19,
Jeremiah,37,20,
Jeremiah,37,21,
Jeremiah,38,1,
Jeremiah,38,2,
Jeremiah,38,3,
Jeremiah,38,4,
Jeremiah,38,5,
Jeremiah,38,6,
Jeremiah,38,7,
Jeremiah,38,8,
Jeremiah,38,9,
Jeremiah,38,10,
Jeremiah,38,11,
Jeremiah,38,12,
Jeremiah,38,13,
Jeremiah,38,14,
Jeremiah,38,15,
Jeremiah,38,16,
Jeremiah,38,17,
Jeremiah,38,18,
Jeremiah,38,19,
Jeremiah,38,20,
Jeremiah,38,21,
Jeremiah,38,22,
Jeremiah,38,23,
Jeremiah,38,24,
Jeremiah,38,25,
Jeremiah,38,26,
Jeremiah,38,27,
Jeremiah,38,28,
Jeremiah,39,1,
Jeremiah,39,2,
Jeremiah,39,3,
Jeremiah,39,4,
Jeremiah,39,5,
Jeremiah,39,6,
Jeremiah,39,7,
Jeremiah,39,8,
Jeremiah,39,9,
Jeremiah,39,10,
Jeremiah,39,11,
Jeremiah,39,12,
Jeremiah,39,13,
Jeremiah,39,14,
Jeremiah,39,15,
Jeremiah,39,16,
Jeremiah,39,17,
Jeremiah,39,18,
Jeremiah,40,1,
Jeremiah,40,2,
Jeremiah,40,3,
Jeremiah,40,4,
Jeremiah,40,5,
Jeremiah,40,6,
Jeremiah,40,7,
Jeremiah,40,8,
Jeremiah,40,9,
Jeremiah,40,10,
Jeremiah,40,11,
Jeremiah,40,12,
Jeremiah,40,13,
Jeremiah,40,14,
Jeremiah,40,15,
Jeremiah,40,16,
Jeremiah,41,1,
Jeremiah,41,2,
Jeremiah,41,3,
Jeremiah,41,4,
Jeremiah,41,5,
Jeremiah,41,6,
Jeremiah,41,7,
Jeremiah,41,8,
Jeremiah,41,9,
Jeremiah,41,10,
Jeremiah,41,11,
Jeremiah,41,12,
Jeremiah,41,13,
Jeremiah,41,14,
Jeremiah,41,15,
Jeremiah,41,16,
Jeremiah,41,17,
Jeremiah,41,18,
Jeremiah,42,1,
Jeremiah,42,2,
Jeremiah,42,3,
Jeremiah,42,4,
Jeremiah,42,5,
Jeremiah,42,6,
Jeremiah,42,7,
Jeremiah,42,8,
Jeremiah,42,9,
Jeremiah,42,10,
Jeremiah,42,11,
Jeremiah,42,12,
Jeremiah,42,13,
Jeremiah,42,14,
Jeremiah,42,15,
Jeremiah,42,16,
Jeremiah,42,17,
Jeremiah,42,18,
Jeremiah,42,19,
Jeremiah,42,20,
Jeremiah,42,21,
Jeremiah,42,22,
Jeremiah,43,1,
Jeremiah,43,2,
Jeremiah,43,3,
Jeremiah,43,4,
Jeremiah,43,5,
Jeremiah,43,6,
Jeremiah,43,7,
Jeremiah,43,8,
Jeremiah,43,9,
Jeremiah,43,10,
Jeremiah,43,11,
Jeremiah,43,12,
Jeremiah,43,13,
Jeremiah,44,1,
Jeremiah,44,2,
Jeremiah,44,3,
Jeremiah,44,4,
Jeremiah,44,5,
Jeremiah,44,6,
Jeremiah,44,7,
Jeremiah,44,8,
Jeremiah,44,9,
Jeremiah,44,10,
Jeremiah,44,11,
Jeremiah,44,12,
Jeremiah,44,13,
Jeremiah,44,14,
Jeremiah,44,15,
Jeremiah,44,16,
Jeremiah,44,17,
Jeremiah,44,18,
Jeremiah,44,19,
Jeremiah,44,20,
Jeremiah,44,21,
Jeremiah,44,22,
Jeremiah,44,23,
Jeremiah,44,24,
Jeremiah,44,25,
Jeremiah,44,26,
Jeremiah,44,27,
Jeremiah,44,28,
Jeremiah,44,29,
Jeremiah,44,30,
Jeremiah,45,1,
Jeremiah,45,2,
Jeremiah,45,3,
Jeremiah,45,4,
Jeremiah,45,5,
Jeremiah,46,1,
Jeremiah,46,2,
Jeremiah,46,3,
Jeremiah,46,4,
Jeremiah,46,5,
Jeremiah,46,6,
Jeremiah,46,7,
Jeremiah,46,8,
Jeremiah,46,9,
Jeremiah,46,10,
Jeremiah,46,11,
Jeremiah,46,12,
Jeremiah,46,13,
Jeremiah,46,14,
Jeremiah,46,15,
Jeremiah,46,16,
Jeremiah,46,17,
Jeremiah,46,18,
Jeremiah,46,19,
Jeremiah,46,20,
Jeremiah,46,21,
Jeremiah,46,22,
Jeremiah,46,23,
Jeremiah,46,24,
Jeremiah,46,25,
Jeremiah,46,26,
Jeremiah,46,27,
Jeremiah,46,28,
Jeremiah,47,1,
Jeremiah,47,2,
Jeremiah,47,3,
Jeremiah,47,4,
Jeremiah,47,5,
Jeremiah,47,6,
Jeremiah,47,7,
Jeremiah,48,1,
Jeremiah,48,2,
Jeremiah,48,3,
Jeremiah,48,4,
Jeremiah,48,5,
Jeremiah,48,6,
Jeremiah,48,7,
Jeremiah,48,8,
Jeremiah,48,9,
Jeremiah,48,10,
Jeremiah,48,11,
Jeremiah,48,12,
Jeremiah,48,13,
Jeremiah,48,14,
Jeremiah,48,15,
Jeremiah,48,16,
Jeremiah,48,17,
Jeremiah,48,18,
Jeremiah,48,19,
Jeremiah,48,20,
Jeremiah,48,21,
Jeremiah,48,22,
Jeremiah,48,23,
Jeremiah,48,24,
Jeremiah,48,25,
Jeremiah,48,26,
Jeremiah,48,27,
Jeremiah,48,28,
Jeremiah,48,29,
Jeremiah,48,30,
Jeremiah,48,31,
Jeremiah,48,32,
Jeremiah,48,33,
Jeremiah,48,34,
Jeremiah,48,35,
Jeremiah,48,36,
Jeremiah,48,37,
Jeremiah,48,38,
Jeremiah,48,39,
Jeremiah,48,40,
Jeremiah,48,41,
Jeremiah,48,42,
Jeremiah,48,43,
Jeremiah,48,44,
Jeremiah,48,45,
Jeremiah,48,46,
Jeremiah,48,47,
Jeremiah,49,1,
Jeremiah,49,2,
Jeremiah,49,3,
Jeremiah,49,4,
Jeremiah,49,5,
Jeremiah,49,6,
Jeremiah,49,7,
Jeremiah,49,8,
Jeremiah,49,9,
Jeremiah,49,10,
Jeremiah,49,11,
Jeremiah,49,12,
Jeremiah,49,13,
Jeremiah,49,14,
Jeremiah,49,15,
Jeremiah,49,16,
Jeremiah,49,17,
Jeremiah,49,18,
Jeremiah,49,19,
Jeremiah,49,20,
Jeremiah,49,21,
Jeremiah,49,22,
Jeremiah,49,23,
Jeremiah,49,24,
Jeremiah,49,25,
Jeremiah,49,26,
Jeremiah,49,27,
Jeremiah,49,28,
Jeremiah,49,29,
Jeremiah,49,30,
Jeremiah,49,31,
Jeremiah,49,32,
Jeremiah,49,33,
Jeremiah,49,34,
Jeremiah,49,35,
Jeremiah,49,36,
Jeremiah,49,37,
Jeremiah,49,38,
Jeremiah,49,39,
Jeremiah,50,1,
Jeremiah,50,2,
Jeremiah,50,3,
Jeremiah,50,4,
Jeremiah,50,5,
Jeremiah,50,6,
Jeremiah,50,7,
Jeremiah,50,8,
Jeremiah,50,9,
Jeremiah,50,10,
Jeremiah,50,11,
Jeremiah,50,12,
Jeremiah,50,13,
Jeremiah,50,14,
Jeremiah,50,15,
Jeremiah,50,16,
Jeremiah,50,17,
Jeremiah,50,18,
Jeremiah,50,19,
Jeremiah,50,20,
Jeremiah,50,21,
Jeremiah,50,22,
Jeremiah,50,23,
Jeremiah,50,24,
Jeremiah,50,25,
Jeremiah,50,26,
Jeremiah,50,27,
Jeremiah,50,28,
Jeremiah,50,29,
Jeremiah,50,30,
Jeremiah,50,31,
Jeremiah,50,32,
Jeremiah,50,33,
Jeremiah,50,34,
Jeremiah,50,35,
Jeremiah,50,36,
Jeremiah,50,37,
Jeremiah,50,38,
Jeremiah,50,39,
Jeremiah,50,40,
Jeremiah,50,41,
Jeremiah,50,42,
Jeremiah,50,43,
Jeremiah,50,44,
Jeremiah,50,45,
Jeremiah,50,46,
Jeremiah,51,1,
Jeremiah,51,2,
Jeremiah,51,3,
Jeremiah,51,4,
Jeremiah,51,5,
Jeremiah,51,6,
Jeremiah,51,7,
Jeremiah,51,8,
Jeremiah,51,9,
Jeremiah,51,10,
Jeremiah,51,11,
Jeremiah,51,12,
Jeremiah,51,13,
Jeremiah,51,14,
Jeremiah,51,15,
Jeremiah,51,16,
Jeremiah,51,17,
Jeremiah,51,18,
Jeremiah,51,19,
Jeremiah,51,20,
Jeremiah,51,21,
Jeremiah,51,22,
Jeremiah,51,23,
Jeremiah,51,24,
Jeremiah,51,25,
Jeremiah,51,26,
Jeremiah,51,27,
Jeremiah,51,28,
Jeremiah,51,29,
Jeremiah,51,30,
Jeremiah,51,31,
Jeremiah,51,32,
Jeremiah,51,33,
Jeremiah,51,34,
Jeremiah,51,35,
Jeremiah,51,36,
Jeremiah,51,37,
Jeremiah,51,38,
Jeremiah,51,39,
Jeremiah,51,40,
Jeremiah,51,41,
Jeremiah,51,42,
Jeremiah,51,43,
Jeremiah,51,44,
Jeremiah,51,45,
Jeremiah,51,46,
Jeremiah,51,47,
Jeremiah,51,48,
Jeremiah,51,49,
Jeremiah,51,50,
Jeremiah,51,51,
Jeremiah,51,52,
Jeremiah,51,53,
Jeremiah,51,54,
Jeremiah,51,55,
Jeremiah,51,56,
Jeremiah,51,57,
Jeremiah,51,58,
Jeremiah,51,59,
Jeremiah,51,60,
Jeremiah,51,61,
Jeremiah,51,62,
Jeremiah,51,63,
Jeremiah,51,64,
Jeremiah,52,1,
Jeremiah,52,2,
Jeremiah,52,3,
Jeremiah,52,4,
Jeremiah,52,5,
Jeremiah,52,6,
Jeremiah,52,7,
Jeremiah,52,8,
Jeremiah,52,9,
Jeremiah,52,10,
Jeremiah,52,11,
Jeremiah,52,12,
Jeremiah,52,13,
Jeremiah,52,14,
Jeremiah,52,15,
Jeremiah,52,16,
Jeremiah,52,17,
Jeremiah,52,18,
Jeremiah,52,19,
Jeremiah,52,20,
Jeremiah,52,21,
Jeremiah,52,22,
Jeremiah,52,23,
Jeremiah,52,24,
Jeremiah,52,25,
Jeremiah,52,26,
Jeremiah,52,27,
Jeremiah,52,28,
Jeremiah,52,29,
Jeremiah,52,30,
Jeremiah,52,31,
Jeremiah,52,32,
Jeremiah,52,33,
Jeremiah,52,34,
Lamentations,1,1,
Lamentations,1,2,
Lamentations,1,3,
Lamentations,1,4,
Lamentations,1,5,
Lamentations,1,6,
Lamentations,1,7,
Lamentations,1,8,
Lamentations,1,9,
Lamentations,1,10,
Lamentations,1,11,
Lamentations,1,12,
Lamentations,1,13,
Lamentations,1,14,
Lamentations,1,15,
Lamentations,1,16,
Lamentations,1,17,
Lamentations,1,18,
Lamentations,1,19,
Lamentations,1,20,
Lamentations,1,21,
Lamentations,1,22,
Lamentations,2,1,
Lamentations,2,2,
Lamentations,2,3,
Lamentations,2,4,
Lamentations,2,5,
Lamentations,2,6,
Lamentations,2,7,
Lamentations,2,8,
Lamentations,2,9,
Lamentations,2,10,
Lamentations,2,11,
Lamentations,2,12,
Lamentations,2,13,
Lamentations,2,14,
Lamentations,2,15,
Lamentations,2,16,
Lamentations,2,17,
Lamentations,2,18,
Lamentations,2,19,
Lamentations,2,20,
Lamentations,2,21,
Lamentations,2,22,
Lamentations,3,1,
Lamentations,3,2,
Lamentations,3,3,
Lamentations,3,4,
Lamentations,3,5,
Lamentations,3,6,
Lamentations,3,7,
Lamentations,3,8,
Lamentations,3,9,
Lamentations,3,10,
Lamentations,3,11,
Lamentations,3,12,
Lamentations,3,13,
Lamentations,3,14,
Lamentations,3,15,
Lamentations,3,16,
Lamentations,3,17,
Lamentations,3,18,
Lamentations,3,19,
Lamentations,3,20,
Lamentations,3,21,
Lamentations,3,22,
Lamentations,3,23,
Lamentations,3,24,
Lamentations,3,25,
Lamentations,3,26,
Lamentations,3,27,
Lamentations,3,28,
Lamentations,3,29,
Lamentations,3,30,
Lamentations,3,31,
Lamentations,3,32,
Lamentations,3,33,
Lamentations,3,34,
Lamentations,3,35,
Lamentations,3,36,
Lamentations,3,37,
Lamentations,3,38,
Lamentations,3,39,
Lamentations,3,40,
Lamentations,3,41,
Lamentations,3,42,
Lamentations,3,43,
Lamentations,3,44,
Lamentations,3,45,
Lamentations,3,46,
Lamentations,3,47,
Lamentations,3,48,
Lamentations,3,49,
Lamentations,3,50,
Lamentations,3,51,
Lamentations,3,52,
Lamentations,3,53,
Lamentations,3,54,
Lamentations,3,55,
Lamentations,3,56,
Lamentations,3,57,
Lamentations,3,58,
Lamentations,3,59,
Lamentations,3,60,
Lamentations,3,61,
Lamentations,3,62,
Lamentations,3,63,
Lamentations,3,64,
Lamentations,3,65,
Lamentations,3,66,
Lamentations,4,1,
Lamentations,4,2,
Lamentations,4,3,
Lamentations,4,4,
Lamentations,4,5,
Lamentations,4,6,
Lamentations,4,7,
Lamentations,4,8,
Lamentations,4,9,
Lamentations,4,10,
Lamentations,4,11,
Lamentations,4,12,
Lamentations,4,13,
Lamentations,4,14,
Lamentations,4,15,
Lamentations,4,16,
Lamentations,4,17,
Lamentations,4,18,
Lamentations,4,19,
Lamentations,4,20,
Lamentations,4,21,
Lamentations,4,22,
Lamentations,5,1,
Lamentations,5,2,
Lamentations,5,3,
Lamentations,5,4,
Lamentations,5,5,
Lamentations,5,6,
Lamentations,5,7,
Lamentations,5,8,
Lamentations,5,9,
Lamentations,5,10,
Lamentations,5,11,
Lamentations,5,12,
Lamentations,5,13,
Lamentations,5,14,
Lamentations,5,15,
Lamentations,5,16,
Lamentations,5,17,
Lamentations,5,18,
Lamentations,5,19,
Lamentations,5,20,
Lamentations,5,21,
Lamentations,5,22,
Ezekiel,1,1,
Ezekiel,1,2,
Ezekiel,1,3,
Ezekiel,1,4,
Ezekiel,1,5,
Ezekiel,1,6,
Ezekiel,1,7,
Ezekiel,1,8,
Ezekiel,1,9,
Ezekiel,1,10,
Ezekiel,1,11,
Ezekiel,1,12,
Ezekiel,1,13,
Ezekiel,1,14,
Ezekiel,1,15,
Ezekiel,1,16,
Ezekiel,1,17,
Ezekiel,1,18,
Ezekiel,1,19,
Ezekiel,1,20,
Ezekiel,1,21,
Ezekiel,1,22,
Ezekiel,1,23,
Ezekiel,1,24,
Ezekiel,1,25,
Ezekiel,1,26,
Ezekiel,1,27,
Ezekiel,1,28,
Ezekiel,2,1,
Ezekiel,2,2,
Ezekiel,2,3,
Ezekiel,2,4,
Ezekiel,2,5,
Ezekiel,2,6,
Ezekiel,2,7,
Ezekiel,2,8,
Ezekiel,2,9,
Ezekiel,2,10,
Ezekiel,3,1,
Ezekiel,3,2,
Ezekiel,3,3,
Ezekiel,3,4,
Ezekiel,3,5,
Ezekiel,3,6,
Ezekiel,3,7,
Ezekiel,3,8,
Ezekiel,3,9,
Ezekiel,3,10,
Ezekiel,3,11,
Ezekiel,3,12,
Ezekiel,3,13,
Ezekiel,3,14,
Ezekiel,3,15,
Ezekiel,3,16,
Ezekiel,3,17,
Ezekiel,3,18,
Ezekiel,3,19,
Ezekiel,3,20,
Ezekiel,3,21,
Ezekiel,3,22,
Ezekiel,3,23,
Ezekiel,3,24,
Ezekiel,3,25,
Ezekiel,3,26,
Ezekiel,3,27,
Ezekiel,4,1,
Ezekiel,4,2,
Ezekiel,4,3,
Ezekiel,4,4,
Ezekiel,4,5,
Ezekiel,4,6,
Ezekiel,4,7,
Ezekiel,4,8,
Ezekiel,4,9,
Ezekiel,4,10,
Ezekiel,4,11,
Ezekiel,4,12,
Ezekiel,4,13,
Ezekiel,4,14,
Ezekiel,4,15,
Ezekiel,4,16,
Ezekiel,4,17,
Ezekiel,5,1,
Ezekiel,5,2,
Ezekiel,5,3,
Ezekiel,5,4,
Ezekiel,5,5,
Ezekiel,5,6,
Ezekiel,5,7,
Ezekiel,5,8,
Ezekiel,5,9,
Ezekiel,5,10,
Ezekiel,5,11,
Ezekiel,5,12,
Ezekiel,5,13,
Ezekiel,5,14,
Ezekiel,5,15,
Ezekiel,5,16,
Ezekiel,5,17,
Ezekiel,6,1,
Ezekiel,6,2,
Ezekiel,6,3,
Ezekiel,6,4,
Ezekiel,6,5,
Ezekiel,6,6,
Ezekiel,6,7,
Ezekiel,6,8,
Ezekiel,6,9,
Ezekiel,6,10,
Ezekiel,6,11,
Ezekiel,6,12,
Ezekiel,6,13,
Ezekiel,6,14,
Ezekiel,7,1,
Ezekiel,7,2,
Ezekiel,7,3,
Ezekiel,7,4,
Ezekiel,7,5,
Ezekiel,7,6,
Ezekiel,7,7,
Ezekiel,7,8,
Ezekiel,7,9,
Ezekiel,7,10,
Ezekiel,7,11,
Ezekiel,7,12,
Ezekiel,7,13,
Ezekiel,7,14,
Ezekiel,7,15,
Ezekiel,7,16,
Ezekiel,7,17,
Ezekiel,7,18,
Ezekiel,7,19,
Ezekiel,7,20,
Ezekiel,7,21,
Ezekiel,7,22,
Ezekiel,7,23,
Ezekiel,7,24,
Ezekiel,7,25,
Ezekiel,7,26,
Ezekiel,7,27,
Ezekiel,8,1,
Ezekiel,8,2,
Ezekiel,8,3,
Ezekiel,8,4,
Ezekiel,8,5,
Ezekiel,8,6,
Ezekiel,8,7,
Ezekiel,8,8,
Ezekiel,8,9,
Ezekiel,8,10,
Ezekiel,8,11,
Ezekiel,8,12,
Ezekiel,8,13,
Ezekiel,8,14,
Ezekiel,8,15,
Ezekiel,8,16,
Ezekiel,8,17,
Ezekiel,8,18,
Ezekiel,9,1,
Ezekiel,9,2,
Ezekiel,9,3,
Ezekiel,9,4,
Ezekiel,9,5,
Ezekiel,9,6,
Ezekiel,9,7,
Ezekiel,9,8,
Ezekiel,9,9,
Ezekiel,9,10,
Ezekiel,9,11,
Ezekiel,10,1,
Ezekiel,10,2,
Ezekiel,10,3,
Ezekiel,10,4,
Ezekiel,10,5,
Ezekiel,10,6,
Ezekiel,10,7,
Ezekiel,10,8,
Ezekiel,10,9,
Ezekiel,10,10,
Ezekiel,10,11,
Ezekiel,10,12,
Ezekiel,10,13,
Ezekiel,10,14,
Ezekiel,10,15,
Ezekiel,10,16,
Ezekiel,10,17,
Ezekiel,10,18,
Ezekiel,10,19,
Ezekiel,10,20,
Ezekiel,10,21,
Ezekiel,10,22,
Ezekiel,11,1,
Ezekiel,11,2,
Ezekiel,11,3,
Ezekiel,11,4,
Ezekiel,11,5,
Ezekiel,11,6,
Ezekiel,11,7,
Ezekiel,11,8,
Ezekiel,11,9,
Ezekiel,11,10,
Ezekiel,11,11,
Ezekiel,11,12,
Ezekiel,11,13,
Ezekiel,11,14,
Ezekiel,11,15,
Ezekiel,11,16,
Ezekiel,11,17,
Ezekiel,11,18,
Ezekiel,11,19,
Ezekiel,11,20,
Ezekiel,11,21,
Ezekiel,11,22,
Ezekiel,11,23,
Ezekiel,11,24,
Ezekiel,11,25,
Ezekiel,12,1,
Ezekiel,12,2,
Ezekiel,12,3,
Ezekiel,12,4,
Ezekiel,12,5,
Ezekiel,12,6,
Ezekiel,12,7,
Ezekiel,12,8,
Ezekiel,12,9,
Ezekiel,12,10,
Ezekiel,12,11,
Ezekiel,12,12,
Ezekiel,12,13,
Ezekiel,12,14,
Ezekiel,12,15,
Ezekiel,12,16,
Ezekiel,12,17,
Ezekiel,12,18,
Ezekiel,12,19,
Ezekiel,12,20,
Ezekiel,12,21,
Ezekiel,12,22,
Ezekiel,12,23,
Ezekiel,12,24,
Ezekiel,12,25,
Ezekiel,12,26,
Ezekiel,12,27,
Ezekiel,12,28,
Ezekiel,13,1,
Ezekiel,13,2,
Ezekiel,13,3,
Ezekiel,13,4,
Ezekiel,13,5,
Ezekiel,13,6,
Ezekiel,13,7,
Ezekiel,13,8,
Ezekiel,13,9,
Ezekiel,13,10,
Ezekiel,13,11,
Ezekiel,13,12,
Ezekiel,13,13,
Ezekiel,13,14,
Ezekiel,13,15,
Ezekiel,13,16,
Ezekiel,13,17,
Ezekiel,13,18,
Ezekiel,13,19,
Ezekiel,13,20,
Ezekiel,13,21,
Ezekiel,13,22,
Ezekiel,13,23,
Ezekiel,14,1,
Ezekiel,14,2,
Ezekiel,14,3,
Ezekiel,14,4,
Ezekiel,14,5,
Ezekiel,14,6,
Ezekiel,14,7,
Ezekiel,14,8,
Ezekiel,14,9,
Ezekiel,14,10,
Ezekiel,14,11,
Ezekiel,14,12,
Ezekiel,14,13,
Ezekiel,14,14,
Ezekiel,14,15,
Ezekiel,14,16,
Ezekiel,14,17,
Ezekiel,14,18,
Ezekiel,14,19,
Ezekiel,14,20,
Ezekiel,14,21,
Ezekiel,14,22,
Ezekiel,14,23,
Ezekiel,15,1,
Ezekiel,15,2,
Ezekiel,15,3,
Ezekiel,15,4,
Ezekiel,15,5,
Ezekiel,15,6,
Ezekiel,15,7,
Ezekiel,15,8,
Ezekiel,16,1,
Ezekiel,16,2,
Ezekiel,16,3,
Ezekiel,16,4,
Ezekiel,16,5,
Ezekiel,16,6,
Ezekiel,16,7,
Ezekiel,16,8,
Ezekiel,16,9,
Ezekiel,16,10,
Ezekiel,16,11,
Ezekiel,16,12,
Ezekiel,16,13,
Ezekiel,16,14,
Ezekiel,16,15,
Ezekiel,16,16,
Ezekiel,16,17,
Ezekiel,16,18,
Ezekiel,16,19,
Ezekiel,16,20,
Ezekiel,16,21,
Ezekiel,16,22,
Ezekiel,16,23,
Ezekiel,16,24,
Ezekiel,16,25,
Ezekiel,16,26,
Ezekiel,16,27,
Ezekiel,16,28,
Ezekiel,16,29,
Ezekiel,16,30,
Ezekiel,16,31,
Ezekiel,16,32,
Ezekiel,16,33,
Ezekiel,16,34,
Ezekiel,16,35,
Ezekiel,16,36,
Ezekiel,16,37,
Ezekiel,16,38,
Ezekiel,16,39,
Ezekiel,16,40,
Ezekiel,16,41,
Ezekiel,16,42,
Ezekiel,16,43,
Ezekiel,16,44,
Ezekiel,16,45,
Ezekiel,16,46,
Ezekiel,16,47,
Ezekiel,16,48,
Ezekiel,16,49,
Ezekiel,16,50,
Ezekiel,16,51,
Ezekiel,16,52,
Ezekiel,16,53,
Ezekiel,16,54,
Ezekiel,16,55,
Ezekiel,16,56,
Ezekiel,16,57,
Ezekiel,16,58,
Ezekiel,16,59,
Ezekiel,16,60,
Ezekiel,16,61,
Ezekiel,16,62,
Ezekiel,16,63,
Ezekiel,17,1,
Ezekiel,17,2,
Ezekiel,17,3,
Ezekiel,17,4,
Ezekiel,17,5,
Ezekiel,17,6,
Ezekiel,17,7,
Ezekiel,17,8,
Ezekiel,17,9,
Ezekiel,17,10,
Ezekiel,17,11,
Ezekiel,17,12,
Ezekiel,17,13,
Ezekiel,17,14,
Ezekiel,17,15,
Ezekiel,17,16,
Ezekiel,17,17,
Ezekiel,17,18,
Ezekiel,17,19,
Ezekiel,17,20,
Ezekiel,17,21,
Ezekiel,17,22,
Ezekiel,17,23,
Ezekiel,17,24,
Ezekiel,18,1,
Ezekiel,18,2,
Ezekiel,18,3,
Ezekiel,18,4,
Ezekiel,18,5,
Ezekiel,18,6,
Ezekiel,18,7,
Ezekiel,18,8,
Ezekiel,18,9,
Ezekiel,18,10,
Ezekiel,18,11,
Ezekiel,18,12,
Ezekiel,18,13,
Ezekiel,18,14,
Ezekiel,18,15,
Ezekiel,18,16,
Ezekiel,18,17,
Ezekiel,18,18,
Ezekiel,18,19,
Ezekiel,18,20,
Ezekiel,18,21,
Ezekiel,18,22,
Ezekiel,18,23,
Ezekiel,18,24,
Ezekiel,18,25,
Ezekiel,18,26,
Ezekiel,18,27,
Ezekiel,18,28,
Ezekiel,18,29,
Ezekiel,18,30,
Ezekiel,18,31,
Ezekiel,18,32,
Ezekiel,19,1,
Ezekiel,19,2,
Ezekiel,19,3,
Ezekiel,19,4,
Ezekiel,19,5,
Ezekiel,19,6,
Ezekiel,19,7,
Ezekiel,19,8,
Ezekiel,19,9,
Ezekiel,19,10,
Ezekiel,19,11,
Ezekiel,19,12,
Ezekiel,19,13,
Ezekiel,19,14,
Ezekiel,20,1,
Ezekiel,20,2,
Ezekiel,20,3,
Ezekiel,20,4,
Ezekiel,20,5,
Ezekiel,20,6,
Ezekiel,20,7,
Ezekiel,20,8,
Ezekiel,20,9,
Ezekiel,20,10,
Ezekiel,20,11,
Ezekiel,20,12,
Ezekiel,20,13,
Ezekiel,20,14,
Ezekiel,20,15,
Ezekiel,20,16,
Ezekiel,20,17,
Ezekiel,20,18,
Ezekiel,20,19,
Ezekiel,20,20,
Ezekiel,20,21,
Ezekiel,20,22,
Ezekiel,20,23,
Ezekiel,20,24,
Ezekiel,20,25,
Ezekiel,20,26,
Ezekiel,20,27,
Ezekiel,20,28,
Ezekiel,20,29,
Ezekiel,20,30,
Ezekiel,20,31,
Ezekiel,20,32,
Ezekiel,20,33,
Ezekiel,20,34,
Ezekiel,20,35,
Ezekiel,20,36,
Ezekiel,20,37,
Ezekiel,20,38,
Ezekiel,20,39,
Ezekiel,20,40,
Ezekiel,20,41,
Ezekiel,20,42,
Ezekiel,20,43,
Ezekiel,20,44,
Ezekiel,20,45,
Ezekiel,20,46,
Ezekiel,20,47,
Ezekiel,20,48,
Ezekiel,20,49,
Ezekiel,21,1,
Ezekiel,21,2,
Ezekiel,21,3,
Ezekiel,21,4,
Ezekiel,21,5,
Ezekiel,21,6,
Ezekiel,21,7,
Ezekiel,21,8,
Ezekiel,21,9,
Ezekiel,21,10,
Ezekiel,21,11,
Ezekiel,21,12,
Ezekiel,21,13,
Ezekiel,21,14,
Ezekiel,21,15,
Ezekiel,21,16,
Ezekiel,21,17,
Ezekiel,21,18,
Ezekiel,21,19,
Ezekiel,21,20,
Ezekiel,21,21,
Ezekiel,21,22,
Ezekiel,21,23,
Ezekiel,21,24,
Ezekiel,21,25,
Ezekiel,21,26,
Ezekiel,21,27,
Ezekiel,21,28,
Ezekiel,21,29,
Ezekiel,21,30,
Ezekiel,21,31,
Ezekiel,21,32,
Ezekiel,22,1,
Ezekiel,22,2,
Ezekiel,22,3,
Ezekiel,22,4,
Ezekiel,22,5,
Ezekiel,22,6,
Ezekiel,22,7,
Ezekiel,22,8,
Ezekiel,22,9,
Ezekiel,22,10,
Ezekiel,22,11,
Ezekiel,22,12,
Ezekiel,22,13,
Ezekiel,22,14,
Ezekiel,22,15,
Ezekiel,22,16,
Ezekiel,22,17,
Ezekiel,22,18,
Ezekiel,22,19,
Ezekiel,22,20,
Ezekiel,22,21,
Ezekiel,22,22,
Ezekiel,22,23,
Ezekiel,22,24,
Ezekiel,22,25,
Ezekiel,22,26,
Ezekiel,22,27,
Ezekiel,22,28,
Ezekiel,22,29,
Ezekiel,22,30,
Ezekiel,22,31,
Ezekiel,23,1,
Ezekiel,23,2,
Ezekiel,23,3,
Ezekiel,23,4,
Ezekiel,23,5,
Ezekiel,23,6,
Ezekiel,23,7,
Ezekiel,23,8,
Ezekiel,23,9,
Ezekiel,23,10,
Ezekiel,23,11,
Ezekiel,23,12,
Ezekiel,23,13,
Ezekiel,23,14,
Ezekiel,23,15,
Ezekiel,23,16,
Ezekiel,23,17,
Ezekiel,23,18,
Ezekiel,23,19,
Ezekiel,23,20,
Ezekiel,23,21,
Ezekiel,23,22,
Ezekiel,23,23,
Ezekiel,23,24,
Ezekiel,23,25,
Ezekiel,23,26,
Ezekiel,23,27,
Ezekiel,23,28,
Ezekiel,23,29,
Ezekiel,23,30,
Ezekiel,23,31,
Ezekiel,23,32,
Ezekiel,23,33,
Ezekiel,23,34,
Ezekiel,23,35,
Ezekiel,23,36,
Ezekiel,23,37,
Ezekiel,23,38,
Ezekiel,23,39,
Ezekiel,23,40,
Ezekiel,23,41,
Ezekiel,23,42,
Ezekiel,23,43,
Ezekiel,23,44,
Ezekiel,23,45,
Ezekiel,23,46,
Ezekiel,23,47,
Ezekiel,23,48,
Ezekiel,23,49,
Ezekiel,24,1,
Ezekiel,24,2,
Ezekiel,24,3,
Ezekiel,24,4,
Ezekiel,24,5,
Ezekiel,24,6,
Ezekiel,24,7,
Ezekiel,24,8,
Ezekiel,24,9,
Ezekiel,24,10,
Ezekiel,24,11,
Ezekiel,24,12,
Ezekiel,24,13,
Ezekiel,24,14,
Ezekiel,24,15,
Ezekiel,24,16,
Ezekiel,24,17,
Ezekiel,24,18,
Ezekiel,24,19,
Ezekiel,24,20,
Ezekiel,24,21,
Ezekiel,24,22,
Ezekiel,24,23,
Ezekiel,24,24,
Ezekiel,24,25,
Ezekiel,24,26,
Ezekiel,24,27,
Ezekiel,25,1,
Ezekiel,25,2,
Ezekiel,25,3,
Ezekiel,25,4,
Ezekiel,25,5,
Ezekiel,25,6,
Ezekiel,25,7,
Ezekiel,25,8,
Ezekiel,25,9,
Ezekiel,25,10,
Ezekiel,25,11,
Ezekiel,25,12,
Ezekiel,25,13,
Ezekiel,25,14,
Ezekiel,25,15,
Ezekiel,25,16,
Ezekiel,25,17,
Ezekiel,26,1,
Ezekiel,26,2,
Ezekiel,26,3,
Ezekiel,26,4,
Ezekiel,26,5,
Ezekiel,26,6,
Ezekiel,26,7,
Ezekiel,26,8,
Ezekiel,26,9,
Ezekiel,26,10,
Ezekiel,26,11,
Ezekiel,26,12,
Ezekiel,26,13,
Ezekiel,26,14,
Ezekiel,26,15,
Ezekiel,26,16,
Ezekiel,26,17,
Ezekiel,26,18,
Ezekiel,26,19,
Ezekiel,26,20,
Ezekiel,26,21,
Ezekiel,27,1,
Ezekiel,27,2,
Ezekiel,27,3,
Ezekiel,27,4,
Ezekiel,27,5,
Ezekiel,27,6,
Ezekiel,27,7,
Ezekiel,27,8,
Ezekiel,27,9,
Ezekiel,27,10,
Ezekiel,27,11,
Ezekiel,27,12,
Ezekiel,27,13,
Ezekiel,27,14,
Ezekiel,27,15,
Ezekiel,27,16,
Ezekiel,27,17,
Ezekiel,27,18,
Ezekiel,27,19,
Ezekiel,27,20,
Ezekiel,27,21,
Ezekiel,27,22,
Ezekiel,27,23,
Ezekiel,27,24,
Ezekiel,27,25,
Ezekiel,27,26,
Ezekiel,27,27,
Ezekiel,27,28,
Ezekiel,27,29,
Ezekiel,27,30,
Ezekiel,27,31,
Ezekiel,27,32,
Ezekiel,27,33,
Ezekiel,27,34,
Ezekiel,27,35,
Ezekiel,27,36,
Ezekiel,28,1,
Ezekiel,28,2,
Ezekiel,28,3,
Ezekiel,28,4,
Ezekiel,28,5,
Ezekiel,28,6,
Ezekiel,28,7,
Ezekiel,28,8,
Ezekiel,28,9,
Ezekiel,28,10,
Ezekiel,28,11,
Ezekiel,28,12,
Ezekiel,28,13,
Ezekiel,28,14,
Ezekiel,28,15,
Ezekiel,28,16,
Ezekiel,28,17,
Ezekiel,28,18,
Ezekiel,28,19,
Ezekiel,28,20,
Ezekiel,28,21,
Ezekiel,28,22,
Ezekiel,28,23,
Ezekiel,28,24,
Ezekiel,28,25,
Ezekiel,28,26,
Ezekiel,29,1,
Ezekiel,29,2,
Ezekiel,29,3,
Ezekiel,29,4,
Ezekiel,29,5,
Ezekiel,29,6,
Ezekiel,29,7,
Ezekiel,29,8,
Ezekiel,29,9,
Ezekiel,29,10,
Ezekiel,29,11,
Ezekiel,29,12,
Ezekiel,29,13,
Ezekiel,29,14,
Ezekiel,29,15,
Ezekiel,29,16,
Ezekiel,29,17,
Ezekiel,29,18,
Ezekiel,29,19,
Ezekiel,29,20,
Ezekiel,29,21,
Ezekiel,30,1,
Ezekiel,30,2,
Ezekiel,30,3,
Ezekiel,30,4,
Ezekiel,30,5,
Ezekiel,30,6,
Ezekiel,30,7,
Ezekiel,30,8,
Ezekiel,30,9,
Ezekiel,30,10,
Ezekiel,30,11,
Ezekiel,30,12,
Ezekiel,30,13,
Ezekiel,30,14,
Ezekiel,30,15,
Ezekiel,30,16,
Ezekiel,30,17,
Ezekiel,30,18,
Ezekiel,30,19,
Ezekiel,30,20,
Ezekiel,30,21,
Ezekiel,30,22,
Ezekiel,30,23,
Ezekiel,30,24,
Ezekiel,30,25,
Ezekiel,30,26,
Ezekiel,31,1,
Ezekiel,31,2,
Ezekiel,31,3,
Ezekiel,31,4,
Ezekiel,31,5,
Ezekiel,31,6,
Ezekiel,31,7,
Ezekiel,31,8,
Ezekiel,31,9,
Ezekiel,31,10,
Ezekiel,31,11,
Ezekiel,31,12,
Ezekiel,31,13,
Ezekiel,31,14,
Ezekiel,31,15,
Ezekiel,31,16,
Ezekiel,31,17,
Ezekiel,31,18,
Ezekiel,32,1,
Ezekiel,32,2,
Ezekiel,32,3,
Ezekiel,32,4,
Ezekiel,32,5,
Ezekiel,32,6,
Ezekiel,32,7,
Ezekiel,32,8,
Ezekiel,32,9,
Ezekiel,32,10,
Ezekiel,32,11,
Ezekiel,32,12,
Ezekiel,32,13,
Ezekiel,32,14,
Ezekiel,32,15,
Ezekiel,32,16,
Ezekiel,32,17,
Ezekiel,32,18,
Ezekiel,32,19,
Ezekiel,32,20,
Ezekiel,32,21,
Ezekiel,32,22,
Ezekiel,32,23,
Ezekiel,32,24,
Ezekiel,32,25,
Ezekiel,32,26,
Ezekiel,32,27,
Ezekiel,32,28,
Ezekiel,32,29,
Ezekiel,32,30,
Ezekiel,32,31,
Ezekiel,32,32,
Ezekiel,33,1,
Ezekiel,33,2,
Ezekiel,33,3,
Ezekiel,33,4,
Ezekiel,33,5,
Ezekiel,33,6,
Ezekiel,33,7,
Ezekiel,33,8,
Ezekiel,33,9,
Ezekiel,33,10,
Ezekiel,33,11,
Ezekiel,33,12,
Ezekiel,33,13,
Ezekiel,33,14,
Ezekiel,33,15,
Ezekiel,33,16,
Ezekiel,33,17,
Ezekiel,33,18,
Ezekiel,33,19,
Ezekiel,33,20,
Ezekiel,33,21,
Ezekiel,33,22,
Ezekiel,33,23,
Ezekiel,33,24,
Ezekiel,33,25,
Ezekiel,33,26,
Ezekiel,33,27,
Ezekiel,33,28,
Ezekiel,33,29,
Ezekiel,33,30,
Ezekiel,33,31,
Ezekiel,33,32,
Ezekiel,33,33,
Ezekiel,34,1,
Ezekiel,34,2,
Ezekiel,34,3,
Ezekiel,34,4,
Ezekiel,34,5,
Ezekiel,34,6,
Ezekiel,34,7,
Ezekiel,34,8,
Ezekiel,34,9,
Ezekiel,34,10,
Ezekiel,34,11,
Ezekiel,34,12,
Ezekiel,34,13,
Ezekiel,34,14,
Ezekiel,34,15,
Ezekiel,34,16,
Ezekiel,34,17,
Ezekiel,34,18,
Ezekiel,34,19,
Ezekiel,34,20,
Ezekiel,34,21,
Ezekiel,34,22,
Ezekiel,34,23,
Ezekiel,34,24,
Ezekiel,34,25,
Ezekiel,34,26,
Ezekiel,34,27,
Ezekiel,34,28,
Ezekiel,34,29,
Ezekiel,34,30,
Ezekiel,34,31,
Ezekiel,35,1,
Ezekiel,35,2,
Ezekiel,35,3,
Ezekiel,35,4,
Ezekiel,35,5,
Ezekiel,35,6,
Ezekiel,35,7,
Ezekiel,35,8,
Ezekiel,35,9,
Ezekiel,35,10,
Ezekiel,35,11,
Ezekiel,35,12,
Ezekiel,35,13,
Ezekiel,35,14,
Ezekiel,35,15,
Ezekiel,36,1,
Ezekiel,36,2,
Ezekiel,36,3,
Ezekiel,36,4,
Ezekiel,36,5,
Ezekiel,36,6,
Ezekiel,36,7,
Ezekiel,36,8,
Ezekiel,36,9,
Ezekiel,36,10,
Ezekiel,36,11,
Ezekiel,36,12,
Ezekiel,36,13,
Ezekiel,36,14,
Ezekiel,36,15,
Ezekiel,36,16,
Ezekiel,36,17,
Ezekiel,36,18,
Ezekiel,36,19,
Ezekiel,36,20,
Ezekiel,36,21,
Ezekiel,36,22,
Ezekiel,36,23,
Ezekiel,36,24,
Ezekiel,36,25,
Ezekiel,36,26,
Ezekiel,36,27,
Ezekiel,36,28,
Ezekiel,36,29,
Ezekiel,36,30,
Ezekiel,36,31,
Ezekiel,36,32,
Ezekiel,36,33,
Ezekiel,36,34,
Ezekiel,36,35,
Ezekiel,36,36,
Ezekiel,36,37,
Ezekiel,36,38,
Ezekiel,37,1,
Ezekiel,37,2,
Ezekiel,37,3,
Ezekiel,37,4,
Ezekiel,37,5,
Ezekiel,37,6,
Ezekiel,37,7,
Ezekiel,37,8,
Ezekiel,37,9,
Ezekiel,37,10,
Ezekiel,37,11,
Ezekiel,37,12,
Ezekiel,37,13,
Ezekiel,37,14,
Ezekiel,37,15,
Ezekiel,37,16,
Ezekiel,37,17,
Ezekiel,37,18,
Ezekiel,37,19,
Ezekiel,37,20,
Ezekiel,37,21,
Ezekiel,37,22,
Ezekiel,37,23,
Ezekiel,37,24,
Ezekiel,37,25,
Ezekiel,37,26,
Ezekiel,37,27,
Ezekiel,37,28,
Ezekiel,38,1,
Ezekiel,38,2,
Ezekiel,38,3,
Ezekiel,38,4,
Ezekiel,38,5,
Ezekiel,38,6,
Ezekiel,38,7,
Ezekiel,38,8,
Ezekiel,38,9,
Ezekiel,38,10,
Ezekiel,38,11,
Ezekiel,38,12,
Ezekiel,38,13,
Ezekiel,38,14,
Ezekiel,38,15,
Ezekiel,38,16,
Ezekiel,38,17,
Ezekiel,38,18,
Ezekiel,38,19,
Ezekiel,38,20,
Ezekiel,38,21,
Ezekiel,38,22,
Ezekiel,38,23,
Ezekiel,39,1,
Ezekiel,39,2,
Ezekiel,39,3,
Ezekiel,39,4,
Ezekiel,39,5,
Ezekiel,39,6,
Ezekiel,39,7,
Ezekiel,39,8,
Ezekiel,39,9,
Ezekiel,39,10,
Ezekiel,39,11,
Ezekiel,39,12,
Ezekiel,39,13,
Ezekiel,39,14,
Ezekiel,39,15,
Ezekiel,39,16,
Ezekiel,39,17,
Ezekiel,39,18,
Ezekiel,39,19,
Ezekiel,39,20,
Ezekiel,39,21,
Ezekiel,39,22,
Ezekiel,39,23,
Ezekiel,39,24,
Ezekiel,39,25,
Ezekiel,39,26,
Ezekiel,39,27,
Ezekiel,39,28,
Ezekiel,39,29,
Ezekiel,40,1,
Ezekiel,40,2,
Ezekiel,40,3,
Ezekiel,40,4,
Ezekiel,40,5,
Ezekiel,40,6,
Ezekiel,40,7,
Ezekiel,40,8,
Ezekiel,40,9,
Ezekiel,40,10,
Ezekiel,40,11,
Ezekiel,40,12,
Ezekiel,40,13,
Ezekiel,40,14,
Ezekiel,40,15,
Ezekiel,40,16,
Ezekiel,40,17,
Ezekiel,40,18,
Ezekiel,40,19,
Ezekiel,40,20,
Ezekiel,40,21,
Ezekiel,40,22,
Ezekiel,40,23,
Ezekiel,40,24,
Ezekiel,40,25,
Ezekiel,40,26,
Ezekiel,40,27,
Ezekiel,40,28,
Ezekiel,40,29,
Ezekiel,40,30,
Ezekiel,40,31,
Ezekiel,40,32,
Ezekiel,40,33,
Ezekiel,40,34,
Ezekiel,40,35,
Ezekiel,40,36,
Ezekiel,40,37,
Ezekiel,40,38,
Ezekiel,40,39,
Ezekiel,40,40,
Ezekiel,40,41,
Ezekiel,40,42,
Ezekiel,40,43,
Ezekiel,40,44,
Ezekiel,40,45,
Ezekiel,40,46,
Ezekiel,40,47,
Ezekiel,40,48,
Ezekiel,40,49,
Ezekiel,41,1,
Ezekiel,41,2,
Ezekiel,41,3,
Ezekiel,41,4,
Ezekiel,41,5,
Ezekiel,41,6,
Ezekiel,41,7,
Ezekiel,41,8,
Ezekiel,41,9,
Ezekiel,41,10,
Ezekiel,41,11,
Ezekiel,41,12,
Ezekiel,41,13,
Ezekiel,41,14,
Ezekiel,41,15,
Ezekiel,41,16,
Ezekiel,41,17,
Ezekiel,41,18,
Ezekiel,41,19,
Ezekiel,41,20,
Ezekiel,41,21,
Ezekiel,41,22,
Ezekiel,41,23,
Ezekiel,41,24,
Ezekiel,41,25,
Ezekiel,41,26,
Ezekiel,42,1,
Ezekiel,42,2,
Ezekiel,42,3,
Ezekiel,42,4,
Ezekiel,42,5,
Ezekiel,42,6,
Ezekiel,42,7,
Ezekiel,42,8,
Ezekiel,42,9,
Ezekiel,42,10,
Ezekiel,42,11,
Ezekiel,42,12,
Ezekiel,42,13,
Ezekiel,42,14,
Ezekiel,42,15,
Ezekiel,42,16,
Ezekiel,42,17,
Ezekiel,42,18,
Ezekiel,42,19,
Ezekiel,42,20,
Ezekiel,43,1,
Ezekiel,43,2,
Ezekiel,43,3,
Ezekiel,43,4,
Ezekiel,43,5,
Ezekiel,43,6,
Ezekiel,43,7,
Ezekiel,43,8,
Ezekiel,43,9,
Ezekiel,43,10,
Ezekiel,43,11,
Ezekiel,43,12,
Ezekiel,43,13,
Ezekiel,43,14,
Ezekiel,43,15,
Ezekiel,43,16,
Ezekiel,43,17,
Ezekiel,43,18,
Ezekiel,43,19,
Ezekiel,43,20,
Ezekiel,43,21,
Ezekiel,43,22,
Ezekiel,43,23,
Ezekiel,43,24,
Ezekiel,43,25,
Ezekiel,43,26,
Ezekiel,43,27,
Ezekiel,44,1,
Ezekiel,44,2,
Ezekiel,44,3,
Ezekiel,44,4,
Ezekiel,44,5,
Ezekiel,44,6,
Ezekiel,44,7,
Ezekiel,44,8,
Ezekiel,44,9,
Ezekiel,44,10,
Ezekiel,44,11,
Ezekiel,44,12,
Ezekiel,44,13,
Ezekiel,44,14,
Ezekiel,44,15,
Ezekiel,44,16,
Ezekiel,44,17,
Ezekiel,44,18,
Ezekiel,44,19,
Ezekiel,44,20,
Ezekiel,44,21,
Ezekiel,44,22,
Ezekiel,44,23,
Ezekiel,44,24,
Ezekiel,44,25,
Ezekiel,44,26,
Ezekiel,44,27,
Ezekiel,44,28,
Ezekiel,44,29,
Ezekiel,44,30,
Ezekiel,44,31,
Ezekiel,45,1,
Ezekiel,45,2,
Ezekiel,45,3,
Ezekiel,45,4,
Ezekiel,45,5,
Ezekiel,45,6,
Ezekiel,45,7,
Ezekiel,45,8,
Ezekiel,45,9,
Ezekiel,45,10,
Ezekiel,45,11,
Ezekiel,45,12,
Ezekiel,45,13,
Ezekiel,45,14,
Ezekiel,45,15,
Ezekiel,45,16,
Ezekiel,45,17,
Ezekiel,45,18,
Ezekiel,45,19,
Ezekiel,45,20,
Ezekiel,45,21,
Ezekiel,45,22,
Ezekiel,45,23,
Ezekiel,45,24,
Ezekiel,45,25,
Ezekiel,46,1,
Ezekiel,46,2,
Ezekiel,46,3,
Ezekiel,46,4,
Ezekiel,46,5,
Ezekiel,46,6,
Ezekiel,46,7,
Ezekiel,46,8,
Ezekiel,46,9,
Ezekiel,46,10,
Ezekiel,46,11,
Ezekiel,46,12,
Ezekiel,46,13,
Ezekiel,46,14,
Ezekiel,46,15,
Ezekiel,46,16,
Ezekiel,46,17,
Ezekiel,46,18,
Ezekiel,46,19,
Ezekiel,46,20,
Ezekiel,46,21,
Ezekiel,46,22,
Ezekiel,46,23,
Ezekiel,46,24,
Ezekiel,47,1,
Ezekiel,47,2,
Ezekiel,47,3,
Ezekiel,47,4,
Ezekiel,47,5,
Ezekiel,47,6,
Ezekiel,47,7,
Ezekiel,47,8,
Ezekiel,47,9,
Ezekiel,47,10,
Ezekiel,47,11,
Ezekiel,47,12,
Ezekiel,47,13,
Ezekiel,47,14,
Ezekiel,47,15,
Ezekiel,47,16,
Ezekiel,47,17,
Ezekiel,47,18,
Ezekiel,47,19,
Ezekiel,47,20,
Ezekiel,47,21,
Ezekiel,47,22,
Ezekiel,47,23,
Ezekiel,48,1,
Ezekiel,48,2,
Ezekiel,48,3,
Ezekiel,48,4,
Ezekiel,48,5,
Ezekiel,48,6,
Ezekiel,48,7,
Ezekiel,48,8,
Ezekiel,48,9,
Ezekiel,48,10,
Ezekiel,48,11,
Ezekiel,48,12,
Ezekiel,48,13,
Ezekiel,48,14,
Ezekiel,48,15,
Ezekiel,48,16,
Ezekiel,48,17,
Ezekiel,48,18,
Ezekiel,48,19,
Ezekiel,48,20,
Ezekiel,48,21,
Ezekiel,48,22,
Ezekiel,48,23,
Ezekiel,48,24,
Ezekiel,48,25,
Ezekiel,48,26,
Ezekiel,48,27,
Ezekiel,48,28,
Ezekiel,48,29,
Ezekiel,48,30,
Ezekiel,48,31,
Ezekiel,48,32,
Ezekiel,48,33,
Ezekiel,48,34,
Ezekiel,48,35,
Daniel,1,1,
Daniel,1,2,
Daniel,1,3,
Daniel,1,4,
Daniel,1,5,
Daniel,1,6,
Daniel,1,7,
Daniel,1,8,
Daniel,1,9,
Daniel,1,10,
Daniel,1,11,
Daniel,1,12,
Daniel,1,13,
Daniel,1,14,
Daniel,1,15,
Daniel,1,16,
Daniel,1,17,
Daniel,1,18,
Daniel,1,19,
Daniel,1,20,
Daniel,1,21,
Daniel,2,1,
Daniel,2,2,
Daniel,2,3,
Daniel,2,4,
Daniel,2,5,
Daniel,2,6,
Daniel,2,7,
Daniel,2,8,
Daniel,2,9,
Daniel,2,10,
Daniel,2,11,
Daniel,2,12,
Daniel,2,13,
Daniel,2,14,
Daniel,2,15,
Daniel,2,16,
Daniel,2,17,
Daniel,2,18,
Daniel,2,19,
Daniel,2,20,
Daniel,2,21,
Daniel,2,22,
Daniel,2,23,
Daniel,2,24,
Daniel,2,25,
Daniel,2,26,
Daniel,2,27,
Daniel,2,28,
Daniel,2,29,
Daniel,2,30,
Daniel,2,31,
Daniel,2,32,
Daniel,2,33,
Daniel,2,34,
Daniel,2,35,
Daniel,2,36,
Daniel,2,37,
Daniel,2,38,
Daniel,2,39,
Daniel,2,40,
Daniel,2,41,
Daniel,2,42,
Daniel,2,43,
Daniel,2,44,
Daniel,2,45,
Daniel,2,46,
Daniel,2,47,
Daniel,2,48,
Daniel,2,49,
Daniel,3,1,
Daniel,3,2,
Daniel,3,3,
Daniel,3,4,
Daniel,3,5,
Daniel,3,6,
Daniel,3,7,
Daniel,3,8,
Daniel,3,9,
Daniel,3,10,
Daniel,3,11,
Daniel,3,12,
Daniel,3,13,
Daniel,3,14,
Daniel,3,15,
Daniel,3,16,
Daniel,3,17,
Daniel,3,18,
Daniel,3,19,
Daniel,3,20,
Daniel,3,21,
Daniel,3,22,
Daniel,3,23,
Daniel,3,24,
Daniel,3,25,
Daniel,3,26,
Daniel,3,27,
Daniel,3,28,
Daniel,3,29,
Daniel,3,30,
Daniel,4,1,
Daniel,4,2,
Daniel,4,3,
Daniel,4,4,
Daniel,4,5,
Daniel,4,6,
Daniel,4,7,
Daniel,4,8,
Daniel,4,9,
Daniel,4,10,
Daniel,4,11,
Daniel,4,12,
Daniel,4,13,
Daniel,4,14,
Daniel,4,15,
Daniel,4,16,
Daniel,4,17,
Daniel,4,18,
Daniel,4,19,
Daniel,4,20,
Daniel,4,21,
Daniel,4,22,
Daniel,4,23,
Daniel,4,24,
Daniel,4,25,
Daniel,4,26,
Daniel,4,27,
Daniel,4,28,
Daniel,4,29,
Daniel,4,30,
Daniel,4,31,
Daniel,4,32,
Daniel,4,33,
Daniel,4,34,
Daniel,4,35,
Daniel,4,36,
Daniel,4,37,
Daniel,5,1,
Daniel,5,2,
Daniel,5,3,
Daniel,5,4,
Daniel,5,5,
Daniel,5,6,
Daniel,5,7,
Daniel,5,8,
Daniel,5,9,
Daniel,5,10,
Daniel,5,11,
Daniel,5,12,
Daniel,5,13,
Daniel,5,14,
Daniel,5,15,
Daniel,5,16,
Daniel,5,17,
Daniel,5,18,
Daniel,5,19,
Daniel,5,20,
Daniel,5,21,
Daniel,5,22,
Daniel,5,23,
Daniel,5,24,
Daniel,5,25,
Daniel,5,26,
Daniel,5,27,
Daniel,5,28,
Daniel,5,29,
Daniel,5,30,
Daniel,5,31,
Daniel,6,1,
Daniel,6,2,
Daniel,6,3,
Daniel,6,4,
Daniel,6,5,
Daniel,6,6,
Daniel,6,7,
Daniel,6,8,
Daniel,6,9,
Daniel,6,10,
Daniel,6,11,
Daniel,6,12,
Daniel,6,13,
Daniel,6,14,
Daniel,6,15,
Daniel,6,16,
Daniel,6,17,
Daniel,6,18,
Daniel,6,19,
Daniel,6,20,
Daniel,6,21,
Daniel,6,22,
Daniel,6,23,
Daniel,6,24,
Daniel,6,25,
Daniel,6,26,
Daniel,6,27,
Daniel,6,28,
Daniel,7,1,
Daniel,7,2,
Daniel,7,3,
Daniel,7,4,
Daniel,7,5,
Daniel,7,6,
Daniel,7,7,
Daniel,7,8,
Daniel,7,9,
Daniel,7,10,
Daniel,7,11,
Daniel,7,12,
Daniel,7,13,
Daniel,7,14,
Daniel,7,15,
Daniel,7,16,
Daniel,7,17,
Daniel,7,18,
Daniel,7,19,
Daniel,7,20,
Daniel,7,21,
Daniel,7,22,
Daniel,7,23,
Daniel,7,24,
Daniel,7,25,
Daniel,7,26,
Daniel,7,27,
Daniel,7,28,
Daniel,8,1,
Daniel,8,2,
Daniel,8,3,
Daniel,8,4,
Daniel,8,5,
Daniel,8,6,
Daniel,8,7,
Daniel,8,8,
Daniel,8,9,
Daniel,8,10,
Daniel,8,11,
Daniel,8,12,
Daniel,8,13,
Daniel,8,14,
Daniel,8,15,
Daniel,8,16,
Daniel,8,17,
Daniel,8,18,
Daniel,8,19,
Daniel,8,20,
Daniel,8,21,
Daniel,8,22,
Daniel,8,23,
Daniel,8,24,
Daniel,8,25,
Daniel,8,26,
Daniel,8,27,
Daniel,9,1,
Daniel,9,2,
Daniel,9,3,
Daniel,9,4,
Daniel,9,5,
Daniel,9,6,
Daniel,9,7,
Daniel,9,8,
Daniel,9,9,
Daniel,9,10,
Daniel,9,11,
Daniel,9,12,
Daniel,9,13,
Daniel,9,14,
Daniel,9,15,
Daniel,9,16,
Daniel,9,17,
Daniel,9,18,
Daniel,9,19,
Daniel,9,20,
Daniel,9,21,
Daniel,9,22,
Daniel,9,23,
Daniel,9,24,
Daniel,9,25,
Daniel,9,26,
Daniel,9,27,
Daniel,10,1,
Daniel,10,2,
Daniel,10,3,
Daniel,10,4,
Daniel,10,5,
Daniel,10,6,
Daniel,10,7,
Daniel,10,8,
Daniel,10,9,
Daniel,10,10,
Daniel,10,11,
Daniel,10,12,
Daniel,10,13,
Daniel,10,14,
Daniel,10,15,
Daniel,10,16,
Daniel,10,17,
Daniel,10,18,
Daniel,10,19,
Daniel,10,20,
Daniel,10,21,
Daniel,11,1,
Daniel,11,2,
Daniel,11,3,
Daniel,11,4,
Daniel,11,5,
Daniel,11,6,
Daniel,11,7,
Daniel,11,8,
Daniel,11,9,
Daniel,11,10,
Daniel,11,11,
Daniel,11,12,
Daniel,11,13,
Daniel,11,14,
Daniel,11,15,
Daniel,11,16,
Daniel,11,17,
Daniel,11,18,
Daniel,11,19,
Daniel,11,20,
Daniel,11,21,
Daniel,11,22,
Daniel,11,23,
Daniel,11,24,
Daniel,11,25,
Daniel,11,26,
Daniel,11,27,
Daniel,11,28,
Daniel,11,29,
Daniel,11,30,
Daniel,11,31,
Daniel,11,32,
Daniel,11,33,
Daniel,11,34,
Daniel,11,35,
Daniel,11,36,
Daniel,11,37,
Daniel,11,38,
Daniel,11,39,
Daniel,11,40,
Daniel,11,41,
Daniel,11,42,
Daniel,11,43,
Daniel,11,44,
Daniel,11,45,
Daniel,12,1,
Daniel,12,2,
Daniel,12,3,
Daniel,12,4,
Daniel,12,5,
Daniel,12,6,
Daniel,12,7,
Daniel,12,8,
Daniel,12,9,
Daniel,12,10,
Daniel,12,11,
Daniel,12,12,
Daniel,12,13,
Hosea,1,1,
Hosea,1,2,
Hosea,1,3,
Hosea,1,4,
Hosea,1,5,
Hosea,1,6,
Hosea,1,7,
Hosea,1,8,
Hosea,1,9,
Hosea,1,10,
Hosea,1,11,
Hosea,2,1,
Hosea,2,2,
Hosea,2,3,
Hosea,2,4,
Hosea,2,5,
Hosea,2,6,
Hosea,2,7,
Hosea,2,8,
Hosea,2,9,
Hosea,2,10,
Hosea,2,11,
Hosea,2,12,
Hosea,2,13,
Hosea,2,14,
Hosea,2,15,
Hosea,2,16,
Hosea,2,17,
Hosea,2,18,
Hosea,2,19,
Hosea,2,20,
Hosea,2,21,
Hosea,2,22,
Hosea,2,23,
Hosea,3,1,
Hosea,3,2,
Hosea,3,3,
Hosea,3,4,
Hosea,3,5,
Hosea,4,1,
Hosea,4,2,
Hosea,4,3,
Hosea,4,4,
Hosea,4,5,
Hosea,4,6,
Hosea,4,7,
Hosea,4,8,
Hosea,4,9,
Hosea,4,10,
Hosea,4,11,
Hosea,4,12,
Hosea,4,13,
Hosea,4,14,
Hosea,4,15,
Hosea,4,16,
Hosea,4,17,
Hosea,4,18,
Hosea,4,19,
Hosea,5,1,
Hosea,5,2,
Hosea,5,3,
Hosea,5,4,
Hosea,5,5,
Hosea,5,6,
Hosea,5,7,
Hosea,5,8,
Hosea,5,9,
Hosea,5,10,
Hosea,5,11,
Hosea,5,12,
Hosea,5,13,
Hosea,5,14,
Hosea,5,15,
Hosea,6,1,
Hosea,6,2,
Hosea,6,3,
Hosea,6,4,
Hosea,6,5,
Hosea,6,6,
Hosea,6,7,
Hosea,6,8,
Hosea,6,9,
Hosea,6,10,
Hosea,6,11,
Hosea,7,1,
Hosea,7,2,
Hosea,7,3,
Hosea,7,4,
Hosea,7,5,
Hosea,7,6,
Hosea,7,7,
Hosea,7,8,
Hosea,7,9,
Hosea,7,10,
Hosea,7,11,
Hosea,7,12,
Hosea,7,13,
Hosea,7,14,
Hosea,7,15,
Hosea,7,16,
Hosea,8,1,
Hosea,8,2,
Hosea,8,3,
Hosea,8,4,
Hosea,8,5,
Hosea,8,6,
Hosea,8,7,
Hosea,8,8,
Hosea,8,9,
Hosea,8,10,
Hosea,8,11,
Hosea,8,12,
Hosea,8,13,
Hosea,8,14,
Hosea,9,1,
Hosea,9,2,
Hosea,9,3,
Hosea,9,4,
Hosea,9,5,
Hosea,9,6,
Hosea,9,7,
Hosea,9,8,
Hosea,9,9,
Hosea,9,10,
Hosea,9,11,
Hosea,9,12,
Hosea,9,13,
Hosea,9,14,
Hosea,9,15,
Hosea,9,16,
Hosea,9,17,
Hosea,10,1,
Hosea,10,2,
Hosea,10,3,
Hosea,10,4,
Hosea,10,5,
Hosea,10,6,
Hosea,10,7,
Hosea,10,8,
Hosea,10,9,
Hosea,10,10,
Hosea,10,11,
Hosea,10,12,
Hosea,10,13,
Hosea,10,14,
Hosea,10,15,
Hosea,11,1,
Hosea,11,2,
Hosea,11,3,
Hosea,11,4,
Hosea,11,5,
Hosea,11,6,
Hosea,11,7,
Hosea,11,8,
Hosea,11,9,
Hosea,11,10,
Hosea,11,11,
Hosea,11,12,
Hosea,12,1,
Hosea,12,2,
Hosea,12,3,
Hosea,12,4,
Hosea,12,5,
Hosea,12,6,
Hosea,12,7,
Hosea,12,8,
Hosea,12,9,
Hosea,12,10,
Hosea,12,11,
Hosea,12,12,
Hosea,12,13,
Hosea,12,14,
Hosea,13,1,
Hosea,13,2,
Hosea,13,3,
Hosea,13,4,
Hosea,13,5,
Hosea,13,6,
Hosea,13,7,
Hosea,13,8,
Hosea,13,9,
Hosea,13,10,
Hosea,13,11,
Hosea,13,12,
Hosea,13,13,
Hosea,13,14,
Hosea,13,15,
Hosea,13,16,
Hosea,14,1,
Hosea,14,2,
Hosea,14,3,
Hosea,14,4,
Hosea,14,5,
Hosea,14,6,
Hosea,14,7,
Hosea,14,8,
Hosea,14,9,
Joel,1,1,
Joel,1,2,
Joel,1,3,
Joel,1,4,
Joel,1,5,
Joel,1,6,
Joel,1,7,
Joel,1,8,
Joel,1,9,
Joel,1,10,
Joel,1,11,
Joel,1,12,
Joel,1,13,
Joel,1,14,
Joel,1,15,
Joel,1,16,
Joel,1,17,
Joel,1,18,
Joel,1,19,
Joel,1,20,
Joel,2,1,
Joel,2,2,
Joel,2,3,
Joel,2,4,
Joel,2,5,
Joel,2,6,
Joel,2,7,
Joel,2,8,
Joel,2,9,
Joel,2,10,
Joel,2,11,
Joel,2,12,
Joel,2,13,
Joel,2,14,
Joel,2,15,
Joel,2,16,
Joel,2,17,
Joel,2,18,
Joel,2,19,
Joel,2,20,
Joel,2,21,
Joel,2,22,
Joel,2,23,
Joel,2,24,
Joel,2,25,
Joel,2,26,
Joel,2,27,
Joel,2,28,
Joel,2,29,
Joel,2,30,
Joel,2,31,
Joel,2,32,
Joel,3,1,
Joel,3,2,
Joel,3,3,
Joel,3,4,
Joel,3,5,
Joel,3,6,
Joel,3,7,
Joel,3,8,
Joel,3,9,
Joel,3,10,
Joel,3,11,
Joel,3,12,
Joel,3,13,
Joel,3,14,
Joel,3,15,
Joel,3,16,
Joel,3,17,
Joel,3,18,
Joel,3,19,
Joel,3,20,
Joel,3,21,
Amos,1,1,
Amos,1,2,
Amos,1,3,
Amos,1,4,
Amos,1,5,
Amos,1,6,
Amos,1,7,
Amos,1,8,
Amos,1,9,
Amos,1,10,
Amos,1,11,
Amos,1,12,
Amos,1,13,
Amos,1,14,
Amos,1,15,
Amos,2,1,
Amos,2,2,
Amos,2,3,
Amos,2,4,
Amos,2,5,
Amos,2,6,
Amos,2,7,
Amos,2,8,
Amos,2,9,
Amos,2,10,
Amos,2,11,
Amos,2,12,
Amos,2,13,
Amos,2,14,
Amos,2,15,
Amos,2,16,
Amos,3,1,
Amos,3,2,
Amos,3,3,
Amos,3,4,
Amos,3,5,
Amos,3,6,
Amos,3,7,
Amos,3,8,
Amos,3,9,
Amos,3,10,
Amos,3,11,
Amos,3,12,
Amos,3,13,
Amos,3,14,
Amos,3,15,
Amos,4,1,
Amos,4,2,
Amos,4,3,
Amos,4,4,
Amos,4,5,
Amos,4,6,
Amos,4,7,
Amos,4,8,
Amos,4,9,
Amos,4,10,
Amos,4,11,
Amos,4,12,
Amos,4,13,
Amos,5,1,
Amos,5,2,
Amos,5,3,
Amos,5,4,
Amos,5,5,
Amos,5,6,
Amos,5,7,
Amos,5,8,
Amos,5,9,
Amos,5,10,
Amos,5,11,
Amos,5,12,
Amos,5,13,
Amos,5,14,
Amos,5,15,
Amos,5,16,
Amos,5,17,
Amos,5,18,
Amos,5,19,
Amos,5,20,
Amos,5,21,
Amos,5,22,
Amos,5,23,
Amos,5,24,
Amos,5,25,
Amos,5,26,
Amos,5,27,
Amos,6,1,
Amos,6,2,
Amos,6,3,
Amos,6,4,
Amos,6,5,
Amos,6,6,
Amos,6,7,
Amos,6,8,
Amos,6,9,
Amos,6,10,
Amos,6,11,
Amos,6,12,
Amos,6,13,
Amos,6,14,
Amos,7,1,
Amos,7,2,
Amos,7,3,
Amos,7,4,
Amos,7,5,
Amos,7,6,
Amos,7,7,
Amos,7,8,
Amos,7,9,
Amos,7,10,
Amos,7,11,
Amos,7,12,
Amos,7,13,
Amos,7,14,
Amos,7,15,
Amos,7,16,
Amos,7,17,
Amos,8,1,
Amos,8,2,
Amos,8,3,
Amos,8,4,
Amos,8,5,
Amos,8,6,
Amos,8,7,
Amos,8,8,
Amos,8,9,
Amos,8,10,
Amos,8,11,
Amos,8,12,
Amos,8,13,
Amos,8,14,
Amos,9,1,
Amos,9,2,
Amos,9,3,
Amos,9,4,
Amos,9,5,
Amos,9,6,
Amos,9,7,
Amos,9,8,
Amos,9,9,
Amos,9,10,
Amos,9,11,
Amos,9,12,
Amos,9,13,
Amos,9,14,
Amos,9,15,
Obadiah,1,1,
Obadiah,1,2,
Obadiah,1,3,
Obadiah,1,4,
Obadiah,1,5,
Obadiah,1,6,
Obadiah,1,7,
Obadiah,1,8,
Obadiah,1,9,
Obadiah,1,10,
Obadiah,1,11,
Obadiah,1,12,
Obadiah,1,13,
Obadiah,1,14,
Obadiah,1,15,
Obadiah,1,16,
Obadiah,1,17,
Obadiah,1,18,
Obadiah,1,19,
Obadiah,1,20,
Obadiah,1,21,
Jonah,1,1,
Jonah,1,2,
Jonah,1,3,
Jonah,1,4,
Jonah,1,5,
Jonah,1,6,
Jonah,1,7,
Jonah,1,8,
Jonah,1,9,
Jonah,1,10,
Jonah,1,11,
Jonah,1,12,
Jonah,1,13,
Jonah,1,14,
Jonah,1,15,
Jonah,1,16,
Jonah,1,17,
Jonah,2,1,
Jonah,2,2,
Jonah,2,3,
Jonah,2,4,
Jonah,2,5,
Jonah,2,6,
Jonah,2,7,
Jonah,2,8,
Jonah,2,9,
Jonah,2,10,
Jonah,3,1,
Jonah,3,2,
Jonah,3,3,
Jonah,3,4,
Jonah,3,5,
Jonah,3,6,
Jonah,3,7,
Jonah,3,8,
Jonah,3,9,
Jonah,3,10,
Jonah,4,1,
Jonah,4,2,
Jonah,4,3,
Jonah,4,4,
Jonah,4,5,
Jonah,4,6,
Jonah,4,7,
Jonah,4,8,
Jonah,4,9,
Jonah,4,10,
Jonah,4,11,
Micah,1,1,
Micah,1,2,
Micah,1,3,
Micah,1,4,
Micah,1,5,
Micah,1,6,
Micah,1,7,
Micah,1,8,
Micah,1,9,
Micah,1,10,
Micah,1,11,
Micah,1,12,
Micah,1,13,
Micah,1,14,
Micah,1,15,
Micah,1,16,
Micah,2,1,
Micah,2,2,
Micah,2,3,
Micah,2,4,
Micah,2,5,
Micah,2,6,
Micah,2,7,
Micah,2,8,
Micah,2,9,
Micah,2,10,
Micah,2,11,
Micah,2,12,
Micah,2,13,
Micah,3,1,
Micah,3,2,
Micah,3,3,
Micah,3,4,
Micah,3,5,
Micah,3,6,
Micah,3,7,
Micah,3,8,
Micah,3,9,
Micah,3,10,
Micah,3,11,
Micah,3,12,
Micah,4,1,
Micah,4,2,
Micah,4,3,
Micah,4,4,
Micah,4,5,
Micah,4,6,
Micah,4,7,
Micah,4,8,
Micah,4,9,
Micah,4,10,
Micah,4,11,
Micah,4,12,
Micah,4,13,
Micah,5,1,
Micah,5,2,
Micah,5,3,
Micah,5,4,
Micah,5,5,
Micah,5,6,
Micah,5,7,
Micah,5,8,
Micah,5,9,
Micah,5,10,
Micah,5,11,
Micah,5,12,
Micah,5,13,
Micah,5,14,
Micah,5,15,
Micah,6,1,
Micah,6,2,
Micah,6,3,
Micah,6,4,
Micah,6,5,
Micah,6,6,
Micah,6,7,
Micah,6,8,
Micah,6,9,
Micah,6,10,
Micah,6,11,
Micah,6,12,
Micah,6,13,
Micah,6,14,
Micah,6,15,
Micah,6,16,
Micah,7,1,
Micah,7,2,
Micah,7,3,
Micah,7,4,
Micah,7,5,
Micah,7,6,
Micah,7,7,
Micah,7,8,
Micah,7,9,
Micah,7,10,
Micah,7,11,
Micah,7,12,
Micah,7,13,
Micah,7,14,
Micah,7,15,
Micah,7,16,
Micah,7,17,
Micah,7,18,
Micah,7,19,
Micah,7,20,
Nahum,1,1,
Nahum,1,2,
Nahum,1,3,
Nahum,1,4,
Nahum,1,5,
Nahum,1,6,
Nahum,1,7,
Nahum,1,8,
Nahum,1,9,
Nahum,1,10,
Nahum,1,11,
Nahum,1,12,
Nahum,1,13,
Nahum,1,14,
Nahum,1,15,
Nahum,2,1,
Nahum,2,2,
Nahum,2,3,
Nahum,2,4,
Nahum,2,5,
Nahum,2,6,
Nahum,2,7,
Nahum,2,8,
Nahum,2,9,
Nahum,2,10,
Nahum,2,11,
Nahum,2,12,
Nahum,2,13,
Nahum,3,1,
Nahum,3,2,
Nahum,3,3,
Nahum,3,4,
Nahum,3,5,
Nahum,3,6,
Nahum,3,7,
Nahum,3,8,
Nahum,3,9,
Nahum,3,10,
Nahum,3,11,
Nahum,3,12,
Nahum,3,13,
Nahum,3,14,
Nahum,3,15,
Nahum,3,16,
Nahum,3,17,
Nahum,3,18,
Nahum,3,19,
Habakkuk,1,1,
Habakkuk,1,2,
Habakkuk,1,3,
Habakkuk,1,4,
Habakkuk,1,5,
Habakkuk,1,6,
Habakkuk,1,7,
Habakkuk,1,8,
Habakkuk,1,9,
Habakkuk,1,10,
Habakkuk,1,11,
Habakkuk,1,12,
Habakkuk,1,13,
Habakkuk,1,14,
Habakkuk,1,15,
Habakkuk,1,16,
Habakkuk,1,17,
Habakkuk,2,1,
Habakkuk,2,2,
Habakkuk,2,3,
Habakkuk,2,4,
Habakkuk,2,5,
Habakkuk,2,6,
Habakkuk,2,7,
Habakkuk,2,8,
Habakkuk,2,9,
Habakkuk,2,10,
Habakkuk,2,11,
Habakkuk,2,12,
Habakkuk,2,13,
Habakkuk,2,14,
Habakkuk,2,15,
Habakkuk,2,16,
Habakkuk,2,17,
Habakkuk,2,18,
Habakkuk,2,19,
Habakkuk,2,20,
Habakkuk,3,1,
Habakkuk,3,2,
Habakkuk,3,3,
Habakkuk,3,4,
Habakkuk,3,5,
Habakkuk,3,6,
Habakkuk,3,7,
Habakkuk,3,8,
Habakkuk,3,9,
Habakkuk,3,10,
Habakkuk,3,11,
Habakkuk,3,12,
Habakkuk,3,13,
Habakkuk,3,14,
Habakkuk,3,15,
Habakkuk,3,16,
Habakkuk,3,17,
Habakkuk,3,18,
Habakkuk,3,19,
Zephaniah,1,1,
Zephaniah,1,2,
Zephaniah,1,3,
Zephaniah,1,4,
Zephaniah,1,5,
Zephaniah,1,6,
Zephaniah,1,7,
Zephaniah,1,8,
Zephaniah,1,9,
Zephaniah,1,10,
Zephaniah,1,11,
Zephaniah,1,12,
Zephaniah,1,13,
Zephaniah,1,14,
Zephaniah,1,15,
Zephaniah,1,16,
Zephaniah,1,17,
Zephaniah,1,18,
Zephaniah,2,1,
Zephaniah,2,2,
Zephaniah,2,3,
Zephaniah,2,4,
Zephaniah,2,5,
Zephaniah,2,6,
Zephaniah,2,7,
Zephaniah,2,8,
Zephaniah,2,9,
Zephaniah,2,10,
Zephaniah,2,11,
Zephaniah,2,12,
Zephaniah,2,13,
Zephaniah,2,14,
Zephaniah,2,15,
Zephaniah,3,1,
Zephaniah,3,2,
Zephaniah,3,3,
Zephaniah,3,4,
Zephaniah,3,5,
Zephaniah,3,6,
Zephaniah,3,7,
Zephaniah,3,8,
Zephaniah,3,9,
Zephaniah,3,10,
Zephaniah,3,11,
Zephaniah,3,12,
Zephaniah,3,13,
Zephaniah,3,14,
Zephaniah,3,15,
Zephaniah,3,16,
Zephaniah,3,17,
Zephaniah,3,18,
Zephaniah,3,19,
Zephaniah,3,20,
Haggai,1,1,
Haggai,1,2,
Haggai,1,3,
Haggai,1,4,
Haggai,1,5,
Haggai,1,6,
Haggai,1,7,
Haggai,1,8,
Haggai,1,9,
Haggai,1,10,
Haggai,1,11,
Haggai,1,12,
Haggai,1,13,
Haggai,1,14,
Haggai,1,15,
Haggai,2,1,
Haggai,2,2,
Haggai,2,3,
Haggai,2,4,
Haggai,2,5,
Haggai,2,6,
Haggai,2,7,
Haggai,2,8,
Haggai,2,9,
Haggai,2,10,
Haggai,2,11,
Haggai,2,12,
Haggai,2,13,
Haggai,2,14,
Haggai,2,15,
Haggai,2,16,
Haggai,2,17,
Haggai,2,18,
Haggai,2,19,
Haggai,2,20,
Haggai,2,21,
Haggai,2,22,
Haggai,2,23,
Zechariah,1,1,
Zechariah,1,2,
Zechariah,1,3,
Zechariah,1,4,
Zechariah,1,5,
Zechariah,1,6,
Zechariah,1,7,
Zechariah,1,8,
Zechariah,1,9,
Zechariah,1,10,
Zechariah,1,11,
Zechariah,1,12,
Zechariah,1,13,
Zechariah,1,14,
Zechariah,1,15,
Zechariah,1,16,
Zechariah,1,17,
Zechariah,1,18,
Zechariah,1,19,
Zechariah,1,20,
Zechariah,1,21,
Zechariah,2,1,
Zechariah,2,2,
Zechariah,2,3,
Zechariah,2,4,
Zechariah,2,5,
Zechariah,2,6,
Zechariah,2,7,
Zechariah,2,8,
Zechariah,2,9,
Zechariah,2,10,
Zechariah,2,11,
Zechariah,2,12,
Zechariah,2,13,
Zechariah,3,1,
Zechariah,3,2,
Zechariah,3,3,
Zechariah,3,4,
Zechariah,3,5,
Zechariah,3,6,
Zechariah,3,7,
Zechariah,3,8,
Zechariah,3,9,
Zechariah,3,10,
Zechariah,4,1,
Zechariah,4,2,
Zechariah,4,3,
Zechariah,4,4,
Zechariah,4,5,
Zechariah,4,6,
Zechariah,4,7,
Zechariah,4,8,
Zechariah,4,9,
Zechariah,4,10,
Zechariah,4,11,
Zechariah,4,12,
Zechariah,4,13,
Zechariah,4,14,
Zechariah,5,1,
Zechariah,5,2,
Zechariah,5,3,
Zechariah,5,4,
Zechariah,5,5,
Zechariah,5,6,
Zechariah,5,7,
Zechariah,5,8,
Zechariah,5,9,
Zechariah,5,10,
Zechariah,5,11,
Zechariah,6,1,
Zechariah,6,2,
Zechariah,6,3,
Zechariah,6,4,
Zechariah,6,5,
Zechariah,6,6,
Zechariah,6,7,
Zechariah,6,8,
Zechariah,6,9,
Zechariah,6,10,
Zechariah,6,11,
Zechariah,6,12,
Zechariah,6,13,
Zechariah,6,14,
Zechariah,6,15,
Zechariah,7,1,
Zechariah,7,2,
Zechariah,7,3,
Zechariah,7,4,
Zechariah,7,5,
Zechariah,7,6,
Zechariah,7,7,
Zechariah,7,8,
Zechariah,7,9,
Zechariah,7,10,
Zechariah,7,11,
Zechariah,7,12,
Zechariah,7,13,
Zechariah,7,14,
Zechariah,8,1,
Zechariah,8,2,
Zechariah,8,3,
Zechariah,8,4,
Zechariah,8,5,
Zechariah,8,6,
Zechariah,8,7,
Zechariah,8,8,
Zechariah,8,9,
Zechariah,8,10,
Zechariah,8,11,
Zechariah,8,12,
Zechariah,8,13,
Zechariah,8,14,
Zechariah,8,15,
Zechariah,8,16,
Zechariah,8,17,
Zechariah,8,18,
Zechariah,8,19,
Zechariah,8,20,
Zechariah,8,21,
Zechariah,8,22,
Zechariah,8,23,
Zechariah,9,1,
Zechariah,9,2,
Zechariah,9,3,
Zechariah,9,4,
Zechariah,9,5,
Zechariah,9,6,
Zechariah,9,7,
Zechariah,9,8,
Zechariah,9,9,
Zechariah,9,10,
Zechariah,9,11,
Zechariah,9,12,
Zechariah,9,13,
Zechariah,9,14,
Zechariah,9,15,
Zechariah,9,16,
Zechariah,9,17,
Zechariah,10,1,
Zechariah,10,2,
Zechariah,10,3,
Zechariah,10,4,
Zechariah,10,5,
Zechariah,10,6,
Zechariah,10,7,
Zechariah,10,8,
Zechariah,10,9,
Zechariah,10,10,
Zechariah,10,11,
Zechariah,10,12,
Zechariah,11,1,
Zechariah,11,2,
Zechariah,11,3,
Zechariah,11,4,
Zechariah,11,5,
Zechariah,11,6,
Zechariah,11,7,
Zechariah,11,8,
Zechariah,11,9,
Zechariah,11,10,
Zechariah,11,11,
Zechariah,11,12,
Zechariah,11,13,
Zechariah,11,14,
Zechariah,11,15,
Zechariah,11,16,
Zechariah,11,17,
Zechariah,12,1,
Zechariah,12,2,
Zechariah,12,3,
Zechariah,12,4,
Zechariah,12,5,
Zechariah,12,6,
Zechariah,12,7,
Zechariah,12,8,
Zechariah,12,9,
Zechariah,12,10,
Zechariah,12,11,
Zechariah,12,12,
Zechariah,12,13,
Zechariah,12,14,
Zechariah,13,1,
Zechariah,13,2,
Zechariah,13,3,
Zechariah,13,4,
Zechariah,13,5,
Zechariah,13,6,
Zechariah,13,7,
Zechariah,13,8,
Zechariah,13,9,
Zechariah,14,1,
Zechariah,14,2,
Zechariah,14,3,
Zechariah,14,4,
Zechariah,14,5,
Zechariah,14,6,
Zechariah,14,7,
Zechariah,14,8,
Zechariah,14,9,
Zechariah,14,10,
Zechariah,14,11,
Zechariah,14,12,
Zechariah,14,13,
Zechariah,14,14,
Zechariah,14,15,
Zechariah,14,16,
Zechariah,14,17,
Zechariah,14,18,
Zechariah,14,19,
Zechariah,14,20,
Zechariah,14,21,
Malachi,1,1,
Malachi,1,2,
Malachi,1,3,
Malachi,1,4,
Malachi,1,5,
Malachi,1,6,
Malachi,1,7,
Malachi,1,8,
Malachi,1,9,
Malachi,1,10,
Malachi,1,11,
Malachi,1,12,
Malachi,1,13,
Malachi,1,14,
Malachi,2,1,
Malachi,2,2,
Malachi,2,3,
Malachi,2,4,
Malachi,2,5,
Malachi,2,6,
Malachi,2,7,
Malachi,2,8,
Malachi,2,9,
Malachi,2,10,
Malachi,2,11,
Malachi,2,12,
Malachi,2,13,
Malachi,2,14,
Malachi,2,15,
Malachi,2,16,
Malachi,2,17,
Malachi,3,1,
Malachi,3,2,
Malachi,3,3,
Malachi,3,4,
Malachi,3,5,
Malachi,3,6,
Malachi,3,7,
Malachi,3,8,
Malachi,3,9,
Malachi,3,10,
Malachi,3,11,
Malachi,3,12,
Malachi,3,13,
Malachi,3,14,
Malachi,3,15,
Malachi,3,16,
Malachi,3,17,
Malachi,3,18,
Malachi,4,1,
Malachi,4,2,
Malachi,4,3,
Malachi,4,4,
Malachi,4,5,
Malachi,4,6,
Matthew,1,1,
Matthew,1,2,
Matthew,1,3,
Matthew,1,4,
Matthew,1,5,
Matthew,1,6,
Matthew,1,7,
Matthew,1,8,
Matthew,1,9,
Matthew,1,10,
Matthew,1,11,
Matthew,1,12,
Matthew,1,13,
Matthew,1,14,
Matthew,1,15,
Matthew,1,16,
Matthew,1,17,
Matthew,1,18,
Matthew,1,19,
Matthew,1,20,
Matthew,1,21,
Matthew,1,22,
Matthew,1,23,
Matthew,1,24,
Matthew,1,25,
Matthew,2,1,
Matthew,2,2,
Matthew,2,3,
Matthew,2,4,
Matthew,2,5,
Matthew,2,6,
Matthew,2,7,
Matthew,2,8,
Matthew,2,9,
Matthew,2,10,
Matthew,2,11,
Matthew,2,12,
Matthew,2,13,
Matthew,2,14,
Matthew,2,15,
Matthew,2,16,
Matthew,2,17,
Matthew,2,18,
Matthew,2,19,
Matthew,2,20,
Matthew,2,21,
Matthew,2,22,
Matthew,2,23,
Matthew,3,1,
Matthew,3,2,
Matthew,3,3,
Matthew,3,4,
Matthew,3,5,
Matthew,3,6,
Matthew,3,7,
Matthew,3,8,
Matthew,3,9,
Matthew,3,10,
Matthew,3,11,
Matthew,3,12,
Matthew,3,13,
Matthew,3,14,
Matthew,3,15,
Matthew,3,16,
Matthew,3,17,
Matthew,4,1,
Matthew,4,2,
Matthew,4,3,
Matthew,4,4,
Matthew,4,5,
Matthew,4,6,
Matthew,4,7,
Matthew,4,8,
Matthew,4,9,
Matthew,4,10,
Matthew,4,11,
Matthew,4,12,
Matthew,4,13,
Matthew,4,14,
Matthew,4,15,
Matthew,4,16,
Matthew,4,17,
Matthew,4,18,
Matthew,4,19,
Matthew,4,20,
Matthew,4,21,
Matthew,4,22,
Matthew,4,23,
Matthew,4,24,
Matthew,4,25,
Matthew,5,1,
Matthew,5,2,
Matthew,5,3,
Matthew,5,4,
Matthew,5,5,
Matthew,5,6,
Matthew,5,7,
Matthew,5,8,
Matthew,5,9,
Matthew,5,10,
Matthew,5,11,
Matthew,5,12,
Matthew,5,13,
Matthew,5,14,
Matthew,5,15,".... 𐌰𐌺 𐌰𐌽𐌰 𐌻𐌿𐌺𐌰𐍂𐌽𐌰𐍃𐍄𐌰𐌸𐌹𐌽, 𐌾𐌰𐌷 𐌻𐌹𐌿𐍄𐌴𐌹𐌸 𐌰𐌻𐌻𐌰𐌹𐌼 𐌸𐌰𐌹𐌼 𐌹𐌽 𐌸𐌰𐌼𐌼𐌰 𐌲𐌰𐍂𐌳𐌰."
Matthew,5,16,"𐍃𐍅𐌰 𐌻𐌹𐌿𐌷𐍄𐌾𐌰𐌹 𐌻𐌹𐌿𐌷𐌰𐌸 𐌹𐌶𐍅𐌰𐍂 𐌹𐌽 𐌰𐌽𐌳𐍅𐌰𐌹𐍂𐌸𐌾𐌰 𐌼𐌰𐌽𐌽𐌴, 𐌴𐌹 𐌲𐌰𐍃𐌰𐌹𐍈𐌰𐌹𐌽𐌰 𐌹𐌶𐍅𐌰𐍂𐌰 𐌲𐍉𐌳𐌰 𐍅𐌰𐌿𐍂𐍃𐍄𐍅𐌰 𐌾𐌰𐌷 𐌷𐌰𐌿𐌷𐌾𐌰𐌹𐌽𐌰 𐌰𐍄𐍄𐌰𐌽 𐌹𐌶𐍅𐌰𐍂𐌰𐌽𐌰 𐌸𐌰𐌽𐌰 𐌹𐌽 𐌷𐌹𐌼𐌹𐌽𐌰𐌼."
Matthew,5,17,"𐌽𐌹 𐌷𐌿𐌲𐌾𐌰𐌹𐌸 𐌴𐌹 𐌵𐌴𐌼𐌾𐌰𐌿 𐌲𐌰𐍄𐌰𐌹𐍂𐌰𐌽 𐍅𐌹𐍄𐍉𐌸 𐌰𐌹𐌸𐌸𐌰𐌿 𐍀𐍂𐌰𐌿𐍆𐌴𐍄𐌿𐌽𐍃; 𐌽𐌹 𐌵𐌰𐌼 𐌲𐌰𐍄𐌰𐌹𐍂𐌰𐌽, 𐌰𐌺 𐌿𐍃𐍆𐌿𐌻𐌻𐌾𐌰𐌽."
Matthew,5,18,"𐌰𐌼𐌴𐌽 𐌰𐌿𐌺 𐌵𐌹𐌸𐌰 𐌹𐌶𐍅𐌹𐍃: 𐌿𐌽𐌳 𐌸𐌰𐍄𐌴𐌹 𐌿𐍃𐌻𐌴𐌹𐌸𐌹𐌸 𐌷𐌹𐌼𐌹𐌽𐍃 𐌾𐌰𐌷 𐌰𐌹𐍂𐌸𐌰, 𐌾𐍉𐍄𐌰 𐌰𐌹𐌽𐍃 𐌰𐌹𐌸𐌸𐌰𐌿 𐌰𐌹𐌽𐍃 𐍃𐍄𐍂𐌹𐌺𐍃 𐌽𐌹 𐌿𐍃𐌻𐌴𐌹𐌸𐌹𐌸 𐌰𐍆 𐍅𐌹𐍄𐍉𐌳𐌰, 𐌿𐌽𐍄𐌴 𐌰𐌻𐌻𐌰𐍄𐌰 𐍅𐌰𐌹𐍂𐌸𐌹𐌸."
Matthew,5,19,"𐌹𐌸 𐍃𐌰𐌴𐌹 𐌽𐌿 𐌲𐌰𐍄𐌰𐌹𐍂𐌹𐌸 𐌰𐌹𐌽𐌰 𐌰𐌽𐌰𐌱𐌿𐍃𐌽𐌴 𐌸𐌹𐌶𐍉 𐌼𐌹𐌽𐌽𐌹𐍃𐍄𐍉𐌽𐍉 𐌾𐌰𐌷 𐌻𐌰𐌹𐍃𐌾𐌰𐌹 𐍃𐍅𐌰 𐌼𐌰𐌽𐍃, 𐌼𐌹𐌽𐌽𐌹𐍃𐍄𐌰 𐌷𐌰𐌹𐍄𐌰𐌳𐌰 𐌹𐌽 𐌸𐌹𐌿𐌳𐌰𐌽𐌲𐌰𐍂𐌳𐌾𐌰𐌹 𐌷𐌹𐌼𐌹𐌽𐌴; 𐌹𐌸 𐍃𐌰𐌴𐌹 𐍄𐌰𐌿𐌾𐌹𐌸 𐌾𐌰𐌷 𐌻𐌰𐌹𐍃𐌾𐌰𐌹 𐍃𐍅𐌰, 𐍃𐌰𐌷 𐌼𐌹𐌺𐌹𐌻𐍃 𐌷𐌰𐌹𐍄𐌰𐌳𐌰 𐌹𐌽 𐌸𐌹𐌿𐌳𐌰𐌽𐌲𐌰𐍂𐌳𐌾𐌰𐌹 𐌷𐌹𐌼𐌹𐌽𐌴."
Matthew,5,20,"𐌵𐌹𐌸𐌰 𐌰𐌿𐌺 𐌹𐌶𐍅𐌹𐍃 𐌸𐌰𐍄𐌴𐌹 𐌽𐌹𐌱𐌰𐌹 𐌼𐌰𐌽𐌰𐌲𐌹𐌶𐍉 𐍅𐌰𐌹𐍂𐌸𐌹𐌸 𐌹𐌶𐍅𐌰𐍂𐌰𐌹𐌶𐍉𐍃 𐌲𐌰𐍂𐌰𐌹𐌷𐍄𐌴𐌹𐌽𐍃 𐌸𐌰𐌿 𐌸𐌹𐌶𐌴 𐌱𐍉𐌺𐌰𐍂𐌾𐌴 𐌾𐌰𐌷 𐍆𐌰𐍂𐌴𐌹𐍃𐌰𐌹𐌴, 𐌽𐌹 𐌸𐌰𐌿 𐌵𐌹𐌼𐌹𐌸 𐌹𐌽 𐌸𐌹𐌿𐌳𐌰𐌽𐌲𐌰𐍂𐌳𐌾𐌰𐌹 𐌷𐌹𐌼𐌹𐌽𐌴."
Matthew,5,21,𐌷𐌰𐌿𐍃𐌹𐌳𐌴𐌳𐌿𐌸 𐌸𐌰𐍄𐌴𐌹 𐌵𐌹𐌸𐌰𐌽 𐌹𐍃𐍄 𐌸𐌰𐌹𐌼 𐌰𐌹𐍂𐌹𐌶𐌰𐌼: 𐌽𐌹 𐌼𐌰𐌿𐍂𐌸𐍂𐌾𐌰𐌹𐍃; 𐌹𐌸 𐍃𐌰𐌴𐌹 𐌼𐌰𐌿𐍂𐌸𐍂𐌴𐌹𐌸 𐍃𐌺𐌿𐌻𐌰 𐍅𐌰𐌹𐍂𐌸𐌹𐌸 𐍃𐍄𐌰𐌿𐌰𐌹.
Matthew,5,22,"𐌰𐌸𐌸𐌰𐌽 𐌹𐌺 𐌵𐌹𐌸𐌰 𐌹𐌶𐍅𐌹𐍃 𐌸𐌰𐍄𐌴𐌹 𐍈𐌰𐌶𐌿𐌷 𐌼𐍉𐌳𐌰𐌲𐍃 𐌱𐍂𐍉𐌸𐍂 𐍃𐌴𐌹𐌽𐌰𐌼𐌼𐌰 𐍃𐍅𐌰𐍂𐌴, 𐍃𐌺𐌿𐌻𐌰 𐍅𐌰𐌹𐍂𐌸𐌹𐌸 𐍃𐍄𐌰𐌿𐌰𐌹; 𐌹𐌸 𐍃𐌰𐌴𐌹 𐌵𐌹𐌸𐌹𐌸 𐌱𐍂𐍉𐌸𐍂 𐍃𐌴𐌹𐌽𐌰𐌼𐌼𐌰 𐍂𐌰𐌺𐌰, 𐍃𐌺𐌿𐌻𐌰 𐍅𐌰𐌹𐍂𐌸𐌹𐌸 𐌲𐌰𐌵𐌿𐌼𐌸𐌰𐌹; 𐌰𐌸𐌸𐌰𐌽 𐍃𐌰𐌴𐌹 𐌵𐌹𐌸𐌹𐌸 𐌳𐍅𐌰𐌻𐌰, 𐍃𐌺𐌿𐌻𐌰 𐍅𐌰𐌹𐍂𐌸𐌹𐌸 𐌹𐌽 𐌲𐌰𐌹𐌰𐌹𐌽𐌽𐌰𐌽 𐍆𐌿𐌽𐌹𐌽𐍃."
Matthew,5,23,"𐌾𐌰𐌱𐌰𐌹 𐌽𐌿 𐌱𐌰𐌹𐍂𐌰𐌹𐍃 𐌰𐌹𐌱𐍂 𐌸𐌴𐌹𐌽 𐌳𐌿 𐌷𐌿𐌽𐍃𐌻𐌰𐍃𐍄𐌰𐌳𐌰 𐌾𐌰𐌷 𐌾𐌰𐌹𐌽𐌰𐍂 𐌲𐌰𐌼𐌿𐌽𐌴𐌹𐍃 𐌸𐌰𐍄𐌴𐌹 𐌱𐍂𐍉𐌸𐌰𐍂 𐌸𐌴𐌹𐌽𐍃 𐌷𐌰𐌱𐌰𐌹𐌸 𐍈𐌰 𐌱𐌹 𐌸𐌿𐌺,"
Matthew,5,24,"𐌰𐍆𐌻𐌴𐍄 𐌾𐌰𐌹𐌽𐌰𐍂 𐌸𐍉 𐌲𐌹𐌱𐌰 𐌸𐌴𐌹𐌽𐌰 𐌹𐌽 𐌰𐌽𐌳𐍅𐌰𐌹𐍂𐌸𐌾𐌰 𐌷𐌿𐌽𐍃𐌻𐌰𐍃𐍄𐌰𐌳𐌹𐍃 𐌾𐌰𐌷 𐌲𐌰𐌲𐌲 𐍆𐌰𐌿𐍂𐌸𐌹𐍃 𐌲𐌰𐍃𐌹𐌱𐌾𐍉𐌽 𐌱𐍂𐍉𐌸𐍂 𐌸𐌴𐌹𐌽𐌰𐌼𐌼𐌰, 𐌾𐌰𐌷 𐌱𐌹𐌸𐌴 𐌰𐍄𐌲𐌰𐌲𐌲𐌰𐌽𐌳𐍃 𐌰𐍄𐌱𐌰𐌹𐍂 𐌸𐍉 𐌲𐌹𐌱𐌰 𐌸𐌴𐌹𐌽𐌰."
Matthew,5,25,"𐍃𐌹𐌾𐌰𐌹𐍃 𐍅𐌰𐌹𐌻𐌰 𐌷𐌿𐌲𐌾𐌰𐌽𐌳𐍃 𐌰𐌽𐌳𐌰𐍃𐍄𐌰𐌿𐌹𐌽 𐌸𐌴𐌹𐌽𐌰𐌼𐌼𐌰 𐍃𐍀𐍂𐌰𐌿𐍄𐍉, 𐌿𐌽𐌳 𐌸𐌰𐍄𐌴𐌹 𐌹𐍃 𐌹𐌽 𐍅𐌹𐌲𐌰 𐌼𐌹𐌸 𐌹𐌼𐌼𐌰, 𐌹𐌱𐌰𐌹 𐍈𐌰𐌽 𐌰𐍄𐌲𐌹𐌱𐌰𐌹 𐌸𐌿𐌺 𐍃𐌰 𐌰𐌽𐌳𐌰𐍃𐍄𐌰𐌿𐌰 𐍃𐍄𐌰𐌿𐌹𐌽, 𐌾𐌰𐌷 𐍃𐌰 𐍃𐍄𐌰𐌿𐌰 𐌸𐌿𐌺 𐌰𐍄𐌲𐌹𐌱𐌰𐌹 𐌰𐌽𐌳𐌱𐌰𐌷𐍄𐌰, 𐌾𐌰𐌷 𐌹𐌽 𐌺𐌰𐍂𐌺𐌰𐍂𐌰 𐌲𐌰𐌻𐌰𐌲𐌾𐌰𐌶𐌰."
Matthew,5,26,"𐌰𐌼𐌴𐌽 𐌵𐌹𐌸𐌰 𐌸𐌿𐍃: 𐌽𐌹 𐌿𐍃𐌲𐌰𐌲𐌲𐌹𐍃 𐌾𐌰𐌹𐌽𐌸𐍂𐍉, 𐌿𐌽𐍄𐌴 𐌿𐍃𐌲𐌹𐌱𐌹𐍃 𐌸𐌰𐌽𐌰 𐌼𐌹𐌽𐌽𐌹𐍃𐍄𐌰𐌽 𐌺𐌹𐌽𐍄𐌿."
Matthew,5,27,𐌷𐌰𐌿𐍃𐌹𐌳𐌴𐌳𐌿𐌸 𐌸𐌰𐍄𐌴𐌹 𐌵𐌹𐌸𐌰𐌽 𐌹𐍃𐍄: 𐌽𐌹 𐌷𐍉𐍂𐌹𐌽𐍉𐍃.
Matthew,5,28,"𐌰𐌸𐌸𐌰𐌽 𐌹𐌺 𐌵𐌹𐌸𐌰 𐌹𐌶𐍅𐌹𐍃, 𐌸𐌰𐍄𐌴𐌹 𐍈𐌰𐌶𐌿𐌷 𐍃𐌰𐌴𐌹 𐍃𐌰𐌹𐍈𐌹𐌸 𐌵𐌹𐌽𐍉𐌽 𐌳𐌿 𐌻𐌿𐍃𐍄𐍉𐌽 𐌹𐌶𐍉𐍃, 𐌾𐌿 𐌲𐌰𐌷𐍉𐍂𐌹𐌽𐍉𐌳𐌰 𐌹𐌶𐌰𐌹 𐌹𐌽 𐌷𐌰𐌹𐍂𐍄𐌹𐌽 𐍃𐌴𐌹𐌽𐌰𐌼𐌼𐌰."
Matthew,5,29,"𐌹𐌸 𐌾𐌰𐌱𐌰𐌹 𐌰𐌿𐌲𐍉 𐌸𐌴𐌹𐌽 𐌸𐌰𐍄𐌰 𐍄𐌰𐌹𐌷𐍃𐍅𐍉 𐌼𐌰𐍂𐌶𐌾𐌰𐌹 𐌸𐌿𐌺, 𐌿𐍃𐍃𐍄𐌰𐌲𐌲 𐌹𐍄𐌰 𐌾𐌰𐌷 𐍅𐌰𐌹𐍂𐍀 𐌰𐍆 𐌸𐌿𐍃; 𐌱𐌰𐍄𐌹𐌶𐍉 𐌹𐍃𐍄 𐌰𐌿𐌺 𐌸𐌿𐍃 𐌴𐌹 𐍆𐍂𐌰𐌵𐌹𐍃𐍄𐌽𐌰𐌹 𐌰𐌹𐌽𐍃 𐌻𐌹𐌸𐌹𐍅𐌴 𐌸𐌴𐌹𐌽𐌰𐌹𐌶𐌴, 𐌾𐌰𐌷 𐌽𐌹 𐌰𐌻𐌻𐌰𐍄𐌰 𐌻𐌴𐌹𐌺 𐌸𐌴𐌹𐌽 𐌲𐌰𐌳𐍂𐌹𐌿𐍃𐌰𐌹 𐌹𐌽 𐌲𐌰𐌹𐌰𐌹𐌽𐌽𐌰𐌽."
Matthew,5,30,"𐌾𐌰𐌷 𐌾𐌰𐌱𐌰𐌹 𐍄𐌰𐌹𐌷𐍃𐍅𐍉 𐌸𐌴𐌹𐌽𐌰 𐌷𐌰𐌽𐌳𐌿𐍃 𐌼𐌰𐍂𐌶𐌾𐌰𐌹 𐌸𐌿𐌺, 𐌰𐍆𐌼𐌰𐌹𐍄 𐌸𐍉 𐌾𐌰𐌷 𐍅𐌰𐌹𐍂𐍀 𐌰𐍆 𐌸𐌿𐍃; 𐌱𐌰𐍄𐌹𐌶𐍉 𐌹𐍃𐍄 𐌰𐌿𐌺 𐌸𐌿𐍃 𐌴𐌹 𐍆𐍂𐌰𐌵𐌹𐍃𐍄𐌽𐌰𐌹 𐌰𐌹𐌽𐍃 𐌻𐌹𐌸𐌹𐍅𐌴 𐌸𐌴𐌹𐌽𐌰𐌹𐌶𐌴, 𐌾𐌰𐌷 𐌽𐌹 𐌰𐌻𐌻𐌰𐍄𐌰 𐌻𐌴𐌹𐌺 𐌸𐌴𐌹𐌽 𐌲𐌰𐌳𐍂𐌹𐌿𐍃𐌰𐌹 𐌹𐌽 𐌲𐌰𐌹𐌰𐌹𐌽𐌽𐌰𐌽."
Matthew,5,31,"𐌵𐌹𐌸𐌰𐌽𐌿𐌷 𐌸𐌰𐌽 𐌹𐍃𐍄 𐌸𐌰𐍄𐌴𐌹 𐍈𐌰𐌶𐌿𐌷 𐍃𐌰𐌴𐌹 𐌰𐍆𐌻𐌴𐍄𐌰𐌹 𐌵𐌴𐌽, 𐌲𐌹𐌱𐌰𐌹 𐌹𐌶𐌰𐌹 𐌰𐍆𐍃𐍄𐌰𐍃𐍃𐌰𐌹𐍃 𐌱𐍉𐌺𐍉𐍃."
Matthew,5,32,"𐌹𐌸 𐌹𐌺 𐌵𐌹𐌸𐌰 𐌹𐌶𐍅𐌹𐍃 𐌸𐌰𐍄𐌴𐌹 𐍈𐌰𐌶𐌿𐌷 𐍃𐌰𐌴𐌹 𐌰𐍆𐌻𐌴𐍄𐌹𐌸 𐌵𐌴𐌽 𐍃𐌴𐌹𐌽𐌰, 𐌹𐌽𐌿𐌷 𐍆𐌰𐌹𐍂𐌹𐌽𐌰 𐌺𐌰𐌻𐌺𐌹𐌽𐌰𐍃𐍃𐌰𐌿𐍃, 𐍄𐌰𐌿𐌾𐌹𐌸 𐌸𐍉 𐌷𐍉𐍂𐌹𐌽𐍉𐌽; 𐌾𐌰𐌷 𐍃𐌰 𐌹𐌶𐌴 𐌰𐍆𐍃𐌰𐍄𐌹𐌳𐌰 𐌻𐌹𐌿𐌲𐌰𐌹𐌸, 𐌷𐍉𐍂𐌹𐌽𐍉𐌸."
Matthew,5,33,"𐌰𐍆𐍄𐍂𐌰 𐌷𐌰𐌿𐍃𐌹𐌳𐌴𐌳𐌿𐌸 𐌸𐌰𐍄𐌴𐌹 𐌵𐌹𐌸𐌰𐌽 𐌹𐍃𐍄 𐌸𐌰𐌹𐌼 𐌰𐌹𐍂𐌹𐌶𐌰𐌼: 𐌽𐌹 𐌿𐍆𐌰𐍂𐍃𐍅𐌰𐍂𐌰𐌹𐍃, 𐌹𐌸 𐌿𐍃𐌲𐌹𐌱𐌰𐌹𐍃 𐍆𐍂𐌰𐌿𐌾𐌹𐌽 𐌰𐌹𐌸𐌰𐌽𐍃 𐌸𐌴𐌹𐌽𐌰𐌽𐍃."
Matthew,5,34,"𐌰𐌸𐌸𐌰𐌽 𐌹𐌺 𐌵𐌹𐌸𐌰 𐌹𐌶𐍅𐌹𐍃 𐌽𐌹 𐍃𐍅𐌰𐍂𐌰𐌽 𐌰𐌻𐌻𐌹𐍃, 𐌽𐌹 𐌱𐌹 𐌷𐌹𐌼𐌹𐌽𐌰, 𐌿𐌽𐍄𐌴 𐍃𐍄𐍉𐌻𐍃 𐌹𐍃𐍄 𐌲𐌿𐌳𐌹𐍃;"
Matthew,5,35,"𐌽𐌹𐌷 𐌱𐌹 𐌰𐌹𐍂𐌸𐌰𐌹, 𐌿𐌽𐍄𐌴 𐍆𐍉𐍄𐌿𐌱𐌰𐌿𐍂𐌳 𐌹𐍃𐍄 𐍆𐍉𐍄𐌹𐍅𐌴 𐌹𐍃; 𐌽𐌹𐌷 𐌱𐌹 𐌹𐌰𐌹𐍂𐌿𐍃𐌰𐌿𐌻𐍅𐌼𐌰𐌹, 𐌿𐌽𐍄𐌴 𐌱𐌰𐌿𐍂𐌲𐍃 𐌹𐍃𐍄 𐌸𐌹𐍃 𐌼𐌹𐌺𐌹𐌻𐌹𐌽𐍃 𐌸𐌹𐌿𐌳𐌰𐌽𐌹𐍃;"
Matthew,5,36,"𐌽𐌹𐌷 𐌱𐌹 𐌷𐌰𐌿𐌱𐌹𐌳𐌰 𐌸𐌴𐌹𐌽𐌰𐌼𐌼𐌰 𐍃𐍅𐌰𐍂𐌰𐌹𐍃, 𐌿𐌽𐍄𐌴 𐌽𐌹 𐌼𐌰𐌲𐍄 𐌰𐌹𐌽 𐍄𐌰𐌲𐌻 𐍈𐌴𐌹𐍄 𐌰𐌹𐌸𐌸𐌰𐌿 𐍃𐍅𐌰𐍂𐍄 𐌲𐌰𐍄𐌰𐌿𐌾𐌰𐌽."
Matthew,5,37,"𐍃𐌹𐌾𐌰𐌹𐌸~𐌸𐌰𐌽 𐍅𐌰𐌿𐍂𐌳 𐌹𐌶𐍅𐌰𐍂: 𐌾𐌰, 𐌾𐌰; 𐌽𐌴, 𐌽𐌴; 𐌹𐌸 𐌸𐌰𐍄𐌰 𐌼𐌰𐌽𐌰𐌲𐌹𐌶𐍉 𐌸𐌰𐌹𐌼 𐌿𐍃 𐌸𐌰𐌼𐌼𐌰 𐌿𐌱𐌹𐌻𐌹𐌽 𐌹𐍃𐍄."
Matthew,5,38,"𐌷𐌰𐌿𐍃𐌹𐌳𐌴𐌳𐌿𐌸 𐌸𐌰𐍄𐌴𐌹 𐌵𐌹𐌸𐌰𐌽 𐌹𐍃𐍄: 𐌰𐌿𐌲𐍉 𐌿𐌽𐌳 𐌰𐌿𐌲𐌹𐌽, 𐌾𐌰𐌷 𐍄𐌿𐌽𐌸𐌿 𐌿𐌽𐌳 𐍄𐌿𐌽𐌸𐌰𐌿."
Matthew,5,39,"𐌹𐌸 𐌹𐌺 𐌵𐌹𐌸𐌰 𐌹𐌶𐍅𐌹𐍃 𐌽𐌹 𐌰𐌽𐌳𐍃𐍄𐌰𐌽𐌳𐌰𐌽 𐌰𐌻𐌻𐌹𐍃 𐌸𐌰𐌼𐌼𐌰 𐌿𐌽𐍃𐌴𐌻𐌾𐌹𐌽; 𐌰𐌺 𐌾𐌰𐌱𐌰𐌹 𐍈𐌰𐍃 𐌸𐌿𐌺 𐍃𐍄𐌰𐌿𐍄𐌰𐌹 𐌱𐌹 𐍄𐌰𐌹𐌷𐍃𐍅𐍉𐌽 𐌸𐌴𐌹𐌽𐌰 𐌺𐌹𐌽𐌽𐌿, 𐍅𐌰𐌽𐌳𐌴𐌹 𐌹𐌼𐌼𐌰 𐌾𐌰𐌷 𐌸𐍉 𐌰𐌽𐌸𐌰𐍂𐌰."
Matthew,5,40,"𐌾𐌰𐌷 𐌸𐌰𐌼𐌼𐌰 𐍅𐌹𐌻𐌾𐌰𐌽𐌳𐌹𐌽 𐌼𐌹𐌸 𐌸𐌿𐍃 𐍃𐍄𐌰𐌿𐌰 𐌾𐌰𐌷 𐍀𐌰𐌹𐌳𐌰 𐌸𐌴𐌹𐌽𐌰 𐌽𐌹𐌼𐌰𐌽, 𐌰𐍆𐌻𐌴𐍄 𐌹𐌼𐌼𐌰 𐌾𐌰𐌷 𐍅𐌰𐍃𐍄𐌾𐌰."
Matthew,5,41,"𐌾𐌰𐌷 𐌾𐌰𐌱𐌰𐌹 𐍈𐌰𐍃 𐌸𐌿𐌺 𐌰𐌽𐌰𐌽𐌰𐌿𐌸𐌾𐌰𐌹 𐍂𐌰𐍃𐍄𐌰 𐌰𐌹𐌽𐌰, 𐌲𐌰𐌲𐌲𐌰𐌹𐍃 𐌼𐌹𐌸 𐌹𐌼𐌼𐌰 𐍄𐍅𐍉𐍃."
Matthew,5,42,"𐌸𐌰𐌼𐌼𐌰 𐌱𐌹𐌳𐌾𐌰𐌽𐌳𐌹𐌽 𐌸𐌿𐌺 𐌲𐌹𐌱𐌰𐌹𐍃, 𐌾𐌰𐌷 𐌸𐌰𐌼𐌼𐌰 𐍅𐌹𐌻𐌾𐌰𐌽𐌳𐌹𐌽 𐌰𐍆 𐌸𐌿𐍃 𐌻𐌴𐌹𐍈𐌰𐌽 𐍃𐌹𐍃 𐌽𐌹 𐌿𐍃𐍅𐌰𐌽𐌳𐌾𐌰𐌹𐍃."
Matthew,5,43,"𐌷𐌰𐌿𐍃𐌹𐌳𐌴𐌳𐌿𐌸 𐌸𐌰𐍄𐌴𐌹 𐌵𐌹𐌸𐌰𐌽 𐌹𐍃𐍄: 𐍆𐍂𐌹𐌾𐍉𐍃 𐌽𐌴𐍈𐌿𐌽𐌳𐌾𐌰𐌽 𐌸𐌴𐌹𐌽𐌰𐌽𐌰, 𐌾𐌰𐌷 𐍆𐌹𐌰𐌹𐍃 𐍆𐌹𐌰𐌽𐌳 𐌸𐌴𐌹𐌽𐌰𐌽𐌰."
Matthew,5,44,"𐌰𐌸𐌸𐌰𐌽 𐌹𐌺 𐌵𐌹𐌸𐌰 𐌹𐌶𐍅𐌹𐍃: 𐍆𐍂𐌹𐌾𐍉𐌸 𐍆𐌹𐌾𐌰𐌽𐌳𐍃 𐌹𐌶𐍅𐌰𐍂𐌰𐌽𐍃, 𐌸𐌹𐌿𐌸𐌾𐌰𐌹𐌸 𐌸𐌰𐌽𐍃 𐍅𐍂𐌹𐌺𐌰𐌽𐌳𐌰𐌽𐍃 𐌹𐌶𐍅𐌹𐍃, 𐍅𐌰𐌹𐌻𐌰 𐍄𐌰𐌿𐌾𐌰𐌹𐌸 𐌸𐌰𐌹𐌼 𐌷𐌰𐍄𐌾𐌰𐌽𐌳𐌰𐌼 𐌹𐌶𐍅𐌹𐍃, 𐌾𐌰𐌷 𐌱𐌹𐌳𐌾𐌰𐌹𐌸 𐌱𐌹 𐌸𐌰𐌽𐍃 𐌿𐍃𐌸𐍂𐌹𐌿𐍄𐌰𐌽𐌳𐌰𐌽𐍃 𐌹𐌶𐍅𐌹𐍃,"
Matthew,5,45,"𐌴𐌹 𐍅𐌰𐌹𐍂𐌸𐌰𐌹𐌸 𐍃𐌿𐌽𐌾𐌿𐍃 𐌰𐍄𐍄𐌹𐌽𐍃 𐌹𐌶𐍅𐌰𐍂𐌹𐍃 𐌸𐌹𐍃 𐌹𐌽 𐌷𐌹𐌼𐌹𐌽𐌰𐌼, 𐌿𐌽𐍄𐌴 𐍃𐌿𐌽𐌽𐍉𐌽 𐍃𐌴𐌹𐌽𐌰 𐌿𐍂𐍂𐌰𐌽𐌽𐌴𐌹𐌸 𐌰𐌽𐌰 𐌿𐌱𐌹𐌻𐌰𐌽𐍃 𐌾𐌰𐌷 𐌲𐍉𐌳𐌰𐌽𐍃, 𐌾𐌰𐌷 𐍂𐌹𐌲𐌽𐌴𐌹𐌸 𐌰𐌽𐌰 𐌲𐌰𐍂𐌰𐌹𐌷𐍄𐌰𐌽𐍃 𐌾𐌰𐌷 𐌰𐌽𐌰 𐌹𐌽𐍅𐌹𐌽𐌳𐌰𐌽𐍃."
Matthew,5,46,"𐌾𐌰𐌱𐌰𐌹 𐌰𐌿𐌺 𐍆𐍂𐌹𐌾𐍉𐌸 𐌸𐌰𐌽𐍃 𐍆𐍂𐌹𐌾𐍉𐌽𐌳𐌰𐌽𐍃 𐌹𐌶𐍅𐌹𐍃 𐌰𐌹𐌽𐌰𐌽𐍃, 𐍈𐍉 𐌼𐌹𐌶𐌳𐍉𐌽𐍉 𐌷𐌰𐌱𐌰𐌹𐌸? 𐌽𐌹𐌿 𐌾𐌰𐌷 𐌸𐌰𐌹 𐌸𐌹𐌿𐌳𐍉 𐌸𐌰𐍄𐌰 𐍃𐌰𐌼𐍉 𐍄𐌰𐌿𐌾𐌰𐌽𐌳?"
Matthew,5,47,"𐌾𐌰𐌷 𐌾𐌰𐌱𐌰𐌹 𐌲𐍉𐌻𐌴𐌹𐌸 𐌸𐌰𐌽𐍃 𐍆𐍂𐌹𐌾𐍉𐌽𐌳𐍃 𐌹𐌶𐍅𐌰𐍂𐌰𐌽𐍃 𐌸𐌰𐍄𐌰𐌹𐌽𐌴𐌹, 𐍈𐌴 𐌼𐌰𐌽𐌰𐌲𐌹𐌶𐍉 𐍄𐌰𐌿𐌾𐌹𐌸? 𐌽𐌹𐌿 𐌾𐌰𐌷 𐌼𐍉𐍄𐌰𐍂𐌾𐍉𐍃 𐌸𐌰𐍄𐌰 𐍃𐌰𐌼𐍉 𐍄𐌰𐌿𐌾𐌰𐌽𐌳?"
Matthew,5,48,"𐍃𐌹𐌾𐌰𐌹𐌸 𐌽𐌿 𐌾𐌿𐍃 𐍆𐌿𐌻𐌻𐌰𐍄𐍉𐌾𐌰𐌹, 𐍃𐍅𐌰𐍃𐍅𐌴 𐌰𐍄𐍄𐌰 𐌹𐌶𐍅𐌰𐍂 𐍃𐌰 𐌹𐌽 𐌷𐌹𐌼𐌹𐌽𐌰𐌼 𐍆𐌿𐌻𐌻𐌰𐍄𐍉𐌾𐌹𐍃 𐌹𐍃𐍄."
Matthew,6,1,𐌰𐍄𐍃𐌰𐌹𐍈𐌹𐌸 𐌰𐍂𐌼𐌰𐌹𐍉𐌽 𐌹𐌶𐍅𐌰𐍂𐌰 𐌽𐌹 𐍄𐌰𐌿𐌾𐌰𐌽 𐌹𐌽 𐌰𐌽𐌳𐍅𐌰𐌹𐍂𐌸𐌾𐌰 𐌼𐌰𐌽𐌽𐌴 𐌳𐌿 𐍃𐌰𐌹𐍈𐌰𐌽 𐌹𐌼; 𐌰𐌹𐌸𐌸𐌰𐌿 𐌻𐌰𐌿𐌽 𐌽𐌹 𐌷𐌰𐌱𐌰𐌹𐌸 𐍆𐍂𐌰𐌼 𐌰𐍄𐍄𐌹𐌽 𐌹𐌶𐍅𐌰𐍂𐌰𐌼𐌼𐌰 𐌸𐌰𐌼𐌼𐌰 𐌹𐌽 𐌷𐌹𐌼𐌹𐌽𐌰𐌼.
Matthew,6,2,"𐌸𐌰𐌽 𐌽𐌿 𐍄𐌰𐌿𐌾𐌰𐌹𐍃 𐌰𐍂𐌼𐌰𐌹𐍉𐌽, 𐌽𐌹 𐌷𐌰𐌿𐍂𐌽𐌾𐌰𐌹𐍃 𐍆𐌰𐌿𐍂𐌰 𐌸𐌿𐍃, 𐍃𐍅𐌰𐍃𐍅𐌴 𐌸𐌰𐌹 𐌻𐌹𐌿𐍄𐌰𐌽𐍃 𐍄𐌰𐌿𐌾𐌰𐌽𐌳 𐌹𐌽 𐌲𐌰𐌵𐌿𐌼𐌸𐌹𐌼 𐌾𐌰𐌷 𐌹𐌽 𐌲𐌰𐍂𐌿𐌽𐍃𐌹𐌼, 𐌴𐌹 𐌷𐌰𐌿𐌷𐌾𐌰𐌹𐌽𐌳𐌰𐌿 𐍆𐍂𐌰𐌼 𐌼𐌰𐌽𐌽𐌰𐌼; 𐌰𐌼𐌴𐌽 𐌵𐌹𐌸𐌰 𐌹𐌶𐍅𐌹𐍃: 𐌰𐌽𐌳𐌽𐌴𐌼𐌿𐌽 𐌼𐌹𐌶𐌳𐍉𐌽 𐍃𐌴𐌹𐌽𐌰."
Matthew,6,3,"𐌹𐌸 𐌸𐌿𐌺 𐍄𐌰𐌿𐌾𐌰𐌽𐌳𐌰𐌽 𐌰𐍂𐌼𐌰𐌹𐍉𐌽 𐌽𐌹 𐍅𐌹𐍄𐌹 𐌷𐌻𐌴𐌹𐌳𐌿𐌼𐌴𐌹 𐌸𐌴𐌹𐌽𐌰, 𐍈𐌰 𐍄𐌰𐌿𐌾𐌹𐌸 𐍄𐌰𐌹𐌷𐍃𐍅𐍉 𐌸𐌴𐌹𐌽𐌰,"
Matthew,6,4,"𐌴𐌹 𐍃𐌹𐌾𐌰𐌹 𐍃𐍉 𐌰𐍂𐌼𐌰𐌷𐌰𐌹𐍂𐍄𐌹𐌸𐌰 𐌸𐌴𐌹𐌽𐌰 𐌹𐌽 𐍆𐌿𐌻𐌷𐍃𐌽𐌾𐌰, 𐌾𐌰𐌷 𐌰𐍄𐍄𐌰 𐌸𐌴𐌹𐌽𐍃 𐍃𐌰𐌴𐌹 𐍃𐌰𐌹𐍈𐌹𐌸 𐌹𐌽 𐍆𐌿𐌻𐌷𐍃𐌽𐌾𐌰, 𐌿𐍃𐌲𐌹𐌱𐌹𐌸 𐌸𐌿𐍃 𐌹𐌽 𐌱𐌰𐌹𐍂𐌷𐍄𐌴𐌹𐌽."
Matthew,6,5,"𐌾𐌰𐌷 𐌸𐌰𐌽 𐌱𐌹𐌳𐌾𐌰𐌹𐌸, 𐌽𐌹 𐍃𐌹𐌾𐌰𐌹𐌸 𐍃𐍅𐌰𐍃𐍅𐌴 𐌸𐌰𐌹 𐌻𐌹𐌿𐍄𐌰𐌽𐍃, 𐌿𐌽𐍄𐌴 𐍆𐍂𐌹𐌾𐍉𐌽𐌳 𐌹𐌽 𐌲𐌰𐌵𐌿𐌼𐌸𐌹𐌼 𐌾𐌰𐌷 𐍅𐌰𐌹𐌷𐍃𐍄𐌰𐌼 𐍀𐌻𐌰𐍀𐌾𐍉 𐍃𐍄𐌰𐌽𐌳𐌰𐌽𐌳𐌰𐌽𐍃 𐌱𐌹𐌳𐌾𐌰𐌽, 𐌴𐌹 𐌲𐌰𐌿𐌼𐌾𐌰𐌹𐌽𐌳𐌰𐌿 𐌼𐌰𐌽𐌽𐌰𐌼. 𐌰𐌼𐌴𐌽, 𐌵𐌹𐌸𐌰 𐌹𐌶𐍅𐌹𐍃 𐌸𐌰𐍄𐌴𐌹 𐌷𐌰𐌱𐌰𐌽𐌳 𐌼𐌹𐌶𐌳𐍉𐌽 𐍃𐌴𐌹𐌽𐌰."
Matthew,6,6,"𐌹𐌸 𐌸𐌿 𐌸𐌰𐌽 𐌱𐌹𐌳𐌾𐌰𐌹𐍃, 𐌲𐌰𐌲𐌲 𐌹𐌽 𐌷𐌴𐌸𐌾𐍉𐌽 𐌸𐌴𐌹𐌽𐌰 𐌾𐌰𐌷 𐌲𐌰𐌻𐌿𐌺𐌰𐌽𐌳𐍃 𐌷𐌰𐌿𐍂𐌳𐌰𐌹 𐌸𐌴𐌹𐌽𐌰𐌹 𐌱𐌹𐌳𐌴𐌹 𐌳𐌿 𐌰𐍄𐍄𐌹𐌽 𐌸𐌴𐌹𐌽𐌰𐌼𐌼𐌰 𐌸𐌰𐌼𐌼𐌰 𐌹𐌽 𐍆𐌿𐌻𐌷𐍃𐌽𐌾𐌰, 𐌾𐌰𐌷 𐌰𐍄𐍄𐌰 𐌸𐌴𐌹𐌽𐍃 𐍃𐌰𐌴𐌹 𐍃𐌰𐌹𐍈𐌹𐌸 𐌹𐌽 𐍆𐌿𐌻𐌷𐍃𐌽𐌾𐌰, 𐌿𐍃𐌲𐌹𐌱𐌹𐌸 𐌸𐌿𐍃 𐌹𐌽 𐌱𐌰𐌹𐍂𐌷𐍄𐌴𐌹𐌽."
Matthew,6,7,"𐌱𐌹𐌳𐌾𐌰𐌽𐌳𐌰𐌽𐍃𐌿𐌸~𐌸𐌰𐌽 𐌽𐌹 𐍆𐌹𐌻𐌿𐍅𐌰𐌿𐍂𐌳𐌾𐌰𐌹𐌸, 𐍃𐍅𐌰𐍃𐍅𐌴 𐌸𐌰𐌹 𐌸𐌹𐌿𐌳𐍉; 𐌸𐌿𐌲𐌺𐌴𐌹𐌸 𐌹𐌼 𐌰𐌿𐌺 𐌴𐌹 𐌹𐌽 𐍆𐌹𐌻𐌿𐍅𐌰𐌿𐍂𐌳𐌴𐌹𐌽 𐍃𐌴𐌹𐌽𐌰𐌹 𐌰𐌽𐌳𐌷𐌰𐌿𐍃𐌾𐌰𐌹𐌽𐌳𐌰𐌿."
Matthew,6,8,"𐌽𐌹 𐌲𐌰𐌻𐌴𐌹𐌺𐍉𐌸 𐌽𐌿 𐌸𐌰𐌹𐌼; 𐍅𐌰𐌹𐍄 𐌰𐌿𐌺 𐌰𐍄𐍄𐌰 𐌹𐌶𐍅𐌰𐍂 𐌸𐌹𐌶𐌴𐌹 𐌾𐌿𐍃 𐌸𐌰𐌿𐍂𐌱𐌿𐌸, 𐍆𐌰𐌿𐍂𐌸𐌹𐌶𐌴𐌹 𐌾𐌿𐍃 𐌱𐌹𐌳𐌾𐌰𐌹𐌸 𐌹𐌽𐌰."
Matthew,6,9,"𐍃𐍅𐌰 𐌽𐌿 𐌱𐌹𐌳𐌾𐌰𐌹𐌸 𐌾𐌿𐍃: 𐌰𐍄𐍄𐌰 𐌿𐌽𐍃𐌰𐍂 𐌸𐌿 𐌹𐌽 𐌷𐌹𐌼𐌹𐌽𐌰𐌼, 𐍅𐌴𐌹𐌷𐌽𐌰𐌹 𐌽𐌰𐌼𐍉 𐌸𐌴𐌹𐌽."
Matthew,6,10,"𐌵𐌹𐌼𐌰𐌹 𐌸𐌹𐌿𐌳𐌹𐌽𐌰𐍃𐍃𐌿𐍃 𐌸𐌴𐌹𐌽𐍃. 𐍅𐌰𐌹𐍂𐌸𐌰𐌹 𐍅𐌹𐌻𐌾𐌰 𐌸𐌴𐌹𐌽𐍃, 𐍃𐍅𐌴 𐌹𐌽 𐌷𐌹𐌼𐌹𐌽𐌰 𐌾𐌰𐌷 𐌰𐌽𐌰 𐌰𐌹𐍂𐌸𐌰𐌹."
Matthew,6,11,𐌷𐌻𐌰𐌹𐍆 𐌿𐌽𐍃𐌰𐍂𐌰𐌽𐌰 𐌸𐌰𐌽𐌰 𐍃𐌹𐌽𐍄𐌴𐌹𐌽𐌰𐌽 𐌲𐌹𐍆 𐌿𐌽𐍃 𐌷𐌹𐌼𐌼𐌰 𐌳𐌰𐌲𐌰.
Matthew,6,12,"𐌾𐌰𐌷 𐌰𐍆𐌻𐌴𐍄 𐌿𐌽𐍃 𐌸𐌰𐍄𐌴𐌹 𐍃𐌺𐌿𐌻𐌰𐌽𐍃 𐍃𐌹𐌾𐌰𐌹𐌼𐌰, 𐍃𐍅𐌰𐍃𐍅𐌴 𐌾𐌰𐌷 𐍅𐌴𐌹𐍃 𐌰𐍆𐌻𐌴𐍄𐌰𐌼 𐌸𐌰𐌹𐌼 𐍃𐌺𐌿𐌻𐌰𐌼 𐌿𐌽𐍃𐌰𐍂𐌰𐌹𐌼."
Matthew,6,13,"𐌾𐌰𐌷 𐌽𐌹 𐌱𐍂𐌹𐌲𐌲𐌰𐌹𐍃 𐌿𐌽𐍃 𐌹𐌽 𐍆𐍂𐌰𐌹𐍃𐍄𐌿𐌱𐌽𐌾𐌰𐌹, 𐌰𐌺 𐌻𐌰𐌿𐍃𐌴𐌹 𐌿𐌽𐍃 𐌰𐍆 𐌸𐌰𐌼𐌼𐌰 𐌿𐌱𐌹𐌻𐌹𐌽; 𐌿𐌽𐍄𐌴 𐌸𐌴𐌹𐌽𐌰 𐌹𐍃𐍄 𐌸𐌹𐌿𐌳𐌰𐌽𐌲𐌰𐍂𐌳𐌹 𐌾𐌰𐌷 𐌼𐌰𐌷𐍄𐍃 𐌾𐌰𐌷 𐍅𐌿𐌻𐌸𐌿𐍃 𐌹𐌽 𐌰𐌹𐍅𐌹𐌽𐍃. 𐌰𐌼𐌴𐌽."
Matthew,6,14,"𐌿𐌽𐍄𐌴 𐌾𐌰𐌱𐌰𐌹 𐌰𐍆𐌻𐌴𐍄𐌹𐌸 𐌼𐌰𐌽𐌽𐌰𐌼 𐌼𐌹𐍃𐍃𐌰𐌳𐌴𐌳𐌹𐌽𐍃 𐌹𐌶𐌴, 𐌰𐍆𐌻𐌴𐍄𐌹𐌸 𐌾𐌰𐌷 𐌹𐌶𐍅𐌹𐍃 𐌰𐍄𐍄𐌰 𐌹𐌶𐍅𐌰𐍂 𐍃𐌰 𐌿𐍆𐌰𐍂 𐌷𐌹𐌼𐌹𐌽𐌰𐌼."
Matthew,6,15,"𐌹𐌸 𐌾𐌰𐌱𐌰𐌹 𐌽𐌹 𐌰𐍆𐌻𐌴𐍄𐌹𐌸 𐌼𐌰𐌽𐌽𐌰𐌼 𐌼𐌹𐍃𐍃𐌰𐌳𐌴𐌳𐌹𐌽𐍃 𐌹𐌶𐌴, 𐌽𐌹 𐌸𐌰𐌿 𐌰𐍄𐍄𐌰 𐌹𐌶𐍅𐌰𐍂 𐌰𐍆𐌻𐌴𐍄𐌹𐌸 𐌼𐌹𐍃𐍃𐌰𐌳𐌴𐌳𐌹𐌽𐍃 𐌹𐌶𐍅𐌰𐍂𐍉𐍃."
Matthew,6,16,"𐌰𐌸𐌸𐌰𐌽 𐌱𐌹𐌸𐌴 𐍆𐌰𐍃𐍄𐌰𐌹𐌸, 𐌽𐌹 𐍅𐌰𐌹𐍂𐌸𐌰𐌹𐌸 𐍃𐍅𐌰𐍃𐍅𐌴 𐌸𐌰𐌹 𐌻𐌹𐌿𐍄𐌰𐌽𐍃 𐌲𐌰𐌿𐍂𐌰𐌹; 𐍆𐍂𐌰𐍅𐌰𐍂𐌳𐌾𐌰𐌽𐌳 𐌰𐌿𐌺 𐌰𐌽𐌳𐍅𐌰𐌹𐍂𐌸𐌾𐌰 𐍃𐌴𐌹𐌽𐌰, 𐌴𐌹 𐌲𐌰𐍃𐌰𐌹𐍈𐌰𐌹𐌽𐌳𐌰𐌿 𐌼𐌰𐌽𐌽𐌰𐌼 𐍆𐌰𐍃𐍄𐌰𐌽𐌳𐌰𐌽𐍃. 𐌰𐌼𐌴𐌽, 𐌵𐌹𐌸𐌰 𐌹𐌶𐍅𐌹𐍃, 𐌸𐌰𐍄𐌴𐌹 𐌰𐌽𐌳𐌽𐌴𐌼𐌿𐌽 𐌼𐌹𐌶𐌳𐍉𐌽 𐍃𐌴𐌹𐌽𐌰."
Matthew,6,17,"𐌹𐌸 𐌸𐌿 𐍆𐌰𐍃𐍄𐌰𐌽𐌳𐍃 𐍃𐌰𐌻𐌱𐍉 𐌷𐌰𐌿𐌱𐌹𐌸 𐌸𐌴𐌹𐌽 𐌾𐌰𐌷 𐌻𐌿𐌳𐌾𐌰 𐌸𐌴𐌹𐌽𐌰 𐌸𐍅𐌰𐌷,"
Matthew,6,18,"𐌴𐌹 𐌽𐌹 𐌲𐌰𐍃𐌰𐌹𐍈𐌰𐌹𐌶𐌰𐌿 𐌼𐌰𐌽𐌽𐌰𐌼 𐍆𐌰𐍃𐍄𐌰𐌽𐌳𐍃, 𐌰𐌺 𐌰𐍄𐍄𐌹𐌽 𐌸𐌴𐌹𐌽𐌰𐌼𐌼𐌰 𐌸𐌰𐌼𐌼𐌰 𐌹𐌽 𐍆𐌿𐌻𐌷𐍃𐌽𐌾𐌰, 𐌾𐌰𐌷 𐌰𐍄𐍄𐌰 𐌸𐌴𐌹𐌽𐍃 𐍃𐌰𐌴𐌹 𐍃𐌰𐌹𐍈𐌹𐌸 𐌹𐌽 𐍆𐌿𐌻𐌷𐍃𐌽𐌾𐌰, 𐌿𐍃𐌲𐌹𐌱𐌹𐌸 𐌸𐌿𐍃."
Matthew,6,19,"𐌽𐌹 𐌷𐌿𐌶𐌳𐌾𐌰𐌹𐌸 𐌹𐌶𐍅𐌹𐍃 𐌷𐌿𐌶𐌳𐌰 𐌰𐌽𐌰 𐌰𐌹𐍂𐌸𐌰𐌹, 𐌸𐌰𐍂𐌴𐌹 𐌼𐌰𐌻𐍉 𐌾𐌰𐌷 𐌽𐌹𐌳𐍅𐌰 𐍆𐍂𐌰𐍅𐌰𐍂𐌳𐌴𐌹𐌸, 𐌾𐌰𐌷 𐌸𐌰𐍂𐌴𐌹 𐌸𐌹𐌿𐌱𐍉𐍃 𐌿𐍆𐌲𐍂𐌰𐌱𐌰𐌽𐌳 𐌾𐌰𐌷 𐌷𐌻𐌹𐍆𐌰𐌽𐌳."
Matthew,6,20,"𐌹𐌸 𐌷𐌿𐌶𐌳𐌾𐌰𐌹𐌸 𐌹𐌶𐍅𐌹𐍃 𐌷𐌿𐌶𐌳𐌰 𐌹𐌽 𐌷𐌹𐌼𐌹𐌽𐌰, 𐌸𐌰𐍂𐌴𐌹 𐌽𐌹𐌷 𐌼𐌰𐌻𐍉 𐌽𐌹𐌷 𐌽𐌹𐌳𐍅𐌰 𐍆𐍂𐌰𐍅𐌰𐍂𐌳𐌴𐌹𐌸, 𐌾𐌰𐌷 𐌸𐌰𐍂𐌴𐌹 𐌸𐌹𐌿𐌱𐍉𐍃 𐌽𐌹 𐌿𐍆𐌲𐍂𐌰𐌱𐌰𐌽𐌳 𐌽𐌹𐌷 𐍃𐍄𐌹𐌻𐌰𐌽𐌳."
Matthew,6,21,"𐌸𐌰𐍂𐌴𐌹 𐌰𐌿𐌺 𐌹𐍃𐍄 𐌷𐌿𐌶𐌳 𐌹𐌶𐍅𐌰𐍂, 𐌸𐌰𐍂𐌿𐌷 𐌹𐍃𐍄 𐌾𐌰𐌷 𐌷𐌰𐌹𐍂𐍄𐍉 𐌹𐌶𐍅𐌰𐍂."
Matthew,6,22,"𐌻𐌿𐌺𐌰𐍂𐌽 𐌻𐌴𐌹𐌺𐌹𐍃 𐌹𐍃𐍄 𐌰𐌿𐌲𐍉: 𐌾𐌰𐌱𐌰𐌹 𐌽𐌿 𐌰𐌿𐌲𐍉 𐌸𐌴𐌹𐌽 𐌰𐌹𐌽𐍆𐌰𐌻𐌸 𐌹𐍃𐍄, 𐌰𐌻𐌻𐌰𐍄𐌰 𐌻𐌴𐌹𐌺 𐌸𐌴𐌹𐌽 𐌻𐌹𐌿𐌷𐌰𐌳𐌴𐌹𐌽 𐍅𐌰𐌹𐍂𐌸𐌹𐌸;"
Matthew,6,23,"𐌹𐌸 𐌾𐌰𐌱𐌰𐌹 𐌰𐌿𐌲𐍉 𐌸𐌴𐌹𐌽 𐌿𐌽𐍃𐌴𐌻 𐌹𐍃𐍄, 𐌰𐌻𐌻𐌰𐍄𐌰 𐌻𐌴𐌹𐌺 𐌸𐌴𐌹𐌽 𐍂𐌹𐌵𐌹𐌶𐌴𐌹𐌽 𐍅𐌰𐌹𐍂𐌸𐌹𐌸. 𐌾𐌰𐌱𐌰𐌹 𐌽𐌿 𐌻𐌹𐌿𐌷𐌰𐌸 𐌸𐌰𐍄𐌰 𐌹𐌽 𐌸𐌿𐍃 𐍂𐌹𐌵𐌹𐌶 𐌹𐍃𐍄, 𐌸𐌰𐍄𐌰 𐍂𐌹𐌵𐌹𐌶 𐍈𐌰𐌽 𐍆𐌹𐌻𐌿!"
Matthew,6,24,"𐌽𐌹 𐌼𐌰𐌽𐌽𐌰 𐌼𐌰𐌲 𐍄𐍅𐌰𐌹𐌼 𐍆𐍂𐌰𐌿𐌾𐌰𐌼 𐍃𐌺𐌰𐌻𐌺𐌹𐌽𐍉𐌽; 𐌿𐌽𐍄𐌴 𐌾𐌰𐌱𐌰𐌹 𐍆𐌹𐌾𐌰𐌹𐌸 𐌰𐌹𐌽𐌰𐌽𐌰, 𐌾𐌰𐌷 𐌰𐌽𐌸𐌰𐍂𐌰𐌽𐌰 𐍆𐍂𐌹𐌾𐍉𐌸; 𐌰𐌹𐌸𐌸𐌰𐌿 𐌰𐌹𐌽𐌰𐌼𐌼𐌰 𐌿𐍆𐌷𐌰𐌿𐍃𐌴𐌹𐌸, 𐌹𐌸 𐌰𐌽𐌸𐌰𐍂𐌰𐌼𐌼𐌰 𐍆𐍂𐌰𐌺𐌰𐌽𐌽. 𐌽𐌹 𐌼𐌰𐌲𐌿𐌸 𐌲𐌿𐌳𐌰 𐍃𐌺𐌰𐌻𐌺𐌹𐌽𐍉𐌽 𐌾𐌰𐌷 𐌼𐌰𐌼𐌼𐍉𐌽𐌹𐌽."
Matthew,6,25,"𐌳𐌿𐌸𐌸𐌴 𐌵𐌹𐌸𐌰 𐌹𐌶𐍅𐌹𐍃: 𐌽𐌹 𐌼𐌰𐌿𐍂𐌽𐌰𐌹𐌸 𐍃𐌰𐌹𐍅𐌰𐌻𐌰𐌹 𐌹𐌶𐍅𐌰𐍂𐌰𐌹 𐍈𐌰 𐌼𐌰𐍄𐌾𐌰𐌹𐌸 𐌾𐌰𐌷 𐍈𐌰 𐌳𐍂𐌹𐌲𐌺𐌰𐌹𐌸, 𐌽𐌹𐌷 𐌻𐌴𐌹𐌺𐌰 𐌹𐌶𐍅𐌰𐍂𐌰𐌼𐌼𐌰 𐍈𐌴 𐍅𐌰𐍃𐌾𐌰𐌹𐌸; 𐌽𐌹𐌿 𐍃𐌰𐌹𐍅𐌰𐌻𐌰 𐌼𐌰𐌹𐍃 𐌹𐍃𐍄 𐍆𐍉𐌳𐌴𐌹𐌽𐌰𐌹 𐌾𐌰𐌷 𐌻𐌴𐌹𐌺 𐍅𐌰𐍃𐍄𐌾𐍉𐌼?"
Matthew,6,26,"𐌹𐌽𐍃𐌰𐌹𐍈𐌹𐌸 𐌳𐌿 𐍆𐌿𐌲𐌻𐌰𐌼 𐌷𐌹𐌼𐌹𐌽𐌹𐍃, 𐌸𐌴𐌹 𐌽𐌹 𐍃𐌰𐌹𐌰𐌽𐌳 𐌽𐌹𐌷 𐍃𐌽𐌴𐌹𐌸𐌰𐌽𐌳, 𐌽𐌹𐌷 𐌻𐌹𐍃𐌰𐌽𐌳 𐌹𐌽 𐌱𐌰𐌽𐍃𐍄𐌹𐌽𐍃, 𐌾𐌰𐌷 𐌰𐍄𐍄𐌰 𐌹𐌶𐍅𐌰𐍂 𐍃𐌰 𐌿𐍆𐌰𐍂 𐌷𐌹𐌼𐌹𐌽𐌰𐌼 𐍆𐍉𐌳𐌴𐌹𐌸 𐌹𐌽𐍃. 𐌽𐌹𐌿 𐌾𐌿𐍃 𐌼𐌰𐌹𐍃 𐍅𐌿𐌻𐌸𐍂𐌹𐌶𐌰𐌽𐍃 𐍃𐌹𐌾𐌿𐌸 𐌸𐌰𐌹𐌼?"
Matthew,6,27,𐌹𐌸 𐍈𐌰𐍃 𐌹𐌶𐍅𐌰𐍂𐌰 𐌼𐌰𐌿𐍂𐌽𐌰𐌽𐌳𐍃 𐌼𐌰𐌲 𐌰𐌽𐌰𐌰𐌿𐌺𐌰𐌽 𐌰𐌽𐌰 𐍅𐌰𐌷𐍃𐍄𐌿 𐍃𐌴𐌹𐌽𐌰𐌽𐌰 𐌰𐌻𐌴𐌹𐌽𐌰 𐌰𐌹𐌽𐌰?
Matthew,6,28,"𐌾𐌰𐌷 𐌱𐌹 𐍅𐌰𐍃𐍄𐌾𐍉𐍃 𐍈𐌰 𐍃𐌰𐌿𐍂𐌲𐌰𐌹𐌸? 𐌲𐌰𐌺𐌿𐌽𐌽𐌰𐌹𐌸 𐌱𐌻𐍉𐌼𐌰𐌽𐍃 𐌷𐌰𐌹𐌸𐌾𐍉𐍃, 𐍈𐌰𐌹𐍅𐌰 𐍅𐌰𐌷𐍃𐌾𐌰𐌽𐌳; 𐌽𐌹𐌷 𐌰𐍂𐌱𐌰𐌹𐌳𐌾𐌰𐌽𐌳 𐌽𐌹𐌷 𐍃𐍀𐌹𐌽𐌽𐌰𐌽𐌳."
Matthew,6,29,𐌵𐌹𐌸𐌿𐌷 𐌸𐌰𐌽 𐌹𐌶𐍅𐌹𐍃 𐌸𐌰𐍄𐌴𐌹 𐌽𐌹𐌷 𐍃𐌰𐌿𐌻𐌰𐌿𐌼𐍉𐌽 𐌹𐌽 𐌰𐌻𐌻𐌰𐌼𐌼𐌰 𐍅𐌿𐌻𐌸𐌰𐌿 𐍃𐌴𐌹𐌽𐌰𐌼𐌼𐌰 𐌲𐌰𐍅𐌰𐍃𐌹𐌳𐌰 𐍃𐌹𐌺 𐍃𐍅𐌴 𐌰𐌹𐌽𐍃 𐌸𐌹𐌶𐌴.
Matthew,6,30,"𐌾𐌰𐌷 𐌸𐌰𐌽𐌳𐌴 𐌸𐌰𐍄𐌰 𐌷𐌰𐍅𐌹 𐌷𐌰𐌹𐌸𐌾𐍉𐍃 𐌷𐌹𐌼𐌼𐌰 𐌳𐌰𐌲𐌰 𐍅𐌹𐍃𐌰𐌽𐌳𐍉 𐌾𐌰𐌷 𐌲𐌹𐍃𐍄𐍂𐌰𐌳𐌰𐌲𐌹𐍃 𐌹𐌽 𐌰𐌿𐌷𐌽 𐌲𐌰𐌻𐌰𐌲𐌹𐌸 𐌲𐌿𐌸 𐍃𐍅𐌰 𐍅𐌰𐍃𐌾𐌹𐌸, 𐍈𐌰𐌹𐍅𐌰 𐌼𐌰𐌹𐍃 𐌹𐌶𐍅𐌹𐍃 𐌻𐌴𐌹𐍄𐌹𐌻 𐌲𐌰𐌻𐌰𐌿𐌱𐌾𐌰𐌽𐌳𐌰𐌽𐍃?"
Matthew,6,31,𐌽𐌹 𐌼𐌰𐌿𐍂𐌽𐌰𐌹𐌸 𐌽𐌿 𐌵𐌹𐌸𐌰𐌽𐌳𐌰𐌽𐍃: 𐍈𐌰 𐌼𐌰𐍄𐌾𐌰𐌼 𐌰𐌹𐌸𐌸𐌰𐌿 𐍈𐌰 𐌳𐍂𐌹𐌲𐌺𐌰𐌼 𐌰𐌹𐌸𐌸𐌰𐌿 𐍈𐌴 𐍅𐌰𐍃𐌾𐌰𐌹𐌼𐌰?
Matthew,6,32,𐌰𐌻𐌻 𐌰𐌿𐌺 𐌸𐌰𐍄𐌰 𐌸𐌹𐌿𐌳𐍉𐍃 𐍃𐍉𐌺𐌾𐌰𐌽𐌳; 𐍅𐌰𐌹𐍄𐌿𐌷 𐌸𐌰𐌽 𐌰𐍄𐍄𐌰 𐌹𐌶𐍅𐌰𐍂 𐍃𐌰 𐌿𐍆𐌰𐍂 𐌷𐌹𐌼𐌹𐌽𐌰𐌼 𐌸𐌰𐍄𐌴𐌹 𐌸𐌰𐌿𐍂𐌱𐌿𐌸....
Matthew,6,33,
Matthew,6,34,
Matthew,7,1,
Matthew,7,2,
Matthew,7,3,
Matthew,7,4,
Matthew,7,5,
Matthew,7,6,
Matthew,7,7,
Matthew,7,8,
Matthew,7,9,
Matthew,7,10,
Matthew,7,11,
Matthew,7,12,".... (𐍄𐌰𐌿)𐌾𐌰𐌹𐌽𐌰 𐌹𐌶𐍅𐌹𐍃 𐌼𐌰𐌽𐍃, 𐍃𐍅𐌰 𐌾𐌰𐌷 𐌾𐌿𐍃 𐍄𐌰𐌿𐌾𐌰𐌹𐌸 𐌹𐌼: 𐌸𐌰𐍄𐌰 𐌰𐌿𐌺 𐌹𐍃𐍄 𐍅𐌹𐍄𐍉𐌸 𐌾𐌰𐌷 𐍀𐍂𐌰𐌿𐍆𐌴𐍄𐌴𐌹𐍃."
Matthew,7,13,"𐌹𐌽𐌽𐌲𐌰𐌲𐌲𐌰𐌹𐌸 𐌸𐌰𐌹𐍂𐌷 𐌰𐌲𐌲𐍅𐌿 𐌳𐌰𐌿𐍂, 𐌿𐌽𐍄𐌴 𐌱𐍂𐌰𐌹𐌳 𐌳𐌰𐌿𐍂 𐌾𐌰𐌷 𐍂𐌿𐌼𐍃 𐍅𐌹𐌲𐍃 𐍃𐌰 𐌱𐍂𐌹𐌲𐌲𐌰𐌽𐌳𐌰 𐌹𐌽 𐍆𐍂𐌰𐌻𐌿𐍃𐍄𐌰𐌹, 𐌾𐌰𐌷 𐌼𐌰𐌽𐌰𐌲𐌰𐌹 𐍃𐌹𐌽𐌳 𐌸𐌰𐌹 𐌹𐌽𐌽𐌲𐌰𐌻𐌴𐌹𐌸𐌰𐌽𐌳𐌰𐌽𐍃 𐌸𐌰𐌹𐍂𐌷 𐌸𐌰𐍄𐌰."
Matthew,7,14,"𐍈𐌰𐌽 𐌰𐌲𐌲𐍅𐌿 𐌸𐌰𐍄𐌰 𐌳𐌰𐌿𐍂 𐌾𐌰𐌷 𐌸𐍂𐌰𐌹𐌷𐌰𐌽𐍃 𐍅𐌹𐌲𐍃 𐍃𐌰 𐌱𐍂𐌹𐌲𐌲𐌰𐌽𐌳𐌰 𐌹𐌽 𐌻𐌹𐌱𐌰𐌹𐌽𐌰𐌹, 𐌾𐌰𐌷 𐍆𐌰𐍅𐌰𐌹 𐍃𐌹𐌽𐌳 𐌸𐌰𐌹 𐌱𐌹𐌲𐌹𐍄𐌰𐌽𐌳𐌰𐌽𐍃 𐌸𐌰𐌽𐌰."
Matthew,7,15,"𐌰𐍄𐍃𐌰𐌹𐍈𐌹𐌸 𐍃𐍅𐌴𐌸𐌰𐌿𐌷 𐍆𐌰𐌿𐍂𐌰 𐌻𐌹𐌿𐌲𐌽𐌰𐍀𐍂𐌰𐌿𐍆𐌴𐍄𐌿𐌼 𐌸𐌰𐌹𐌼 𐌹𐌶𐌴𐌹 𐌵𐌹𐌼𐌰𐌽𐌳 𐌰𐍄 𐌹𐌶𐍅𐌹𐍃 𐌹𐌽 𐍅𐌰𐍃𐍄𐌾𐍉𐌼 𐌻𐌰𐌼𐌱𐌴, 𐌹𐌸 𐌹𐌽𐌽𐌰𐌸𐍂𐍉 𐍃𐌹𐌽𐌳 𐍅𐌿𐌻𐍆𐍉𐍃 𐍅𐌹𐌻𐍅𐌰𐌽𐌳𐌰𐌽𐍃."
Matthew,7,16,𐌱𐌹 𐌰𐌺𐍂𐌰𐌽𐌰𐌼 𐌹𐌶𐌴 𐌿𐍆𐌺𐌿𐌽𐌽𐌰𐌹𐌸 𐌹𐌽𐍃. 𐌹𐌱𐌰𐌹 𐌻𐌹𐍃𐌰𐌽𐌳[𐌰] 𐌰𐍆 𐌸𐌰𐌿𐍂𐌽𐌿𐌼 𐍅𐌴𐌹𐌽𐌰𐌱𐌰𐍃𐌾𐌰 𐌰𐌹𐌸𐌸𐌰𐌿 𐌰𐍆 𐍅𐌹𐌲𐌰𐌳𐌴𐌹𐌽𐍉𐌼 𐍃𐌼𐌰𐌺𐌺𐌰𐌽𐍃?
Matthew,7,17,"𐍃𐍅𐌰 𐌰𐌻𐌻 𐌱𐌰𐌲𐌼𐌴 𐌲𐍉𐌳𐌰𐌹𐌶𐌴 𐌰𐌺𐍂𐌰𐌽𐌰 𐌲𐍉𐌳𐌰 𐌲𐌰𐍄𐌰𐌿𐌾𐌹𐌸, 𐌹𐌸 𐍃𐌰 𐌿𐌱𐌹𐌻𐌰 𐌱𐌰𐌲𐌼𐍃 𐌰𐌺𐍂𐌰𐌽𐌰 𐌿𐌱𐌹𐌻𐌰 𐌲𐌰𐍄𐌰𐌿𐌾𐌹𐌸."
Matthew,7,18,"𐌽𐌹 𐌼𐌰𐌲 𐌱𐌰𐌲𐌼𐍃 𐌸𐌹𐌿𐌸𐌴𐌹𐌲𐍃 𐌰𐌺𐍂𐌰𐌽𐌰 𐌿𐌱𐌹𐌻𐌰 𐌲𐌰𐍄𐌰𐌿𐌾𐌰𐌽, 𐌽𐌹𐌷 𐌱𐌰𐌲𐌼𐍃 𐌿𐌱𐌹𐌻𐍃 𐌰𐌺𐍂𐌰𐌽𐌰 𐌸𐌹𐌿𐌸𐌴𐌹𐌲𐌰 𐌲𐌰𐍄𐌰𐌿𐌾𐌰𐌽."
Matthew,7,19,𐌰𐌻𐌻 𐌱𐌰𐌲𐌼𐌴 𐌽𐌹 𐍄𐌰𐌿𐌾𐌰𐌽𐌳𐌰𐌽𐌴 𐌰𐌺𐍂𐌰𐌽 𐌲𐍉𐌳 𐌿𐍃𐌼𐌰𐌹𐍄𐌰𐌳𐌰 𐌾𐌰𐌷 𐌹𐌽 𐍆𐍉𐌽 𐌰𐍄𐌻𐌰𐌲𐌾𐌰𐌳𐌰.
Matthew,7,20,𐌸𐌰𐌽𐌽𐌿 𐌱𐌹 𐌰𐌺𐍂𐌰𐌽𐌰𐌼 𐌹𐌶𐌴 𐌿𐍆𐌺𐌿𐌽𐌽𐌰𐌹𐌸 𐌹𐌽𐍃.
Matthew,7,21,"𐌽𐌹 𐍈𐌰𐌶𐌿𐌷 𐍃𐌰𐌴𐌹 𐌵𐌹𐌸𐌹𐌸 𐌼𐌹𐍃: 𐍆𐍂𐌰𐌿𐌾𐌰, 𐍆𐍂𐌰𐌿𐌾𐌰! 𐌹𐌽𐌽𐌲𐌰𐌻𐌴𐌹𐌸𐌹𐌸 𐌹𐌽 𐌸𐌹𐌿𐌳𐌰𐌽𐌲𐌰𐍂𐌳𐌾𐌰 𐌷𐌹𐌼𐌹𐌽𐌴, 𐌰𐌺 𐍃𐌰 𐍄𐌰𐌿𐌾𐌰𐌽𐌳𐍃 𐍅𐌹𐌻𐌾𐌰𐌽 𐌰𐍄𐍄𐌹𐌽𐍃 𐌼𐌴𐌹𐌽𐌹𐍃 𐌸𐌹𐍃 𐌹𐌽 𐌷𐌹𐌼𐌹𐌽𐌰𐌼."
Matthew,7,22,"𐌼𐌰𐌽𐌰𐌲𐌰𐌹 𐌵𐌹𐌸𐌰𐌽𐌳 𐌼𐌹𐍃 𐌹𐌽 𐌾𐌰𐌹𐌽𐌰𐌼𐌼𐌰 𐌳𐌰𐌲𐌰: 𐍆𐍂𐌰𐌿𐌾𐌰, 𐍆𐍂𐌰𐌿𐌾𐌰! 𐌽𐌹𐌿 𐌸𐌴𐌹𐌽𐌰𐌼𐌼𐌰 𐌽𐌰𐌼𐌹𐌽 𐍀𐍂𐌰𐌿𐍆𐌴𐍄𐌹𐌳𐌴𐌳𐌿𐌼, 𐌾𐌰𐌷 𐌸𐌴𐌹𐌽𐌰𐌼𐌼𐌰 𐌽𐌰𐌼𐌹𐌽 𐌿𐌽𐌷𐌿𐌻𐌸𐍉𐌽𐍃 𐌿𐍃𐍅𐌰𐌿𐍂𐍀𐌿𐌼, 𐌾𐌰𐌷 𐌸𐌴𐌹𐌽𐌰𐌼𐌼𐌰 𐌽𐌰𐌼𐌹𐌽 𐌼𐌰𐌷𐍄𐌹𐌽𐍃 𐌼𐌹𐌺𐌹𐌻𐍉𐍃 𐌲𐌰𐍄𐌰𐍅𐌹𐌳𐌴𐌳𐌿𐌼?"
Matthew,7,23,"𐌾𐌰𐌷 𐌸𐌰𐌽 𐌰𐌽𐌳𐌷𐌰𐌹𐍄𐌰 𐌹𐌼 𐌸𐌰𐍄𐌴𐌹 𐌽𐌹 𐍈𐌰𐌽𐌷𐌿𐌽 𐌺𐌿𐌽𐌸𐌰 𐌹𐌶𐍅𐌹𐍃: 𐌰𐍆𐌻𐌴𐌹𐌸𐌹𐌸 𐍆𐌰𐌹𐍂𐍂𐌰 𐌼𐌹𐍃, 𐌾𐌿𐍃 𐍅𐌰𐌿𐍂𐌺𐌾𐌰𐌽𐌳𐌰𐌽𐍃 𐌿𐌽𐍃𐌹𐌱𐌾𐍉𐌽𐌰."
Matthew,7,24,"𐍈𐌰𐌶𐌿𐌷 𐌽𐌿 𐍃𐌰𐌴𐌹 𐌷𐌰𐌿𐍃𐌴𐌹𐌸 𐍅𐌰𐌿𐍂𐌳𐌰 𐌼𐌴𐌹𐌽𐌰 𐌾𐌰𐌷 𐍄𐌰𐌿𐌾𐌹𐌸 𐌸𐍉, 𐌲𐌰𐌻𐌴𐌹𐌺𐍉 𐌹𐌽𐌰 𐍅𐌰𐌹𐍂𐌰 𐍆𐍂𐍉𐌳𐌰𐌼𐌼𐌰, 𐍃𐌰𐌴𐌹 𐌲𐌰𐍄𐌹𐌼𐍂𐌹𐌳𐌰 𐍂𐌰𐌶𐌽 𐍃𐌴𐌹𐌽 𐌰𐌽𐌰 𐍃𐍄𐌰𐌹𐌽𐌰."
Matthew,7,25,"𐌾𐌰𐌷 𐌰𐍄𐌹𐌳𐌳𐌾𐌰 𐌳𐌰𐌻𐌰𐌸 𐍂𐌹𐌲𐌽 𐌾𐌰𐌷 𐌵𐌴𐌼𐌿𐌽 𐌰𐍈𐍉𐍃 𐌾𐌰𐌷 𐍅𐌰𐌹𐍅𐍉𐌿𐌽 𐍅𐌹𐌽𐌳𐍉𐍃 𐌾𐌰𐌷 𐌱𐌹𐍃𐍄𐌿𐌲𐌵𐌿𐌽 𐌱𐌹 𐌸𐌰𐌼𐌼𐌰 𐍂𐌰𐌶𐌽𐌰 𐌾𐌰𐌹𐌽𐌰𐌼𐌼𐌰, 𐌾𐌰𐌷 𐌽𐌹 𐌲𐌰𐌳𐍂𐌰𐌿𐍃, 𐌿𐌽𐍄𐌴 𐌲𐌰𐍃𐌿𐌻𐌹𐌸 𐍅𐌰𐍃 𐌰𐌽𐌰 𐍃𐍄𐌰𐌹𐌽𐌰."
Matthew,7,26,"𐌾𐌰𐌷 𐍈𐌰𐌶𐌿𐌷 𐍃𐌰𐌴𐌹 𐌷𐌰𐌿𐍃𐌴𐌹𐌸 𐍅𐌰𐌿𐍂𐌳𐌰 𐌼𐌴𐌹𐌽𐌰 𐌾𐌰𐌷 𐌽𐌹 𐍄𐌰𐌿𐌾𐌹𐌸 𐌸𐍉, 𐌲𐌰𐌻𐌴𐌹𐌺𐍉𐌳𐌰 𐌼𐌰𐌽𐌽 𐌳𐍅𐌰𐌻𐌰𐌼𐌼𐌰, 𐍃𐌰𐌴𐌹 𐌲𐌰𐍄𐌹𐌼𐍂𐌹𐌳𐌰 𐍂𐌰𐌶𐌽 𐍃𐌴𐌹𐌽 𐌰𐌽𐌰 𐌼𐌰𐌻𐌼𐌹𐌽."
Matthew,7,27,"𐌾𐌰𐌷 𐌰𐍄𐌹𐌳𐌳𐌾𐌰 𐌳𐌰𐌻𐌰𐌸 𐍂𐌹𐌲𐌽 𐌾𐌰𐌷 𐌵𐌴𐌼𐌿𐌽 𐌰𐍈𐍉𐍃 𐌾𐌰𐌷 𐍅𐌰𐌹𐍅𐍉𐌿𐌽 𐍅𐌹𐌽𐌳𐍉𐍃 𐌾𐌰𐌷 𐌱𐌹𐍃𐍄𐌿𐌲𐌵𐌿𐌽 𐌱𐌹 𐌾𐌰𐌹𐌽𐌰𐌼𐌼𐌰 𐍂𐌰𐌶𐌽𐌰, 𐌾𐌰𐌷 𐌲𐌰𐌳𐍂𐌰𐌿𐍃, 𐌾𐌰𐌷 𐍅𐌰𐍃 𐌳𐍂𐌿𐍃 𐌹𐍃 𐌼𐌹𐌺𐌹𐌻𐍃."
Matthew,7,28,"𐌾𐌰𐌷 𐍅𐌰𐍂𐌸, 𐌸𐌰𐌽 𐌿𐍃𐍄𐌰𐌿𐌷 𐌹𐌴𐍃𐌿𐍃 𐌸𐍉 𐍅𐌰𐌿𐍂𐌳𐌰, 𐌱𐌹𐌰𐌱𐍂𐌹𐌳𐌴𐌳𐌿𐌽 𐌼𐌰𐌽𐌰𐌲𐌴𐌹𐌽𐍃 𐌰𐌽𐌰 𐌻𐌰𐌹𐍃𐌴𐌹𐌽𐌰𐌹 𐌹𐍃."
Matthew,7,29,"𐍅𐌰𐍃 𐌰𐌿𐌺 𐌻𐌰𐌹𐍃𐌾𐌰𐌽𐌳𐍃 𐌹𐌽𐍃 𐍃𐍅𐌴 𐍅𐌰𐌻𐌳𐌿𐍆𐌽𐌹 𐌷𐌰𐌱𐌰𐌽𐌳𐍃, 𐌾𐌰𐌷 𐌽𐌹 𐍃𐍅𐌰𐍃𐍅𐌴 𐌱𐍉𐌺𐌰𐍂𐌾𐍉𐍃."
Matthew,8,1,"𐌳𐌰𐌻𐌰𐌸 𐌸𐌰𐌽 𐌰𐍄𐌲𐌰𐌲𐌲𐌰𐌽𐌳𐌹𐌽 𐌹𐌼𐌼𐌰 𐌰𐍆 𐍆𐌰𐌹𐍂𐌲𐌿𐌽𐌾𐌰, 𐌻𐌰𐌹𐍃𐍄𐌹𐌳𐌴𐌳𐌿𐌽 𐌰𐍆𐌰𐍂 𐌹𐌼𐌼𐌰 𐌹𐌿𐌼𐌾𐍉𐌽𐍃 𐌼𐌰𐌽𐌰𐌲𐍉𐍃."
Matthew,8,2,"𐌾𐌰𐌷 𐍃𐌰𐌹, 𐌼𐌰𐌽𐌽𐌰 𐌸𐍂𐌿𐍄𐍃𐍆𐌹𐌻𐌻 𐌷𐌰𐌱𐌰𐌽𐌳𐍃 𐌳𐌿𐍂𐌹𐌽𐌽𐌰𐌽𐌳𐍃 𐌹𐌽𐍅𐌰𐌹𐍄 𐌹𐌽𐌰 𐌵𐌹𐌸𐌰𐌽𐌳𐍃: 𐍆𐍂𐌰𐌿𐌾𐌰, 𐌾𐌰𐌱𐌰𐌹 𐍅𐌹𐌻𐌴𐌹𐍃, 𐌼𐌰𐌲𐍄 𐌼𐌹𐌺 𐌲𐌰𐌷𐍂𐌰𐌹𐌽𐌾𐌰𐌽."
Matthew,8,3,"𐌾𐌰𐌷 𐌿𐍆𐍂𐌰𐌺𐌾𐌰𐌽𐌳𐍃 𐌷𐌰𐌽𐌳𐌿 𐌰𐍄𐍄𐌰𐌹𐍄𐍉𐌺 𐌹𐌼𐌼𐌰 𐌵𐌹𐌸𐌰𐌽𐌳𐍃: 𐍅𐌹𐌻𐌾𐌰𐌿, 𐍅𐌰𐌹𐍂𐌸 𐌷𐍂𐌰𐌹𐌽𐍃! 𐌾𐌰𐌷 𐍃𐌿𐌽𐍃 𐌷𐍂𐌰𐌹𐌽 𐍅𐌰𐍂𐌸 𐌸𐌰𐍄𐌰 𐌸𐍂𐌿𐍄𐍃𐍆𐌹𐌻𐌻 𐌹𐍃."
Matthew,8,4,"𐌾𐌰𐌷 𐌵𐌰𐌸 𐌹𐌼𐌼𐌰 𐌹𐌴𐍃𐌿𐍃: 𐍃𐌰𐌹𐍈 𐌴𐌹 𐌼𐌰𐌽𐌽 𐌽𐌹 𐌵𐌹𐌸𐌰𐌹𐍃, 𐌰𐌺 𐌲𐌰𐌲𐌲, 𐌸𐌿𐌺 𐍃𐌹𐌻𐌱𐌰𐌽 𐌰𐍄𐌰𐌿𐌲𐌴𐌹 𐌲𐌿𐌳𐌾𐌹𐌽 𐌾𐌰𐌷 𐌰𐍄𐌱𐌰𐌹𐍂 𐌲𐌹𐌱𐌰 𐌸𐍉𐌴𐌹 𐌰𐌽𐌰𐌱𐌰𐌿𐌸 𐌼𐍉𐍃𐌴𐍃 𐌳𐌿 𐍅𐌴𐌹𐍄𐍅𐍉𐌳𐌹𐌸𐌰𐌹 𐌹𐌼."
Matthew,8,5,"𐌰𐍆𐌰𐍂𐌿𐌷 𐌸𐌰𐌽 𐌸𐌰𐍄𐌰 𐌹𐌽𐌽𐌰𐍄𐌲𐌰𐌲𐌲𐌰𐌽𐌳𐌹𐌽 𐌹𐌼𐌼𐌰 𐌹𐌽 𐌺𐌰𐍆𐌰𐍂𐌽𐌰𐌿𐌼, 𐌳𐌿𐌰𐍄𐌹𐌳𐌳𐌾𐌰 𐌹𐌼𐌼𐌰 𐌷𐌿𐌽𐌳𐌰𐍆𐌰𐌸𐍃 𐌱𐌹𐌳𐌾𐌰𐌽𐌳𐍃 𐌹𐌽𐌰"
Matthew,8,6,"𐌾𐌰𐌷 𐌵𐌹𐌸𐌰𐌽𐌳𐍃: 𐍆𐍂𐌰𐌿𐌾𐌰, 𐌸𐌹𐌿𐌼𐌰𐌲𐌿𐍃 𐌼𐌴𐌹𐌽𐍃 𐌻𐌹𐌲𐌹𐌸 𐌹𐌽 𐌲𐌰𐍂𐌳𐌰 𐌿𐍃𐌻𐌹𐌸𐌰, 𐌷𐌰𐍂𐌳𐌿𐌱𐌰 𐌱𐌰𐌻𐍅𐌹𐌸𐍃."
Matthew,8,7,𐌾𐌰𐌷 𐌵𐌰𐌸 𐌳𐌿 𐌹𐌼𐌼𐌰 𐌹𐌴𐍃𐌿𐍃: 𐌹𐌺 𐌵𐌹𐌼𐌰𐌽𐌳𐍃 𐌲𐌰𐌷𐌰𐌹𐌻𐌾𐌰 𐌹𐌽𐌰.
Matthew,8,8,"𐌾𐌰𐌷 𐌰𐌽𐌳𐌷𐌰𐍆𐌾𐌰𐌽𐌳𐍃 𐍃𐌰 𐌷𐌿𐌽𐌳𐌰𐍆𐌰𐌸𐍃 𐌵𐌰𐌸: 𐍆𐍂𐌰𐌿𐌾𐌰, 𐌽𐌹 𐌹𐌼 𐍅𐌰𐌹𐍂𐌸𐍃 𐌴𐌹 𐌿𐍆 𐌷𐍂𐍉𐍄 𐌼𐌴𐌹𐌽 𐌹𐌽𐌽𐌲𐌰𐌲𐌲𐌰𐌹𐍃, 𐌰𐌺 𐌸𐌰𐍄𐌰𐌹𐌽𐌴𐌹 𐌵𐌹𐌸 𐍅𐌰𐌿𐍂𐌳𐌰 𐌾𐌰𐌷 𐌲𐌰𐌷𐌰𐌹𐌻𐌽𐌹𐌸 𐍃𐌰 𐌸𐌹𐌿𐌼𐌰𐌲𐌿𐍃 𐌼𐌴𐌹𐌽𐍃."
Matthew,8,9,"𐌾𐌰𐌷 𐌰𐌿𐌺 𐌹𐌺 𐌼𐌰𐌽𐌽𐌰 𐌹𐌼 𐌷𐌰𐌱𐌰𐌽𐌳𐍃 𐌿𐍆 𐍅𐌰𐌻𐌳𐌿𐍆𐌽𐌾𐌰 𐌼𐌴𐌹𐌽𐌰𐌼𐌼𐌰 𐌲𐌰𐌳𐍂𐌰𐌿𐌷𐍄𐌹𐌽𐍃 𐌾𐌰𐌷 𐌵𐌹𐌸𐌰 𐌳𐌿 𐌸𐌰𐌼𐌼𐌰: 𐌲𐌰𐌲𐌲, 𐌾𐌰𐌷 𐌲𐌰𐌲𐌲𐌹𐌸; 𐌾𐌰𐌷 𐌰𐌽𐌸𐌰𐍂𐌰𐌼𐌼𐌰: 𐌵𐌹𐌼, 𐌾𐌰𐌷 𐌵𐌹𐌼𐌹𐌸; 𐌾𐌰𐌷 𐌳𐌿 𐍃𐌺𐌰𐌻𐌺𐌰 𐌼𐌴𐌹𐌽𐌰𐌼𐌼𐌰: 𐍄𐌰𐍅𐌴𐌹 𐌸𐌰𐍄𐌰, 𐌾𐌰𐌷 𐍄𐌰𐌿𐌾𐌹𐌸."
Matthew,8,10,"𐌲𐌰𐌷𐌰𐌿𐍃𐌾𐌰𐌽𐌳𐍃 𐌸𐌰𐌽 𐌹𐌴𐍃𐌿𐍃 𐍃𐌹𐌻𐌳𐌰𐌻𐌴𐌹𐌺𐌹𐌳𐌰 𐌾𐌰𐌷 𐌵𐌰𐌸 𐌳𐌿 𐌸𐌰𐌹𐌼 𐌰𐍆𐌰𐍂𐌻𐌰𐌹𐍃𐍄𐌾𐌰𐌽𐌳𐌰𐌼: 𐌰𐌼𐌴𐌽, 𐌵𐌹𐌸𐌰 𐌹𐌶𐍅𐌹𐍃, 𐌽𐌹 𐌹𐌽 𐌹𐍃𐍂𐌰𐌴𐌻𐌰 𐍃𐍅𐌰𐌻𐌰𐌿𐌳𐌰 𐌲𐌰𐌻𐌰𐌿𐌱𐌴𐌹𐌽 𐌱𐌹𐌲𐌰𐍄."
Matthew,8,11,"𐌰𐌸𐌸𐌰𐌽 𐌵𐌹𐌸𐌰 𐌹𐌶𐍅𐌹𐍃 𐌸𐌰𐍄𐌴𐌹 𐌼𐌰𐌽𐌰𐌲𐌰𐌹 𐍆𐍂𐌰𐌼 𐌿𐍂𐍂𐌿𐌽𐍃𐌰 𐌾𐌰𐌷 𐍃𐌰𐌲𐌲𐌵𐌰 𐌵𐌹𐌼𐌰𐌽𐌳, 𐌾𐌰𐌷 𐌰𐌽𐌰𐌺𐌿𐌼𐌱𐌾𐌰𐌽𐌳 𐌼𐌹𐌸 𐌰𐌱𐍂𐌰𐌷𐌰𐌼𐌰 𐌾𐌰𐌷 𐌹𐍃𐌰𐌺𐌰 𐌾𐌰𐌷 𐌹𐌰𐌺𐍉𐌱𐌰 𐌹𐌽 𐌸𐌹𐌿𐌳𐌰𐌽𐌲𐌰𐍂𐌳𐌾𐌰𐌹 𐌷𐌹𐌼𐌹𐌽𐌴:"
Matthew,8,12,𐌹𐌸 𐌸𐌰𐌹 𐍃𐌿𐌽𐌾𐌿𐍃 𐌸𐌹𐌿𐌳𐌰𐌽𐌲𐌰𐍂𐌳𐌾𐍉𐍃 𐌿𐍃𐍅𐌰𐌹𐍂𐍀𐌰𐌽𐌳𐌰 𐌹𐌽 𐍂𐌹𐌵𐌹𐍃 𐌸𐌰𐍄𐌰 𐌷𐌹𐌽𐌳𐌿𐌼𐌹𐍃𐍄𐍉; 𐌾𐌰𐌹𐌽𐌰𐍂 𐍅𐌰𐌹𐍂𐌸𐌹𐌸 𐌲𐍂𐌴𐍄𐍃 𐌾𐌰𐌷 𐌺𐍂𐌿𐍃𐍄𐍃 𐍄𐌿𐌽𐌸𐌹𐍅𐌴.
Matthew,8,13,"𐌾𐌰𐌷 𐌵𐌰𐌸 𐌹𐌴𐍃𐌿𐍃 𐌸𐌰𐌼𐌼𐌰 𐌷𐌿𐌽𐌳𐌰𐍆𐌰𐌳𐌰: 𐌲𐌰𐌲𐌲, 𐌾𐌰𐌷 𐍃𐍅𐌰𐍃𐍅𐌴 𐌲𐌰𐌻𐌰𐌿𐌱𐌹𐌳𐌴𐍃 𐍅𐌰𐌹𐍂𐌸𐌰𐌹 𐌸𐌿𐍃. 𐌾𐌰𐌷 𐌲𐌰𐌷𐌰𐌹𐌻𐌽𐍉𐌳𐌰 𐍃𐌰 𐌸𐌹𐌿𐌼𐌰𐌲𐌿𐍃 𐌹𐍃 𐌹𐌽 𐌾𐌰𐌹𐌽𐌰𐌹 𐍈𐌴𐌹𐌻𐌰𐌹."
Matthew,8,14,"𐌾𐌰𐌷 𐌵𐌹𐌼𐌰𐌽𐌳𐍃 𐌹𐌴𐍃𐌿𐍃 𐌹𐌽 𐌲𐌰𐍂𐌳𐌰 𐍀𐌰𐌹𐍄𐍂𐌰𐌿𐍃, 𐌾𐌰𐌷 𐌲𐌰𐍃𐌰𐍈 𐍃𐍅𐌰𐌹𐌷𐍂𐍉𐌽 𐌹𐍃 𐌻𐌹𐌲𐌰𐌽𐌳𐌴𐌹𐌽 𐌹𐌽 𐌷𐌴𐌹𐍄𐍉𐌼."
Matthew,8,15,𐌾𐌰𐌷 𐌰𐍄𐍄𐌰𐌹𐍄𐍉𐌺 𐌷𐌰𐌽𐌳𐌰𐌿 𐌹𐌶𐍉𐍃 𐌾𐌰𐌷 𐌰𐍆𐌻𐌰𐌹𐌻𐍉𐍄 𐌹𐌾𐌰 𐍃𐍉 𐌷𐌴𐌹𐍄𐍉; 𐌾𐌰𐌷 𐌿𐍂𐍂𐌰𐌹𐍃 𐌾𐌰𐌷 𐌰𐌽𐌳𐌱𐌰𐌷𐍄𐌹𐌳𐌰 𐌹𐌼𐌼𐌰.
Matthew,8,16,"𐌰𐍄 𐌰𐌽𐌳𐌰𐌽𐌰𐌷𐍄𐌾𐌰 𐌸𐌰𐌽 𐍅𐌰𐌿𐍂𐌸𐌰𐌽𐌰𐌼𐌼𐌰, 𐌰𐍄𐌱𐌴𐍂𐌿𐌽 𐌳𐌿 𐌹𐌼𐌼𐌰 𐌳𐌰𐌹𐌼𐍉𐌽𐌰𐍂𐌾𐌰𐌽𐍃 𐌼𐌰𐌽𐌰𐌲𐌰𐌽𐍃, 𐌾𐌰𐌷 𐌿𐍃𐍅𐌰𐍂𐍀 𐌸𐌰𐌽𐍃 𐌰𐌷𐌼𐌰𐌽𐍃 𐍅𐌰𐌿𐍂𐌳𐌰 𐌾𐌰𐌷 𐌰𐌻𐌻𐌰𐌽𐍃 𐌸𐌰𐌽𐍃 𐌿𐌱𐌹𐌻 𐌷𐌰𐌱𐌰𐌽𐌳𐌰𐌽𐍃 𐌲𐌰𐌷𐌰𐌹𐌻𐌹𐌳𐌰,"
Matthew,8,17,𐌴𐌹 𐌿𐍃𐍆𐌿𐌻𐌻𐌽𐍉𐌳𐌴𐌳𐌹 𐌸𐌰𐍄𐌰 𐌲𐌰𐌼𐌴𐌻𐌹𐌳𐍉 𐌸𐌰𐌹𐍂𐌷 𐌴𐍃𐌰ï𐌰𐌽 𐍀𐍂𐌰𐌿𐍆𐌴𐍄𐌿 𐌵𐌹𐌸𐌰𐌽𐌳𐌰𐌽: 𐍃𐌰 𐌿𐌽𐌼𐌰𐌷𐍄𐌹𐌽𐍃 𐌿𐌽𐍃𐌰𐍂𐍉𐍃 𐌿𐍃𐌽𐌰𐌼 𐌾𐌰𐌷 𐍃𐌰𐌿𐌷𐍄𐌹𐌽𐍃 𐌿𐍃𐌱𐌰𐍂.
Matthew,8,18,"𐌲𐌰𐍃𐌰𐌹𐍈𐌰𐌽𐌳𐍃 𐌸𐌰𐌽 𐌹𐌴𐍃𐌿𐍃 𐌼𐌰𐌽𐌰𐌲𐌰𐌽𐍃 𐌷𐌹𐌿𐌷𐌼𐌰𐌽𐍃 𐌱𐌹 𐍃𐌹𐌺, 𐌷𐌰𐌹𐌷𐌰𐌹𐍄 𐌲𐌰𐌻𐌴𐌹𐌸𐌰𐌽 𐍃𐌹𐍀𐍉𐌽𐌾𐌰𐌽𐍃 𐌷𐌹𐌽𐌳𐌰𐍂 𐌼𐌰𐍂𐌴𐌹𐌽."
Matthew,8,19,"𐌾𐌰𐌷 𐌳𐌿𐌰𐍄𐌲𐌰𐌲𐌲𐌰𐌽𐌳𐍃 𐌰𐌹𐌽𐍃 𐌱𐍉𐌺𐌰𐍂𐌴𐌹𐍃 𐌵𐌰𐌸 𐌳𐌿 𐌹𐌼𐌼𐌰: 𐌻𐌰𐌹𐍃𐌰𐍂𐌹, 𐌻𐌰𐌹𐍃𐍄𐌾𐌰 𐌸𐌿𐌺, 𐌸𐌹𐍃𐍈𐌰𐌳𐌿𐌷 𐌸𐌰𐌳𐌴𐌹 𐌲𐌰𐌲𐌲𐌹𐍃."
Matthew,8,20,"𐌾𐌰𐌷 𐌵𐌰𐌸 𐌳𐌿 𐌹𐌼𐌼𐌰 𐌹𐌴𐍃𐌿𐍃: 𐍆𐌰𐌿𐌷𐍉𐌽𐍃 𐌲𐍂𐍉𐌱𐍉𐍃 𐌰𐌹𐌲𐌿𐌽, 𐌾𐌰𐌷 𐍆𐌿𐌲𐌻𐍉𐍃 𐌷𐌹𐌼𐌹𐌽𐌹𐍃 𐍃𐌹𐍄𐌻𐌰𐌽𐍃, 𐌹𐌸 𐍃𐌿𐌽𐌿𐍃 𐌼𐌰𐌽𐍃 𐌽𐌹 𐌷𐌰𐌱𐌰𐌹𐌸 𐍈𐌰𐍂 𐌷𐌰𐌿𐌱𐌹𐌸 𐍃𐌴𐌹𐌽 𐌰𐌽𐌰𐌷𐌽𐌰𐌹𐍅𐌾𐌰𐌹."
Matthew,8,21,"𐌰𐌽𐌸𐌰𐍂𐌿𐌷 𐌸𐌰𐌽 𐍃𐌹𐍀𐍉𐌽𐌾𐌴 𐌹𐍃 𐌵𐌰𐌸 𐌳𐌿 𐌹𐌼𐌼𐌰: 𐍆𐍂𐌰𐌿𐌾𐌰, 𐌿𐍃𐌻𐌰𐌿𐌱𐌴𐌹 𐌼𐌹𐍃 𐍆𐍂𐌿𐌼𐌹𐍃𐍄 𐌲𐌰𐌻𐌴𐌹𐌸𐌰𐌽 𐌾𐌰𐌷 𐌲𐌰𐍆𐌹𐌻𐌷𐌰𐌽 𐌰𐍄𐍄𐌰𐌽 𐌼𐌴𐌹𐌽𐌰𐌽𐌰."
Matthew,8,22,𐌹𐌸 𐌹𐌴𐍃𐌿𐍃 𐌵𐌰𐌸 𐌳𐌿 𐌹𐌼𐌼𐌰: 𐌻𐌰𐌹𐍃𐍄𐌴𐌹 𐌰𐍆𐌰𐍂 𐌼𐌹𐍃 𐌾𐌰𐌷 𐌻𐌴𐍄 𐌸𐌰𐌽𐍃 𐌳𐌰𐌿𐌸𐌰𐌽𐍃 𐍆𐌹𐌻𐌷𐌰𐌽 𐍃𐌴𐌹𐌽𐌰𐌽𐍃 𐌳𐌰𐌿𐌸𐌰𐌽𐍃.
Matthew,8,23,"𐌾𐌰𐌷 𐌹𐌽𐌽𐌰𐍄𐌲𐌰𐌲𐌲𐌰𐌽𐌳𐌹𐌽 𐌹𐌼𐌼𐌰 𐌹𐌽 𐍃𐌺𐌹𐍀, 𐌰𐍆𐌰𐍂𐌹𐌳𐌳𐌾𐌴𐌳𐌿𐌽 𐌹𐌼𐌼𐌰 𐍃𐌹𐍀𐍉𐌽𐌾𐍉𐍃 𐌹𐍃."
Matthew,8,24,"𐌾𐌰𐌷 𐍃𐌰𐌹, 𐍅𐌴𐌲𐍃 𐌼𐌹𐌺𐌹𐌻𐍃 𐍅𐌰𐍂𐌸 𐌹𐌽 𐌼𐌰𐍂𐌴𐌹𐌽, 𐍃𐍅𐌰𐍃𐍅𐌴 𐌸𐌰𐍄𐌰 𐍃𐌺𐌹𐍀 𐌲𐌰𐌷𐌿𐌻𐌹𐌸 𐍅𐌰𐌹𐍂𐌸𐌰𐌽 𐍆𐍂𐌰𐌼 𐍅𐌴𐌲𐌹𐌼; 𐌹𐌸 𐌹𐍃 𐍃𐌰𐌹𐍃𐌻𐌴𐍀."
Matthew,8,25,"𐌾𐌰𐌷 𐌳𐌿𐌰𐍄𐌲𐌰𐌲𐌲𐌰𐌽𐌳𐌰𐌽𐍃 𐍃𐌹𐍀𐍉𐌽𐌾𐍉𐍃 𐌹𐍃 𐌿𐍂𐍂𐌰𐌹𐍃𐌹𐌳𐌴𐌳𐌿𐌽 𐌹𐌽𐌰 𐌵𐌹𐌸𐌰𐌽𐌳𐌰𐌽𐍃: 𐍆𐍂𐌰𐌿𐌾𐌰, 𐌽𐌰𐍃𐌴𐌹 𐌿𐌽𐍃𐌹𐍃, 𐍆𐍂𐌰𐌵𐌹𐍃𐍄𐌽𐌰𐌼."
Matthew,8,26,"𐌾𐌰𐌷 𐌵𐌰𐌸 𐌳𐌿 𐌹𐌼 𐌹𐌴𐍃𐌿𐍃: 𐍈𐌰 𐍆𐌰𐌿𐍂𐌷𐍄𐌴𐌹𐌸, 𐌻𐌴𐌹𐍄𐌹𐌻 𐌲𐌰𐌻𐌰𐌿𐌱𐌾𐌰𐌽𐌳𐌰𐌽𐍃! 𐌸𐌰𐌽𐌿𐌷 𐌿𐍂𐍂𐌴𐌹𐍃𐌰𐌽𐌳𐍃 𐌲𐌰𐍃𐍉𐌺 𐍅𐌹𐌽𐌳𐌰𐌼 𐌾𐌰𐌷 𐌼𐌰𐍂𐌴𐌹𐌽, 𐌾𐌰𐌷 𐍅𐌰𐍂𐌸 𐍅𐌹𐍃 𐌼𐌹𐌺𐌹𐌻."
Matthew,8,27,"𐌹𐌸 𐌸𐌰𐌹 𐌼𐌰𐌽𐍃 𐍃𐌹𐌻𐌳𐌰𐌻𐌴𐌹𐌺𐌹𐌳𐌴𐌳𐌿𐌽 𐌵𐌹𐌸𐌰𐌽𐌳𐌰𐌽𐍃: 𐍈𐌹𐌻𐌴𐌹𐌺𐍃 𐌹𐍃𐍄 𐍃𐌰, 𐌴𐌹 𐌾𐌰𐌷 𐍅𐌹𐌽𐌳𐍉𐍃 𐌾𐌰𐌷 𐌼𐌰𐍂𐌴𐌹 𐌿𐍆𐌷𐌰𐌿𐍃𐌾𐌰𐌽𐌳 𐌹𐌼𐌼𐌰?"
Matthew,8,28,"𐌾𐌰𐌷 𐌵𐌹𐌼𐌰𐌽𐌳𐌹𐌽 𐌹𐌼𐌼𐌰 𐌷𐌹𐌽𐌳𐌰𐍂 𐌼𐌰𐍂𐌴𐌹𐌽 𐌹𐌽 𐌲𐌰𐌿𐌾𐌰 𐌲𐌰𐌹𐍂𐌲𐌰𐌹𐍃𐌰𐌹𐌽𐌴, 𐌲𐌰𐌼𐍉𐍄𐌹𐌳𐌴𐌳𐌿𐌽 𐌹𐌼𐌼𐌰 𐍄𐍅𐌰𐌹 𐌳𐌰𐌹𐌼𐍉𐌽𐌰𐍂𐌾𐍉𐍃 𐌿𐍃 𐌷𐌻𐌰𐌹𐍅𐌰𐍃𐌽𐍉𐌼 𐍂𐌹𐌽𐌽𐌰𐌽𐌳𐌰𐌽𐍃, 𐍃𐌻𐌴𐌹𐌳𐌾𐌰𐌹 𐍆𐌹𐌻𐌿, 𐍃𐍅𐌰𐍃𐍅𐌴 𐌽𐌹 𐌼𐌰𐌷𐍄𐌰 𐌼𐌰𐌽𐌽𐌰 𐌿𐍃𐌻𐌴𐌹𐌸𐌰𐌽 𐌸𐌰𐌹𐍂𐌷 𐌸𐌰𐌽𐌰 𐍅𐌹𐌲 𐌾𐌰𐌹𐌽𐌰𐌽𐌰."
Matthew,8,29,"𐌾𐌰𐌷 𐍃𐌰𐌹, 𐌷𐍂𐍉𐍀𐌹𐌳𐌴𐌳𐌿𐌽 𐌵𐌹𐌸𐌰𐌽𐌳𐌰𐌽𐍃: 𐍈𐌰 𐌿𐌽𐍃 𐌾𐌰𐌷 𐌸𐌿𐍃, 𐌹𐌴𐍃𐌿, 𐍃𐌿𐌽𐌰𐌿 𐌲𐌿𐌳𐌹𐍃? 𐌵𐌰𐌼𐍄 𐌷𐌴𐍂 𐍆𐌰𐌿𐍂 𐌼𐌴𐌻 𐌱𐌰𐌻𐍅𐌾𐌰𐌽 𐌿𐌽𐍃𐌹𐍃?"
Matthew,8,30,𐍅𐌰𐍃𐌿𐌷 𐌸𐌰𐌽 𐍆𐌰𐌹𐍂𐍂𐌰 𐌹𐌼 𐌷𐌰𐌹𐍂𐌳𐌰 𐍃𐍅𐌴𐌹𐌽𐌴 𐌼𐌰𐌽𐌰𐌲𐌰𐌹𐌶𐌴 𐌷𐌰𐌻𐌳𐌰𐌽𐌰.
Matthew,8,31,"𐌹𐌸 𐌸𐍉 𐍃𐌺𐍉𐌷𐍃𐌻𐌰 𐌱𐌴𐌳𐌿𐌽 𐌹𐌽𐌰 𐌵𐌹𐌸𐌰𐌽𐌳𐌰𐌽𐍃: 𐌾𐌰𐌱𐌰𐌹 𐌿𐍃𐍅𐌰𐌹𐍂𐍀𐌹𐍃 𐌿𐌽𐍃, 𐌿𐍃𐌻𐌰𐌿𐌱𐌴𐌹 𐌿𐌽𐍃 𐌲𐌰𐌻𐌴𐌹𐌸𐌰𐌽 𐌹𐌽 𐌸𐍉 𐌷𐌰𐌹𐍂𐌳𐌰 𐍃𐍅𐌴𐌹𐌽𐌴."
Matthew,8,32,"𐌾𐌰𐌷 𐌵𐌰𐌸 𐌳𐌿 𐌹𐌼: 𐌲𐌰𐌲𐌲𐌹𐌸! 𐌹𐌸 𐌴𐌹𐍃 𐌿𐍃𐌲𐌰𐌲𐌲𐌰𐌽𐌳𐌰𐌽𐍃 𐌲𐌰𐌻𐌹𐌸𐌿𐌽 𐌹𐌽 𐌷𐌰𐌹𐍂𐌳𐌰 𐍃𐍅𐌴𐌹𐌽𐌴; 𐌾𐌰𐌷 𐍃𐌰𐌹, 𐍂𐌿𐌽 𐌲𐌰𐍅𐌰𐌿𐍂𐌷𐍄𐌴𐌳𐌿𐌽 𐍃𐌹𐍃 𐌰𐌻𐌻𐌰 𐍃𐍉 𐌷𐌰𐌹𐍂𐌳𐌰 𐌰𐌽𐌳 𐌳𐍂𐌹𐌿𐍃𐍉𐌽 𐌹𐌽 𐌼𐌰𐍂𐌴𐌹𐌽 𐌾𐌰𐌷 𐌲𐌰𐌳𐌰𐌿𐌸𐌽𐍉𐌳𐌴𐌳𐌿𐌽 𐌹𐌽 𐍅𐌰𐍄𐌽𐌰𐌼."
Matthew,8,33,𐌹𐌸 𐌸𐌰𐌹 𐌷𐌰𐌻𐌳𐌰𐌽𐌳𐌰𐌽𐍃 𐌲𐌰𐌸𐌻𐌰𐌿𐌷𐌿𐌽 𐌾𐌰𐌷 𐌲𐌰𐌻𐌴𐌹𐌸𐌰𐌽𐌳𐌰𐌽𐍃 𐌲𐌰𐍄𐌰𐌹𐌷𐌿𐌽 𐌹𐌽 𐌱𐌰𐌿𐍂𐌲 𐌰𐌻𐌻 𐌱𐌹 𐌸𐌰𐌽𐍃 𐌳𐌰𐌹𐌼𐍉𐌽𐌰𐍂𐌾𐌰𐌽𐍃.
Matthew,8,34,"𐌾𐌰𐌷 𐍃𐌰𐌹, 𐌰𐌻𐌻𐌰 𐍃𐍉 𐌱𐌰𐌿𐍂𐌲𐍃 𐌿𐍃𐌹𐌳𐌳𐌾𐌰 𐍅𐌹𐌸𐍂𐌰 𐌹𐌴𐍃𐌿, 𐌾𐌰𐌷 𐌲𐌰𐍃𐌰𐌹𐍈𐌰𐌽𐌳𐌰𐌽𐍃 𐌹𐌽𐌰 𐌱𐌴𐌳𐌿𐌽 𐌴𐌹 𐌿𐍃𐌻𐌹𐌸𐌹 𐌷𐌹𐌽𐌳𐌰𐍂 𐌼𐌰𐍂𐌺𐍉𐍃 𐌹𐌶𐌴."
Matthew,9,1,𐌾𐌰𐌷 𐌰𐍄𐍃𐍄𐌴𐌹𐌲𐌰𐌽𐌳𐍃 𐌹𐌽 𐍃𐌺𐌹𐍀 𐌿𐍆𐌰𐍂𐌻𐌰𐌹𐌸 𐌾𐌰𐌷 𐌵𐌰𐌼 𐌹𐌽 𐍃𐌴𐌹𐌽𐌰𐌹 𐌱𐌰𐌿𐍂𐌲.
Matthew,9,2,"𐌸𐌰𐌽𐌿𐌷 𐌰𐍄𐌱𐌴𐍂𐌿𐌽 𐌳𐌿 𐌹𐌼𐌼𐌰 𐌿𐍃𐌻𐌹𐌸𐌰𐌽 𐌰𐌽𐌰 𐌻𐌹𐌲𐍂𐌰 𐌻𐌹𐌲𐌰𐌽𐌳𐌰𐌽. 𐌾𐌰𐌷 𐌲𐌰𐍃𐌰𐌹𐍈𐌰𐌽𐌳𐍃 𐌹𐌴𐍃𐌿𐍃 𐌲𐌰𐌻𐌰𐌿𐌱𐌴𐌹𐌽 𐌹𐌶𐌴 𐌵𐌰𐌸 𐌳𐌿 𐌸𐌰𐌼𐌼𐌰 𐌿𐍃𐌻𐌹𐌸𐌹𐌽: 𐌸𐍂𐌰𐍆𐍃𐍄𐌴𐌹 𐌸𐌿𐌺, 𐌱𐌰𐍂𐌽𐌹𐌻𐍉! 𐌰𐍆𐌻𐌴𐍄𐌰𐌽𐌳𐌰 𐌸𐌿𐍃 𐍆𐍂𐌰𐍅𐌰𐌿𐍂𐌷𐍄𐌴𐌹𐍃 𐌸𐌴𐌹𐌽𐍉𐍃."
Matthew,9,3,𐌸𐌰𐍂𐌿𐌷 𐍃𐌿𐌼𐌰𐌹 𐌸𐌹𐌶𐌴 𐌱𐍉𐌺𐌰𐍂𐌾𐌴 𐌵𐌴𐌸𐌿𐌽 𐌹𐌽 𐍃𐌹𐍃 𐍃𐌹𐌻𐌱𐌰𐌼: 𐍃𐌰 𐍅𐌰𐌾𐌰𐌼𐌴𐍂𐌴𐌹𐌸.
Matthew,9,4,𐌾𐌰𐌷 𐍅𐌹𐍄𐌰𐌽𐌳𐍃 𐌹𐌴𐍃𐌿𐍃 𐌸𐍉𐍃 𐌼𐌹𐍄𐍉𐌽𐌹𐌽𐍃 𐌹𐌶𐌴 𐌵𐌰𐌸: 𐌳𐌿𐍈𐌴 𐌾𐌿𐍃 𐌼𐌹𐍄𐍉𐌸 𐌿𐌱𐌹𐌻𐌰 𐌹𐌽 𐌷𐌰𐌹𐍂𐍄𐌰𐌼 𐌹𐌶𐍅𐌰𐍂𐌰𐌹𐌼?
Matthew,9,5,"𐍈𐌰𐌸𐌰𐍂 𐌹𐍃𐍄 𐍂𐌰𐌹𐌷𐍄𐌹𐍃 𐌰𐌶𐌴𐍄𐌹𐌶𐍉 𐌵𐌹𐌸𐌰𐌽: 𐌰𐍆𐌻𐌴𐍄𐌰𐌽𐌳𐌰 𐌸𐌿𐍃 𐍆𐍂𐌰𐍅𐌰𐌿𐍂𐌷𐍄𐌴𐌹𐍃, 𐌸𐌰𐌿 𐌵𐌹𐌸𐌰𐌽: 𐌿𐍂𐍂𐌴𐌹𐍃 𐌾𐌰𐌷 𐌲𐌰𐌲𐌲?"
Matthew,9,6,"𐌰𐌸𐌸𐌰𐌽 𐌴𐌹 𐍅𐌹𐍄𐌴𐌹𐌸 𐌸𐌰𐍄𐌴𐌹 𐍅𐌰𐌻𐌳𐌿𐍆𐌽𐌹 𐌷𐌰𐌱𐌰𐌹𐌸 𐍃𐌰 𐍃𐌿𐌽𐌿𐍃 𐌼𐌰𐌽𐍃 𐌰𐌽𐌰 𐌰𐌹𐍂𐌸𐌰𐌹 𐌰𐍆𐌻𐌴𐌹𐍄𐌰𐌽 𐍆𐍂𐌰𐍅𐌰𐌿𐍂𐌷𐍄𐌹𐌽𐍃, 𐌸𐌰𐌽𐌿𐌷 𐌵𐌰𐌸 𐌳𐌿 𐌸𐌰𐌼𐌼𐌰 𐌿𐍃𐌻𐌹𐌸𐌹𐌽: 𐌿𐍂𐍂𐌴𐌹𐍃𐌰𐌽𐌳𐍃 𐌽𐌹𐌼 𐌸𐌰𐌽𐌰 𐌻𐌹𐌲𐍂 𐌸𐌴𐌹𐌽𐌰𐌽𐌰 𐌾𐌰𐌷 𐌲𐌰𐌲𐌲 𐌹𐌽 𐌲𐌰𐍂𐌳 𐌸𐌴𐌹𐌽𐌰𐌽𐌰."
Matthew,9,7,𐌾𐌰𐌷 𐌿𐍂𐍂𐌴𐌹𐍃𐌰𐌽𐌳𐍃 𐌲𐌰𐌻𐌰𐌹𐌸 𐌹𐌽 𐌲𐌰𐍂𐌳 𐍃𐌴𐌹𐌽𐌰𐌽𐌰.
Matthew,9,8,𐌲𐌰𐍃𐌰𐌹𐍈𐌰𐌽𐌳𐌴𐌹𐌽𐍃 𐌸𐌰𐌽 𐌼𐌰𐌽𐌰𐌲𐌴𐌹𐌽𐍃 𐍉𐌷𐍄𐌴𐌳𐌿𐌽 𐍃𐌹𐌻𐌳𐌰𐌻𐌴𐌹𐌺𐌾𐌰𐌽𐌳𐌰𐌽𐍃 𐌾𐌰𐌷 𐌼𐌹𐌺𐌹𐌻𐌹𐌳𐌴𐌳𐌿𐌽 𐌲𐌿𐌸 𐌸𐌰𐌽𐌰 𐌲𐌹𐌱𐌰𐌽𐌳𐌰𐌽 𐍅𐌰𐌻𐌳𐌿𐍆𐌽𐌹 𐍃𐍅𐌰𐌻𐌴𐌹𐌺𐌰𐍄𐌰 𐌼𐌰𐌽𐌽𐌰𐌼.
Matthew,9,9,"𐌾𐌰𐌷 𐌸𐌰𐌹𐍂𐌷𐌻𐌴𐌹𐌸𐌰𐌽𐌳𐍃 𐌹𐌴𐍃𐌿𐍃 𐌾𐌰𐌹𐌽𐌸𐍂𐍉 𐌲𐌰𐍃𐌰𐍈 𐌼𐌰𐌽𐌽𐌰𐌽 𐍃𐌹𐍄𐌰𐌽𐌳𐌰𐌽 𐌰𐍄 𐌼𐍉𐍄𐌰𐌹, 𐌼𐌰𐌸𐌸𐌰𐌹𐌿 𐌷𐌰𐌹𐍄𐌰𐌽𐌰𐌽𐌰, 𐌾𐌰𐌷 𐌵𐌰𐌸 𐌳𐌿 𐌹𐌼𐌼𐌰: 𐌻𐌰𐌹𐍃𐍄𐌴𐌹 𐌰𐍆𐌰𐍂 𐌼𐌹𐍃. 𐌾𐌰𐌷 𐌿𐍃𐍃𐍄𐌰𐌽𐌳𐌰𐌽𐌳𐍃 𐌹𐌳𐌳𐌾𐌰 𐌰𐍆𐌰𐍂 𐌹𐌼𐌼𐌰."
Matthew,9,10,"𐌾𐌰𐌷 𐍅𐌰𐍂𐌸, 𐌱𐌹𐌸𐌴 𐌹𐍃 𐌰𐌽𐌰𐌺𐌿𐌼𐌱𐌹𐌳𐌰 𐌹𐌽 𐌲𐌰𐍂𐌳𐌰, 𐌾𐌰𐌷 𐍃𐌰𐌹, 𐌼𐌰𐌽𐌰𐌲𐌰𐌹 𐌼𐍉𐍄𐌰𐍂𐌾𐍉𐍃 𐌾𐌰𐌷 𐍆𐍂𐌰𐍅𐌰𐌿𐍂𐌷𐍄𐌰𐌹 𐌵𐌹𐌼𐌰𐌽𐌳𐌰𐌽𐍃 𐌼𐌹𐌸𐌰𐌽𐌰𐌺𐌿𐌼𐌱𐌹𐌳𐌴𐌳𐌿𐌽 𐌹𐌴𐍃𐌿𐌰 𐌾𐌰𐌷 𐍃𐌹𐍀𐍉𐌽𐌾𐌰𐌼 𐌹𐍃."
Matthew,9,11,𐌾𐌰𐌷 𐌲𐌰𐌿𐌼𐌾𐌰𐌽𐌳𐌰𐌽𐍃 𐍆𐌰𐍂𐌴𐌹𐍃𐌰𐌹𐌴𐌹𐍃 𐌵𐌴𐌸𐌿𐌽 𐌳𐌿 𐌸𐌰𐌹𐌼 𐍃𐌹𐍀𐍉𐌽𐌾𐌰𐌼 𐌹𐍃: 𐌳𐌿𐍈𐌴 𐌼𐌹𐌸 𐌼𐍉𐍄𐌰𐍂𐌾𐌰𐌼 𐌾𐌰𐌷 𐍆𐍂𐌰𐍅𐌰𐌿𐍂𐌷𐍄𐌰𐌹𐌼 𐌼𐌰𐍄𐌾𐌹𐌸 𐍃𐌰 𐌻𐌰𐌹𐍃𐌰𐍂𐌴𐌹𐍃 𐌹𐌶𐍅𐌰𐍂?
Matthew,9,12,"𐌹𐌸 𐌹𐌴𐍃𐌿𐍃 𐌲𐌰𐌷𐌰𐌿𐍃𐌾𐌰𐌽𐌳𐍃 𐌵𐌰𐌸 𐌳𐌿 𐌹𐌼: 𐌽𐌹 𐌸𐌰𐌿𐍂𐌱𐌿𐌽 𐌷𐌰𐌹𐌻𐌰𐌹 𐌻𐌴𐌺𐌴𐌹𐍃, 𐌰𐌺 𐌸𐌰𐌹 𐌿𐌽𐌷𐌰𐌹𐌻𐌹 𐌷𐌰𐌱𐌰𐌽𐌳𐌰𐌽𐍃."
Matthew,9,13,"𐌰𐌸𐌸𐌰𐌽 𐌲𐌰𐌲𐌲𐌰𐌹𐌸, 𐌲𐌰𐌽𐌹𐌼𐌹𐌸 𐍈𐌰 𐍃𐌹𐌾𐌰𐌹: 𐌰𐍂𐌼𐌰𐌷𐌰𐌹𐍂𐍄𐌹𐌸𐌰 𐍅𐌹𐌻𐌾𐌰𐌿 𐌾𐌰𐌷 𐌽𐌹 𐌷𐌿𐌽𐍃𐌻; 𐌽𐌹𐌸~𐌸𐌰𐌽 𐌵𐌰𐌼 𐌻𐌰𐌸𐍉𐌽 𐌿𐍃𐍅𐌰𐌿𐍂𐌷𐍄𐌰𐌽𐍃, 𐌰𐌺 𐍆𐍂𐌰𐍅𐌰𐌿𐍂𐌷𐍄𐌰𐌽𐍃."
Matthew,9,14,"𐌸𐌰𐌽𐌿𐌷 𐌰𐍄𐌹𐌳𐌳𐌾𐌴𐌳𐌿𐌽 𐍃𐌹𐍀𐍉𐌽𐌾𐍉𐍃 𐌹𐍉𐌷𐌰𐌽𐌽𐌴𐍃 𐌵𐌹𐌸𐌰𐌽𐌳𐌰𐌽𐍃: 𐌳𐌿𐍈𐌴 𐍅𐌴𐌹𐍃 𐌾𐌰𐌷 𐍆𐌰𐍂𐌴𐌹𐍃𐌰𐌹𐌴𐌹𐍃 𐍆𐌰𐍃𐍄𐌰𐌼 𐍆𐌹𐌻𐌿, 𐌹𐌸 𐌸𐌰𐌹 𐍃𐌹𐍀𐍉𐌽𐌾𐍉𐍃 𐌸𐌴𐌹𐌽𐌰𐌹 𐌽𐌹 𐍆𐌰𐍃𐍄𐌰𐌽𐌳?"
Matthew,9,15,"𐌾𐌰𐌷 𐌵𐌰𐌸 𐌳𐌿 𐌹𐌼 𐌹𐌴𐍃𐌿𐍃: 𐌹𐌱𐌰𐌹 𐌼𐌰𐌲𐌿𐌽 𐍃𐌿𐌽𐌾𐌿𐍃 𐌱𐍂𐌿𐌸𐍆𐌰𐌳𐌹𐍃 𐌵𐌰𐌹𐌽𐍉𐌽 𐌿𐌽𐌳 𐌸𐌰𐍄𐌰 𐍈𐌴𐌹𐌻𐍉𐍃 𐌸𐌴𐌹 𐌼𐌹𐌸 𐌹𐌼 𐌹𐍃𐍄 𐌱𐍂𐌿𐌸𐍆𐌰𐌸𐍃? 𐌹𐌸 𐌰𐍄𐌲𐌰𐌲𐌲𐌰𐌽𐌳 𐌳𐌰𐌲𐍉𐍃, 𐌸𐌰𐌽 𐌰𐍆𐌽𐌹𐌼𐌰𐌳𐌰 𐌰𐍆 𐌹𐌼 𐍃𐌰 𐌱𐍂𐌿𐌸𐍆𐌰𐌸𐍃, 𐌾𐌰𐌷 𐌸𐌰𐌽 𐍆𐌰𐍃𐍄𐌰𐌽𐌳."
Matthew,9,16,"𐌰𐌸𐌸𐌰𐌽 𐌽𐌹 𐍈𐌰𐍃𐌷𐌿𐌽 𐌻𐌰𐌲𐌾𐌹𐌸 𐌳𐌿 𐍀𐌻𐌰𐍄𐌰 𐍆𐌰𐌽𐌰𐌽 𐌸𐌰𐍂𐌹𐌷𐌹𐍃 𐌰𐌽𐌰 𐍃𐌽𐌰𐌲𐌰𐌽 𐍆𐌰𐌹𐍂𐌽𐌾𐌰𐌽𐌰, 𐌿𐌽𐍄𐌴 𐌰𐍆𐌽𐌹𐌼𐌹𐌸 𐍆𐌿𐌻𐌻𐍉𐌽 𐌰𐍆 𐌸𐌰𐌼𐌼𐌰 𐍃𐌽𐌰𐌲𐌹𐌽, 𐌾𐌰𐌷 𐍅𐌰𐌹𐍂𐍃𐌹𐌶𐌰 𐌲𐌰𐍄𐌰𐌿𐍂𐌰 𐍅𐌰𐌹𐍂𐌸𐌹𐌸."
Matthew,9,17,"𐌽𐌹𐌸~𐌸𐌰𐌽 𐌲𐌹𐌿𐍄𐌰𐌽𐌳 𐍅𐌴𐌹𐌽 𐌽𐌹𐌿𐌾𐌰𐍄𐌰 𐌹𐌽 𐌱𐌰𐌻𐌲𐌹𐌽𐍃 𐍆𐌰𐌹𐍂𐌽𐌾𐌰𐌽𐍃, 𐌰𐌹𐌸𐌸𐌰𐌿 𐌳𐌹𐍃𐍄𐌰𐌿𐍂𐌽𐌰𐌽𐌳 𐌱𐌰𐌻𐌲𐌴𐌹𐍃; 𐌱𐌹𐌸𐌴𐌷 𐌸𐌰𐌽 𐌾𐌰𐌷 𐍅𐌴𐌹𐌽 𐌿𐍃𐌲𐌿𐍄𐌽𐌹𐌸 𐌾𐌰𐌷 𐌱𐌰𐌻𐌲𐌴𐌹𐍃 𐍆𐍂𐌰𐌵𐌹𐍃𐍄𐌽𐌰𐌽𐌳; 𐌰𐌺 𐌲𐌹𐌿𐍄𐌰𐌽𐌳 𐍅𐌴𐌹𐌽 𐌾𐌿𐌲𐌲𐌰𐍄𐌰 𐌹𐌽 𐌱𐌰𐌻𐌲𐌹𐌽𐍃 𐌽𐌹𐌿𐌾𐌰𐌽𐍃, 𐌾𐌰𐌷 𐌱𐌰𐌾𐍉𐌸𐌿𐌼 𐌲𐌰𐌱𐌰𐌹𐍂𐌲𐌰𐌳𐌰."
Matthew,9,18,"𐌼𐌹𐌸𐌸𐌰𐌽𐌴𐌹 𐌹𐍃 𐍂𐍉𐌳𐌹𐌳𐌰 𐌸𐌰𐍄𐌰 𐌳𐌿 𐌹𐌼, 𐌸𐌰𐍂𐌿𐌷 𐍂𐌴𐌹𐌺𐍃 𐌰𐌹𐌽𐍃 𐌵𐌹𐌼𐌰𐌽𐌳𐍃 𐌹𐌽𐍅𐌰𐌹𐍄 𐌹𐌽𐌰, 𐌵𐌹𐌸𐌰𐌽𐌳𐍃 𐌸𐌰𐍄𐌴𐌹 𐌳𐌰𐌿𐌷𐍄𐌰𐍂 𐌼𐌴𐌹𐌽𐌰 𐌽𐌿 𐌲𐌰𐍃𐍅𐌰𐌻𐍄; 𐌰𐌺𐌴𐌹 𐌵𐌹𐌼𐌰𐌽𐌳𐍃 𐌰𐍄𐌻𐌰𐌲𐌴𐌹 𐌷𐌰𐌽𐌳𐌿 𐌸𐌴𐌹𐌽𐌰 𐌰𐌽𐌰 𐌹𐌾𐌰, 𐌾𐌰𐌷 𐌻𐌹𐌱𐌰𐌹𐌸."
Matthew,9,19,𐌾𐌰𐌷 𐌿𐍂𐍂𐌴𐌹𐍃𐌰𐌽𐌳𐍃 𐌹𐌴𐍃𐌿𐍃 𐌹𐌳𐌳𐌾𐌰 𐌰𐍆𐌰𐍂 𐌹𐌼𐌼𐌰 𐌾𐌰𐌷 𐍃𐌹𐍀𐍉𐌽𐌾𐍉𐍃 𐌹𐍃.
Matthew,9,20,"𐌾𐌰𐌷 𐍃𐌰𐌹, 𐌵𐌹𐌽𐍉 𐌱𐌻𐍉𐌸𐌰𐍂𐌹𐌽𐌽𐌰𐌽𐌳𐌴𐌹 ·𐌹𐌱· 𐍅𐌹𐌽𐍄𐍂𐌿𐌽𐍃 𐌳𐌿𐌰𐍄𐌲𐌰𐌲𐌲𐌰𐌽𐌳𐌴𐌹 𐌰𐍆𐍄𐌰𐍂𐍉 𐌰𐍄𐍄𐌰𐌹𐍄𐍉𐌺 𐍃𐌺𐌰𐌿𐍄𐌰 𐍅𐌰𐍃𐍄𐌾𐍉𐍃 𐌹𐍃;"
Matthew,9,21,"𐌵𐌰𐌸𐌿𐌷 𐌰𐌿𐌺 𐌹𐌽 𐍃𐌹𐍃: 𐌾𐌰𐌱𐌰𐌹 𐌸𐌰𐍄𐌰𐌹𐌽𐌴𐌹 𐌰𐍄𐍄𐌴𐌺𐌰 𐍅𐌰𐍃𐍄𐌾𐌰𐌹 𐌹𐍃, 𐌲𐌰𐌽𐌹𐍃𐌰."
Matthew,9,22,𐌹𐌸 𐌹𐌴𐍃𐌿𐍃 𐌲𐌰𐍅𐌰𐌽𐌳𐌾𐌰𐌽𐌳𐍃 𐍃𐌹𐌺 𐌾𐌰𐌷 𐌲𐌰𐍃𐌰𐌹𐍈𐌰𐌽𐌳𐍃 𐌸𐍉 𐌵𐌰𐌸: 𐌸𐍂𐌰𐍆𐍃𐍄𐌴𐌹 𐌸𐌿𐌺 𐌳𐌰𐌿𐌷𐍄𐌰𐍂! 𐌲𐌰𐌻𐌰𐌿𐌱𐌴𐌹𐌽𐍃 𐌸𐌴𐌹𐌽𐌰 𐌲𐌰𐌽𐌰𐍃𐌹𐌳𐌰 𐌸𐌿𐌺. 𐌾𐌰𐌷 𐌲𐌰𐌽𐌰𐍃 𐍃𐍉 𐌵𐌹𐌽𐍉 𐍆𐍂𐌰𐌼 𐌸𐌹𐌶𐌰𐌹 𐍈𐌴𐌹𐌻𐌰𐌹 𐌾𐌰𐌹𐌽𐌰𐌹.
Matthew,9,23,"𐌾𐌰𐌷 𐌵𐌹𐌼𐌰𐌽𐌳𐍃 𐌹𐌴𐍃𐌿𐍃 𐌹𐌽 𐌲𐌰𐍂𐌳𐌰 𐌸𐌹𐍃 𐍂𐌴𐌹𐌺𐌹𐍃 𐌾𐌰𐌷 𐌲𐌰𐍃𐌰𐌹𐍈𐌰𐌽𐌳𐍃 𐍃𐍅𐌹𐌲𐌻𐌾𐌰𐌽𐍃 [𐌾𐌰𐌷 𐌷𐌰𐌿𐍂𐌽𐌾𐌰𐌽𐍃 𐌷𐌰𐌿𐍂𐌽𐌾𐌰𐌽𐌳𐌰𐌽𐍃] 𐌾𐌰𐌷 𐌼𐌰𐌽𐌰𐌲𐌴𐌹𐌽 𐌰𐌿𐌷𐌾𐍉𐌽𐌳𐌴𐌹𐌽, 𐌵𐌰𐌸 𐌳𐌿 𐌹𐌼:"
Matthew,9,24,"𐌰𐍆𐌻𐌴𐌹𐌸𐌹𐌸, 𐌿𐌽𐍄𐌴 𐌽𐌹 𐌲𐌰𐍃𐍅𐌰𐌻𐍄 𐍃𐍉 𐌼𐌰𐍅𐌹, 𐌰𐌺 𐍃𐌻𐌴𐍀𐌹𐌸. 𐌾𐌰𐌷 𐌱𐌹𐌷𐌻𐍉𐌷𐌿𐌽 𐌹𐌽𐌰."
Matthew,9,25,"𐌸𐌰𐌽𐌿𐌷 𐌸𐌰𐌽 𐌿𐍃𐌳𐍂𐌹𐌱𐌰𐌽𐌰 𐍅𐌰𐍂𐌸 𐍃𐍉 𐌼𐌰𐌽𐌰𐌲𐌴𐌹, 𐌰𐍄𐌲𐌰𐌲𐌲𐌰𐌽𐌳𐍃 𐌹𐌽𐌽 𐌷𐌰𐌱𐌰𐌹𐌳𐌰 𐌷𐌰𐌽𐌳𐌿 𐌹𐌶𐍉𐍃, 𐌾𐌰𐌷 𐌿𐍂𐍂𐌰𐌹𐍃 𐍃𐍉 𐌼𐌰𐍅𐌹."
Matthew,9,26,𐌾𐌰𐌷 𐌿𐍃𐌹𐌳𐌳𐌾𐌰 𐌼𐌴𐍂𐌹𐌸𐌰 𐍃𐍉 𐌰𐌽𐌳 𐌰𐌻𐌻𐌰 𐌾𐌰𐌹𐌽𐌰 𐌰𐌹𐍂𐌸𐌰.
Matthew,9,27,"𐌾𐌰𐌷 𐍈𐌰𐍂𐌱𐍉𐌽𐌳𐌹𐌽 𐌹𐌴𐍃𐌿𐌰 𐌾𐌰𐌹𐌽𐌸𐍂𐍉, 𐌻𐌰𐌹𐍃𐍄𐌹𐌳𐌴𐌳𐌿𐌽 𐌰𐍆𐌰𐍂 𐌹𐌼𐌼𐌰 𐍄𐍅𐌰𐌹 𐌱𐌻𐌹𐌽𐌳𐌰𐌽𐍃, 𐌷𐍂𐍉𐍀𐌾𐌰𐌽𐌳𐌰𐌽𐍃 𐌾𐌰𐌷 𐌵𐌹𐌸𐌰𐌽𐌳𐌰𐌽𐍃: 𐌰𐍂𐌼𐌰𐌹 𐌿𐌲𐌲𐌺𐌹𐍃, 𐍃𐌿𐌽𐌰𐌿 𐌳𐌰𐍅𐌴𐌹𐌳𐌹𐍃!"
Matthew,9,28,"𐌵𐌹𐌼𐌰𐌽𐌳𐌹𐌽 𐌸𐌰𐌽 𐌹𐌽 𐌲𐌰𐍂𐌳𐌰 𐌳𐌿𐌰𐍄𐌹𐌳𐌳𐌾𐌴𐌳𐌿𐌽 𐌹𐌼𐌼𐌰 𐌸𐌰𐌹 𐌱𐌻𐌹𐌽𐌳𐌰𐌽𐍃 𐌾𐌰𐌷 𐌵𐌰𐌸 𐌹𐌼 𐌹𐌴𐍃𐌿𐍃: 𐌲𐌰~𐌿~𐌻𐌰𐌿𐌱𐌾𐌰𐍄𐍃 𐌸𐌰𐍄𐌴𐌹 𐌼𐌰𐌲𐌾𐌰𐌿 𐌸𐌰𐍄𐌰 𐍄𐌰𐌿𐌾𐌰𐌽? 𐌵𐌴𐌸𐌿𐌽 𐌳𐌿 𐌹𐌼𐌼𐌰: 𐌾𐌰𐌹, 𐍆𐍂𐌰𐌿𐌾𐌰!"
Matthew,9,29,𐌸𐌰𐌽𐌿𐌷 𐌰𐍄𐍄𐌰𐌹𐍄𐍉𐌺 𐌰𐌿𐌲𐌰𐌼 𐌹𐌶𐌴 𐌵𐌹𐌸𐌰𐌽𐌳𐍃: 𐌱𐌹 𐌲𐌰𐌻𐌰𐌿𐌱𐌴𐌹𐌽𐌰𐌹 𐌹𐌲𐌲𐌵𐌰𐍂𐌰𐌹 𐍅𐌰𐌹𐍂𐌸𐌰𐌹 𐌹𐌲𐌲𐌵𐌹𐍃.
Matthew,9,30,"𐌾𐌰𐌷 𐌿𐍃𐌻𐌿𐌺𐌽𐍉𐌳𐌴𐌳𐌿𐌽 𐌹𐌼 𐌰𐌿𐌲𐍉𐌽𐌰, 𐌾𐌰𐌷 𐌹𐌽𐌰𐌲𐌹𐌳𐌰 𐌹𐌽𐍃 𐌹𐌴𐍃𐌿𐍃 𐌵𐌹𐌸𐌰𐌽𐌳𐍃: 𐍃𐌰𐌹𐍈𐌰𐍄𐍃 𐌴𐌹 𐌼𐌰𐌽𐌽𐌰 𐌽𐌹 𐍅𐌹𐍄𐌹."
Matthew,9,31,𐌹𐌸 𐌴𐌹𐍃 𐌿𐍃𐌲𐌰𐌲𐌲𐌰𐌽𐌳𐌰𐌽𐍃 𐌿𐍃𐌼𐌴𐍂𐌹𐌳𐌴𐌳𐌿𐌽 𐌹𐌽𐌰 𐌹𐌽 𐌰𐌻𐌻𐌰𐌹 𐌰𐌹𐍂𐌸𐌰𐌹 𐌾𐌰𐌹𐌽𐌰𐌹.
Matthew,9,32,"𐌸𐌰𐌽𐌿𐌷 𐌱𐌹𐌸𐌴 𐌿𐍄𐌿𐍃𐌹𐌳𐌳𐌾𐌴𐌳𐌿𐌽 𐌴𐌹𐍃, 𐍃𐌰𐌹, 𐌰𐍄𐌱𐌴𐍂𐌿𐌽 𐌹𐌼𐌼𐌰 𐌼𐌰𐌽𐌽𐌰𐌽 𐌱𐌰𐌿𐌳𐌰𐌽𐌰 𐌳𐌰𐌹𐌼𐍉𐌽𐌰𐍂𐌹."
Matthew,9,33,"𐌾𐌰𐌷 𐌱𐌹𐌸𐌴 𐌿𐍃𐌳𐍂𐌹𐌱𐌰𐌽𐍃 𐍅𐌰𐍂𐌸 𐌿𐌽𐌷𐌿𐌻𐌸𐍉, 𐍂𐍉𐌳𐌹𐌳𐌰 𐍃𐌰 𐌳𐌿𐌼𐌱𐌰, 𐌾𐌰𐌷 𐍃𐌹𐌻𐌳𐌰𐌻𐌴𐌹𐌺𐌹𐌳𐌴𐌳𐌿𐌽 𐌼𐌰𐌽𐌰𐌲𐌴𐌹𐌽𐍃 𐌵𐌹𐌸𐌰𐌽𐌳𐌰𐌽𐍃: 𐌽𐌹 𐌰𐌹𐍅 𐍃𐍅𐌰 𐌿𐍃𐌺𐌿𐌽𐌸 𐍅𐌰𐍃 𐌹𐌽 𐌹𐍃𐍂𐌰𐌴𐌻𐌰."
Matthew,9,34,𐌹𐌸 𐍆𐌰𐍂𐌴𐌹𐍃𐌰𐌹𐌴𐌹𐍃 𐌵𐌴𐌸𐌿𐌽: 𐌹𐌽 𐍆𐌰𐌿𐍂𐌰𐌼𐌰𐌸𐌻𐌾𐌰 𐌿𐌽𐌷𐌿𐌻𐌸𐍉𐌽𐍉 𐌿𐍃𐌳𐍂𐌴𐌹𐌱𐌹𐌸 𐌿𐌽𐌷𐌿𐌻𐌸𐍉𐌽𐍃.
Matthew,9,35,"𐌾𐌰𐌷 𐌱𐌹𐍄𐌰𐌿𐌷 𐌹𐌴𐍃𐌿𐍃 𐌱𐌰𐌿𐍂𐌲𐍃 𐌰𐌻𐌻𐍉𐍃 𐌾𐌰𐌷 𐌷𐌰𐌹𐌼𐍉𐍃 𐌻𐌰𐌹𐍃𐌾𐌰𐌽𐌳𐍃 𐌹𐌽 𐌲𐌰𐌵𐌿𐌼𐌸𐌹𐌼 𐌹𐌶𐌴, 𐌾𐌰𐌷 𐌼𐌴𐍂𐌾𐌰𐌽𐌳𐍃 𐌰𐌹𐍅𐌰𐌲𐌲𐌴𐌻𐌾𐍉𐌽 𐌸𐌹𐌿𐌳𐌰𐌽𐌲𐌰𐍂𐌳𐌾𐍉𐍃 𐌾𐌰𐌷 𐌷𐌰𐌹𐌻𐌾𐌰𐌽𐌳𐍃 𐌰𐌻𐌻𐍉𐍃 𐍃𐌰𐌿𐌷𐍄𐌹𐌽𐍃 𐌾𐌰𐌷 𐌰𐌻𐌻𐌰 𐌿𐌽𐌷𐌰𐌹𐌻𐌾𐌰."
Matthew,9,36,"𐌲𐌰𐍃𐌰𐌹𐍈𐌰𐌽𐌳𐍃 𐌸𐌰𐌽 𐌸𐍉𐍃 𐌼𐌰𐌽𐌰𐌲𐌴𐌹𐌽𐍃 𐌹𐌽𐍆𐌴𐌹𐌽𐍉𐌳𐌰 𐌹𐌽 𐌹𐌶𐌴, 𐌿𐌽𐍄𐌴 𐍅𐌴𐍃𐌿𐌽 𐌰𐍆𐌳𐌰𐌿𐌹𐌳𐌰𐌹 𐌾𐌰𐌷 𐍆𐍂𐌰𐍅𐌰𐌿𐍂𐍀𐌰𐌽𐌰𐌹 𐍃𐍅𐌴 𐌻𐌰𐌼𐌱𐌰 𐌽𐌹 𐌷𐌰𐌱𐌰𐌽𐌳𐍉𐌽𐌰 𐌷𐌰𐌹𐍂𐌳𐌴𐌹𐍃."
Matthew,9,37,"𐌸𐌰𐌽𐌿𐌷 𐌵𐌰𐌸 𐌳𐌿 𐍃𐌹𐍀𐍉𐌽𐌾𐌰𐌼 𐍃𐌴𐌹𐌽𐌰𐌹𐌼: 𐌰𐍃𐌰𐌽𐍃 𐍂𐌰𐌹𐌷𐍄𐌹𐍃 𐌼𐌰𐌽𐌰𐌲𐌰, 𐌹𐌸 𐍅𐌰𐌿𐍂𐍃𐍄𐍅𐌾𐌰𐌽𐍃 𐍆𐌰𐍅𐌰𐌹."
Matthew,9,38,𐌱𐌹𐌳𐌾𐌹𐌸 𐌽𐌿 𐍆𐍂𐌰𐌿𐌾𐌰𐌽 𐌰𐍃𐌰𐌽𐌰𐌹𐍃 𐌴𐌹 𐌿𐍃𐍃𐌰𐌽𐌳𐌾𐌰𐌹 𐍅𐌰𐌿𐍂𐍃𐍄𐍅𐌾𐌰𐌽𐍃 𐌹𐌽 𐌰𐍃𐌰𐌽 𐍃𐌴𐌹𐌽𐌰.
Matthew,10,1,𐌾𐌰𐌷 𐌰𐍄𐌷𐌰𐌹𐍄𐌰𐌽𐌳𐍃 𐌸𐌰𐌽𐍃 𐍄𐍅𐌰𐌻𐌹𐍆 𐍃𐌹(𐍀𐍉𐌽𐌾𐌰𐌽𐍃)....
Matthew,10,2,
Matthew,10,3,
Matthew,10,4,
Matthew,10,5,
Matthew,10,6,
Matthew,10,7,
Matthew,10,8,
Matthew,10,9,
Matthew,10,10,
Matthew,10,11,
Matthew,10,12,
Matthew,10,13,
Matthew,10,14,
Matthew,10,15,
Matthew,10,16,
Matthew,10,17,
Matthew,10,18,
Matthew,10,19,
Matthew,10,20,
Matthew,10,21,
Matthew,10,22,
Matthew,10,23,".... 𐌸𐌹𐌶𐌰𐌹 𐌱𐌰𐌿𐍂𐌲, 𐌸𐌻𐌹𐌿𐌷𐌰𐌹𐌸 𐌹𐌽 𐌰𐌽𐌸𐌰𐍂𐌰: 𐌰𐌼𐌴𐌽 𐌰𐌿𐌺 𐌵𐌹𐌸𐌰 𐌹𐌶𐍅𐌹𐍃, 𐌴𐌹 𐌽𐌹 𐌿𐍃𐍄𐌹𐌿𐌷𐌹𐌸 𐌱𐌰𐌿𐍂𐌲𐍃 𐌹𐍃𐍂𐌰𐌴𐌻𐌹𐍃, 𐌿𐌽𐍄𐌴 𐌵𐌹𐌼𐌹𐌸 𐍃𐌰 𐍃𐌿𐌽𐌿𐍃 𐌼𐌰𐌽𐍃."
Matthew,10,24,𐌽𐌹𐍃𐍄 𐍃𐌹𐍀𐍉𐌽𐌴𐌹𐍃 𐌿𐍆𐌰𐍂 𐌻𐌰𐌹𐍃𐌰𐍂𐌾𐌰 𐌽𐌹𐌷 𐍃𐌺𐌰𐌻𐌺𐍃 𐌿𐍆𐌰𐍂 𐍆𐍂𐌰𐌿𐌾𐌹𐌽 𐍃𐌴𐌹𐌽𐌰𐌼𐌼𐌰.
Matthew,10,25,"𐌲𐌰𐌽𐌰𐌷 𐍃𐌹𐍀𐍉𐌽𐌹 𐌴𐌹 𐍅𐌰𐌹𐍂𐌸𐌰𐌹 𐍃𐍅𐌴 𐌻𐌰𐌹𐍃𐌰𐍂𐌴𐌹𐍃 𐌹𐍃 𐌾𐌰𐌷 𐍃𐌺𐌰𐌻𐌺𐍃 𐍃𐍅𐌴 𐍆𐍂𐌰𐌿𐌾𐌰 𐌹𐍃; 𐌾𐌰𐌱𐌰𐌹 𐌲𐌰𐍂𐌳𐌰𐍅𐌰𐌻𐌳𐌰𐌽𐌳 𐌱𐌰𐌹𐌰𐌹𐌻𐌶𐌰𐌹𐌱𐌿𐌻 𐌷𐌰𐌹𐌷𐌰𐌹𐍄𐌿𐌽, 𐌿𐌽𐌳 𐍈𐌰𐌽 𐍆𐌹𐌻𐌿 𐌼𐌰𐌹𐍃 𐌸𐌰𐌽𐍃 𐌹𐌽𐌽𐌰𐌺𐌿𐌽𐌳𐌰𐌽𐍃 𐌹𐍃."
Matthew,10,26,"𐌽𐌹 𐌽𐌿𐌽𐌿 𐍉𐌲𐌴𐌹𐌸 𐌹𐌶𐍅𐌹𐍃 𐌹𐌽𐍃; 𐌽𐌹 𐍅𐌰𐌹𐌷𐍄 𐌰𐌿𐌺 𐌹𐍃𐍄 𐌲𐌰𐌷𐌿𐌻𐌹𐌸, 𐌸𐌰𐍄𐌴𐌹 𐌽𐌹 𐌰𐌽𐌳𐌷𐌿𐌻𐌾𐌰𐌹𐌳𐌰𐌿, 𐌾𐌰𐌷 𐍆𐌿𐌻𐌲𐌹𐌽, 𐌸𐌰𐍄𐌴𐌹 𐌽𐌹 𐌿𐍆𐌺𐌿𐌽𐌽𐌰𐌹𐌳𐌰𐌿."
Matthew,10,27,"𐌸𐌰𐍄𐌴𐌹 𐌵𐌹𐌸𐌰 𐌹𐌶𐍅𐌹𐍃 𐌹𐌽 𐍂𐌹𐌵𐌹𐌶𐌰, 𐌵𐌹𐌸𐌰𐌹𐌸 𐌹𐌽 𐌻𐌹𐌿𐌷𐌰𐌳𐌰, 𐌾𐌰𐌷 𐌸𐌰𐍄𐌴𐌹 𐌹𐌽 𐌰𐌿𐍃𐍉 𐌲𐌰𐌷𐌰𐌿𐍃𐌴𐌹𐌸, 𐌼𐌴𐍂𐌾𐌰𐌹𐌸 𐌰𐌽𐌰 𐌷𐍂𐍉𐍄𐌰𐌼."
Matthew,10,28,"𐌾𐌰𐌷 𐌽𐌹 𐍉𐌲𐌴𐌹𐌸 𐌹𐌶𐍅𐌹𐍃 𐌸𐌰𐌽𐍃 𐌿𐍃𐌵𐌹𐌼𐌰𐌽𐌳𐌰𐌽𐍃 𐌻𐌴𐌹𐌺𐌰 𐌸𐌰𐍄𐌰𐌹𐌽𐌴𐌹, 𐌹𐌸 𐍃𐌰𐌹𐍅𐌰𐌻𐌰𐌹 𐌽𐌹 𐌼𐌰𐌲𐌰𐌽𐌳𐌰𐌽𐍃 𐌿𐍃𐌵𐌹𐌼𐌰𐌽, 𐌹𐌸 𐍉𐌲𐌴𐌹𐌸 𐌼𐌰𐌹𐍃 𐌸𐌰𐌽𐌰 𐌼𐌰𐌲𐌰𐌽𐌳𐌰𐌽 𐌾𐌰𐌷 𐍃𐌰𐌹𐍅𐌰𐌻𐌰𐌹 𐌾𐌰𐌷 𐌻𐌴𐌹𐌺𐌰 𐍆𐍂𐌰𐌵𐌹𐍃𐍄𐌾𐌰𐌽 𐌹𐌽 𐌲𐌰𐌹𐌰𐌹𐌽𐌽𐌰𐌽."
Matthew,10,29,𐌽𐌹𐌿 𐍄𐍅𐌰𐌹 𐍃𐍀𐌰𐍂𐍅𐌰𐌽𐍃 𐌰𐍃𐍃𐌰𐍂𐌾𐌰𐌿 𐌱𐌿𐌲𐌾𐌰𐌽𐌳𐌰? 𐌾𐌰𐌷 𐌰𐌹𐌽𐍃 𐌹𐌶𐌴 𐌽𐌹 𐌲𐌰𐌳𐍂𐌹𐌿𐍃𐌹𐌸 𐌰𐌽𐌰 𐌰𐌹𐍂𐌸𐌰 𐌹𐌽𐌿𐌷 𐌰𐍄𐍄𐌹𐌽𐍃 𐌹𐌶𐍅𐌰𐍂𐌹𐍃 𐍅𐌹𐌻𐌾𐌰𐌽.
Matthew,10,30,𐌰𐌸𐌸𐌰𐌽 𐌹𐌶𐍅𐌰𐍂𐌰 𐌾𐌰𐌷 𐍄𐌰𐌲𐌻𐌰 𐌷𐌰𐌿𐌱𐌹𐌳𐌹𐍃 𐌰𐌻𐌻𐌰 𐌲𐌰𐍂𐌰𐌸𐌰𐌽𐌰 𐍃𐌹𐌽𐌳.
Matthew,10,31,𐌽𐌹 𐌽𐌿𐌽𐌿 𐍉𐌲𐌴𐌹𐌸; 𐌼𐌰𐌽𐌰𐌲𐌰𐌹𐌼 𐍃𐍀𐌰𐍂𐍅𐌰𐌼 𐌱𐌰𐍄𐌹𐌶𐌰𐌽𐍃 𐍃𐌹𐌾𐌿𐌸 𐌾𐌿𐍃.
Matthew,10,32,"𐍃𐌰𐍈𐌰𐌶𐌿𐌷 𐌽𐌿 𐍃𐌰𐌴𐌹 𐌰𐌽𐌳𐌷𐌰𐌹𐍄𐌹𐌸 𐌼𐌹𐍃 𐌹𐌽 𐌰𐌽𐌳𐍅𐌰𐌹𐍂𐌸𐌾𐌰 𐌼𐌰𐌽𐌽𐌴, 𐌰𐌽𐌳𐌷𐌰𐌹𐍄𐌰 𐌾𐌰𐌷 𐌹𐌺 𐌹𐌼𐌼𐌰 𐌹𐌽 𐌰𐌽𐌳𐍅𐌰𐌹𐍂𐌸𐌾𐌰 𐌰𐍄𐍄𐌹𐌽𐍃 𐌼𐌴𐌹𐌽𐌹𐍃 𐍃𐌰𐌴𐌹 𐌹𐌽 𐌷𐌹𐌼𐌹𐌽𐌰𐌼 𐌹𐍃𐍄."
Matthew,10,33,"𐌹𐌸 𐌸𐌹𐍃𐍈𐌰𐌽𐍉𐌷 𐍃𐌰𐌴𐌹 𐌰𐍆𐌰𐌹𐌺𐌹𐌸 𐌼𐌹𐌺 𐌹𐌽 𐌰𐌽𐌳𐍅𐌰𐌹𐍂𐌸𐌾𐌰 𐌼𐌰𐌽𐌽𐌴, 𐌰𐍆𐌰𐌹𐌺𐌰 𐌾𐌰𐌷 𐌹𐌺 𐌹𐌽𐌰 𐌹𐌽 𐌰𐌽𐌳𐍅𐌰𐌹𐍂𐌸𐌾𐌰 𐌰𐍄𐍄𐌹𐌽𐍃 𐌼𐌴𐌹𐌽𐌹𐍃 𐌸𐌹𐍃 𐍃𐌰𐌴𐌹 𐌹𐌽 𐌷𐌹𐌼𐌹𐌽𐌰𐌼 𐌹𐍃𐍄."
Matthew,10,34,"𐌽𐌹𐌷 𐌰𐌷𐌾𐌰𐌹𐌸 𐌸𐌰𐍄𐌴𐌹 𐌵𐌴𐌼𐌾𐌰𐌿 𐌻𐌰𐌲𐌾𐌰𐌽 𐌲𐌰𐍅𐌰𐌹𐍂𐌸𐌹 𐌰𐌽𐌰 𐌰𐌹𐍂𐌸𐌰; 𐌽𐌹 𐌵𐌰𐌼 𐌻𐌰𐌲𐌾𐌰𐌽 𐌲𐌰𐍅𐌰𐌹𐍂𐌸𐌹, 𐌰𐌺 𐌷𐌰𐌹𐍂𐌿."
Matthew,10,35,𐌵𐌰𐌼 𐌰𐌿𐌺 𐍃𐌺𐌰𐌹𐌳𐌰𐌽 𐌼𐌰𐌽𐌽𐌰𐌽 𐍅𐌹𐌸𐍂𐌰 𐌰𐍄𐍄𐌰𐌽 𐌹𐍃 𐌾𐌰𐌷 𐌳𐌰𐌿𐌷𐍄𐌰𐍂 𐍅𐌹𐌸𐍂𐌰 𐌰𐌹𐌸𐌴𐌹𐌽 𐌹𐌶𐍉𐍃 𐌾𐌰𐌷 𐌱𐍂𐌿𐌸 𐍅𐌹𐌸𐍂𐌰 𐍃𐍅𐌰𐌹𐌷𐍂𐍉𐌽 𐌹𐌶𐍉𐍃;
Matthew,10,36,𐌾𐌰𐌷 𐍆𐌹𐌾𐌰𐌽𐌳𐍃 𐌼𐌰𐌽𐍃 𐌹𐌽𐌽𐌰𐌺𐌿𐌽𐌳𐌰𐌹 𐌹𐍃.
Matthew,10,37,"𐍃𐌰𐌴𐌹 𐍆𐍂𐌹𐌾𐍉𐌸 𐌰𐍄𐍄𐌰𐌽 𐌰𐌹𐌸𐌸𐌰𐌿 𐌰𐌹𐌸𐌴𐌹𐌽 𐌿𐍆𐌰𐍂 𐌼𐌹𐌺, 𐌽𐌹𐍃𐍄 𐌼𐌴𐌹𐌽𐌰 𐍅𐌰𐌹𐍂𐌸𐍃; 𐌾𐌰𐌷 𐍃𐌰𐌴𐌹 𐍆𐍂𐌹𐌾𐍉𐌸 𐍃𐌿𐌽𐌿 𐌰𐌹𐌸𐌸𐌰𐌿 𐌳𐌰𐌿𐌷𐍄𐌰𐍂 𐌿𐍆𐌰𐍂 𐌼𐌹𐌺, 𐌽𐌹𐍃𐍄 𐌼𐌴𐌹𐌽𐌰 𐍅𐌰𐌹𐍂𐌸𐍃."
Matthew,10,38,"𐌾𐌰𐌷 𐍃𐌰𐌴𐌹 𐌽𐌹 𐌽𐌹𐌼𐌹𐌸 𐌲𐌰𐌻𐌲𐌰𐌽 𐍃𐌴𐌹𐌽𐌰𐌽𐌰 𐌾𐌰𐌷 𐌻𐌰𐌹𐍃𐍄𐌾𐌰𐌹 𐌰𐍆𐌰𐍂 𐌼𐌹𐍃, 𐌽𐌹𐍃𐍄 𐌼𐌴𐌹𐌽𐌰 𐍅𐌰𐌹𐍂𐌸𐍃."
Matthew,10,39,"𐍃𐌰𐌴𐌹 𐌱𐌹𐌲𐌹𐍄𐌹𐌸 𐍃𐌰𐌹𐍅𐌰𐌻𐌰 𐍃𐌴𐌹𐌽𐌰, 𐍆𐍂𐌰𐌵𐌹𐍃𐍄𐌴𐌹𐌸 𐌹𐌶𐌰𐌹; 𐌾𐌰𐌷 𐍃𐌰𐌴𐌹 𐍆𐍂𐌰𐌵𐌹𐍃𐍄𐌴𐌹𐌸 𐍃𐌰𐌹𐍅𐌰𐌻𐌰𐌹 𐍃𐌴𐌹𐌽𐌰𐌹 𐌹𐌽 𐌼𐌴𐌹𐌽𐌰, 𐌱𐌹𐌲𐌹𐍄𐌹𐌸 𐌸𐍉."
Matthew,10,40,"𐍃𐌰 𐌰𐌽𐌳𐌽𐌹𐌼𐌰𐌽𐌳𐍃 𐌹𐌶𐍅𐌹𐍃 𐌼𐌹𐌺 𐌰𐌽𐌳𐌽𐌹𐌼𐌹𐌸, 𐌾𐌰𐌷 𐍃𐌰 𐌼𐌹𐌺 𐌰𐌽𐌳𐌽𐌹𐌼𐌰𐌽𐌳𐍃 𐌰𐌽𐌳𐌽𐌹𐌼𐌹𐌸 𐌸𐌰𐌽𐌰 𐍃𐌰𐌽𐌳𐌾𐌰𐌽𐌳𐌰𐌽 𐌼𐌹𐌺."
Matthew,10,41,"𐍃𐌰 𐌰𐌽𐌳𐌽𐌹𐌼𐌰𐌽𐌳𐍃 𐍀𐍂𐌰𐌿𐍆𐌴𐍄𐌿 𐌹𐌽 𐌽𐌰𐌼𐌹𐌽 𐍀𐍂𐌰𐌿𐍆𐌴𐍄𐌰𐌿𐍃 𐌼𐌹𐌶𐌳𐍉𐌽 𐍀𐍂𐌰𐌿𐍆𐌴𐍄𐌰𐌿𐍃 𐌽𐌹𐌼𐌹𐌸, 𐌾𐌰𐌷 𐍃𐌰 𐌰𐌽𐌳𐌽𐌹𐌼𐌰𐌽𐌳𐍃 𐌲𐌰𐍂𐌰𐌹𐌷𐍄𐌰𐌽𐌰 𐌹𐌽 𐌽𐌰𐌼𐌹𐌽 𐌲𐌰𐍂𐌰𐌹𐌷𐍄𐌹𐍃 𐌼𐌹𐌶𐌳𐍉𐌽 𐌲𐌰𐍂𐌰𐌹𐌷𐍄𐌹𐍃 𐌽𐌹𐌼𐌹𐌸."
Matthew,10,42,"𐌾𐌰𐌷 𐍃𐌰𐌴𐌹 𐌲𐌰𐌳𐍂𐌰𐌲𐌺𐌴𐌹𐌸 𐌰𐌹𐌽𐌰𐌽𐌰 𐌸𐌹𐌶𐌴 𐌼𐌹𐌽𐌽𐌹𐍃𐍄𐌰𐌽𐌴 𐍃𐍄𐌹𐌺𐌻𐌰 𐌺𐌰𐌻𐌳𐌹𐍃 𐍅𐌰𐍄𐌹𐌽𐍃 𐌸𐌰𐍄𐌰𐌹𐌽𐌴𐌹 𐌹𐌽 𐌽𐌰𐌼𐌹𐌽 𐍃𐌹𐍀𐍉𐌽𐌴𐌹𐍃, 𐌰𐌼𐌴𐌽 𐌵𐌹𐌸𐌰 𐌹𐌶𐍅𐌹𐍃, 𐌴𐌹 𐌽𐌹 𐍆𐍂𐌰𐌵𐌹𐍃𐍄𐌴𐌹𐌸 𐌼𐌹𐌶𐌳𐍉𐌽 𐍃𐌴𐌹𐌽𐌰𐌹."
Matthew,11,1,"𐌾𐌰𐌷 𐍅𐌰𐍂𐌸, 𐌱𐌹𐌸𐌴 𐌿𐍃𐍆𐌿𐌻𐌻𐌹𐌳𐌰 𐌹𐌴𐍃𐌿𐍃 𐌰𐌽𐌰𐌱𐌹𐌿𐌳𐌰𐌽𐌳𐍃 𐌸𐌰𐌹𐌼 𐍄𐍅𐌰𐌻𐌹𐍆 𐍃𐌹𐍀𐍉𐌽𐌾𐌰𐌼 𐍃𐌴𐌹𐌽𐌰𐌹𐌼, 𐌿𐍃𐌷𐍉𐍆 𐍃𐌹𐌺 𐌾𐌰𐌹𐌽𐌸𐍂𐍉 𐌳𐌿 𐌻𐌰𐌹𐍃𐌾𐌰𐌽 𐌾𐌰𐌷 𐌼𐌴𐍂𐌾𐌰𐌽 𐌰𐌽𐌳 𐌱𐌰𐌿𐍂𐌲𐍃 𐌹𐌶𐌴."
Matthew,11,2,"𐌹𐌸 𐌹𐍉𐌷𐌰𐌽𐌽𐌴𐍃 𐌲𐌰𐌷𐌰𐌿𐍃𐌾𐌰𐌽𐌳𐍃 𐌹𐌽 𐌺𐌰𐍂𐌺𐌰𐍂𐌰𐌹 𐍅𐌰𐌿𐍂𐍃𐍄𐍅𐌰 𐍇𐍂𐌹𐍃𐍄𐌰𐌿𐍃, 𐌹𐌽𐍃𐌰𐌽𐌳𐌾𐌰𐌽𐌳𐍃 𐌱𐌹 𐍃𐌹𐍀𐍉𐌽𐌾𐌰𐌼 𐍃𐌴𐌹𐌽𐌰𐌹𐌼 𐌵𐌰𐌸 𐌳𐌿 𐌹𐌼𐌼𐌰:"
Matthew,11,3,𐌸Ã» 𐌹𐍃 𐍃𐌰 𐌵𐌹𐌼𐌰𐌽𐌳𐌰 𐌸𐌰𐌿 𐌰𐌽𐌸𐌰𐍂𐌹𐌶𐌿𐌷 𐌱𐌴𐌹𐌳𐌰𐌹𐌼𐌰?
Matthew,11,4,𐌾𐌰𐌷 𐌰𐌽𐌳𐌷𐌰𐍆𐌾𐌰𐌽𐌳𐍃 𐌹𐌴𐍃𐌿𐍃 𐌵𐌰𐌸 𐌳𐌿 𐌹𐌼: 𐌲𐌰𐌲𐌲𐌰𐌽𐌳𐌰𐌽𐍃 𐌲𐌰𐍄𐌴𐌹𐌷𐌹𐌸 𐌹𐍉𐌷𐌰𐌽𐌽𐌴 𐌸𐌰𐍄𐌴𐌹 𐌲𐌰𐌷𐌰𐌿𐍃𐌴𐌹𐌸 𐌾𐌰𐌷 𐌲𐌰𐍃𐌰𐌹𐍈𐌹𐌸.
Matthew,11,5,"𐌱𐌻𐌹𐌽𐌳𐌰𐌹 𐌿𐍃𐍃𐌰𐌹𐍈𐌰𐌽𐌳, 𐌾𐌰𐌷 𐌷𐌰𐌻𐍄𐌰𐌹 𐌲𐌰𐌲𐌲𐌰𐌽𐌳, 𐌸𐍂𐌿𐍄𐍃𐍆𐌹𐌻𐌻𐌰𐌹 𐌷𐍂𐌰𐌹𐌽𐌾𐌰𐌹 𐍅𐌰𐌹𐍂𐌸𐌰𐌽𐌳, 𐌾𐌰𐌷 𐌱𐌰𐌿𐌳𐌰𐌹 𐌲𐌰𐌷𐌰𐌿𐍃𐌾𐌰𐌽𐌳, 𐌾𐌰𐌷 𐌳𐌰𐌿𐌸𐌰𐌹 𐌿𐍂𐍂𐌴𐌹𐍃𐌰𐌽𐌳, 𐌾𐌰𐌷 𐌿𐌽𐌻𐌴𐌳𐌰𐌹 𐍅𐌰𐌹𐌻𐌰𐌼𐌴𐍂𐌾𐌰𐌽𐌳𐌰:"
Matthew,11,6,𐌾𐌰𐌷 𐌰𐌿𐌳𐌰𐌲𐍃 𐌹𐍃𐍄 𐍈𐌰𐌶𐌿𐌷 𐍃𐌰𐌴𐌹 𐌽𐌹 𐌲𐌰𐌼𐌰𐍂𐌶𐌾𐌰𐌳𐌰 𐌹𐌽 𐌼𐌹𐍃.
Matthew,11,7,"𐌰𐍄 𐌸𐌰𐌹𐌼 𐌸𐌰𐌽 𐌰𐍆𐌲𐌰𐌲𐌲𐌰𐌽𐌳𐌰𐌼, 𐌳𐌿𐌲𐌰𐌽𐌽 𐌹𐌴𐍃𐌿𐍃 𐌵𐌹𐌸𐌰𐌽 𐌸𐌰𐌹𐌼 𐌼𐌰𐌽𐌰𐌲𐌴𐌹𐌼 𐌱𐌹 𐌹𐍉𐌷𐌰𐌽𐌽𐌴𐌽: 𐍈𐌰 𐌿𐍃𐌹𐌳𐌳𐌾𐌴𐌳𐌿𐌸 𐌰𐌽𐌰 𐌰𐌿𐌸𐌹𐌳𐌰 𐍃𐌰𐌹𐍈𐌰𐌽? 𐍂𐌰𐌿𐍃 𐍆𐍂𐌰𐌼 𐍅𐌹𐌽𐌳𐌰 𐍅𐌰𐌲𐌹𐌳𐌰𐍄𐌰?"
Matthew,11,8,"𐌰𐌺𐌴𐌹 𐍈𐌰 𐌿𐍃𐌹𐌳𐌳𐌾𐌴𐌳𐌿𐌸 𐍃𐌰𐌹𐍈𐌰𐌽? 𐌼𐌰𐌽𐌽𐌰𐌽 𐌷𐌽𐌰𐍃𐌵𐌾𐌰𐌹𐌼 𐍅𐌰𐍃𐍄𐌾𐍉𐌼 𐌲𐌰𐍅𐌰𐍃𐌹𐌳𐌰𐌽𐌰? 𐍃𐌰𐌹, 𐌸𐌰𐌹𐌴𐌹 𐌷𐌽𐌰𐍃𐌵𐌾𐌰𐌹𐌼 𐍅𐌰𐍃𐌹𐌳𐌰𐌹 𐍃𐌹𐌽𐌳, 𐌹𐌽 𐌲𐌰𐍂𐌳𐌹𐌼 𐌸𐌹𐌿𐌳𐌰𐌽𐌴 𐍃𐌹𐌽𐌳."
Matthew,11,9,"𐌰𐌺𐌴𐌹 𐍈𐌰 𐌿𐍃𐌹𐌳𐌳𐌾𐌴𐌳𐌿𐌸 𐍃𐌰𐌹𐍈𐌰𐌽? 𐍀𐍂𐌰𐌿𐍆𐌴𐍄𐌿? 𐌾𐌰𐌹, 𐌵𐌹𐌸𐌰 𐌹𐌶𐍅𐌹𐍃: 𐌾𐌰𐌷 𐌼𐌰𐌽𐌰𐌲𐌹𐌶𐍉 𐍀𐍂𐌰𐌿𐍆𐌴𐍄𐌰𐌿."
Matthew,11,10,"𐍃𐌰 𐌹𐍃𐍄 𐌰𐌿𐌺 𐌱𐌹 𐌸𐌰𐌽𐌴𐌹 𐌲𐌰𐌼𐌴𐌻𐌹𐌸 𐌹𐍃𐍄: 𐍃𐌰𐌹, 𐌹𐌺 𐌹𐌽𐍃𐌰𐌽𐌳𐌾𐌰 𐌰𐌲𐌲𐌹𐌻𐌿 𐌼𐌴𐌹𐌽𐌰𐌽𐌰 𐍆𐌰𐌿𐍂𐌰 𐌸𐌿𐍃, 𐍃𐌰𐌴𐌹 𐌲𐌰𐌼𐌰𐌽𐍅𐌴𐌹𐌸 𐍅𐌹𐌲 𐌸𐌴𐌹𐌽𐌰𐌽𐌰 𐍆𐌰𐌿𐍂𐌰 𐌸𐌿𐍃."
Matthew,11,11,"𐌰𐌼𐌴𐌽, 𐌵𐌹𐌸𐌰 𐌹𐌶𐍅𐌹𐍃: 𐌽𐌹 𐌿𐍂𐍂𐌰𐌹𐍃 𐌹𐌽 𐌱𐌰𐌿𐍂𐌹𐌼 𐌵𐌹𐌽𐍉𐌽𐍉 𐌼𐌰𐌹𐌶𐌰 𐌹𐍉𐌷𐌰𐌽𐌽𐌴 𐌸𐌰𐌼𐌼𐌰 𐌳𐌰𐌿𐍀𐌾𐌰𐌽𐌳𐌹𐌽; 𐌹𐌸 𐍃𐌰 𐌼𐌹𐌽𐌽𐌹𐌶𐌰 𐌹𐌽 𐌸𐌹𐌿𐌳𐌰𐌽𐌲𐌰𐍂𐌳𐌾𐌰𐌹 𐌷𐌹𐌼𐌹𐌽𐌴 𐌼𐌰𐌹𐌶𐌰 𐌹𐌼𐌼𐌰 𐌹𐍃𐍄."
Matthew,11,12,"𐍆𐍂𐌰𐌼𐌿𐌷 𐌸𐌰𐌽 𐌸𐌰𐌹𐌼 𐌳𐌰𐌲𐌰𐌼 𐌹𐍉𐌷𐌰𐌽𐌽𐌹𐍃 𐌸𐌹𐍃 𐌳𐌰𐌿𐍀𐌾𐌰𐌽𐌳𐌹𐌽𐍃 𐌿𐌽𐌳 𐌷𐌹𐍄𐌰 𐌸𐌹𐌿𐌳𐌰𐌽𐌲𐌰𐍂𐌳𐌹 𐌷𐌹𐌼𐌹𐌽𐌴 𐌰𐌽𐌰𐌼𐌰𐌷𐍄𐌾𐌰𐌳𐌰, 𐌾𐌰𐌷 𐌰𐌽𐌰𐌼𐌰𐌷𐍄𐌾𐌰𐌽𐌳𐌰𐌽𐍃 𐍆𐍂𐌰𐍅𐌹𐌻𐍅𐌰𐌽𐌳 𐌸𐍉."
Matthew,11,13,𐌰𐌻𐌻𐌰𐌹 𐌰𐌿𐌺 𐍀𐍂𐌰𐌿𐍆𐌴𐍄𐌴𐌹𐍃 𐌾𐌰𐌷 𐍅𐌹𐍄𐍉𐌸 𐌿𐌽𐌳 𐌹𐍉𐌷𐌰𐌽𐌽𐌴 𐍆𐌰𐌿𐍂𐌰𐌵𐌴𐌸𐌿𐌽;
Matthew,11,14,"𐌾𐌰𐌷 𐌾𐌰𐌱𐌰𐌹 𐍅𐌹𐌻𐌳𐌴𐌳𐌴𐌹𐌸 𐌼𐌹𐌸𐌽𐌹𐌼𐌰𐌽, 𐍃𐌰 𐌹𐍃𐍄 𐌷𐌴𐌻𐌹𐌰𐍃, 𐍃𐌰𐌴𐌹 𐍃𐌺𐌿𐌻𐌳𐌰 𐌵𐌹𐌼𐌰𐌽."
Matthew,11,15,"𐍃𐌰𐌴𐌹 𐌷𐌰𐌱𐌰𐌹 𐌰𐌿(𐍃𐍉𐌽𐌰 𐌷𐌰𐌿𐍃𐌾𐌰𐌽𐌳𐍉𐌽𐌰, 𐌲𐌰)𐌷𐌰𐌿𐍃𐌾𐌰(𐌹)."
Matthew,11,16,"(𐍈𐌴 𐌽𐌿 𐌲𐌰𐌻𐌴𐌹𐌺𐍉) 𐌸𐌰𐍄𐌰 𐌺𐌿(𐌽𐌹)? (𐌲𐌰𐌻𐌴𐌹𐌺 𐌹𐍃𐍄 𐌱𐌰𐍂𐌽𐌰𐌼) 𐍃𐌹𐍄𐌰𐌽𐌳𐌰𐌼 (𐌹𐌽 𐌲𐌰𐍂𐌿𐌽𐍃𐌹𐌼 𐌾𐌰𐌷 𐍅𐍉𐍀𐌾𐌰𐌽)𐌳𐌰𐌼 𐌰𐌽𐌸𐌰𐍂 𐌰𐌽𐌸𐌰(𐍂𐌹𐍃),"
Matthew,11,17,(𐌾𐌰𐌷 𐌵𐌹𐌸𐌰𐌽)𐌳𐌰𐌼: 𐍃𐍅𐌹𐌲𐌻𐍉𐌳𐌴𐌳𐌿𐌼 𐌹𐌶𐍅(𐌹𐍃 𐌾𐌰𐌷) 𐌽𐌹 𐍀𐌻𐌹𐌽𐍃𐌹𐌳𐌴𐌳𐌿𐌸; 𐌷𐌿𐍆(𐌿𐌼 𐌾𐌰𐌷) 𐌽𐌹 𐌵𐌰𐌹𐌽𐍉𐌳𐌴𐌳𐌿𐌸.
Matthew,11,18,𐌵𐌰𐌼 𐍂𐌰𐌹𐌷𐍄𐌹𐍃 𐌹𐍉𐌷𐌰𐌽(𐌽𐌴𐍃 𐌽𐌹𐌷 𐌼𐌰𐍄)𐌾𐌰𐌽𐌳𐍃 𐌽𐌹𐌷 𐌳𐍂𐌹𐌲𐌺𐌰𐌽(𐌳𐍃 𐌾𐌰𐌷 𐌵𐌹)𐌸𐌰𐌽𐌳: 𐌿𐌽𐌷𐌿𐌻𐌸(𐍉𐌽 𐌷𐌰𐌱𐌰𐌹𐌸).
Matthew,11,19,"(𐌵𐌰𐌼) 𐍃𐌰 𐍃𐌿𐌽𐌿𐍃 𐌼𐌰𐌽𐍃 (𐌼𐌰𐍄𐌾𐌰𐌽𐌳𐍃 𐌾𐌰𐌷) 𐌳𐍂𐌹𐌲𐌺𐌰𐌽𐌳𐍃 𐌾(𐌰𐌷 𐌵𐌹𐌸𐌰𐌽𐌳: 𐍃𐌰𐌹, 𐌼𐌰𐌽)𐌽𐌰 𐌰𐍆𐌴𐍄𐌾𐌰 𐌾𐌰𐌷 𐌰𐍆(𐌳𐍂𐌿𐌲)𐌺𐌾𐌰, (𐌼𐍉)𐍄𐌰𐍂𐌾𐌴 𐍆𐍂𐌹𐌾𐍉𐌽𐌳𐍃 𐌾𐌰𐌷 𐍆𐍂𐌰𐍅𐌰𐌿𐍂𐌷𐍄𐌰𐌹𐌶𐌴. 𐌾𐌰𐌷 𐌿𐍃𐍅𐌰𐌿𐍂𐌷𐍄𐌰 𐌲𐌰𐌳𐍉𐌼𐌹𐌳𐌰 𐍅𐌰𐍂𐌸 𐌷𐌰𐌽𐌳𐌿𐌲𐌴𐌹 𐍆𐍂𐌰𐌼 𐌱𐌰𐍂𐌽𐌰𐌼 𐍃𐌴𐌹𐌽𐌰𐌹𐌼."
Matthew,11,20,"𐌸𐌰𐌽𐌿𐌷 𐌳𐌿𐌲𐌰𐌽𐌽 𐌹𐌳𐍅𐌴𐌹𐍄𐌾𐌰𐌽 𐌱𐌰𐌿𐍂𐌲𐌹𐌼, 𐌹𐌽 𐌸𐌰𐌹𐌼𐌴𐌹 𐍅𐌰𐌿𐍂𐌸𐌿𐌽 𐌸𐍉𐍃 𐌼𐌰𐌽𐌰𐌲𐌹𐍃𐍄𐍉𐌽𐍃 𐌼𐌰𐌷𐍄𐌴𐌹𐍃 𐌹𐍃, (𐌸𐌰𐍄𐌴𐌹 𐌽𐌹 𐌹𐌳𐍂𐌴𐌹𐌲𐍉𐌳𐌴𐌳𐌿𐌽) 𐍃𐌹𐌺."
Matthew,11,21,"(𐍅𐌰𐌹 𐌸𐌿𐍃 𐌺𐌰𐌿𐍂𐌰𐌶𐌴𐌹𐌽, 𐍅𐌰𐌹 𐌸)𐌿𐍃 𐌱𐌴𐌸(𐍃𐌰ï𐌳𐌰𐌽; 𐌿𐌽𐍄𐌴 𐌹𐌸 𐍅𐌰)𐌿𐍂𐌸𐌴𐌹𐌽𐌰 (𐌹𐌽 𐍄𐍅𐍂𐌴 𐌾𐌰𐌷 𐍃𐌴𐌹𐌳𐍉𐌽)𐌴 𐌻𐌰𐌽𐌳𐌰 𐌼𐌰𐌷(𐍄𐌴𐌹𐍃 𐌸𐍉𐍃 𐍅𐌰𐌿𐍂)𐌸𐌰𐌽𐍉𐌽𐍃 𐌹𐌽 𐌹𐌶𐍅𐌹𐍃, (𐌰𐌹𐍂𐌹𐍃 𐌸)𐌰𐌿 𐌹𐌽 𐍃𐌰𐌺𐌺𐌰𐌿 𐌾𐌰𐌷 𐌰𐌶𐌲𐍉𐌽 (𐌹𐌳𐍂𐌴𐌹𐌲)𐍉𐌳𐌴𐌳𐌴𐌹𐌽𐌰."
Matthew,11,22,𐍃𐍅𐌴𐌸𐌰𐌿𐌷 𐌵𐌹(𐌸𐌰 𐌹𐌶𐍅𐌹𐍃): 𐍄𐍅𐍂𐌹𐌼 𐌾𐌰𐌷 𐍃𐌴𐌹𐌳𐍉𐌽𐌹𐌼 (𐍃𐌿𐍄𐌹𐌶𐍉 𐍅𐌰)𐌹𐍂𐌸𐌹𐌸 𐌹𐌽 𐌳𐌰𐌲𐌰 𐍃𐍄𐌰𐌿(𐍉𐍃 𐌸𐌰𐌿 𐌹𐌶𐍅𐌹𐍃).
Matthew,11,23,"𐌾𐌰𐌷 𐌸𐌿 𐌺𐌰𐍆𐌰𐍂𐌽𐌰(𐌿𐌼, 𐌸𐌿 𐌿𐌽𐌳 𐌷𐌹)𐌼𐌹𐌽 𐌿𐍃𐌷𐌰𐌿𐌷𐌹𐌳𐌰, (𐌳𐌰𐌻𐌰𐌸 𐌿𐌽𐌳 𐌷𐌰𐌻𐌾)𐌰 𐌲𐌰𐌻𐌴𐌹𐌸𐌹𐍃: (𐌿𐌽𐍄𐌴 𐌾𐌰𐌱𐌰𐌹 𐌹𐌽 𐍃)𐌰𐌿𐌳𐌰𐌿𐌼𐌾𐌰𐌼 (𐍅𐌰𐌿𐍂)𐌸𐌴(𐌹𐌽𐌰 𐌼)𐌰𐌷𐍄𐌴𐌹𐍃 𐌸𐍉𐍃 𐍅𐌰𐌿𐍂𐌸𐌰𐌽𐍉𐌽𐍃 𐌹𐌽 𐌹𐌶𐍅𐌹𐍃, 𐌰𐌹𐌸𐌸𐌰𐌿 𐌴𐌹𐍃 𐍅𐌴𐍃𐌴𐌹𐌽𐌰 𐌿𐌽𐌳 𐌷𐌹𐌽𐌰 𐌳𐌰𐌲."
Matthew,11,24,𐍃𐍅𐌴𐌸𐌰𐌿𐌷 𐌵𐌹𐌸𐌰 𐌹𐌶𐍅𐌹𐍃 𐌸𐌰𐍄𐌴𐌹 𐌰𐌹𐍂𐌸𐌰𐌹 𐍃𐌰𐌿𐌳𐌰𐌿𐌼𐌾𐌴 𐍃𐌿𐍄𐌹𐌶𐍉 𐍅𐌰𐌹𐍂𐌸𐌹𐌸 𐌹𐌽 𐌳𐌰𐌲𐌰 𐍃𐍄𐌰𐌿𐍉𐍃 𐌸𐌰𐌿 𐌸𐌿𐍃.
Matthew,11,25,𐌹𐌽𐌿𐌷 𐌾𐌰𐌹𐌽𐌰𐌼𐌼𐌰 𐌼𐌴𐌻𐌰 𐌰𐌽𐌳𐌷𐌰𐍆(𐌾𐌰𐌽𐌳𐍃)....
Matthew,11,26,
Matthew,11,27,
Matthew,11,28,
Matthew,11,29,
Matthew,11,30,
Matthew,12,1,
Matthew,12,2,
Matthew,12,3,
Matthew,12,4,
Matthew,12,5,
Matthew,12,6,
Matthew,12,7,
Matthew,12,8,
Matthew,12,9,
Matthew,12,10,
Matthew,12,11,
Matthew,12,12,
Matthew,12,13,
Matthew,12,14,
Matthew,12,15,
Matthew,12,16,
Matthew,12,17,
Matthew,12,18,
Matthew,12,19,
Matthew,12,20,
Matthew,12,21,
Matthew,12,22,
Matthew,12,23,
Matthew,12,24,
Matthew,12,25,
Matthew,12,26,
Matthew,12,27,
Matthew,12,28,
Matthew,12,29,
Matthew,12,30,
Matthew,12,31,
Matthew,12,32,
Matthew,12,33,
Matthew,12,34,
Matthew,12,35,
Matthew,12,36,
Matthew,12,37,
Matthew,12,38,
Matthew,12,39,
Matthew,12,40,
Matthew,12,41,
Matthew,12,42,
Matthew,12,43,
Matthew,12,44,
Matthew,12,45,
Matthew,12,46,
Matthew,12,47,
Matthew,12,48,
Matthew,12,49,
Matthew,12,50,
Matthew,13,1,
Matthew,13,2,
Matthew,13,3,
Matthew,13,4,
Matthew,13,5,
Matthew,13,6,
Matthew,13,7,
Matthew,13,8,
Matthew,13,9,
Matthew,13,10,
Matthew,13,11,
Matthew,13,12,
Matthew,13,13,
Matthew,13,14,
Matthew,13,15,
Matthew,13,16,
Matthew,13,17,
Matthew,13,18,
Matthew,13,19,
Matthew,13,20,
Matthew,13,21,
Matthew,13,22,
Matthew,13,23,
Matthew,13,24,
Matthew,13,25,
Matthew,13,26,
Matthew,13,27,
Matthew,13,28,
Matthew,13,29,
Matthew,13,30,
Matthew,13,31,
Matthew,13,32,
Matthew,13,33,
Matthew,13,34,
Matthew,13,35,
Matthew,13,36,
Matthew,13,37,
Matthew,13,38,
Matthew,13,39,
Matthew,13,40,
Matthew,13,41,
Matthew,13,42,
Matthew,13,43,
Matthew,13,44,
Matthew,13,45,
Matthew,13,46,
Matthew,13,47,
Matthew,13,48,
Matthew,13,49,
Matthew,13,50,
Matthew,13,51,
Matthew,13,52,
Matthew,13,53,
Matthew,13,54,
Matthew,13,55,
Matthew,13,56,
Matthew,13,57,
Matthew,13,58,
Matthew,14,1,
Matthew,14,2,
Matthew,14,3,
Matthew,14,4,
Matthew,14,5,
Matthew,14,6,
Matthew,14,7,
Matthew,14,8,
Matthew,14,9,
Matthew,14,10,
Matthew,14,11,
Matthew,14,12,
Matthew,14,13,
Matthew,14,14,
Matthew,14,15,
Matthew,14,16,
Matthew,14,17,
Matthew,14,18,
Matthew,14,19,
Matthew,14,20,
Matthew,14,21,
Matthew,14,22,
Matthew,14,23,
Matthew,14,24,
Matthew,14,25,
Matthew,14,26,
Matthew,14,27,
Matthew,14,28,
Matthew,14,29,
Matthew,14,30,
Matthew,14,31,
Matthew,14,32,
Matthew,14,33,
Matthew,14,34,
Matthew,14,35,
Matthew,14,36,
Matthew,15,1,
Matthew,15,2,
Matthew,15,3,
Matthew,15,4,
Matthew,15,5,
Matthew,15,6,
Matthew,15,7,
Matthew,15,8,
Matthew,15,9,
Matthew,15,10,
Matthew,15,11,
Matthew,15,12,
Matthew,15,13,
Matthew,15,14,
Matthew,15,15,
Matthew,15,16,
Matthew,15,17,
Matthew,15,18,
Matthew,15,19,
Matthew,15,20,
Matthew,15,21,
Matthew,15,22,
Matthew,15,23,
Matthew,15,24,
Matthew,15,25,
Matthew,15,26,
Matthew,15,27,
Matthew,15,28,
Matthew,15,29,
Matthew,15,30,
Matthew,15,31,
Matthew,15,32,
Matthew,15,33,
Matthew,15,34,
Matthew,15,35,
Matthew,15,36,
Matthew,15,37,
Matthew,15,38,
Matthew,15,39,
Matthew,16,1,
Matthew,16,2,
Matthew,16,3,
Matthew,16,4,
Matthew,16,5,
Matthew,16,6,
Matthew,16,7,
Matthew,16,8,
Matthew,16,9,
Matthew,16,10,
Matthew,16,11,
Matthew,16,12,
Matthew,16,13,
Matthew,16,14,
Matthew,16,15,
Matthew,16,16,
Matthew,16,17,
Matthew,16,18,
Matthew,16,19,
Matthew,16,20,
Matthew,16,21,
Matthew,16,22,
Matthew,16,23,
Matthew,16,24,
Matthew,16,25,
Matthew,16,26,
Matthew,16,27,
Matthew,16,28,
Matthew,17,1,
Matthew,17,2,
Matthew,17,3,
Matthew,17,4,
Matthew,17,5,
Matthew,17,6,
Matthew,17,7,
Matthew,17,8,
Matthew,17,9,
Matthew,17,10,
Matthew,17,11,
Matthew,17,12,
Matthew,17,13,
Matthew,17,14,
Matthew,17,15,
Matthew,17,16,
Matthew,17,17,
Matthew,17,18,
Matthew,17,19,
Matthew,17,20,
Matthew,17,21,
Matthew,17,22,
Matthew,17,23,
Matthew,17,24,
Matthew,17,25,
Matthew,17,26,
Matthew,17,27,
Matthew,18,1,
Matthew,18,2,
Matthew,18,3,
Matthew,18,4,
Matthew,18,5,
Matthew,18,6,
Matthew,18,7,
Matthew,18,8,
Matthew,18,9,
Matthew,18,10,
Matthew,18,11,
Matthew,18,12,
Matthew,18,13,
Matthew,18,14,
Matthew,18,15,
Matthew,18,16,
Matthew,18,17,
Matthew,18,18,
Matthew,18,19,
Matthew,18,20,
Matthew,18,21,
Matthew,18,22,
Matthew,18,23,
Matthew,18,24,
Matthew,18,25,
Matthew,18,26,
Matthew,18,27,
Matthew,18,28,
Matthew,18,29,
Matthew,18,30,
Matthew,18,31,
Matthew,18,32,
Matthew,18,33,
Matthew,18,34,
Matthew,18,35,
Matthew,19,1,
Matthew,19,2,
Matthew,19,3,
Matthew,19,4,
Matthew,19,5,
Matthew,19,6,
Matthew,19,7,
Matthew,19,8,
Matthew,19,9,
Matthew,19,10,
Matthew,19,11,
Matthew,19,12,
Matthew,19,13,
Matthew,19,14,
Matthew,19,15,
Matthew,19,16,
Matthew,19,17,
Matthew,19,18,
Matthew,19,19,
Matthew,19,20,
Matthew,19,21,
Matthew,19,22,
Matthew,19,23,
Matthew,19,24,
Matthew,19,25,
Matthew,19,26,
Matthew,19,27,
Matthew,19,28,
Matthew,19,29,
Matthew,19,30,
Matthew,20,1,
Matthew,20,2,
Matthew,20,3,
Matthew,20,4,
Matthew,20,5,
Matthew,20,6,
Matthew,20,7,
Matthew,20,8,
Matthew,20,9,
Matthew,20,10,
Matthew,20,11,
Matthew,20,12,
Matthew,20,13,
Matthew,20,14,
Matthew,20,15,
Matthew,20,16,
Matthew,20,17,
Matthew,20,18,
Matthew,20,19,
Matthew,20,20,
Matthew,20,21,
Matthew,20,22,
Matthew,20,23,
Matthew,20,24,
Matthew,20,25,
Matthew,20,26,
Matthew,20,27,
Matthew,20,28,
Matthew,20,29,
Matthew,20,30,
Matthew,20,31,
Matthew,20,32,
Matthew,20,33,
Matthew,20,34,
Matthew,21,1,
Matthew,21,2,
Matthew,21,3,
Matthew,21,4,
Matthew,21,5,
Matthew,21,6,
Matthew,21,7,
Matthew,21,8,
Matthew,21,9,
Matthew,21,10,
Matthew,21,11,
Matthew,21,12,
Matthew,21,13,
Matthew,21,14,
Matthew,21,15,
Matthew,21,16,
Matthew,21,17,
Matthew,21,18,
Matthew,21,19,
Matthew,21,20,
Matthew,21,21,
Matthew,21,22,
Matthew,21,23,
Matthew,21,24,
Matthew,21,25,
Matthew,21,26,
Matthew,21,27,
Matthew,21,28,
Matthew,21,29,
Matthew,21,30,
Matthew,21,31,
Matthew,21,32,
Matthew,21,33,
Matthew,21,34,
Matthew,21,35,
Matthew,21,36,
Matthew,21,37,
Matthew,21,38,
Matthew,21,39,
Matthew,21,40,
Matthew,21,41,
Matthew,21,42,
Matthew,21,43,
Matthew,21,44,
Matthew,21,45,
Matthew,21,46,
Matthew,22,1,
Matthew,22,2,
Matthew,22,3,
Matthew,22,4,
Matthew,22,5,
Matthew,22,6,
Matthew,22,7,
Matthew,22,8,
Matthew,22,9,
Matthew,22,10,
Matthew,22,11,
Matthew,22,12,
Matthew,22,13,
Matthew,22,14,
Matthew,22,15,
Matthew,22,16,
Matthew,22,17,
Matthew,22,18,
Matthew,22,19,
Matthew,22,20,
Matthew,22,21,
Matthew,22,22,
Matthew,22,23,
Matthew,22,24,
Matthew,22,25,
Matthew,22,26,
Matthew,22,27,
Matthew,22,28,
Matthew,22,29,
Matthew,22,30,
Matthew,22,31,
Matthew,22,32,
Matthew,22,33,
Matthew,22,34,
Matthew,22,35,
Matthew,22,36,
Matthew,22,37,
Matthew,22,38,
Matthew,22,39,
Matthew,22,40,
Matthew,22,41,
Matthew,22,42,
Matthew,22,43,
Matthew,22,44,
Matthew,22,45,
Matthew,22,46,
Matthew,23,1,
Matthew,23,2,
Matthew,23,3,
Matthew,23,4,
Matthew,23,5,
Matthew,23,6,
Matthew,23,7,
Matthew,23,8,
Matthew,23,9,
Matthew,23,10,
Matthew,23,11,
Matthew,23,12,
Matthew,23,13,
Matthew,23,14,
Matthew,23,15,
Matthew,23,16,
Matthew,23,17,
Matthew,23,18,
Matthew,23,19,
Matthew,23,20,
Matthew,23,21,
Matthew,23,22,
Matthew,23,23,
Matthew,23,24,
Matthew,23,25,
Matthew,23,26,
Matthew,23,27,
Matthew,23,28,
Matthew,23,29,
Matthew,23,30,
Matthew,23,31,
Matthew,23,32,
Matthew,23,33,
Matthew,23,34,
Matthew,23,35,
Matthew,23,36,
Matthew,23,37,
Matthew,23,38,
Matthew,23,39,
Matthew,24,1,
Matthew,24,2,
Matthew,24,3,
Matthew,24,4,
Matthew,24,5,
Matthew,24,6,
Matthew,24,7,
Matthew,24,8,
Matthew,24,9,
Matthew,24,10,
Matthew,24,11,
Matthew,24,12,
Matthew,24,13,
Matthew,24,14,
Matthew,24,15,
Matthew,24,16,
Matthew,24,17,
Matthew,24,18,
Matthew,24,19,
Matthew,24,20,
Matthew,24,21,
Matthew,24,22,
Matthew,24,23,
Matthew,24,24,
Matthew,24,25,
Matthew,24,26,
Matthew,24,27,
Matthew,24,28,
Matthew,24,29,
Matthew,24,30,
Matthew,24,31,
Matthew,24,32,
Matthew,24,33,
Matthew,24,34,
Matthew,24,35,
Matthew,24,36,
Matthew,24,37,
Matthew,24,38,
Matthew,24,39,
Matthew,24,40,
Matthew,24,41,
Matthew,24,42,
Matthew,24,43,
Matthew,24,44,
Matthew,24,45,
Matthew,24,46,
Matthew,24,47,
Matthew,24,48,
Matthew,24,49,
Matthew,24,50,
Matthew,24,51,
Matthew,25,1,
Matthew,25,2,
Matthew,25,3,
Matthew,25,4,
Matthew,25,5,
Matthew,25,6,
Matthew,25,7,
Matthew,25,8,
Matthew,25,9,
Matthew,25,10,
Matthew,25,11,
Matthew,25,12,
Matthew,25,13,
Matthew,25,14,
Matthew,25,15,
Matthew,25,16,
Matthew,25,17,
Matthew,25,18,
Matthew,25,19,
Matthew,25,20,
Matthew,25,21,
Matthew,25,22,
Matthew,25,23,
Matthew,25,24,
Matthew,25,25,
Matthew,25,26,
Matthew,25,27,
Matthew,25,28,
Matthew,25,29,
Matthew,25,30,
Matthew,25,31,
Matthew,25,32,
Matthew,25,33,
Matthew,25,34,
Matthew,25,35,
Matthew,25,36,
Matthew,25,37,
Matthew,25,38,𐍈𐌰𐌽𐌿𐌷 𐌸𐌰𐌽 𐌸𐌿𐌺 𐍃𐌴𐍈𐌿𐌼 𐌲𐌰𐍃𐍄 𐌾𐌰𐌷 𐌲𐌰𐌻𐌰𐌸𐍉𐌳𐌴𐌳𐌿𐌼? 𐌰𐌹𐌸𐌸𐌰𐌿 𐌽𐌰𐌵𐌰𐌳𐌰𐌽𐌰 𐌾𐌰𐌷 𐍅𐌰𐍃𐌹𐌳𐌴𐌳𐌿𐌼?
Matthew,25,39,𐍈𐌰𐌽𐌿𐌷 𐌸𐌰𐌽 𐌸𐌿𐌺 𐍃𐌴𐍈𐌿𐌼 𐍃𐌹𐌿𐌺𐌰𐌽𐌰 𐌰𐌹𐌸𐌸𐌰𐌿 𐌹𐌽 𐌺𐌰𐍂𐌺𐌰𐍂𐌰𐌹 𐌾𐌰𐌷 𐌰𐍄𐌹𐌳𐌳𐌾𐌴𐌳𐌿𐌼 𐌳𐌿 𐌸𐌿𐍃?
Matthew,25,40,"𐌾𐌰𐌷 𐌰𐌽𐌳𐌷𐌰𐍆𐌾𐌰𐌽𐌳𐍃 𐍃𐌰 𐌸𐌹𐌿𐌳𐌰𐌽𐍃 𐌵𐌹𐌸𐌹𐌸 𐌳𐌿 𐌹𐌼: 𐌰𐌼𐌴𐌽, 𐌵𐌹𐌸𐌰 𐌹𐌶𐍅𐌹𐍃: 𐌾𐌰𐌷 𐌸𐌰𐌽𐌴𐌹 𐍄𐌰𐍅𐌹𐌳𐌴𐌳𐌿𐌸 𐌰𐌹𐌽𐌰𐌼𐌼𐌰 𐌸𐌹𐌶𐌴 𐌼𐌹𐌽𐌽𐌹𐍃𐍄𐌰𐌽𐌴 𐌱𐍂𐍉𐌸𐍂𐌴 𐌼𐌴𐌹𐌽𐌰𐌹𐌶𐌴, 𐌼𐌹𐍃 𐍄𐌰𐍅𐌹𐌳𐌴𐌳𐌿𐌸."
Matthew,25,41,"𐌸𐌰𐌽𐌿𐌷 𐌵𐌹𐌸𐌹𐌸 𐌾𐌰𐌷 𐌸𐌰𐌹𐌼 𐌰𐍆 𐌷𐌻𐌴𐌹𐌳𐌿𐌼𐌴𐌹𐌽 𐍆𐌴𐍂𐌰𐌹: 𐌲𐌰𐌲𐌲𐌹𐌸 𐍆𐌰𐌹𐍂𐍂𐌰 𐌼𐌹𐍃, 𐌾𐌿𐍃 𐍆𐍂𐌰𐌵𐌹𐌸𐌰𐌽𐌰𐌽𐍃, 𐌹𐌽 𐍆𐍉𐌽 𐌸𐌰𐍄𐌰 𐌰𐌹𐍅𐌴𐌹𐌽𐍉, 𐌸𐌰𐍄𐌰 𐌼𐌰𐌽𐍅𐌹𐌳𐍉 𐌿𐌽𐌷𐌿𐌻𐌸𐌹𐌽 𐌾𐌰𐌷 𐌰𐌲𐌲𐌹𐌻𐌿𐌼 𐌹𐍃."
Matthew,25,42,𐌿𐌽𐍄𐌴 𐌲𐍂𐌴𐌳𐌰𐌲𐍃 𐍅𐌰𐍃 𐌾𐌰𐌽~𐌽𐌹 𐌲𐌴𐌱𐌿𐌸 𐌼𐌹𐍃 𐌼𐌰𐍄𐌾𐌰𐌽; 𐌰𐍆𐌸𐌰𐌿𐍂𐍃𐌹𐌸𐍃 𐍅𐌰𐍃 𐌾𐌰𐌽~𐌽𐌹 𐌳𐍂𐌰𐌲𐌺𐌹𐌳𐌴𐌳𐌿𐌸 𐌼𐌹𐌺;
Matthew,25,43,𐌲𐌰𐍃𐍄𐍃 𐌾𐌰𐌽~𐌽𐌹 𐌲𐌰𐌻𐌰𐌸(𐍉𐌳𐌴)𐌳𐌿𐌸 𐌼𐌹𐌺; 𐌽𐌰𐌵𐌰𐌸𐍃 𐌾𐌰𐌽~𐌽𐌹 𐍅𐌰𐍃𐌹𐌳𐌴(𐌳𐌿𐌸) 𐌼𐌹𐌺; 𐍃𐌹𐌿𐌺𐍃 𐌾𐌰𐌷 𐌹𐌽 𐌺𐌰𐍂𐌺𐌰𐍂𐌰𐌹 𐌾𐌰𐌽~𐌽𐌹 𐌲𐌰𐍅𐌴𐌹𐍃𐍉𐌳𐌴𐌳𐌿𐌸 𐌼𐌴𐌹𐌽𐌰.
Matthew,25,44,"𐌸𐌰𐌽𐌿𐌷 𐌰𐌽𐌳𐌷𐌰𐍆𐌾𐌰𐌽𐌳 𐌾𐌰𐌷 𐌸𐌰𐌹 𐌵𐌹𐌸𐌰𐌽𐌳𐌰𐌽𐍃: 𐍆𐍂𐌰𐌿𐌾𐌰, 𐍈𐌰𐌽 𐌸𐌿𐌺 𐍃𐌴𐍈𐌿𐌼 𐌲𐍂𐌴𐌳𐌰𐌲𐌰𐌽𐌰 𐌰𐌹𐌸𐌸𐌰𐌿 𐌰𐍆𐌸𐌰𐌿𐍂𐍃𐌹𐌳𐌰𐌽𐌰 𐌰𐌹𐌸𐌸𐌰𐌿 𐌲𐌰𐍃𐍄 𐌰𐌹𐌸𐌸𐌰𐌿 𐌽𐌰𐌵𐌰𐌳𐌰𐌽𐌰 𐌰𐌹𐌸𐌸𐌰𐌿 𐍃𐌹𐌿𐌺𐌰𐌽𐌰 𐌰𐌹𐌸𐌸𐌰𐌿 𐌹𐌽 𐌺𐌰𐍂𐌺𐌰𐍂𐌰𐌹 𐌾𐌰𐌽~𐌽𐌹 𐌰𐌽𐌳𐌱𐌰𐌷𐍄𐌹𐌳𐌴𐌳𐌴𐌹𐌼𐌰 𐌸𐌿𐍃?"
Matthew,25,45,"𐌸𐌰𐌽𐌿𐌷 𐌰𐌽𐌳𐌷𐌰𐍆𐌾𐌹𐌸 𐌹𐌼 𐌵𐌹𐌸𐌰𐌽𐌳𐍃: 𐌰𐌼𐌴𐌽, 𐌵𐌹𐌸𐌰 𐌹𐌶𐍅𐌹𐍃, 𐌾𐌰𐌷 𐌸𐌰𐌽𐌴𐌹 𐌽𐌹 𐍄𐌰𐍅𐌹𐌳𐌴𐌳𐌿𐌸 𐌰𐌹𐌽𐌰𐌼𐌼𐌰 𐌸𐌹𐌶𐌴 𐌻𐌴𐌹𐍄𐌹𐌻𐌰𐌽𐌴, 𐌼𐌹𐍃 𐌽𐌹 𐍄𐌰𐍅𐌹𐌳𐌴𐌳𐌿𐌸."
Matthew,25,46,"𐌾𐌰𐌷 𐌲𐌰𐌻𐌴𐌹𐌸𐌰𐌽𐌳 𐌸𐌰𐌹 𐌹𐌽 𐌱𐌰𐌻𐍅𐌴𐌹𐌽 𐌰𐌹𐍅𐌴𐌹𐌽𐍉𐌽, 𐌹𐌸 𐌸𐌰𐌹 𐌲𐌰𐍂𐌰𐌹𐌷𐍄𐌰𐌽𐍃 𐌹𐌽 𐌻𐌹𐌱𐌰𐌹𐌽 𐌰𐌹𐍅𐌴𐌹𐌽𐍉𐌽."
Matthew,26,1,"𐌾𐌰𐌷 𐍅𐌰𐍂𐌸, 𐌱𐌹𐌸𐌴 𐌿𐍃𐍄𐌰𐌿𐌷 𐌹𐌴𐍃𐌿𐍃 𐌰𐌻𐌻𐌰 𐌸𐍉 𐍅𐌰𐌿𐍂𐌳𐌰, 𐌵𐌰𐌸 𐍃𐌹𐍀𐍉𐌽𐌾𐌰𐌼 𐍃𐌴𐌹𐌽(𐌰𐌹𐌼):"
Matthew,26,2,"𐍅𐌹𐍄𐌿𐌸 𐌸𐌰𐍄𐌴𐌹 𐌰𐍆𐌰𐍂 𐍄𐍅𐌰𐌽𐍃 𐌳𐌰𐌲𐌰𐌽𐍃 𐍀(𐌰𐍃𐌺𐌰) 𐍅𐌰𐌹𐍂𐌸𐌹𐌸, 𐌾𐌰𐍃~𐍃𐌰 𐍃𐌿𐌽𐌿𐍃 𐌼𐌰𐌽𐍃 𐌰𐍄𐌲(𐌹𐌱𐌰)𐌳𐌰 𐌳𐌿 𐌿𐍃𐌷𐍂𐌰𐌼𐌾𐌰𐌽."
Matthew,26,3,𐌸𐌰𐌽𐌿𐌷....
Matthew,26,4,
Matthew,26,5,
Matthew,26,6,
Matthew,26,7,
Matthew,26,8,
Matthew,26,9,
Matthew,26,10,
Matthew,26,11,
Matthew,26,12,
Matthew,26,13,
Matthew,26,14,
Matthew,26,15,
Matthew,26,16,
Matthew,26,17,
Matthew,26,18,
Matthew,26,19,
Matthew,26,20,
Matthew,26,21,
Matthew,26,22,
Matthew,26,23,
Matthew,26,24,
Matthew,26,25,
Matthew,26,26,
Matthew,26,27,
Matthew,26,28,
Matthew,26,29,
Matthew,26,30,
Matthew,26,31,
Matthew,26,32,
Matthew,26,33,
Matthew,26,34,
Matthew,26,35,
Matthew,26,36,
Matthew,26,37,
Matthew,26,38,
Matthew,26,39,
Matthew,26,40,
Matthew,26,41,
Matthew,26,42,
Matthew,26,43,
Matthew,26,44,
Matthew,26,45,
Matthew,26,46,
Matthew,26,47,
Matthew,26,48,
Matthew,26,49,
Matthew,26,50,
Matthew,26,51,
Matthew,26,52,
Matthew,26,53,
Matthew,26,54,
Matthew,26,55,
Matthew,26,56,
Matthew,26,57,
Matthew,26,58,
Matthew,26,59,
Matthew,26,60,
Matthew,26,61,
Matthew,26,62,
Matthew,26,63,
Matthew,26,64,
Matthew,26,65,".... 𐌸𐌰𐌿𐍂𐌱𐌿𐌼 𐍅𐌴𐌹𐍄𐍅𐍉𐌳𐌴? 𐍃𐌰𐌹, 𐌽𐌿 𐌲𐌰𐌷𐌰𐌿𐍃𐌹𐌳𐌴𐌳𐌿𐌸 𐌸𐍉 𐍅𐌰𐌾𐌰𐌼𐌴𐍂𐌴𐌹𐌽 𐌹𐍃."
Matthew,26,66,𐍈𐌰 𐌹𐌶𐍅𐌹𐍃 𐌸𐌿𐌲𐌺𐌴𐌹𐌸? 𐌹𐌸 𐌴𐌹𐍃 𐌰𐌽𐌳𐌷𐌰𐍆𐌾𐌰𐌽𐌳𐌰𐌽𐍃 𐌵𐌴𐌸𐌿𐌽: 𐍃𐌺𐌿𐌻𐌰 𐌳𐌰𐌿𐌸𐌰𐌿𐍃 𐌹𐍃𐍄.
Matthew,26,67,𐌸𐌰𐌽𐌿𐌷 𐍃𐍀𐌹𐍅𐌿𐌽 𐌰𐌽𐌰 𐌰𐌽𐌳𐌰𐍅𐌻𐌴𐌹𐌶𐌽 𐌹𐍃 𐌾𐌰𐌷 𐌺𐌰𐌿𐍀𐌰𐍃𐍄𐌴𐌳𐌿𐌽 𐌹𐌽𐌰; 𐍃𐌿𐌼𐌰𐌹𐌸~𐌸𐌰𐌽 𐌻𐍉𐍆𐌰𐌼 𐍃𐌻𐍉𐌷𐌿𐌽
Matthew,26,68,"𐌵𐌹𐌸𐌰𐌽𐌳𐌰𐌽𐍃: 𐍀𐍂𐌰𐌿𐍆𐌴𐍄𐌴𐌹 𐌿𐌽𐍃𐌹𐍃, 𐍇𐍂𐌹𐍃𐍄𐌿, 𐍈𐌰𐍃 𐌹𐍃𐍄 𐍃𐌰 𐍃𐌻𐌰𐌷𐌰𐌽𐌳𐍃 𐌸𐌿𐌺?"
Matthew,26,69,"𐌹𐌸 𐍀𐌰𐌹𐍄𐍂𐌿𐍃 𐌿𐍄𐌰 𐍃𐌰𐍄 𐌰𐌽𐌰 𐍂𐍉𐌷𐍃𐌽𐌰𐌹, 𐌾𐌰𐌷 𐌳𐌿𐌰𐍄𐌹𐌳𐌳𐌾𐌰 𐌹𐌼𐌼𐌰 𐌰𐌹𐌽𐌰 𐌸𐌹𐍅𐌹 𐌵𐌹𐌸𐌰𐌽𐌳𐌴𐌹: 𐌾𐌰𐌷 𐌸𐌿 𐍅𐌰𐍃𐍄 𐌼𐌹𐌸 𐌹𐌴𐍃𐌿𐌰 𐌸𐌰𐌼𐌼𐌰 𐌲𐌰𐌻𐌴𐌹𐌻𐌰𐌹𐌰𐌿."
Matthew,26,70,.... 𐍈𐌰 𐌵𐌹𐌸𐌹𐍃. 𐌹𐌸 𐌹𐍃 𐌻𐌰𐌿𐌲𐌽𐌹𐌳𐌰 𐍆𐌰𐌿𐍂𐌰 𐌸𐌰𐌹𐌼 𐌰𐌻𐌻𐌰𐌹𐌼 𐌵𐌹𐌸𐌰𐌽𐌳𐍃: 𐌽𐌹 𐍅𐌰𐌹𐍄 𐍈𐌰 𐌵𐌹𐌸𐌹𐍃.
Matthew,26,71,"𐌿𐍃𐌲𐌰𐌲𐌲𐌰𐌽𐌳𐌰𐌽 𐌸𐌰𐌽 𐌹𐌽𐌰 𐌹𐌽 𐌳𐌰𐌿𐍂, 𐌲𐌰𐍃𐌰𐍈 𐌹𐌽𐌰 𐌰𐌽𐌸𐌰𐍂𐌰 𐌾𐌰𐌷 𐌵𐌰𐌸 𐌳𐌿 𐌸𐌰𐌹𐌼 𐌾𐌰𐌹𐌽𐌰𐍂: 𐌾𐌰𐌷 𐍃𐌰 𐍅𐌰𐍃 𐌼𐌹𐌸 𐌹𐌴𐍃𐌿𐌰 𐌸𐌰𐌼𐌼𐌰 𐌽𐌰𐌶𐍉𐍂𐌰𐌹𐌰𐌿. 𐌿𐍃𐌲𐌰𐌲𐌲𐌰𐌽𐌳𐌰𐌽 𐌸𐌰𐌽 𐌹𐌽𐌰 𐌹𐌽 𐌳𐌰𐌿𐍂, 𐌲𐌰𐍃𐌰𐍈 𐌹𐌽𐌰 𐌰𐌽𐌸𐌰𐍂𐌰 𐌾𐌰𐌷 𐌵𐌰𐌸 𐌳𐌿 𐌸𐌰𐌹𐌼 𐌾𐌰𐌹𐌽𐌰𐍂: 𐌾𐌰𐍃~𐍃𐌰 𐍅𐌰𐍃 𐌼𐌹𐌸 𐌹𐌴𐍃𐌿𐌰 𐌸𐌰𐌼𐌼𐌰 𐌽𐌰𐌶𐍉𐍂𐌰𐌹𐌰𐌿."
Matthew,26,72,𐌾𐌰𐌷 𐌰𐍆𐍄𐍂𐌰 𐌰𐍆𐌰𐌹𐌰𐌹𐌺 𐌼𐌹𐌸 𐌰𐌹𐌸𐌰 𐍃𐍅𐌰𐍂𐌰𐌽𐌳𐍃 𐌸𐌰𐍄𐌴𐌹 𐌽𐌹 𐌺𐌰𐌽𐌽 𐌸𐌰𐌽𐌰 𐌼𐌰𐌽𐌽𐌰𐌽. 𐌾𐌰𐌷 𐌰𐍆𐍄𐍂𐌰 𐌻𐌰𐌿𐌲𐌽𐌹𐌳𐌰 𐌼𐌹𐌸 𐌰𐌹𐌸𐌰 𐍃𐍅𐌰𐍂𐌰𐌽𐌳𐍃 𐌸𐌰𐍄𐌴𐌹 𐌽𐌹 𐌺𐌰𐌽𐌽 𐌸𐌰𐌽𐌰 𐌼𐌰𐌽𐌽𐌰𐌽.
Matthew,26,73,"𐌰𐍆𐌰𐍂 𐌻𐌴𐌹𐍄𐌹𐌻 𐌸𐌰𐌽 𐌰𐍄𐌲𐌰𐌲𐌲𐌰𐌽𐌳𐌰𐌽𐍃 𐌸𐌰𐌹 𐍃𐍄𐌰𐌽𐌳𐌰𐌽𐌳𐌰𐌽𐍃 𐌵𐌴𐌸𐌿𐌽 𐍀𐌰𐌹𐍄𐍂𐌰𐌿: 𐌱𐌹 𐍃𐌿𐌽𐌾𐌰𐌹, 𐌾𐌰𐌷 𐌸𐌿 𐌸𐌹𐌶𐌴 𐌹𐍃; 𐌾𐌰𐌷 𐌰𐌿𐌺 𐍂𐌰𐌶𐌳𐌰 𐌸𐌴𐌹𐌽𐌰 𐌱𐌰𐌽𐌳𐍅𐌴𐌹𐌸 𐌸𐌿𐌺. 𐌰𐍆𐌰𐍂 𐌻𐌴𐌹𐍄𐌹𐌻 𐌸𐌰𐌽 𐌰𐍄𐌲𐌰𐌲𐌲𐌰𐌽𐌳𐌰𐌽𐍃 𐌸𐌰𐌹 𐍃𐍄𐌰𐌽𐌳𐌰𐌽𐍃 𐌵𐌴𐌸𐌿𐌽 𐍀𐌰𐌹𐍄𐍂𐌰𐌿: 𐌱𐌹 𐍃𐌿𐌽𐌾𐌰𐌹, 𐌾𐌰𐌷 𐌸𐌿 𐌸𐌹𐌶𐌴 𐌹𐍃; 𐌾𐌰𐌷 𐌰𐌿𐌺 𐍂𐌰𐌶𐌳𐌰 𐌸𐌴𐌹𐌽𐌰 𐌱𐌰𐌽𐌳𐍅𐌴𐌹𐌸 𐌸𐌿𐌺."
Matthew,26,74,𐌸𐌰𐌽𐌿𐌷 𐌳𐌿𐌲𐌰𐌽𐌽 𐌰𐍆𐌳𐍉𐌼𐌾𐌰𐌽 𐌾𐌰𐌷 𐍃𐍅𐌰𐍂𐌰𐌽 𐌸𐌰𐍄𐌴𐌹 𐌽𐌹 𐌺𐌰𐌽𐌽 𐌸𐌰𐌽𐌰 𐌼𐌰𐌽𐌽𐌰𐌽. 𐌾𐌰𐌷 𐍃𐌿𐌽𐍃 𐌷𐌰𐌽𐌰 𐌷𐍂𐌿𐌺𐌹𐌳𐌰. 𐌸𐌰𐌽𐌿𐌷 𐌳𐌿𐌲𐌰𐌽𐌽 𐌰𐍆𐌳𐍉𐌼𐌾𐌰𐌽 𐌾𐌰𐌷 𐍃𐍅𐌰𐍂𐌰𐌽 𐌸𐌰𐍄𐌴𐌹 𐌽𐌹 𐌺𐌰𐌽𐌽 𐌸𐌰𐌽𐌰 𐌼𐌰𐌽𐌽𐌰𐌽. 𐌾𐌰𐌷 𐍃𐌿𐌽𐍃 𐌷𐌰𐌽𐌰 𐌷𐍂𐌿𐌺𐌹𐌳𐌰.
Matthew,26,75,𐌾𐌰𐌷 𐌲𐌰𐌼𐌿𐌽𐌳𐌰 𐍀𐌰𐌹𐍄𐍂𐌿𐍃 𐍅𐌰𐌿𐍂𐌳𐌹𐍃 𐌹𐌴𐍃𐌿𐌹𐍃 𐌵𐌹𐌸𐌰𐌽𐌹𐍃 𐌳𐌿 𐍃𐌹𐍃: 𐌸𐌰𐍄𐌴𐌹 𐍆𐌰𐌿𐍂 𐌷𐌰𐌽𐌹𐌽𐍃 𐌷𐍂𐌿𐌺 𐌸𐍂𐌹𐌼 𐍃𐌹𐌽𐌸𐌰𐌼 𐌰𐍆𐌰𐌹𐌺𐌹𐍃 𐌼𐌹𐌺. 𐌾𐌰𐌷 𐌿𐍃𐌲𐌰𐌲𐌲𐌰𐌽𐌳𐍃 𐌿𐍄 𐌲𐌰𐌹𐌲𐍂𐍉𐍄 𐌱𐌰𐌹𐍄𐍂𐌰𐌱𐌰. 𐌾𐌰𐌷 𐌲𐌰𐌼𐌿𐌽𐌳𐌰 𐍀𐌰𐌹𐍄𐍂𐌿𐍃 𐍅𐌰𐌿𐍂𐌳𐌹𐍃 𐌹𐌴𐍃𐌿𐌹𐍃 𐌵𐌹𐌸𐌰𐌽𐌹𐍃 𐌳𐌿 𐍃𐌹𐍃: 𐌸𐌰𐍄𐌴𐌹 𐍆𐌰𐌿𐍂 𐌷𐌰𐌽𐌹𐌽𐍃 𐌷𐍂𐌿𐌺 𐌸𐍂𐌹𐌼 𐍃𐌹𐌽𐌸𐌰𐌼 𐌹𐌽𐍅𐌹𐌳𐌹𐍃 𐌼𐌹𐌺. 𐌾𐌰𐌷 𐌿𐍃𐌲𐌰𐌲𐌲𐌰𐌽𐌳𐍃 𐌿𐍄 𐌲𐌰𐌹𐌲𐍂𐍉𐍄 𐌱𐌰𐌹𐍄𐍂𐌰𐌱𐌰.
Matthew,27,1,"𐌰𐍄 𐌼𐌰𐌿𐍂𐌲𐌹𐌽 𐌸𐌰𐌽 𐍅𐌰𐌿𐍂𐌸𐌰𐌽𐌰𐌽𐌰, 𐍂𐌿𐌽𐌰 𐌽𐌴𐌼𐌿𐌽 𐌰𐌻𐌻𐌰𐌹 𐌲𐌿𐌳𐌾𐌰𐌽𐍃 𐌾𐌰𐌷 𐌸𐌰𐌹 𐍃𐌹𐌽𐌹𐍃𐍄𐌰𐌽𐍃 𐌼𐌰𐌽𐌰𐌲𐌴𐌹𐌽𐍃 𐌱𐌹 𐌹𐌴𐍃𐌿, 𐌴𐌹 𐌰𐍆𐌳𐌰𐌿𐌸𐌹𐌳𐌴𐌳𐌴𐌹𐌽𐌰 𐌹𐌽𐌰. 𐌰𐍄 𐌼𐌰𐌿𐍂𐌲𐌹𐌽 𐌸𐌰𐌽 𐍅𐌰𐌿𐍂𐌸𐌰𐌽𐌰𐌽𐌰, 𐌲𐌰𐍂𐌿𐌽𐌹 𐌽𐌴𐌼𐌿𐌽 𐌰𐌻𐌻𐌰𐌹 𐌸𐌰𐌹 𐌲𐌿𐌳𐌾𐌰𐌽𐍃 𐌾𐌰𐌷 𐌸𐌰𐌹...."
Matthew,27,2,𐌾𐌰𐌷 𐌲𐌰𐌱𐌹𐌽𐌳𐌰𐌽𐌳𐌰𐌽𐍃 𐌹𐌽𐌰 𐌲𐌰𐍄𐌰𐌿𐌷𐌿𐌽 𐌾𐌰𐌷 𐌰𐌽𐌰𐍆𐌿𐌻𐌷𐌿𐌽 𐌹𐌽𐌰 𐍀𐌰𐌿𐌽𐍄𐌹𐌰𐌿 𐍀𐌴𐌹𐌻𐌰𐍄𐌰𐌿 𐌺𐌹𐌽𐌳𐌹𐌽𐌰.
Matthew,27,3,"𐌸𐌰𐌽𐌿𐌷 𐌲𐌰𐍃𐌰𐌹𐍈𐌰𐌽𐌳𐍃 𐌹𐌿𐌳𐌰𐍃 𐍃𐌰 𐌲𐌰𐌻𐌴𐍅𐌾𐌰𐌽𐌳𐍃 𐌹𐌽𐌰 𐌸𐌰𐍄𐌴𐌹 𐌳𐌿 𐍃𐍄𐌰𐌿𐌰𐌹 𐌲𐌰𐍄𐌰𐌿𐌷𐌰𐌽𐍃 𐍅𐌰𐍂𐌸, 𐌹𐌳𐍂𐌴𐌹𐌲𐍉𐌽𐌳𐍃 𐌲𐌰𐍅𐌰𐌽𐌳𐌹𐌳𐌰 𐌸𐌰𐌽𐍃 𐌸𐍂𐌹𐌽𐍃 𐍄𐌹𐌲𐌿𐌽𐍃 𐍃𐌹𐌻𐌿𐌱𐍂𐌹𐌽𐌰𐌹𐌶𐌴 𐌲𐌿𐌳𐌾𐌰𐌼 𐌾𐌰𐌷 𐍃𐌹𐌽𐌹𐍃𐍄𐌰𐌼"
Matthew,27,4,𐌵𐌹𐌸𐌰𐌽𐌳𐍃: 𐍆𐍂𐌰𐍅𐌰𐌿𐍂𐌷𐍄𐌰 𐌼𐌹𐍃 𐌲𐌰𐌻𐌴𐍅𐌾𐌰𐌽𐌳𐍃 𐌱𐌻𐍉𐌸 𐍃𐍅𐌹𐌺𐌽. 𐌹𐌸 𐌴𐌹𐍃 𐌵𐌴𐌸𐌿𐌽: 𐍈𐌰 𐌺𐌰𐍂𐌰 𐌿𐌽𐍃𐌹𐍃? 𐌸𐌿 𐍅𐌹𐍄𐌴𐌹𐍃.
Matthew,27,5,"𐌾𐌰𐌷 𐌰𐍄𐍅𐌰𐌹𐍂𐍀𐌰𐌽𐌳𐍃 𐌸𐌰𐌹𐌼 𐍃𐌹𐌻𐌿𐌱𐍂𐌰𐌼 𐌹𐌽 𐌰𐌻𐌷 𐌰𐍆𐌻𐌰𐌹𐌸, 𐌾𐌰𐌷 𐌲𐌰𐌻𐌴𐌹𐌸𐌰𐌽𐌳𐍃 𐌿𐍃𐌷𐌰𐌹𐌷𐌰𐌷 𐍃𐌹𐌺."
Matthew,27,6,"𐌹𐌸 𐌸𐌰𐌹 𐌲𐌿𐌳𐌾𐌰𐌽𐍃 𐌽𐌹𐌼𐌰𐌽𐌳𐌰𐌽𐍃 𐌸𐌰𐌽𐍃 𐍃𐌺𐌰𐍄𐍄𐌰𐌽𐍃 𐌵𐌴𐌸𐌿𐌽: 𐌽𐌹 𐍃𐌺𐌿𐌻𐌳 𐌹𐍃𐍄 𐌻𐌰𐌲𐌾𐌰𐌽 𐌸𐌰𐌽𐍃 𐌹𐌽 𐌺𐌰𐌿𐍂𐌱𐌰𐌿𐌽𐌰𐌽, 𐌿𐌽𐍄𐌴 𐌰𐌽𐌳𐌰𐍅𐌰𐌹𐍂𐌸𐌹 𐌱𐌻𐍉𐌸𐌹𐍃 𐌹𐍃𐍄."
Matthew,27,7,"𐌲𐌰𐍂𐌿𐌽𐌹 𐌸𐌰𐌽 𐌽𐌹𐌼𐌰𐌽𐌳𐌰𐌽𐍃 𐌿𐍃𐌱𐌰𐌿𐌷𐍄𐌴𐌳𐌿𐌽 𐌿𐍃 𐌸𐌰𐌹𐌼 𐌸𐌰𐌽𐌰 𐌰𐌺𐍂 𐌺𐌰𐍃𐌾𐌹𐌽𐍃, 𐌳𐌿 𐌿𐍃𐍆𐌹𐌻𐌷𐌰𐌽 𐌰𐌽𐌰 𐌲𐌰𐍃𐍄𐌹𐌼."
Matthew,27,8,𐌳𐌿𐌸𐌸𐌴 𐌷𐌰𐌹𐍄𐌰𐌽𐍃 𐍅𐌰𐍂𐌸 𐌰𐌺𐍂𐍃 𐌾𐌰𐌹𐌽𐍃 𐌰𐌺𐍂𐍃 𐌱𐌻𐍉𐌸𐌹𐍃 𐌿𐌽𐌳 𐌷𐌹𐌽𐌰 𐌳𐌰𐌲.
Matthew,27,9,"𐌸𐌰𐌽𐌿𐌷 𐌿𐍃𐍆𐌿𐌻𐌻𐌽𐍉𐌳𐌰 𐌸𐌰𐍄𐌰 𐌵𐌹𐌸𐌰𐌽𐍉 𐌸𐌰𐌹𐍂𐌷 𐌹𐌰𐌹𐍂𐌰𐌹𐌼𐌹𐌰𐌽 𐍀𐍂𐌰𐌿𐍆𐌴𐍄𐌿 𐌵𐌹𐌸𐌰𐌽𐌳𐌰𐌽: 𐌾𐌰𐌷 𐌿𐍃𐌽𐌴𐌼𐌿𐌽 𐌸𐍂𐌹𐌽𐍃 𐍄𐌹𐌲𐌿𐌽𐍃 𐍃𐌹𐌻𐌿𐌱𐍂𐌴𐌹𐌽𐌰𐌹𐌶𐌴 𐌰𐌽𐌳𐌰𐍅𐌰𐌹𐍂𐌸𐌹 𐌸𐌹𐍃 𐍅𐌰𐌹𐍂𐌸𐍉𐌳𐌹𐌽𐍃, 𐌸𐌰𐍄𐌴𐌹 𐌲𐌰𐍂𐌰𐌷𐌽𐌹𐌳𐌴𐌳𐌿𐌽 𐍆𐍂𐌰𐌼 𐍃𐌿𐌽𐌿𐌼 𐌹𐍃𐍂𐌰𐌴𐌻𐌹𐍃,"
Matthew,27,10,"𐌾𐌰𐌷 𐌰𐍄𐌲𐌴𐌱𐌿𐌽 𐌹𐌽𐍃 𐌿𐌽𐌳 𐌰𐌺𐍂𐌰 𐌺𐌰𐍃𐌾𐌹𐌽𐍃, 𐍃𐍅𐌰𐍃𐍅𐌴 𐌰𐌽𐌰𐌱𐌰𐌿𐌸 𐌼𐌹𐍃 𐍆𐍂𐌰𐌿𐌾𐌰."
Matthew,27,11,"𐌹𐌸 𐌹𐌴𐍃𐌿𐍃 𐍃𐍄𐍉𐌸 𐍆𐌰𐌿𐍂𐌰 𐌺𐌹𐌽𐌳𐌹𐌽𐌰, 𐌾𐌰𐌷 𐍆𐍂𐌰𐌷 𐌹𐌽𐌰 𐍃𐌰 𐌺𐌹𐌽𐌳𐌹𐌽𐍃 𐌵𐌹𐌸𐌰𐌽𐌳𐍃: 𐌸𐌿 𐌹𐍃 𐌸𐌹𐌿𐌳𐌰𐌽𐍃 𐌹𐌿𐌳𐌰𐌹𐌴? 𐌹𐌸 𐌹𐌴𐍃𐌿𐍃 𐌵𐌰𐌸 𐌳𐌿 𐌹𐌼𐌼𐌰: 𐌸𐌿 𐌵𐌹𐌸𐌹𐍃."
Matthew,27,12,"𐌾𐌰𐌷 𐌼𐌹𐌸𐌸𐌰𐌽𐌴𐌹 𐍅𐍂𐍉𐌷𐌹𐌸𐍃 𐍅𐌰𐍃 𐍆𐍂𐌰𐌼 𐌸𐌰𐌹𐌼 𐌲𐌿𐌳𐌾𐌰𐌼 𐌾𐌰𐌷 𐍃𐌹𐌽𐌹𐍃𐍄𐌰𐌼, 𐌽𐌹 𐍅𐌰𐌹𐌷𐍄 𐌰𐌽𐌳𐌷𐍉𐍆."
Matthew,27,13,𐌸𐌰𐌽𐌿𐌷 𐌵𐌰𐌸 𐌳𐌿 𐌹𐌼𐌼𐌰 𐍀𐌴𐌹𐌻𐌰𐍄𐌿𐍃: 𐌽𐌹𐌿 𐌷𐌰𐌿𐍃𐌴𐌹𐍃 𐍈𐌰𐌽 𐍆𐌹𐌻𐌿 𐌰𐌽𐌰 𐌸𐌿𐌺 𐍅𐌴𐌹𐍄𐍅𐍉𐌳𐌾𐌰𐌽𐌳?
Matthew,27,14,"𐌾𐌰𐌷 𐌽𐌹 𐌰𐌽𐌳𐌷𐍉𐍆 𐌹𐌼𐌼𐌰 𐍅𐌹𐌸𐍂𐌰 𐌽𐌹 𐌰𐌹𐌽𐌷𐌿𐌽 𐍅𐌰𐌿𐍂𐌳𐌴, 𐍃𐍅𐌰𐍃𐍅𐌴 𐍃𐌹𐌻𐌳𐌰𐌻𐌴𐌹𐌺𐌹𐌳𐌰 𐍃𐌰 𐌺𐌹𐌽𐌳𐌹𐌽𐍃 𐍆𐌹𐌻𐌿."
Matthew,27,15,"𐌰𐌽𐌳 𐌳𐌿𐌻𐌸 𐌸𐌰𐌽 𐍈𐌰𐍂𐌾𐍉𐌷 𐌱𐌹𐌿𐌷𐍄𐍃 𐍅𐌰𐍃 𐍃𐌰 𐌺𐌹𐌽𐌳𐌹𐌽𐍃 𐍆𐍂𐌰𐌻𐌴𐍄𐌰𐌽 𐌰𐌹𐌽𐌰𐌽𐌰 𐌸𐌹𐌶𐌰𐌹 𐌼𐌰𐌽𐌰𐌲𐌴𐌹𐌽 𐌱𐌰𐌽𐌳𐌾𐌰𐌽, 𐌸𐌰𐌽𐌴𐌹 𐍅𐌹𐌻𐌳𐌴𐌳𐌿𐌽."
Matthew,27,16,𐌷𐌰𐌱𐌰𐌹𐌳𐌴𐌳𐌿𐌽𐌿𐌷 𐌸𐌰𐌽 𐌱𐌰𐌽𐌳𐌾𐌰𐌽 𐌲𐌰𐍄𐌰𐍂𐌷𐌹𐌳𐌰𐌽𐌰 𐌱𐌰𐍂𐌰𐌱𐌱𐌰𐌽.
Matthew,27,17,"𐌲𐌰𐌵𐌿𐌼𐌰𐌽𐌰𐌹𐌼 𐌸𐌰𐌽 𐌹𐌼, 𐌵𐌰𐌸 𐌹𐌼 𐍀𐌴𐌹𐌻𐌰𐍄𐌿𐍃: 𐍈𐌰𐌽𐌰 𐍅𐌹𐌻𐌴𐌹𐌸 𐌴𐌹 𐍆𐍂𐌰𐌻𐌴𐍄𐌰𐌿 𐌹𐌶𐍅𐌹𐍃? 𐌱𐌰𐍂𐌰𐌱𐌱𐌰𐌽 𐌸𐌰𐌿 𐌹𐌴𐍃𐌿, 𐍃𐌰𐌴𐌹 𐌷𐌰𐌹𐍄𐌰𐌳𐌰 𐍇𐍂𐌹𐍃𐍄𐌿𐍃?"
Matthew,27,18,𐍅𐌹𐍃𐍃𐌰 𐌰𐌿𐌺 𐌸𐌰𐍄𐌴𐌹 𐌹𐌽 𐌽𐌴𐌹𐌸𐌹𐍃 𐌰𐍄𐌲𐌴𐌱𐌿𐌽 𐌹𐌽𐌰.
Matthew,27,19,"𐍃𐌹𐍄𐌰𐌽𐌳𐌹𐌽 𐌸𐌰𐌽 𐌹𐌼𐌼𐌰 𐌰𐌽𐌰 𐍃𐍄𐌰𐌿𐌰𐍃𐍄𐍉𐌻𐌰, 𐌹𐌽𐍃𐌰𐌽𐌳𐌹𐌳𐌰 𐌳𐌿 𐌹𐌼𐌼𐌰 𐌵𐌴𐌽𐍃 𐌹𐍃 𐌵𐌹𐌸𐌰𐌽𐌳𐌴𐌹: 𐌽𐌹 𐍅𐌰𐌹𐌷𐍄 𐌸𐌿𐍃 𐌾𐌰𐌷 𐌸𐌰𐌼𐌼𐌰 𐌲𐌰𐍂𐌰𐌹𐌷𐍄𐌹𐌽...."
Matthew,27,20,
Matthew,27,21,
Matthew,27,22,
Matthew,27,23,
Matthew,27,24,
Matthew,27,25,
Matthew,27,26,
Matthew,27,27,
Matthew,27,28,
Matthew,27,29,
Matthew,27,30,
Matthew,27,31,
Matthew,27,32,
Matthew,27,33,
Matthew,27,34,
Matthew,27,35,
Matthew,27,36,
Matthew,27,37,
Matthew,27,38,
Matthew,27,39,
Matthew,27,40,
Matthew,27,41,
Matthew,27,42,".... 𐌹𐍃𐍂𐌰𐌴𐌻𐌹𐍃 𐌹𐍃𐍄, 𐌰𐍄𐍃𐍄𐌴𐌹𐌲𐌰𐌳𐌰𐌿 𐌽𐌿 𐌰𐍆 𐌸𐌰𐌼𐌼𐌰 𐌲𐌰𐌻𐌲𐌹𐌽 [𐌴𐌹 𐌲𐌰𐍃𐌰𐌹𐍈𐌰𐌹𐌼𐌰] 𐌾𐌰𐌷 𐌲𐌰𐌻𐌰𐌿𐌱𐌾𐌰𐌼 𐌹𐌼𐌼𐌰."
Matthew,27,43,"𐍄𐍂𐌰𐌿𐌰𐌹𐌳𐌰 𐌳𐌿 𐌲𐌿𐌳𐌰; 𐌻𐌰𐌿𐍃𐌾𐌰𐌳𐌰𐌿 𐌽𐌿 𐌹𐌽𐌰, 𐌾𐌰𐌱𐌰𐌹 𐍅𐌹𐌻𐌹 𐌹𐌽𐌰; 𐌵𐌰𐌸 𐌰𐌿𐌺 𐌸𐌰𐍄𐌴𐌹 𐌲𐌿𐌳𐌹𐍃 𐌹𐌼 𐍃𐌿𐌽𐌿𐍃."
Matthew,27,44,𐌸𐌰𐍄𐌿𐌷 𐍃𐌰𐌼𐍉 𐌾𐌰𐌷 𐌸𐌰𐌹 𐍅𐌰𐌹𐌳𐌴𐌳𐌾𐌰𐌽𐍃 𐌸𐌰𐌹 𐌼𐌹𐌸𐌿𐍃𐌷𐍂𐌰𐌼𐌹𐌳𐌰𐌽𐍃 𐌹𐌼𐌼𐌰 𐌹𐌳𐍅𐌴𐌹𐍄𐌹𐌳𐌴𐌳𐌿𐌽 𐌹𐌼𐌼𐌰.
Matthew,27,45,𐍆𐍂𐌰𐌼 𐍃𐌰𐌹𐌷𐍃𐍄𐍉𐌽 𐌸𐌰𐌽 𐍈𐌴𐌹𐌻𐌰𐌹 𐍅𐌰𐍂𐌸 𐍂𐌹𐌵𐌹𐍃 𐌿𐍆𐌰𐍂 𐌰𐌻𐌻𐌰𐌹 𐌰𐌹𐍂𐌸𐌰𐌹 𐌿𐌽𐌳 𐍈𐌴𐌹𐌻𐌰 𐌽𐌹𐌿𐌽𐌳𐍉𐌽.
Matthew,27,46,"𐌹𐌸 𐌸𐌰𐌽 𐌱𐌹 𐍈𐌴𐌹𐌻𐌰 𐌽𐌹𐌿𐌽𐌳𐍉𐌽 𐌿𐍆𐌷𐍂𐍉𐍀𐌹𐌳𐌰 𐌹𐌴𐍃𐌿𐍃 𐍃𐍄𐌹𐌱𐌽𐌰𐌹 𐌼𐌹𐌺𐌹𐌻𐌰𐌹 𐌵𐌹𐌸𐌰𐌽𐌳𐍃: 𐌷𐌴𐌻𐌴𐌹, 𐌷𐌴𐌻𐌴𐌹, 𐌻𐌹𐌼𐌰 𐍃𐌹𐌱𐌰𐌺𐌸𐌰𐌽𐌹, 𐌸𐌰𐍄𐌴𐌹 𐌹𐍃𐍄: 𐌲𐌿𐌸 𐌼𐌴𐌹𐌽𐍃, 𐌲𐌿𐌸 𐌼𐌴𐌹𐌽𐍃, 𐌳𐌿𐍈𐌴 𐌼𐌹𐍃 𐌱𐌹𐌻𐌰𐌹𐍃𐍄?"
Matthew,27,47,𐌹𐌸 𐍃𐌿𐌼𐌰𐌹 𐌸𐌹𐌶𐌴 𐌾𐌰𐌹𐌽𐌰𐍂 𐍃𐍄𐌰𐌽𐌳𐌰𐌽𐌳𐌰𐌽𐌴 𐌲𐌰𐌷𐌰𐌿𐍃𐌾𐌰𐌽𐌳𐌰𐌽𐍃 𐌵𐌴𐌸𐌿𐌽 𐌸𐌰𐍄𐌴𐌹 𐌷𐌴𐌻𐌹𐌰𐌽 𐍅𐍉𐍀𐌴𐌹𐌸 𐍃𐌰.
Matthew,27,48,"𐌾𐌰𐌷 𐍃𐌿𐌽𐍃 𐌸𐍂𐌰𐌲𐌹𐌳𐌰 𐌰𐌹𐌽𐍃 𐌿𐍃 𐌹𐌼 𐌾𐌰𐌷 𐌽𐌰𐌼 𐍃𐍅𐌰𐌼𐌼 𐍆𐌿𐌻𐌻𐌾𐌰𐌽𐌳𐍃 𐌰𐌺𐌴𐍄𐌹𐍃, 𐌾𐌰𐌷 𐌻𐌰𐌲𐌾𐌰𐌽𐌳𐍃 𐌰𐌽𐌰 𐍂𐌰𐌿𐍃 𐌳𐍂𐌰𐌲𐌲𐌺𐌹𐌳𐌰 𐌹𐌽𐌰."
Matthew,27,49,"𐌹𐌸 𐌸𐌰𐌹 𐌰𐌽𐌸𐌰𐍂𐌰𐌹 𐌵𐌴𐌸𐌿𐌽: 𐌻𐌴𐍄, 𐌴𐌹 𐍃𐌰𐌹𐍈𐌰𐌼, 𐌵𐌹𐌼𐌰𐌹𐌿 𐌷𐌴𐌻𐌹𐌰𐍃 𐌽𐌰𐍃𐌾𐌰𐌽 𐌹𐌽𐌰."
Matthew,27,50,𐌹𐌸 𐌹𐌴𐍃𐌿𐍃 𐌰𐍆𐍄𐍂𐌰 𐌷𐍂𐍉𐍀𐌾𐌰𐌽𐌳𐍃 𐍃𐍄𐌹𐌱𐌽𐌰𐌹 𐌼𐌹𐌺𐌹𐌻𐌰𐌹 𐌰𐍆𐌻𐌰𐌹𐌻𐍉𐍄 𐌰𐌷𐌼𐌰𐌽.
Matthew,27,51,"𐌾𐌰𐌷 𐌸𐌰𐌽 𐍆𐌰𐌿𐍂𐌷𐌰𐌷 𐌰𐌻𐌷𐍃 𐌳𐌹𐍃𐌺𐍂𐌹𐍄𐌽𐍉𐌳𐌰 𐌹𐌽 𐍄𐍅𐌰, 𐌹𐌿𐍀𐌰𐌸𐍂𐍉 𐌿𐌽𐌳 𐌳𐌰𐌻𐌰𐌸, 𐌾𐌰𐌷 𐌰𐌹𐍂𐌸𐌰 𐌹𐌽𐍂𐌴𐌹𐍂𐌰𐌹𐌳𐌰, 𐌾𐌰𐌷 𐍃𐍄𐌰𐌹𐌽𐍉𐍃 𐌳𐌹𐍃𐍃𐌺𐍂𐌹𐍄𐌽𐍉𐌳𐌴𐌳𐌿𐌽,"
Matthew,27,52,"𐌾𐌰𐌷 𐌷𐌻𐌰𐌹𐍅𐌰𐍃𐌽𐍉𐍃 𐌿𐍃𐌻𐌿𐌺𐌽𐍉𐌳𐌴𐌳𐌿𐌽, 𐌾𐌰𐌷 𐌼𐌰𐌽𐌰𐌲𐌰 𐌻𐌴𐌹𐌺𐌰 𐌸𐌹𐌶𐌴 𐌻𐌹𐌲𐌰𐌽𐌳𐌰𐌽𐌴 𐍅𐌴𐌹𐌷𐌰𐌹𐌶𐌴 𐌿𐍂𐍂𐌹𐍃𐌿𐌽."
Matthew,27,53,𐌾𐌰𐌷 𐌿𐍃𐌲𐌰𐌲𐌲𐌰𐌽𐌳𐌰𐌽𐍃 𐌿𐍃 𐌷𐌻𐌰𐌹𐍅𐌰𐍃𐌽𐍉𐌼 𐌰𐍆𐌰𐍂 𐌿𐍂𐍂𐌹𐍃𐍄 𐌹𐍃 𐌹𐌽𐌽𐌰𐍄𐌲𐌰𐌲𐌲𐌰𐌽𐌳𐌰𐌽𐍃 𐌹𐌽 𐌸𐍉 𐍅𐌴𐌹𐌷𐍉𐌽 𐌱𐌰𐌿𐍂𐌲 𐌾𐌰𐌷 𐌰𐍄𐌰𐌿𐌲𐌹𐌳𐌴𐌳𐌿𐌽 𐍃𐌹𐌺 𐌼𐌰𐌽𐌰𐌲𐌰𐌹𐌼.
Matthew,27,54,"𐌹𐌸 𐌷𐌿𐌽𐌳𐌰𐍆𐌰𐌸𐍃 𐌾𐌰𐌷 𐌸𐌰𐌹 𐌼𐌹𐌸 𐌹𐌼𐌼𐌰 𐍅𐌹𐍄𐌰𐌽𐌳𐌰𐌽𐍃 𐌹𐌴𐍃𐌿𐌰, 𐌲𐌰𐍃𐌰𐌹𐍈𐌰𐌽𐌳𐌰𐌽𐍃 𐌸𐍉 𐍂𐌴𐌹𐍂𐍉𐌽 𐌾𐌰𐌷 𐌸𐍉 𐍅𐌰𐌿𐍂𐌸𐌰𐌽𐍉𐌽𐌰, 𐍉𐌷𐍄𐌴𐌳𐌿𐌽 𐌰𐌱𐍂𐌰𐌱𐌰, 𐌵𐌹𐌸𐌰𐌽𐌳𐌰𐌽𐍃: 𐌱𐌹 𐍃𐌿𐌽𐌾𐌰𐌹 𐌲𐌿𐌳𐌹𐍃 𐍃𐌿𐌽𐌿𐍃 𐌹𐍃𐍄 𐍃𐌰."
Matthew,27,55,"𐍅𐌴𐍃𐌿𐌽𐌿𐌷 𐌸𐌰𐌽 𐌾𐌰𐌹𐌽𐌰𐍂 𐌵𐌹𐌽𐍉𐌽𐍃 𐌼𐌰𐌽𐌰𐌲𐍉𐍃 𐍆𐌰𐌹𐍂𐍂𐌰𐌸𐍂𐍉 𐍃𐌰𐌹𐍈𐌰𐌽𐌳𐌴𐌹𐌽𐍃, 𐌸𐍉𐌶𐌴𐌹 𐌻𐌰𐌹𐍃𐍄𐌹𐌳𐌴𐌳𐌿𐌽 𐌰𐍆𐌰𐍂 𐌹𐌴𐍃𐌿𐌰 𐍆𐍂𐌰𐌼 𐌲𐌰𐌻𐌴𐌹𐌻𐌰𐌹𐌰, 𐌰𐌽𐌳𐌱𐌰𐌷𐍄𐌾𐌰𐌽𐌳𐌴𐌹𐌽𐍃 𐌹𐌼𐌼𐌰,"
Matthew,27,56,"𐌹𐌽 𐌸𐌰𐌹𐌼𐌴𐌹 𐍅𐌰𐍃 𐌼𐌰𐍂𐌾𐌰 𐍃𐍉 𐌼𐌰𐌲𐌳𐌰𐌻𐌴𐌽𐌴, 𐌾𐌰𐌷 𐌼𐌰𐍂𐌾𐌰 𐍃𐍉 𐌹𐌰𐌺𐍉𐌱𐌹𐍃 𐌾𐌰𐌷 𐌹𐍉𐍃𐌴𐌶𐌹𐍃 𐌰𐌹𐌸𐌴𐌹, 𐌾𐌰𐌷 𐌰𐌹𐌸𐌴𐌹 𐍃𐌿𐌽𐌹𐍅𐌴 𐌶𐌰𐌹𐌱𐌰𐌹𐌳𐌰𐌹𐌰𐌿𐍃."
Matthew,27,57,"𐌹𐌸 𐌸𐌰𐌽 𐍃𐌴𐌹𐌸𐌿 𐍅𐌰𐍂𐌸, 𐌵𐌰𐌼 𐌼𐌰𐌽𐌽𐌰 𐌲𐌰𐌱𐌹𐌲𐍃 𐌰𐍆 𐌰𐍂𐌴𐌹𐌼𐌰𐌸𐌰𐌹𐌰𐍃 𐌸𐌹𐌶𐌿𐌷 𐌽𐌰𐌼𐍉 𐌹𐍉𐍃𐌴𐍆, 𐍃𐌰𐌴𐌹 𐌾𐌰𐌷 𐍃𐌹𐌻𐌱𐌰 𐍃𐌹𐍀𐍉𐌽𐌹𐌳𐌰 𐌹𐌴𐍃𐌿𐌰."
Matthew,27,58,𐍃𐌰𐌷 𐌰𐍄𐌲𐌰𐌲𐌲𐌰𐌽𐌳𐍃 𐌳𐌿 𐍀𐌴𐌹𐌻𐌰𐍄𐌰𐌿 𐌱𐌰𐌸 𐌸𐌹𐍃 𐌻𐌴𐌹𐌺𐌹𐍃 𐌹𐌴𐍃𐌿𐌹𐍃. 𐌸𐌰𐌽𐌿𐌷 𐍀𐌴𐌹𐌻𐌰𐍄𐌿𐍃 𐌿𐍃𐌻𐌰𐌿𐌱𐌹𐌳𐌰 𐌲𐌹𐌱𐌰𐌽 𐌸𐌰𐍄𐌰 𐌻𐌴𐌹𐌺.
Matthew,27,59,𐌾𐌰𐌷 𐌽𐌹𐌼𐌰𐌽𐌳𐍃 𐌸𐌰𐍄𐌰 𐌻𐌴𐌹𐌺 𐌹𐍉𐍃𐌴𐍆 𐌱𐌹𐍅𐌰𐌽𐌳 𐌹𐍄𐌰 𐍃𐌰𐌱𐌰𐌽𐌰 𐌷𐍂𐌰𐌹𐌽𐌾𐌰𐌼𐌼𐌰
Matthew,27,60,𐌾𐌰𐌷 𐌲𐌰𐌻𐌰𐌲𐌹𐌳𐌰 𐌹𐍄𐌰 𐌹𐌽 𐌽𐌹𐌿𐌾𐌰𐌼𐌼𐌰 𐍃𐌴𐌹𐌽𐌰𐌼𐌼𐌰 𐌷𐌻𐌰𐌹𐍅𐌰 𐌸𐌰𐍄𐌴𐌹 𐌿𐍃𐌷𐌿𐌻𐍉𐌳𐌰 𐌰𐌽𐌰 𐍃𐍄𐌰𐌹𐌽𐌰 𐌾𐌰𐌷 𐍆𐌰𐌿𐍂𐍅𐌰𐌻𐍅𐌾𐌰𐌽𐌳𐍃 𐍃𐍄𐌰𐌹𐌽𐌰 𐌼𐌹𐌺𐌹𐌻𐌰𐌼𐌼𐌰 𐌳𐌰𐌿𐍂𐍉𐌽𐍃 𐌸𐌹𐍃 𐌷𐌻𐌰𐌹𐍅𐌹𐍃 𐌲𐌰𐌻𐌰𐌹𐌸.
Matthew,27,61,𐍅𐌰𐍃𐌿𐌷 𐌸𐌰𐌽 𐌾𐌰𐌹𐌽𐌰𐍂 𐌼𐌰𐍂𐌾𐌰 𐌼𐌰𐌲𐌳𐌰𐌻𐌴𐌽𐌴 𐌾𐌰𐌷 𐍃𐍉 𐌰𐌽𐌸𐌰𐍂𐌰 𐌼𐌰𐍂𐌾𐌰 𐍃𐌹𐍄𐌰𐌽𐌳𐌴𐌹𐌽𐍃 𐌰𐌽𐌳𐍅𐌰𐌹𐍂𐌸𐌹𐍃 𐌸𐌰𐌼𐌼𐌰 𐌷𐌻𐌰𐌹𐍅𐌰.
Matthew,27,62,"𐌹𐍆𐍄𐌿𐌼𐌹𐌽 𐌸𐌰𐌽 𐌳𐌰𐌲𐌰, 𐍃𐌰𐌴𐌹 𐌹𐍃𐍄 𐌰𐍆𐌰𐍂 𐍀𐌰𐍂𐌰𐍃𐌺𐌰𐌹𐍅𐌴𐌹𐌽, 𐌲𐌰𐌵𐌴𐌼𐌿𐌽 𐌰𐌿𐌷𐌿𐌼𐌹𐍃𐍄𐌰𐌽𐍃 𐌲𐌿𐌳𐌾𐌰𐌽𐍃 𐌾𐌰𐌷 𐍆𐌰𐍂𐌴𐌹𐍃𐌰𐌹𐌴𐌹𐍃 𐌳𐌿 𐍀𐌴𐌹𐌻𐌰𐍄𐌰𐌿"
Matthew,27,63,"𐌵𐌹𐌸𐌰𐌽𐌳𐌰𐌽𐍃: 𐍆𐍂𐌰𐌿𐌾𐌰, 𐌲𐌰𐌼𐌿𐌽𐌳𐌴𐌳𐌿𐌼 𐌸𐌰𐍄𐌴𐌹 𐌾𐌰𐌹𐌽𐍃 𐌰𐌹𐍂𐌶𐌾𐌰𐌽𐌳𐍃 𐌵𐌰𐌸 𐌽𐌰𐌿𐌷 𐌻𐌹𐌱𐌰𐌽𐌳𐍃: 𐌰𐍆𐌰𐍂 𐌸𐍂𐌹𐌽𐍃 𐌳𐌰𐌲𐌰𐌽𐍃 𐌿𐍂𐍂𐌴𐌹𐍃𐌰."
Matthew,27,64,"𐌷𐌰𐌹𐍄 𐌽𐌿 𐍅𐌹𐍄𐌰𐌽 𐌸𐌰𐌼𐌼𐌰 𐌷𐌻𐌰𐌹𐍅𐌰 𐌿𐌽𐌳 𐌸𐌰𐌽𐌰 𐌸𐍂𐌹𐌳𐌾𐌰𐌽 𐌳𐌰𐌲, 𐌹𐌱𐌰𐌹 𐌿𐍆𐍄𐍉 𐌵𐌹𐌼𐌰𐌽𐌳𐌰𐌽𐍃 𐌸𐌰𐌹 𐍃𐌹𐍀𐍉𐌽𐌾𐍉𐍃 𐌹𐍃 𐌱𐌹𐌽𐌹𐌼𐌰𐌹𐌽𐌰 𐌹𐌼𐌼𐌰 𐌾𐌰𐌷 𐌵𐌹𐌸𐌰𐌹𐌽𐌰 𐌳𐌿 𐌼𐌰𐌽𐌰𐌲𐌴𐌹𐌽: 𐌿𐍂𐍂𐌰𐌹𐍃 𐌿𐍃 𐌳𐌰𐌿𐌸𐌰𐌹𐌼, 𐌾𐌰𐌷 𐌹𐍃𐍄 𐍃𐍉 𐍃𐍀𐌴𐌹𐌳𐌹𐌶𐌴𐌹 𐌰𐌹𐍂𐌶𐌹𐌸𐌰 𐍅𐌰𐌹𐍂𐍃𐌹𐌶𐌴𐌹 𐌸𐌹𐌶𐌰𐌹 𐍆𐍂𐌿𐌼𐌴𐌹𐌽."
Matthew,27,65,"𐌵𐌰𐌸 𐌹𐌼 𐍀𐌴𐌹𐌻𐌰𐍄𐌿𐍃: 𐌷𐌰𐌱𐌰𐌹𐌸 𐍅𐌰𐍂𐌳𐌾𐌰𐌽𐍃, 𐌲𐌰𐌲𐌲𐌹𐌸 𐍅𐌹𐍄𐌰𐌹𐌳𐌿𐌷 𐍃𐍅𐌰𐍃𐍅𐌴 𐌺𐌿𐌽𐌽𐌿𐌸."
Matthew,27,66,"𐌹𐌸 𐌴𐌹𐍃 𐌲𐌰𐌲𐌲𐌰𐌽𐌳𐌰𐌽𐍃 𐌲𐌰𐌻𐌿𐌺𐌿𐌽 𐌸𐌰𐍄𐌰 𐌷𐌻𐌰𐌹𐍅, 𐍆𐌰𐌿𐍂𐍃𐌹𐌲𐌻𐌾𐌰𐌽𐌳𐌰𐌽𐍃 𐌸𐌰𐌽𐌰...."
Matthew,28,1,
Matthew,28,2,
Matthew,28,3,
Matthew,28,4,
Matthew,28,5,
Matthew,28,6,
Matthew,28,7,
Matthew,28,8,
Matthew,28,9,
Matthew,28,10,
Matthew,28,11,
Matthew,28,12,
Matthew,28,13,
Matthew,28,14,
Matthew,28,15,
Matthew,28,16,
Matthew,28,17,
Matthew,28,18,
Matthew,28,19,
Matthew,28,20,
Mark,1,1,𐌰𐌽𐌰𐍃𐍄𐍉𐌳𐌴𐌹𐌽𐍃 𐌰𐌹𐍅𐌰𐌲𐌲𐌴𐌻𐌾𐍉𐌽𐍃 𐌹𐌴𐍃𐌿𐌹𐍃 𐍇𐍂𐌹𐍃𐍄𐌰𐌿𐍃 𐍃𐌿𐌽𐌰𐌿𐍃 𐌲𐌿𐌳𐌹𐍃.
Mark,1,2,"𐍃𐍅𐌴 𐌲𐌰𐌼𐌴𐌻𐌹𐌸 𐌹𐍃𐍄 𐌹𐌽 𐌴𐍃𐌰ï𐌹𐌽 𐍀𐍂𐌰𐌿𐍆𐌴𐍄𐌰𐌿: 𐍃𐌰𐌹, 𐌹𐌺 𐌹𐌽𐍃𐌰𐌽𐌳𐌾𐌰 𐌰𐌲𐌲𐌹𐌻𐌿 𐌼𐌴𐌹𐌽𐌰𐌽𐌰 𐍆𐌰𐌿𐍂𐌰 𐌸𐌿𐍃, 𐍃𐌰𐌴𐌹 𐌲𐌰𐌼𐌰𐌽𐍅𐌴𐌹𐌸 𐍅𐌹𐌲 𐌸𐌴𐌹𐌽𐌰𐌽𐌰 𐍆𐌰𐌿𐍂𐌰 𐌸𐌿𐍃."
Mark,1,3,"𐍃𐍄𐌹𐌱𐌽𐌰 𐍅𐍉𐍀𐌾𐌰𐌽𐌳𐌹𐌽𐍃 𐌹𐌽 𐌰𐌿𐌸𐌹𐌳𐌰𐌹: 𐌼𐌰𐌽𐍅𐌴𐌹𐌸 𐍅𐌹𐌲 𐍆𐍂𐌰𐌿𐌾𐌹𐌽𐍃, 𐍂𐌰𐌹𐌷𐍄𐍉𐍃 𐍅𐌰𐌿𐍂𐌺𐌴𐌹𐌸 𐍃𐍄𐌰𐌹𐌲𐍉𐍃 𐌲𐌿𐌳𐌹𐍃 𐌿𐌽𐍃𐌰𐍂𐌹𐍃."
Mark,1,4,𐍅𐌰𐍃 𐌹𐍉𐌷𐌰𐌽𐌽𐌴𐍃 𐌳𐌰𐌿𐍀𐌾𐌰𐌽𐌳𐍃 𐌹𐌽 𐌰𐌿𐌸𐌹𐌳𐌰𐌹 𐌾𐌰𐌷 𐌼𐌴𐍂𐌾𐌰𐌽𐌳𐍃 𐌳𐌰𐌿𐍀𐌴𐌹𐌽 𐌹𐌳𐍂𐌴𐌹𐌲𐍉𐍃 𐌳𐌿 𐌰𐍆𐌻𐌰𐌲𐌴𐌹𐌽𐌰𐌹 𐍆𐍂𐌰𐍅𐌰𐌿𐍂𐌷𐍄𐌴.
Mark,1,5,"𐌾𐌰𐌷 𐌿𐍃𐌹𐌳𐌳𐌾𐌴𐌳𐌿𐌽 𐌳𐌿 𐌹𐌼𐌼𐌰 𐌰𐌻𐌻 𐌹𐌿𐌳𐌰𐌹𐌰𐌻𐌰𐌽𐌳 𐌾𐌰𐌷 𐌹𐌰𐌹𐍂𐌿𐍃𐌰𐌿𐌻𐍅𐌼𐌴𐌹𐍃, 𐌾𐌰𐌷 𐌳𐌰𐌿𐍀𐌹𐌳𐌰𐌹 𐍅𐌴𐍃𐌿𐌽 𐌰𐌻𐌻𐌰𐌹 𐌹𐌽 𐌹𐌰𐌿𐍂𐌳𐌰𐌽𐌴 𐌰𐍈𐌰𐌹 𐍆𐍂𐌰𐌼 𐌹𐌼𐌼𐌰, 𐌰𐌽𐌳𐌷𐌰𐌹𐍄𐌰𐌽𐌳𐌰𐌽𐍃 𐍆𐍂𐌰𐍅𐌰𐌿𐍂𐌷𐍄𐌹𐌼 𐍃𐌴𐌹𐌽𐌰𐌹𐌼."
Mark,1,6,𐍅𐌰𐍃𐌿𐌸~𐌸𐌰𐌽 𐌹𐍉𐌷𐌰𐌽𐌽𐌴𐍃 𐌲𐌰𐍅𐌰𐍃𐌹𐌸𐍃 𐍄𐌰𐌲𐌻𐌰𐌼 𐌿𐌻𐌱𐌰𐌽𐌳𐌰𐌿𐍃 𐌾𐌰𐌷 𐌲𐌰𐌹𐍂𐌳𐌰 𐍆𐌹𐌻𐌻𐌴𐌹𐌽𐌰 𐌱𐌹 𐌷𐌿𐍀 𐍃𐌴𐌹𐌽𐌰𐌽𐌰 𐌾𐌰𐌷 𐌼𐌰𐍄𐌹𐌳𐌰 𐌸𐍂𐌰𐌼𐍃𐍄𐌴𐌹𐌽𐍃 𐌾𐌰𐌷 𐌼𐌹𐌻𐌹𐌸 𐌷𐌰𐌹𐌸𐌹𐍅𐌹𐍃𐌺.
Mark,1,7,"𐌾𐌰𐌷 𐌼𐌴𐍂𐌹𐌳𐌰 𐌵𐌹𐌸𐌰𐌽𐌳𐍃: 𐌵𐌹𐌼𐌹𐌸 𐍃𐍅𐌹𐌽𐌸𐍉𐌶𐌰 𐌼𐌹𐍃 𐍃𐌰 𐌰𐍆𐌰𐍂 𐌼𐌹𐍃, 𐌸𐌹𐌶𐌴𐌹 𐌹𐌺 𐌽𐌹 𐌹𐌼 𐍅𐌰𐌹𐍂𐌸𐍃 𐌰𐌽𐌰𐌷𐌽𐌴𐌹𐍅𐌰𐌽𐌳𐍃 𐌰𐌽𐌳𐌱𐌹𐌽𐌳𐌰𐌽 𐍃𐌺𐌰𐌿𐌳𐌰𐍂𐌰𐌹𐍀 𐍃𐌺𐍉𐌷𐌴 𐌹𐍃."
Mark,1,8,"𐌰𐌸𐌸𐌰𐌽 𐌹𐌺 𐌳𐌰𐌿𐍀𐌾𐌰 𐌹𐌶𐍅𐌹𐍃 𐌹𐌽 𐍅𐌰𐍄𐌹𐌽, 𐌹𐌸 𐌹𐍃 𐌳𐌰𐌿𐍀𐌴𐌹𐌸 𐌹𐌶𐍅𐌹𐍃 𐌹𐌽 𐌰𐌷𐌼𐌹𐌽 𐍅𐌴𐌹𐌷𐌰𐌼𐌼𐌰."
Mark,1,9,"𐌾𐌰𐌷 𐍅𐌰𐍂𐌸 𐌹𐌽 𐌾𐌰𐌹𐌽𐌰𐌹𐌼 𐌳𐌰𐌲𐌰𐌼, 𐌵𐌰𐌼 𐌹𐌴𐍃𐌿𐍃 𐍆𐍂𐌰𐌼 𐌽𐌰𐌶𐌰𐍂𐌰𐌹𐌸 𐌲𐌰𐌻𐌴𐌹𐌻𐌰𐌹𐌰𐍃 𐌾𐌰𐌷 𐌳𐌰𐌿𐍀𐌹𐌸𐍃 𐍅𐌰𐍃 𐍆𐍂𐌰𐌼 𐌹𐍉𐌷𐌰𐌽𐌽𐌴 𐌹𐌽 𐌹𐌰𐌿𐍂𐌳𐌰𐌽𐌴."
Mark,1,10,𐌾𐌰𐌷 𐍃𐌿𐌽𐍃 𐌿𐍃𐌲𐌰𐌲𐌲𐌰𐌽𐌳𐍃 𐌿𐍃 𐌸𐌰𐌼𐌼𐌰 𐍅𐌰𐍄𐌹𐌽 𐌲𐌰𐍃𐌰𐍈 𐌿𐍃𐌻𐌿𐌺𐌽𐌰𐌽𐍃 𐌷𐌹𐌼𐌹𐌽𐌰𐌽𐍃 𐌾𐌰𐌷 𐌰𐌷𐌼𐌰𐌽 𐍃𐍅𐌴 𐌰𐌷𐌰𐌺 𐌰𐍄𐌲𐌰𐌲𐌲𐌰𐌽𐌳𐌰𐌽 𐌰𐌽𐌰 𐌹𐌽𐌰.
Mark,1,11,"𐌾𐌰𐌷 𐍃𐍄𐌹𐌱𐌽𐌰 𐌵𐌰𐌼 𐌿𐍃 𐌷𐌹𐌼𐌹𐌽𐌰𐌼: 𐌸𐌿 𐌹𐍃 𐍃𐌿𐌽𐌿𐍃 𐌼𐌴𐌹𐌽𐍃 𐍃𐌰 𐌻𐌹𐌿𐌱𐌰, 𐌹𐌽 𐌸𐌿𐌶𐌴𐌹 𐍅𐌰𐌹𐌻𐌰 𐌲𐌰𐌻𐌴𐌹𐌺𐌰𐌹𐌳𐌰."
Mark,1,12,"𐌾𐌰𐌷 𐍃𐌿𐌽𐍃 𐍃𐌰𐌹, 𐌰𐌷𐌼𐌰 𐌹𐌽𐌰 𐌿𐍃𐍄𐌰𐌿𐌷 𐌹𐌽 𐌰𐌿𐌸𐌹𐌳𐌰."
Mark,1,13,"𐌾𐌰𐌷 𐍅𐌰𐍃 𐌹𐌽 𐌸𐌹𐌶𐌰𐌹 𐌰𐌿𐌸𐌹𐌳𐌰𐌹 𐌳𐌰𐌲𐌴 𐍆𐌹𐌳𐍅𐍉𐍂 𐍄𐌹𐌲𐌿𐌽𐍃 𐍆𐍂𐌰𐌹𐍃𐌰𐌽𐍃 𐍆𐍂𐌰𐌼 𐍃𐌰𐍄𐌰𐌽𐌹𐌽, 𐌾𐌰𐌷 𐍅𐌰𐍃 𐌼𐌹𐌸 𐌳𐌹𐌿𐌶𐌰𐌼, 𐌾𐌰𐌷 𐌰𐌲𐌲𐌹𐌻𐌴𐌹𐍃 𐌰𐌽𐌳𐌱𐌰𐌷𐍄𐌹𐌳𐌴𐌳𐌿𐌽 𐌹𐌼𐌼𐌰."
Mark,1,14,"𐌹𐌸 𐌰𐍆𐌰𐍂 𐌸𐌰𐍄𐌴𐌹 𐌰𐍄𐌲𐌹𐌱𐌰𐌽𐍃 𐍅𐌰𐍂𐌸 𐌹𐍉𐌷𐌰𐌽𐌽𐌴𐍃, 𐌵𐌰𐌼 𐌹𐌴𐍃𐌿𐍃 𐌹𐌽 𐌲𐌰𐌻𐌴𐌹𐌻𐌰𐌹𐌰 𐌼𐌴𐍂𐌾𐌰𐌽𐌳𐍃 𐌰𐌹𐍅𐌰𐌲𐌲𐌴𐌻𐌾𐍉𐌽 𐌸𐌹𐌿𐌳𐌰𐌽𐌲𐌰𐍂𐌳𐌾𐍉𐍃 𐌲𐌿𐌳𐌹𐍃,"
Mark,1,15,𐌵𐌹𐌸𐌰𐌽𐌳𐍃 𐌸𐌰𐍄𐌴𐌹 𐌿𐍃𐍆𐌿𐌻𐌻𐌽𐍉𐌳𐌰 𐌸𐌰𐍄𐌰 𐌼𐌴𐌻 𐌾𐌰𐌷 𐌰𐍄𐌽𐌴𐍈𐌹𐌳𐌰 𐍃𐌹𐌺 𐌸𐌹𐌿𐌳𐌰𐌽𐌲𐌰𐍂𐌳𐌹 𐌲𐌿𐌳𐌹𐍃: 𐌹𐌳𐍂𐌴𐌹𐌲𐍉𐌸 𐌾𐌰𐌷 𐌲𐌰𐌻𐌰𐌿𐌱𐌴𐌹𐌸 𐌹𐌽 𐌰𐌹𐍅𐌰𐌲𐌲𐌴𐌻𐌾𐍉𐌽.
Mark,1,16,"𐌾𐌰𐌷 𐍈𐌰𐍂𐌱𐍉𐌽𐌳𐍃 𐍆𐌰𐌿𐍂 𐌼𐌰𐍂𐌴𐌹𐌽 𐌲𐌰𐌻𐌴𐌹𐌻𐌰𐌹𐌰𐍃 𐌲𐌰𐍃𐌰𐍈 𐍃𐌴𐌹𐌼𐍉𐌽𐌿 𐌾𐌰𐌷 𐌰𐌽𐌳𐍂𐌰𐌹𐌰𐌽 𐌱𐍂𐍉𐌸𐌰𐍂 𐌹𐍃, 𐌸𐌹𐍃 𐍃𐌴𐌹𐌼𐍉𐌽𐌹𐍃, 𐍅𐌰𐌹𐍂𐍀𐌰𐌽𐌳𐌰𐌽𐍃 𐌽𐌰𐍄𐌹 𐌹𐌽 𐌼𐌰𐍂𐌴𐌹𐌽; 𐍅𐌴𐍃𐌿𐌽 𐌰𐌿𐌺 𐍆𐌹𐍃𐌺𐌾𐌰𐌽𐍃."
Mark,1,17,"𐌾𐌰𐌷 𐌵𐌰𐌸 𐌹𐌼 𐌹𐌴𐍃𐌿𐍃: 𐌷𐌹𐍂𐌾𐌰𐍄𐍃 𐌰𐍆𐌰𐍂 𐌼𐌹𐍃, 𐌾𐌰𐌷 𐌲𐌰𐍄𐌰𐌿𐌾𐌰 𐌹𐌲𐌵𐌹𐍃 𐍅𐌰𐌹𐍂𐌸𐌰𐌽 𐌽𐌿𐍄𐌰𐌽𐍃 𐌼𐌰𐌽𐌽𐌴."
Mark,1,18,𐌾𐌰𐌷 𐍃𐌿𐌽𐍃 𐌰𐍆𐌻𐌴𐍄𐌰𐌽𐌳𐌰𐌽𐍃 𐌸𐍉 𐌽𐌰𐍄𐌾𐌰 𐍃𐌴𐌹𐌽𐌰 𐌻𐌰𐌹𐍃𐍄𐌹𐌳𐌴𐌳𐌿𐌽 𐌰𐍆𐌰𐍂 𐌹𐌼𐌼𐌰.
Mark,1,19,"𐌾𐌰𐌷 𐌾𐌰𐌹𐌽𐌸𐍂𐍉 𐌹𐌽𐌽𐌲𐌰𐌲𐌲𐌰𐌽𐌳𐍃 𐍆𐍂𐌰𐌼𐌹𐍃 𐌻𐌴𐌹𐍄𐌰 𐌲𐌰𐍃𐌰𐍈 𐌹𐌰𐌺𐍉𐌱𐌿 𐌸𐌰𐌽𐌰 𐌶𐌰𐌹𐌱𐌰𐌹𐌳𐌰𐌹𐌰𐌿𐍃 𐌾𐌰𐌷 𐌹𐍉𐌷𐌰𐌽𐌽𐌴 𐌱𐍂𐍉𐌸𐌰𐍂 𐌹𐍃, 𐌾𐌰𐌷 𐌸𐌰𐌽𐍃 𐌹𐌽 𐍃𐌺𐌹𐍀𐌰 𐌼𐌰𐌽𐍅𐌾𐌰𐌽𐌳𐌰𐌽𐍃 𐌽𐌰𐍄𐌾𐌰."
Mark,1,20,"𐌾𐌰𐌷 𐍃𐌿𐌽𐍃 𐌷𐌰𐌹𐌷𐌰𐌹𐍄 𐌹𐌽𐍃. 𐌾𐌰𐌷 𐌰𐍆𐌻𐌴𐍄𐌰𐌽𐌳𐌰𐌽𐍃 𐌰𐍄𐍄𐌰𐌽 𐍃𐌴𐌹𐌽𐌰𐌽𐌰 𐌶𐌰𐌹𐌱𐌰𐌹𐌳𐌰𐌹𐌿 𐌹𐌽 𐌸𐌰𐌼𐌼𐌰 𐍃𐌺𐌹𐍀𐌰 𐌼𐌹𐌸 𐌰𐍃𐌽𐌾𐌰𐌼, 𐌲𐌰𐌻𐌹𐌸𐌿𐌽 𐌰𐍆𐌰𐍂 𐌹𐌼𐌼𐌰."
Mark,1,21,"𐌾𐌰𐌷 𐌲𐌰𐌻𐌹𐌸𐌿𐌽 𐌹𐌽 𐌺𐌰𐍆𐌰𐍂𐌽𐌰𐌿𐌼, 𐌾𐌰𐌷 𐍃𐌿𐌽𐍃 𐍃𐌰𐌱𐌱𐌰𐍄𐍉 𐌳𐌰𐌲𐌰 𐌲𐌰𐌻𐌴𐌹𐌸𐌰𐌽𐌳𐍃 𐌹𐌽 𐍃𐍅𐌽𐌰𐌲𐍉𐌲𐌴𐌽 𐌻𐌰𐌹𐍃𐌹𐌳𐌰 𐌹𐌽𐍃."
Mark,1,22,𐌾𐌰𐌷 𐌿𐍃𐍆𐌹𐌻𐌼𐌰𐌽𐍃 𐍅𐌰𐌿𐍂𐌸𐌿𐌽 𐌰𐌽𐌰 𐌸𐌹𐌶𐌰𐌹 𐌻𐌰𐌹𐍃𐌴𐌹𐌽𐌰𐌹 𐌹𐍃; 𐌿𐌽𐍄𐌴 𐍅𐌰𐍃 𐌻𐌰𐌹𐍃𐌾𐌰𐌽𐌳𐍃 𐌹𐌽𐍃 𐍃𐍅𐌴 𐍅𐌰𐌻𐌳𐌿𐍆𐌽𐌹 𐌷𐌰𐌱𐌰𐌽𐌳𐍃 𐌾𐌰𐌷 𐌽𐌹 𐍃𐍅𐌰𐍃𐍅𐌴 𐌸𐌰𐌹 𐌱𐍉𐌺𐌰𐍂𐌾𐍉𐍃.
Mark,1,23,𐌾𐌰𐌷 𐍅𐌰𐍃 𐌹𐌽 𐌸𐌹𐌶𐌰𐌹 𐍃𐍅𐌽𐌰𐌲𐍉𐌲𐌴𐌽 𐌹𐌶𐌴 𐌼𐌰𐌽𐌽𐌰 𐌹𐌽 𐌿𐌽𐌷𐍂𐌰𐌹𐌽𐌾𐌰𐌼𐌼𐌰 𐌰𐌷𐌼𐌹𐌽 𐌾𐌰𐌷 𐌿𐍆𐌷𐍂𐍉𐍀𐌹𐌳𐌰
Mark,1,24,"𐌵𐌹𐌸𐌰𐌽𐌳𐍃: 𐍆𐍂𐌰𐌻𐌴𐍄, 𐍈𐌰 𐌿𐌽𐍃 𐌾𐌰𐌷 𐌸𐌿𐍃, 𐌹𐌴𐍃𐌿 𐌽𐌰𐌶𐍉𐍂𐌴𐌽𐌰𐌹, 𐌵𐌰𐌼𐍄 𐍆𐍂𐌰𐌵𐌹𐍃𐍄𐌾𐌰𐌽 𐌿𐌽𐍃? 𐌺𐌰𐌽𐌽 𐌸𐌿𐌺, 𐍈𐌰𐍃 𐌸𐌿 𐌹𐍃, 𐍃𐌰 𐍅𐌴𐌹𐌷𐌰 𐌲𐌿𐌳𐌹𐍃."
Mark,1,25,"𐌾𐌰𐌷 𐌰𐌽𐌳𐌱𐌰𐌹𐍄 𐌹𐌽𐌰 𐌹𐌴𐍃𐌿𐍃 𐌵𐌹𐌸𐌰𐌽𐌳𐍃: 𐌸𐌰𐌷𐌰𐌹 𐌾𐌰𐌷 𐌿𐍃𐌲𐌰𐌲𐌲 𐌿𐍄 𐌿𐍃 𐌸𐌰𐌼𐌼𐌰, 𐌰𐌷𐌼𐌰 𐌿𐌽𐌷𐍂𐌰𐌹𐌽𐌾𐌰."
Mark,1,26,𐌾𐌰𐌷 𐍄𐌰𐌷𐌹𐌳𐌰 𐌹𐌽𐌰 𐌰𐌷𐌼𐌰 𐍃𐌰 𐌿𐌽𐌷𐍂𐌰𐌹𐌽𐌾𐌰 𐌾𐌰𐌷 𐌷𐍂𐍉𐍀𐌾𐌰𐌽𐌳𐍃 𐍃𐍄𐌹𐌱𐌽𐌰𐌹 𐌼𐌹𐌺𐌹𐌻𐌰𐌹 𐌿𐍃𐌹𐌳𐌳𐌾𐌰 𐌿𐍃 𐌹𐌼𐌼𐌰.
Mark,1,27,"𐌾𐌰𐌷 𐌰𐍆𐍃𐌻𐌰𐌿𐌸𐌽𐍉𐌳𐌴𐌳𐌿𐌽 𐌰𐌻𐌻𐌰𐌹 𐍃𐌹𐌻𐌳𐌰𐌻𐌴𐌹𐌺𐌾𐌰𐌽𐌳𐌰𐌽𐍃, 𐍃𐍅𐌰𐌴𐌹 𐍃𐍉𐌺𐌹𐌳𐌴𐌳𐌿𐌽 𐌼𐌹𐌸 𐍃𐌹𐍃 𐌼𐌹𐍃𐍃𐍉 𐌵𐌹𐌸𐌰𐌽𐌳𐌰𐌽𐍃: 𐍈𐌰 𐍃𐌹𐌾𐌰𐌹 𐌸𐌰𐍄𐌰? 𐍈𐍉 𐍃𐍉 𐌻𐌰𐌹𐍃𐌴𐌹𐌽𐍉 𐍃𐍉 𐌽𐌹𐌿𐌾𐍉, 𐌴𐌹 𐌼𐌹𐌸 𐍅𐌰𐌻𐌳𐌿𐍆𐌽𐌾𐌰 𐌾𐌰𐌷 𐌰𐌷𐌼𐌰𐌼 𐌸𐌰𐌹𐌼 𐌿𐌽𐌷𐍂𐌰𐌹𐌽𐌾𐌰𐌼 𐌰𐌽𐌰𐌱𐌹𐌿𐌳𐌹𐌸 𐌾𐌰𐌷 𐌿𐍆𐌷𐌰𐌿𐍃𐌾𐌰𐌽𐌳 𐌹𐌼𐌼𐌰?"
Mark,1,28,𐌿𐍃𐌹𐌳𐌳𐌾𐌰 𐌸𐌰𐌽 𐌼𐌴𐍂𐌹𐌸𐌰 𐌹𐍃 𐍃𐌿𐌽𐍃 𐌰𐌽𐌳 𐌰𐌻𐌻𐌰𐌽𐍃 𐌱𐌹𐍃𐌹𐍄𐌰𐌽𐌳𐍃 𐌲𐌰𐌻𐌴𐌹𐌻𐌰𐌹𐌰𐍃.
Mark,1,29,𐌾𐌰𐌷 𐍃𐌿𐌽𐍃 𐌿𐍃 𐌸𐌹𐌶𐌰𐌹 𐍃𐍅𐌽𐌰𐌲𐍉𐌲𐌴𐌽 𐌿𐍃𐌲𐌰𐌲𐌲𐌰𐌽𐌳𐌰𐌽𐍃 𐌵𐌴𐌼𐌿𐌽 𐌹𐌽 𐌲𐌰𐍂𐌳𐌰 𐍃𐌴𐌹𐌼𐍉𐌽𐌹𐍃 𐌾𐌰𐌷 𐌰𐌽𐌳𐍂𐌰𐌹𐌹𐌽𐍃 𐌼𐌹𐌸 𐌹𐌰𐌺𐍉𐌱𐌰𐌿 𐌾𐌰𐌷 𐌹𐍉𐌷𐌰𐌽𐌽𐌴𐌽.
Mark,1,30,𐌹𐌸 𐍃𐍅𐌰𐌹𐌷𐍂𐍉 𐍃𐌴𐌹𐌼𐍉𐌽𐌹𐍃 𐌻𐌰𐌲 𐌹𐌽 𐌱𐍂𐌹𐌽𐌽𐍉𐌽: 𐌾𐌰𐌷 𐍃𐌿𐌽𐍃 𐌵𐌴𐌸𐌿𐌽 𐌹𐌼𐌼𐌰 𐌱𐌹 𐌹𐌾𐌰.
Mark,1,31,"𐌾𐌰𐌷 𐌳𐌿𐌰𐍄𐌲𐌰𐌲𐌲𐌰𐌽𐌳𐍃 𐌿𐍂𐍂𐌰𐌹𐍃𐌹𐌳𐌰 𐌸𐍉 𐌿𐌽𐌳𐌲𐍂𐌴𐌹𐍀𐌰𐌽𐌳𐍃 𐌷𐌰𐌽𐌳𐌿 𐌹𐌶𐍉𐍃, 𐌾𐌰𐌷 𐌰𐍆𐌻𐌰𐌹𐌻𐍉𐍄 𐌸𐍉 𐍃𐍉 𐌱𐍂𐌹𐌽𐌽𐍉 𐍃𐌿𐌽𐍃, 𐌾𐌰𐌷 𐌰𐌽𐌳𐌱𐌰𐌷𐍄𐌹𐌳𐌰 𐌹𐌼."
Mark,1,32,"𐌰𐌽𐌳𐌰𐌽𐌰𐌷𐍄𐌾𐌰 𐌸𐌰𐌽 𐍅𐌰𐌿𐍂𐌸𐌰𐌽𐌰𐌼𐌼𐌰, 𐌸𐌰𐌽 𐌲𐌰𐍃𐌰𐌲𐌲𐌵 𐍃𐌰𐌿𐌹𐌻, 𐌱𐌴𐍂𐌿𐌽 𐌳𐌿 𐌹𐌼𐌼𐌰 𐌰𐌻𐌻𐌰𐌽𐍃 𐌸𐌰𐌽𐍃 𐌿𐌱𐌹𐌻 𐌷𐌰𐌱𐌰𐌽𐌳𐌰𐌽𐍃 𐌾𐌰𐌷 𐌿𐌽𐌷𐌿𐌻𐌸𐍉𐌽𐍃 𐌷𐌰𐌱𐌰𐌽𐌳𐌰𐌽𐍃."
Mark,1,33,𐌾𐌰𐌷 𐍃𐍉 𐌱𐌰𐌿𐍂𐌲𐍃 𐌰𐌻𐌻𐌰 𐌲𐌰𐍂𐌿𐌽𐌽𐌰𐌽𐌰 𐍅𐌰𐍃 𐌰𐍄 𐌳𐌰𐌿𐍂𐌰.
Mark,1,34,"𐌾𐌰𐌷 𐌲𐌰𐌷𐌰𐌹𐌻𐌹𐌳𐌰 𐌼𐌰𐌽𐌰𐌲𐌰𐌽𐍃 𐌿𐌱𐌹𐌻 𐌷𐌰𐌱𐌰𐌽𐌳𐌰𐌽𐍃 𐌼𐌹𐍃𐍃𐌰𐌻𐌴𐌹𐌺𐌰𐌹𐌼 𐍃𐌰𐌿𐌷𐍄𐌹𐌼 𐌾𐌰𐌷 𐌿𐌽𐌷𐌿𐌻𐌸𐍉𐌽𐍃 𐌼𐌰𐌽𐌰𐌲𐍉𐍃 𐌿𐍃𐍅𐌰𐍂𐍀 𐌾𐌰𐌷 𐌽𐌹 𐍆𐍂𐌰𐌻𐌰𐌹𐌻𐍉𐍄 𐍂𐍉𐌳𐌾𐌰𐌽 𐌸𐍉𐍃 𐌿𐌽𐌷𐌿𐌻𐌸𐍉𐌽𐍃, 𐌿𐌽𐍄𐌴 𐌺𐌿𐌽𐌸𐌴𐌳𐌿𐌽 𐌹𐌽𐌰."
Mark,1,35,𐌾𐌰𐌷 𐌰𐌹𐍂 𐌿𐌷𐍄𐍅𐍉𐌽 𐌿𐍃𐍃𐍄𐌰𐌽𐌳𐌰𐌽𐌳𐍃 𐌿𐍃𐌹𐌳𐌳𐌾𐌰 𐌾𐌰𐌷 𐌲𐌰𐌻𐌰𐌹𐌸 𐌰𐌽𐌰 𐌰𐌿𐌸𐌾𐌰𐌽𐌰 𐍃𐍄𐌰𐌸 𐌾𐌰𐌷 𐌾𐌰𐌹𐌽𐌰𐍂 𐌱𐌰𐌸.
Mark,1,36,𐌾𐌰𐌷 𐌲𐌰𐌻𐌰𐌹𐍃𐍄𐌰𐌽𐍃 𐍅𐌰𐌿𐍂𐌸𐌿𐌽 𐌹𐌼𐌼𐌰 𐍃𐌴𐌹𐌼𐍉𐌽 𐌾𐌰𐌷 𐌸𐌰𐌹 𐌼𐌹𐌸 𐌹𐌼𐌼𐌰.
Mark,1,37,𐌾𐌰𐌷 𐌱𐌹𐌲𐌹𐍄𐌰𐌽𐌳𐌰𐌽𐍃 𐌹𐌽𐌰 𐌵𐌴𐌸𐌿𐌽 𐌳𐌿 𐌹𐌼𐌼𐌰 𐌸𐌰𐍄𐌴𐌹 𐌰𐌻𐌻𐌰𐌹 𐌸𐌿𐌺 𐍃𐍉𐌺𐌾𐌰𐌽𐌳.
Mark,1,38,"𐌾𐌰𐌷 𐌵𐌰𐌸 𐌳𐌿 𐌹𐌼: 𐌲𐌰𐌲𐌲𐌰𐌼 𐌳𐌿 𐌸𐌰𐌹𐌼 𐌱𐌹𐍃𐌿𐌽𐌾𐌰𐌽𐌴 𐌷𐌰𐌹𐌼𐍉𐌼 𐌾𐌰𐌷 𐌱𐌰𐌿𐍂𐌲𐌹𐌼, 𐌴𐌹 𐌾𐌰𐌷 𐌾𐌰𐌹𐌽𐌰𐍂 𐌼𐌴𐍂𐌾𐌰𐌿, 𐌿𐌽𐍄𐌴 𐌳𐌿𐌸𐌴 𐌵𐌰𐌼."
Mark,1,39,𐌾𐌰𐌷 𐍅𐌰𐍃 𐌼𐌴𐍂𐌾𐌰𐌽𐌳𐍃 𐌹𐌽 𐍃𐍅𐌽𐌰𐌲𐍉𐌲𐌹𐌼 𐌹𐌶𐌴 𐌰𐌽𐌳 𐌰𐌻𐌻𐌰 𐌲𐌰𐌻𐌴𐌹𐌻𐌰𐌹𐌰𐌽 𐌾𐌰𐌷 𐌿𐌽𐌷𐌿𐌻𐌸𐍉𐌽𐍃 𐌿𐍃𐍅𐌰𐌹𐍂𐍀𐌰𐌽𐌳𐍃.
Mark,1,40,"𐌾𐌰𐌷 𐌵𐌰𐌼 𐌰𐍄 𐌹𐌼𐌼𐌰 𐌸𐍂𐌿𐍄𐍃𐍆𐌹𐌻𐌻 𐌷𐌰𐌱𐌰𐌽𐌳𐍃, 𐌱𐌹𐌳𐌾𐌰𐌽𐌳𐍃 𐌹𐌽𐌰 𐌾𐌰𐌷 𐌺𐌽𐌹𐍅𐌰𐌼 𐌺𐌽𐌿𐍃𐍃𐌾𐌰𐌽𐌳𐍃 𐌾𐌰𐌷 𐌵𐌹𐌸𐌰𐌽𐌳𐍃 𐌳𐌿 𐌹𐌼𐌼𐌰 𐌸𐌰𐍄𐌴𐌹 𐌾𐌰𐌱𐌰𐌹 𐍅𐌹𐌻𐌴𐌹𐍃, 𐌼𐌰𐌲𐍄 𐌼𐌹𐌺 𐌲𐌰𐌷𐍂𐌰𐌹𐌽𐌾𐌰𐌽."
Mark,1,41,"𐌹𐌸 𐌹𐌴𐍃𐌿𐍃 𐌹𐌽𐍆𐌴𐌹𐌽𐌰𐌽𐌳𐍃, 𐌿𐍆𐍂𐌰𐌺𐌾𐌰𐌽𐌳𐍃 𐌷𐌰𐌽𐌳𐌿 𐍃𐌴𐌹𐌽𐌰 𐌰𐍄𐍄𐌰𐌹𐍄𐍉𐌺 𐌹𐌼𐌼𐌰 𐌾𐌰𐌷 𐌵𐌰𐌸 𐌹𐌼𐌼𐌰: 𐍅𐌹𐌻𐌾𐌰𐌿, 𐍅𐌰𐌹𐍂𐌸 𐌷𐍂𐌰𐌹𐌽𐍃."
Mark,1,42,"𐌾𐌰𐌷 𐌱𐌹𐌸𐌴 𐌵𐌰𐌸 𐌸𐌰𐍄𐌰 𐌹𐌴𐍃𐌿𐍃, 𐍃𐌿𐌽𐍃 𐌸𐌰𐍄𐌰 𐌸𐍂𐌿𐍄𐍃𐍆𐌹𐌻𐌻 𐌰𐍆𐌻𐌰𐌹𐌸 𐌰𐍆 𐌹𐌼𐌼𐌰, 𐌾𐌰𐌷 𐌷𐍂𐌰𐌹𐌽𐍃 𐍅𐌰𐍂𐌸."
Mark,1,43,𐌾𐌰𐌷 𐌲𐌰𐍈𐍉𐍄𐌾𐌰𐌽𐌳𐍃 𐌹𐌼𐌼𐌰 𐍃𐌿𐌽𐍃 𐌿𐍃𐍃𐌰𐌽𐌳𐌹𐌳𐌰 𐌹𐌽𐌰
Mark,1,44,𐌾𐌰𐌷 𐌵𐌰𐌸 𐌳𐌿 𐌹𐌼𐌼𐌰: 𐍃𐌰𐌹𐍈 𐌴𐌹 𐌼𐌰𐌽𐌽𐌷𐌿𐌽 𐌽𐌹 𐌵𐌹𐌸𐌰𐌹𐍃 𐍅𐌰𐌹𐌷𐍄; 𐌰𐌺 𐌲𐌰𐌲𐌲 𐌸𐌿𐌺 𐍃𐌹𐌻𐌱𐌰𐌽 𐌰𐍄𐌰𐌿𐌲𐌾𐌰𐌽 𐌲𐌿𐌳𐌾𐌹𐌽 𐌾𐌰𐌷 𐌰𐍄𐌱𐌰𐌹𐍂 𐍆𐍂𐌰𐌼 𐌲𐌰𐌷𐍂𐌰𐌹𐌽𐌴𐌹𐌽𐌰𐌹 𐌸𐌴𐌹𐌽𐌰𐌹 𐌸𐌰𐍄𐌴𐌹 𐌰𐌽𐌰𐌱𐌰𐌿𐌸 𐌼𐍉𐍃𐌴𐍃 𐌳𐌿 𐍅𐌴𐌹𐍄𐍅𐍉𐌳𐌹𐌸𐌰𐌹 𐌹𐌼.
Mark,1,45,"𐌹𐌸 𐌹𐍃 𐌿𐍃𐌲𐌰𐌲𐌲𐌰𐌽𐌳𐍃 𐌳𐌿𐌲𐌰𐌽𐌽 𐌼𐌴𐍂𐌾𐌰𐌽 𐍆𐌹𐌻𐌿 𐌾𐌰𐌷 𐌿𐍃𐌵𐌹𐌸𐌰𐌽 𐌸𐌰𐍄𐌰 𐍅𐌰𐌿𐍂𐌳, 𐍃𐍅𐌰𐍃𐍅𐌴 𐌹𐍃 𐌾𐌿𐌸𐌰𐌽 𐌽𐌹 𐌼𐌰𐌷𐍄𐌰 𐌰𐌽𐌳𐌰𐌿𐌲𐌾𐍉 𐌹𐌽 𐌱𐌰𐌿𐍂𐌲 𐌲𐌰𐌻𐌴𐌹𐌸𐌰𐌽, 𐌰𐌺 𐌿𐍄𐌰 𐌰𐌽𐌰 𐌰𐌿𐌸𐌾𐌰𐌹𐌼 𐍃𐍄𐌰𐌳𐌹𐌼 𐍅𐌰𐍃; 𐌾𐌰𐌷 𐌹𐌳𐌳𐌾𐌴𐌳𐌿𐌽 𐌳𐌿 𐌹𐌼𐌼𐌰 𐌰𐌻𐌻𐌰𐌸𐍂𐍉."
Mark,2,1,"𐌾𐌰𐌷 𐌲𐌰𐌻𐌰𐌹𐌸 𐌰𐍆𐍄𐍂𐌰 𐌹𐌽 𐌺𐌰𐍆𐌰𐍂𐌽𐌰𐌿𐌼 𐌰𐍆𐌰𐍂 𐌳𐌰𐌲𐌰𐌽𐍃, 𐌾𐌰𐌷 𐌲𐌰𐍆𐍂𐌴𐌷𐌿𐌽 𐌸𐌰𐍄𐌴𐌹 𐌹𐌽 𐌲𐌰𐍂𐌳𐌰 𐌹𐍃𐍄."
Mark,2,2,"𐌾𐌰𐌷 𐍃𐌿𐌽𐍃 𐌲𐌰𐌵𐌴𐌼𐌿𐌽 𐌼𐌰𐌽𐌰𐌲𐌰𐌹, 𐍃𐍅𐌰𐍃𐍅𐌴 𐌾𐌿𐌸𐌰𐌽 𐌽𐌹 𐌲𐌰𐌼𐍉𐍃𐍄𐌴𐌳𐌿𐌽 𐌽𐌹𐌷 𐌰𐍄 𐌳𐌰𐌿𐍂𐌰, 𐌾𐌰𐌷 𐍂𐍉𐌳𐌹𐌳𐌰 𐌹𐌼 𐍅𐌰𐌿𐍂𐌳."
Mark,2,3,"𐌾𐌰𐌷 𐌵𐌴𐌼𐌿𐌽 𐌰𐍄 𐌹𐌼𐌼𐌰 𐌿𐍃𐌻𐌹𐌸𐌰𐌽 𐌱𐌰𐌹𐍂𐌰𐌽𐌳𐌰𐌽𐍃, 𐌷𐌰𐍆𐌰𐌽𐌰𐌽𐌰 𐍆𐍂𐌰𐌼 𐍆𐌹𐌳𐍅𐍉𐍂𐌹𐌼."
Mark,2,4,"𐌾𐌰𐌷 𐌽𐌹 𐌼𐌰𐌲𐌰𐌽𐌳𐌰𐌽𐍃 𐌽𐌴𐍈𐌰 𐌵𐌹𐌼𐌰𐌽 𐌹𐌼𐌼𐌰 𐍆𐌰𐌿𐍂𐌰 𐌼𐌰𐌽𐌰𐌲𐌴𐌹𐌼, 𐌰𐌽𐌳𐌷𐌿𐌻𐌹𐌳𐌴𐌳𐌿𐌽 𐌷𐍂𐍉𐍄 𐌸𐌰𐍂𐌴𐌹 𐍅𐌰𐍃 𐌹𐌴𐍃𐌿𐍃 𐌾𐌰𐌷 𐌿𐍃𐌲𐍂𐌰𐌱𐌰𐌽𐌳𐌰𐌽𐍃 𐌹𐌽𐍃𐌰𐌹𐌻𐌹𐌳𐌴𐌳𐌿𐌽 𐌸𐌰𐍄𐌰 𐌱𐌰𐌳𐌹 [𐌾𐌰𐌷 𐍆𐍂𐌰𐌻𐌰𐌹𐌻𐍉𐍄𐌿𐌽] 𐌰𐌽𐌰 𐌸𐌰𐌼𐌼𐌴𐌹 𐌻𐌰𐌲 𐍃𐌰 𐌿𐍃𐌻𐌹𐌸𐌰."
Mark,2,5,"𐌲𐌰𐍃𐌰𐌹𐍈𐌰𐌽𐌳𐍃 𐌸𐌰𐌽 𐌹𐌴𐍃𐌿𐍃 𐌲𐌰𐌻𐌰𐌿𐌱𐌴𐌹𐌽 𐌹𐌶𐌴 𐌵𐌰𐌸 𐌳𐌿 𐌸𐌰𐌼𐌼𐌰 𐌿𐍃𐌻𐌹𐌸𐌹𐌽: 𐌱𐌰𐍂𐌽𐌹𐌻𐍉, 𐌰𐍆𐌻𐌴𐍄𐌰𐌽𐌳𐌰 𐌸𐌿𐍃 𐍆𐍂𐌰𐍅𐌰𐌿𐍂𐌷𐍄𐌴𐌹𐍃 𐌸𐌴𐌹𐌽𐍉𐍃."
Mark,2,6,𐍅𐌴𐍃𐌿𐌽𐌿𐌷 𐌸𐌰𐌽 𐍃𐌿𐌼𐌰𐌹 𐌸𐌹𐌶𐌴 𐌱𐍉𐌺𐌰𐍂𐌾𐌴 𐌾𐌰𐌹𐌽𐌰𐍂 𐍃𐌹𐍄𐌰𐌽𐌳𐌰𐌽𐍃 𐌾𐌰𐌷 𐌸𐌰𐌲𐌺𐌾𐌰𐌽𐌳𐌰𐌽𐍃 𐍃𐌹𐍃 𐌹𐌽 𐌷𐌰𐌹𐍂𐍄𐌰𐌼 𐍃𐌴𐌹𐌽𐌰𐌹𐌼:
Mark,2,7,"𐍈𐌰 𐍃𐌰 𐍃𐍅𐌰 𐍂𐍉𐌳𐌴𐌹𐌸 𐌽𐌰𐌹𐍄𐌴𐌹𐌽𐌹𐌽𐍃? 𐍈𐌰𐍃 𐌼𐌰𐌲 𐌰𐍆𐌻𐌴𐍄𐌰𐌽 𐍆𐍂𐌰𐍅𐌰𐌿𐍂𐌷𐍄𐌹𐌽𐍃, 𐌽𐌹𐌱𐌰 𐌰𐌹𐌽𐍃 𐌲𐌿𐌸?"
Mark,2,8,"𐌾𐌰𐌷 𐍃𐌿𐌽𐍃 𐌿𐍆𐌺𐌿𐌽𐌽𐌰𐌽𐌳𐍃 𐌹𐌴𐍃𐌿𐍃 𐌰𐌷𐌼𐌹𐌽 𐍃𐌴𐌹𐌽𐌰𐌼𐌼𐌰 𐌸𐌰𐍄𐌴𐌹 𐍃𐍅𐌰 𐌸𐌰𐌹 𐌼𐌹𐍄𐍉𐌳𐌴𐌳𐌿𐌽 𐍃𐌹𐍃, 𐌵𐌰𐌸 𐌳𐌿 𐌹𐌼: 𐌳𐌿𐍈𐌴 𐌼𐌹𐍄𐍉𐌸 𐌸𐌰𐍄𐌰 𐌹𐌽 𐌷𐌰𐌹𐍂𐍄𐌰𐌼 𐌹𐌶𐍅𐌰𐍂𐌰𐌹𐌼?"
Mark,2,9,"𐍈𐌰𐌸𐌰𐍂 𐌹𐍃𐍄 𐌰𐌶𐌴𐍄𐌹𐌶𐍉 𐌳𐌿 𐌵𐌹𐌸𐌰𐌽 𐌸𐌰𐌼𐌼𐌰 𐌿𐍃𐌻𐌹𐌸𐌹𐌽: 𐌰𐍆𐌻𐌴𐍄𐌰𐌽𐌳𐌰 𐌸𐌿𐍃 𐍆𐍂𐌰𐍅𐌰𐌿𐍂𐌷𐍄𐌴𐌹𐍃 𐌸𐌴𐌹𐌽𐍉𐍃, 𐌸𐌰𐌿 𐌵𐌹𐌸𐌰𐌽: 𐌿𐍂𐍂𐌴𐌹𐍃 𐌾𐌰𐌷 𐌽𐌹𐌼 𐌸𐌰𐍄𐌰 𐌱𐌰𐌳𐌹 𐌸𐌴𐌹𐌽𐌰𐍄𐌰 𐌾𐌰𐌷 𐌲𐌰𐌲𐌲?"
Mark,2,10,"𐌰𐌸𐌸𐌰𐌽 𐌴𐌹 𐍅𐌹𐍄𐌴𐌹𐌸 𐌸𐌰𐍄𐌴𐌹 𐍅𐌰𐌻𐌳𐌿𐍆𐌽𐌹 𐌷𐌰𐌱𐌰𐌹𐌸 𐍃𐌿𐌽𐌿𐍃 𐌼𐌰𐌽𐍃 𐌰𐌽𐌰 𐌰𐌹𐍂𐌸𐌰𐌹 𐌰𐍆𐌻𐌴𐍄𐌰𐌽 𐍆𐍂𐌰𐍅𐌰𐌿𐍂𐌷𐍄𐌹𐌽𐍃, 𐌵𐌰𐌸 𐌳𐌿 𐌸𐌰𐌼𐌼𐌰 𐌿𐍃𐌻𐌹𐌸𐌹𐌽:"
Mark,2,11,𐌸𐌿𐍃 𐌵𐌹𐌸𐌰: 𐌿𐍂𐍂𐌴𐌹𐍃 𐌽𐌹𐌼𐌿𐌷 𐌸𐌰𐍄𐌰 𐌱𐌰𐌳𐌹 𐌸𐌴𐌹𐌽 𐌾𐌰𐌷 𐌲𐌰𐌲𐌲 𐌳𐌿 𐌲𐌰𐍂𐌳𐌰 𐌸𐌴𐌹𐌽𐌰𐌼𐌼𐌰.
Mark,2,12,"𐌾𐌰𐌷 𐌿𐍂𐍂𐌰𐌹𐍃 𐍃𐌿𐌽𐍃 𐌾𐌰𐌷 𐌿𐍃𐌷𐌰𐍆𐌾𐌰𐌽𐌳𐍃 𐌱𐌰𐌳𐌹 𐌿𐍃𐌹𐌳𐌳𐌾𐌰 𐍆𐌰𐌿𐍂𐌰 𐌰𐌽𐌳𐍅𐌰𐌹𐍂𐌸𐌾𐌰 𐌰𐌻𐌻𐌰𐌹𐌶𐌴, 𐍃𐍅𐌰𐍃𐍅𐌴 𐌿𐍃𐌲𐌴𐌹𐍃𐌽𐍉𐌳𐌴𐌳𐌿𐌽 𐌰𐌻𐌻𐌰𐌹 𐌾𐌰𐌷 𐌷𐌰𐌿𐌷𐌹𐌳𐌴𐌳𐌿𐌽 𐌼𐌹𐌺𐌹𐌻𐌾𐌰𐌽𐌳𐌰𐌽𐍃 𐌲𐌿𐌸, 𐌵𐌹𐌸𐌰𐌽𐌳𐌰𐌽𐍃 𐌸𐌰𐍄𐌴𐌹 𐌰𐌹𐍅 𐍃𐍅𐌰 𐌽𐌹 𐌲𐌰𐍃𐌴𐍈𐌿𐌽."
Mark,2,13,"𐌾𐌰𐌷 𐌲𐌰𐌻𐌰𐌹𐌸 𐌰𐍆𐍄𐍂𐌰 𐍆𐌰𐌿𐍂 𐌼𐌰𐍂𐌴𐌹𐌽, 𐌾𐌰𐌷 𐌰𐌻𐌻 𐌼𐌰𐌽𐌰𐌲𐌴𐌹𐌽𐍃 𐌹𐌳𐌳𐌾𐌴𐌳𐌿𐌽 𐌳𐌿 𐌹𐌼𐌼𐌰, 𐌾𐌰𐌷 𐌻𐌰𐌹𐍃𐌹𐌳𐌰 𐌹𐌽𐍃."
Mark,2,14,𐌾𐌰𐌷 𐍈𐌰𐍂𐌱𐍉𐌽𐌳𐍃 𐌲𐌰𐍃𐌰𐍈 𐌻𐌰𐌹𐍅𐍅𐌹 𐌸𐌰𐌽𐌰 𐌰𐌻𐍆𐌰𐌹𐌰𐌿𐍃 𐍃𐌹𐍄𐌰𐌽𐌳𐌰𐌽 𐌰𐍄 𐌼𐍉𐍄𐌰𐌹 𐌾𐌰𐌷 𐌵𐌰𐌸 𐌳𐌿 𐌹𐌼𐌼𐌰: 𐌲𐌰𐌲𐌲 𐌰𐍆𐌰𐍂 𐌼𐌹𐍃. 𐌾𐌰𐌷 𐌿𐍃𐍃𐍄𐌰𐌽𐌳𐌰𐌽𐌳𐍃 𐌹𐌳𐌳𐌾𐌰 𐌰𐍆𐌰𐍂 𐌹𐌼𐌼𐌰.
Mark,2,15,"𐌾𐌰𐌷 𐍅𐌰𐍂𐌸, 𐌱𐌹𐌸𐌴 𐌹𐍃 𐌰𐌽𐌰𐌺𐌿𐌼𐌱𐌹𐌳𐌰 𐌹𐌽 𐌲𐌰𐍂𐌳𐌰 𐌹𐍃, 𐌾𐌰𐌷 𐌼𐌰𐌽𐌰𐌲𐌰𐌹 𐌼𐍉𐍄𐌰𐍂𐌾𐍉𐍃 𐌾𐌰𐌷 𐍆𐍂𐌰𐍅𐌰𐌿𐍂𐌷𐍄𐌰𐌹 𐌼𐌹𐌸𐌰𐌽𐌰𐌺𐌿𐌼𐌱𐌹𐌳𐌴𐌳𐌿𐌽 𐌹𐌴𐍃𐌿𐌰 𐌾𐌰𐌷 𐍃𐌹𐍀𐍉𐌽𐌾𐌰𐌼 𐌹𐍃; 𐍅𐌴𐍃𐌿𐌽 𐌰𐌿𐌺 𐌼𐌰𐌽𐌰𐌲𐌰𐌹 𐌾𐌰𐌷 𐌹𐌳𐌳𐌾𐌴𐌳𐌿𐌽 𐌰𐍆𐌰𐍂 𐌹𐌼𐌼𐌰."
Mark,2,16,"𐌾𐌰𐌷 𐌸𐌰𐌹 𐌱𐍉𐌺𐌰𐍂𐌾𐍉𐍃 𐌾𐌰𐌷 𐍆𐌰𐍂𐌴𐌹𐍃𐌰𐌹𐌴𐌹𐍃 𐌲𐌰𐍃𐌰𐌹𐍈𐌰𐌽𐌳𐌰𐌽𐍃 𐌹𐌽𐌰 𐌼𐌰𐍄𐌾𐌰𐌽𐌳𐌰𐌽 𐌼𐌹𐌸 𐌸𐌰𐌹𐌼 𐌼𐍉𐍄𐌰𐍂𐌾𐌰𐌼 𐌾𐌰𐌷 𐍆𐍂𐌰𐍅𐌰𐌿𐍂𐌷𐍄𐌰𐌹𐌼, 𐌵𐌴𐌸𐌿𐌽 𐌳𐌿 𐌸𐌰𐌹𐌼 𐍃𐌹𐍀𐍉𐌽𐌾𐌰𐌼 𐌹𐍃: 𐍈𐌰 𐌹𐍃𐍄 𐌸𐌰𐍄𐌴𐌹 𐌼𐌹𐌸 𐌼𐍉𐍄𐌰𐍂𐌾𐌰𐌼 𐌾𐌰𐌷 𐍆𐍂𐌰𐍅𐌰𐌿𐍂𐌷𐍄𐌰𐌹𐌼 𐌼𐌰𐍄𐌾𐌹𐌸 𐌾𐌰𐌷 𐌳𐍂𐌹𐌲𐌲𐌺𐌹𐌸?"
Mark,2,17,"𐌾𐌰𐌷 𐌲𐌰𐌷𐌰𐌿𐍃𐌾𐌰𐌽𐌳𐍃 𐌹𐌴𐍃𐌿𐍃 𐌵𐌰𐌸 𐌳𐌿 𐌹𐌼: 𐌽𐌹 𐌸𐌰𐌿𐍂𐌱𐌿𐌽 𐍃𐍅𐌹𐌽𐌸𐌰𐌹 𐌻𐌴𐌺𐌴𐌹𐍃, 𐌰𐌺 𐌸𐌰𐌹 𐌿𐌱𐌹𐌻𐌰𐌱𐌰 𐌷𐌰𐌱𐌰𐌽𐌳𐌰𐌽𐍃; 𐌽𐌹 𐌵𐌰𐌼 𐌻𐌰𐌸𐍉𐌽 𐌿𐍃𐍅𐌰𐌿𐍂𐌷𐍄𐌰𐌽𐍃, 𐌰𐌺 𐍆𐍂𐌰𐍅𐌰𐌿𐍂𐌷𐍄𐌰𐌽𐍃."
Mark,2,18,"𐌾𐌰𐌷 𐍅𐌴𐍃𐌿𐌽 𐍃𐌹𐍀𐍉𐌽𐌾𐍉𐍃 𐌹𐍉𐌷𐌰𐌽𐌽𐌹𐍃 𐌾𐌰𐌷 𐍆𐌰𐍂𐌴𐌹𐍃𐌰𐌹𐌴𐌹𐍃 𐍆𐌰𐍃𐍄𐌰𐌽𐌳𐌰𐌽𐍃; 𐌾𐌰𐌷 𐌰𐍄𐌹𐌳𐌳𐌾𐌴𐌳𐌿𐌽 𐌾𐌰𐌷 𐌵𐌴𐌸𐌿𐌽 𐌳𐌿 𐌹𐌼𐌼𐌰: 𐌳𐌿𐍈𐌴 𐍃𐌹𐍀𐍉𐌽𐌾𐍉𐍃 𐌹𐍉𐌷𐌰𐌽𐌽𐌴𐍃 𐌾𐌰𐌷 𐍆𐌰𐍂𐌴𐌹𐍃𐌰𐌹𐌴𐌹𐍃 𐍆𐌰𐍃𐍄𐌰𐌽𐌳, 𐌹𐌸 𐌸𐌰𐌹 𐌸𐌴𐌹𐌽𐌰𐌹 𐍃𐌹𐍀𐍉𐌽𐌾𐍉𐍃 𐌽𐌹 𐍆𐌰𐍃𐍄𐌰𐌽𐌳?"
Mark,2,19,"𐌾𐌰𐌷 𐌵𐌰𐌸 𐌹𐌼 𐌹𐌴𐍃𐌿𐍃: 𐌹𐌱𐌰𐌹 𐌼𐌰𐌲𐌿𐌽 𐍃𐌿𐌽𐌾𐌿𐍃 𐌱𐍂𐌿𐌸𐍆𐌰𐌳𐌹𐍃, 𐌿𐌽𐌳 𐌸𐌰𐍄𐌴𐌹 𐌼𐌹𐌸 𐌹𐌼 𐌹𐍃𐍄 𐌱𐍂𐌿𐌸𐍆𐌰𐌸𐍃, 𐍆𐌰𐍃𐍄𐌰𐌽? 𐍃𐍅𐌰 𐌻𐌰𐌲𐌲𐌰 𐍈𐌴𐌹𐌻𐌰 𐍃𐍅𐌴 𐌼𐌹𐌸 𐍃𐌹𐍃 𐌷𐌰𐌱𐌰𐌽𐌳 𐌱𐍂𐌿𐌸𐍆𐌰𐌳, 𐌽𐌹 𐌼𐌰𐌲𐌿𐌽 𐍆𐌰𐍃𐍄𐌰𐌽."
Mark,2,20,"𐌰𐌸𐌸𐌰𐌽 𐌰𐍄𐌲𐌰𐌲𐌲𐌰𐌽𐌳 𐌳𐌰𐌲𐍉𐍃 𐌸𐌰𐌽 𐌰𐍆𐌽𐌹𐌼𐌰𐌳𐌰 𐌰𐍆 𐌹𐌼 𐍃𐌰 𐌱𐍂𐌿𐌸𐍆𐌰𐌸𐍃, 𐌾𐌰𐌷 𐌸𐌰𐌽 𐍆𐌰𐍃𐍄𐌰𐌽𐌳 𐌹𐌽 𐌾𐌰𐌹𐌽𐌰𐌼𐌼𐌰 𐌳𐌰𐌲𐌰."
Mark,2,21,"𐌽𐌹 𐌼𐌰𐌽𐌽𐌰 𐍀𐌻𐌰𐍄 𐍆𐌰𐌽𐌹𐌽𐍃 𐌽𐌹𐌿𐌾𐌹𐍃 𐍃𐌹𐌿𐌾𐌹𐌸 𐌰𐌽𐌰 𐍃𐌽𐌰𐌲𐌰𐌽 𐍆𐌰𐌹𐍂𐌽𐌾𐌰𐌽𐌰; 𐌹𐌱𐌰𐌹 𐌰𐍆𐌽𐌹𐌼𐌰𐌹 𐍆𐌿𐌻𐌻𐍉𐌽 𐌰𐍆 𐌸𐌰𐌼𐌼𐌰 𐍃𐌰 𐌽𐌹𐌿𐌾𐌰 𐌸𐌰𐌼𐌼𐌰 𐍆𐌰𐌹𐍂𐌽𐌾𐌹𐌽, 𐌾𐌰𐌷 𐍅𐌰𐌹𐍂𐍃𐌹𐌶𐌰 𐌲𐌰𐍄𐌰𐌿𐍂𐌰 𐍅𐌰𐌹𐍂𐌸𐌹𐌸."
Mark,2,22,"𐌽𐌹 𐌼𐌰𐌽𐌽𐌰 𐌲𐌹𐌿𐍄𐌹𐌸 𐍅𐌴𐌹𐌽 𐌾𐌿𐌲𐌲𐌰𐍄𐌰 𐌹𐌽 𐌱𐌰𐌻𐌲𐌹𐌽𐍃 𐍆𐌰𐌹𐍂𐌽𐌾𐌰𐌽𐍃; 𐌹𐌱𐌰𐌹 𐌰𐌿𐍆𐍄𐍉 𐌳𐌹𐍃𐍄𐌰𐌹𐍂𐌰𐌹 𐍅𐌴𐌹𐌽 𐌸𐌰𐍄𐌰 𐌽𐌹𐌿𐌾𐍉 𐌸𐌰𐌽𐍃 𐌱𐌰𐌻𐌲𐌹𐌽𐍃, 𐌾𐌰𐌷 𐍅𐌴𐌹𐌽 𐌿𐍃𐌲𐌿𐍄𐌽𐌹𐌸, 𐌾𐌰𐌷 𐌸𐌰𐌹 𐌱𐌰𐌻𐌲𐌴𐌹𐍃 𐍆𐍂𐌰𐌵𐌹𐍃𐍄𐌽𐌰𐌽𐌳; 𐌰𐌺 𐍅𐌴𐌹𐌽 𐌾𐌿𐌲𐌲𐌰𐍄𐌰 𐌹𐌽 𐌱𐌰𐌻𐌲𐌹𐌽𐍃 𐌽𐌹𐌿𐌾𐌰𐌽𐍃 𐌲𐌹𐌿𐍄𐌰𐌽𐌳."
Mark,2,23,"𐌾𐌰𐌷 𐍅𐌰𐍂𐌸 𐌸𐌰𐌹𐍂𐌷𐌲𐌰𐌲𐌲𐌰𐌽 𐌹𐌼𐌼𐌰 𐍃𐌰𐌱𐌱𐌰𐍄𐍉 𐌳𐌰𐌲𐌰 𐌸𐌰𐌹𐍂𐌷 𐌰𐍄𐌹𐍃𐌺, 𐌾𐌰𐌷 𐌳𐌿𐌲𐌿𐌽𐌽𐌿𐌽 𐍃𐌹𐍀𐍉𐌽𐌾𐍉𐍃 𐌹𐍃 𐍃𐌺𐌴𐍅𐌾𐌰𐌽𐌳𐌰𐌽𐍃 𐍂𐌰𐌿𐍀𐌾𐌰𐌽 𐌰𐌷𐍃𐌰."
Mark,2,24,"𐌾𐌰𐌷 𐍆𐌰𐍂𐌴𐌹𐍃𐌰𐌹𐌴𐌹𐍃 𐌵𐌴𐌸𐌿𐌽 𐌳𐌿 𐌹𐌼𐌼𐌰: 𐍃𐌰𐌹, 𐍈𐌰 𐍄𐌰𐌿𐌾𐌰𐌽𐌳 𐍃𐌹𐍀𐍉𐌽𐌾𐍉𐍃 𐌸𐌴𐌹𐌽𐌰𐌹 𐍃𐌰𐌱𐌱𐌰𐍄𐌹𐌼 𐌸𐌰𐍄𐌴𐌹 𐌽𐌹 𐍃𐌺𐌿𐌻𐌳 𐌹𐍃𐍄?"
Mark,2,25,"𐌾𐌰𐌷 𐌹𐍃 𐌵𐌰𐌸 𐌳𐌿 𐌹𐌼: 𐌽𐌹𐌿 𐌿𐍃𐍃𐌿𐌲𐌲𐍅𐌿𐌸 𐌰𐌹𐍅 𐍈𐌰 𐌲𐌰𐍄𐌰𐍅𐌹𐌳𐌰 𐌳𐌰𐍅𐌴𐌹𐌳, 𐌸𐌰𐌽 𐌸𐌰𐌿𐍂𐍆𐍄𐌰 𐌾𐌰𐌷 𐌲𐍂𐌴𐌳𐌰𐌲𐍃 𐍅𐌰𐍃, 𐌹𐍃 𐌾𐌰𐌷 𐌸𐌰𐌹 𐌼𐌹𐌸 𐌹𐌼𐌼𐌰?"
Mark,2,26,"𐍈𐌰𐌹𐍅𐌰 𐌲𐌰𐌻𐌰𐌹𐌸 𐌹𐌽 𐌲𐌰𐍂𐌳 𐌲𐌿𐌳𐌹𐍃 𐌿𐍆 𐌰𐌱𐌹𐌰𐌸𐌰𐍂𐌰 𐌲𐌿𐌳𐌾𐌹𐌽 𐌾𐌰𐌷 𐌷𐌻𐌰𐌹𐌱𐌰𐌽𐍃 𐍆𐌰𐌿𐍂𐌻𐌰𐌲𐌴𐌹𐌽𐌰𐌹𐍃 𐌼𐌰𐍄𐌹𐌳𐌰, 𐌸𐌰𐌽𐌶𐌴𐌹 𐌽𐌹 𐍃𐌺𐌿𐌻𐌳 𐌹𐍃𐍄 𐌼𐌰𐍄𐌾𐌰𐌽 𐌽𐌹𐌱𐌰 𐌰𐌹𐌽𐌰𐌹𐌼 𐌲𐌿𐌳𐌾𐌰𐌼, 𐌾𐌰𐌷 𐌲𐌰𐍆 𐌾𐌰𐌷 𐌸𐌰𐌹𐌼 𐌼𐌹𐌸 𐍃𐌹𐍃 𐍅𐌹𐍃𐌰𐌽𐌳𐌰𐌼?"
Mark,2,27,"𐌾𐌰𐌷 𐌵𐌰𐌸 𐌹𐌼: 𐍃𐌰𐌱𐌱𐌰𐍄𐍉 𐌹𐌽 𐌼𐌰𐌽𐍃 𐍅𐌰𐍂𐌸 𐌲𐌰𐍃𐌺𐌰𐍀𐌰𐌽𐍃, 𐌽𐌹 𐌼𐌰𐌽𐌽𐌰 𐌹𐌽 𐍃𐌰𐌱𐌱𐌰𐍄𐍉 𐌳𐌰𐌲𐌹𐍃;"
Mark,2,28,𐍃𐍅𐌰𐌴𐌹 𐍆𐍂𐌰𐌿𐌾𐌰 𐌹𐍃𐍄 𐍃𐌰 𐍃𐌿𐌽𐌿𐍃 𐌼𐌰𐌽𐍃 𐌾𐌰𐌷 𐌸𐌰𐌼𐌼𐌰 𐍃𐌰𐌱𐌱𐌰𐍄𐍉.
Mark,3,1,"𐌾𐌰𐌷 𐌲𐌰𐌻𐌰𐌹𐌸 𐌰𐍆𐍄𐍂𐌰 𐌹𐌽 𐍃𐍅𐌽𐌰𐌲𐍉𐌲𐌴𐌽, 𐌾𐌰𐌷 𐍅𐌰𐍃 𐌾𐌰𐌹𐌽𐌰𐍂 𐌼𐌰𐌽𐌽𐌰 𐌲𐌰𐌸𐌰𐌿𐍂𐍃𐌰𐌽𐌰 𐌷𐌰𐌱𐌰𐌽𐌳𐍃 𐌷𐌰𐌽𐌳𐌿."
Mark,3,2,"𐌾𐌰𐌷 𐍅𐌹𐍄𐌰𐌹𐌳𐌴𐌳𐌿𐌽 𐌹𐌼𐌼𐌰 𐌷𐌰𐌹𐌻𐌹𐌳𐌴𐌳𐌹𐌿 𐍃𐌰𐌱𐌱𐌰𐍄𐍉 𐌳𐌰𐌲𐌰, 𐌴𐌹 𐍅𐍂𐍉𐌷𐌹𐌳𐌴𐌳𐌴𐌹𐌽𐌰 𐌹𐌽𐌰."
Mark,3,3,𐌾𐌰𐌷 𐌵𐌰𐌸 𐌳𐌿 𐌸𐌰𐌼𐌼𐌰 𐌼𐌰𐌽𐌽 𐌸𐌰𐌼𐌼𐌰 𐌲𐌰𐌸𐌰𐌿𐍂𐍃𐌰𐌽𐌰 𐌷𐌰𐌱𐌰𐌽𐌳𐌹𐌽 𐌷𐌰𐌽𐌳𐌿: 𐌿𐍂𐍂𐌴𐌹𐍃 𐌹𐌽 𐌼𐌹𐌳𐌿𐌼𐌰𐌹.
Mark,3,4,"𐌾𐌰𐌷 𐌵𐌰𐌸 𐌳𐌿 𐌹𐌼: 𐍃𐌺𐌿𐌻𐌳𐌿 𐌹𐍃𐍄 𐌹𐌽 𐍃𐌰𐌱𐌱𐌰𐍄𐌹𐌼 𐌸𐌹𐌿𐌸 𐍄𐌰𐌿𐌾𐌰𐌽 𐌰𐌹𐌸𐌸𐌰𐌿 𐌿𐌽𐌸𐌹𐌿𐌸 𐍄𐌰𐌿𐌾𐌰𐌽, 𐍃𐌰𐌹𐍅𐌰𐌻𐌰 𐌽𐌰𐍃𐌾𐌰𐌽 𐌰𐌹𐌸𐌸𐌰𐌿 𐌿𐍃𐌵𐌹𐍃𐍄𐌾𐌰𐌽? 𐌹𐌸 𐌴𐌹𐍃 𐌸𐌰𐌷𐌰𐌹𐌳𐌴𐌳𐌿𐌽."
Mark,3,5,"𐌾𐌰𐌷 𐌿𐍃𐍃𐌰𐌹𐍈𐌰𐌽𐌳𐍃 𐌹𐌽𐍃 𐌼𐌹𐌸 𐌼𐍉𐌳𐌰, 𐌲𐌰𐌿𐍂𐍃 𐌹𐌽 𐌳𐌰𐌿𐌱𐌹𐌸𐍉𐍃 𐌷𐌰𐌹𐍂𐍄𐌹𐌽𐍃 𐌹𐌶𐌴 𐌵𐌰𐌸 𐌳𐌿 𐌸𐌰𐌼𐌼𐌰 𐌼𐌰𐌽𐌽: 𐌿𐍆𐍂𐌰𐌺𐌴𐌹 𐌸𐍉 𐌷𐌰𐌽𐌳𐌿 𐌸𐌴𐌹𐌽𐌰! 𐌾𐌰𐌷 𐌿𐍆𐍂𐌰𐌺𐌹𐌳𐌰, 𐌾𐌰𐌷 𐌲𐌰𐍃𐍄𐍉𐌸 𐌰𐍆𐍄𐍂𐌰 𐍃𐍉 𐌷𐌰𐌽𐌳𐌿𐍃 𐌹𐍃."
Mark,3,6,"𐌾𐌰𐌷 𐌲𐌰𐌲𐌲𐌰𐌽𐌳𐌰𐌽𐍃 𐌸𐌰𐌽 𐍆𐌰𐍂𐌴𐌹𐍃𐌰𐌹𐌴𐌹𐍃 𐍃𐌿𐌽𐍃𐌰𐌹𐍅 𐌼𐌹𐌸 𐌸𐌰𐌹𐌼 𐌷𐌴𐍂𐍉𐌳𐌹𐌰𐌽𐌿𐌼 𐌲𐌰𐍂𐌿𐌽𐌹 𐌲𐌰𐍄𐌰𐍅𐌹𐌳𐌴𐌳𐌿𐌽 𐌱𐌹 𐌹𐌽𐌰, 𐌴𐌹 𐌹𐌼𐌼𐌰 𐌿𐍃𐌵𐌴𐌼𐌴𐌹𐌽𐌰."
Mark,3,7,"𐌾𐌰𐌷 𐌹𐌴𐍃𐌿𐍃 𐌰𐍆𐌻𐌰𐌹𐌸 𐌼𐌹𐌸 𐍃𐌹𐍀𐍉𐌽𐌾𐌰𐌼 𐍃𐌴𐌹𐌽𐌰𐌹𐌼 𐌳𐌿 𐌼𐌰𐍂𐌴𐌹𐌽, 𐌾𐌰𐌷 𐍆𐌹𐌻𐌿 𐌼𐌰𐌽𐌰𐌲𐌴𐌹𐌽𐍃 𐌿𐍃 𐌲𐌰𐌻𐌴𐌹𐌻𐌰𐌹𐌰 𐌻𐌰𐌹𐍃𐍄𐌹𐌳𐌴𐌳𐌿𐌽 𐌰𐍆𐌰𐍂 𐌹𐌼𐌼𐌰,"
Mark,3,8,"𐌾𐌰𐌷 𐌿𐍃 𐌹𐌿𐌳𐌰𐌹𐌰 𐌾𐌰𐌷 𐌿𐍃 𐌹𐌰𐌹𐍂𐌿𐍃𐌰𐌿𐌻𐍅𐌼𐌹𐌼 𐌾𐌰𐌷 𐌿𐍃 𐌹𐌳𐌿𐌼𐌰𐌹𐌰 𐌾𐌰𐌷 𐌷𐌹𐌽𐌳𐌰𐌽𐌰 𐌹𐌰𐌿𐍂𐌳𐌰𐌽𐌰𐌿𐍃; 𐌾𐌰𐌷 𐌸𐌰𐌹 𐌱𐌹 𐍄𐍅𐍂𐌰 𐌾𐌰𐌷 𐍃𐌴𐌹𐌳𐍉𐌽𐌰, 𐌼𐌰𐌽𐌰𐌲𐌴𐌹𐌽𐍃 𐍆𐌹𐌻𐌿, 𐌲𐌰𐌷𐌰𐌿𐍃𐌾𐌰𐌽𐌳𐌰𐌽𐍃 𐍈𐌰𐌽 𐍆𐌹𐌻𐌿 𐌹𐍃 𐍄𐌰𐍅𐌹𐌳𐌰, 𐌵𐌴𐌼𐌿𐌽 𐌰𐍄 𐌹𐌼𐌼𐌰."
Mark,3,9,"𐌾𐌰𐌷 𐌵𐌰𐌸 𐌸𐌰𐌹𐌼 𐍃𐌹𐍀𐍉𐌽𐌾𐌰𐌼 𐍃𐌴𐌹𐌽𐌰𐌹𐌼 𐌴𐌹 𐍃𐌺𐌹𐍀 𐌷𐌰𐌱𐌰𐌹𐌸 𐍅𐌴𐍃𐌹 𐌰𐍄 𐌹𐌼𐌼𐌰 𐌹𐌽 𐌸𐌹𐌶𐍉𐍃 𐌼𐌰𐌽𐌰𐌲𐌴𐌹𐌽𐍃, 𐌴𐌹 𐌽𐌹 𐌸𐍂𐌰𐌹𐌷𐌴𐌹𐌽𐌰 𐌹𐌽𐌰."
Mark,3,10,"𐌼𐌰𐌽𐌰𐌲𐌰𐌽𐍃 𐌰𐌿𐌺 𐌲𐌰𐌷𐌰𐌹𐌻𐌹𐌳𐌰, 𐍃𐍅𐌰𐍃𐍅𐌴 𐌳𐍂𐌿𐍃𐌿𐌽 𐌰𐌽𐌰 𐌹𐌽𐌰 𐌴𐌹 𐌹𐌼𐌼𐌰 𐌰𐍄𐍄𐌰𐌹𐍄𐍉𐌺𐌴𐌹𐌽𐌰, 𐌾𐌰𐌷 𐍃𐍅𐌰 𐌼𐌰𐌽𐌰𐌲𐌰𐌹 𐍃𐍅𐌴 𐌷𐌰𐌱𐌰𐌹𐌳𐌴𐌳𐌿𐌽 𐍅𐌿𐌽𐌳𐌿𐍆𐌽𐌾𐍉𐍃"
Mark,3,11,"𐌾𐌰𐌷 𐌰𐌷𐌼𐌰𐌽𐍃 𐌿𐌽𐌷𐍂𐌰𐌹𐌽𐌾𐌰𐌽𐍃, 𐌸𐌰𐌹𐌷 𐌸𐌰𐌽 𐌹𐌽𐌰 𐌲𐌰𐍃𐌴𐍈𐌿𐌽, 𐌳𐍂𐌿𐍃𐌿𐌽 𐌳𐌿 𐌹𐌼𐌼𐌰 𐌾𐌰𐌷 𐌷𐍂𐍉𐍀𐌹𐌳𐌴𐌳𐌿𐌽 𐌵𐌹𐌸𐌰𐌽𐌳𐌰𐌽𐍃 𐌸𐌰𐍄𐌴𐌹 𐌸𐌿 𐌹𐍃 𐍃𐌿𐌽𐌿𐍃 𐌲𐌿𐌳𐌹𐍃."
Mark,3,12,𐌾𐌰𐌷 𐍆𐌹𐌻𐌿 𐌰𐌽𐌳𐌱𐌰𐌹𐍄 𐌹𐌽𐍃 𐌴𐌹 𐌹𐌽𐌰 𐌽𐌹 𐌲𐌰𐍃𐍅𐌹𐌺𐌿𐌽𐌸𐌹𐌳𐌴𐌳𐌴𐌹𐌽𐌰.
Mark,3,13,"𐌾𐌰𐌷 𐌿𐍃𐍄𐌰𐌹𐌲 𐌹𐌽 𐍆𐌰𐌹𐍂𐌲𐌿𐌽𐌹 𐌾𐌰𐌷 𐌰𐍄𐌷𐌰𐌹𐌷𐌰𐌹𐍄 𐌸𐌰𐌽𐌶𐌴𐌹 𐍅𐌹𐌻𐌳𐌰 𐌹𐍃, 𐌾𐌰𐌷 𐌲𐌰𐌻𐌹𐌸𐌿𐌽 𐌳𐌿 𐌹𐌼𐌼𐌰."
Mark,3,14,"𐌾𐌰𐌷 𐌲𐌰𐍅𐌰𐌿𐍂𐌷𐍄𐌰 𐍄𐍅𐌰𐌻𐌹𐍆 𐌳𐌿 𐍅𐌹𐍃𐌰𐌽 𐌼𐌹𐌸 𐍃𐌹𐍃, 𐌾𐌰𐌷 𐌴𐌹 𐌹𐌽𐍃𐌰𐌽𐌳𐌹𐌳𐌴𐌳𐌹 𐌹𐌽𐍃 𐌼𐌴𐍂𐌾𐌰𐌽"
Mark,3,15,𐌾𐌰𐌷 𐌷𐌰𐌱𐌰𐌽 𐍅𐌰𐌻𐌳𐌿𐍆𐌽𐌹 𐌳𐌿 𐌷𐌰𐌹𐌻𐌾𐌰𐌽 𐍃𐌰𐌿𐌷𐍄𐌹𐌽𐍃 𐌾𐌰𐌷 𐌿𐍃𐍅𐌰𐌹𐍂𐍀𐌰𐌽 𐌿𐌽𐌷𐌿𐌻𐌸𐍉𐌽𐍃.
Mark,3,16,𐌾𐌰𐌷 𐌲𐌰𐍃𐌰𐍄𐌹𐌳𐌰 𐍃𐌴𐌹𐌼𐍉𐌽𐌰 𐌽𐌰𐌼𐍉 𐍀𐌰𐌹𐍄𐍂𐌿𐍃;
Mark,3,17,"𐌾𐌰𐌷 𐌹𐌰𐌺𐍉𐌱𐌰𐌿 𐌸𐌰𐌼𐌼𐌰 𐌶𐌰𐌹𐌱𐌰𐌹𐌳𐌰𐌹𐌰𐌿𐍃 𐌾𐌰𐌷 𐌹𐍉𐌷𐌰𐌽𐌽𐌴 𐌱𐍂𐍉𐌸𐍂 𐌹𐌰𐌺𐍉𐌱𐌰𐌿𐍃 𐌾𐌰𐌷 𐌲𐌰𐍃𐌰𐍄𐌹𐌳𐌰 𐌹𐌼 𐌽𐌰𐌼𐌽𐌰 𐌱𐌰𐌿𐌰𐌽𐌰𐌹𐍂𐌲𐌰𐌹𐍃, 𐌸𐌰𐍄𐌴𐌹 𐌹𐍃𐍄: 𐍃𐌿𐌽𐌾𐌿𐍃 𐌸𐌴𐌹𐍈𐍉𐌽𐍃;"
Mark,3,18,𐌾𐌰𐌷 𐌰𐌽𐌳𐍂𐌰𐌹𐌰𐌽 𐌾𐌰𐌷 𐍆𐌹𐌻𐌹𐍀𐍀𐌿 𐌾𐌰𐌷 𐌱𐌰𐍂𐌸𐌰𐌿𐌻𐌰𐌿𐌼𐌰𐌹𐌿 𐌾𐌰𐌷 𐌼𐌰𐍄𐌸𐌰𐌹𐌿 𐌾𐌰𐌷 Þ𐍉𐌼𐌰𐌽 𐌾𐌰𐌷 𐌹𐌰𐌺𐍉𐌱𐌿 𐌸𐌰𐌽𐌰 𐌰𐌻𐍆𐌰𐌹𐌰𐌿𐍃 𐌾𐌰𐌷 Þ𐌰𐌳𐌳𐌰𐌹𐌿 𐌾𐌰𐌷 𐍃𐌴𐌹𐌼𐍉𐌽𐌰 𐌸𐌰𐌽𐌰 𐌺𐌰𐌽𐌰𐌽𐌴𐌹𐍄𐌴𐌽
Mark,3,19,"𐌾𐌰𐌷 𐌹𐌿𐌳𐌰𐌽 𐌹𐍃𐌺𐌰𐍂𐌹𐍉𐍄𐌴𐌽, 𐍃𐌰𐌴𐌹 𐌾𐌰𐌷 𐌲𐌰𐌻𐌴𐍅𐌹𐌳𐌰 𐌹𐌽𐌰."
Mark,3,20,"𐌾𐌰𐌷 𐌰𐍄𐌹𐌳𐌳𐌾𐌴𐌳𐌿𐌽 𐌹𐌽 𐌲𐌰𐍂𐌳, 𐌾𐌰𐌷 𐌲𐌰ï𐌳𐌳𐌾𐌰 𐍃𐌹𐌺 𐌼𐌰𐌽𐌰𐌲𐌴𐌹, 𐍃𐍅𐌰𐍃𐍅𐌴 𐌽𐌹 𐌼𐌰𐌷𐍄𐌴𐌳𐌿𐌽 𐌽𐌹𐌷 𐌷𐌻𐌰𐌹𐍆 𐌼𐌰𐍄𐌾𐌰𐌽."
Mark,3,21,𐌾𐌰𐌷 𐌷𐌰𐌿𐍃𐌾𐌰𐌽𐌳𐌰𐌽𐍃 𐍆𐍂𐌰𐌼 𐌹𐌼𐌼𐌰 𐌱𐍉𐌺𐌰𐍂𐌾𐍉𐍃 𐌾𐌰𐌷 𐌰𐌽𐌸𐌰𐍂𐌰𐌹 𐌿𐍃𐌹𐌳𐌳𐌾𐌴𐌳𐌿𐌽 𐌲𐌰𐌷𐌰𐌱𐌰𐌽 𐌹𐌽𐌰; 𐌵𐌴𐌸𐌿𐌽 𐌰𐌿𐌺 𐌸𐌰𐍄𐌴𐌹 𐌿𐍃𐌲𐌰𐌹𐍃𐌹𐌸𐍃 𐌹𐍃𐍄.
Mark,3,22,"𐌾𐌰𐌷 𐌱𐍉𐌺𐌰𐍂𐌾𐍉𐍃 𐌸𐌰𐌹 𐌰𐍆 𐌹𐌰𐌹𐍂𐌿𐍃𐌰𐌿𐌻𐍅𐌼𐌰𐌹 𐌵𐌹𐌼𐌰𐌽𐌳𐌰𐌽𐍃 𐌵𐌴𐌸𐌿𐌽 𐌸𐌰𐍄𐌴𐌹 𐌱𐌰𐌹𐌰𐌹𐌻𐌶𐌰𐌹𐌱𐌿𐌻 𐌷𐌰𐌱𐌰𐌹𐌸, 𐌾𐌰𐌷 𐌸𐌰𐍄𐌴𐌹 𐌹𐌽 𐌸𐌰𐌼𐌼𐌰 𐍂𐌴𐌹𐌺𐌹𐍃𐍄𐌹𐌽 𐌿𐌽𐌷𐌿𐌻𐌸𐍉𐌽𐍉 𐌿𐍃𐍅𐌰𐌹𐍂𐍀𐌹𐌸 𐌸𐌰𐌹𐌼 𐌿𐌽𐌷𐌿𐌻𐌸𐍉𐌼."
Mark,3,23,𐌾𐌰𐌷 𐌰𐍄𐌷𐌰𐌹𐍄𐌰𐌽𐌳𐍃 𐌹𐌽𐍃 𐌹𐌽 𐌲𐌰𐌾𐌿𐌺𐍉𐌼 𐌵𐌰𐌸 𐌳𐌿 𐌹𐌼: 𐍈𐌰𐌹𐍅𐌰 𐌼𐌰𐌲 𐍃𐌰𐍄𐌰𐌽𐌰𐍃 𐍃𐌰𐍄𐌰𐌽𐌰𐌽 𐌿𐍃𐍅𐌰𐌹𐍂𐍀𐌰𐌽?
Mark,3,24,"𐌾𐌰𐌷 𐌾𐌰𐌱𐌰𐌹 𐌸𐌹𐌿𐌳𐌰𐌽𐌲𐌰𐍂𐌳𐌹 𐍅𐌹𐌸𐍂𐌰 𐍃𐌹𐌺 𐌲𐌰𐌳𐌰𐌹𐌻𐌾𐌰𐌳𐌰, 𐌽𐌹 𐌼𐌰𐌲 𐍃𐍄𐌰𐌽𐌳𐌰𐌽 𐍃𐍉 𐌸𐌹𐌿𐌳𐌰𐌽𐌲𐌰𐍂𐌳𐌹 𐌾𐌰𐌹𐌽𐌰."
Mark,3,25,"𐌾𐌰𐌷 𐌾𐌰𐌱𐌰𐌹 𐌲𐌰𐍂𐌳𐍃 𐍅𐌹𐌸𐍂𐌰 𐍃𐌹𐌺 𐌲𐌰𐌳𐌰𐌹𐌻𐌾𐌰𐌳𐌰, 𐌽𐌹 𐌼𐌰𐌲 𐍃𐍄𐌰𐌽𐌳𐌰𐌽 𐍃𐌰 𐌲𐌰𐍂𐌳𐍃 𐌾𐌰𐌹𐌽𐍃."
Mark,3,26,"𐌾𐌰𐌷 𐌾𐌰𐌱𐌰𐌹 𐍃𐌰𐍄𐌰𐌽𐌰 𐌿𐍃𐍃𐍄𐍉𐌸 𐌰𐌽𐌰 𐍃𐌹𐌺 𐍃𐌹𐌻𐌱𐌰𐌽 𐌾𐌰𐌷 𐌲𐌰𐌳𐌰𐌹𐌻𐌹𐌸𐍃 𐍅𐌰𐍂𐌸, 𐌽𐌹 𐌼𐌰𐌲 𐌲𐌰𐍃𐍄𐌰𐌽𐌳𐌰𐌽, 𐌰𐌺 𐌰𐌽𐌳𐌹 𐌷𐌰𐌱𐌰𐌹𐌸."
Mark,3,27,"𐌽𐌹 𐌼𐌰𐌽𐌽𐌰 𐌼𐌰𐌲 𐌺𐌰𐍃𐌰 𐍃𐍅𐌹𐌽𐌸𐌹𐍃 𐌲𐌰𐌻𐌴𐌹𐌸𐌰𐌽𐌳𐍃 𐌹𐌽 𐌲𐌰𐍂𐌳 𐌹𐍃 𐍅𐌹𐌻𐍅𐌰𐌽, 𐌽𐌹𐌱𐌰 𐍆𐌰𐌿𐍂𐌸𐌹𐍃 𐌸𐌰𐌽𐌰 𐍃𐍅𐌹𐌽𐌸𐌰𐌽 𐌲𐌰𐌱𐌹𐌽𐌳𐌹𐌸; 𐌾𐌰𐌷 𐌸𐌰𐌽𐌰 𐌲𐌰𐍂𐌳 𐌹𐍃 𐌳𐌹𐍃𐍅𐌹𐌻𐍅𐌰𐌹."
Mark,3,28,"𐌰𐌼𐌴𐌽, 𐌵𐌹𐌸𐌰 𐌹𐌶𐍅𐌹𐍃, 𐌸𐌰𐍄𐌴𐌹 𐌰𐌻𐌻𐌰𐍄𐌰 𐌰𐍆𐌻𐌴𐍄𐌰𐌳𐌰 𐌸𐌰𐍄𐌰 𐍆𐍂𐌰𐍅𐌰𐌿𐍂𐌷𐍄𐌴 𐍃𐌿𐌽𐌿𐌼 𐌼𐌰𐌽𐌽𐌴, 𐌾𐌰𐌷 𐌽𐌰𐌹𐍄𐌴𐌹𐌽𐍉𐍃 𐍃𐍅𐌰 𐌼𐌰𐌽𐌰𐌲𐍉𐍃 𐍃𐍅𐌰𐍃𐍅𐌴 𐍅𐌰𐌾𐌰𐌼𐌴𐍂𐌾𐌰𐌽𐌳;"
Mark,3,29,"𐌰𐌸𐌸𐌰𐌽 𐍃𐌰𐌴𐌹 𐍅𐌰𐌾𐌰𐌼𐌴𐍂𐌴𐌹𐌸 𐌰𐌷𐌼𐌰𐌽 𐍅𐌴𐌹𐌷𐌰𐌽𐌰 𐌽𐌹 𐌷𐌰𐌱𐌰𐌹𐌸 𐍆𐍂𐌰𐌻𐌴𐍄 𐌰𐌹𐍅, 𐌰𐌺 𐍃𐌺𐌿𐌻𐌰 𐌹𐍃𐍄 𐌰𐌹𐍅𐌴𐌹𐌽𐌰𐌹𐌶𐍉𐍃 𐍆𐍂𐌰𐍅𐌰𐌿𐍂𐌷𐍄𐌰𐌹𐍃."
Mark,3,30,𐌿𐌽𐍄𐌴 𐌵𐌴𐌸𐌿𐌽: 𐌰𐌷𐌼𐌰𐌽 𐌿𐌽𐌷𐍂𐌰𐌹𐌽𐌾𐌰𐌽𐌰 𐌷𐌰𐌱𐌰𐌹𐌸.
Mark,3,31,"𐌾𐌰𐌷 𐌵𐌴𐌼𐌿𐌽 𐌸𐌰𐌽 𐌰𐌹𐌸𐌴𐌹 𐌹𐍃 𐌾𐌰𐌷 𐌱𐍂𐍉𐌸𐍂𐌾𐌿𐍃 𐌹𐍃 𐌾𐌰𐌷 𐌿𐍄𐌰 𐍃𐍄𐌰𐌽𐌳𐌰𐌽𐌳𐍉𐌽𐌰 𐌹𐌽𐍃𐌰𐌽𐌳𐌹𐌳𐌴𐌳𐌿𐌽 𐌳𐌿 𐌹𐌼𐌼𐌰, 𐌷𐌰𐌹𐍄𐌰𐌽𐌳𐍉𐌽𐌰 𐌹𐌽𐌰."
Mark,3,32,"𐌾𐌰𐌷 𐍃𐌴𐍄𐌿𐌽 𐌱𐌹 𐌹𐌽𐌰 𐌼𐌰𐌽𐌰𐌲𐌴𐌹; 𐌵𐌴𐌸𐌿𐌽 𐌸𐌰𐌽 𐌳𐌿 𐌹𐌼𐌼𐌰: 𐍃𐌰𐌹, 𐌰𐌹𐌸𐌴𐌹 𐌸𐌴𐌹𐌽𐌰 𐌾𐌰𐌷 𐌱𐍂𐍉𐌸𐍂𐌾𐌿𐍃 𐌸𐌴𐌹𐌽𐌰𐌹 𐌾𐌰𐌷 𐍃𐍅𐌹𐍃𐍄𐍂𐌾𐌿𐍃 𐌸𐌴𐌹𐌽𐍉𐍃 𐌿𐍄𐌰 𐍃𐍉𐌺𐌾𐌰𐌽𐌳 𐌸𐌿𐌺."
Mark,3,33,𐌾𐌰𐌷 𐌰𐌽𐌳𐌷𐍉𐍆 𐌹𐌼 𐌵𐌹𐌸𐌰𐌽𐌳𐍃: 𐍈𐍉 𐌹𐍃𐍄 𐍃𐍉 𐌰𐌹𐌸𐌴𐌹 𐌼𐌴𐌹𐌽𐌰 𐌰𐌹𐌸𐌸𐌰𐌿 𐌸𐌰𐌹 𐌱𐍂𐍉𐌸𐍂𐌾𐌿𐍃 𐌼𐌴𐌹𐌽𐌰𐌹?
Mark,3,34,"𐌾𐌰𐌷 𐌱𐌹𐍃𐌰𐌹𐍈𐌰𐌽𐌳𐍃 𐌱𐌹𐍃𐌿𐌽𐌾𐌰𐌽𐌴 𐌸𐌰𐌽𐍃 𐌱𐌹 𐍃𐌹𐌺 𐍃𐌹𐍄𐌰𐌽𐌳𐌰𐌽𐍃 𐌵𐌰𐌸: 𐍃𐌰𐌹, 𐌰𐌹𐌸𐌴𐌹 𐌼𐌴𐌹𐌽𐌰 𐌾𐌰𐌷 𐌸𐌰𐌹 𐌱𐍂𐍉𐌸𐍂𐌾𐌿𐍃 𐌼𐌴𐌹𐌽𐌰𐌹."
Mark,3,35,"𐍃𐌰𐌴𐌹 𐌰𐌻𐌻𐌹𐍃 𐍅𐌰𐌿𐍂𐌺𐌴𐌹𐌸 𐍅𐌹𐌻𐌾𐌰𐌽 𐌲𐌿𐌳𐌹𐍃, 𐍃𐌰 𐌾𐌰𐌷 𐌱𐍂𐍉𐌸𐌰𐍂 𐌼𐌴𐌹𐌽𐍃 𐌾𐌰𐌷 𐍃𐍅𐌹𐍃𐍄𐌰𐍂 𐌾𐌰𐌷 𐌰𐌹𐌸𐌴𐌹 𐌹𐍃𐍄."
Mark,4,1,"𐌾𐌰𐌷 𐌰𐍆𐍄𐍂𐌰 [𐌹𐌴𐍃𐌿𐍃] 𐌳𐌿𐌲𐌰𐌽𐌽 𐌻𐌰𐌹𐍃𐌾𐌰𐌽 𐌰𐍄 𐌼𐌰𐍂𐌴𐌹𐌽, 𐌾𐌰𐌷 𐌲𐌰𐌻𐌴𐍃𐌿𐌽 𐍃𐌹𐌺 𐌳𐌿 𐌹𐌼𐌼𐌰 𐌼𐌰𐌽𐌰𐌲𐌴𐌹𐌽𐍃 𐍆𐌹𐌻𐌿, 𐍃𐍅𐌰𐍃𐍅𐌴 𐌹𐌽𐌰 𐌲𐌰𐌻𐌴𐌹𐌸𐌰𐌽 𐌹𐌽 𐍃𐌺𐌹𐍀 𐌲𐌰𐍃𐌹𐍄𐌰𐌽 𐌹𐌽 𐌼𐌰𐍂𐌴𐌹𐌽; 𐌾𐌰𐌷 𐌰𐌻𐌻𐌰 𐍃𐍉 𐌼𐌰𐌽𐌰𐌲𐌴𐌹 𐍅𐌹𐌸𐍂𐌰 𐌼𐌰𐍂𐌴𐌹𐌽 𐌰𐌽𐌰 𐍃𐍄𐌰𐌸𐌰 𐍅𐌰𐍃."
Mark,4,2,𐌾𐌰𐌷 𐌻𐌰𐌹𐍃𐌹𐌳𐌰 𐌹𐌽𐍃 𐌹𐌽 𐌲𐌰𐌾𐌿𐌺𐍉𐌼 𐌼𐌰𐌽𐌰𐌲 𐌾𐌰𐌷 𐌵𐌰𐌸 𐌹𐌼 𐌹𐌽 𐌻𐌰𐌹𐍃𐌴𐌹𐌽𐌰𐌹 𐍃𐌴𐌹𐌽𐌰𐌹:
Mark,4,3,"𐌷𐌰𐌿𐍃𐌴𐌹𐌸! 𐍃𐌰𐌹, 𐌿𐍂𐍂𐌰𐌽𐌽 𐍃𐌰 𐍃𐌰𐌹𐌰𐌽𐌳𐍃 𐌳𐌿 𐍃𐌰𐌹𐌰𐌽 𐍆𐍂𐌰𐌹𐍅𐌰 𐍃𐌴𐌹𐌽𐌰𐌼𐌼𐌰."
Mark,4,4,"𐌾𐌰𐌷 𐍅𐌰𐍂𐌸, 𐌼𐌹𐌸𐌸𐌰𐌽𐌴𐌹 𐍃𐌰𐌹𐍃𐍉, 𐍃𐌿𐌼 𐍂𐌰𐌹𐌷𐍄𐌹𐍃 𐌲𐌰𐌳𐍂𐌰𐌿𐍃 𐍆𐌰𐌿𐍂 𐍅𐌹𐌲, 𐌾𐌰𐌷 𐌵𐌴𐌼𐌿𐌽 𐍆𐌿𐌲𐌻𐍉𐍃 𐌾𐌰𐌷 𐍆𐍂𐌴𐍄𐌿𐌽 𐌸𐌰𐍄𐌰."
Mark,4,5,"𐌰𐌽𐌸𐌰𐍂𐌿𐌸~𐌸𐌰𐌽 𐌲𐌰𐌳𐍂𐌰𐌿𐍃 𐌰𐌽𐌰 𐍃𐍄𐌰𐌹𐌽𐌰𐌷𐌰𐌼𐌼𐌰, 𐌸𐌰𐍂𐌴𐌹 𐌽𐌹 𐌷𐌰𐌱𐌰𐌹𐌳𐌰 𐌰𐌹𐍂𐌸𐌰 𐌼𐌰𐌽𐌰𐌲𐌰, 𐌾𐌰𐌷 𐍃𐌿𐌽𐍃 𐌿𐍂𐍂𐌰𐌽𐌽, 𐌹𐌽 𐌸𐌹𐌶𐌴𐌹 𐌽𐌹 𐌷𐌰𐌱𐌰𐌹𐌳𐌰 𐌳𐌹𐌿𐍀𐌰𐌹𐌶𐍉𐍃 𐌰𐌹𐍂𐌸𐍉𐍃;"
Mark,4,6,"𐌰𐍄 𐍃𐌿𐌽𐌽𐌹𐌽 𐌸𐌰𐌽 𐌿𐍂𐍂𐌹𐌽𐌽𐌰𐌽𐌳𐌹𐌽 𐌿𐍆𐌱𐍂𐌰𐌽𐌽, 𐌾𐌰𐌷 𐌿𐌽𐍄𐌴 𐌽𐌹 𐌷𐌰𐌱𐌰𐌹𐌳𐌰 𐍅𐌰𐌿𐍂𐍄𐌹𐌽𐍃, 𐌲𐌰𐌸𐌰𐌿𐍂𐍃𐌽𐍉𐌳𐌰."
Mark,4,7,"𐌾𐌰𐌷 𐍃𐌿𐌼 𐌲𐌰𐌳𐍂𐌰𐌿𐍃 𐌹𐌽 𐌸𐌰𐌿𐍂𐌽𐌿𐌽𐍃; 𐌾𐌰𐌷 𐌿𐍆𐌰𐍂𐍃𐍄𐌹𐌲𐌿𐌽 𐌸𐌰𐌹 𐌸𐌰𐌿𐍂𐌽𐌾𐌿𐍃 𐌾𐌰𐌷 𐌰𐍆𐍈𐌰𐍀𐌹𐌳𐌴𐌳𐌿𐌽 𐌸𐌰𐍄𐌰, 𐌾𐌰𐌷 𐌰𐌺𐍂𐌰𐌽 𐌽𐌹 𐌲𐌰𐍆."
Mark,4,8,"𐌾𐌰𐌷 𐍃𐌿𐌼 𐌲𐌰𐌳𐍂𐌰𐌿𐍃 𐌹𐌽 𐌰𐌹𐍂𐌸𐌰 𐌲𐍉𐌳𐌰 𐌾𐌰𐌷 𐌲𐌰𐍆 𐌰𐌺𐍂𐌰𐌽 𐌿𐍂𐍂𐌹𐌽𐌽𐌰𐌽𐌳𐍉 𐌾𐌰𐌷 𐍅𐌰𐌷𐍃𐌾𐌰𐌽𐌳𐍉, 𐌾𐌰𐌷 𐌱𐌰𐍂 𐌰𐌹𐌽 ·𐌻· 𐌾𐌰𐌷 𐌰𐌹𐌽 ·𐌾· 𐌾𐌰𐌷 𐌰𐌹𐌽 ·𐍂·"
Mark,4,9,"𐌾𐌰𐌷 𐌵𐌰𐌸: 𐍃𐌰𐌴𐌹 𐌷𐌰𐌱𐌰𐌹 𐌰𐌿𐍃𐍉𐌽𐌰 𐌷𐌰𐌿𐍃𐌾𐌰𐌽𐌳𐍉𐌽𐌰, 𐌲𐌰𐌷𐌰𐌿𐍃𐌾𐌰𐌹."
Mark,4,10,"𐌹𐌸 𐌱𐌹𐌸𐌴 𐍅𐌰𐍂𐌸 𐍃𐌿𐌽𐌳𐍂𐍉, 𐍆𐍂𐌴𐌷𐌿𐌽 𐌹𐌽𐌰 𐌸𐌰𐌹 𐌱𐌹 𐌹𐌽𐌰 𐌼𐌹𐌸 𐌸𐌰𐌹𐌼 𐍄𐍅𐌰𐌻𐌹𐌱𐌹𐌼 𐌸𐌹𐌶𐍉𐍃 𐌲𐌰𐌾𐌿𐌺𐍉𐌽𐍃."
Mark,4,11,"𐌾𐌰𐌷 𐌵𐌰𐌸 𐌹𐌼: 𐌹𐌶𐍅𐌹𐍃 𐌰𐍄𐌲𐌹𐌱𐌰𐌽 𐌹𐍃𐍄 𐌺𐌿𐌽𐌽𐌰𐌽 𐍂𐌿𐌽𐌰 𐌸𐌹𐌿𐌳𐌰𐌽𐌲𐌰𐍂𐌳𐌾𐍉𐍃 𐌲𐌿𐌳𐌹𐍃, 𐌹𐌸 𐌾𐌰𐌹𐌽𐌰𐌹𐌼 𐌸𐌰𐌹𐌼 𐌿𐍄𐌰 𐌹𐌽 𐌲𐌰𐌾𐌿𐌺𐍉𐌼 𐌰𐌻𐌻𐌰𐍄𐌰 𐍅𐌰𐌹𐍂𐌸𐌹𐌸,"
Mark,4,12,"𐌴𐌹 𐍃𐌰𐌹𐍈𐌰𐌽𐌳𐌰𐌽𐍃 𐍃𐌰𐌹𐍈𐌰𐌹𐌽𐌰 𐌾𐌰𐌷 𐌽𐌹 𐌲𐌰𐌿𐌼𐌾𐌰𐌹𐌽𐌰, 𐌾𐌰𐌷 𐌷𐌰𐌿𐍃𐌾𐌰𐌽𐌳𐌰𐌽𐍃 𐌷𐌰𐌿𐍃𐌾𐌰𐌹𐌽𐌰 𐌾𐌰𐌷 𐌽𐌹 𐍆𐍂𐌰𐌸𐌾𐌰𐌹𐌽𐌰, 𐌹𐌱𐌰𐌹 𐍈𐌰𐌽 𐌲𐌰𐍅𐌰𐌽𐌳𐌾𐌰𐌹𐌽𐌰 𐍃𐌹𐌺 𐌾𐌰𐌷 𐌰𐍆𐌻𐌴𐍄𐌰𐌹𐌽𐌳𐌰𐌿 𐌹𐌼 𐍆𐍂𐌰𐍅𐌰𐌿𐍂𐌷𐍄𐌴𐌹𐍃."
Mark,4,13,"𐌾𐌰𐌷 𐌵𐌰𐌸 𐌳𐌿 𐌹𐌼: 𐌽𐌹 𐍅𐌹𐍄𐌿𐌸 𐌸𐍉 𐌲𐌰𐌾𐌿𐌺𐍉𐌽, 𐌾𐌰𐌷 𐍈𐌰𐌹𐍅𐌰 𐌰𐌻𐌻𐍉𐍃 𐌸𐍉𐍃 𐌲𐌰𐌾𐌿𐌺𐍉𐌽𐍃 𐌺𐌿𐌽𐌽𐌴𐌹𐌸?"
Mark,4,14,𐍃𐌰 𐍃𐌰𐌹𐌾𐌰𐌽𐌳𐍃 𐍅𐌰𐌿𐍂𐌳 𐍃𐌰𐌹𐌾𐌹𐌸.
Mark,4,15,"𐌰𐌸𐌸𐌰𐌽 𐌸𐌰𐌹 𐍅𐌹𐌸𐍂𐌰 𐍅𐌹𐌲 𐍃𐌹𐌽𐌳, 𐌸𐌰𐍂𐌴𐌹 𐍃𐌰𐌹𐌰𐌳𐌰 𐌸𐌰𐍄𐌰 𐍅𐌰𐌿𐍂𐌳, 𐌾𐌰𐌷 𐌸𐌰𐌽 𐌲𐌰𐌷𐌰𐌿𐍃𐌾𐌰𐌽𐌳 𐌿𐌽𐌺𐌰𐍂𐌾𐌰𐌽𐍃, 𐍃𐌿𐌽𐍃 𐌵𐌹𐌼𐌹𐌸 𐍃𐌰𐍄𐌰𐌽𐌰𐍃 𐌾𐌰𐌷 𐌿𐍃𐌽𐌹𐌼𐌹𐌸 𐍅𐌰𐌿𐍂𐌳 𐌸𐌰𐍄𐌰 𐌹𐌽𐍃𐌰𐌹𐌰𐌽𐍉 𐌹𐌽 𐌷𐌰𐌹𐍂𐍄𐌰𐌼 𐌹𐌶𐌴."
Mark,4,16,"𐌾𐌰𐌷 𐍃𐌹𐌽𐌳 𐍃𐌰𐌼𐌰𐌻𐌴𐌹𐌺𐍉 𐌸𐌰𐌹 𐌰𐌽𐌰 𐍃𐍄𐌰𐌹𐌽𐌰𐌷𐌰𐌼𐌼𐌰 𐍃𐌰𐌹𐌰𐌽𐌰𐌽𐍃, 𐌸𐌰𐌹𐌴𐌹 𐌸𐌰𐌽 𐌷𐌰𐌿𐍃𐌾𐌰𐌽𐌳 𐌸𐌰𐍄𐌰 𐍅𐌰𐌿𐍂𐌳, 𐍃𐌿𐌽𐍃 𐌼𐌹𐌸 𐍆𐌰𐌷𐌴𐌳𐌰𐌹 𐌽𐌹𐌼𐌰𐌽𐌳 𐌹𐍄𐌰"
Mark,4,17,"𐌾𐌰𐌷 𐌽𐌹 𐌷𐌰𐌱𐌰𐌽𐌳 𐍅𐌰𐌿𐍂𐍄𐌹𐌽𐍃 𐌹𐌽 𐍃𐌹𐍃, 𐌰𐌺 𐍈𐌴𐌹𐌻𐌰𐍈𐌰𐌹𐍂𐌱𐌰𐌹 𐍃𐌹𐌽𐌳; 𐌸𐌰𐌸𐍂𐍉𐌷, 𐌱𐌹𐌸𐌴 𐌵𐌹𐌼𐌹𐌸 𐌰𐌲𐌻𐍉 𐌰𐌹𐌸𐌸𐌰𐌿 𐍅𐍂𐌰𐌺𐌾𐌰 𐌹𐌽 𐌸𐌹𐍃 𐍅𐌰𐌿𐍂𐌳𐌹𐍃, 𐍃𐌿𐌽𐍃 𐌲𐌰𐌼𐌰𐍂𐌶𐌾𐌰𐌽𐌳𐌰."
Mark,4,18,"𐌾𐌰𐌷 𐌸𐌰𐌹 𐍃𐌹𐌽𐌳 𐌸𐌰𐌹 𐌹𐌽 𐌸𐌰𐌿𐍂𐌽𐌿𐌽𐍃 𐍃𐌰𐌹𐌰𐌽𐌰𐌽𐍃, 𐌸𐌰𐌹 𐍅𐌰𐌿𐍂𐌳 𐌷𐌰𐌿𐍃𐌾𐌰𐌽𐌳𐌰𐌽𐍃,"
Mark,4,19,"𐌾𐌰𐌷 𐍃𐌰𐌿𐍂𐌲𐍉𐍃 𐌸𐌹𐌶𐍉𐍃 𐌻𐌹𐌱𐌰𐌹𐌽𐌰𐌹𐍃 𐌾𐌰𐌷 𐌰𐍆𐌼𐌰𐍂𐌶𐌴𐌹𐌽𐍃 𐌲𐌰𐌱𐌴𐌹𐌽𐍃 𐌾𐌰𐌷 𐌸𐌰𐌹 𐌱𐌹 𐌸𐌰𐍄𐌰 𐌰𐌽𐌸𐌰𐍂 𐌻𐌿𐍃𐍄𐌾𐌿𐍃 𐌹𐌽𐌽𐌰𐍄𐌲𐌰𐌲𐌲𐌰𐌽𐌳𐌰𐌽𐍃 𐌰𐍆𐍈𐌰𐍀𐌾𐌰𐌽𐌳 𐌸𐌰𐍄𐌰 𐍅𐌰𐌿𐍂𐌳, 𐌾𐌰𐌷 𐌰𐌺𐍂𐌰𐌽𐌰𐌻𐌰𐌿𐍃 𐍅𐌰𐌹𐍂𐌸𐌹𐌸."
Mark,4,20,"𐌾𐌰𐌷 𐌸𐌰𐌹 𐍃𐌹𐌽𐌳 𐌸𐌰𐌹 𐌰𐌽𐌰 𐌰𐌹𐍂𐌸𐌰𐌹 𐌸𐌹𐌶𐌰𐌹 𐌲𐍉𐌳𐍉𐌽 𐍃𐌰𐌹𐌰𐌽𐌰𐌽𐍃, 𐌸𐌰𐌹𐌴𐌹 𐌷𐌰𐌿𐍃𐌾𐌰𐌽𐌳 𐌸𐌰𐍄𐌰 𐍅𐌰𐌿𐍂𐌳 𐌾𐌰𐌷 𐌰𐌽𐌳𐌽𐌹𐌼𐌰𐌽𐌳 𐌾𐌰𐌷 𐌰𐌺𐍂𐌰𐌽 𐌱𐌰𐌹𐍂𐌰𐌽𐌳, 𐌰𐌹𐌽 ·𐌻· 𐌾𐌰𐌷 𐌰𐌹𐌽 ·𐌾· 𐌾𐌰𐌷 𐌰𐌹𐌽 ·𐍂·"
Mark,4,21,𐌾𐌰𐌷 𐌵𐌰𐌸 𐌳𐌿 𐌹𐌼: 𐌹𐌱𐌰𐌹 𐌻𐌿𐌺𐌰𐍂𐌽 𐌵𐌹𐌼𐌹𐌸 𐌳𐌿𐌸𐌴 𐌴𐌹 𐌿𐍆 𐌼𐌴𐌻𐌰𐌽 𐍃𐌰𐍄𐌾𐌰𐌹𐌳𐌰𐌿 𐌰𐌹𐌸𐌸𐌰𐌿 𐌿𐌽𐌳𐌰𐍂 𐌻𐌹𐌲𐍂? 𐌽𐌹𐌿 𐌴𐌹 𐌰𐌽𐌰 𐌻𐌿𐌺𐌰𐍂𐌽𐌰𐍃𐍄𐌰𐌸𐌰𐌽 𐍃𐌰𐍄𐌾𐌰𐌹𐌳𐌰𐌿?
Mark,4,22,"𐌽𐌹𐌷 𐌰𐌻𐌻𐌹𐍃 𐌹𐍃𐍄 𐍈𐌰 𐍆𐌿𐌻𐌲𐌹𐌽𐌹𐍃 𐌸𐌰𐍄𐌴𐌹 𐌽𐌹 𐌲𐌰𐌱𐌰𐌹𐍂𐌷𐍄𐌾𐌰𐌹𐌳𐌰𐌿: 𐌽𐌹𐌷 𐍅𐌰𐍂𐌸 𐌰𐌽𐌰𐌻𐌰𐌿𐌲𐌽, 𐌰𐌺 𐌴𐌹 𐍃𐍅𐌹𐌺𐌿𐌽𐌸 𐍅𐌰𐌹𐍂𐌸𐌰𐌹."
Mark,4,23,"𐌾𐌰𐌱𐌰𐌹 𐍈𐌰𐍃 𐌷𐌰𐌱𐌰𐌹 𐌰𐌿𐍃𐍉𐌽𐌰 𐌷𐌰𐌿𐍃𐌾𐌰𐌽𐌳𐍉𐌽𐌰, 𐌲𐌰𐌷𐌰𐌿𐍃𐌾𐌰𐌹."
Mark,4,24,"𐌾𐌰𐌷 𐌵𐌰𐌸 𐌳𐌿 𐌹𐌼: 𐍃𐌰𐌹𐍈𐌹𐌸, 𐍈𐌰 𐌷𐌰𐌿𐍃𐌴𐌹𐌸! 𐌹𐌽 𐌸𐌹𐌶𐌰𐌹𐌴𐌹 𐌼𐌹𐍄𐌰𐌸 𐌼𐌹𐍄𐌹𐌸, 𐌼𐌹𐍄𐌰𐌳𐌰 𐌹𐌶𐍅𐌹𐍃 𐌾𐌰𐌷 𐌱𐌹𐌰𐌿𐌺𐌰𐌳𐌰 𐌹𐌶𐍅𐌹𐍃 𐌸𐌰𐌹𐌼 𐌲𐌰𐌻𐌰𐌿𐌱𐌾𐌰𐌽𐌳𐌰𐌼."
Mark,4,25,𐌿𐌽𐍄𐌴 𐌸𐌹𐍃𐍈𐌰𐌼𐌼𐌴𐌷 𐍃𐌰𐌴𐌹 𐌷𐌰𐌱𐌰𐌹𐌸 𐌲𐌹𐌱𐌰𐌳𐌰 𐌹𐌼𐌼𐌰; 𐌾𐌰𐌷 𐍃𐌰𐌴𐌹 𐌽𐌹 𐌷𐌰𐌱𐌰𐌹𐌸 𐌾𐌰𐌷 𐌸𐌰𐍄𐌴𐌹 𐌷𐌰𐌱𐌰𐌹𐌸 𐌰𐍆𐌽𐌹𐌼𐌰𐌳𐌰 𐌹𐌼𐌼𐌰.
Mark,4,26,"𐌾𐌰𐌷 𐌵𐌰𐌸: 𐍃𐍅𐌰 𐌹𐍃𐍄 𐌸𐌹𐌿𐌳𐌰𐌽𐌲𐌰𐍂𐌳𐌹 𐌲𐌿𐌳𐌹𐍃, 𐍃𐍅𐌰𐍃𐍅𐌴 𐌾𐌰𐌱𐌰𐌹 𐌼𐌰𐌽𐌽𐌰 𐍅𐌰𐌹𐍂𐍀𐌹𐌸 𐍆𐍂𐌰𐌹𐍅𐌰 𐌰𐌽𐌰 𐌰𐌹𐍂𐌸𐌰."
Mark,4,27,"𐌾𐌰𐌷 𐍃𐌻𐌴𐍀𐌹𐌸 𐌾𐌰𐌷 𐌿𐍂𐍂𐌴𐌹𐍃𐌹𐌸 𐌽𐌰𐌷𐍄 𐌾𐌰𐌷 𐌳𐌰𐌲𐌰, 𐌾𐌰𐌷 𐌸𐌰𐍄𐌰 𐍆𐍂𐌰𐌹𐍅 𐌺𐌴𐌹𐌽𐌹𐌸 𐌾𐌰𐌷 𐌻𐌹𐌿𐌳𐌹𐌸 𐍃𐍅𐌴 𐌽𐌹 𐍅𐌰𐌹𐍄 𐌹𐍃."
Mark,4,28,"𐍃𐌹𐌻𐌱𐍉 𐌰𐌿𐌺 𐌰𐌹𐍂𐌸𐌰 𐌰𐌺𐍂𐌰𐌽 𐌱𐌰𐌹𐍂𐌹𐌸: 𐍆𐍂𐌿𐌼𐌹𐍃𐍄 𐌲𐍂𐌰𐍃, 𐌸𐌰𐌸𐍂𐍉𐌷 𐌰𐌷𐍃, 𐌸𐌰𐌸𐍂𐍉𐌷 𐍆𐌿𐌻𐌻𐌹𐌸 𐌺𐌰𐌿𐍂𐌽𐌹𐍃 𐌹𐌽 𐌸𐌰𐌼𐌼𐌰 𐌰𐌷𐍃𐌰."
Mark,4,29,"𐌸𐌰𐌽𐌿𐌷 𐌱𐌹𐌸𐌴 𐌰𐍄𐌲𐌹𐌱𐌰𐌳𐌰 𐌰𐌺𐍂𐌰𐌽, 𐍃𐌿𐌽𐍃 𐌹𐌽𐍃𐌰𐌽𐌳𐌴𐌹𐌸 𐌲𐌹𐌻𐌸𐌰, 𐌿𐌽𐍄𐌴 𐌰𐍄𐌹𐍃𐍄 𐌰𐍃𐌰𐌽𐍃."
Mark,4,30,"𐌾𐌰𐌷 𐌵𐌰𐌸: 𐍈𐌴 𐌲𐌰𐌻𐌴𐌹𐌺𐍉𐌼 𐌸𐌹𐌿𐌳𐌰𐌽𐌲𐌰𐍂𐌳𐌾𐌰 𐌲𐌿𐌳𐌹𐍃, 𐌰𐌹𐌸𐌸𐌰𐌿 𐌹𐌽 𐍈𐌹𐌻𐌴𐌹𐌺𐌰𐌹 𐌲𐌰𐌾𐌿𐌺𐍉𐌽 𐌲𐌰𐌱𐌰𐌹𐍂𐌰𐌼 𐌸𐍉?"
Mark,4,31,"𐍃𐍅𐌴 𐌺𐌰𐌿𐍂𐌽𐍉 𐍃𐌹𐌽𐌰𐍀𐌹𐍃, 𐌸𐌰𐍄𐌴𐌹 𐌸𐌰𐌽 𐍃𐌰𐌹𐌰𐌳𐌰 𐌰𐌽𐌰 𐌰𐌹𐍂𐌸𐌰, 𐌼𐌹𐌽𐌽𐌹𐍃𐍄 𐌰𐌻𐌻𐌰𐌹𐌶𐌴 𐍆𐍂𐌰𐌹𐍅𐌴 𐌹𐍃𐍄 𐌸𐌹𐌶𐌴 𐌰𐌽𐌰 𐌰𐌹𐍂𐌸𐌰𐌹;"
Mark,4,32,"𐌾𐌰𐌷 𐌸𐌰𐌽 𐍃𐌰𐌹𐌰𐌳𐌰, 𐌿𐍂𐍂𐌹𐌽𐌽𐌹𐌸 𐌾𐌰𐌷 𐍅𐌰𐌹𐍂𐌸𐌹𐌸 𐌰𐌻𐌻𐌰𐌹𐌶𐌴 𐌲𐍂𐌰𐍃𐌴 𐌼𐌰𐌹𐍃𐍄 𐌾𐌰𐌷 𐌲𐌰𐍄𐌰𐌿𐌾𐌹𐌸 𐌰𐍃𐍄𐌰𐌽𐍃 𐌼𐌹𐌺𐌹𐌻𐌰𐌽𐍃, 𐍃𐍅𐌰𐍃𐍅𐌴 𐌼𐌰𐌲𐌿𐌽 𐌿𐍆 𐍃𐌺𐌰𐌳𐌰𐌿 𐌹𐍃 𐍆𐌿𐌲𐌻𐍉𐍃 𐌷𐌹𐌼𐌹𐌽𐌹𐍃 𐌲𐌰𐌱𐌰𐌿𐌰𐌽."
Mark,4,33,"𐌾𐌰𐌷 𐍃𐍅𐌰𐌻𐌴𐌹𐌺𐌰𐌹𐌼 𐌼𐌰𐌽𐌰𐌲𐌰𐌹𐌼 𐌲𐌰𐌾𐌿𐌺𐍉𐌼 𐍂𐍉𐌳𐌹𐌳𐌰 𐌳𐌿 𐌹𐌼 𐌸𐌰𐍄𐌰 𐍅𐌰𐌿𐍂𐌳, 𐍃𐍅𐌰𐍃𐍅𐌴 𐌼𐌰𐌷𐍄𐌴𐌳𐌿𐌽 𐌷𐌰𐌿𐍃𐌾𐍉𐌽."
Mark,4,34,"𐌹𐌸 𐌹𐌽𐌿𐌷 𐌲𐌰𐌾𐌿𐌺𐍉𐌽 𐌽𐌹 𐍂𐍉𐌳𐌹𐌳𐌰 𐌹𐌼, 𐌹𐌸 𐍃𐌿𐌽𐌳𐍂𐍉 𐍃𐌹𐍀𐍉𐌽𐌾𐌰𐌼 𐍃𐌴𐌹𐌽𐌰𐌹𐌼 𐌰𐌽𐌳𐌱𐌰𐌽𐌳 𐌰𐌻𐌻𐌰𐍄𐌰."
Mark,4,35,𐌾𐌰𐌷 𐌵𐌰𐌸 𐌳𐌿 𐌹𐌼 𐌹𐌽 𐌾𐌰𐌹𐌽𐌰𐌼𐌼𐌰 𐌳𐌰𐌲𐌰 𐌰𐍄 𐌰𐌽𐌳𐌰𐌽𐌰𐌷𐍄𐌾𐌰 𐌸𐌰𐌽 𐍅𐌰𐌿𐍂𐌸𐌰𐌽𐌰𐌼𐌼𐌰: 𐌿𐍃𐌻𐌴𐌹𐌸𐌰𐌼 𐌾𐌰𐌹𐌽𐌹𐍃 𐍃𐍄𐌰𐌳𐌹𐍃.
Mark,4,36,𐌾𐌰𐌷 𐌰𐍆𐌻𐌴𐍄𐌰𐌽𐌳𐌰𐌽𐍃 𐌸𐍉 𐌼𐌰𐌽𐌰𐌲𐌴𐌹𐌽 𐌰𐌽𐌳𐌽𐌴𐌼𐌿𐌽 𐌹𐌽𐌰 𐍃𐍅𐌴 𐍅𐌰𐍃 𐌹𐌽 𐍃𐌺𐌹𐍀𐌰; 𐌾𐌰𐌷 𐌸𐌰𐌽 𐌰𐌽𐌸𐌰𐍂𐌰 𐍃𐌺𐌹𐍀𐌰 𐍅𐌴𐍃𐌿𐌽 𐌼𐌹𐌸 𐌹𐌼𐌼𐌰.
Mark,4,37,"𐌾𐌰𐌷 𐍅𐌰𐍂𐌸 𐍃𐌺𐌿𐍂𐌰 𐍅𐌹𐌽𐌳𐌹𐍃 𐌼𐌹𐌺𐌹𐌻𐌰 𐌾𐌰𐌷 𐍅𐌴𐌲𐍉𐍃 𐍅𐌰𐌻𐍄𐌹𐌳𐌴𐌳𐌿𐌽 𐌹𐌽 𐍃𐌺𐌹𐍀, 𐍃𐍅𐌰𐍃𐍅𐌴 𐌹𐍄𐌰 𐌾𐌿𐌸𐌰𐌽 𐌲𐌰𐍆𐌿𐌻𐌻𐌽𐍉𐌳𐌰."
Mark,4,38,"𐌾𐌰𐌷 𐍅𐌰𐍃 𐌹𐍃 𐌰𐌽𐌰 𐌽𐍉𐍄𐌹𐌽 𐌰𐌽𐌰 𐍅𐌰𐌲𐌲𐌰𐍂𐌾𐌰 𐍃𐌻𐌴𐍀𐌰𐌽𐌳𐍃, 𐌾𐌰𐌷 𐌿𐍂𐍂𐌰𐌹𐍃𐌹𐌳𐌴𐌳𐌿𐌽 𐌹𐌽𐌰 𐌾𐌰𐌷 𐌵𐌴𐌸𐌿𐌽 𐌳𐌿 𐌹𐌼𐌼𐌰: 𐌻𐌰𐌹𐍃𐌰𐍂𐌹, 𐌽𐌹𐌿 𐌺𐌰𐍂𐌰 𐌸𐌿𐌺 𐌸𐌹𐌶𐌴𐌹 𐍆𐍂𐌰𐌵𐌹𐍃𐍄𐌽𐌰𐌼?"
Mark,4,39,"𐌾𐌰𐌷 𐌿𐍂𐍂𐌴𐌹𐍃𐌰𐌽𐌳𐍃 𐌲𐌰𐍃𐍉𐌺 𐍅𐌹𐌽𐌳𐌰 𐌾𐌰𐌷 𐌵𐌰𐌸 𐌳𐌿 𐌼𐌰𐍂𐌴𐌹𐌽: 𐌲𐌰𐍃𐌻𐌰𐍅𐌰𐌹, 𐌰𐍆𐌳𐌿𐌼𐌱𐌽! 𐌾𐌰𐌷 𐌰𐌽𐌰𐍃𐌹𐌻𐌰𐌹𐌳𐌰 𐍃𐌰 𐍅𐌹𐌽𐌳𐍃 𐌾𐌰𐌷 𐍅𐌰𐍂𐌸 𐍅𐌹𐍃 𐌼𐌹𐌺𐌹𐌻."
Mark,4,40,𐌾𐌰𐌷 𐌵𐌰𐌸 𐌳𐌿 𐌹𐌼: 𐌳𐌿𐍈𐌴 𐍆𐌰𐌿𐍂𐌷𐍄𐌰𐌹 𐍃𐌹𐌾𐌿𐌸 𐍃𐍅𐌰? 𐍈𐌰𐌹𐍅𐌰 𐌽𐌹 𐌽𐌰𐌿𐌷 𐌷𐌰𐌱𐌰𐌹𐌸 𐌲𐌰𐌻𐌰𐌿𐌱𐌴𐌹𐌽?
Mark,4,41,"𐌾𐌰𐌷 𐍉𐌷𐍄𐌴𐌳𐌿𐌽 𐍃𐌹𐍃 𐌰𐌲𐌹𐍃 𐌼𐌹𐌺𐌹𐌻 𐌾𐌰𐌷 𐌵𐌴𐌸𐌿𐌽 𐌳𐌿 𐍃𐌹𐍃 𐌼𐌹𐍃𐍃𐍉: 𐍈𐌰𐍃 𐌸𐌰𐌽𐌽𐌿 𐍃𐌰 𐍃𐌹𐌾𐌰𐌹, 𐌿𐌽𐍄𐌴 𐌾𐌰𐌷 𐍅𐌹𐌽𐌳𐍃 𐌾𐌰𐌷 𐌼𐌰𐍂𐌴𐌹 𐌿𐍆𐌷𐌰𐌿𐍃𐌾𐌰𐌽𐌳 𐌹𐌼𐌼𐌰?"
Mark,5,1,𐌾𐌰𐌷 𐌵𐌴𐌼𐌿𐌽 𐌷𐌹𐌽𐌳𐌰𐍂 𐌼𐌰𐍂𐌴𐌹𐌽 𐌹𐌽 𐌻𐌰𐌽𐌳𐌰 𐌲𐌰𐌳𐌳𐌰𐍂𐌴𐌽𐌴.
Mark,5,2,"𐌾𐌰𐌷 𐌿𐍃𐌲𐌰𐌲𐌲𐌰𐌽𐌳𐌹𐌽 𐌹𐌼𐌼𐌰 𐌿𐍃 𐍃𐌺𐌹𐍀𐌰 𐍃𐌿𐌽𐍃 𐌲𐌰𐌼𐍉𐍄𐌹𐌳𐌰 𐌹𐌼𐌼𐌰 𐌼𐌰𐌽𐌽𐌰 𐌿𐍃 𐌰𐌿𐍂𐌰𐌷𐌾𐍉𐌼 𐌹𐌽 𐌰𐌷𐌼𐌹𐌽 𐌿𐌽𐌷𐍂𐌰𐌹𐌽𐌾𐌰𐌼𐌼𐌰,"
Mark,5,3,𐍃𐌰𐌴𐌹 𐌱𐌰𐌿𐌰𐌹𐌽 𐌷𐌰𐌱𐌰𐌹𐌳𐌰 𐌹𐌽 𐌰𐌿𐍂𐌰𐌷𐌾𐍉𐌼: 𐌾𐌰𐌷 𐌽𐌹 𐌽𐌰𐌿𐌳𐌹𐌱𐌰𐌽𐌳𐌾𐍉𐌼 𐌴𐌹𐍃𐌰𐍂𐌽𐌴𐌹𐌽𐌰𐌹𐌼 𐌼𐌰𐌽𐌽𐌰 𐌼𐌰𐌷𐍄𐌰 𐌹𐌽𐌰 𐌲𐌰𐌱𐌹𐌽𐌳𐌰𐌽.
Mark,5,4,"𐌿𐌽𐍄𐌴 𐌹𐍃 𐌿𐍆𐍄𐌰 𐌴𐌹𐍃𐌰𐍂𐌽𐌰𐌼 𐌱𐌹 𐍆𐍉𐍄𐌿𐌽𐍃 𐌲𐌰𐌱𐌿𐌲𐌰𐌽𐌰𐌹𐌼 𐌾𐌰𐌷 𐌽𐌰𐌿𐌳𐌹𐌱𐌰𐌽𐌳𐌾𐍉𐌼 𐌴𐌹𐍃𐌰𐍂𐌽𐌴𐌹𐌽𐌰𐌹𐌼 𐌲𐌰𐌱𐌿𐌽𐌳𐌰𐌽𐍃 𐍅𐌰𐍃 𐌾𐌰𐌷 𐌲𐌰𐌻𐌰𐌿𐍃𐌹𐌳𐌰 𐌰𐍆 𐍃𐌹𐍃 𐌸𐍉𐍃 𐌽𐌰𐌿𐌳𐌹𐌱𐌰𐌽𐌳𐌾𐍉𐍃 𐌾𐌰𐌷 𐌸𐍉 𐌰𐌽𐌰 𐍆𐍉𐍄𐌿𐌼 𐌴𐌹𐍃𐌰𐍂𐌽𐌰 𐌲𐌰𐌱𐍂𐌰𐌺, 𐌾𐌰𐌷 𐌼𐌰𐌽𐌽𐌰 𐌽𐌹 𐌼𐌰𐌷𐍄𐌰 𐌹𐌽𐌰 𐌲𐌰𐍄𐌰𐌼𐌾𐌰𐌽."
Mark,5,5,𐌾𐌰𐌷 𐍃𐌹𐌽𐍄𐌴𐌹𐌽𐍉 𐌽𐌰𐌷𐍄𐌰𐌼 𐌾𐌰𐌷 𐌳𐌰𐌲𐌰𐌼 𐌹𐌽 𐌰𐌿𐍂𐌰𐌷𐌾𐍉𐌼 𐌾𐌰𐌷 𐌹𐌽 𐍆𐌰𐌹𐍂𐌲𐌿𐌽𐌾𐌰𐌼 𐍅𐌰𐍃 𐌷𐍂𐍉𐍀𐌾𐌰𐌽𐌳𐍃 𐌾𐌰𐌷 𐌱𐌻𐌹𐌲𐌲𐍅𐌰𐌽𐌳𐍃 𐍃𐌹𐌺 𐍃𐍄𐌰𐌹𐌽𐌰𐌼.
Mark,5,6,𐌲𐌰𐍃𐌰𐌹𐍈𐌰𐌽𐌳𐍃 𐌸𐌰𐌽 𐌹𐌴𐍃𐌿 𐍆𐌰𐌹𐍂𐍂𐌰𐌸𐍂𐍉 𐍂𐌰𐌽𐌽 𐌾𐌰𐌷 𐌹𐌽𐍅𐌰𐌹𐍄 𐌹𐌽𐌰
Mark,5,7,"𐌾𐌰𐌷 𐌷𐍂𐍉𐍀𐌾𐌰𐌽𐌳𐍃 𐍃𐍄𐌹𐌱𐌽𐌰𐌹 𐌼𐌹𐌺𐌹𐌻𐌰𐌹 𐌵𐌰𐌸: 𐍈𐌰 𐌼𐌹𐍃 𐌾𐌰𐌷 𐌸𐌿𐍃, 𐌹𐌴𐍃𐌿, 𐍃𐌿𐌽𐌰𐌿 𐌲𐌿𐌳𐌹𐍃 𐌸𐌹𐍃 𐌷𐌰𐌿𐌷𐌹𐍃𐍄𐌹𐌽𐍃? 𐌱𐌹𐍃𐍅𐌰𐍂𐌰 𐌸𐌿𐌺 𐌱𐌹 𐌲𐌿𐌳𐌰, 𐌽𐌹 𐌱𐌰𐌻𐍅𐌾𐌰𐌹𐍃 𐌼𐌹𐍃!"
Mark,5,8,"𐌿𐌽𐍄𐌴 𐌵𐌰𐌸 𐌹𐌼𐌼𐌰: 𐌿𐍃𐌲𐌰𐌲𐌲, 𐌰𐌷𐌼𐌰 𐌿𐌽𐌷𐍂𐌰𐌹𐌽𐌾𐌰, 𐌿𐍃 𐌸𐌰𐌼𐌼𐌰 𐌼𐌰𐌽𐌽!"
Mark,5,9,"𐌾𐌰𐌷 𐍆𐍂𐌰𐌷 𐌹𐌽𐌰: 𐍈𐌰 𐌽𐌰𐌼𐍉 𐌸𐌴𐌹𐌽? 𐌾𐌰𐌷 𐌵𐌰𐌸 𐌳𐌿 𐌹𐌼𐌼𐌰: 𐌽𐌰𐌼𐍉 𐌼𐌴𐌹𐌽 𐌻𐌰𐌹𐌲𐌰𐌹𐍉𐌽, 𐌿𐌽𐍄𐌴 𐌼𐌰𐌽𐌰𐌲𐌰𐌹 𐍃𐌹𐌾𐌿𐌼."
Mark,5,10,𐌾𐌰𐌷 𐌱𐌰𐌸 𐌹𐌽𐌰 𐍆𐌹𐌻𐌿 𐌴𐌹 𐌽𐌹 𐌿𐍃𐌳𐍂𐌴𐌱𐌹 𐌹𐌼 𐌿𐍃 𐌻𐌰𐌽𐌳𐌰.
Mark,5,11,𐍅𐌰𐍃𐌿𐌷 𐌸𐌰𐌽 𐌾𐌰𐌹𐌽𐌰𐍂 𐌷𐌰𐌹𐍂𐌳𐌰 𐍃𐍅𐌴𐌹𐌽𐌴 𐌷𐌰𐌻𐌳𐌰𐌽𐌰 𐌰𐍄 𐌸𐌰𐌼𐌼𐌰 𐍆𐌰𐌹𐍂𐌲𐌿𐌽𐌾𐌰.
Mark,5,12,"𐌾𐌰𐌷 𐌱𐌴𐌳𐌿𐌽 𐌹𐌽𐌰 𐌰𐌻𐌻𐍉𐍃 𐌸𐍉𐍃 𐌿𐌽𐌷𐌿𐌻𐌸𐍉𐌽𐍃 𐌵𐌹𐌸𐌰𐌽𐌳𐌴𐌹𐌽𐍃: 𐌹𐌽𐍃𐌰𐌽𐌳𐌴𐌹 𐌿𐌽𐍃𐌹𐍃 𐌹𐌽 𐌸𐍉 𐍃𐍅𐌴𐌹𐌽𐌰, 𐌴𐌹 𐌹𐌽 𐌸𐍉 𐌲𐌰𐌻𐌴𐌹𐌸𐌰𐌹𐌼𐌰."
Mark,5,13,"𐌾𐌰𐌷 𐌿𐍃𐌻𐌰𐌿𐌱𐌹𐌳𐌰 𐌹𐌼 𐌹𐌴𐍃𐌿𐍃 𐍃𐌿𐌽𐍃. 𐌾𐌰𐌷 𐌿𐍃𐌲𐌰𐌲𐌲𐌰𐌽𐌳𐌰𐌽𐍃 𐌰𐌷𐌼𐌰𐌽𐍃 𐌸𐌰𐌹 𐌿𐌽𐌷𐍂𐌰𐌹𐌽𐌾𐌰𐌽𐍃 𐌲𐌰𐌻𐌹𐌸𐌿𐌽 𐌹𐌽 𐌸𐍉 𐍃𐍅𐌴𐌹𐌽𐌰, 𐌾𐌰𐌷 𐍂𐌰𐌽𐌽 𐍃𐍉 𐌷𐌰𐌹𐍂𐌳𐌰 𐌰𐌽𐌳 𐌳𐍂𐌹𐌿𐍃𐍉𐌽 𐌹𐌽 𐌼𐌰𐍂𐌴𐌹𐌽; 𐍅𐌴𐍃𐌿𐌽𐌿𐌸~𐌸𐌰𐌽 𐍃𐍅𐌴 𐍄𐍅𐍉𐍃 𐌸𐌿𐍃𐌿𐌽𐌳𐌾𐍉𐍃, 𐌾𐌰𐌷 𐌰𐍆𐍈𐌰𐍀𐌽𐍉𐌳𐌴𐌳𐌿𐌽 𐌹𐌽 𐌼𐌰𐍂𐌴𐌹𐌽."
Mark,5,14,"𐌾𐌰𐌷 𐌸𐌰𐌹 𐌷𐌰𐌻𐌳𐌰𐌽𐌳𐌰𐌽𐍃 𐌸𐍉 𐍃𐍅𐌴𐌹𐌽𐌰 𐌲𐌰𐌸𐌻𐌰𐌿𐌷𐌿𐌽 𐌾𐌰𐌷 𐌲𐌰𐍄𐌰𐌹𐌷𐌿𐌽 𐌹𐌽 𐌱𐌰𐌿𐍂𐌲 𐌾𐌰𐌷 𐌹𐌽 𐌷𐌰𐌹𐌼𐍉𐌼, 𐌾𐌰𐌷 𐌵𐌴𐌼𐌿𐌽 𐍃𐌰𐌹𐍈𐌰𐌽 𐍈𐌰 𐍅𐌴𐍃𐌹 𐌸𐌰𐍄𐌰 𐍅𐌰𐌿𐍂𐌸𐌰𐌽𐍉."
Mark,5,15,"𐌾𐌰𐌷 𐌰𐍄𐌹𐌳𐌳𐌾𐌴𐌳𐌿𐌽 𐌳𐌿 𐌹𐌴𐍃𐌿𐌰 𐌾𐌰𐌷 𐌲𐌰𐍃𐌰𐌹𐍈𐌰𐌽𐌳 𐌸𐌰𐌽𐌰 𐍅𐍉𐌳𐌰𐌽 𐍃𐌹𐍄𐌰𐌽𐌳𐌰𐌽 𐌾𐌰𐌷 𐌲𐌰𐍅𐌰𐍃𐌹𐌳𐌰𐌽𐌰 𐌾𐌰𐌷 𐍆𐍂𐌰𐌸𐌾𐌰𐌽𐌳𐌰𐌽 𐌸𐌰𐌽𐌰 𐍃𐌰𐌴𐌹 𐌷𐌰𐌱𐌰𐌹𐌳𐌰 𐌻𐌰𐌹𐌲𐌰𐌹𐍉𐌽, 𐌾𐌰𐌷 𐍉𐌷𐍄𐌴𐌳𐌿𐌽."
Mark,5,16,"𐌾𐌰𐌷 𐍃𐍀𐌹𐌻𐌻𐍉𐌳𐌴𐌳𐌿𐌽 𐌹𐌼 𐌸𐌰𐌹𐌴𐌹 𐌲𐌰𐍃𐌴𐍈𐌿𐌽, 𐍈𐌰𐌹𐍅𐌰 𐍅𐌰𐍂𐌸 𐌱𐌹 𐌸𐌰𐌽𐌰 𐍅𐍉𐌳𐌰𐌽 𐌾𐌰𐌷 𐌱𐌹 𐌸𐍉 𐍃𐍅𐌴𐌹𐌽𐌰."
Mark,5,17,𐌾𐌰𐌷 𐌳𐌿𐌲𐌿𐌽𐌽𐌿𐌽 𐌱𐌹𐌳𐌾𐌰𐌽 𐌹𐌽𐌰 𐌲𐌰𐌻𐌴𐌹𐌸𐌰𐌽 𐌷𐌹𐌽𐌳𐌰𐍂 𐌼𐌰𐍂𐌺𐍉𐍃 𐍃𐌴𐌹𐌽𐍉𐍃.
Mark,5,18,"𐌾𐌰𐌷 𐌹𐌽𐌽𐌲𐌰𐌲𐌲𐌰𐌽𐌳𐌰𐌽 𐌹𐌽𐌰 𐌹𐌽 𐍃𐌺𐌹𐍀 𐌱𐌰𐌸 𐌹𐌽𐌰, 𐍃𐌰𐌴𐌹 𐍅𐌰𐍃 𐍅𐍉𐌳𐍃, 𐌴𐌹 𐌼𐌹𐌸 𐌹𐌼𐌼𐌰 𐍅𐌴𐍃𐌹."
Mark,5,19,"𐌾𐌰𐌷 𐌽𐌹 𐌻𐌰𐌹𐌻𐍉𐍄 𐌹𐌽𐌰, 𐌰𐌺 𐌵𐌰𐌸 𐌳𐌿 𐌹𐌼𐌼𐌰: 𐌲𐌰𐌲𐌲 𐌳𐌿 𐌲𐌰𐍂𐌳𐌰 𐌸𐌴𐌹𐌽𐌰𐌼𐌼𐌰 𐌳𐌿 𐌸𐌴𐌹𐌽𐌰𐌹𐌼 𐌾𐌰𐌷 𐌲𐌰𐍄𐌴𐌹𐌷 𐌹𐌼, 𐍈𐌰𐌽 𐍆𐌹𐌻𐌿 𐌸𐌿𐍃 𐍆𐍂𐌰𐌿𐌾𐌰 𐌲𐌰𐍄𐌰𐍅𐌹𐌳𐌰 𐌾𐌰𐌷 𐌲𐌰𐌰𐍂𐌼𐌰𐌹𐌳𐌰 𐌸𐌿𐌺."
Mark,5,20,"𐌾𐌰𐌷 𐌲𐌰𐌻𐌰𐌹𐌸 𐌾𐌰𐌷 𐌳𐌿𐌲𐌰𐌽𐌽 𐌼𐌴𐍂𐌾𐌰𐌽 𐌹𐌽 𐌳𐌰𐌹𐌺𐌰𐍀𐌰𐌿𐌻𐌴𐌹𐌽, 𐍈𐌰𐌽 𐍆𐌹𐌻𐌿 𐌲𐌰𐍄𐌰𐍅𐌹𐌳𐌰 𐌹𐌼𐌼𐌰 𐌹𐌴𐍃𐌿𐍃; 𐌾𐌰𐌷 𐌰𐌻𐌻𐌰𐌹 𐍃𐌹𐌻𐌳𐌰𐌻𐌴𐌹𐌺𐌹𐌳𐌴𐌳𐌿𐌽."
Mark,5,21,"𐌾𐌰𐌷 𐌿𐍃𐌻𐌴𐌹𐌸𐌰𐌽𐌳𐌹𐌽 𐌹𐌴𐍃𐌿𐌰 𐌹𐌽 𐍃𐌺𐌹𐍀𐌰 𐌰𐍆𐍄𐍂𐌰 𐌷𐌹𐌽𐌳𐌰𐍂 𐌼𐌰𐍂𐌴𐌹𐌽, 𐌲𐌰𐌵𐌴𐌼𐌿𐌽 𐍃𐌹𐌺 𐌼𐌰𐌽𐌰𐌲𐌴𐌹𐌽𐍃 𐍆𐌹𐌻𐌿 𐌳𐌿 𐌹𐌼𐌼𐌰, 𐌾𐌰𐌷 𐍅𐌰𐍃 𐍆𐌰𐌿𐍂𐌰 𐌼𐌰𐍂𐌴𐌹𐌽."
Mark,5,22,"𐌾𐌰𐌷 𐍃𐌰𐌹, 𐌵𐌹𐌼𐌹𐌸 𐌰𐌹𐌽𐍃 𐌸𐌹𐌶𐌴 𐍃𐍅𐌽𐌰𐌲𐍉𐌲𐌰𐍆𐌰𐌳𐌴 𐌽𐌰𐌼𐌹𐌽 𐌾𐌰𐌴𐌹𐍂𐌿𐍃; 𐌾𐌰𐌷 𐍃𐌰𐌹𐍈𐌰𐌽𐌳𐍃 𐌹𐌽𐌰 𐌲𐌰𐌳𐍂𐌰𐌿𐍃 𐌳𐌿 𐍆𐍉𐍄𐌿𐌼 𐌹𐌴𐍃𐌿𐌹𐍃"
Mark,5,23,"𐌾𐌰𐌷 𐌱𐌰𐌸 𐌹𐌽𐌰 𐍆𐌹𐌻𐌿, 𐌵𐌹𐌸𐌰𐌽𐌳𐍃 𐌸𐌰𐍄𐌴𐌹 𐌳𐌰𐌿𐌷𐍄𐌰𐍂 𐌼𐌴𐌹𐌽𐌰 𐌰𐍆𐍄𐌿𐌼𐌹𐍃𐍄 𐌷𐌰𐌱𐌰𐌹𐌸, 𐌴𐌹 𐌵𐌹𐌼𐌰𐌽𐌳𐍃 𐌻𐌰𐌲𐌾𐌰𐌹𐍃 𐌰𐌽𐌰 𐌸𐍉 𐌷𐌰𐌽𐌳𐌿𐌽𐍃, 𐌴𐌹 𐌲𐌰𐌽𐌹𐍃𐌰𐌹 𐌾𐌰𐌷 𐌻𐌹𐌱𐌰𐌹."
Mark,5,24,"𐌾𐌰𐌷 𐌲𐌰𐌻𐌰𐌹𐌸 𐌼𐌹𐌸 𐌹𐌼𐌼𐌰, 𐌾𐌰𐌷 𐌹𐌳𐌳𐌾𐌴𐌳𐌿𐌽 𐌰𐍆𐌰𐍂 𐌹𐌼𐌼𐌰 𐌼𐌰𐌽𐌰𐌲𐌴𐌹𐌽𐍃 𐍆𐌹𐌻𐌿 𐌾𐌰𐌷 𐌸𐍂𐌰𐌹𐌷𐌿𐌽 𐌹𐌽𐌰."
Mark,5,25,𐌾𐌰𐌷 𐌵𐌹𐌽𐍉𐌽𐍉 𐍃𐌿𐌼𐌰 𐍅𐌹𐍃𐌰𐌽𐌳𐌴𐌹 𐌹𐌽 𐍂𐌿𐌽𐌰 𐌱𐌻𐍉𐌸𐌹𐍃 𐌾𐌴𐍂𐌰 𐍄𐍅𐌰𐌻𐌹𐍆
Mark,5,26,"𐌾𐌰𐌷 𐌼𐌰𐌽𐌰𐌲 𐌲𐌰𐌸𐌿𐌻𐌰𐌽𐌳𐌴𐌹 𐍆𐍂𐌰𐌼 𐌼𐌰𐌽𐌰𐌲𐌰𐌹𐌼 𐌻𐌴𐌺𐌾𐌰𐌼 𐌾𐌰𐌷 𐍆𐍂𐌰𐌵𐌹𐌼𐌰𐌽𐌳𐌴𐌹 𐌰𐌻𐌻𐌰𐌼𐌼𐌰 𐍃𐌴𐌹𐌽𐌰𐌼𐌼𐌰 𐌾𐌰𐌷 𐌽𐌹 𐍅𐌰𐌹𐌷𐍄𐌰𐌹 𐌱𐍉𐍄𐌹𐌳𐌰, 𐌰𐌺 𐌼𐌰𐌹𐍃 𐍅𐌰𐌹𐍂𐍃 𐌷𐌰𐌱𐌰𐌹𐌳𐌰,"
Mark,5,27,"𐌲𐌰𐌷𐌰𐌿𐍃𐌾𐌰𐌽𐌳𐌴𐌹 𐌱𐌹 𐌹𐌴𐍃𐌿, 𐌰𐍄𐌲𐌰𐌲𐌲𐌰𐌽𐌳𐌴𐌹 𐌹𐌽 𐌼𐌰𐌽𐌰𐌲𐌴𐌹𐌽 𐌰𐍆𐍄𐌰𐌽𐌰 𐌰𐍄𐍄𐌰𐌹𐍄𐍉𐌺 𐍅𐌰𐍃𐍄𐌾𐌰𐌹 𐌹𐍃."
Mark,5,28,"𐌿𐌽𐍄𐌴 𐌵𐌰𐌸 𐌸𐌰𐍄𐌴𐌹 𐌾𐌰𐌱𐌰𐌹 𐍅𐌰𐍃𐍄𐌾𐍉𐌼 𐌹𐍃 𐌰𐍄𐍄𐌴𐌺𐌰, 𐌲𐌰𐌽𐌹𐍃𐌰."
Mark,5,29,"𐌾𐌰𐌷 𐍃𐌿𐌽𐍃𐌰𐌹𐍅 𐌲𐌰𐌸𐌰𐌿𐍂𐍃𐌽𐍉𐌳𐌰 𐍃𐌰 𐌱𐍂𐌿𐌽𐌽𐌰 𐌱𐌻𐍉𐌸𐌹𐍃 𐌹𐌶𐍉𐍃, 𐌾𐌰𐌷 𐌿𐍆𐌺𐌿𐌽𐌸𐌰 𐌰𐌽𐌰 𐌻𐌴𐌹𐌺𐌰 𐌸𐌰𐍄𐌴𐌹 𐌲𐌰𐌷𐌰𐌹𐌻𐌽𐍉𐌳𐌰 𐌰𐍆 𐌸𐌰𐌼𐌼𐌰 𐍃𐌻𐌰𐌷𐌰."
Mark,5,30,𐌾𐌰𐌷 𐍃𐌿𐌽𐍃𐌰𐌹𐍅 𐌹𐌴𐍃𐌿𐍃 𐌿𐍆𐌺𐌿𐌽𐌸𐌰 𐌹𐌽 𐍃𐌹𐍃 𐍃𐌹𐌻𐌱𐌹𐌽 𐌸𐍉 𐌿𐍃 𐍃𐌹𐍃 𐌼𐌰𐌷𐍄 𐌿𐍃𐌲𐌰𐌲𐌲𐌰𐌽𐌳𐌴𐌹𐌽; 𐌲𐌰𐍅𐌰𐌽𐌳𐌾𐌰𐌽𐌳𐍃 𐍃𐌹𐌺 𐌹𐌽 𐌼𐌰𐌽𐌰𐌲𐌴𐌹𐌽 𐌵𐌰𐌸: 𐍈𐌰𐍃 𐌼𐌹𐍃 𐍄𐌰𐌹𐍄𐍉𐌺 𐍅𐌰𐍃𐍄𐌾𐍉𐌼?
Mark,5,31,𐌾𐌰𐌷 𐌵𐌴𐌸𐌿𐌽 𐌳𐌿 𐌹𐌼𐌼𐌰 𐍃𐌹𐍀𐍉𐌽𐌾𐍉𐍃 𐌹𐍃: 𐍃𐌰𐌹𐍈𐌹𐍃 𐌸𐍉 𐌼𐌰𐌽𐌰𐌲𐌴𐌹𐌽 𐌸𐍂𐌴𐌹𐌷𐌰𐌽𐌳𐌴𐌹𐌽 𐌸𐌿𐌺 𐌾𐌰𐌷 𐌵𐌹𐌸𐌹𐍃: 𐍈𐌰𐍃 𐌼𐌹𐍃 𐍄𐌰𐌹𐍄𐍉𐌺?
Mark,5,32,𐌾𐌰𐌷 𐍅𐌻𐌰𐌹𐍄𐍉𐌳𐌰 𐍃𐌰𐌹𐍈𐌰𐌽 𐌸𐍉 𐌸𐌰𐍄𐌰 𐍄𐌰𐌿𐌾𐌰𐌽𐌳𐌴𐌹𐌽.
Mark,5,33,"𐌹𐌸 𐍃𐍉 𐌵𐌹𐌽𐍉 𐍉𐌲𐌰𐌽𐌳𐌴𐌹 𐌾𐌰𐌷 𐍂𐌴𐌹𐍂𐌰𐌽𐌳𐌴𐌹, 𐍅𐌹𐍄𐌰𐌽𐌳𐌴𐌹 𐌸𐌰𐍄𐌴𐌹 𐍅𐌰𐍂𐌸 𐌱𐌹 𐌹𐌾𐌰, 𐌵𐌰𐌼 𐌾𐌰𐌷 𐌳𐍂𐌰𐌿𐍃 𐌳𐌿 𐌹𐌼𐌼𐌰 𐌾𐌰𐌷 𐌵𐌰𐌸 𐌹𐌼𐌼𐌰 𐌰𐌻𐌻𐌰 𐌸𐍉 𐍃𐌿𐌽𐌾𐌰."
Mark,5,34,"𐌹𐌸 𐌹𐍃 𐌵𐌰𐌸 𐌳𐌿 𐌹𐌶𐌰𐌹: 𐌳𐌰𐌿𐌷𐍄𐌰𐍂, 𐌲𐌰𐌻𐌰𐌿𐌱𐌴𐌹𐌽𐍃 𐌸𐌴𐌹𐌽𐌰 𐌲𐌰𐌽𐌰𐍃𐌹𐌳𐌰 𐌸𐌿𐌺, 𐌲𐌰𐌲𐌲 𐌹𐌽 𐌲𐌰𐍅𐌰𐌹𐍂𐌸𐌹 𐌾𐌰𐌷 𐍃𐌹𐌾𐌰𐌹𐍃 𐌷𐌰𐌹𐌻𐌰 𐌰𐍆 𐌸𐌰𐌼𐌼𐌰 𐍃𐌻𐌰𐌷𐌰 𐌸𐌴𐌹𐌽𐌰𐌼𐌼𐌰."
Mark,5,35,"𐌽𐌰𐌿𐌷𐌸𐌰𐌽𐌿𐌷 𐌹𐌼𐌼𐌰 𐍂𐍉𐌳𐌾𐌰𐌽𐌳𐌹𐌽 𐌵𐌴𐌼𐌿𐌽 𐍆𐍂𐌰𐌼 𐌸𐌰𐌼𐌼𐌰 𐍃𐍅𐌽𐌰𐌲𐍉𐌲𐌰𐍆𐌰𐌳𐌰, 𐌵𐌹𐌸𐌰𐌽𐌳𐌰𐌽𐍃 𐌸𐌰𐍄𐌴𐌹 𐌳𐌰𐌿𐌷𐍄𐌰𐍂 𐌸𐌴𐌹𐌽𐌰 𐌲𐌰𐍃𐍅𐌰𐌻𐍄; 𐍈𐌰 𐌸𐌰𐌽𐌰𐌼𐌰𐌹𐍃 𐌳𐍂𐌰𐌹𐌱𐌴𐌹𐍃 𐌸𐌰𐌽𐌰 𐌻𐌰𐌹𐍃𐌰𐍂𐌹?"
Mark,5,36,"𐌹𐌸 𐌹𐌴𐍃𐌿𐍃 𐍃𐌿𐌽𐍃𐌰𐌹𐍅 𐌲𐌰𐌷𐌰𐌿𐍃𐌾𐌰𐌽𐌳𐍃 𐌸𐌰𐍄𐌰 𐍅𐌰𐌿𐍂𐌳 𐍂𐍉𐌳𐌹𐌸, 𐌵𐌰𐌸 𐌳𐌿 𐌸𐌰𐌼𐌼𐌰 𐍃𐍅𐌽𐌰𐌲𐍉𐌲𐌰𐍆𐌰𐌳𐌰: 𐌽𐌹 𐍆𐌰𐌿𐍂𐌷𐍄𐌴𐌹, 𐌸𐌰𐍄𐌰𐌹𐌽𐌴𐌹 𐌲𐌰𐌻𐌰𐌿𐌱𐌴𐌹."
Mark,5,37,"𐌾𐌰𐌷 𐌽𐌹 𐍆𐍂𐌰𐌻𐌰𐌹𐌻𐍉𐍄 𐌰𐌹𐌽𐍉𐌷𐌿𐌽 𐌹𐌶𐌴 𐌼𐌹𐌸 𐍃𐌹𐍃 𐌰𐍆𐌰𐍂𐌲𐌰𐌲𐌲𐌰𐌽, 𐌽𐌹𐌱𐌰𐌹 𐍀𐌰𐌹𐍄𐍂𐌿 𐌾𐌰𐌷 𐌹𐌰𐌺𐍉𐌱𐌿 𐌾𐌰𐌷 𐌹𐍉𐌷𐌰𐌽𐌽𐌴𐌽 𐌱𐍂𐍉𐌸𐌰𐍂 𐌹𐌰𐌺𐍉𐌱𐌹𐍃."
Mark,5,38,𐌾𐌰𐌷 𐌲𐌰𐌻𐌰𐌹𐌸 𐌹𐌽 𐌲𐌰𐍂𐌳 𐌸𐌹𐍃 𐍃𐍅𐌽𐌰𐌲𐍉𐌲𐌰𐍆𐌰𐌳𐌹𐍃 𐌾𐌰𐌷 𐌲𐌰𐍃𐌰𐍈 𐌰𐌿𐌷𐌾𐍉𐌳𐌿 𐌾𐌰𐌷 𐌲𐍂𐌴𐍄𐌰𐌽𐌳𐌰𐌽𐍃 𐌾𐌰𐌷 𐍅𐌰𐌹𐍆𐌰𐌹𐍂𐍈𐌾𐌰𐌽𐌳𐌰𐌽𐍃 𐍆𐌹𐌻𐌿.
Mark,5,39,"𐌾𐌰𐌷 𐌹𐌽𐌽𐌰𐍄𐌲𐌰𐌲𐌲𐌰𐌽𐌳𐍃 𐌵𐌰𐌸 𐌳𐌿 𐌹𐌼: 𐍈𐌰 𐌰𐌿𐌷𐌾𐍉𐌸 𐌾𐌰𐌷 𐌲𐍂𐌴𐍄𐌹𐌸? 𐌸𐌰𐍄𐌰 𐌱𐌰𐍂𐌽 𐌽𐌹 𐌲𐌰𐌳𐌰𐌿𐌸𐌽𐍉𐌳𐌰, 𐌰𐌺 𐍃𐌻𐌴𐍀𐌹𐌸."
Mark,5,40,𐌾𐌰𐌷 𐌱𐌹𐌷𐌻𐍉𐌷𐌿𐌽 𐌹𐌽𐌰. 𐌹𐌸 𐌹𐍃 𐌿𐍃𐍅𐌰𐌹𐍂𐍀𐌰𐌽𐌳𐍃 𐌰𐌻𐌻𐌰𐌹𐌼 𐌲𐌰𐌽𐌹𐌼𐌹𐌸 𐌰𐍄𐍄𐌰𐌽 𐌸𐌹𐍃 𐌱𐌰𐍂𐌽𐌹𐍃 𐌾𐌰𐌷 𐌰𐌹𐌸𐌴𐌹𐌽 𐌾𐌰𐌷 𐌸𐌰𐌽𐍃 𐌼𐌹𐌸 𐍃𐌹𐍃 𐌾𐌰𐌷 𐌲𐌰𐌻𐌰𐌹𐌸 𐌹𐌽𐌽 𐌸𐌰𐍂𐌴𐌹 𐍅𐌰𐍃 𐌸𐌰𐍄𐌰 𐌱𐌰𐍂𐌽 𐌻𐌹𐌲𐌰𐌽𐌳𐍉.
Mark,5,41,"𐌾𐌰𐌷 𐍆𐌰𐌹𐍂𐌲𐍂𐌰𐌹𐍀 𐌱𐌹 𐌷𐌰𐌽𐌳𐌰𐌿 𐌸𐌰𐍄𐌰 𐌱𐌰𐍂𐌽 𐌵𐌰𐌸𐌿𐌷 𐌳𐌿 𐌹𐌶𐌰𐌹: 𐍄𐌰𐌻𐌴𐌹𐌸𐌰 𐌺𐌿𐌼𐌴𐌹, 𐌸𐌰𐍄𐌴𐌹 𐌹𐍃𐍄 𐌲𐌰𐍃𐌺𐌴𐌹𐍂𐌹𐌸: 𐌼𐌰𐍅𐌹𐌻𐍉, 𐌳𐌿 𐌸𐌿𐍃 𐌵𐌹𐌸𐌰: 𐌿𐍂𐍂𐌴𐌹𐍃."
Mark,5,42,𐌾𐌰𐌷 𐍃𐌿𐌽𐍃 𐌿𐍂𐍂𐌰𐌹𐍃 𐍃𐍉 𐌼𐌰𐍅𐌹 𐌾𐌰𐌷 𐌹𐌳𐌳𐌾𐌰; 𐍅𐌰𐍃 𐌰𐌿𐌺 𐌾𐌴𐍂𐌴 𐍄𐍅𐌰𐌻𐌹𐌱𐌴; 𐌾𐌰𐌷 𐌿𐍃𐌲𐌴𐌹𐍃𐌽𐍉𐌳𐌴𐌳𐌿𐌽 𐍆𐌰𐌿𐍂𐌷𐍄𐌴𐌹𐌽 𐌼𐌹𐌺𐌹𐌻𐌰𐌹.
Mark,5,43,𐌾𐌰𐌷 𐌰𐌽𐌰𐌱𐌰𐌿𐌸 𐌹𐌼 𐍆𐌹𐌻𐌿 𐌴𐌹 𐌼𐌰𐌽𐌽𐌰 𐌽𐌹 𐍆𐌿𐌽𐌸𐌹 𐌸𐌰𐍄𐌰; 𐌾𐌰𐌷 𐌷𐌰𐌹𐌷𐌰𐌹𐍄 𐌹𐌶𐌰𐌹 𐌲𐌹𐌱𐌰𐌽 𐌼𐌰𐍄𐌾𐌰𐌽.
Mark,6,1,"𐌾𐌰𐌷 𐌿𐍃𐍃𐍄𐍉𐌸 𐌾𐌰𐌹𐌽𐌸𐍂𐍉 𐌾𐌰𐌷 𐌵𐌰𐌼 𐌹𐌽 𐌻𐌰𐌽𐌳𐌰 𐍃𐌴𐌹𐌽𐌰𐌼𐌼𐌰, 𐌾𐌰𐌷 𐌻𐌰𐌹𐍃𐍄𐌹𐌳𐌴𐌳𐌿𐌽 𐌰𐍆𐌰𐍂 𐌹𐌼𐌼𐌰 𐍃𐌹𐍀𐍉𐌽𐌾𐍉𐍃 𐌹𐍃."
Mark,6,2,"𐌾𐌰𐌷 𐌱𐌹𐌸𐌴 𐍅𐌰𐍂𐌸 𐍃𐌰𐌱𐌱𐌰𐍄𐍉, 𐌳𐌿𐌲𐌰𐌽𐌽 𐌹𐌽 𐍃𐍅𐌽𐌰𐌲𐍉𐌲𐌴 𐌻𐌰𐌹𐍃𐌾𐌰𐌽, 𐌾𐌰𐌷 𐌼𐌰𐌽𐌰𐌲𐌰𐌹 𐌷𐌰𐌿𐍃𐌾𐌰𐌽𐌳𐌰𐌽𐍃 𐍃𐌹𐌻𐌳𐌰𐌻𐌴𐌹𐌺𐌹𐌳𐌴𐌳𐌿𐌽 𐌵𐌹𐌸𐌰𐌽𐌳𐌰𐌽𐍃: 𐍈𐌰𐌸𐍂𐍉 𐌸𐌰𐌼𐌼𐌰 𐌸𐌰𐍄𐌰, 𐌾𐌰𐌷 𐍈𐍉 𐍃𐍉 𐌷𐌰𐌽𐌳𐌿𐌲𐌴𐌹𐌽𐍉 𐍃𐍉 𐌲𐌹𐌱𐌰𐌽𐍉 𐌹𐌼𐌼𐌰, 𐌴𐌹 𐌼𐌰𐌷𐍄𐌴𐌹𐍃 𐍃𐍅𐌰𐌻𐌴𐌹𐌺𐍉𐍃 𐌸𐌰𐌹𐍂𐌷 𐌷𐌰𐌽𐌳𐌿𐌽𐍃 𐌹𐍃 𐍅𐌰𐌹𐍂𐌸𐌰𐌽𐌳?"
Mark,6,3,"𐌽𐌹𐌿 𐌸𐌰𐍄𐌰 𐌹𐍃𐍄 𐍃𐌰 𐍄𐌹𐌼𐍂𐌾𐌰, 𐍃𐌰 𐍃𐌿𐌽𐌿𐍃 𐌼𐌰𐍂𐌾𐌹𐌽𐍃, 𐌹𐌸 𐌱𐍂𐍉𐌸𐌰𐍂 𐌹𐌰𐌺𐍉𐌱𐌰 𐌾𐌰𐌷 𐌹𐌿𐍃𐌴 𐌾𐌰𐌷 𐌹𐌿𐌳𐌹𐌽𐍃 𐌾𐌰𐌷 𐍃𐌴𐌹𐌼𐍉𐌽𐌹𐍃? 𐌾𐌰𐌷 𐌽𐌹𐌿 𐍃𐌹𐌽𐌳 𐍃𐍅𐌹𐍃𐍄𐍂𐌾𐌿𐍃 𐌹𐍃 𐌷𐌴𐍂 𐌰𐍄 𐌿𐌽𐍃𐌹𐍃? 𐌾𐌰𐌷 𐌲𐌰𐌼𐌰𐍂𐌶𐌹𐌳𐌰𐌹 𐍅𐌰𐌿𐍂𐌸𐌿𐌽 𐌹𐌽 𐌸𐌰𐌼𐌼𐌰."
Mark,6,4,"𐌵𐌰𐌸 𐌸𐌰𐌽 𐌹𐌼 𐌹𐌴𐍃𐌿𐍃 𐌸𐌰𐍄𐌴𐌹 𐌽𐌹𐍃𐍄 𐍀𐍂𐌰𐌿𐍆𐌴𐍄𐌿𐍃 𐌿𐌽𐍃𐍅𐌴𐍂𐍃, 𐌽𐌹𐌱𐌰 𐌹𐌽 𐌲𐌰𐌱𐌰𐌿𐍂𐌸𐌰𐌹 𐍃𐌴𐌹𐌽𐌰𐌹 𐌾𐌰𐌷 𐌹𐌽 𐌲𐌰𐌽𐌹𐌸𐌾𐌰𐌼 𐌾𐌰𐌷 𐌹𐌽 𐌲𐌰𐍂𐌳𐌰 𐍃𐌴𐌹𐌽𐌰𐌼𐌼𐌰."
Mark,6,5,"𐌾𐌰𐌷 𐌽𐌹 𐌼𐌰𐌷𐍄𐌰 𐌾𐌰𐌹𐌽𐌰𐍂 𐌰𐌹𐌽𐍉𐌷𐌿𐌽 𐌼𐌰𐌷𐍄𐌴 𐌲𐌰𐍄𐌰𐌿𐌾𐌰𐌽, 𐌽𐌹𐌱𐌰 𐍆𐌰𐍅𐌰𐌹𐌼 𐍃𐌹𐌿𐌺𐌰𐌹𐌼 𐌷𐌰𐌽𐌳𐌿𐌽𐍃 𐌲𐌰𐌻𐌰𐌲𐌾𐌰𐌽𐌳𐍃 𐌲𐌰𐌷𐌰𐌹𐌻𐌹𐌳𐌰."
Mark,6,6,𐌾𐌰𐌷 𐍃𐌹𐌻𐌳𐌰𐌻𐌴𐌹𐌺𐌹𐌳𐌰 𐌹𐌽 𐌿𐌽𐌲𐌰𐌻𐌰𐌿𐌱𐌴𐌹𐌽𐌰𐌹𐍃 𐌹𐌶𐌴 𐌾𐌰𐌷 𐌱𐌹𐍄𐌰𐌿𐌷 𐍅𐌴𐌹𐌷𐍃𐌰 𐌱𐌹𐍃𐌿𐌽𐌾𐌰𐌽𐌴 𐌻𐌰𐌹𐍃𐌾𐌰𐌽𐌳𐍃.
Mark,6,7,𐌾𐌰𐌷 𐌰𐍄𐌷𐌰𐌹𐌷𐌰𐌹𐍄 𐌸𐌰𐌽𐍃 𐍄𐍅𐌰𐌻𐌹𐍆 𐌾𐌰𐌷 𐌳𐌿𐌲𐌰𐌽𐌽 𐌹𐌽𐍃 𐌹𐌽𐍃𐌰𐌽𐌳𐌾𐌰𐌽 𐍄𐍅𐌰𐌽𐍃 𐍈𐌰𐌽𐌶𐌿𐌷 𐌾𐌰𐌷 𐌲𐌰𐍆 𐌹𐌼 𐍅𐌰𐌻𐌳𐌿𐍆𐌽𐌹 𐌰𐌷𐌼𐌰𐌽𐌴 𐌿𐌽𐌷𐍂𐌰𐌹𐌽𐌾𐌰𐌹𐌶𐌴.
Mark,6,8,"𐌾𐌰𐌷 𐍆𐌰𐌿𐍂𐌱𐌰𐌿𐌸 𐌹𐌼 𐌴𐌹 𐍅𐌰𐌹𐌷𐍄 𐌽𐌹 𐌽𐌴𐌼𐌴𐌹𐌽𐌰 𐌹𐌽 𐍅𐌹𐌲, 𐌽𐌹𐌱𐌰 𐌷𐍂𐌿𐌲𐌲𐌰 𐌰𐌹𐌽𐌰, 𐌽𐌹𐌷 𐌼𐌰𐍄𐌹𐌱𐌰𐌻𐌲 𐌽𐌹𐌷 𐌷𐌻𐌰𐌹𐍆 𐌽𐌹𐌷 𐌹𐌽 𐌲𐌰𐌹𐍂𐌳𐍉𐍃 𐌰𐌹𐌶,"
Mark,6,9,𐌰𐌺 𐌲𐌰𐍃𐌺𐍉𐌷𐌰𐌹 𐍃𐌿𐌻𐌾𐍉𐌼: 𐌾𐌰𐌷 𐌽𐌹 𐍅𐌰𐍃𐌾𐌰𐌹𐌸 𐍄𐍅𐌰𐌹𐌼 𐍀𐌰𐌹𐌳𐍉𐌼.
Mark,6,10,"𐌾𐌰𐌷 𐌵𐌰𐌸 𐌳𐌿 𐌹𐌼: 𐌸𐌹𐍃𐍈𐌰𐌳𐌿𐌷 𐌸𐌴𐌹 𐌲𐌰𐌲𐌲𐌰𐌹𐌸 𐌹𐌽 𐌲𐌰𐍂𐌳, 𐌸𐌰𐍂 𐍃𐌰𐌻𐌾𐌰𐌹𐌸, 𐌿𐌽𐍄𐌴 𐌿𐍃𐌲𐌰𐌲𐌲𐌰𐌹𐌸 𐌾𐌰𐌹𐌽𐌸𐍂𐍉."
Mark,6,11,"𐌾𐌰𐌷 𐍃𐍅𐌰 𐌼𐌰𐌽𐌰𐌲𐌰𐌹 𐍃𐍅𐌴 𐌽𐌹 𐌰𐌽𐌳𐌽𐌹𐌼𐌰𐌹𐌽𐌰 𐌹𐌶𐍅𐌹𐍃 𐌽𐌹𐌷 𐌷𐌰𐌿𐍃𐌾𐌰𐌹𐌽𐌰 𐌹𐌶𐍅𐌹𐍃, 𐌿𐍃𐌲𐌰𐌲𐌲𐌰𐌽𐌳𐌰𐌽𐍃 𐌾𐌰𐌹𐌽𐌸𐍂𐍉 𐌿𐍃𐌷𐍂𐌹𐍃𐌾𐌰𐌹𐌸 𐌼𐌿𐌻𐌳𐌰 𐌸𐍉 𐌿𐌽𐌳𐌰𐍂𐍉 𐍆𐍉𐍄𐌿𐌼 𐌹𐌶𐍅𐌰𐍂𐌰𐌹𐌼 𐌳𐌿 𐍅𐌴𐌹𐍄𐍅𐍉𐌳𐌹𐌸𐌰𐌹 𐌹𐌼. 𐌰𐌼𐌴𐌽, 𐌵𐌹𐌸𐌰 𐌹𐌶𐍅𐌹𐍃: 𐍃𐌿𐍄𐌹𐌶𐍉 𐌹𐍃𐍄 𐍃𐌰𐌿𐌳𐌰𐌿𐌼𐌾𐌰𐌼 𐌰𐌹𐌸𐌸𐌰𐌿 𐌲𐌰𐌿𐌼𐌰𐌿𐍂𐌾𐌰𐌼 𐌹𐌽 𐌳𐌰𐌲𐌰 𐍃𐍄𐌰𐌿𐍉𐍃 𐌸𐌰𐌿 𐌸𐌹𐌶𐌰𐌹 𐌱𐌰𐌿𐍂𐌲 𐌾𐌰𐌹𐌽𐌰𐌹."
Mark,6,12,𐌾𐌰𐌷 𐌿𐍃𐌲𐌰𐌲𐌲𐌰𐌽𐌳𐌰𐌽𐍃 𐌼𐌴𐍂𐌹𐌳𐌴𐌳𐌿𐌽 𐌴𐌹 𐌹𐌳𐍂𐌴𐌹𐌲𐍉𐌳𐌴𐌳𐌴𐌹𐌽𐌰.
Mark,6,13,𐌾𐌰𐌷 𐌿𐌽𐌷𐌿𐌻𐌸𐍉𐌽𐍃 𐌼𐌰𐌽𐌰𐌲𐍉𐍃 𐌿𐍃𐌳𐍂𐌹𐌱𐌿𐌽 𐌾𐌰𐌷 𐌲𐌰𐍃𐌰𐌻𐌱𐍉𐌳𐌴𐌳𐌿𐌽 𐌰𐌻𐌴𐍅𐌰 𐌼𐌰𐌽𐌰𐌲𐌰𐌽𐍃 𐍃𐌹𐌿𐌺𐌰𐌽𐍃 𐌾𐌰𐌷 𐌲𐌰𐌷𐌰𐌹𐌻𐌹𐌳𐌴𐌳𐌿𐌽.
Mark,6,14,"𐌾𐌰𐌷 𐌲𐌰𐌷𐌰𐌿𐍃𐌹𐌳𐌰 𐌸𐌹𐌿𐌳𐌰𐌽𐍃 𐌷𐌴𐍂𐍉𐌳𐌴𐍃, 𐍃𐍅𐌹𐌺𐌿𐌽𐌸 𐌰𐌻𐌻𐌹𐍃 𐍅𐌰𐍂𐌸 𐌽𐌰𐌼𐍉 𐌹𐍃, 𐌾𐌰𐌷 𐌵𐌰𐌸 𐌸𐌰𐍄𐌴𐌹 𐌹𐍉𐌷𐌰𐌽𐌽𐌹𐍃 𐍃𐌰 𐌳𐌰𐌿𐍀𐌾𐌰𐌽𐌳𐍃 𐌿𐍃 𐌳𐌰𐌿𐌸𐌰𐌹𐌼 𐌿𐍂𐍂𐌰𐌹𐍃, 𐌳𐌿𐌸𐌸𐌴 𐍅𐌰𐌿𐍂𐌺𐌾𐌰𐌽𐌳 𐌸𐍉𐍃 𐌼𐌰𐌷𐍄𐌴𐌹𐍃 𐌹𐌽 𐌹𐌼𐌼𐌰."
Mark,6,15,𐌰𐌽𐌸𐌰𐍂𐌰𐌹 𐌸𐌰𐌽 𐌵𐌴𐌸𐌿𐌽 𐌸𐌰𐍄𐌴𐌹 𐌷𐌴𐌻𐌹𐌰𐍃 𐌹𐍃𐍄; 𐌰𐌽𐌸𐌰𐍂𐌰𐌹 𐌸𐌰𐌽 𐌵𐌴𐌸𐌿𐌽 𐌸𐌰𐍄𐌴𐌹 𐍀𐍂𐌰𐌿𐍆𐌴𐍄𐌴𐍃 𐌹𐍃𐍄 𐍃𐍅𐌴 𐌰𐌹𐌽𐍃 𐌸𐌹𐌶𐌴 𐍀𐍂𐌰𐌿𐍆𐌴𐍄𐌴.
Mark,6,16,"𐌲𐌰𐌷𐌰𐌿𐍃𐌾𐌰𐌽𐌳𐍃 𐌸𐌰𐌽 𐌷𐌴𐍂𐍉𐌳𐌴𐍃 𐌵𐌰𐌸 𐌸𐌰𐍄𐌴𐌹 𐌸𐌰𐌼𐌼𐌴𐌹 𐌹𐌺 𐌷𐌰𐌿𐌱𐌹𐌸 𐌰𐍆𐌼𐌰𐌹𐌼𐌰𐌹𐍄 𐌹𐍉𐌷𐌰𐌽𐌽𐌴, 𐍃𐌰 𐌹𐍃𐍄: 𐍃𐌰𐌷 𐌿𐍂𐍂𐌰𐌹𐍃 𐌿𐍃 𐌳𐌰𐌿𐌸𐌰𐌹𐌼."
Mark,6,17,"𐍃𐌰 𐌰𐌿𐌺 𐍂𐌰𐌹𐌷𐍄𐌹𐍃 𐌷𐌴𐍂𐍉𐌳𐌴𐍃 𐌹𐌽𐍃𐌰𐌽𐌳𐌾𐌰𐌽𐌳𐍃 𐌲𐌰𐌷𐌰𐌱𐌰𐌹𐌳𐌰 𐌹𐍉𐌷𐌰𐌽𐌽𐌴𐌽 𐌾𐌰𐌷 𐌲𐌰𐌱𐌰𐌽𐌳 𐌹𐌽𐌰 𐌹𐌽 𐌺𐌰𐍂𐌺𐌰𐍂𐌰𐌹 𐌹𐌽 𐌷𐌰𐌹𐍂𐍉𐌳𐌹𐌰𐌳𐌹𐌽𐍃 𐌵𐌴𐌽𐌰𐌹𐍃 𐍆𐌹𐌻𐌹𐍀𐍀𐌰𐌿𐍃 𐌱𐍂𐍉𐌸𐍂𐍃 𐍃𐌴𐌹𐌽𐌹𐍃, 𐌿𐌽𐍄𐌴 𐌸𐍉 𐌲𐌰𐌻𐌹𐌿𐌲𐌰𐌹𐌳𐌰."
Mark,6,18,𐌵𐌰𐌸 𐌰𐌿𐌺 𐌹𐍉𐌷𐌰𐌽𐌽𐌴𐍃 𐌳𐌿 𐌷𐌴𐍂𐍉𐌳𐌰 𐌸𐌰𐍄𐌴𐌹 𐌽𐌹 𐍃𐌺𐌿𐌻𐌳 𐌹𐍃𐍄 𐌸𐌿𐍃 𐌷𐌰𐌱𐌰𐌽 𐌵𐌴𐌽 𐌱𐍂𐍉𐌸𐍂𐍃 𐌸𐌴𐌹𐌽𐌹𐍃.
Mark,6,19,𐌹𐌸 𐍃𐍉 𐌷𐌴𐍂𐍉𐌳𐌹𐌰 𐌽𐌰𐌹𐍅 𐌹𐌼𐌼𐌰 𐌾𐌰𐌷 𐍅𐌹𐌻𐌳𐌰 𐌹𐌼𐌼𐌰 𐌿𐍃𐌵𐌹𐌼𐌰𐌽 𐌾𐌰𐌷 𐌽𐌹 𐌼𐌰𐌷𐍄𐌰;
Mark,6,20,"𐌿𐌽𐍄𐌴 𐌷𐌴𐍂𐍉𐌳𐌹𐍃 𐍉𐌷𐍄𐌰 𐍃𐌹𐍃 𐌹𐍉𐌷𐌰𐌽𐌽𐌴𐌽, 𐌺𐌿𐌽𐌽𐌰𐌽𐌳𐍃 𐌹𐌽𐌰 𐍅𐌰𐌹𐍂 𐌲𐌰𐍂𐌰𐌹𐌷𐍄𐌰𐌽𐌰 𐌾𐌰𐌷 𐍅𐌴𐌹𐌷𐌰𐌽𐌰, 𐌾𐌰𐌷 𐍅𐌹𐍄𐌰𐌹𐌳𐌰 𐌹𐌼𐌼𐌰 𐌾𐌰𐌷 𐌷𐌰𐌿𐍃𐌾𐌰𐌽𐌳𐍃 𐌹𐌼𐌼𐌰 𐌼𐌰𐌽𐌰𐌲 𐌲𐌰𐍄𐌰𐍅𐌹𐌳𐌰 𐌾𐌰𐌷 𐌲𐌰𐌱𐌰𐌿𐍂𐌾𐌰𐌱𐌰 𐌹𐌼𐌼𐌰 𐌰𐌽𐌳𐌷𐌰𐌿𐍃𐌹𐌳𐌰."
Mark,6,21,"𐌾𐌰𐌷 𐍅𐌰𐌿𐍂𐌸𐌰𐌽𐍃 𐌳𐌰𐌲𐍃 𐌲𐌰𐍄𐌹𐌻𐍃, 𐌸𐌰𐌽 𐌷𐌴𐍂𐍉𐌳𐌹𐍃 𐌼𐌴𐌻𐌰 𐌲𐌰𐌱𐌰𐌿𐍂𐌸𐌰𐌹𐍃 𐍃𐌴𐌹𐌽𐌰𐌹𐌶𐍉𐍃 𐌽𐌰𐌷𐍄𐌰𐌼𐌰𐍄 𐍅𐌰𐌿𐍂𐌷𐍄𐌰 𐌸𐌰𐌹𐌼 𐌼𐌰𐌹𐍃𐍄𐌰𐌼 𐍃𐌴𐌹𐌽𐌰𐌹𐌶𐌴 𐌾𐌰𐌷 𐌸𐌿𐍃𐌿𐌽𐌳𐌹𐍆𐌰𐌳𐌹𐌼 𐌾𐌰𐌷 𐌸𐌰𐌹𐌼 𐍆𐍂𐌿𐌼𐌹𐍃𐍄𐌰𐌼 𐌲𐌰𐌻𐌴𐌹𐌻𐌰𐌹𐌰𐍃,"
Mark,6,22,"𐌾𐌰𐌷 𐌰𐍄𐌲𐌰𐌲𐌲𐌰𐌽𐌳𐌴𐌹𐌽 𐌹𐌽𐌽 𐌳𐌰𐌿𐌷𐍄𐌰𐍂 𐌷𐌴𐍂𐍉𐌳𐌹𐌰𐌳𐌹𐌽𐍃 𐌾𐌰𐌷 𐍀𐌻𐌹𐌽𐍃𐌾𐌰𐌽𐌳𐌴𐌹𐌽 𐌾𐌰𐌷 𐌲𐌰𐌻𐌴𐌹𐌺𐌰𐌽𐌳𐌴𐌹𐌽 𐌷𐌴𐍂𐍉𐌳𐌰 𐌾𐌰𐌷 𐌸𐌰𐌹𐌼 𐌼𐌹𐌸𐌰𐌽𐌰𐌺𐌿𐌼𐌱𐌾𐌰𐌽𐌳𐌰𐌼, 𐌵𐌰𐌸 𐌸𐌹𐌿𐌳𐌰𐌽𐍃 𐌳𐌿 𐌸𐌹𐌶𐌰𐌹 𐌼𐌰𐌿𐌾𐌰𐌹: 𐌱𐌹𐌳𐌴𐌹 𐌼𐌹𐌺 𐌸𐌹𐍃𐍈𐌹𐌶𐌿𐌷 𐌸𐌴𐌹 𐍅𐌹𐌻𐌴𐌹𐍃, 𐌾𐌰𐌷 𐌲𐌹𐌱𐌰 𐌸𐌿𐍃."
Mark,6,23,"𐌾𐌰𐌷 𐍃𐍅𐍉𐍂 𐌹𐌶𐌰𐌹 𐌸𐌰𐍄𐌴𐌹 𐌸𐌹𐍃𐍈𐌰𐌷 𐌸𐌴𐌹 𐌱𐌹𐌳𐌾𐌰𐌹𐍃 𐌼𐌹𐌺, 𐌲𐌹𐌱𐌰 𐌸𐌿𐍃 𐌿𐌽𐌳 𐌷𐌰𐌻𐌱𐌰 𐌸𐌹𐌿𐌳𐌰𐌽𐌲𐌰𐍂𐌳𐌾𐌰 𐌼𐌴𐌹𐌽𐌰."
Mark,6,24,𐌹𐌸 𐍃𐌹 𐌿𐍃𐌲𐌰𐌲𐌲𐌰𐌽𐌳𐌴𐌹 𐌵𐌰𐌸 𐌳𐌿 𐌰𐌹𐌸𐌴𐌹𐌽 𐍃𐌴𐌹𐌽𐌰𐌹: 𐍈𐌹𐍃 𐌱𐌹𐌳𐌾𐌰𐌿? 𐌹𐌸 𐍃𐌹 𐌵𐌰𐌸: 𐌷𐌰𐌿𐌱𐌹𐌳𐌹𐍃 𐌹𐍉𐌷𐌰𐌽𐌽𐌹𐍃 𐌸𐌹𐍃 𐌳𐌰𐌿𐍀𐌾𐌰𐌽𐌳𐌹𐌽𐍃.
Mark,6,25,𐌾𐌰𐌷 𐌰𐍄𐌲𐌰𐌲𐌲𐌰𐌽𐌳𐌴𐌹 𐍃𐌿𐌽𐍃𐌰𐌹𐍅 𐍃𐌽𐌹𐌿𐌼𐌿𐌽𐌳𐍉 𐌳𐌿 𐌸𐌰𐌼𐌼𐌰 𐌸𐌹𐌿𐌳𐌰𐌽𐌰 𐌱𐌰𐌸 𐌵𐌹𐌸𐌰𐌽𐌳𐌴𐌹: 𐍅𐌹𐌻𐌾𐌰𐌿 𐌴𐌹 𐌼𐌹𐍃 𐌲𐌹𐌱𐌰𐌹𐍃 𐌰𐌽𐌰 𐌼𐌴𐍃𐌰 𐌷𐌰𐌿𐌱𐌹𐌸 𐌹𐍉𐌷𐌰𐌽𐌽𐌹𐍃 𐌸𐌹𐍃 𐌳𐌰𐌿𐍀𐌾𐌰𐌽𐌳𐌹𐌽𐍃.
Mark,6,26,𐌾𐌰𐌷 𐌲𐌰𐌿𐍂𐍃 𐍅𐌰𐌿𐍂𐌸𐌰𐌽𐍃 𐍃𐌰 𐌸𐌹𐌿𐌳𐌰𐌽𐍃 𐌹𐌽 𐌸𐌹𐌶𐌴 𐌰𐌹𐌸𐌴 𐌾𐌰𐌷 𐌹𐌽 𐌸𐌹𐌶𐌴 𐌼𐌹𐌸𐌰𐌽𐌰𐌺𐌿𐌼𐌱𐌾𐌰𐌽𐌳𐌰𐌽𐌴 𐌽𐌹 𐍅𐌹𐌻𐌳𐌰 𐌹𐌶𐌰𐌹 𐌿𐍆𐌱𐍂𐌹𐌺𐌰𐌽.
Mark,6,27,"𐌾𐌰𐌷 𐍃𐌿𐌽𐍃 𐌹𐌽𐍃𐌰𐌽𐌳𐌾𐌰𐌽𐌳𐍃 𐍃𐌰 𐌸𐌹𐌿𐌳𐌰𐌽𐍃 𐍃𐍀𐌰𐌹𐌺𐌿𐌻𐌰𐍄𐌿𐍂, 𐌰𐌽𐌰𐌱𐌰𐌿𐌸 𐌱𐍂𐌹𐌲𐌲𐌰𐌽 𐌷𐌰𐌿𐌱𐌹𐌸 𐌹𐍃. 𐌹𐌸 𐌹𐍃 𐌲𐌰𐌻𐌴𐌹𐌸𐌰𐌽𐌳𐍃 𐌰𐍆𐌼𐌰𐌹𐌼𐌰𐌹𐍄 𐌹𐌼𐌼𐌰 𐌷𐌰𐌿𐌱𐌹𐌸 𐌹𐌽 𐌺𐌰𐍂𐌺𐌰𐍂𐌰𐌹"
Mark,6,28,"𐌾𐌰𐌷 𐌰𐍄𐌱𐌰𐍂 𐌸𐌰𐍄𐌰 𐌷𐌰𐌿𐌱𐌹𐌸 𐌹𐍃 𐌰𐌽𐌰 𐌼𐌴𐍃𐌰 𐌾𐌰𐌷 𐌰𐍄𐌲𐌰𐍆 𐌹𐍄𐌰 𐌸𐌹𐌶𐌰𐌹 𐌼𐌰𐌿𐌾𐌰𐌹, 𐌾𐌰𐌷 𐍃𐍉 𐌼𐌰𐍅𐌹 𐌰𐍄𐌲𐌰𐍆 𐌹𐍄𐌰 𐌰𐌹𐌸𐌴𐌹𐌽 𐍃𐌴𐌹𐌽𐌰𐌹."
Mark,6,29,𐌾𐌰𐌷 𐌲𐌰𐌷𐌰𐌿𐍃𐌾𐌰𐌽𐌳𐌰𐌽𐍃 𐍃𐌹𐍀𐍉𐌽𐌾𐍉𐍃 𐌹𐍃 𐌵𐌴𐌼𐌿𐌽 𐌾𐌰𐌷 𐌿𐍃𐌽𐌴𐌼𐌿𐌽 𐌻𐌴𐌹𐌺 𐌹𐍃 𐌾𐌰𐌷 𐌲𐌰𐌻𐌰𐌲𐌹𐌳𐌴𐌳𐌿𐌽 𐌹𐍄𐌰 𐌹𐌽 𐌷𐌻𐌰𐌹𐍅𐌰.
Mark,6,30,𐌾𐌰𐌷 𐌲𐌰ï𐌳𐌳𐌾𐌴𐌳𐌿𐌽 𐌰𐍀𐌰𐌿𐍃𐍄𐌰𐌿𐌻𐌴𐌹𐍃 𐌳𐌿 𐌹𐌴𐍃𐌿𐌰 𐌾𐌰𐌷 𐌲𐌰𐍄𐌰𐌹𐌷𐌿𐌽 𐌹𐌼𐌼𐌰 𐌰𐌻𐌻𐌰𐍄𐌰 𐌾𐌰𐌷 𐍃𐍅𐌰 𐍆𐌹𐌻𐌿 𐍃𐍅𐌴 𐌲𐌰𐍄𐌰𐍅𐌹𐌳𐌴(𐌳𐌿𐌽)....
Mark,6,31,
Mark,6,32,
Mark,6,33,
Mark,6,34,
Mark,6,35,
Mark,6,36,
Mark,6,37,
Mark,6,38,
Mark,6,39,
Mark,6,40,
Mark,6,41,
Mark,6,42,
Mark,6,43,
Mark,6,44,
Mark,6,45,
Mark,6,46,
Mark,6,47,
Mark,6,48,
Mark,6,49,
Mark,6,50,
Mark,6,51,
Mark,6,52,
Mark,6,53,.... 𐌾𐌰𐌷 𐌳𐌿𐌰𐍄𐍃𐌽𐌹𐍅𐌿𐌽.
Mark,6,54,"𐌾𐌰𐌷 𐌿𐍃𐌲𐌰𐌲𐌲𐌰𐌽𐌳𐌰𐌼 𐌹𐌼 𐌿𐍃 𐍃𐌺𐌹𐍀𐌰, 𐍃𐌿𐌽𐍃𐌰𐌹𐍅 𐌿𐍆𐌺𐌿𐌽𐌽𐌰𐌽𐌳𐌰𐌽𐍃 𐌹𐌽𐌰,"
Mark,6,55,"𐌱𐌹𐍂𐌹𐌽𐌽𐌰𐌽𐌳𐌰𐌽𐍃 𐌰𐌻𐌻 𐌸𐌰𐍄𐌰 𐌲𐌰𐍅𐌹 𐌳𐌿𐌲𐌿𐌽𐌽𐌿𐌽 𐌰𐌽𐌰 𐌱𐌰𐌳𐌾𐌰𐌼 𐌸𐌰𐌽𐍃 𐌿𐌱𐌹𐌻 𐌷𐌰𐌱𐌰𐌽𐌳𐌰𐌽𐍃 𐌱𐌰𐌹𐍂𐌰𐌽, 𐌸𐌰𐌳𐌴𐌹 𐌷𐌰𐌿𐍃𐌹𐌳𐌴𐌳𐌿𐌽 𐌴𐌹 𐌹𐍃 𐍅𐌴𐍃𐌹."
Mark,6,56,"𐌾𐌰𐌷 𐌸𐌹𐍃𐍈𐌰𐌳𐌿𐌷 𐌸𐌰𐌳𐌴𐌹 𐌹𐌳𐌳𐌾𐌰 𐌹𐌽 𐌷𐌰𐌹𐌼𐍉𐍃 𐌰𐌹𐌸𐌸𐌰𐌿 𐌱𐌰𐌿𐍂𐌲𐍃 𐌰𐌹𐌸𐌸𐌰𐌿 𐌹𐌽 𐍅𐌴𐌹𐌷𐍃𐌰, 𐌰𐌽𐌰 𐌲𐌰𐌲𐌲𐌰 𐌻𐌰𐌲𐌹𐌳𐌴𐌳𐌿𐌽 𐍃𐌹𐌿𐌺𐌰𐌽𐍃 𐌾𐌰𐌷 𐌱𐌴𐌳𐌿𐌽 𐌹𐌽𐌰 𐌴𐌹 𐌸𐌰𐌿 𐍃𐌺𐌰𐌿𐍄𐌰 𐍅𐌰𐍃𐍄𐌾𐍉𐍃 𐌹𐍃 𐌰𐍄𐍄𐌰𐌹𐍄𐍉𐌺𐌴𐌹𐌽𐌰; 𐌾𐌰𐌷 𐍃𐍅𐌰 𐌼𐌰𐌽𐌰𐌲𐌰𐌹 𐍃𐍅𐌴 𐌰𐍄𐍄𐌰𐌹𐍄𐍉𐌺𐌿𐌽 𐌹𐌼𐌼𐌰, 𐌲𐌰𐌽𐌴𐍃𐌿𐌽."
Mark,7,1,"𐌾𐌰𐌷 𐌲𐌰𐌵𐌴𐌼𐌿𐌽 𐍃𐌹𐌺 𐌳𐌿 𐌹𐌼𐌼𐌰 𐍆𐌰𐍂𐌴𐌹𐍃𐌰𐌹𐌴𐌹𐍃 𐌾𐌰𐌷 𐍃𐌿𐌼𐌰𐌹 𐌸𐌹𐌶𐌴 𐌱𐍉𐌺𐌰𐍂𐌾𐌴, 𐌵𐌹𐌼𐌰𐌽𐌳𐌰𐌽𐍃 𐌿𐍃 𐌹𐌰𐌹𐍂𐌿𐍃𐌰𐌿𐌻𐍅𐌼𐌹𐌼."
Mark,7,2,"𐌾𐌰𐌷 𐌲𐌰𐍃𐌰𐌹𐍈𐌰𐌽𐌳𐌰𐌽𐍃 𐍃𐌿𐌼𐌰𐌽𐍃 𐌸𐌹𐌶𐌴 𐍃𐌹𐍀𐍉𐌽𐌾𐌴 𐌹𐍃 𐌲𐌰𐌼𐌰𐌹𐌽𐌾𐌰𐌹𐌼 𐌷𐌰𐌽𐌳𐌿𐌼, 𐌸𐌰𐍄~𐌹𐍃𐍄 𐌿𐌽𐌸𐍅𐌰𐌷𐌰𐌽𐌰𐌹𐌼, 𐌼𐌰𐍄𐌾𐌰𐌽𐌳𐌰𐌽𐍃 𐌷𐌻𐌰𐌹𐌱𐌰𐌽𐍃;"
Mark,7,3,"𐌹𐌸 𐍆𐌰𐍂𐌴𐌹𐍃𐌰𐌹𐌴𐌹𐍃 𐌾𐌰𐌷 𐌰𐌻𐌻𐌰𐌹 𐌹𐌿𐌳𐌰𐌹𐌴𐌹𐍃, 𐌽𐌹𐌱𐌰 𐌿𐍆𐍄𐌰 𐌸𐍅𐌰𐌷𐌰𐌽𐌳 𐌷𐌰𐌽𐌳𐌿𐌽𐍃, 𐌽𐌹 𐌼𐌰𐍄𐌾𐌰𐌽𐌳, 𐌷𐌰𐌱𐌰𐌽𐌳𐌰𐌽𐍃 𐌰𐌽𐌰𐍆𐌹𐌻𐌷 𐌸𐌹𐌶𐌴 𐍃𐌹𐌽𐌹𐍃𐍄𐌰𐌽𐌴,"
Mark,7,4,"𐌾𐌰𐌷 𐌰𐍆 𐌼𐌰𐌸𐌻𐌰 𐌽𐌹𐌱𐌰 𐌳𐌰𐌿𐍀𐌾𐌰𐌽𐌳 𐌽𐌹 𐌼𐌰𐍄𐌾𐌰𐌽𐌳, 𐌾𐌰𐌷 𐌰𐌽𐌸𐌰𐍂 𐌹𐍃𐍄 𐌼𐌰𐌽𐌰𐌲 𐌸𐌰𐍄𐌴𐌹 𐌰𐌽𐌳𐌽𐌴𐌼𐌿𐌽 𐌳𐌿 𐌷𐌰𐌱𐌰𐌽: 𐌳𐌰𐌿𐍀𐌴𐌹𐌽𐌹𐌽𐍃 𐍃𐍄𐌹𐌺𐌻𐌴 𐌾𐌰𐌷 𐌰𐌿𐍂𐌺𐌾𐌴 𐌾𐌰𐌷 𐌺𐌰𐍄𐌹𐌻𐌴 𐌾𐌰𐌷 𐌻𐌹𐌲𐍂𐌴;"
Mark,7,5,"𐌸𐌰𐌸𐍂𐍉𐌷 𐌸𐌰𐌽 𐍆𐍂𐌴𐌷𐌿𐌽 𐌹𐌽𐌰 𐌸𐌰𐌹 𐍆𐌰𐍂𐌴𐌹𐍃𐌰𐌹𐌴𐌹𐍃 𐌾𐌰𐌷 𐌸𐌰𐌹 𐌱𐍉𐌺𐌰𐍂𐌾𐍉𐍃: 𐌳𐌿𐍈𐌴 𐌸𐌰𐌹 𐍃𐌹𐍀𐍉𐌽𐌾𐍉𐍃 𐌸𐌴𐌹𐌽𐌰𐌹 𐌽𐌹 𐌲𐌰𐌲𐌲𐌰𐌽𐌳 𐌱𐌹 𐌸𐌰𐌼𐌼𐌴𐌹 𐌰𐌽𐌰𐍆𐌿𐌻𐌷𐌿𐌽 𐌸𐌰𐌹 𐍃𐌹𐌽𐌹𐍃𐍄𐌰𐌽𐍃, 𐌰𐌺 𐌿𐌽𐌸𐍅𐌰𐌷𐌰𐌽𐌰𐌹𐌼 𐌷𐌰𐌽𐌳𐌿𐌼 𐌼𐌰𐍄𐌾𐌰𐌽𐌳 𐌷𐌻𐌰𐌹𐍆?"
Mark,7,6,"𐌹𐌸 𐌹𐍃 𐌰𐌽𐌳𐌷𐌰𐍆𐌾𐌰𐌽𐌳𐍃 𐌵𐌰𐌸 𐌳𐌿 𐌹𐌼 𐌸𐌰𐍄𐌴𐌹 𐍅𐌰𐌹𐌻𐌰 𐍀𐍂𐌰𐌿𐍆𐌴𐍄𐌹𐌳𐌰 𐌴𐍃𐌰ï𐌰𐍃 𐌱𐌹 𐌹𐌶𐍅𐌹𐍃 𐌸𐌰𐌽𐍃 𐌻𐌹𐌿𐍄𐌰𐌽𐍃, 𐍃𐍅𐌴 𐌲𐌰𐌼𐌴𐌻𐌹𐌸 𐌹𐍃𐍄: 𐍃𐍉 𐌼𐌰𐌽𐌰𐌲𐌴𐌹 𐍅𐌰𐌹𐍂𐌹𐌻𐍉𐌼 𐌼𐌹𐌺 𐍃𐍅𐌴𐍂𐌰𐌹𐌸, 𐌹𐌸 𐌷𐌰𐌹𐍂𐍄𐍉 𐌹𐌶𐌴 𐍆𐌰𐌹𐍂𐍂𐌰 𐌷𐌰𐌱𐌰𐌹𐌸 𐍃𐌹𐌺 𐌼𐌹𐍃."
Mark,7,7,"𐌹𐌸 𐍃𐍅𐌰𐍂𐌴 𐌼𐌹𐌺 𐌱𐌻𐍉𐍄𐌰𐌽𐌳, 𐌻𐌰𐌹𐍃𐌾𐌰𐌽𐌳𐌰𐌽𐍃 𐌻𐌰𐌹𐍃𐌴𐌹𐌽𐌹𐌽𐍃, 𐌰𐌽𐌰𐌱𐌿𐍃𐌽𐌹𐌽𐍃 𐌼𐌰𐌽𐌽𐌴;"
Mark,7,8,"𐌰𐍆𐌻𐌴𐍄𐌰𐌽𐌳𐌰𐌽𐍃 𐍂𐌰𐌹𐌷𐍄𐌹𐍃 𐌰𐌽𐌰𐌱𐌿𐍃𐌽 𐌲𐌿𐌳𐌹𐍃 𐌷𐌰𐌱𐌰𐌹𐌸 𐌸𐌰𐍄𐌴𐌹 𐌰𐌽𐌰𐍆𐌿𐌻𐌷𐌿𐌽 𐌼𐌰𐌽𐌽𐌰𐌽𐍃, 𐌳𐌰𐌿𐍀𐌴𐌹𐌽𐌹𐌽𐍃 𐌰𐌿𐍂𐌺𐌾𐌴 𐌾𐌰𐌷 𐍃𐍄𐌹𐌺𐌻𐌴 𐌾𐌰𐌷 𐌰𐌽𐌸𐌰𐍂 𐌲𐌰𐌻𐌴𐌹𐌺 𐍃𐍅𐌰𐌻𐌴𐌹𐌺𐌰𐍄𐌰 𐌼𐌰𐌽𐌰𐌲 𐍄𐌰𐌿𐌾𐌹𐌸."
Mark,7,9,"𐌾𐌰𐌷 𐌵𐌰𐌸 𐌳𐌿 𐌹𐌼: 𐍅𐌰𐌹𐌻𐌰 𐌹𐌽𐍅𐌹𐌳𐌹𐌸 𐌰𐌽𐌰𐌱𐌿𐍃𐌽 𐌲𐌿𐌳𐌹𐍃, 𐌴𐌹 𐌸𐌰𐍄𐌰 𐌰𐌽𐌰𐍆𐌿𐌻𐌷𐌰𐌽𐍉 𐌹𐌶𐍅𐌰𐍂 𐍆𐌰𐍃𐍄𐌰𐌹𐌸."
Mark,7,10,"𐌼𐍉𐍃𐌴𐍃 𐌰𐌿𐌺 𐍂𐌰𐌹𐌷𐍄𐌹𐍃 𐌵𐌰𐌸: 𐍃𐍅𐌴𐍂𐌰𐌹 𐌰𐍄𐍄𐌰𐌽 𐌸𐌴𐌹𐌽𐌰𐌽𐌰 𐌾𐌰𐌷 𐌰𐌹𐌸𐌴𐌹𐌽 𐌸𐌴𐌹𐌽𐌰; 𐌾𐌰𐌷: 𐍃𐌰𐌴𐌹 𐌿𐌱𐌹𐌻 𐌵𐌹𐌸𐌰𐌹 𐌰𐍄𐍄𐌹𐌽 𐍃𐌴𐌹𐌽𐌰𐌼𐌼𐌰 𐌰𐌹𐌸𐌸𐌰𐌿 𐌰𐌹𐌸𐌴𐌹𐌽 𐍃𐌴𐌹𐌽𐌰𐌹, 𐌳𐌰𐌿𐌸𐌰𐌿 𐌰𐍆𐌳𐌰𐌿𐌸𐌾𐌰𐌹𐌳𐌰𐌿."
Mark,7,11,"𐌹𐌸 𐌾𐌿𐍃 𐌵𐌹𐌸𐌹𐌸: 𐌾𐌰𐌱𐌰𐌹 𐌵𐌹𐌸𐌰𐌹 𐌼𐌰𐌽𐌽𐌰 𐌰𐍄𐍄𐌹𐌽 𐍃𐌴𐌹𐌽𐌰𐌼𐌼𐌰 𐌰𐌹𐌸𐌸𐌰𐌿 𐌰𐌹𐌸𐌴𐌹𐌽: 𐌺𐌰𐌿𐍂𐌱𐌰𐌽, 𐌸𐌰𐍄𐌴𐌹 𐌹𐍃𐍄 𐌼𐌰𐌹𐌸𐌼𐍃, 𐌸𐌹𐍃𐍈𐌰𐌷 𐌸𐌰𐍄𐌴𐌹 𐌿𐍃 𐌼𐌹𐍃 𐌲𐌰𐌱𐌰𐍄𐌽𐌹𐍃;"
Mark,7,12,"𐌾𐌰𐌷 𐌽𐌹 𐍆𐍂𐌰𐌻𐌴𐍄𐌹𐌸 𐌹𐌽𐌰 𐌽𐌹 𐍅𐌰𐌹𐌷𐍄 𐍄𐌰𐌿𐌾𐌰𐌽 𐌰𐍄𐍄𐌹𐌽 𐍃𐌴𐌹𐌽𐌰𐌼𐌼𐌰 𐌰𐌹𐌸𐌸𐌰𐌿 𐌰𐌹𐌸𐌴𐌹𐌽 𐍃𐌴𐌹𐌽𐌰𐌹,"
Mark,7,13,"𐌱𐌻𐌰𐌿𐌸𐌾𐌰𐌽𐌳𐌰𐌽𐍃 𐍅𐌰𐌿𐍂𐌳 𐌲𐌿𐌳𐌹𐍃 𐌸𐌹𐌶𐌰𐌹 𐌰𐌽𐌰𐌱𐌿𐍃𐌽𐌰𐌹 𐌹𐌶𐍅𐌰𐍂𐌰𐌹, 𐌸𐍉𐌴𐌹 𐌰𐌽𐌰𐍆𐌿𐌻𐌷𐌿𐌸; 𐌾𐌰𐌷 𐌲𐌰𐌻𐌴𐌹𐌺 𐍃𐍅𐌰𐌻𐌴𐌹𐌺𐌰𐍄𐌰 𐌼𐌰𐌽𐌰𐌲 𐍄𐌰𐌿𐌾𐌹𐌸."
Mark,7,14,𐌾𐌰𐌷 𐌰𐍄𐌷𐌰𐌹𐍄𐌰𐌽𐌳𐍃 𐌰𐌻𐌻𐌰 𐌸𐍉 𐌼𐌰𐌽𐌰𐌲𐌴𐌹𐌽 𐌵𐌰𐌸 𐌹𐌼: 𐌷𐌰𐌿𐍃𐌴𐌹𐌸 𐌼𐌹𐍃 𐌰𐌻𐌻𐌰𐌹 𐌾𐌰𐌷 𐍆𐍂𐌰𐌸𐌾𐌰𐌹𐌸.
Mark,7,15,𐌽𐌹 𐍅𐌰𐌹𐌷𐍄𐍃 𐌹𐍃𐍄 𐌿𐍄𐌰𐌸𐍂𐍉 𐌼𐌰𐌽𐍃 𐌹𐌽𐌽𐌲𐌰𐌲𐌲𐌰𐌽𐌳𐍉 𐌹𐌽 𐌹𐌽𐌰 𐌸𐌰𐍄𐌴𐌹 𐌼𐌰𐌲𐌹 𐌹𐌽𐌰 𐌲𐌰𐌼𐌰𐌹𐌽𐌾𐌰𐌽; 𐌰𐌺 𐌸𐌰𐍄𐌰 𐌿𐍄𐌲𐌰𐌲𐌲𐌰𐌽𐌳𐍉 𐌿𐍃 𐌼𐌰𐌽𐌽 𐌸𐌰𐍄𐌰 𐌹𐍃𐍄 𐌸𐌰𐍄𐌰 𐌲𐌰𐌼𐌰𐌹𐌽𐌾𐌰𐌽𐌳𐍉 𐌼𐌰𐌽𐌽𐌰𐌽.
Mark,7,16,"𐌾𐌰𐌱𐌰𐌹 𐍈𐌰𐍃 𐌷𐌰𐌱𐌰𐌹 𐌰𐌿𐍃𐍉𐌽𐌰 𐌷𐌰𐌿𐍃𐌾𐌰𐌽𐌳𐍉𐌽𐌰, 𐌲𐌰𐌷𐌰𐌿𐍃𐌾𐌰𐌹."
Mark,7,17,"𐌾𐌰𐌷 𐌸𐌰𐌽 𐌲𐌰𐌻𐌰𐌹𐌸 𐌹𐌽 𐌲𐌰𐍂𐌳 𐌿𐍃 𐌸𐌹𐌶𐌰𐌹 𐌼𐌰𐌽𐌰𐌲𐌴𐌹𐌽, 𐍆𐍂𐌴𐌷𐌿𐌽 𐌹𐌽𐌰 𐍃𐌹𐍀𐍉𐌽𐌾𐍉𐍃 𐌹𐍃 𐌱𐌹 𐌸𐍉 𐌲𐌰𐌾𐌿𐌺𐍉𐌽."
Mark,7,18,𐌾𐌰𐌷 𐌵𐌰𐌸 𐌳𐌿 𐌹𐌼: 𐍃𐍅𐌰 𐌾𐌰𐌷 𐌾𐌿𐍃 𐌿𐌽𐍅𐌹𐍄𐌰𐌽𐍃 𐍃𐌹𐌾𐌿𐌸? 𐌽𐌹 𐍆𐍂𐌰𐌸𐌾𐌹𐌸 𐌸𐌰𐌼𐌼𐌴𐌹 𐌰𐌻𐌻 𐌸𐌰𐍄𐌰 𐌿𐍄𐌰𐌸𐍂𐍉 𐌹𐌽𐌽𐌲𐌰𐌲𐌲𐌰𐌽𐌳𐍉 𐌹𐌽 𐌼𐌰𐌽𐌽𐌰𐌽 𐌽𐌹 𐌼𐌰𐌲 𐌹𐌽𐌰 𐌲𐌰𐌼𐌰𐌹𐌽𐌾𐌰𐌽:
Mark,7,19,"𐌿𐌽𐍄𐌴 𐌽𐌹 𐌲𐌰𐌻𐌴𐌹𐌸𐌹𐌸 𐌹𐌼𐌼𐌰 𐌹𐌽 𐌷𐌰𐌹𐍂𐍄𐍉, 𐌰𐌺 𐌹𐌽 𐍅𐌰𐌼𐌱𐌰, 𐌾𐌰𐌷 𐌹𐌽 𐌿𐍂𐍂𐌿𐌽𐍃𐌰 𐌿𐍃𐌲𐌰𐌲𐌲𐌹𐌸, 𐌲𐌰𐌷𐍂𐌰𐌹𐌽𐌴𐌹𐌸 𐌰𐌻𐌻𐌰𐌽𐍃 𐌼𐌰𐍄𐌹𐌽𐍃."
Mark,7,20,𐌵𐌰𐌸𐌿𐌸~𐌸𐌰𐌽 𐌸𐌰𐍄𐌴𐌹 𐌸𐌰𐍄𐌰 𐌿𐍃 𐌼𐌰𐌽𐌽 𐌿𐍃𐌲𐌰𐌲𐌲𐌰𐌽𐌳𐍉 𐌸𐌰𐍄𐌰 𐌲𐌰𐌼𐌰𐌹𐌽𐌴𐌹𐌸 𐌼𐌰𐌽𐌽𐌰𐌽.
Mark,7,21,"𐌹𐌽𐌽𐌰𐌸𐍂𐍉 𐌰𐌿𐌺 𐌿𐍃 𐌷𐌰𐌹𐍂𐍄𐌹𐌽 𐌼𐌰𐌽𐌽𐌴 𐌼𐌹𐍄𐍉𐌽𐌴𐌹𐍃 𐌿𐌱𐌹𐌻𐍉𐍃 𐌿𐍃𐌲𐌰𐌲𐌲𐌰𐌽𐌳: 𐌺𐌰𐌻𐌺𐌹𐌽𐌰𐍃𐍃𐌾𐌿𐍃, 𐌷𐍉𐍂𐌹𐌽𐌰𐍃𐍃𐌾𐌿𐍃, 𐌼𐌰𐌿𐍂𐌸𐍂𐌰,"
Mark,7,22,"𐌸𐌹𐌿𐌱𐌾𐌰, 𐍆𐌰𐌹𐌷𐌿𐍆𐍂𐌹𐌺𐌴𐌹𐌽𐍃, 𐌿𐌽𐍃𐌴𐌻𐌴𐌹𐌽𐍃, 𐌻𐌹𐌿𐍄𐌴𐌹, 𐌰𐌲𐌻𐌰𐌹𐍄𐌴𐌹, 𐌰𐌿𐌲𐍉 𐌿𐌽𐍃𐌴𐌻, 𐍅𐌰𐌾𐌰𐌼𐌴𐍂𐌴𐌹𐌽𐍃, 𐌷𐌰𐌿𐌷𐌷𐌰𐌹𐍂𐍄𐌴𐌹, 𐌿𐌽𐍅𐌹𐍄𐌹."
Mark,7,23,𐌸𐍉 𐌰𐌻𐌻𐌰 𐌿𐌱𐌹𐌻𐍉𐌽𐌰 𐌹𐌽𐌽𐌰𐌸𐍂𐍉 𐌿𐍃𐌲𐌰𐌲𐌲𐌰𐌽𐌳 𐌾𐌰𐌷 𐌲𐌰𐌲𐌰𐌼𐌰𐌹𐌽𐌾𐌰𐌽𐌳 𐌼𐌰𐌽𐌽𐌰𐌽.
Mark,7,24,𐌾𐌰𐌷 𐌾𐌰𐌹𐌽𐌸𐍂𐍉 𐌿𐍃𐍃𐍄𐌰𐌽𐌳𐌰𐌽𐌳𐍃 𐌲𐌰𐌻𐌰𐌹𐌸 𐌹𐌽 𐌼𐌰𐍂𐌺𐍉𐍃 𐍄𐍅𐍂𐌴 𐌾𐌰𐌷 𐍃𐌴𐌹𐌳𐍉𐌽𐌴 𐌾𐌰𐌷 𐌲𐌰𐌻𐌴𐌹𐌸𐌰𐌽𐌳𐍃 𐌹𐌽 𐌲𐌰𐍂𐌳 𐌽𐌹 𐍅𐌹𐌻𐌳𐌰 𐍅𐌹𐍄𐌰𐌽 𐌼𐌰𐌽𐌽𐌰𐌽 𐌾𐌰𐌷 𐌽𐌹 𐌼𐌰𐌷𐍄𐌰 𐌲𐌰𐌻𐌰𐌿𐌲𐌽𐌾𐌰𐌽.
Mark,7,25,"𐌲𐌰𐌷𐌰𐌿𐍃𐌾𐌰𐌽𐌳𐌴𐌹 𐍂𐌰𐌹𐌷𐍄𐌹𐍃 𐌵𐌹𐌽𐍉 𐌱𐌹 𐌹𐌽𐌰, 𐌸𐌹𐌶𐍉𐌶𐌴𐌹 𐌷𐌰𐌱𐌰𐌹𐌳𐌰 𐌳𐌰𐌿𐌷𐍄𐌰𐍂 𐌰𐌷𐌼𐌰𐌽 𐌿𐌽𐌷𐍂𐌰𐌹𐌽𐌾𐌰𐌽𐌰, 𐌵𐌹𐌼𐌰𐌽𐌳𐌴𐌹 𐌳𐍂𐌰𐌿𐍃 𐌳𐌿 𐍆𐍉𐍄𐌿𐌼 𐌹𐍃."
Mark,7,26,"𐍅𐌰𐍃𐌿𐌸~𐌸𐌰𐌽 𐍃𐍉 𐌵𐌹𐌽𐍉 𐌷𐌰𐌹𐌸𐌽𐍉, 𐍃𐌰𐌿𐍂𐌹𐌽𐌹 𐍆𐍅𐌽𐌹𐌺𐌹𐍃𐌺𐌰 𐌲𐌰𐌱𐌰𐌿𐍂𐌸𐌰𐌹, 𐌾𐌰𐌷 𐌱𐌰𐌸 𐌹𐌽𐌰 𐌴𐌹 𐌸𐍉 𐌿𐌽𐌷𐌿𐌻𐌸𐍉𐌽 𐌿𐍃𐍅𐌰𐌿𐍂𐍀𐌹 𐌿𐍃 𐌳𐌰𐌿𐌷𐍄𐍂 𐌹𐌶𐍉𐍃."
Mark,7,27,"𐌹𐌸 𐌹𐌴𐍃𐌿𐍃 𐌵𐌰𐌸 𐌳𐌿 𐌹𐌶𐌰𐌹: 𐌻𐌴𐍄 𐍆𐌰𐌿𐍂𐌸𐌹𐍃 𐍃𐌰𐌳𐌰 𐍅𐌰𐌹𐍂𐌸𐌰𐌽 𐌱𐌰𐍂𐌽𐌰, 𐌿𐌽𐍄𐌴 𐌽𐌹 𐌲𐍉𐌸 𐌹𐍃𐍄 𐌽𐌹𐌼𐌰𐌽 𐌷𐌻𐌰𐌹𐌱 𐌱𐌰𐍂𐌽𐌴 𐌾𐌰𐌷 𐍅𐌰𐌹𐍂𐍀𐌰𐌽 𐌷𐌿𐌽𐌳𐌰𐌼."
Mark,7,28,𐌹𐌸 𐍃𐌹 𐌰𐌽𐌳𐌷𐍉𐍆 𐌹𐌼𐌼𐌰 𐌾𐌰𐌷 𐌵𐌰𐌸 𐌳𐌿 𐌹𐌼𐌼𐌰: 𐌾𐌰𐌹 𐍆𐍂𐌰𐌿𐌾𐌰; 𐌾𐌰𐌷 𐌰𐌿𐌺 𐌷𐌿𐌽𐌳𐍉𐍃 𐌿𐌽𐌳𐌰𐍂𐍉 𐌱𐌹𐌿𐌳𐌰 𐌼𐌰𐍄𐌾𐌰𐌽𐌳 𐌰𐍆 𐌳𐍂𐌰𐌿𐌷𐍃𐌽𐍉𐌼 𐌱𐌰𐍂𐌽𐌴.
Mark,7,29,"𐌾𐌰𐌷 𐌵𐌰𐌸 𐌳𐌿 𐌹𐌶𐌰𐌹: 𐌹𐌽 𐌸𐌹𐍃 𐍅𐌰𐌿𐍂𐌳𐌹𐍃 𐌲𐌰𐌲𐌲, 𐌿𐍃𐌹𐌳𐌳𐌾𐌰 𐌿𐌽𐌷𐌿𐌻𐌸𐍉 𐌿𐍃 𐌳𐌰𐌿𐌷𐍄𐍂 𐌸𐌴𐌹𐌽𐌰𐌹."
Mark,7,30,𐌾𐌰𐌷 𐌲𐌰𐌻𐌴𐌹𐌸𐌰𐌽𐌳𐌴𐌹 𐌳𐌿 𐌲𐌰𐍂𐌳𐌰 𐍃𐌴𐌹𐌽𐌰𐌼𐌼𐌰 𐌱𐌹𐌲𐌰𐍄 𐌿𐌽𐌷𐌿𐌻𐌸𐍉𐌽 𐌿𐍃𐌲𐌰𐌲𐌲𐌰𐌽𐌰 𐌾𐌰𐌷 𐌸𐍉 𐌳𐌰𐌿𐌷𐍄𐌰𐍂 𐌻𐌹𐌲𐌰𐌽𐌳𐌴𐌹𐌽 𐌰𐌽𐌰 𐌻𐌹𐌲𐍂𐌰.
Mark,7,31,𐌾𐌰𐌷 𐌰𐍆𐍄𐍂𐌰 𐌲𐌰𐌻𐌴𐌹𐌸𐌰𐌽𐌳𐍃 𐌰𐍆 𐌼𐌰𐍂𐌺𐍉𐌼 𐍄𐍅𐍂𐌴 𐌾𐌰𐌷 𐍃𐌴𐌹𐌳𐍉𐌽𐌴 𐌵𐌰𐌼 𐌰𐍄 𐌼𐌰𐍂𐌴𐌹𐌽 𐌲𐌰𐌻𐌴𐌹𐌻𐌰𐌹𐌴 𐌼𐌹𐌸 𐍄𐍅𐌴𐌹𐌷𐌽𐌰𐌹𐌼 𐌼𐌰𐍂𐌺𐍉𐌼 𐌳𐌰𐌹𐌺𐌰𐍀𐌰𐌿𐌻𐌰𐌹𐍉𐍃.
Mark,7,32,𐌾𐌰𐌷 𐌱𐌴𐍂𐌿𐌽 𐌳𐌿 𐌹𐌼𐌼𐌰 𐌱𐌰𐌿𐌳𐌰𐌽𐌰 𐍃𐍄𐌰𐌼𐌼𐌰𐌽𐌰 𐌾𐌰𐌷 𐌱𐌴𐌳𐌿𐌽 𐌹𐌽𐌰 𐌴𐌹 𐌻𐌰𐌲𐌹𐌳𐌴𐌳𐌹 𐌹𐌼𐌼𐌰 𐌷𐌰𐌽𐌳𐌰𐌿.
Mark,7,33,"𐌾𐌰𐌷 𐌰𐍆𐌽𐌹𐌼𐌰𐌽𐌳𐍃 𐌹𐌽𐌰 𐌰𐍆 𐌼𐌰𐌽𐌰𐌲𐌴𐌹𐌽 𐍃𐌿𐌽𐌳𐍂𐍉, 𐌻𐌰𐌲𐌹𐌳𐌰 𐍆𐌹𐌲𐌲𐍂𐌰𐌽𐍃 𐍃𐌴𐌹𐌽𐌰𐌽𐍃 𐌹𐌽 𐌰𐌿𐍃𐍉𐌽𐌰 𐌹𐌼𐌼𐌰 𐌾𐌰𐌷 𐍃𐍀𐌴𐍅𐌰𐌽𐌳𐍃 𐌰𐍄𐍄𐌰𐌹𐍄𐍉𐌺 𐍄𐌿𐌲𐌲𐍉𐌽 𐌹𐍃"
Mark,7,34,"𐌾𐌰𐌷 𐌿𐍃𐍃𐌰𐌹𐍈𐌰𐌽𐌳𐍃 𐌳𐌿 𐌷𐌹𐌼𐌹𐌽𐌰 𐌲𐌰𐍃𐍅𐍉𐌲𐌹𐌳𐌰 𐌾𐌰𐌷 𐌵𐌰𐌸 𐌳𐌿 𐌹𐌼𐌼𐌰: 𐌰𐌹𐍆𐍆𐌰𐌸𐌰, 𐌸𐌰𐍄𐌴𐌹 𐌹𐍃𐍄: 𐌿𐍃𐌻𐌿𐌺𐌽."
Mark,7,35,"𐌾𐌰𐌷 𐍃𐌿𐌽𐍃𐌰𐌹𐍅 𐌿𐍃𐌻𐌿𐌺𐌽𐍉𐌳𐌴𐌳𐌿𐌽 𐌹𐌼𐌼𐌰 𐌷𐌻𐌹𐌿𐌼𐌰𐌽𐍃, 𐌾𐌰𐌷 𐌰𐌽𐌳𐌱𐌿𐌽𐌳𐌽𐍉𐌳𐌰 𐌱𐌰𐌽𐌳𐌹 𐍄𐌿𐌲𐌲𐍉𐌽𐍃 𐌹𐍃 𐌾𐌰𐌷 𐍂𐍉𐌳𐌹𐌳𐌰 𐍂𐌰𐌹𐌷𐍄𐌰𐌱𐌰."
Mark,7,36,"𐌾𐌰𐌷 𐌰𐌽𐌰𐌱𐌰𐌿𐌸 𐌹𐌼 𐌴𐌹 𐌼𐌰𐌽𐌽 𐌽𐌹 𐌵𐌴𐌸𐌴𐌹𐌽𐌰. 𐍈𐌰𐌽 𐍆𐌹𐌻𐌿 𐌹𐍃 𐌹𐌼 𐌰𐌽𐌰𐌱𐌰𐌿𐌸, 𐌼𐌰𐌹𐍃 𐌸𐌰𐌼𐌼𐌰 𐌴𐌹𐍃 𐌼𐌴𐍂𐌹𐌳𐌴𐌳𐌿𐌽"
Mark,7,37,𐌾𐌰𐌷 𐌿𐍆𐌰𐍂𐌰𐍃𐍃𐌰𐌿 𐍃𐌹𐌻𐌳𐌰𐌻𐌴𐌹𐌺𐌹𐌳𐌴𐌳𐌿𐌽 𐌵𐌹𐌸𐌰𐌽𐌳𐌰𐌽𐍃: 𐍅𐌰𐌹𐌻𐌰 𐌰𐌻𐌻𐌰𐍄𐌰 𐌲𐌰𐍄𐌰𐍅𐌹𐌳𐌰 𐌾𐌰𐌷 𐌱𐌰𐌿𐌳𐌰𐌽𐍃 𐌲𐌰𐍄𐌰𐌿𐌾𐌹𐌸 𐌲𐌰𐌷𐌰𐌿𐍃𐌾𐌰𐌽 𐌾𐌰𐌷 𐌿𐌽𐍂𐍉𐌳𐌾𐌰𐌽𐌳𐌰𐌽𐍃 𐍂𐍉𐌳𐌾𐌰𐌽.
Mark,8,1,"𐌹𐌽 𐌾𐌰𐌹𐌽𐌰𐌹𐌼 𐌸𐌰𐌽 𐌳𐌰𐌲𐌰𐌼 𐌰𐍆𐍄𐍂𐌰 𐌰𐍄 𐍆𐌹𐌻𐌿 𐌼𐌰𐌽𐌰𐌲𐌰𐌹 𐌼𐌰𐌽𐌰𐌲𐌴𐌹𐌽 𐍅𐌹𐍃𐌰𐌽𐌳𐌴𐌹𐌽 𐌾𐌰𐌷 𐌽𐌹 𐌷𐌰𐌱𐌰𐌽𐌳𐌰𐌼 𐍈𐌰 𐌼𐌰𐍄𐌹𐌳𐌴𐌳𐌴𐌹𐌽𐌰, 𐌰𐍄𐌷𐌰𐌹𐍄𐌰𐌽𐌳𐍃 𐍃𐌹𐍀𐍉𐌽𐌾𐌰𐌽𐍃 𐌵𐌰𐌸𐌿𐌷 𐌳𐌿 𐌹𐌼:"
Mark,8,2,"𐌹𐌽𐍆𐌴𐌹𐌽𐍉𐌳𐌰 𐌳𐌿 𐌸𐌹𐌶𐌰𐌹 𐌼𐌰𐌽𐌰𐌲𐌴𐌹𐌽, 𐌿𐌽𐍄𐌴 𐌾𐌿 𐌳𐌰𐌲𐌰𐌽𐍃 𐌸𐍂𐌹𐌽𐍃 𐌼𐌹𐌸 𐌼𐌹𐍃 𐍅𐌴𐍃𐌿𐌽 𐌾𐌰𐌷 𐌽𐌹 𐌷𐌰𐌱𐌰𐌽𐌳 𐍈𐌰 𐌼𐌰𐍄𐌾𐌰𐌹𐌽𐌰;"
Mark,8,3,"𐌾𐌰𐌷 𐌾𐌰𐌱𐌰𐌹 𐍆𐍂𐌰𐌻𐌴𐍄𐌰 𐌹𐌽𐍃 𐌻𐌰𐌿𐍃𐌵𐌹𐌸𐍂𐌰𐌽𐍃 𐌳𐌿 𐌲𐌰𐍂𐌳𐌰 𐌹𐌶𐌴, 𐌿𐍆𐌻𐌹𐌲𐌰𐌽𐌳 𐌰𐌽𐌰 𐍅𐌹𐌲𐌰; 𐍃𐌿𐌼𐌰𐌹 𐍂𐌰𐌹𐌷𐍄𐌹𐍃 𐌹𐌶𐌴 𐍆𐌰𐌹𐍂𐍂𐌰𐌸𐍂𐍉 𐌵𐌴𐌼𐌿𐌽."
Mark,8,4,𐌾𐌰𐌷 𐌰𐌽𐌳𐌷𐍉𐍆𐌿𐌽 𐌹𐌼𐌼𐌰 𐍃𐌹𐍀𐍉𐌽𐌾𐍉𐍃 𐌹𐍃: 𐍈𐌰𐌸𐍂𐍉 𐌸𐌰𐌽𐍃 𐌼𐌰𐌲 𐍈𐌰𐍃 𐌲𐌰𐍃𐍉𐌸𐌾𐌰𐌽 𐌷𐌻𐌰𐌹𐌱𐌰𐌼 𐌰𐌽𐌰 𐌰𐌿𐌸𐌹𐌳𐌰𐌹?
Mark,8,5,𐌾𐌰𐌷 𐍆𐍂𐌰𐌷 𐌹𐌽𐍃: 𐍈𐌰𐌽 𐌼𐌰𐌽𐌰𐌲𐌰𐌽𐍃 𐌷𐌰𐌱𐌰𐌹𐌸 𐌷𐌻𐌰𐌹𐌱𐌰𐌽𐍃? 𐌹𐌸 𐌴𐌹𐍃 𐌵𐌴𐌸𐌿𐌽: 𐍃𐌹𐌱𐌿𐌽.
Mark,8,6,"𐌾𐌰𐌷 𐌰𐌽𐌰𐌱𐌰𐌿𐌸 𐌸𐌹𐌶𐌰𐌹 𐌼𐌰𐌽𐌰𐌲𐌴𐌹𐌽 𐌰𐌽𐌰𐌺𐌿𐌼𐌱𐌾𐌰𐌽 𐌰𐌽𐌰 𐌰𐌹𐍂𐌸𐌰𐌹; 𐌾𐌰𐌷 𐌽𐌹𐌼𐌰𐌽𐌳𐍃 𐌸𐌰𐌽𐍃 𐍃𐌹𐌱𐌿𐌽 𐌷𐌻𐌰𐌹𐌱𐌰𐌽𐍃 𐌾𐌰𐌷 𐌰𐍅𐌹𐌻𐌹𐌿𐌳𐍉𐌽𐌳𐍃 𐌲𐌰𐌱𐍂𐌰𐌺 𐌾𐌰𐌷 𐌰𐍄𐌲𐌰𐍆 𐍃𐌹𐍀𐍉𐌽𐌾𐌰𐌼 𐍃𐌴𐌹𐌽𐌰𐌹𐌼, 𐌴𐌹 𐌰𐍄𐌻𐌰𐌲𐌹𐌳𐌴𐌳𐌴𐌹𐌽𐌰 𐍆𐌰𐌿𐍂; 𐌾𐌰𐌷 𐌰𐍄𐌻𐌰𐌲𐌹𐌳𐌴𐌳𐌿𐌽 𐍆𐌰𐌿𐍂 𐌸𐍉 𐌼𐌰𐌽𐌰𐌲𐌴𐌹𐌽."
Mark,8,7,"𐌾𐌰𐌷 𐌷𐌰𐌱𐌰𐌹𐌳𐌴𐌳𐌿𐌽 𐍆𐌹𐍃𐌺𐌰𐌽𐍃 𐍆𐌰𐍅𐌰𐌽𐍃, 𐌾𐌰𐌷 𐌸𐌰𐌽𐍃 𐌲𐌰𐌸𐌹𐌿𐌸𐌾𐌰𐌽𐌳𐍃 𐌵𐌰𐌸 𐌴𐌹 𐌰𐍄𐌻𐌰𐌲𐌹𐌳𐌴𐌳𐌴𐌹𐌽𐌰 𐌾𐌰𐌷 𐌸𐌰𐌽𐍃."
Mark,8,8,𐌲𐌰𐌼𐌰𐍄𐌹𐌳𐌴𐌳𐌿𐌽 𐌸𐌰𐌽 𐌾𐌰𐌷 𐍃𐌰𐌳𐌰𐌹 𐍅𐌰𐌿𐍂𐌸𐌿𐌽; 𐌾𐌰𐌷 𐌿𐍃𐌽𐌴𐌼𐌿𐌽 𐌻𐌰𐌹𐌱𐍉𐍃 𐌲𐌰𐌱𐍂𐌿𐌺𐍉 𐍃𐌹𐌱𐌿𐌽 𐍃𐍀𐍅𐍂𐌴𐌹𐌳𐌰𐌽𐍃.
Mark,8,9,𐍅𐌴𐍃𐌿𐌽𐌿𐌸~𐌸𐌰𐌽 𐌸𐌰𐌹 𐌼𐌰𐍄𐌾𐌰𐌽𐌳𐌰𐌽𐍃 𐍃𐍅𐌴 𐍆𐌹𐌳𐍅𐍉𐍂 𐌸𐌿𐍃𐌿𐌽𐌳𐌾𐍉𐍃; 𐌾𐌰𐌷 𐍆𐍂𐌰𐌻𐌰𐌹𐌻𐍉𐍄 𐌹𐌽𐍃.
Mark,8,10,"𐌾𐌰𐌷 𐌲𐌰𐌻𐌰𐌹𐌸 𐍃𐌿𐌽𐍃𐌰𐌹𐍅 𐌹𐌽 𐍃𐌺𐌹𐍀 𐌼𐌹𐌸 𐍃𐌹𐍀𐍉𐌽𐌾𐌰𐌼 𐍃𐌴𐌹𐌽𐌰𐌹𐌼, 𐌾𐌰𐌷 𐌵𐌰𐌼 𐌰𐌽𐌰 𐍆𐌴𐍂𐌰 𐌼𐌰𐌲𐌳𐌰𐌻𐌰𐌽."
Mark,8,11,"𐌾𐌰𐌷 𐌿𐍂𐍂𐌿𐌽𐌽𐌿𐌽 𐍆𐌰𐍂𐌴𐌹𐍃𐌰𐌹𐌴𐌹𐍃 𐌾𐌰𐌷 𐌳𐌿𐌲𐌿𐌽𐌽𐌿𐌽 𐌼𐌹𐌸𐍃𐍉𐌺𐌾𐌰𐌽 𐌹𐌼𐌼𐌰 𐍃𐍉𐌺𐌾𐌰𐌽𐌳𐌰𐌽𐍃 𐌳𐌿 𐌹𐌼𐌼𐌰 𐍄𐌰𐌹𐌺𐌽 𐌿𐍃 𐌷𐌹𐌼𐌹𐌽𐌰, 𐍆𐍂𐌰𐌹𐍃𐌰𐌽𐌳𐌰𐌽𐍃 𐌹𐌽𐌰."
Mark,8,12,"𐌾𐌰𐌷 𐌿𐍆𐍃𐍅𐍉𐌲𐌾𐌰𐌽𐌳𐍃 𐌰𐌷𐌼𐌹𐌽 𐍃𐌴𐌹𐌽𐌰𐌼𐌼𐌰 𐌵𐌰𐌸: 𐍈𐌰 𐌸𐌰𐍄𐌰 𐌺𐌿𐌽𐌹 𐍄𐌰𐌹𐌺𐌽 𐍃𐍉𐌺𐌴𐌹𐌸? 𐌰𐌼𐌴𐌽, 𐌵𐌹𐌸𐌰 𐌹𐌶𐍅𐌹𐍃: 𐌾𐌰𐌱𐌰𐌹 𐌲𐌹𐌱𐌰𐌹𐌳𐌰𐌿 𐌺𐌿𐌽𐌾𐌰 𐌸𐌰𐌼𐌼𐌰 𐍄𐌰𐌹𐌺𐌽𐌴."
Mark,8,13,"𐌾𐌰𐌷 𐌰𐍆𐌻𐌴𐍄𐌰𐌽𐌳𐍃 𐌹𐌽𐍃, 𐌲𐌰𐌻𐌴𐌹𐌸𐌰𐌽𐌳𐍃 𐌰𐍆𐍄𐍂𐌰 𐌹𐌽 𐍃𐌺𐌹𐍀 𐌿𐍃𐌻𐌰𐌹𐌸 𐌷𐌹𐌽𐌳𐌰𐍂 𐌼𐌰𐍂𐌴𐌹𐌽."
Mark,8,14,𐌾𐌰𐌷 𐌿𐍆𐌰𐍂𐌼𐌿𐌽𐌽𐍉𐌳𐌴𐌳𐌿𐌽 𐌽𐌹𐌼𐌰𐌽 𐌷𐌻𐌰𐌹𐌱𐌰𐌽𐍃 𐌾𐌰𐌷 𐌽𐌹𐌱𐌰 𐌰𐌹𐌽𐌰𐌽𐌰 𐌷𐌻𐌰𐌹𐍆 𐌽𐌹 𐌷𐌰𐌱𐌰𐌹𐌳𐌴𐌳𐌿𐌽 𐌼𐌹𐌸 𐍃𐌹𐍃 𐌹𐌽 𐍃𐌺𐌹𐍀𐌰.
Mark,8,15,𐌾𐌰𐌷 𐌰𐌽𐌰𐌱𐌰𐌿𐌸 𐌹𐌼 𐌵𐌹𐌸𐌰𐌽𐌳𐍃: 𐍃𐌰𐌹𐍈𐌹𐌸 𐌴𐌹 𐌰𐍄𐍃𐌰𐌹𐍈𐌹𐌸 𐌹𐌶𐍅𐌹𐍃 𐌸𐌹𐍃 𐌱𐌴𐌹𐍃𐍄𐌹𐍃 𐍆𐌰𐍂𐌴𐌹𐍃𐌰𐌹𐌴 𐌾𐌰𐌷 𐌱𐌴𐌹𐍃𐍄𐌹𐍃 𐌷𐌴𐍂𐍉𐌳𐌹𐍃.
Mark,8,16,𐌾𐌰𐌷 𐌸𐌰𐌷𐍄𐌴𐌳𐌿𐌽 𐌼𐌹𐌸 𐍃𐌹𐍃 𐌼𐌹𐍃𐍃𐍉 𐌵𐌹𐌸𐌰𐌽𐌳𐌰𐌽𐍃: 𐌿𐌽𐍄𐌴 𐌷𐌻𐌰𐌹𐌱𐌰𐌽𐍃 𐌽𐌹 𐌷𐌰𐌱𐌰𐌼.
Mark,8,17,"𐌾𐌰𐌷 𐍆𐍂𐌰𐌸𐌾𐌰𐌽𐌳𐍃 𐌹𐌴𐍃𐌿𐍃 𐌵𐌰𐌸 𐌳𐌿 𐌹𐌼: 𐍈𐌰 𐌸𐌰𐌲𐌲𐌺𐌴𐌹𐌸 𐌿𐌽𐍄𐌴 𐌷𐌻𐌰𐌹𐌱𐌰𐌽𐍃 𐌽𐌹 𐌷𐌰𐌱𐌰𐌹𐌸? 𐌽𐌹 𐌽𐌰𐌿𐌷 𐍆𐍂𐌰𐌸𐌾𐌹𐌸 𐌽𐌹𐌷 𐍅𐌹𐍄𐌿𐌸, 𐌿𐌽𐍄𐌴 𐌳𐌰𐌿𐌱𐌰𐍄𐌰 𐌷𐌰𐌱𐌰𐌹𐌸 𐌷𐌰𐌹𐍂𐍄𐍉 𐌹𐌶𐍅𐌰𐍂."
Mark,8,18,"𐌰𐌿𐌲𐍉𐌽𐌰 𐌷𐌰𐌱𐌰𐌽𐌳𐌰𐌽𐍃 𐌽𐌹 𐌲𐌰𐍃𐌰𐌹𐍈𐌹𐌸, 𐌾𐌰𐌷 𐌰𐌿𐍃𐍉𐌽𐌰 𐌷𐌰𐌱𐌰𐌽𐌳𐌰𐌽𐍃 𐌽𐌹 𐌲𐌰𐌷𐌰𐌿𐍃𐌴𐌹𐌸 𐌾𐌰𐌷 𐌽𐌹 𐌲𐌰𐌼𐌿𐌽𐌿𐌸."
Mark,8,19,"𐌸𐌰𐌽 𐌸𐌰𐌽𐍃 𐍆𐌹𐌼𐍆 𐌷𐌻𐌰𐌹𐌱𐌰𐌽𐍃 𐌲𐌰𐌱𐍂𐌰𐌺 𐍆𐌹𐌼𐍆 𐌸𐌿𐍃𐌿𐌽𐌳𐌾𐍉𐌼, 𐍈𐌰𐌽 𐌼𐌰𐌽𐌰𐌲𐍉𐍃 𐍄𐌰𐌹𐌽𐌾𐍉𐌽𐍃 𐍆𐌿𐌻𐌻𐍉𐍃 𐌲𐌰𐌱𐍂𐌿𐌺𐍉 𐌿𐍃𐌽𐌴𐌼𐌿𐌸? 𐌵𐌴𐌸𐌿𐌽 𐌳𐌿 𐌹𐌼𐌼𐌰: 𐍄𐍅𐌰𐌻𐌹𐍆."
Mark,8,20,"𐌰𐌸𐌸𐌰𐌽 𐌸𐌰𐌽 𐌸𐌰𐌽𐍃 𐍃𐌹𐌱𐌿𐌽 𐌷𐌻𐌰𐌹𐌱𐌰𐌽𐍃 𐍆𐌹𐌳𐍅𐍉𐍂 𐌸𐌿𐍃𐌿𐌽𐌳𐌾𐍉𐌼, 𐍈𐌰𐌽 𐌼𐌰𐌽𐌰𐌲𐌰𐌽𐍃 𐍃𐍀𐍅𐍂𐌴𐌹𐌳𐌰𐌽𐍃 𐍆𐌿𐌻𐌻𐌰𐌽𐍃 𐌲𐌰𐌱𐍂𐌿𐌺𐍉 𐌿𐍃𐌽𐌴𐌼𐌿𐌸? 𐌹𐌸 𐌴𐌹𐍃 𐌵𐌴𐌸𐌿𐌽: 𐍃𐌹𐌱𐌿𐌽."
Mark,8,21,𐌾𐌰𐌷 𐌵𐌰𐌸 𐌳𐌿 𐌹𐌼: 𐍈𐌰𐌹𐍅𐌰 𐌽𐌹 𐌽𐌰𐌿𐌷 𐍆𐍂𐌰𐌸𐌾𐌹𐌸?
Mark,8,22,𐌾𐌰𐌷 𐌵𐌴𐌼𐌿𐌽 𐌹𐌽 𐌱𐌴𐌸𐌰𐌽𐌹𐌹𐌽 𐌾𐌰𐌷 𐌱𐌴𐍂𐌿𐌽 𐌳𐌿 𐌹𐌼𐌼𐌰 𐌱𐌻𐌹𐌽𐌳𐌰𐌽 𐌾𐌰𐌷 𐌱𐌴𐌳𐌿𐌽 𐌹𐌽𐌰 𐌴𐌹 𐌹𐌼𐌼𐌰 𐌰𐍄𐍄𐌰𐌹𐍄𐍉𐌺𐌹.
Mark,8,23,"𐌾𐌰𐌷 𐍆𐌰𐌹𐍂𐌲𐍂𐌴𐌹𐍀𐌰𐌽𐌳𐍃 𐌷𐌰𐌽𐌳𐌿 𐌸𐌹𐍃 𐌱𐌻𐌹𐌽𐌳𐌹𐌽𐍃 𐌿𐍃𐍄𐌰𐌿𐌷 𐌹𐌽𐌰 𐌿𐍄𐌰𐌽𐌰 𐍅𐌴𐌹𐌷𐍃𐌹𐍃 𐌾𐌰𐌷 𐍃𐍀𐌴𐌹𐍅𐌰𐌽𐌳𐍃 𐌹𐌽 𐌰𐌿𐌲𐍉𐌽𐌰 𐌹𐍃, 𐌰𐍄𐌻𐌰𐌲𐌾𐌰𐌽𐌳𐍃 𐌰𐌽𐌰 𐌷𐌰𐌽𐌳𐌿𐌽𐍃 𐍃𐌴𐌹𐌽𐍉𐍃 𐍆𐍂𐌰𐌷 𐌹𐌽𐌰 𐌲𐌰~𐌿~𐍈𐌰~𐍃𐌴𐍈𐌹?"
Mark,8,24,"𐌾𐌰𐌷 𐌿𐍃𐍃𐌰𐌹𐍈𐌰𐌽𐌳𐍃 𐌵𐌰𐌸: 𐌲𐌰𐍃𐌰𐌹𐍈𐌰 𐌼𐌰𐌽𐍃, 𐌸𐌰𐍄𐌴𐌹 𐍃𐍅𐌴 𐌱𐌰𐌲𐌼𐌰𐌽𐍃 𐌲𐌰𐍃𐌰𐌹𐍈𐌰 𐌲𐌰𐌲𐌲𐌰𐌽𐌳𐌰𐌽𐍃."
Mark,8,25,𐌸𐌰𐌸𐍂𐍉𐌷 𐌰𐍆𐍄𐍂𐌰 𐌲𐌰𐌻𐌰𐌲𐌹𐌳𐌰 𐌷𐌰𐌽𐌳𐌿𐌽𐍃 𐌰𐌽𐌰 𐌸𐍉 𐌰𐌿𐌲𐍉𐌽𐌰 𐌹𐍃 𐌾𐌰𐌷 𐌲𐌰𐍄𐌰𐍅𐌹𐌳𐌰 𐌹𐌽𐌰 𐌿𐍃𐍃𐌰𐌹𐍈𐌰𐌽; 𐌾𐌰𐌷 𐌰𐍆𐍄𐍂𐌰 𐌲𐌰𐍃𐌰𐍄𐌹𐌸𐍃 𐍅𐌰𐍂𐌸 𐌾𐌰𐌷 𐌲𐌰𐍃𐌰𐍈 𐌱𐌰𐌹𐍂𐌷𐍄𐌰𐌱𐌰 𐌰𐌻𐌻𐌰𐌽𐍃.
Mark,8,26,"𐌾𐌰𐌷 𐌹𐌽𐍃𐌰𐌽𐌳𐌹𐌳𐌰 𐌹𐌽𐌰 𐌳𐌿 𐌲𐌰𐍂𐌳𐌰 𐌹𐍃 𐌵𐌹𐌸𐌰𐌽𐌳𐍃: 𐌽𐌹 𐌹𐌽 𐌸𐌰𐍄𐌰 𐍅𐌴𐌹𐌷𐍃 𐌲𐌰𐌲𐌲𐌰𐌹𐍃, 𐌽𐌹 𐌼𐌰𐌽𐌽𐌷𐌿𐌽 𐌵𐌹𐌸𐌰𐌹𐍃 𐌹𐌽 𐌸𐌰𐌼𐌼𐌰 𐍅𐌴𐌷𐍃𐌰."
Mark,8,27,𐌾𐌰𐌷 𐌿𐍃𐌹𐌳𐌳𐌾𐌰 𐌹𐌴𐍃𐌿𐍃 𐌾𐌰𐌷 𐍃𐌹𐍀𐍉𐌽𐌾𐍉𐍃 𐌹𐍃 𐌹𐌽 𐍅𐌴𐌷𐍃𐌰 𐌺𐌰𐌹𐍃𐌰𐍂𐌹𐌰𐍃 𐌸𐌹𐌶𐍉𐍃 𐍆𐌹𐌻𐌹𐍀𐍀𐌰𐌿𐍃: 𐌾𐌰𐌷 𐌰𐌽𐌰 𐍅𐌹𐌲𐌰 𐍆𐍂𐌰𐌷 𐍃𐌹𐍀𐍉𐌽𐌾𐌰𐌽𐍃 𐍃𐌴𐌹𐌽𐌰𐌽𐍃 𐌵𐌹𐌸𐌰𐌽𐌳𐍃 𐌳𐌿 𐌹𐌼: 𐍈𐌰𐌽𐌰 𐌼𐌹𐌺 𐌵𐌹𐌸𐌰𐌽𐌳 𐌼𐌰𐌽𐍃 𐍅𐌹𐍃𐌰𐌽?
Mark,8,28,"𐌹𐌸 𐌴𐌹𐍃 𐌰𐌽𐌳𐌷𐍉𐍆𐌿𐌽: 𐌹𐍉𐌷𐌰𐌽𐌽𐌴𐌽 𐌸𐌰𐌽𐌰 𐌳𐌰𐌿𐍀𐌾𐌰𐌽𐌳, 𐌾𐌰𐌷 𐌰𐌽𐌸𐌰𐍂𐌰𐌹 𐌷𐌴𐌻𐌹𐌰𐌽: 𐍃𐌿𐌼𐌰𐌹𐌷 𐌸𐌰𐌽 𐌰𐌹𐌽𐌰𐌽𐌰 𐍀𐍂𐌰𐌿𐍆𐌴𐍄𐌴."
Mark,8,29,"𐌾𐌰𐌷 𐌹𐍃 𐌵𐌰𐌸 𐌳𐌿 𐌹𐌼: 𐌰𐌸𐌸𐌰𐌽 𐌾𐌿𐍃, 𐍈𐌰𐌽𐌰 𐌼𐌹𐌺 𐌵𐌹𐌸𐌹𐌸 𐍅𐌹𐍃𐌰𐌽? 𐌰𐌽𐌳𐌷𐌰𐍆𐌾𐌰𐌽𐌳𐍃 𐌸𐌰𐌽 𐍀𐌰𐌹𐍄𐍂𐌿𐍃 𐌵𐌰𐌸 𐌳𐌿 𐌹𐌼𐌼𐌰: 𐌸𐌿 𐌹𐍃 𐍇𐍂𐌹𐍃𐍄𐌿𐍃."
Mark,8,30,𐌾𐌰𐌷 𐍆𐌰𐌿𐍂𐌱𐌰𐌿𐌸 𐌹𐌼 𐌴𐌹 𐌼𐌰𐌽𐌽𐌷𐌿𐌽 𐌽𐌹 𐌵𐌴𐌸𐌴𐌹𐌽𐌰 𐌱𐌹 𐌹𐌽𐌰.
Mark,8,31,𐌾𐌰𐌷 𐌳𐌿𐌲𐌰𐌽𐌽 𐌻𐌰𐌹𐍃𐌾𐌰𐌽 𐌹𐌽𐍃 𐌸𐌰𐍄𐌴𐌹 𐍃𐌺𐌰𐌻 𐍃𐌿𐌽𐌿𐍃 𐌼𐌰𐌽𐍃 𐍆𐌹𐌻𐌿 𐍅𐌹𐌽𐌽𐌰𐌽 𐌾𐌰𐌷 𐌿𐍃𐌺𐌹𐌿𐍃𐌰𐌽 𐍃𐌺𐌿𐌻𐌳𐍃 𐌹𐍃𐍄 𐍆𐍂𐌰𐌼 𐌸𐌰𐌹𐌼 𐍃𐌹𐌽𐌹𐍃𐍄𐌰𐌼 𐌾𐌰𐌷 𐌸𐌰𐌹𐌼 𐌰𐌿𐌷𐌿𐌼𐌹𐍃𐍄𐌰𐌼 𐌲𐌿𐌳𐌾𐌰𐌼 𐌾𐌰𐌷 𐌱𐍉𐌺𐌰𐍂𐌾𐌰𐌼 𐌾𐌰𐌷 𐌿𐍃𐌵𐌹𐌼𐌰𐌽 𐌾𐌰𐌷 𐌰𐍆𐌰𐍂 𐌸𐍂𐌹𐌽𐍃 𐌳𐌰𐌲𐌰𐌽𐍃 𐌿𐍃𐍃𐍄𐌰𐌽𐌳𐌰𐌽.
Mark,8,32,𐌾𐌰𐌷 𐍃𐍅𐌹𐌺𐌿𐌽𐌸𐌰𐌱𐌰 𐌸𐌰𐍄𐌰 𐍅𐌰𐌿𐍂𐌳 𐍂𐍉𐌳𐌹𐌳𐌰; 𐌾𐌰𐌷 𐌰𐍆𐍄𐌹𐌿𐌷𐌰𐌽𐌳𐍃 𐌹𐌽𐌰 𐍀𐌰𐌹𐍄𐍂𐌿𐍃 𐌳𐌿𐌲𐌰𐌽𐌽 𐌰𐌽𐌳𐌱𐌴𐌹𐍄𐌰𐌽 𐌹𐌽𐌰;
Mark,8,33,"𐌹𐌸 𐌹𐍃 𐌲𐌰𐍅𐌰𐌽𐌳𐌾𐌰𐌽𐌳𐍃 𐍃𐌹𐌺 𐌾𐌰𐌷 𐌲𐌰𐍃𐌰𐌹𐍈𐌰𐌽𐌳𐍃 𐌸𐌰𐌽𐍃 𐍃𐌹𐍀𐍉𐌽𐌾𐌰𐌽𐍃 𐍃𐌴𐌹𐌽𐌰𐌽𐍃 𐌰𐌽𐌳𐌱𐌰𐌹𐍄 𐍀𐌰𐌹𐍄𐍂𐌿 𐌵𐌹𐌸𐌰𐌽𐌳𐍃: 𐌲𐌰𐌲𐌲 𐌷𐌹𐌽𐌳𐌰𐍂 𐌼𐌹𐌺, 𐍃𐌰𐍄𐌰𐌽𐌰, 𐌿𐌽𐍄𐌴 𐌽𐌹 𐍆𐍂𐌰𐌸𐌾𐌹𐍃 𐌸𐌰𐌹𐌼 𐌲𐌿𐌳𐌹𐍃, 𐌰𐌺 𐌸𐌰𐌹𐌼 𐌼𐌰𐌽𐌽𐌴."
Mark,8,34,"𐌾𐌰𐌷 𐌰𐍄𐌷𐌰𐌹𐍄𐌰𐌽𐌳𐍃 𐌸𐍉 𐌼𐌰𐌽𐌰𐌲𐌴𐌹𐌽 𐌼𐌹𐌸 𐍃𐌹𐍀𐍉𐌽𐌾𐌰𐌼 𐍃𐌴𐌹𐌽𐌰𐌹𐌼 𐌵𐌰𐌸 𐌳𐌿 𐌹𐌼: 𐍃𐌰𐌴𐌹 𐍅𐌹𐌻𐌹 𐌰𐍆𐌰𐍂 𐌼𐌹𐍃 𐌻𐌰𐌹𐍃𐍄𐌾𐌰𐌽, 𐌹𐌽𐍅𐌹𐌳𐌰𐌹 𐍃𐌹𐌺 𐍃𐌹𐌻𐌱𐌰𐌽 𐌾𐌰𐌷 𐌽𐌹𐌼𐌰𐌹 𐌲𐌰𐌻𐌲𐌰𐌽 𐍃𐌴𐌹𐌽𐌰𐌽𐌰 𐌾𐌰𐌷 𐌻𐌰𐌹𐍃𐍄𐌾𐌰𐌹 𐌼𐌹𐌺."
Mark,8,35,"𐍃𐌰𐌴𐌹 𐌰𐌻𐌻𐌹𐍃 𐍅𐌹𐌻𐌹 𐍃𐌰𐌹𐍅𐌰𐌻𐌰 𐍃𐌴𐌹𐌽𐌰 𐌲𐌰𐌽𐌰𐍃𐌾𐌰𐌽, 𐍆𐍂𐌰𐌵𐌹𐍃𐍄𐌴𐌹𐌸 𐌹𐌶𐌰𐌹: 𐌹𐌸 𐍃𐌰𐌴𐌹 𐍆𐍂𐌰𐌵𐌹𐍃𐍄𐌴𐌹𐌸 𐍃𐌰𐌹𐍅𐌰𐌻𐌰𐌹 𐍃𐌴𐌹𐌽𐌰𐌹 𐌹𐌽 𐌼𐌴𐌹𐌽𐌰 𐌾𐌰𐌷 𐌹𐌽 𐌸𐌹𐌶𐍉𐍃 𐌰𐌹𐍅𐌰𐌲𐌲𐌴𐌻𐌾𐍉𐌽𐍃, 𐌲𐌰𐌽𐌰𐍃𐌾𐌹𐌸 𐌸𐍉."
Mark,8,36,"𐍈𐌰 𐌰𐌿𐌺 𐌱𐍉𐍄𐌴𐌹𐌸 𐌼𐌰𐌽𐌽𐌰𐌽, 𐌾𐌰𐌱𐌰𐌹 𐌲𐌰𐌲𐌴𐌹𐌲𐌰𐌹𐌸 𐌸𐌰𐌽𐌰 𐍆𐌰𐌹𐍂𐍈𐌿 𐌰𐌻𐌻𐌰𐌽𐌰 𐌾𐌰𐌷 𐌲𐌰𐍃𐌻𐌴𐌹𐌸𐌴𐌹𐌸 𐍃𐌹𐌺 𐍃𐌰𐌹𐍅𐌰𐌻𐌰𐌹 𐍃𐌴𐌹𐌽𐌰𐌹?"
Mark,8,37,𐌰𐌹𐌸𐌸𐌰𐌿 𐍈𐌰 𐌲𐌹𐌱𐌹𐌸 𐌼𐌰𐌽𐌽𐌰 𐌹𐌽𐌼𐌰𐌹𐌳𐌴𐌹𐌽 𐍃𐌰𐌹𐍅𐌰𐌻𐍉𐍃 𐍃𐌴𐌹𐌽𐌰𐌹𐌶𐍉𐍃?
Mark,8,38,"𐌿𐌽𐍄𐌴 𐍃𐌰𐌴𐌹 𐍃𐌺𐌰𐌼𐌰𐌹𐌸 𐍃𐌹𐌺 𐌼𐌴𐌹𐌽𐌰 𐌾𐌰𐌷 𐍅𐌰𐌿𐍂𐌳𐌴 𐌼𐌴𐌹𐌽𐌰𐌹𐌶𐌴 𐌹𐌽 𐌲𐌰𐌱𐌰𐌿𐍂𐌸𐌰𐌹 𐌸𐌹𐌶𐌰𐌹 𐌷𐍉𐍂𐌹𐌽𐍉𐌽𐌳𐌴𐌹𐌽 𐌾𐌰𐌷 𐍆𐍂𐌰𐍅𐌰𐌿𐍂𐌷𐍄𐍉𐌽, 𐌾𐌰𐌷 𐍃𐌿𐌽𐌿𐍃 𐌼𐌰𐌽𐍃 𐍃𐌺𐌰𐌼𐌰𐌹𐌸 𐍃𐌹𐌺 𐌹𐍃, 𐌸𐌰𐌽 𐌵𐌹𐌼𐌹𐌸 𐌹𐌽 𐍅𐌿𐌻𐌸𐌰𐌿 𐌰𐍄𐍄𐌹𐌽𐍃 𐍃𐌴𐌹𐌽𐌹𐍃 𐌼𐌹𐌸 𐌰𐌲𐌲𐌹𐌻𐌿𐌼 𐌸𐌰𐌹𐌼 𐍅𐌴𐌹𐌷𐌰𐌼."
Mark,9,1,"𐌾𐌰𐌷 𐌵𐌰𐌸 𐌳𐌿 𐌹𐌼: 𐌰𐌼𐌴𐌽, 𐌵𐌹𐌸𐌰 𐌹𐌶𐍅𐌹𐍃 𐌸𐌰𐍄𐌴𐌹 𐍃𐌹𐌽𐌳 𐍃𐌿𐌼𐌰𐌹 𐌸𐌹𐌶𐌴 𐌷𐌴𐍂 𐍃𐍄𐌰𐌽𐌳𐌰𐌽𐌳𐌰𐌽𐌴, 𐌸𐌰𐌹 𐌹𐌶𐌴 𐌽𐌹 𐌺𐌰𐌿𐍃𐌾𐌰𐌽𐌳 𐌳𐌰𐌿𐌸𐌰𐌿𐍃, 𐌿𐌽𐍄𐌴 𐌲𐌰𐍃𐌰𐌹𐍈𐌰𐌽𐌳 𐌸𐌹𐌿𐌳𐌹𐌽𐌰𐍃𐍃𐌿 𐌲𐌿𐌳𐌹𐍃 𐌵𐌿𐌼𐌰𐌽𐌰𐌽𐌰 𐌹𐌽 𐌼𐌰𐌷𐍄𐌰𐌹."
Mark,9,2,𐌾𐌰𐌷 𐌰𐍆𐌰𐍂 𐌳𐌰𐌲𐌰𐌽𐍃 𐍃𐌰𐌹𐌷𐍃 𐌲𐌰𐌽𐌰𐌼 𐌹𐌴𐍃𐌿𐍃 𐍀𐌰𐌹𐍄𐍂𐌿 𐌾𐌰𐌷 𐌹𐌰𐌺𐍉𐌱𐌿 𐌾𐌰𐌷 𐌹𐍉𐌷𐌰𐌽𐌽𐌴𐌽 𐌾𐌰𐌷 𐌿𐍃𐍄𐌰𐌿𐌷 𐌹𐌽𐍃 𐌰𐌽𐌰 𐍆𐌰𐌹𐍂𐌲𐌿𐌽𐌹 𐌷𐌰𐌿𐌷 𐍃𐌿𐌽𐌳𐍂𐍉 𐌰𐌹𐌽𐌰𐌽𐍃: 𐌾𐌰𐌷 𐌹𐌽𐌼𐌰𐌹𐌳𐌹𐌳𐌰 𐍃𐌹𐌺 𐌹𐌽 𐌰𐌽𐌳𐍅𐌰𐌹𐍂𐌸𐌾𐌰 𐌹𐌶𐌴.
Mark,9,3,"𐌾𐌰𐌷 𐍅𐌰𐍃𐍄𐌾𐍉𐍃 𐌹𐍃 𐍅𐌰𐌿𐍂𐌸𐌿𐌽 𐌲𐌻𐌹𐍄𐌼𐌿𐌽𐌾𐌰𐌽𐌳𐌴𐌹𐌽𐍃, 𐍈𐌴𐌹𐍄𐍉𐍃 𐍃𐍅𐌴 𐍃𐌽𐌰𐌹𐍅𐍃, 𐍃𐍅𐌰𐌻𐌴𐌹𐌺𐍉𐍃 𐍃𐍅𐌴 𐍅𐌿𐌻𐌻𐌰𐍂𐌴𐌹𐍃 𐌰𐌽𐌰 𐌰𐌹𐍂𐌸𐌰𐌹 𐌽𐌹 𐌼𐌰𐌲 𐌲𐌰𐍈𐌴𐌹𐍄𐌾𐌰𐌽."
Mark,9,4,𐌾𐌰𐌷 𐌰𐍄𐌰𐌿𐌲𐌹𐌸𐍃 𐍅𐌰𐍂𐌸 𐌹𐌼 𐌷𐌴𐌻𐌹𐌰𐍃 𐌼𐌹𐌸 𐌼𐍉𐍃𐌴; 𐌾𐌰𐌷 𐍅𐌴𐍃𐌿𐌽 𐍂𐍉𐌳𐌾𐌰𐌽𐌳𐌰𐌽𐍃 𐌼𐌹𐌸 𐌹𐌴𐍃𐌿𐌰.
Mark,9,5,"𐌾𐌰𐌷 𐌰𐌽𐌳𐌷𐌰𐍆𐌾𐌰𐌽𐌳𐍃 𐍀𐌰𐌹𐍄𐍂𐌿𐍃 𐌵𐌰𐌸 𐌳𐌿 𐌹𐌴𐍃𐌿𐌰: 𐍂𐌰𐌱𐌱𐌴𐌹, 𐌲𐍉𐌸 𐌹𐍃𐍄 𐌿𐌽𐍃𐌹𐍃 𐌷𐌴𐍂 𐍅𐌹𐍃𐌰𐌽, 𐌾𐌰𐌷 𐌲𐌰𐍅𐌰𐌿𐍂𐌺𐌾𐌰𐌼 𐌷𐌻𐌹𐌾𐌰𐌽𐍃 𐌸𐍂𐌹𐌽𐍃, 𐌸𐌿𐍃 𐌰𐌹𐌽𐌰𐌽𐌰 𐌾𐌰𐌷 𐌼𐍉𐍃𐌴 𐌰𐌹𐌽𐌰𐌽𐌰 𐌾𐌰𐌷 𐌰𐌹𐌽𐌰𐌽𐌰 𐌷𐌴𐌻𐌹𐌾𐌹𐌽."
Mark,9,6,𐌽𐌹 𐌰𐌿𐌺 𐍅𐌹𐍃𐍃𐌰 𐍈𐌰 𐍂𐍉𐌳𐌹𐌳𐌴𐌳𐌹; 𐍅𐌴𐍃𐌿𐌽 𐌰𐌿𐌺 𐌿𐍃𐌰𐌲𐌹𐌳𐌰𐌹.
Mark,9,7,"𐌾𐌰𐌷 𐍅𐌰𐍂𐌸 𐌼𐌹𐌻𐌷𐌼𐌰 𐌿𐍆𐌰𐍂𐍃𐌺𐌰𐌳𐍅𐌾𐌰𐌽𐌳𐍃 𐌹𐌼, 𐌾𐌰𐌷 𐌵𐌰𐌼 𐍃𐍄𐌹𐌱𐌽𐌰 𐌿𐍃 𐌸𐌰𐌼𐌼𐌰 𐌼𐌹𐌻𐌷𐌼𐌹𐌽: 𐍃𐌰 𐌹𐍃𐍄 𐍃𐌿𐌽𐌿𐍃 𐌼𐌴𐌹𐌽𐍃 𐍃𐌰 𐌻𐌹𐌿𐌱𐌰, 𐌸𐌰𐌼𐌼𐌰 𐌷𐌰𐌿𐍃𐌾𐌰𐌹𐌸."
Mark,9,8,"𐌾𐌰𐌷 𐌰𐌽𐌰𐌺𐍃 𐌹𐌽𐍃𐌰𐌹𐍈𐌰𐌽𐌳𐌰𐌽𐍃 𐌽𐌹 𐌸𐌰𐌽𐌰𐍃𐌴𐌹𐌸𐍃 𐌰𐌹𐌽𐍉𐌷𐌿𐌽 𐌲𐌰𐍃𐌴𐍈𐌿𐌽, 𐌰𐌻𐌾𐌰 𐌹𐌴𐍃𐌿 𐌰𐌹𐌽𐌰𐌽𐌰 𐌼𐌹𐌸 𐍃𐌹𐍃."
Mark,9,9,"𐌳𐌰𐌻𐌰𐌸 𐌸𐌰𐌽 𐌰𐍄𐌲𐌰𐌲𐌲𐌰𐌽𐌳𐌰𐌼 𐌹𐌼 𐌰𐍆 𐌸𐌰𐌼𐌼𐌰 𐍆𐌰𐌹𐍂𐌲𐌿𐌽𐌾𐌰, 𐌰𐌽𐌰𐌱𐌰𐌿𐌸 𐌹𐌼 𐌴𐌹 𐌼𐌰𐌽𐌽𐌷𐌿𐌽 𐌽𐌹 𐍃𐍀𐌹𐌻𐌻𐍉𐌳𐌴𐌳𐌴𐌹𐌽𐌰 𐌸𐌰𐍄𐌴𐌹 𐌲𐌰𐍃𐌴𐍈𐌿𐌽, 𐌽𐌹𐌱𐌰 𐌱𐌹𐌸𐌴 𐍃𐌿𐌽𐌿𐍃 𐌼𐌰𐌽𐍃 𐌿𐍃 𐌳𐌰𐌿𐌸𐌰𐌹𐌼 𐌿𐍃𐍃𐍄𐍉𐌸𐌹."
Mark,9,10,𐌾𐌰𐌷 𐌸𐌰𐍄𐌰 𐍅𐌰𐌿𐍂𐌳 𐌷𐌰𐌱𐌰𐌹𐌳𐌴𐌳𐌿𐌽 𐌳𐌿 𐍃𐌹𐍃 𐌼𐌹𐍃𐍃𐍉 𐍃𐍉𐌺𐌾𐌰𐌽𐌳𐌰𐌽𐍃: 𐍈𐌰 𐌹𐍃𐍄 𐌸𐌰𐍄𐌰 𐌿𐍃 𐌳𐌰𐌿𐌸𐌰𐌹𐌼 𐌿𐍃𐍃𐍄𐌰𐌽𐌳𐌰𐌽?
Mark,9,11,𐌾𐌰𐌷 𐍆𐍂𐌴𐌷𐌿𐌽 𐌹𐌽𐌰 𐌵𐌹𐌸𐌰𐌽𐌳𐌰𐌽𐍃: 𐌿𐌽𐍄𐌴 𐌵𐌹𐌸𐌰𐌽𐌳 𐌸𐌰𐌹 𐌱𐍉𐌺𐌰𐍂𐌾𐍉𐍃 𐌸𐌰𐍄𐌴𐌹 𐌷𐌴𐌻𐌹𐌰𐍃 𐍃𐌺𐌿𐌻𐌹 𐌵𐌹𐌼𐌰𐌽 𐍆𐌰𐌿𐍂𐌸𐌹𐍃?
Mark,9,12,"𐌹𐌸 𐌹𐍃 𐌰𐌽𐌳𐌷𐌰𐍆𐌾𐌰𐌽𐌳𐍃 𐌵𐌰𐌸 𐌳𐌿 𐌹𐌼: 𐌷𐌴𐌻𐌹𐌰𐍃 𐍃𐍅𐌴𐌸𐌰𐌿𐌷 𐌵𐌹𐌼𐌰𐌽𐌳𐍃 𐍆𐌰𐌿𐍂𐌸𐌹𐍃 𐌰𐍆𐍄𐍂𐌰 𐌲𐌰𐌱𐍉𐍄𐌴𐌹𐌸 𐌰𐌻𐌻𐌰; 𐌾𐌰𐌷 𐍈𐌰𐌹𐍅𐌰 𐌲𐌰𐌼𐌴𐌻𐌹𐌸 𐌹𐍃𐍄 𐌱𐌹 𐍃𐌿𐌽𐌿 𐌼𐌰𐌽𐍃, 𐌴𐌹 𐌼𐌰𐌽𐌰𐌲 𐍅𐌹𐌽𐌽𐌰𐌹 𐌾𐌰𐌷 𐍆𐍂𐌰𐌺𐌿𐌽𐌸𐍃 𐍅𐌰𐌹𐍂𐌸𐌰𐌹."
Mark,9,13,"𐌰𐌺𐌴𐌹 𐌵𐌹𐌸𐌰 𐌹𐌶𐍅𐌹𐍃 𐌸𐌰𐍄𐌴𐌹 𐌾𐌿 𐌷𐌴𐌻𐌹𐌰𐍃 𐌵𐌰𐌼 𐌾𐌰𐌷 𐌲𐌰𐍄𐌰𐍅𐌹𐌳𐌴𐌳𐌿𐌽 𐌹𐌼𐌼𐌰 𐍃𐍅𐌰 𐍆𐌹𐌻𐌿 𐍃𐍅𐌴 𐍅𐌹𐌻𐌳𐌴𐌳𐌿𐌽, 𐍃𐍅𐌰𐍃𐍅𐌴 𐌲𐌰𐌼𐌴𐌻𐌹𐌸 𐌹𐍃𐍄 𐌱𐌹 𐌹𐌽𐌰."
Mark,9,14,𐌾𐌰𐌷 𐌵𐌹𐌼𐌰𐌽𐌳𐍃 𐌰𐍄 𐍃𐌹𐍀𐍉𐌽𐌾𐌰𐌼 𐌲𐌰𐍃𐌰𐍈 𐍆𐌹𐌻𐌿 𐌼𐌰𐌽𐌰𐌲𐌴𐌹𐌽𐍃 𐌱𐌹 𐌹𐌽𐍃 𐌾𐌰𐌷 𐌱𐍉𐌺𐌰𐍂𐌾𐌰𐌽𐍃 𐍃𐍉𐌺𐌾𐌰𐌽𐌳𐌰𐌽𐍃 𐌼𐌹𐌸 𐌹𐌼.
Mark,9,15,𐌾𐌰𐌷 𐍃𐌿𐌽𐍃𐌰𐌹𐍅 𐌰𐌻𐌻𐌰 𐌼𐌰𐌽𐌰𐌲𐌴𐌹 𐌲𐌰𐍃𐌰𐌹𐍈𐌰𐌽𐌳𐌰𐌽𐍃 𐌹𐌽𐌰 𐌿𐍃𐌲𐌴𐌹𐍃𐌽𐍉𐌳𐌴𐌳𐌿𐌽 𐌾𐌰𐌷 𐌳𐌿𐍂𐌹𐌽𐌽𐌰𐌽𐌳𐌰𐌽𐍃 𐌹𐌽𐍅𐌹𐍄𐌿𐌽 𐌹𐌽𐌰.
Mark,9,16,𐌾𐌰𐌷 𐍆𐍂𐌰𐌷 𐌸𐌰𐌽𐍃 𐌱𐍉𐌺𐌰𐍂𐌾𐌰𐌽𐍃: 𐍈𐌰 𐍃𐍉𐌺𐌴𐌹𐌸 𐌼𐌹𐌸 𐌸𐌰𐌹𐌼?
Mark,9,17,"𐌾𐌰𐌷 𐌰𐌽𐌳𐌷𐌰𐍆𐌾𐌰𐌽𐌳𐍃 𐌰𐌹𐌽𐍃 𐌿𐍃 𐌸𐌹𐌶𐌰𐌹 𐌼𐌰𐌽𐌰𐌲𐌴𐌹𐌽 𐌵𐌰𐌸: 𐌻𐌰𐌹𐍃𐌰𐍂𐌹, 𐌱𐍂𐌰𐌷𐍄𐌰 𐍃𐌿𐌽𐌿 𐌼𐌴𐌹𐌽𐌰𐌽𐌰 𐌳𐌿 𐌸𐌿𐍃 𐌷𐌰𐌱𐌰𐌽𐌳𐌰𐌽 𐌰𐌷𐌼𐌰𐌽 𐌿𐌽𐍂𐍉𐌳𐌾𐌰𐌽𐌳𐌰𐌽."
Mark,9,18,"𐌾𐌰𐌷 𐌸𐌹𐍃𐍈𐌰𐍂𐌿𐌷 𐌸𐌴𐌹 𐌹𐌽𐌰 𐌲𐌰𐍆𐌰𐌷𐌹𐌸, 𐌲𐌰𐍅𐌰𐌹𐍂𐍀𐌹𐌸 𐌹𐌽𐌰, 𐌾𐌰𐌷 𐍈𐌰𐌸𐌾𐌹𐌸 𐌾𐌰𐌷 𐌺𐍂𐌹𐌿𐍃𐍄𐌹𐌸 𐍄𐌿𐌽𐌸𐌿𐌽𐍃 𐍃𐌴𐌹𐌽𐌰𐌽𐍃 𐌾𐌰𐌷 𐌲𐌰𐍃𐍄𐌰𐌿𐍂𐌺𐌽𐌹𐌸; 𐌾𐌰𐌷 𐌵𐌰𐌸 𐍃𐌹𐍀𐍉𐌽𐌾𐌰𐌼 𐌸𐌴𐌹𐌽𐌰𐌹𐌼 𐌴𐌹 𐌿𐍃𐌳𐍂𐌴𐌹𐌱𐌴𐌹𐌽𐌰 𐌹𐌽𐌰, 𐌾𐌰𐌷 𐌽𐌹 𐌼𐌰𐌷𐍄𐌴𐌳𐌿𐌽."
Mark,9,19,𐌹𐌸 𐌹𐍃 𐌰𐌽𐌳𐌷𐌰𐍆𐌾𐌰𐌽𐌳𐍃 𐌹𐌼 𐌵𐌰𐌸: 𐍉 𐌺𐌿𐌽𐌹 𐌿𐌽𐌲𐌰𐌻𐌰𐌿𐌱𐌾𐌰𐌽𐌳𐍉! 𐌿𐌽𐌳 𐍈𐌰 𐌰𐍄 𐌹𐌶𐍅𐌹𐍃 𐍃𐌹𐌾𐌰𐌿? 𐌿𐌽𐌳 𐍈𐌰 𐌸𐌿𐌻𐌰𐌿 𐌹𐌶𐍅𐌹𐍃? 𐌱𐌰𐌹𐍂𐌹𐌸 𐌹𐌽𐌰 𐌳𐌿 𐌼𐌹𐍃.
Mark,9,20,𐌾𐌰𐌷 𐌱𐍂𐌰𐌷𐍄𐌴𐌳𐌿𐌽 𐌹𐌽𐌰 𐌰𐍄 𐌹𐌼𐌼𐌰. 𐌾𐌰𐌷 𐌲𐌰𐍃𐌰𐌹𐍈𐌰𐌽𐌳𐍃 𐌹𐌽𐌰 𐍃𐌿𐌽𐍃𐌰𐌹𐍅 𐍃𐌰 𐌰𐌷𐌼𐌰 𐍄𐌰𐌷𐌹𐌳𐌰 𐌹𐌽𐌰; 𐌾𐌰𐌷 𐌳𐍂𐌹𐌿𐍃𐌰𐌽𐌳𐍃 𐌰𐌽𐌰 𐌰𐌹𐍂𐌸𐌰 𐍅𐌰𐌻𐍅𐌹𐍃𐍉𐌳𐌰 𐍈𐌰𐌸𐌾𐌰𐌽𐌳𐍃.
Mark,9,21,𐌾𐌰𐌷 𐍆𐍂𐌰𐌷 𐌸𐌰𐌽𐌰 𐌰𐍄𐍄𐌰𐌽 𐌹𐍃: 𐍈𐌰𐌽 𐌻𐌰𐌲𐌲 𐌼𐌴𐌻 𐌹𐍃𐍄 𐌴𐌹 𐌸𐌰𐍄𐌰 𐍅𐌰𐍂𐌸 𐌹𐌼𐌼𐌰? 𐌹𐌸 𐌹𐍃 𐌵𐌰𐌸: 𐌿𐍃 𐌱𐌰𐍂𐌽𐌹𐍃𐌺𐌾𐌰.
Mark,9,22,"𐌾𐌰𐌷 𐌿𐍆𐍄𐌰 𐌹𐌽𐌰 𐌾𐌰𐌷 𐌹𐌽 𐍆𐍉𐌽 𐌰𐍄𐍅𐌰𐍂𐍀 𐌾𐌰𐌷 𐌹𐌽 𐍅𐌰𐍄𐍉, 𐌴𐌹 𐌿𐍃𐌵𐌹𐍃𐍄𐌹𐌳𐌴𐌳𐌹 𐌹𐌼𐌼𐌰; 𐌰𐌺𐌴𐌹 𐌾𐌰𐌱𐌰𐌹 𐌼𐌰𐌲𐌴𐌹𐍃, 𐌷𐌹𐌻𐍀 𐌿𐌽𐍃𐌰𐍂𐌰, 𐌲𐌰𐌱𐌻𐌴𐌹𐌸𐌾𐌰𐌽𐌳𐍃 𐌿𐌽𐍃𐌹𐍃."
Mark,9,23,𐌹𐌸 𐌹𐌴𐍃𐌿𐍃 𐌵𐌰𐌸 𐌳𐌿 𐌹𐌼𐌼𐌰 𐌸𐌰𐍄𐌰 𐌾𐌰𐌱𐌰𐌹 𐌼𐌰𐌲𐌴𐌹𐍃 𐌲𐌰𐌻𐌰𐌿𐌱𐌾𐌰𐌽; 𐌰𐌻𐌻𐌰𐍄𐌰 𐌼𐌰𐌷𐍄𐌴𐌹𐌲 𐌸𐌰𐌼𐌼𐌰 𐌲𐌰𐌻𐌰𐌿𐌱𐌾𐌰𐌽𐌳𐌹𐌽.
Mark,9,24,𐌾𐌰𐌷 𐍃𐌿𐌽𐍃𐌰𐌹𐍅 𐌿𐍆𐌷𐍂𐍉𐍀𐌾𐌰𐌽𐌳𐍃 𐍃𐌰 𐌰𐍄𐍄𐌰 𐌸𐌹𐍃 𐌱𐌰𐍂𐌽𐌹𐍃 𐌼𐌹𐌸 𐍄𐌰𐌲𐍂𐌰𐌼 𐌵𐌰𐌸: 𐌲𐌰𐌻𐌰𐌿𐌱𐌾𐌰; 𐌷𐌹𐌻𐍀 𐌼𐌴𐌹𐌽𐌰𐌹𐌶𐍉𐍃 𐌿𐌽𐌲𐌰𐌻𐌰𐌿𐌱𐌴𐌹𐌽𐌰𐌹𐍃!
Mark,9,25,"𐌲𐌰𐍃𐌰𐌹𐍈𐌰𐌽𐌳𐍃 𐌸𐌰𐌽 𐌹𐌴𐍃𐌿𐍃 𐌸𐌰𐍄𐌴𐌹 𐍃𐌰𐌼𐌰𐌸 𐍂𐌰𐌽𐌽 𐌼𐌰𐌽𐌰𐌲𐌴𐌹, 𐌲𐌰𐍈𐍉𐍄𐌹𐌳𐌰 𐌰𐌷𐌼𐌹𐌽 𐌸𐌰𐌼𐌼𐌰 𐌿𐌽𐌷𐍂𐌰𐌹𐌽𐌾𐌹𐌽, 𐌵𐌹𐌸𐌰𐌽𐌳𐍃 𐌳𐌿 𐌹𐌼𐌼𐌰: 𐌸𐌿 𐌰𐌷𐌼𐌰, 𐌸𐌿 𐌿𐌽𐍂𐍉𐌳𐌾𐌰𐌽𐌳𐍃 𐌾𐌰𐌷 𐌱𐌰𐌿𐌸𐍃, 𐌹𐌺 𐌸𐌿𐍃 𐌰𐌽𐌰𐌱𐌹𐌿𐌳𐌰: 𐌿𐍃𐌲𐌰𐌲𐌲 𐌿𐍃 𐌸𐌰𐌼𐌼𐌰 𐌾𐌰𐌷 𐌸𐌰𐌽𐌰𐍃𐌴𐌹𐌸𐍃 𐌽𐌹 𐌲𐌰𐌻𐌴𐌹𐌸𐌰𐌹𐍃 𐌹𐌽 𐌹𐌽𐌰."
Mark,9,26,"𐌾𐌰𐌷 𐌷𐍂𐍉𐍀𐌾𐌰𐌽𐌳𐍃 𐌾𐌰𐌷 𐍆𐌹𐌻𐌿 𐍄𐌰𐌷𐌾𐌰𐌽𐌳𐍃 𐌹𐌽𐌰 𐌿𐍃𐌹𐌳𐌳𐌾𐌰; 𐌾𐌰𐌷 𐍅𐌰𐍂𐌸 𐍃𐍅𐌴 𐌳𐌰𐌿𐌸𐍃, 𐍃𐍅𐌰𐍃𐍅𐌴 𐌼𐌰𐌽𐌰𐌲𐌰𐌹 𐌵𐌴𐌸𐌿𐌽 𐌸𐌰𐍄𐌴𐌹 𐌲𐌰𐍃𐍅𐌰𐌻𐍄."
Mark,9,27,𐌹𐌸 𐌹𐌴𐍃𐌿𐍃 𐌿𐌽𐌳𐌲𐍂𐌴𐌹𐍀𐌰𐌽𐌳𐍃 𐌹𐌽𐌰 𐌱𐌹 𐌷𐌰𐌽𐌳𐌰𐌿 𐌿𐍂𐍂𐌰𐌹𐍃𐌹𐌳𐌰 𐌹𐌽𐌰; 𐌾𐌰𐌷 𐌿𐍃𐍃𐍄𐍉𐌸.
Mark,9,28,"𐌾𐌰𐌷 𐌲𐌰𐌻𐌴𐌹𐌸𐌰𐌽𐌳𐌰𐌽 𐌹𐌽𐌰 𐌹𐌽 𐌲𐌰𐍂𐌳, 𐍃𐌹𐍀𐍉𐌽𐌾𐍉𐍃 𐌹𐍃 𐍆𐍂𐌴𐌷𐌿𐌽 𐌹𐌽𐌰 𐍃𐌿𐌽𐌳𐍂𐍉: 𐌳𐌿𐍈𐌴 𐍅𐌴𐌹𐍃 𐌽𐌹 𐌼𐌰𐌷𐍄𐌴𐌳𐌿𐌼 𐌿𐍃𐌳𐍂𐌴𐌹𐌱𐌰𐌽 𐌸𐌰𐌽𐌰?"
Mark,9,29,"𐌾𐌰𐌷 𐌵𐌰𐌸 𐌳𐌿 𐌹𐌼: 𐌸𐌰𐍄𐌰 𐌺𐌿𐌽𐌹 𐌹𐌽 𐍅𐌰𐌹𐌷𐍄𐌰𐌹 𐌽𐌹 𐌼𐌰𐌲 𐌿𐍃𐌲𐌰𐌲𐌲𐌰𐌽, 𐌽𐌹𐌱𐌰 𐌹𐌽 𐌱𐌹𐌳𐌰𐌹 𐌾𐌰𐌷 𐍆𐌰𐍃𐍄𐌿𐌱𐌽𐌾𐌰."
Mark,9,30,"𐌾𐌰𐌷 𐌾𐌰𐌹𐌽𐌸𐍂𐍉 𐌿𐍃𐌲𐌰𐌲𐌲𐌰𐌽𐌳𐌰𐌽𐍃 𐌹𐌳𐌳𐌾𐌴𐌳𐌿𐌽 𐌸𐌰𐌹𐍂𐌷 𐌲𐌰𐌻𐌴𐌹𐌻𐌰𐌹𐌰𐌽, 𐌾𐌰𐌷 𐌽𐌹 𐍅𐌹𐌻𐌳𐌰 𐌴𐌹 𐍈𐌰𐍃 𐍅𐌹𐍃𐍃𐌴𐌳𐌹,"
Mark,9,31,"𐌿𐌽𐍄𐌴 𐌻𐌰𐌹𐍃𐌹𐌳𐌰 𐍃𐌹𐍀𐍉𐌽𐌾𐌰𐌽𐍃 𐍃𐌴𐌹𐌽𐌰𐌽𐍃 𐌾𐌰𐌷 𐌵𐌰𐌸 𐌳𐌿 𐌹𐌼 𐌸𐌰𐍄𐌴𐌹 𐍃𐌿𐌽𐌿𐍃 𐌼𐌰𐌽𐍃 𐌰𐍄𐌲𐌹𐌱𐌰𐌳𐌰 𐌹𐌽 𐌷𐌰𐌽𐌳𐌿𐌽𐍃 𐌼𐌰𐌽𐌽𐌴, 𐌾𐌰𐌷 𐌿𐍃𐌵𐌹𐌼𐌰𐌽𐌳 𐌹𐌼𐌼𐌰, 𐌾𐌰𐌷 𐌿𐍃𐌵𐌹𐍃𐍄𐌹𐌸𐍃 𐌸𐍂𐌹𐌳𐌾𐌹𐌽 𐌳𐌰𐌲𐌰 𐌿𐍃𐍃𐍄𐌰𐌽𐌳𐌹𐌸."
Mark,9,32,𐌹𐌸 𐌴𐌹𐍃 𐌽𐌹 𐍆𐍂𐍉𐌸𐌿𐌽 𐌸𐌰𐌼𐌼𐌰 𐍅𐌰𐌿𐍂𐌳𐌰 𐌾𐌰𐌷 𐍉𐌷𐍄𐌴𐌳𐌿𐌽 𐌹𐌽𐌰 𐍆𐍂𐌰𐌹𐌷𐌽𐌰𐌽.
Mark,9,33,𐌾𐌰𐌷 𐌵𐌰𐌼 𐌹𐌽 𐌺𐌰𐍆𐌰𐍂𐌽𐌰𐌿𐌼. 𐌾𐌰𐌷 𐌹𐌽 𐌲𐌰𐍂𐌳𐌰 𐌵𐌿𐌼𐌰𐌽𐍃 𐍆𐍂𐌰𐌷 𐌹𐌽𐍃: 𐍈𐌰 𐌹𐌽 𐍅𐌹𐌲𐌰 𐌼𐌹𐌸 𐌹𐌶𐍅𐌹𐍃 𐌼𐌹𐍃𐍃𐍉 𐌼𐌹𐍄𐍉𐌳𐌴𐌳𐌿𐌸?
Mark,9,34,"𐌹𐌸 𐌴𐌹𐍃 𐍃𐌻𐌰𐍅𐌰𐌹𐌳𐌴𐌳𐌿𐌽; 𐌳𐌿 𐍃𐌹𐍃 𐌼𐌹𐍃𐍃𐍉 𐌰𐌽𐌳𐍂𐌿𐌽𐌽𐌿𐌽, 𐍈𐌰𐍂𐌾𐌹𐍃 𐌼𐌰𐌹𐍃𐍄𐍃 𐍅𐌴𐍃𐌹."
Mark,9,35,"𐌾𐌰𐌷 𐍃𐌹𐍄𐌰𐌽𐌳𐍃 𐌰𐍄𐍅𐍉𐍀𐌹𐌳𐌰 𐌸𐌰𐌽𐍃 𐍄𐍅𐌰𐌻𐌹𐍆 𐌾𐌰𐌷 𐌵𐌰𐌸 𐌳𐌿 𐌹𐌼: 𐌾𐌰𐌱𐌰𐌹 𐍈𐌰𐍃 𐍅𐌹𐌻𐌹 𐍆𐍂𐌿𐌼𐌹𐍃𐍄𐍃 𐍅𐌹𐍃𐌰𐌽, 𐍃𐌹𐌾𐌰𐌹 𐌰𐌻𐌻𐌰𐌹𐌶𐌴 𐌰𐍆𐍄𐌿𐌼𐌹𐍃𐍄𐍃 𐌾𐌰𐌷 𐌰𐌻𐌻𐌰𐌹𐌼 𐌰𐌽𐌳𐌱𐌰𐌷𐍄𐍃."
Mark,9,36,𐌾𐌰𐌷 𐌽𐌹𐌼𐌰𐌽𐌳𐍃 𐌱𐌰𐍂𐌽 𐌲𐌰𐍃𐌰𐍄𐌹𐌳𐌰 𐌹𐍄𐌰 𐌹𐌽 𐌼𐌹𐌳𐌾𐌰𐌹𐌼 𐌹𐌼 𐌾𐌰𐌷 𐌰𐌽𐌰 𐌰𐍂𐌼𐌹𐌽𐍃 𐌽𐌹𐌼𐌰𐌽𐌳𐍃 𐌹𐍄𐌰 𐌵𐌰𐌸 𐌳𐌿 𐌹𐌼:
Mark,9,37,"𐍃𐌰𐌴𐌹 𐌰𐌹𐌽 𐌸𐌹𐌶𐌴 𐍃𐍅𐌰𐌻𐌴𐌹𐌺𐌰𐌹𐌶𐌴 𐌱𐌰𐍂𐌽𐌴 𐌰𐌽𐌳𐌽𐌹𐌼𐌹𐌸 𐌰𐌽𐌰 𐌽𐌰𐌼𐌹𐌽 𐌼𐌴𐌹𐌽𐌰𐌼𐌼𐌰, 𐌼𐌹𐌺 𐌰𐌽𐌳𐌽𐌹𐌼𐌹𐌸; 𐌾𐌰𐌷 𐍃𐌰𐍈𐌰𐌶𐌿𐌷 𐍃𐌰𐌴𐌹 𐌼𐌹𐌺 𐌰𐌽𐌳𐌽𐌹𐌼𐌹𐌸, 𐌽𐌹 𐌼𐌹𐌺 𐌰𐌽𐌳𐌽𐌹𐌼𐌹𐌸, 𐌰𐌺 𐌸𐌰𐌽𐌰 𐍃𐌰𐌽𐌳𐌾𐌰𐌽𐌳𐌰𐌽 𐌼𐌹𐌺."
Mark,9,38,"𐌰𐌽𐌳𐌷𐍉𐍆 𐌸𐌰𐌽 𐌹𐌼𐌼𐌰 𐌹𐍉𐌷𐌰𐌽𐌽𐌴𐍃 𐌵𐌹𐌸𐌰𐌽𐌳𐍃: 𐌻𐌰𐌹𐍃𐌰𐍂𐌹! 𐍃𐌴𐍈𐌿𐌼 𐍃𐌿𐌼𐌰𐌽𐌰 𐌹𐌽 𐌸𐌴𐌹𐌽𐌰𐌼𐌼𐌰 𐌽𐌰𐌼𐌹𐌽 𐌿𐍃𐌳𐍂𐌴𐌹𐌱𐌰𐌽𐌳𐌰𐌽 𐌿𐌽𐌷𐌿𐌻𐌸𐍉𐌽𐍃, 𐍃𐌰𐌴𐌹 𐌽𐌹 𐌻𐌰𐌹𐍃𐍄𐌴𐌹𐌸 𐌿𐌽𐍃𐌹𐍃, 𐌾𐌰𐌷 𐍅𐌰𐍂𐌹𐌳𐌴𐌳𐌿𐌼 𐌹𐌼𐌼𐌰, 𐌿𐌽𐍄𐌴 𐌽𐌹 𐌻𐌰𐌹𐍃𐍄𐌴𐌹𐌸 𐌿𐌽𐍃𐌹𐍃."
Mark,9,39,𐌹𐌸 𐌹𐍃 𐌵𐌰𐌸: 𐌽𐌹 𐍅𐌰𐍂𐌾𐌹𐌸 𐌹𐌼𐌼𐌰; 𐌽𐌹 𐌼𐌰𐌽𐌽𐌰𐌷𐌿𐌽 𐌰𐌿𐌺 𐌹𐍃𐍄 𐍃𐌰𐌴𐌹 𐍄𐌰𐌿𐌾𐌹𐌸 𐌼𐌰𐌷𐍄 𐌹𐌽 𐌽𐌰𐌼𐌹𐌽 𐌼𐌴𐌹𐌽𐌰𐌼𐌼𐌰 𐌾𐌰𐌷 𐌼𐌰𐌲𐌹 𐍃𐍀𐍂𐌰𐌿𐍄𐍉 𐌿𐌱𐌹𐌻𐍅𐌰𐌿𐍂𐌳𐌾𐌰𐌽 𐌼𐌹𐍃;
Mark,9,40,"𐌿𐌽𐍄𐌴 𐍃𐌰𐌴𐌹 𐌽𐌹𐍃𐍄 𐍅𐌹𐌸𐍂𐌰 𐌹𐌶𐍅𐌹𐍃, 𐍆𐌰𐌿𐍂 𐌹𐌶𐍅𐌹𐍃 𐌹𐍃𐍄."
Mark,9,41,"𐍃𐌰𐌴𐌹 𐌰𐌿𐌺 𐌰𐌻𐌻𐌹𐍃 𐌲𐌰𐌳𐍂𐌰𐌲𐌺𐌾𐌰𐌹 𐌹𐌶𐍅𐌹𐍃 𐍃𐍄𐌹𐌺𐌻𐌰 𐍅𐌰𐍄𐌹𐌽𐍃 𐌹𐌽 𐌽𐌰𐌼𐌹𐌽 𐌼𐌴𐌹𐌽𐌰𐌼𐌼𐌰, 𐌿𐌽𐍄𐌴 𐍇𐍂𐌹𐍃𐍄𐌰𐌿𐍃 𐍃𐌹𐌾𐌿𐌸, 𐌰𐌼𐌴𐌽 𐌵𐌹𐌸𐌰 𐌹𐌶𐍅𐌹𐍃 𐌴𐌹 𐌽𐌹 𐍆𐍂𐌰𐌵𐌹𐍃𐍄𐌴𐌹𐌸 𐌼𐌹𐌶𐌳𐍉𐌽 𐍃𐌴𐌹𐌽𐌰𐌹."
Mark,9,42,"𐌾𐌰𐌷 𐍃𐌰𐍈𐌰𐌶𐌿𐌷 𐍃𐌰𐌴𐌹 𐌲𐌰𐌼𐌰𐍂𐌶𐌾𐌰𐌹 𐌰𐌹𐌽𐌰𐌽𐌰 𐌸𐌹𐌶𐌴 𐌻𐌴𐌹𐍄𐌹𐌻𐌰𐌽𐌴 𐌸𐌹𐌶𐌴 𐌲𐌰𐌻𐌰𐌿𐌱𐌾𐌰𐌽𐌳𐌰𐌽𐌴 𐌳𐌿 𐌼𐌹𐍃, 𐌲𐍉𐌸 𐌹𐍃𐍄 𐌹𐌼𐌼𐌰 𐌼𐌰𐌹𐍃 𐌴𐌹 𐌲𐌰𐌻𐌰𐌲𐌾𐌰𐌹𐌳𐌰𐌿 𐌰𐍃𐌹𐌻𐌿𐌵𐌰𐌹𐍂𐌽𐌿𐍃 𐌰𐌽𐌰 𐌷𐌰𐌻𐍃𐌰𐌲𐌲𐌰𐌽 𐌹𐍃 𐌾𐌰𐌷 𐍆𐍂𐌰𐍅𐌰𐌿𐍂𐍀𐌰𐌽𐍃 𐍅𐌴𐍃𐌹 𐌹𐌽 𐌼𐌰𐍂𐌴𐌹𐌽."
Mark,9,43,"𐌾𐌰𐌷 𐌾𐌰𐌱𐌰𐌹 𐌼𐌰𐍂𐌶𐌾𐌰𐌹 𐌸𐌿𐌺 𐌷𐌰𐌽𐌳𐌿𐍃 𐌸𐌴𐌹𐌽𐌰, 𐌰𐍆𐌼𐌰𐌹𐍄 𐌸𐍉; 𐌲𐍉𐌸 𐌸𐌿𐍃 𐌹𐍃𐍄 𐌷𐌰𐌼𐍆𐌰𐌼𐌼𐌰 𐌹𐌽 𐌻𐌹𐌱𐌰𐌹𐌽 𐌲𐌰𐌻𐌴𐌹𐌸𐌰𐌽, 𐌸𐌰𐌿 𐍄𐍅𐍉𐍃 𐌷𐌰𐌽𐌳𐌿𐌽𐍃 𐌷𐌰𐌱𐌰𐌽𐌳𐌹𐌽 𐌲𐌰𐌻𐌴𐌹𐌸𐌰𐌽 𐌹𐌽 𐌲𐌰𐌹𐌰𐌹𐌽𐌽𐌰𐌽, 𐌹𐌽 𐍆𐍉𐌽 𐌸𐌰𐍄𐌰 𐌿𐌽𐍈𐌰𐍀𐌽𐌰𐌽𐌳𐍉,"
Mark,9,44,𐌸𐌰𐍂𐌴𐌹 𐌼𐌰𐌸𐌰 𐌹𐌶𐌴 𐌽𐌹 𐌲𐌰𐍃𐍅𐌹𐌻𐍄𐌹𐌸 𐌾𐌰𐌷 𐍆𐍉𐌽 𐌽𐌹 𐌰𐍆𐍈𐌰𐍀𐌽𐌹𐌸.
Mark,9,45,"𐌾𐌰𐌷 𐌾𐌰𐌱𐌰𐌹 𐍆𐍉𐍄𐌿𐍃 𐌸𐌴𐌹𐌽𐍃 𐌼𐌰𐍂𐌶𐌾𐌰𐌹 𐌸𐌿𐌺, 𐌰𐍆𐌼𐌰𐌹𐍄 𐌹𐌽𐌰; 𐌲𐍉𐌸 𐌸𐌿𐍃 𐌹𐍃𐍄 𐌲𐌰𐌻𐌴𐌹𐌸𐌰𐌽 𐌹𐌽 𐌻𐌹𐌱𐌰𐌹𐌽 𐌷𐌰𐌻𐍄𐌰𐌼𐌼𐌰, 𐌸𐌰𐌿 𐍄𐍅𐌰𐌽𐍃 𐍆𐍉𐍄𐌿𐌽𐍃 𐌷𐌰𐌱𐌰𐌽𐌳𐌹𐌽 𐌲𐌰𐍅𐌰𐌹𐍂𐍀𐌰𐌽 𐌹𐌽 𐌲𐌰𐌹𐌰𐌹𐌽𐌽𐌰𐌽, 𐌹𐌽 𐍆𐍉𐌽 𐌸𐌰𐍄𐌰 𐌿𐌽𐍈𐌰𐍀𐌽𐌰𐌽𐌳𐍉,"
Mark,9,46,𐌸𐌰𐍂𐌴𐌹 𐌼𐌰𐌸𐌰 𐌹𐌶𐌴 𐌽𐌹 𐌲𐌰𐍃𐍅𐌹𐌻𐍄𐌹𐌸 𐌾𐌰𐌷 𐍆𐍉𐌽 𐌽𐌹 𐌰𐍆𐍈𐌰𐍀𐌽𐌹𐌸.
Mark,9,47,"𐌾𐌰𐌷 𐌾𐌰𐌱𐌰𐌹 𐌰𐌿𐌲𐍉 𐌸𐌴𐌹𐌽 𐌼𐌰𐍂𐌶𐌾𐌰𐌹 𐌸𐌿𐌺, 𐌿𐍃𐍅𐌰𐌹𐍂𐍀 𐌹𐌼𐌼𐌰; 𐌲𐍉𐌸 𐌸𐌿𐍃 𐌹𐍃𐍄 𐌷𐌰𐌹𐌷𐌰𐌼𐌼𐌰 𐌲𐌰𐌻𐌴𐌹𐌸𐌰𐌽 𐌹𐌽 𐌸𐌹𐌿𐌳𐌰𐌽𐌲𐌰𐍂𐌳𐌾𐌰 𐌲𐌿𐌳𐌹𐍃, 𐌸𐌰𐌿 𐍄𐍅𐌰 𐌰𐌿𐌲𐍉𐌽𐌰 𐌷𐌰𐌱𐌰𐌽𐌳𐌹𐌽 𐌰𐍄𐍅𐌰𐌹𐍂𐍀𐌰𐌽 𐌹𐌽 𐌲𐌰𐌹𐌰𐌹𐌽𐌽𐌰𐌽 𐍆𐌿𐌽𐌹𐌽𐍃,"
Mark,9,48,𐌸𐌰𐍂𐌴𐌹 𐌼𐌰𐌸𐌰 𐌹𐌶𐌴 𐌽𐌹 𐌲𐌰𐌳𐌰𐌿𐌸𐌽𐌹𐌸 𐌾𐌰𐌷 𐍆𐍉𐌽 𐌽𐌹 𐌰𐍆𐍈𐌰𐍀𐌽𐌹𐌸.
Mark,9,49,𐍈𐌰𐌶𐌿𐌷 𐌰𐌿𐌺 𐍆𐌿𐌽𐌹𐌽 𐍃𐌰𐌻𐍄𐌰𐌳𐌰 𐌾𐌰𐌷 𐍈𐌰𐍂𐌾𐌰𐍄𐍉𐌷 𐌷𐌿𐌽𐍃𐌻𐌴 𐍃𐌰𐌻𐍄𐌰 𐍃𐌰𐌻𐍄𐌰𐌳𐌰.
Mark,9,50,"𐌲𐍉𐌸 𐍃𐌰𐌻𐍄; 𐌹𐌸 𐌾𐌰𐌱𐌰𐌹 𐍃𐌰𐌻𐍄 𐌿𐌽𐍃𐌰𐌻𐍄𐌰𐌽 𐍅𐌰𐌹𐍂𐌸𐌹𐌸, 𐍈𐌴 𐍃𐌿𐍀𐌿𐌳𐌰? 𐌷𐌰𐌱𐌰𐌹𐌸 𐌹𐌽 𐌹𐌶𐍅𐌹𐍃 𐍃𐌰𐌻𐍄 𐌾𐌰𐌷 𐌲𐌰𐍅𐌰𐌹𐍂𐌸𐌴𐌹𐌲𐌰𐌹 𐍃𐌹𐌾𐌰𐌹𐌸 𐌼𐌹𐌸 𐌹𐌶𐍅𐌹𐍃 𐌼𐌹𐍃𐍃𐍉."
Mark,10,1,"𐌾𐌰𐌷 𐌾𐌰𐌹𐌽𐌸𐍂𐍉 𐌿𐍃𐍃𐍄𐌰𐌽𐌳𐌰𐌽𐌳𐍃 𐌵𐌰𐌼 𐌹𐌽 𐌼𐌰𐍂𐌺𐍉𐌼 𐌹𐌿𐌳𐌰𐌹𐌰𐍃 𐌷𐌹𐌽𐌳𐌰𐍂 𐌹𐌰𐌿𐍂𐌳𐌰𐌽𐌰𐌿; 𐌾𐌰𐌷 𐌲𐌰𐌵𐌴𐌼𐌿𐌽 𐍃𐌹𐌺 𐌰𐍆𐍄𐍂𐌰 𐌼𐌰𐌽𐌰𐌲𐌴𐌹𐌽𐍃 𐌳𐌿 𐌹𐌼𐌼𐌰, 𐌾𐌰𐌷, 𐍃𐍅𐌴 𐌱𐌹𐌿𐌷𐍄𐍃, 𐌰𐍆𐍄𐍂𐌰 𐌻𐌰𐌹𐍃𐌹𐌳𐌰 𐌹𐌽𐍃."
Mark,10,2,"𐌾𐌰𐌷 𐌳𐌿𐌰𐍄𐌲𐌰𐌲𐌲𐌰𐌽𐌳𐌰𐌽𐍃 𐍆𐌰𐍂𐌴𐌹𐍃𐌰𐌹𐌴𐌹𐍃 𐍆𐍂𐌴𐌷𐌿𐌽 𐌹𐌽𐌰, 𐍃𐌺𐌿𐌻𐌳𐌿 𐍃𐌹𐌾𐌰𐌹 𐌼𐌰𐌽𐌽 𐌵𐌴𐌽 𐌰𐍆𐍃𐌰𐍄𐌾𐌰𐌽, 𐍆𐍂𐌰𐌹𐍃𐌰𐌽𐌳𐌰𐌽𐍃 𐌹𐌽𐌰."
Mark,10,3,𐌹𐌸 𐌹𐍃 𐌰𐌽𐌳𐌷𐌰𐍆𐌾𐌰𐌽𐌳𐍃 𐌵𐌰𐌸: 𐍈𐌰 𐌹𐌶𐍅𐌹𐍃 𐌰𐌽𐌰𐌱𐌰𐌿𐌸 𐌼𐍉𐍃𐌴𐍃?
Mark,10,4,𐌹𐌸 𐌴𐌹𐍃 𐌵𐌴𐌸𐌿𐌽: 𐌼𐍉𐍃𐌴𐍃 𐌿𐍃𐌻𐌰𐌿𐌱𐌹𐌳𐌰 𐌿𐌽𐍃𐌹𐍃 𐌱𐍉𐌺𐍉𐍃 𐌰𐍆𐍃𐌰𐍄𐌴𐌹𐌽𐌰𐌹𐍃 𐌼𐌴𐌻𐌾𐌰𐌽 𐌾𐌰𐌷 𐌰𐍆𐌻𐌴𐍄𐌰𐌽.
Mark,10,5,𐌾𐌰𐌷 𐌰𐌽𐌳𐌷𐌰𐍆𐌾𐌰𐌽𐌳𐍃 𐌹𐌴𐍃𐌿𐍃 𐌵𐌰𐌸 𐌳𐌿 𐌹𐌼: 𐍅𐌹𐌸𐍂𐌰 𐌷𐌰𐍂𐌳𐌿𐌷𐌰𐌹𐍂𐍄𐌴𐌹𐌽 𐌹𐌶𐍅𐌰𐍂𐌰 𐌲𐌰𐌼𐌴𐌻𐌹𐌳𐌰 𐌹𐌶𐍅𐌹𐍃 𐌸𐍉 𐌰𐌽𐌰𐌱𐌿𐍃𐌽.
Mark,10,6,𐌹𐌸 𐌰𐍆 𐌰𐌽𐌰𐍃𐍄𐍉𐌳𐌴𐌹𐌽𐌰𐌹 𐌲𐌰𐍃𐌺𐌰𐍆𐍄𐌰𐌹𐍃 𐌲𐌿𐌼𐌴𐌹𐌽 𐌾𐌰𐌷 𐌵𐌹𐌽𐌴𐌹𐌽 𐌲𐌰𐍄𐌰𐍅𐌹𐌳𐌰 𐌲𐌿𐌸.
Mark,10,7,"𐌹𐌽𐌿𐌷 𐌸𐌹𐍃 𐌱𐌹𐌻𐌴𐌹𐌸𐌰𐌹 𐌼𐌰𐌽𐌽𐌰 𐌰𐍄𐍄𐌹𐌽 𐍃𐌴𐌹𐌽𐌰𐌼𐌼𐌰 𐌾𐌰𐌷 𐌰𐌹𐌸𐌴𐌹𐌽 𐍃𐌴𐌹𐌽𐌰𐌹,"
Mark,10,8,"𐌾𐌰𐌷 𐍃𐌹𐌾𐌰𐌹𐌽𐌰 𐌸𐍉 𐍄𐍅𐌰 𐌳𐌿 𐌻𐌴𐌹𐌺𐌰 𐍃𐌰𐌼𐌹𐌽, 𐍃𐍅𐌰𐍃𐍅𐌴 𐌸𐌰𐌽𐌰𐍃𐌴𐌹𐌸𐍃 𐌽𐌹 𐍃𐌹𐌽𐌳 𐍄𐍅𐌰, 𐌰𐌺 𐌻𐌴𐌹𐌺 𐌰𐌹𐌽."
Mark,10,9,"𐌸𐌰𐍄𐌴𐌹 𐌽𐌿 𐌲𐌿𐌸 𐌲𐌰𐍅𐌰𐌸, 𐌼𐌰𐌽𐌽𐌰 𐌸𐌰𐌼𐌼𐌰 𐌽𐌹 𐍃𐌺𐌰𐌹𐌳𐌰𐌹."
Mark,10,10,𐌾𐌰𐌷 𐌹𐌽 𐌲𐌰𐍂𐌳𐌰 𐌰𐍆𐍄𐍂𐌰 𐍃𐌹𐍀𐍉𐌽𐌾𐍉𐍃 𐌹𐍃 𐌱𐌹 𐌸𐌰𐍄𐌰 𐍃𐌰𐌼𐍉 𐍆𐍂𐌴𐌷𐌿𐌽 𐌹𐌽𐌰.
Mark,10,11,"𐌾𐌰𐌷 𐌵𐌰𐌸 𐌳𐌿 𐌹𐌼: 𐍃𐌰𐍈𐌰𐌶𐌿𐌷 𐍃𐌰𐌴𐌹 𐌰𐍆𐌻𐌴𐍄𐌹𐌸 𐌵𐌴𐌽 𐍃𐌴𐌹𐌽𐌰 𐌾𐌰𐌷 𐌻𐌹𐌿𐌲𐌰𐌹𐌸 𐌰𐌽𐌸𐌰𐍂𐌰, 𐌷𐍉𐍂𐌹𐌽𐍉𐌸 𐌳𐌿 𐌸𐌹𐌶𐌰𐌹."
Mark,10,12,"𐌾𐌰𐌷 𐌾𐌰𐌱𐌰𐌹 𐌵𐌹𐌽𐍉 𐌰𐍆𐌻𐌴𐍄𐌹𐌸 𐌰𐌱𐌰𐌽 𐍃𐌴𐌹𐌽𐌰𐌽𐌰 𐌾𐌰𐌷 𐌻𐌹𐌿𐌲𐌰𐌳𐌰 𐌰𐌽𐌸𐌰𐍂𐌰𐌼𐌼𐌰, 𐌷𐍉𐍂𐌹𐌽𐍉𐌸."
Mark,10,13,"𐌸𐌰𐌽𐌿𐌷 𐌰𐍄𐌱𐌴𐍂𐌿𐌽 𐌳𐌿 𐌹𐌼𐌼𐌰 𐌱𐌰𐍂𐌽𐌰, 𐌴𐌹 𐌰𐍄𐍄𐌰𐌹𐍄𐍉𐌺𐌹 𐌹𐌼: 𐌹𐌸 𐌸𐌰𐌹 𐍃𐌹𐍀𐍉𐌽𐌾𐍉𐍃 𐌹𐍃 𐍃𐍉𐌺𐌿𐌽 𐌸𐌰𐌹𐌼 𐌱𐌰𐌹𐍂𐌰𐌽𐌳𐌰𐌼 𐌳𐌿."
Mark,10,14,"𐌲𐌰𐍃𐌰𐌹𐍈𐌰𐌽𐌳𐍃 𐌸𐌰𐌽 𐌹𐌴𐍃𐌿𐍃 𐌿𐌽𐍅𐌴𐍂𐌹𐌳𐌰 𐌾𐌰𐌷 𐌵𐌰𐌸 𐌳𐌿 𐌹𐌼: 𐌻𐌴𐍄𐌹𐌸 𐌸𐍉 𐌱𐌰𐍂𐌽𐌰 𐌲𐌰𐌲𐌲𐌰𐌽 𐌳𐌿 𐌼𐌹𐍃 𐌾𐌰𐌷 𐌽𐌹 𐍅𐌰𐍂𐌾𐌹𐌸 𐌸𐍉, 𐌿𐌽𐍄𐌴 𐌸𐌹𐌶𐌴 𐌹𐍃𐍄 𐌸𐌹𐌿𐌳𐌰𐌽𐌲𐌰𐍂𐌳𐌹 𐌲𐌿𐌳𐌹𐍃."
Mark,10,15,"𐌰𐌼𐌴𐌽, 𐌵𐌹𐌸𐌰 𐌹𐌶𐍅𐌹𐍃: 𐍃𐌰𐌴𐌹 𐌽𐌹 𐌰𐌽𐌳𐌽𐌹𐌼𐌹𐌸 𐌸𐌹𐌿𐌳𐌰𐌽𐌲𐌰𐍂𐌳𐌾𐌰 𐌲𐌿𐌳𐌹𐍃 𐍃𐍅𐌴 𐌱𐌰𐍂𐌽, 𐌽𐌹 𐌸𐌰𐌿𐌷 𐌵𐌹𐌼𐌹𐌸 𐌹𐌽 𐌹𐌶𐌰𐌹."
Mark,10,16,"𐌾𐌰𐌷 𐌲𐌰𐌸𐌻𐌰𐌹𐌷𐌰𐌽𐌳𐍃 𐌹𐌼, 𐌻𐌰𐌲𐌾𐌰𐌽𐌳𐍃 𐌷𐌰𐌽𐌳𐌿𐌽𐍃 𐌰𐌽𐌰 𐌸𐍉 𐌸𐌹𐌿𐌸𐌹𐌳𐌰 𐌹𐌼."
Mark,10,17,"𐌾𐌰𐌷 𐌿𐍃𐌲𐌰𐌲𐌲𐌰𐌽𐌳𐌹𐌽 𐌹𐌼𐌼𐌰 𐌹𐌽 𐍅𐌹𐌲, 𐌳𐌿𐌰𐍄𐍂𐌹𐌽𐌽𐌰𐌽𐌳𐍃 𐌰𐌹𐌽𐍃 𐌾𐌰𐌷 𐌺𐌽𐌿𐍃𐍃𐌾𐌰𐌽𐌳𐍃 𐌱𐌰𐌸 𐌹𐌽𐌰 𐌵𐌹𐌸𐌰𐌽𐌳𐍃: 𐌻𐌰𐌹𐍃𐌰𐍂𐌹 𐌸𐌹𐌿𐌸𐌴𐌹𐌲𐌰, 𐍈𐌰 𐍄𐌰𐌿𐌾𐌰𐌿 𐌴𐌹 𐌻𐌹𐌱𐌰𐌹𐌽𐌰𐌹𐍃 𐌰𐌹𐍅𐌴𐌹𐌽𐍉𐌽𐍃 𐌰𐍂𐌱𐌾𐌰 𐍅𐌰𐌹𐍂𐌸𐌰𐌿?"
Mark,10,18,"𐌹𐌸 𐌹𐍃 𐌵𐌰𐌸 𐌳𐌿 𐌹𐌼𐌼𐌰: 𐍈𐌰 𐌼𐌹𐌺 𐌵𐌹𐌸𐌹𐍃 𐌸𐌹𐌿𐌸𐌴𐌹𐌲𐌰𐌽𐌰? 𐌽𐌹 𐍈𐌰𐍃𐌷𐌿𐌽 𐌸𐌹𐌿𐌸𐌴𐌹𐌲𐍃, 𐌰𐌻𐌾𐌰 𐌰𐌹𐌽𐍃 𐌲𐌿𐌸."
Mark,10,19,𐌸𐍉𐍃 𐌰𐌽𐌰𐌱𐌿𐍃𐌽𐌹𐌽𐍃 𐌺𐌰𐌽𐍄: 𐌽𐌹 𐌷𐍉𐍂𐌹𐌽𐍉𐍃; 𐌽𐌹 𐌼𐌰𐌿𐍂𐌸𐍂𐌾𐌰𐌹𐍃; 𐌽𐌹 𐌷𐌻𐌹𐍆𐌰𐌹𐍃; 𐌽𐌹 𐍃𐌹𐌾𐌰𐌹𐍃 𐌲𐌰𐌻𐌹𐌿𐌲𐌰𐍅𐌴𐌹𐍄𐍅𐍉𐌳𐍃; 𐌽𐌹 𐌰𐌽𐌰𐌼𐌰𐌷𐍄𐌾𐌰𐌹𐍃; 𐍃𐍅𐌴𐍂𐌰𐌹 𐌰𐍄𐍄𐌰𐌽 𐌸𐌴𐌹𐌽𐌰𐌽𐌰 𐌾𐌰𐌷 𐌰𐌹𐌸𐌴𐌹𐌽 𐌸𐌴𐌹𐌽𐌰.
Mark,10,20,"𐌸𐌰𐍂𐌿𐌷 𐌰𐌽𐌳𐌷𐌰𐍆𐌾𐌰𐌽𐌳𐍃 𐌵𐌰𐌸 𐌳𐌿 𐌹𐌼𐌼𐌰: 𐌻𐌰𐌹𐍃𐌰𐍂𐌹, 𐌸𐍉 𐌰𐌻𐌻𐌰 𐌲𐌰𐍆𐌰𐍃𐍄𐌰𐌹𐌳𐌰 𐌿𐍃 𐌾𐌿𐌽𐌳𐌰𐌹 𐌼𐌴𐌹𐌽𐌰𐌹."
Mark,10,21,"𐌹𐌸 𐌹𐌴𐍃𐌿𐍃 𐌹𐌽𐍃𐌰𐌹𐍈𐌰𐌽𐌳𐍃 𐌳𐌿 𐌹𐌼𐌼𐌰 𐍆𐍂𐌹𐌾𐍉𐌳𐌰 𐌹𐌽𐌰 𐌾𐌰𐌷 𐌵𐌰𐌸 𐌳𐌿 𐌹𐌼𐌼𐌰: 𐌰𐌹𐌽𐌹𐍃 𐌸𐌿𐍃 𐍅𐌰𐌽 𐌹𐍃𐍄; 𐌲𐌰𐌲𐌲, 𐍃𐍅𐌰 𐍆𐌹𐌻𐌿 𐍃𐍅𐌴 𐌷𐌰𐌱𐌰𐌹𐍃 𐍆𐍂𐌰𐌱𐌿𐌲𐌴𐌹 𐌾𐌰𐌷 𐌲𐌹𐍆 𐌸𐌰𐍂𐌱𐌰𐌼, 𐌾𐌰𐌷 𐌷𐌰𐌱𐌰𐌹𐍃 𐌷𐌿𐌶𐌳 𐌹𐌽 𐌷𐌹𐌼𐌹𐌽𐌰𐌼; 𐌾𐌰𐌷 𐌷𐌹𐍂𐌹 𐌻𐌰𐌹𐍃𐍄𐌾𐌰𐌽 𐌼𐌹𐌺 𐌽𐌹𐌼𐌰𐌽𐌳𐍃 𐌲𐌰𐌻𐌲𐌰𐌽."
Mark,10,22,𐌹𐌸 𐌹𐍃 𐌲𐌰𐌷𐌽𐌹𐍀𐌽𐌰𐌽𐌳𐍃 𐌹𐌽 𐌸𐌹𐍃 𐍅𐌰𐌿𐍂𐌳𐌹𐍃 𐌲𐌰𐌻𐌰𐌹𐌸 𐌲𐌰𐌿𐍂𐍃; 𐍅𐌰𐍃 𐌰𐌿𐌺 𐌷𐌰𐌱𐌰𐌽𐌳𐍃 𐍆𐌰𐌹𐌷𐌿 𐌼𐌰𐌽𐌰𐌲.
Mark,10,23,"𐌾𐌰𐌷 𐌱𐌹𐍃𐌰𐌹𐍈𐌰𐌽𐌳𐍃 𐌹𐌴𐍃𐌿𐍃 𐌵𐌰𐌸 𐍃𐌹𐍀𐍉𐌽𐌾𐌰𐌼 𐍃𐌴𐌹𐌽𐌰𐌹𐌼: 𐍃𐌰𐌹, 𐍈𐌰𐌹𐍅𐌰 𐌰𐌲𐌻𐌿𐌱𐌰 𐌸𐌰𐌹 𐍆𐌰𐌹𐌷𐍉 𐌲𐌰𐌷𐌰𐌱𐌰𐌽𐌳𐌰𐌽𐍃 𐌹𐌽 𐌸𐌹𐌿𐌳𐌰𐌽𐌲𐌰𐍂𐌳𐌾𐌰 𐌲𐌿𐌳𐌹𐍃 𐌲𐌰𐌻𐌴𐌹𐌸𐌰𐌽𐌳."
Mark,10,24,"𐌹𐌸 𐌸𐌰𐌹 𐍃𐌹𐍀𐍉𐌽𐌾𐍉𐍃 𐌰𐍆𐍃𐌻𐌰𐌿𐌸𐌽𐍉𐌳𐌴𐌳𐌿𐌽 𐌹𐌽 𐍅𐌰𐌿𐍂𐌳𐌴 𐌹𐍃. 𐌸𐌰𐍂𐌿𐌷 𐌹𐌴𐍃𐌿𐍃 𐌰𐍆𐍄𐍂𐌰 𐌰𐌽𐌳𐌷𐌰𐍆𐌾𐌰𐌽𐌳𐍃 𐌵𐌰𐌸 𐌹𐌼: 𐌱𐌰𐍂𐌽𐌹𐌻𐍉𐌽𐌰, 𐍈𐌰𐌹𐍅𐌰 𐌰𐌲𐌻𐌿 𐌹𐍃𐍄 𐌸𐌰𐌹𐌼 𐌷𐌿𐌲𐌾𐌰𐌽𐌳𐌰𐌼 𐌰𐍆𐌰𐍂 𐍆𐌰𐌹𐌷𐌰𐌿 𐌹𐌽 𐌸𐌹𐌿𐌳𐌰𐌽𐌲𐌰𐍂𐌳𐌾𐌰 𐌲𐌿𐌳𐌹𐍃 𐌲𐌰𐌻𐌴𐌹𐌸𐌰𐌽."
Mark,10,25,"𐌰𐌶𐌹𐍄𐌹𐌶𐍉 𐌹𐍃𐍄 𐌿𐌻𐌱𐌰𐌽𐌳𐌰𐌿 𐌸𐌰𐌹𐍂𐌷 𐌸𐌰𐌹𐍂𐌺𐍉 𐌽𐌴𐌸𐌻𐍉𐍃 𐌲𐌰𐌻𐌴𐌹𐌸𐌰𐌽, 𐌸𐌰𐌿 𐌲𐌰𐌱𐌹𐌲𐌰𐌼𐌼𐌰 𐌹𐌽 𐌸𐌹𐌿𐌳𐌰𐌽𐌲𐌰𐍂𐌳𐌾𐌰 𐌲𐌿𐌳𐌹𐍃 𐌲𐌰𐌻𐌴𐌹𐌸𐌰𐌽."
Mark,10,26,𐌹𐌸 𐌴𐌹𐍃 𐌼𐌰𐌹𐍃 𐌿𐍃𐌲𐌴𐌹𐍃𐌽𐍉𐌳𐌴𐌳𐌿𐌽 𐌵𐌹𐌸𐌰𐌽𐌳𐌰𐌽𐍃 𐌳𐌿 𐍃𐌹𐍃 𐌼𐌹𐍃𐍃𐍉: 𐌾𐌰𐌷 𐍈𐌰𐍃 𐌼𐌰𐌲 𐌲𐌰𐌽𐌹𐍃𐌰𐌽?
Mark,10,27,"𐌹𐌽𐍃𐌰𐌹𐍈𐌰𐌽𐌳𐍃 𐌳𐌿 𐌹𐌼 𐌹𐌴𐍃𐌿𐍃 𐌵𐌰𐌸: [𐌰𐌺𐌴𐌹] 𐍆𐍂𐌰𐌼 𐌼𐌰𐌽𐌽𐌰𐌽 𐌿𐌽𐌼𐌰𐌷𐍄𐌴𐌹𐌲 𐌹𐍃𐍄, 𐌽𐌹 𐍆𐍂𐌰𐌼 𐌲𐌿𐌳𐌰; 𐌰𐌻𐌻𐌰𐍄𐌰 𐌰𐌿𐌺 𐌼𐌰𐌷𐍄𐌴𐌹𐌲 𐌹𐍃𐍄 𐍆𐍂𐌰𐌼 𐌲𐌿𐌳𐌰."
Mark,10,28,"𐌳𐌿𐌲𐌰𐌽𐌽 𐌸𐌰𐌽 𐍀𐌰𐌹𐍄𐍂𐌿𐍃 𐌵𐌹𐌸𐌰𐌽 𐌳𐌿 𐌹𐌼𐌼𐌰: 𐍃𐌰𐌹, 𐍅𐌴𐌹𐍃 𐌰𐍆𐌻𐌰𐌹𐌻𐍉𐍄𐌿𐌼 𐌰𐌻𐌻𐌰 𐌾𐌰𐌷 𐌻𐌰𐌹𐍃𐍄𐌹𐌳𐌴𐌳𐌿𐌼 𐌸𐌿𐌺."
Mark,10,29,"𐌰𐌽𐌳𐌷𐌰𐍆𐌾𐌰𐌽𐌳𐍃 𐌹𐌼 𐌹𐌴𐍃𐌿𐍃 𐌵𐌰𐌸: 𐌰𐌼𐌴𐌽, 𐌵𐌹𐌸𐌰 𐌹𐌶𐍅𐌹𐍃: 𐌽𐌹 𐍈𐌰𐍃𐌷𐌿𐌽 𐌹𐍃𐍄 𐍃𐌰𐌴𐌹 𐌰𐍆𐌻𐌰𐌹𐌻𐍉𐍄𐌹 𐌲𐌰𐍂𐌳 𐌰𐌹𐌸𐌸𐌰𐌿 𐌱𐍂𐍉𐌸𐍂𐌿𐌽𐍃 𐌰𐌹𐌸𐌸𐌰𐌿 𐌰𐌹𐌸𐌴𐌹𐌽 𐌰𐌹𐌸𐌸𐌰𐌿 𐌰𐍄𐍄𐌰𐌽 𐌰𐌹𐌸𐌸𐌰𐌿 𐌵𐌴𐌽 𐌰𐌹𐌸𐌸𐌰𐌿 𐌱𐌰𐍂𐌽𐌰 𐌰𐌹𐌸𐌸𐌰𐌿 𐌷𐌰𐌹𐌼𐍉𐌸𐌻𐌾𐌰 𐌹𐌽 𐌼𐌴𐌹𐌽𐌰 𐌾𐌰𐌷 𐌹𐌽 𐌸𐌹𐌶𐍉𐍃 𐌰𐌹𐍅𐌰𐌲𐌲𐌴𐌻𐌾𐍉𐌽𐍃,"
Mark,10,30,𐍃𐌰𐌴𐌹 𐌽𐌹 𐌰𐌽𐌳𐌽𐌹𐌼𐌰𐌹 ·𐍂· 𐍆𐌰𐌻𐌸 𐌽𐌿 𐌹𐌽 𐌸𐌰𐌼𐌼𐌰 𐌼𐌴𐌻𐌰 𐌲𐌰𐍂𐌳𐌹𐌽𐍃 𐌾𐌰𐌷 𐌱𐍂𐍉𐌸𐍂𐌿𐌽𐍃 𐌾𐌰𐌷 𐍃𐍅𐌹𐍃𐍄𐍂𐌿𐌽𐍃 𐌾𐌰𐌷 𐌰𐍄𐍄𐌰𐌽 𐌾𐌰𐌷 𐌰𐌹𐌸𐌴𐌹𐌽 𐌾𐌰𐌷 𐌱𐌰𐍂𐌽𐌰 𐌾𐌰𐌷 𐌷𐌰𐌹𐌼𐍉𐌸𐌻𐌾𐌰 𐌼𐌹𐌸 𐍅𐍂𐌰𐌺𐍉𐌼 𐌾𐌰𐌷 𐌹𐌽 𐌰𐌹𐍅𐌰 𐌸𐌰𐌼𐌼𐌰 𐌰𐌽𐌰𐍅𐌰𐌹𐍂𐌸𐌹𐌽 𐌻𐌹𐌱𐌰𐌹𐌽 𐌰𐌹𐍅𐌴𐌹𐌽𐍉𐌽.
Mark,10,31,"𐌰𐌸𐌸𐌰𐌽 𐌼𐌰𐌽𐌰𐌲𐌰𐌹 𐍅𐌰𐌹𐍂𐌸𐌰𐌽𐌳 𐍆𐍂𐌿𐌼𐌰𐌽𐍃 𐌰𐍆𐍄𐌿𐌼𐌰𐌽𐍃, 𐌾𐌰𐌷 𐌰𐍆𐍄𐌿𐌼𐌰𐌽𐍃 𐍆𐍂𐌿𐌼𐌰𐌽𐍃."
Mark,10,32,"𐍅𐌴𐍃𐌿𐌽𐌿𐌸~𐌸𐌰𐌽 𐌰𐌽𐌰 𐍅𐌹𐌲𐌰 𐌲𐌰𐌲𐌲𐌰𐌽𐌳𐌰𐌽𐍃 𐌳𐌿 𐌹𐌰𐌹𐍂𐌿𐍃𐌰𐌿𐌻𐍅𐌼𐌰𐌹 𐌾𐌰𐌷 𐍆𐌰𐌿𐍂𐌱𐌹𐌲𐌰𐌲𐌲𐌰𐌽𐌳𐍃 𐌹𐌽𐍃 𐌹𐌴𐍃𐌿𐍃, 𐌾𐌰𐌷 𐍃𐌹𐌻𐌳𐌰𐌻𐌴𐌹𐌺𐌹𐌳𐌴𐌳𐌿𐌽 𐌾𐌰𐌷 𐌰𐍆𐌰𐍂𐌻𐌰𐌹𐍃𐍄𐌾𐌰𐌽𐌳𐌰𐌽𐍃 𐍆𐌰𐌿𐍂𐌷𐍄𐌰𐌹 𐍅𐌰𐌿𐍂𐌸𐌿𐌽. 𐌾𐌰𐌷 𐌰𐌽𐌳𐌽𐌹𐌼𐌰𐌽𐌳𐍃 𐌰𐍆𐍄𐍂𐌰 𐌸𐌰𐌽𐍃 𐍄𐍅𐌰𐌻𐌹𐍆 𐌳𐌿𐌲𐌰𐌽𐌽 𐌹𐌼 𐌵𐌹𐌸𐌰𐌽 𐌸𐍉𐌴𐌹 𐌷𐌰𐌱𐌰𐌹𐌳𐌴𐌳𐌿𐌽 𐌹𐌽𐌰 𐌲𐌰𐌳𐌰𐌱𐌰𐌽."
Mark,10,33,"𐌸𐌰𐍄𐌴𐌹 𐍃𐌰𐌹, 𐌿𐍃𐌲𐌰𐌲𐌲𐌰𐌼 𐌹𐌽 𐌹𐌰𐌹𐍂𐌿𐍃𐌰𐌿𐌻𐍅𐌼𐌰 𐌾𐌰𐌷 𐍃𐌿𐌽𐌿𐍃 𐌼𐌰𐌽𐍃 𐌰𐍄𐌲𐌹𐌱𐌰𐌳𐌰 𐌸𐌰𐌹𐌼 𐌿𐍆𐌰𐍂𐌲𐌿𐌳𐌾𐌰𐌼 𐌾𐌰𐌷 𐌱𐍉𐌺𐌰𐍂𐌾𐌰𐌼, 𐌾𐌰𐌷 𐌲𐌰𐍅𐌰𐍂𐌲𐌾𐌰𐌽𐌳 𐌹𐌽𐌰 𐌳𐌰𐌿𐌸𐌰𐌿"
Mark,10,34,"𐌾𐌰𐌷 𐌱𐌹𐌻𐌰𐌹𐌺𐌰𐌽𐌳 𐌹𐌽𐌰 𐌾𐌰𐌷 𐌱𐌻𐌹𐌲𐌲𐍅𐌰𐌽𐌳 𐌹𐌽𐌰 𐌾𐌰𐌷 𐍃𐍀𐌴𐌹𐍅𐌰𐌽𐌳 𐌰𐌽𐌰 𐌹𐌽𐌰 𐌾𐌰𐌷 𐌿𐍃𐌵𐌹𐌼𐌰𐌽𐌳 𐌹𐌼𐌼𐌰, 𐌾𐌰𐌷 𐌸𐍂𐌹𐌳𐌾𐌹𐌽 𐌳𐌰𐌲𐌰 𐌿𐍃𐍄𐌰𐌽𐌳𐌹𐌸."
Mark,10,35,"𐌾𐌰𐌷 𐌰𐍄𐌷𐌰𐌱𐌰𐌹𐌳𐌴𐌳𐌿𐌽 𐍃𐌹𐌺 𐌳𐌿 𐌹𐌼𐌼𐌰 𐌹𐌰𐌺𐍉𐌱𐌿𐍃 𐌾𐌰𐌷 𐌹𐍉𐌷𐌰𐌽𐌽𐌴𐍃, 𐍃𐌿𐌽𐌾𐌿𐍃 𐌶𐌰𐌹𐌱𐌰𐌹𐌳𐌰𐌹𐌰𐌿𐍃, 𐌵𐌹𐌸𐌰𐌽𐌳𐌰𐌽𐍃: 𐌻𐌰𐌹𐍃𐌰𐍂𐌹, 𐍅𐌹𐌻𐌴𐌹𐌼𐌰 𐌴𐌹 𐌸𐌰𐍄𐌴𐌹 𐌸𐌿𐌺 𐌱𐌹𐌳𐌾𐍉𐍃, 𐍄𐌰𐌿𐌾𐌰𐌹𐍃 𐌿𐌲𐌲𐌺𐌹𐍃."
Mark,10,36,𐌹𐌸 𐌹𐌴𐍃𐌿𐍃 𐌵𐌰𐌸 𐌹𐌼: 𐍈𐌰 𐍅𐌹𐌻𐌴𐌹𐍄𐍃 𐍄𐌰𐌿𐌾𐌰𐌽 𐌼𐌹𐌺 𐌹𐌲𐌵𐌹𐍃?
Mark,10,37,𐌹𐌸 𐌴𐌹𐍃 𐌵𐌴𐌸𐌿𐌽 𐌳𐌿 𐌹𐌼𐌼𐌰: 𐍆𐍂𐌰𐌲𐌹𐍆 𐌿𐌲𐌺𐌹𐍃 𐌴𐌹 𐌰𐌹𐌽𐍃 𐌰𐍆 𐍄𐌰𐌹𐌷𐍃𐍅𐍉𐌽 𐌸𐌴𐌹𐌽𐌰𐌹 𐌾𐌰𐌷 𐌰𐌹𐌽𐍃 𐌰𐍆 𐌷𐌻𐌴𐌹𐌳𐌿𐌼𐌴𐌹𐌽 𐌸𐌴𐌹𐌽𐌰𐌹 𐍃𐌹𐍄𐌰𐌹𐍅𐌰 𐌹𐌽 𐍅𐌿𐌻𐌸𐌰𐌿 𐌸𐌴𐌹𐌽𐌰𐌼𐌼𐌰.
Mark,10,38,"𐌹𐌸 𐌹𐌴𐍃𐌿𐍃 𐌵𐌰𐌸𐌿𐌷 𐌳𐌿 𐌹𐌼: 𐌽𐌹 𐍅𐌹𐍄𐌿𐍄𐍃 𐍈𐌹𐍃 𐌱𐌹𐌳𐌾𐌰𐍄𐍃: 𐌼𐌰𐌲𐌿𐍄𐍃𐌿 𐌳𐍂𐌹𐌲𐌲𐌺𐌰𐌽 𐍃𐍄𐌹𐌺𐌻 𐌸𐌰𐌽𐌴𐌹 𐌹𐌺 𐌳𐍂𐌹𐌲𐌲𐌺𐌰, 𐌾𐌰𐌷 𐌳𐌰𐌿𐍀𐌴𐌹𐌽𐌰𐌹 𐌸𐌹𐌶𐌰𐌹𐌴𐌹 𐌹𐌺 𐌳𐌰𐌿𐍀𐌾𐌰𐌳𐌰, 𐌴𐌹 𐌳𐌰𐌿𐍀𐌾𐌰𐌹𐌽𐌳𐌰𐌿?"
Mark,10,39,"𐌹𐌸 𐌴𐌹𐍃 𐌵𐌴𐌸𐌿𐌽 𐌳𐌿 𐌹𐌼𐌼𐌰: 𐌼𐌰𐌲𐌿. 𐌹𐌸 𐌹𐌴𐍃𐌿𐍃 𐌵𐌰𐌸𐌿𐌷 𐌳𐌿 𐌹𐌼: 𐍃𐍅𐌴𐌸𐌰𐌿𐌷 𐌸𐌰𐌽𐌰 𐍃𐍄𐌹𐌺𐌻 𐌸𐌰𐌽𐌴𐌹 𐌹𐌺 𐌳𐍂𐌹𐌲𐌲𐌺𐌰, 𐌳𐍂𐌹𐌲𐌲𐌺𐌰𐍄𐍃 𐌾𐌰𐌷 𐌸𐌹𐌶𐌰𐌹 𐌳𐌰𐌿𐍀𐌴𐌹𐌽𐌰𐌹 𐌸𐌹𐌶𐌰𐌹𐌴𐌹 𐌹𐌺 𐌳𐌰𐌿𐍀𐌾𐌰𐌳𐌰;"
Mark,10,40,"𐌹𐌸 𐌸𐌰𐍄𐌰 𐌳𐌿 𐍃𐌹𐍄𐌰𐌽 𐌰𐍆 𐍄𐌰𐌹𐌷𐍃𐍅𐍉𐌽 𐌼𐌴𐌹𐌽𐌰𐌹 𐌰𐌹𐌸𐌸𐌰𐌿 𐌰𐍆 𐌷𐌻𐌴𐌹𐌳𐌿𐌼𐌴𐌹𐌽 𐌽𐌹𐍃𐍄 𐌼𐌴𐌹𐌽 𐌳𐌿 𐌲𐌹𐌱𐌰𐌽, 𐌰𐌻𐌾𐌰 𐌸𐌰𐌹𐌼𐌴𐌹 𐌼𐌰𐌽𐍅𐌹𐌸 𐍅𐌰𐍃."
Mark,10,41,𐌾𐌰𐌷 𐌲𐌰𐌷𐌰𐌿𐍃𐌾𐌰𐌽𐌳𐌰𐌽𐍃 𐌸𐌰𐌹 𐍄𐌰𐌹𐌷𐌿𐌽 𐌳𐌿𐌲𐌿𐌽𐌽𐌿𐌽 𐌿𐌽𐍅𐌴𐍂𐌾𐌰𐌽 𐌱𐌹 𐌹𐌰𐌺𐍉𐌱𐌿 𐌾𐌰𐌷 𐌹𐍉𐌷𐌰𐌽𐌽𐌴𐌽.
Mark,10,42,"𐌹𐌸 𐌹𐍃 𐌰𐍄𐌷𐌰𐌹𐍄𐌰𐌽𐌳𐍃 𐌹𐌽𐍃 𐌵𐌰𐌸 𐌳𐌿 𐌹𐌼: 𐍅𐌹𐍄𐌿𐌸 𐌸𐌰𐍄𐌴𐌹 𐌸𐌿𐌲𐌲𐌺𐌾𐌰𐌽𐌳 𐍂𐌴𐌹𐌺𐌹𐌽𐍉𐌽 𐌸𐌹𐌿𐌳𐍉𐌼, 𐌲𐌰𐍆𐍂𐌰𐌿𐌾𐌹𐌽𐍉𐌽𐌳 𐌹𐌼, 𐌹𐌸 𐌸𐌰𐌹 𐌼𐌹𐌺𐌹𐌻𐌰𐌽𐍃 𐌹𐌶𐌴 𐌲𐌰𐍅𐌰𐌻𐌳𐌰𐌽𐌳 𐌹𐌼."
Mark,10,43,"𐌹𐌸 𐌽𐌹 𐍃𐍅𐌰 𐍃𐌹𐌾𐌰𐌹 𐌹𐌽 𐌹𐌶𐍅𐌹𐍃; 𐌰𐌺 𐍃𐌰𐍈𐌰𐌶𐌿𐌷 𐍃𐌰𐌴𐌹 𐍅𐌹𐌻𐌹 𐍅𐌰𐌹𐍂𐌸𐌰𐌽 𐌼𐌹𐌺𐌹𐌻𐍃 𐌹𐌽 𐌹𐌶𐍅𐌹𐍃, 𐍃𐌹𐌾𐌰𐌹 𐌹𐌶𐍅𐌰𐍂 𐌰𐌽𐌳𐌱𐌰𐌷𐍄𐍃;"
Mark,10,44,"𐌾𐌰𐌷 𐍃𐌰𐌴𐌹 𐍅𐌹𐌻𐌹 𐌹𐌶𐍅𐌰𐍂𐌰 𐍅𐌰𐌹𐍂𐌸𐌰𐌽 𐍆𐍂𐌿𐌼𐌹𐍃𐍄𐍃, 𐍃𐌹𐌾𐌰𐌹 𐌰𐌻𐌻𐌰𐌹𐌼 𐍃𐌺𐌰𐌻𐌺𐍃."
Mark,10,45,"𐌾𐌰𐌷 𐌰𐌿𐌺 𐍃𐌿𐌽𐌿𐍃 𐌼𐌰𐌽𐍃 𐌽𐌹 𐌵𐌰𐌼 𐌰𐍄 𐌰𐌽𐌳𐌱𐌰𐌷𐍄𐌾𐌰𐌼, 𐌰𐌺 𐌰𐌽𐌳𐌱𐌰𐌷𐍄𐌾𐌰𐌽 𐌾𐌰𐌷 𐌲𐌹𐌱𐌰𐌽 𐍃𐌰𐌹𐍅𐌰𐌻𐌰 𐍃𐌴𐌹𐌽𐌰 𐍆𐌰𐌿𐍂 𐌼𐌰𐌽𐌰𐌲𐌰𐌽𐍃 𐌻𐌿𐌽."
Mark,10,46,"𐌾𐌰𐌷 𐌵𐌴𐌼𐌿𐌽 𐌹𐌽 𐌹𐌰𐌹𐍂𐌹𐌺𐍉𐌽. 𐌾𐌰𐌷 𐌿𐍃𐌲𐌰𐌲𐌲𐌰𐌽𐌳𐌹𐌽 𐌹𐌼𐌼𐌰 𐌾𐌰𐌹𐌽𐌸𐍂𐍉 𐌼𐌹𐌸 𐍃𐌹𐍀𐍉𐌽𐌾𐌰𐌼 𐍃𐌴𐌹𐌽𐌰𐌹𐌼 𐌾𐌰𐌷 𐌼𐌰𐌽𐌰𐌲𐌴𐌹𐌽 𐌲𐌰𐌽𐍉𐌷𐌰𐌹, 𐍃𐌿𐌽𐌿𐍃 𐍄𐌴𐌹𐌼𐌰𐌹𐌰𐌿𐍃, 𐌱𐌰𐍂𐍄𐌴𐌹𐌼𐌰𐌹[𐌰]𐌿𐍃 𐌱𐌻𐌹𐌽𐌳𐌰, 𐍃𐌰𐍄 𐍆𐌰𐌿𐍂 𐍅𐌹𐌲 𐌳𐌿 𐌰𐌹𐌷𐍄𐍂𐍉𐌽."
Mark,10,47,"𐌾𐌰𐌷 𐌲𐌰𐌷𐌰𐌿𐍃𐌾𐌰𐌽𐌳𐍃 𐌸𐌰𐍄𐌴𐌹 𐌹𐌴𐍃𐌿𐍃 𐍃𐌰 𐌽𐌰𐌶𐍉𐍂𐌰𐌹𐌿𐍃 𐌹𐍃𐍄, 𐌳𐌿𐌲𐌰𐌽𐌽 𐌷𐍂𐍉𐍀𐌾𐌰𐌽 𐌾𐌰𐌷 𐌵𐌹𐌸𐌰𐌽: 𐍃𐌿𐌽𐌰𐌿 𐌳𐌰𐍅𐌴𐌹𐌳𐌹𐍃, 𐌹𐌴𐍃𐌿, 𐌰𐍂𐌼𐌰𐌹 𐌼𐌹𐌺!"
Mark,10,48,"𐌾𐌰𐌷 𐍈𐍉𐍄𐌹𐌳𐌴𐌳𐌿𐌽 𐌹𐌼𐌼𐌰 𐌼𐌰𐌽𐌰𐌲𐌰𐌹 𐌴𐌹 𐌲𐌰𐌸𐌰𐌷𐌰𐌹𐌳𐌴𐌳𐌹; 𐌹𐌸 𐌹𐍃 𐍆𐌹𐌻𐌿 𐌼𐌰𐌹𐍃 𐌷𐍂𐍉𐍀𐌹𐌳𐌰: 𐍃𐌿𐌽𐌰𐌿 𐌳𐌰𐍅𐌴𐌹𐌳𐌹𐍃, 𐌰𐍂𐌼𐌰𐌹 𐌼𐌹𐌺!"
Mark,10,49,"𐌾𐌰𐌷 𐌲𐌰𐍃𐍄𐌰𐌽𐌳𐌰𐌽𐌳𐍃 𐌹𐌴𐍃𐌿𐍃 𐌷𐌰𐌹𐌷𐌰𐌹𐍄 𐌰𐍄𐍅𐍉𐍀𐌾𐌰𐌽 𐌹𐌽𐌰. 𐌾𐌰𐌷 𐍅𐍉𐍀𐌹𐌳𐌴𐌳𐌿𐌽 𐌸𐌰𐌽𐌰 𐌱𐌻𐌹𐌽𐌳𐌰𐌽, 𐌵𐌹𐌸𐌰𐌽𐌳𐌰𐌽𐍃 𐌳𐌿 𐌹𐌼𐌼𐌰: 𐌸𐍂𐌰𐍆𐍃𐍄𐌴𐌹 𐌸𐌿𐌺; 𐌿𐍂𐍂𐌴𐌹𐍃, 𐍅𐍉𐍀𐌴𐌹𐌸 𐌸𐌿𐌺."
Mark,10,50,𐌹𐌸 𐌹𐍃 𐌰𐍆𐍅𐌰𐌹𐍂𐍀𐌰𐌽𐌳𐍃 𐍅𐌰𐍃𐍄𐌾𐌰𐌹 𐍃𐌴𐌹𐌽𐌰𐌹 𐌿𐍃𐌷𐌻𐌰𐌿𐍀𐌰𐌽𐌳𐍃 𐌵𐌰𐌼 𐌰𐍄 𐌹𐌴𐍃𐌿.
Mark,10,51,"𐌾𐌰𐌷 𐌰𐌽𐌳𐌷𐌰𐍆𐌾𐌰𐌽𐌳𐍃 𐌵𐌰𐌸 𐌳𐌿 𐌹𐌼𐌼𐌰 𐌹𐌴𐍃𐌿𐍃: 𐍈𐌰 𐍅𐌹𐌻𐌴𐌹𐍃 𐌴𐌹 𐍄𐌰𐌿𐌾𐌰𐌿 𐌸𐌿𐍃? 𐌹𐌸 𐍃𐌰 𐌱𐌻𐌹𐌽𐌳𐌰 𐌵𐌰𐌸 𐌳𐌿 𐌹𐌼𐌼𐌰: 𐍂𐌰𐌱𐌱𐌰𐌿𐌽𐌴𐌹, 𐌴𐌹 𐌿𐍃𐍃𐌰𐌹𐍈𐌰𐌿."
Mark,10,52,"𐌹𐌸 𐌹𐌴𐍃𐌿𐍃 𐌵𐌰𐌸 𐌳𐌿 𐌹𐌼𐌼𐌰: 𐌲𐌰𐌲𐌲, 𐌲𐌰𐌻𐌰𐌿𐌱𐌴𐌹𐌽𐍃 𐌸𐌴𐌹𐌽𐌰 𐌲𐌰𐌽𐌰𐍃𐌹𐌳𐌰 𐌸𐌿𐌺. 𐌾𐌰𐌷 𐍃𐌿𐌽𐍃𐌰𐌹𐍅 𐌿𐍃𐍃𐌰𐍈 𐌾𐌰𐌷 𐌻𐌰𐌹𐍃𐍄𐌹𐌳𐌰 𐌹𐌽 𐍅𐌹𐌲𐌰 𐌹𐌴𐍃𐌿."
Mark,11,1,"𐌾𐌰𐌷 𐌱𐌹𐌸𐌴 𐌽𐌴𐍈𐌰 𐍅𐌴𐍃𐌿𐌽 𐌹𐌰𐌹𐍂𐌿𐍃𐌰𐌻𐌴𐌼, 𐌹𐌽 𐌱𐌴𐌸𐍃𐍆𐌰𐌲𐌴𐌹𐌽 𐌾𐌰𐌷 𐌱𐌹𐌸𐌰𐌽𐌹𐌹𐌽 𐌰𐍄 𐍆𐌰𐌹𐍂𐌲𐌿𐌽𐌾𐌰 𐌰𐌻𐌴𐍅𐌾𐌹𐌽, 𐌹𐌽𐍃𐌰𐌽𐌳𐌹𐌳𐌰 𐍄𐍅𐌰𐌽𐍃 𐍃𐌹𐍀𐍉𐌽𐌾𐌴 𐍃𐌴𐌹𐌽𐌰𐌹𐌶𐌴"
Mark,11,2,"𐌾𐌰𐌷 𐌵𐌰𐌸 𐌳𐌿 𐌹𐌼: 𐌲𐌰𐌲𐌲𐌰𐍄𐍃 𐌹𐌽 𐌷𐌰𐌹𐌼 𐌸𐍉 𐍅𐌹𐌸𐍂𐌰𐍅𐌰𐌹𐍂𐌸𐍉𐌽 𐌹𐌲𐌲𐌵𐌹𐍃, 𐌾𐌰𐌷 𐍃𐌿𐌽𐍃𐌰𐌹𐍅 𐌹𐌽𐌽𐌲𐌰𐌲𐌲𐌰𐌽𐌳𐌰𐌽𐍃 𐌹𐌽 𐌸𐍉 [𐌱𐌰𐌿𐍂𐌲] 𐌱𐌹𐌲𐌹𐍄𐌰𐍄𐍃 𐍆𐌿𐌻𐌰𐌽 𐌲𐌰𐌱𐌿𐌽𐌳𐌰𐌽𐌰𐌽𐌰, 𐌰𐌽𐌰 𐌸𐌰𐌼𐌼𐌴𐌹 𐌽𐌰𐌿𐌷 𐌰𐌹𐌽𐍃𐌷𐌿𐌽 𐌼𐌰𐌽𐌽𐌴 𐌽𐌹 𐍃𐌰𐍄; 𐌰𐌽𐌳𐌱𐌹𐌽𐌳𐌰𐌽𐌳𐌰𐌽𐍃 𐌹𐌽𐌰 𐌰𐍄𐍄𐌹𐌿𐌷𐌰𐍄𐍃."
Mark,11,3,𐌾𐌰𐌷 𐌾𐌰𐌱𐌰𐌹 𐍈𐌰𐍃 𐌹𐌲𐌲𐌵𐌹𐍃 𐌵𐌹𐌸𐌰𐌹: 𐌳𐌿𐍈𐌴 𐌸𐌰𐍄𐌰 𐍄𐌰𐌿𐌾𐌰𐍄𐍃? 𐌵𐌹𐌸𐌰𐌹𐍄𐍃: 𐌸𐌰𐍄𐌴𐌹 𐍆𐍂𐌰𐌿𐌾𐌰 𐌸𐌹𐍃 𐌲𐌰𐌹𐍂𐌽𐌴𐌹𐌸; 𐌾𐌰𐌷 𐍃𐌿𐌽𐍃𐌰𐌹𐍅 𐌹𐌽𐌰 𐌹𐌽𐍃𐌰𐌽𐌳𐌴𐌹𐌸 𐌷𐌹𐌳𐍂𐌴.
Mark,11,4,𐌲𐌰𐌻𐌹𐌸𐌿𐌽 𐌸𐌰𐌽 𐌾𐌰𐌷 𐌱𐌹𐌲𐌴𐍄𐌿𐌽 𐍆𐌿𐌻𐌰𐌽 𐌲𐌰𐌱𐌿𐌽𐌳𐌰𐌽𐌰𐌽𐌰 𐌰𐍄 𐌳𐌰𐌿𐍂𐌰 𐌿𐍄𐌰 𐌰𐌽𐌰 𐌲𐌰𐌲𐌲𐌰; 𐌾𐌰𐌷 𐌰𐌽𐌳𐌱𐌿𐌽𐌳𐌿𐌽 𐌹𐌽𐌰.
Mark,11,5,𐌾𐌰𐌷 𐍃𐌿𐌼𐌰𐌹 𐌸𐌹𐌶𐌴 𐌾𐌰𐌹𐌽𐌰𐍂 𐍃𐍄𐌰𐌽𐌳𐌰𐌽𐌳𐌰𐌽𐌴 𐌵𐌴𐌸𐌿𐌽 𐌳𐌿 𐌹𐌼: 𐍈𐌰 𐍄𐌰𐌿𐌾𐌰𐍄𐍃 𐌰𐌽𐌳𐌱𐌹𐌽𐌳𐌰𐌽𐌳𐌰𐌽𐍃 𐌸𐌰𐌽𐌰 𐍆𐌿𐌻𐌰𐌽?
Mark,11,6,"𐌹𐌸 𐌴𐌹𐍃 𐌵𐌴𐌸𐌿𐌽 𐌳𐌿 𐌹𐌼 𐍃𐍅𐌰𐍃𐍅𐌴 𐌰𐌽𐌰𐌱𐌰𐌿𐌸 𐌹𐌼 𐌹𐌴𐍃𐌿𐍃, 𐌾𐌰𐌷 𐌻𐌰𐌹𐌻𐍉𐍄𐌿𐌽 𐌹𐌽𐍃."
Mark,11,7,"𐌾𐌰𐌷 𐌱𐍂𐌰𐌷𐍄𐌴𐌳𐌿𐌽 𐌸𐌰𐌽𐌰 𐍆𐌿𐌻𐌰𐌽 𐌰𐍄 𐌹𐌴𐍃𐌿𐌰 𐌾𐌰𐌷 𐌲𐌰𐌻𐌰𐌲𐌹𐌳𐌴𐌳𐌿𐌽 𐌰𐌽𐌰 𐍅𐌰𐍃𐍄𐌾𐍉𐍃 𐍃𐌴𐌹𐌽𐍉𐍃, 𐌾𐌰𐌷 𐌲𐌰𐍃𐌰𐍄 𐌰𐌽𐌰 𐌹𐌽𐌰."
Mark,11,8,𐌼𐌰𐌽𐌰𐌲𐌰𐌹 𐌸𐌰𐌽 𐍅𐌰𐍃𐍄𐌾𐍉𐌼 𐍃𐌴𐌹𐌽𐌰𐌹𐌼 𐍃𐍄𐍂𐌰𐍅𐌹𐌳𐌴𐌳𐌿𐌽 𐌰𐌽𐌰 𐍅𐌹𐌲𐌰; 𐍃𐌿𐌼𐌰𐌹 𐌰𐍃𐍄𐌰𐌽𐍃 𐌼𐌰𐌹𐌼𐌰𐌹𐍄𐌿𐌽 𐌿𐍃 𐌱𐌰𐌲𐌼𐌰𐌼 𐌾𐌰𐌷 𐍃𐍄𐍂𐌰𐍅𐌹𐌳𐌴𐌳𐌿𐌽 𐌰𐌽𐌰 𐍅𐌹𐌲𐌰.
Mark,11,9,"𐌾𐌰𐌷 𐌸𐌰𐌹 𐍆𐌰𐌿𐍂𐌰𐌲𐌰𐌲𐌲𐌰𐌽𐌳𐌰𐌽𐍃 𐌷𐍂𐍉𐍀𐌹𐌳𐌴𐌳𐌿𐌽 𐌵𐌹𐌸𐌰𐌽𐌳𐌰𐌽𐍃: 𐍉𐍃𐌰𐌽𐌽𐌰, 𐌸𐌹𐌿𐌸𐌹𐌳𐌰 𐍃𐌰 𐌵𐌹𐌼𐌰𐌽𐌳𐌰 𐌹𐌽 𐌽𐌰𐌼𐌹𐌽 𐍆𐍂𐌰𐌿𐌾𐌹𐌽𐍃!"
Mark,11,10,"𐌸𐌹𐌿𐌸𐌹𐌳𐍉 𐍃𐍉 𐌵𐌹𐌼𐌰𐌽𐌳𐌴𐌹 𐌸𐌹𐌿𐌳𐌰𐌽𐌲𐌰𐍂𐌳𐌹 𐌹𐌽 𐌽𐌰𐌼𐌹𐌽 𐌰𐍄𐍄𐌹𐌽𐍃 𐌿𐌽𐍃𐌰𐍂𐌹𐍃 𐌳𐌰𐍅𐌴𐌹𐌳𐌹𐍃, 𐍉𐍃𐌰𐌽𐌽𐌰 𐌹𐌽 𐌷𐌰𐌿𐌷𐌹𐍃𐍄𐌾𐌰𐌼!"
Mark,11,11,"𐌾𐌰𐌷 𐌲𐌰𐌻𐌰𐌹𐌸 𐌹𐌽 𐌹𐌰𐌹𐍂𐌿𐍃𐌰𐌿𐌻𐍅𐌼𐌰 𐌹𐌴𐍃𐌿𐍃 𐌾𐌰𐌷 𐌹𐌽 𐌰𐌻𐌷; 𐌾𐌰𐌷 𐌱𐌹𐍃𐌰𐌹𐍈𐌰𐌽𐌳𐍃 𐌰𐌻𐌻𐌰, 𐌰𐍄 𐌰𐌽𐌳𐌰𐌽𐌰𐌷𐍄𐌾𐌰 𐌾𐌿𐌸𐌰𐌽 𐍅𐌹𐍃𐌰𐌽𐌳𐌹𐌽 𐍈𐌴𐌹𐌻𐌰𐌹 𐌿𐍃𐌹𐌳𐌳𐌾𐌰 𐌹𐌽 𐌱𐌴𐌸𐌰𐌽𐌹𐌰𐌽 𐌼𐌹𐌸 𐌸𐌰𐌹𐌼 𐍄𐍅𐌰𐌻𐌹𐌱𐌹𐌼."
Mark,11,12,𐌾𐌰𐌷 𐌹𐍆𐍄𐌿𐌼𐌹𐌽 𐌳𐌰𐌲𐌰 𐌿𐍃𐍃𐍄𐌰𐌽𐌳𐌰𐌽𐌳𐌰𐌼 𐌹𐌼 𐌿𐍃 𐌱𐌴𐌸𐌰𐌽𐌹𐌹𐌽 𐌲𐍂𐌴𐌳𐌰𐌲𐍃 𐍅𐌰𐍃.
Mark,11,13,"𐌾𐌰𐌷 𐌲𐌰𐍃𐌰𐌹𐍈𐌰𐌽𐌳𐍃 𐍃𐌼𐌰𐌺𐌺𐌰𐌱𐌰𐌲𐌼 𐍆𐌰𐌹𐍂𐍂𐌰𐌸𐍂𐍉 𐌷𐌰𐌱𐌰𐌽𐌳𐌰𐌽 𐌻𐌰𐌿𐍆 𐌰𐍄𐌹𐌳𐌳𐌾𐌰, 𐌴𐌹 𐌰𐌿𐍆𐍄𐍉 𐌱𐌹𐌲𐌴𐍄𐌹 𐍈𐌰 𐌰𐌽𐌰 𐌹𐌼𐌼𐌰; 𐌾𐌰𐌷 𐌵𐌹𐌼𐌰𐌽𐌳𐍃 𐌰𐍄 𐌹𐌼𐌼𐌰 𐌽𐌹 𐍅𐌰𐌹𐌷𐍄 𐌱𐌹𐌲𐌰𐍄 𐌰𐌽𐌰 𐌹𐌼𐌼𐌰 𐌽𐌹𐌱𐌰 𐌻𐌰𐌿𐍆; 𐌽𐌹 𐌰𐌿𐌺 𐍅𐌰𐍃 𐌼𐌴𐌻 𐍃𐌼𐌰𐌺𐌺𐌰𐌽𐌴."
Mark,11,14,𐌾𐌰𐌷 𐌿𐍃𐌱𐌰𐌹𐍂𐌰𐌽𐌳𐍃 𐌵𐌰𐌸 𐌳𐌿 𐌹𐌼𐌼𐌰: 𐌽𐌹 𐌸𐌰𐌽𐌰𐍃𐌴𐌹𐌸𐍃 𐌿𐍃 𐌸𐌿𐍃 𐌰𐌹𐍅 𐌼𐌰𐌽𐌽𐌰 𐌰𐌺𐍂𐌰𐌽 𐌼𐌰𐍄𐌾𐌰𐌹. 𐌾𐌰𐌷 𐌲𐌰𐌷𐌰𐌿𐍃𐌹𐌳𐌴𐌳𐌿𐌽 𐌸𐌰𐌹 𐍃𐌹𐍀𐍉𐌽𐌾𐍉𐍃 𐌹𐍃.
Mark,11,15,𐌾𐌰𐌷 𐌹𐌳𐌳𐌾𐌴𐌳𐌿𐌽 𐌳𐌿 𐌹𐌰𐌹𐍂𐌿𐍃𐌰𐌿𐌻𐍅𐌼𐌰𐌹. 𐌾𐌰𐌷 𐌰𐍄𐌲𐌰𐌲𐌲𐌰𐌽𐌳𐍃 𐌹𐌴𐍃𐌿𐍃 𐌹𐌽 𐌰𐌻𐌷 𐌳𐌿𐌲𐌰𐌽𐌽 𐌿𐍃𐍅𐌰𐌹𐍂𐍀𐌰𐌽 𐌸𐌰𐌽𐍃 𐍆𐍂𐌰𐌱𐌿𐌲𐌾𐌰𐌽𐌳𐌰𐌽𐍃 𐌾𐌰𐌷 𐌱𐌿𐌲𐌾𐌰𐌽𐌳𐌰𐌽𐍃 𐌹𐌽 𐌰𐌻𐌷 𐌾𐌰𐌷 𐌼𐌴𐍃𐌰 𐍃𐌺𐌰𐍄𐍄𐌾𐌰𐌽𐌴 𐌾𐌰𐌷 𐍃𐌹𐍄𐌻𐌰𐌽𐍃 𐌸𐌹𐌶𐌴 𐍆𐍂𐌰𐌱𐌿𐌲𐌾𐌰𐌽𐌳𐌰𐌽𐌴 𐌰𐌷𐌰𐌺𐌹𐌼 𐌿𐍃𐍅𐌰𐌻𐍄𐌹𐌳𐌰.
Mark,11,16,𐌾𐌰𐌷 𐌽𐌹 𐌻𐌰𐌹𐌻𐍉𐍄 𐌴𐌹 𐍈𐌰𐍃 𐌸𐌰𐌹𐍂𐌷𐌱𐌴𐍂𐌹 𐌺𐌰𐍃 𐌸𐌰𐌹𐍂𐌷 𐌸𐍉 𐌰𐌻𐌷.
Mark,11,17,𐌾𐌰𐌷 𐌻𐌰𐌹𐍃𐌹𐌳𐌰 𐌵𐌹𐌸𐌰𐌽𐌳𐍃 𐌳𐌿 𐌹𐌼: 𐌽𐌹𐌿 𐌲𐌰𐌼𐌴𐌻𐌹𐌸 𐌹𐍃𐍄 𐌸𐌰𐍄𐌴𐌹 𐍂𐌰𐌶𐌽 𐌼𐌴𐌹𐌽 𐍂𐌰𐌶𐌽 𐌱𐌹𐌳𐍉 𐌷𐌰𐌹𐍄𐌰𐌳𐌰 𐌰𐌻𐌻𐌰𐌹𐌼 𐌸𐌹𐌿𐌳𐍉𐌼? 𐌹𐌸 𐌾𐌿𐍃 𐌲𐌰𐍄𐌰𐍅𐌹𐌳𐌴𐌳𐌿𐌸 𐌹𐍄𐌰 𐌳𐌿 𐍆𐌹𐌻𐌹𐌲𐍂𐌾𐌰 𐍅𐌰𐌹𐌳𐌴𐌳𐌾𐌰𐌽𐌴.
Mark,11,18,"𐌾𐌰𐌷 𐌲𐌰𐌷𐌰𐌿𐍃𐌹𐌳𐌴𐌳𐌿𐌽 𐌸𐌰𐌹 𐌱𐍉𐌺𐌰𐍂𐌾𐍉𐍃 𐌾𐌰𐌷 𐌲𐌿𐌳𐌾𐌰𐌽𐌴 𐌰𐌿𐌷𐌿𐌼𐌹𐍃𐍄𐌰𐌽𐍃 𐌾𐌰𐌷 𐍃𐍉𐌺𐌹𐌳𐌴𐌳𐌿𐌽, 𐍈𐌰𐌹𐍅𐌰 𐌹𐌼𐌼𐌰 𐌿𐍃𐌵𐌹𐍃𐍄𐌹𐌳𐌴𐌳𐌴𐌹𐌽𐌰: 𐍉𐌷𐍄𐌴𐌳𐌿𐌽 𐌰𐌿𐌺 𐌹𐌽𐌰, 𐌿𐌽𐍄𐌴 𐌰𐌻𐌻𐌰 𐌼𐌰𐌽𐌰𐌲𐌴𐌹 𐍃𐌹𐌻𐌳𐌰𐌻𐌴𐌹𐌺𐌹𐌳𐌴𐌳𐌿𐌽 𐌹𐌽 𐌻𐌰𐌹𐍃𐌴𐌹𐌽𐌰𐌹𐍃 𐌹𐍃."
Mark,11,19,"𐌾𐌰𐌷 𐌱𐌹𐌸𐌴 𐌰𐌽𐌳𐌰𐌽𐌰𐌷𐍄𐌹 𐍅𐌰𐍂𐌸, 𐌿𐍃𐌹𐌳𐌳𐌾𐌰 𐌿𐍄 𐌿𐍃 𐌸𐌹𐌶𐌰𐌹 𐌱𐌰𐌿𐍂𐌲."
Mark,11,20,𐌾𐌰𐌷 𐌹𐌽 𐌼𐌰𐌿𐍂𐌲𐌹𐌽 𐍆𐌰𐌿𐍂𐌲𐌰𐌲𐌲𐌰𐌽𐌳𐌰𐌽𐍃 𐌲𐌰𐍃𐌴𐍈𐌿𐌽 𐌸𐌰𐌽𐌰 𐍃𐌼𐌰𐌺𐌺𐌰𐌱𐌰𐌲𐌼 𐌸𐌰𐌿𐍂𐍃𐌾𐌰𐌽𐌰 𐌿𐍃 𐍅𐌰𐌿𐍂𐍄𐌹𐌼.
Mark,11,21,"𐌾𐌰𐌷 𐌲𐌰𐌼𐌿𐌽𐌰𐌽𐌳𐍃 𐍀𐌰𐌹𐍄𐍂𐌿𐍃 𐌵𐌰𐌸 𐌳𐌿 𐌹𐌼𐌼𐌰: 𐍂𐌰𐌱𐌱𐌴𐌹, 𐍃𐌰𐌹, 𐍃𐌼𐌰𐌺𐌺𐌰𐌱𐌰𐌲𐌼𐍃 𐌸𐌰𐌽𐌴𐌹 𐍆𐍂𐌰𐌵𐌰𐍃𐍄 𐌲𐌰𐌸𐌰𐌿𐍂𐍃𐌽𐍉𐌳𐌰."
Mark,11,22,𐌾𐌰𐌷 𐌰𐌽𐌳𐌷𐌰𐍆𐌾𐌰𐌽𐌳𐍃 𐌹𐌴𐍃𐌿𐍃 𐌵𐌰𐌸 𐌳𐌿 𐌹𐌼: 𐌷𐌰𐌱𐌰𐌹𐌸 𐌲𐌰𐌻𐌰𐌿𐌱𐌴𐌹𐌽 𐌲𐌿𐌳𐌹𐍃!
Mark,11,23,"𐌰𐌼𐌴𐌽 𐌰𐌿𐌺 𐌵𐌹𐌸𐌰 𐌹𐌶𐍅𐌹𐍃, 𐌸𐌹𐍃𐍈𐌰𐌶𐌿𐌷 𐌴𐌹 𐌵𐌹𐌸𐌰𐌹 𐌳𐌿 𐌸𐌰𐌼𐌼𐌰 𐍆𐌰𐌹𐍂𐌲𐌿𐌽𐌾𐌰: 𐌿𐍃𐌷𐌰𐍆𐌴𐌹 𐌸𐌿𐌺 𐌾𐌰𐌷 𐍅𐌰𐌹𐍂𐍀 𐌸𐌿𐍃 𐌹𐌽 𐌼𐌰𐍂𐌴𐌹𐌽, 𐌾𐌰𐌷 𐌽𐌹 𐍄𐌿𐌶𐍅𐌴𐍂𐌾𐌰𐌹 𐌹𐌽 𐌷𐌰𐌹𐍂𐍄𐌹𐌽 𐍃𐌴𐌹𐌽𐌰𐌼𐌼𐌰, 𐌰𐌺 𐌲𐌰𐌻𐌰𐌿𐌱𐌾𐌰𐌹 𐌸𐌰𐍄𐌰, 𐌴𐌹 𐌸𐌰𐍄𐌴𐌹 𐌵𐌹𐌸𐌹𐌸 𐌲𐌰𐌲𐌰𐌲𐌲𐌹𐌸, 𐍅𐌰𐌹𐍂𐌸𐌹𐌸 𐌹𐌼𐌼𐌰 𐌸𐌹𐍃𐍈𐌰𐌷 𐌸𐌴𐌹 𐌵𐌹𐌸𐌹𐌸."
Mark,11,24,"𐌳𐌿𐌸𐌸𐌴 𐌵𐌹𐌸𐌰 𐌹𐌶𐍅𐌹𐍃: 𐌰𐌻𐌻𐌰𐍄𐌰 𐌸𐌹𐍃𐍈𐌰𐌷 𐌸𐌴𐌹 𐌱𐌹𐌳𐌾𐌰𐌽𐌳𐌰𐌽𐍃 𐍃𐍉𐌺𐌴𐌹𐌸, 𐌲𐌰𐌻𐌰𐌿𐌱𐌴𐌹𐌸 𐌸𐌰𐍄𐌴𐌹 𐌽𐌹𐌼𐌹𐌸, 𐌾𐌰𐌷 𐍅𐌰𐌹𐍂𐌸𐌹𐌸 𐌹𐌶𐍅𐌹𐍃."
Mark,11,25,"𐌾𐌰𐌷 𐌸𐌰𐌽 𐍃𐍄𐌰𐌽𐌳𐌰𐌹𐌸 𐌱𐌹𐌳𐌾𐌰𐌽𐌳𐌰𐌽𐍃, 𐌰𐍆𐌻𐌴𐍄𐌰𐌹𐌸, 𐌾𐌰𐌱𐌰𐌹 𐍈𐌰 𐌷𐌰𐌱𐌰𐌹𐌸 𐍅𐌹𐌸𐍂𐌰 𐍈𐌰𐌽𐌰, 𐌴𐌹 𐌾𐌰𐌷 𐌰𐍄𐍄𐌰 𐌹𐌶𐍅𐌰𐍂 𐍃𐌰 𐌹𐌽 𐌷𐌹𐌼𐌹𐌽𐌰𐌼 𐌰𐍆𐌻𐌴𐍄𐌰𐌹 𐌹𐌶𐍅𐌹𐍃 𐌼𐌹𐍃𐍃𐌰𐌳𐌴𐌳𐌹𐌽𐍃 𐌹𐌶𐍅𐌰𐍂𐍉𐍃."
Mark,11,26,"𐌹𐌸 𐌾𐌰𐌱𐌰𐌹 𐌾𐌿𐍃 𐌽𐌹 𐌰𐍆𐌻𐌴𐍄𐌹𐌸, 𐌽𐌹 𐌸𐌰𐌿 𐌰𐍄𐍄𐌰 𐌹𐌶𐍅𐌰𐍂 𐍃𐌰 𐌹𐌽 𐌷𐌹𐌼𐌹𐌽𐌰𐌼 𐌰𐍆𐌻𐌴𐍄𐌹𐌸 𐌹𐌶𐍅𐌹𐍃 𐌼𐌹𐍃𐍃𐌰𐌳𐌴𐌳𐌹𐌽𐍃 𐌹𐌶𐍅𐌰𐍂𐍉𐍃."
Mark,11,27,"𐌾𐌰𐌷 𐌹𐌳𐌳𐌾𐌴𐌳𐌿𐌽 𐌰𐍆𐍄𐍂𐌰 𐌳𐌿 𐌹𐌰𐌹𐍂𐌿𐍃𐌰𐌿𐌻𐍅𐌼𐌰𐌹. 𐌾𐌰𐌷 𐌹𐌽 𐌰𐌻𐌷 𐍈𐌰𐍂𐌱𐍉𐌽𐌳𐌹𐌽 𐌹𐌼𐌼𐌰, 𐌰𐍄𐌹𐌳𐌳𐌾𐌴𐌳𐌿𐌽 𐌳𐌿 𐌹𐌼𐌼𐌰 𐌸𐌰𐌹 𐌰𐌿𐌷𐌿𐌼𐌹𐍃𐍄𐌰𐌽𐍃 𐌲𐌿𐌳𐌾𐌰𐌽𐍃 𐌾𐌰𐌷 𐌱𐍉𐌺𐌰𐍂𐌾𐍉𐍃 𐌾𐌰𐌷 𐍃𐌹𐌽𐌹𐍃𐍄𐌰𐌽𐍃."
Mark,11,28,"𐌾𐌰𐌷 𐌵𐌴𐌸𐌿𐌽 𐌳𐌿 𐌹𐌼𐌼𐌰: 𐌹𐌽 𐍈𐌰𐌼𐌼𐌰 𐍅𐌰𐌻𐌳𐌿𐍆𐌽𐌾𐌴 𐌸𐌰𐍄𐌰 𐍄𐌰𐌿𐌾𐌹𐍃? 𐌾𐌰𐌷 𐍈𐌰𐍃 𐌸𐌿𐍃 𐌸𐌰𐍄𐌰 𐍅𐌰𐌻𐌳𐌿𐍆𐌽𐌹 𐌰𐍄𐌲𐌰𐍆, 𐌴𐌹 𐌸𐌰𐍄𐌰 𐍄𐌰𐌿𐌾𐌹𐍃?"
Mark,11,29,"𐌹𐌸 𐌹𐌴𐍃𐌿𐍃 𐌰𐌽𐌳𐌷𐌰𐍆𐌾𐌰𐌽𐌳𐍃 𐌵𐌰𐌸 𐌳𐌿 𐌹𐌼: 𐍆𐍂𐌰𐌹𐌷𐌽𐌰 𐌾𐌰𐌷 𐌹𐌺 𐌹𐌶𐍅𐌹𐍃 𐌰𐌹𐌽𐌹𐍃 𐍅𐌰𐌿𐍂𐌳𐌹𐍃 𐌾𐌰𐌷 𐌰𐌽𐌳𐌷𐌰𐍆𐌾𐌹𐌸 𐌼𐌹𐍃, 𐌾𐌰𐌷 𐌵𐌹𐌸𐌰 𐌹𐌶𐍅𐌹𐍃 𐌹𐌽 𐍈𐌰𐌼𐌼𐌰 𐍅𐌰𐌻𐌳𐌿𐍆𐌽𐌾𐌴 𐌸𐌰𐍄𐌰 𐍄𐌰𐌿𐌾𐌰."
Mark,11,30,𐌳𐌰𐌿𐍀𐌴𐌹𐌽𐍃 𐌹𐍉𐌷𐌰𐌽𐌽𐌹𐍃 𐌿𐌶𐌿𐌷 𐌷𐌹𐌼𐌹𐌽𐌰 𐍅𐌰𐍃 𐌸𐌰𐌿 𐌿𐌶𐌿𐌷 𐌼𐌰𐌽𐌽𐌰𐌼? 𐌰𐌽𐌳𐌷𐌰𐍆𐌾𐌹𐌸 𐌼𐌹𐍃.
Mark,11,31,"𐌾𐌰𐌷 𐌸𐌰𐌷𐍄𐌴𐌳𐌿𐌽 𐌳𐌿 𐍃𐌹𐍃 𐌼𐌹𐍃𐍃𐍉 𐌵𐌹𐌸𐌰𐌽𐌳𐌰𐌽𐍃, 𐌾𐌰𐌱𐌰𐌹 𐌵𐌹𐌸𐌰𐌼: 𐌿𐍃 𐌷𐌹𐌼𐌹𐌽𐌰, 𐌵𐌹𐌸𐌹𐌸: 𐌰𐌸𐌸𐌰𐌽 𐌳𐌿𐍈𐌴 𐌽𐌹 𐌲𐌰𐌻𐌰𐌿𐌱𐌹𐌳𐌴𐌳𐌿𐌸 𐌹𐌼𐌼𐌰?"
Mark,11,32,"𐌰𐌺 𐌵𐌹𐌸𐌰𐌼: 𐌿𐍃 𐌼𐌰𐌽𐌽𐌰𐌼, 𐌿𐌷𐍄𐌴𐌳𐌿𐌽 𐌸𐍉 𐌼𐌰𐌽𐌰𐌲𐌴𐌹𐌽. 𐌰𐌻𐌻𐌰𐌹 𐌰𐌿𐌺 𐌰𐌻𐌰𐌺𐌾𐍉 𐌷𐌰𐌱𐌰𐌹𐌳𐌴𐌳𐌿𐌽 𐌹𐍉𐌷𐌰𐌽𐌽𐌴𐌽 𐌸𐌰𐍄𐌴𐌹 𐌱𐌹 𐍃𐌿𐌽𐌾𐌰𐌹 𐍀𐍂𐌰𐌿𐍆𐌴𐍄𐌴𐍃 𐍅𐌰𐍃."
Mark,11,33,𐌾𐌰𐌷 𐌰𐌽𐌳𐌷𐌰𐍆𐌾𐌰𐌽𐌳𐌰𐌽𐍃 𐌵𐌴𐌸𐌿𐌽 𐌳𐌿 𐌹𐌴𐍃𐌿𐌰: 𐌽𐌹 𐍅𐌹𐍄𐌿𐌼. 𐌾𐌰𐌷 𐌰𐌽𐌳𐌷𐌰𐍆𐌾𐌰𐌽𐌳𐍃 𐌹𐌴𐍃𐌿𐍃 𐌵𐌰𐌸 𐌳𐌿 𐌹𐌼: 𐌽𐌹𐌷 𐌹𐌺 𐌹𐌶𐍅𐌹𐍃 𐌵𐌹𐌸𐌰 𐌹𐌽 𐍈𐌰𐌼𐌼𐌰 𐍅𐌰𐌻𐌳𐌿𐍆𐌽𐌾𐌴 𐌸𐌰𐍄𐌰 𐍄𐌰𐌿𐌾𐌰.
Mark,12,1,𐌾𐌰𐌷 𐌳𐌿𐌲𐌰𐌽𐌽 𐌹𐌼 𐌹𐌽 𐌲𐌰𐌾𐌿𐌺𐍉𐌼 𐌵𐌹𐌸𐌰𐌽: 𐍅𐌴𐌹𐌽𐌰𐌲𐌰𐍂𐌳 𐌿𐍃𐍃𐌰𐍄𐌹𐌳𐌰 𐌼𐌰𐌽𐌽𐌰 𐌾𐌰𐌷 𐌱𐌹𐍃𐌰𐍄𐌹𐌳𐌰 𐌹𐌽𐌰 𐍆𐌰𐌸𐍉𐌼 𐌾𐌰𐌷 𐌿𐍃𐌲𐍂𐍉𐍆 𐌳𐌰𐌻 𐌿𐍆 𐌼𐌴𐍃𐌰 𐌾𐌰𐌷 𐌲𐌰𐍄𐌹𐌼𐍂𐌹𐌳𐌰 𐌺𐌴𐌻𐌹𐌺𐌽 𐌾𐌰𐌷 𐌰𐌽𐌰𐍆𐌰𐌻𐌷 𐌹𐌽𐌰 𐍅𐌰𐌿𐍂𐍃𐍄𐍅𐌾𐌰𐌼 𐌾𐌰𐌷 𐌰𐍆𐌻𐌰𐌹𐌸 𐌰𐌻𐌾𐌰𐌸.
Mark,12,2,"𐌾𐌰𐌷 𐌹𐌽𐍃𐌰𐌽𐌳𐌹𐌳𐌰 𐌳𐌿 𐌸𐌰𐌹𐌼 𐍅𐌰𐌿𐍂𐍃𐍄𐍅𐌾𐌰𐌼 𐌰𐍄 𐌼𐌴𐌻 𐍃𐌺𐌰𐌻𐌺, 𐌴𐌹 𐌰𐍄 𐌸𐌰𐌹𐌼 𐍅𐌰𐌿𐍂𐍃𐍄𐍅𐌾𐌰𐌼 𐌽𐌴𐌼𐌹 𐌰𐌺𐍂𐌰𐌽𐌹𐍃 𐌸𐌹𐍃 𐍅𐌴𐌹𐌽𐌰𐌲𐌰𐍂𐌳𐌹𐍃."
Mark,12,3,𐌹𐌸 𐌴𐌹𐍃 𐌽𐌹𐌼𐌰𐌽𐌳𐌰𐌽𐍃 𐌹𐌽𐌰 𐌿𐍃𐌱𐌻𐌿𐌲𐌲𐍅𐌿𐌽 𐌾𐌰𐌷 𐌹𐌽𐍃𐌰𐌽𐌳𐌹𐌳𐌴𐌳𐌿𐌽 𐌻𐌰𐌿𐍃𐌷𐌰𐌽𐌳𐌾𐌰𐌽.
Mark,12,4,𐌾𐌰𐌷 𐌰𐍆𐍄𐍂𐌰 𐌹𐌽𐍃𐌰𐌽𐌳𐌹𐌳𐌰 𐌳𐌿 𐌹𐌼 𐌰𐌽𐌸𐌰𐍂𐌰𐌽𐌰 𐍃𐌺𐌰𐌻𐌺; 𐌾𐌰𐌷 𐌸𐌰𐌽𐌰 𐍃𐍄𐌰𐌹𐌽𐌰𐌼 𐍅𐌰𐌹𐍂𐍀𐌰𐌽𐌳𐌰𐌽𐍃 [𐌲𐌰𐌰𐌹𐍅𐌹𐍃𐌺𐍉𐌳𐌴𐌳𐌿𐌽 𐌾𐌰𐌷] 𐌷𐌰𐌿𐌱𐌹𐌸𐍅𐌿𐌽𐌳𐌰𐌽 𐌱𐍂𐌰𐌷𐍄𐌴𐌳𐌿𐌽 𐌾𐌰𐌷 𐌹𐌽𐍃𐌰𐌽𐌳𐌹𐌳𐌴𐌳𐌿𐌽 𐌲𐌰𐌽𐌰𐌹𐍄𐌹𐌳𐌰𐌽𐌰.
Mark,12,5,"𐌾𐌰𐌷 𐌰𐍆𐍄𐍂𐌰 𐌹𐌽𐍃𐌰𐌽𐌳𐌹𐌳𐌰 𐌰𐌽𐌸𐌰𐍂𐌰𐌽𐌰; 𐌾𐌰𐌷 𐌾𐌰𐌹𐌽𐌰𐌽𐌰 𐌰𐍆𐍃𐌻𐍉𐌷𐌿𐌽 𐌾𐌰𐌷 𐌼𐌰𐌽𐌰𐌲𐌰𐌽𐍃 𐌰𐌽𐌸𐌰𐍂𐌰𐌽𐍃, 𐍃𐌿𐌼𐌰𐌽𐍃 𐌿𐍃𐌱𐌻𐌹𐌲𐌲𐍅𐌰𐌽𐌳𐌰𐌽𐍃, 𐍃𐌿𐌼𐌰𐌽𐌶𐌿𐌷 𐌸𐌰𐌽 𐌿𐍃𐌵𐌹𐌼𐌰𐌽𐌳𐌰𐌽𐍃."
Mark,12,6,"𐌸𐌰𐌽𐌿𐌷 𐌽𐌰𐌿𐌷𐌸𐌰𐌽𐌿𐌷 𐌰𐌹𐌽𐌰𐌽𐌰 𐍃𐌿𐌽𐌿 𐌰𐌹𐌲𐌰𐌽𐌳𐍃 𐌻𐌹𐌿𐌱𐌰𐌽𐌰 𐍃𐌹𐍃, 𐌹𐌽𐍃𐌰𐌽𐌳𐌹𐌳𐌰 𐌾𐌰𐌷 𐌸𐌰𐌽𐌰 𐌳𐌿 𐌹𐌼 𐍃𐍀𐌴𐌳𐌹𐍃𐍄𐌰𐌽𐌰, 𐌵𐌹𐌸𐌰𐌽𐌳𐍃 𐌸𐌰𐍄𐌴𐌹 𐌲𐌰𐌰𐌹𐍃𐍄𐌰𐌽𐌳 𐍃𐌿𐌽𐌿 𐌼𐌴𐌹𐌽𐌰𐌽𐌰."
Mark,12,7,"𐌹𐌸 𐌾𐌰𐌹𐌽𐌰𐌹 𐌸𐌰𐌹 𐍅𐌰𐌿𐍂𐍃𐍄𐍅𐌾𐌰𐌽𐍃 𐌵𐌴𐌸𐌿𐌽 𐌳𐌿 𐍃𐌹𐍃 𐌼𐌹𐍃𐍃𐍉 𐌸𐌰𐍄𐌴𐌹 𐍃𐌰 𐌹𐍃𐍄 𐍃𐌰 𐌰𐍂𐌱𐌹𐌽𐌿𐌼𐌾𐌰; 𐌷𐌹𐍂𐌾𐌹𐌸, 𐌿𐍃𐌵𐌹𐌼𐌰𐌼 𐌹𐌼𐌼𐌰, 𐌾𐌰𐌷 𐌿𐌽𐍃𐌰𐍂 𐍅𐌰𐌹𐍂𐌸𐌹𐌸 𐌸𐌰𐍄𐌰 𐌰𐍂𐌱𐌹."
Mark,12,8,𐌾𐌰𐌷 𐌿𐌽𐌳𐌲𐍂𐌴𐌹𐍀𐌰𐌽𐌳𐌰𐌽𐍃 𐌹𐌽𐌰 𐌿𐍃𐌵𐌴𐌼𐌿𐌽 𐌾𐌰𐌷 𐌿𐍃𐍅𐌰𐌿𐍂𐍀𐌿𐌽 𐌹𐌼𐌼𐌰 𐌿𐍄 𐌿𐍃 𐌸𐌰𐌼𐌼𐌰 𐍅𐌴𐌹𐌽𐌰𐌲𐌰𐍂𐌳𐌰.
Mark,12,9,𐍈𐌰 𐌽𐌿𐌷 𐍄𐌰𐌿𐌾𐌰𐌹 𐍆𐍂𐌰𐌿𐌾𐌰 𐌸𐌹𐍃 𐍅𐌴𐌹𐌽𐌰𐌲𐌰𐍂𐌳𐌹𐍃? 𐌵𐌹𐌼𐌹𐌸 𐌾𐌰𐌷 𐌿𐍃𐌵𐌹𐍃𐍄𐌴𐌹𐌸 𐌸𐌰𐌽𐍃 𐍅𐌰𐌿𐍂𐍃𐍄𐍅𐌾𐌰𐌽𐍃 𐌾𐌰𐌷 𐌲𐌹𐌱𐌹𐌸 𐌸𐌰𐌽𐌰 𐍅𐌴𐌹𐌽𐌰𐌲𐌰𐍂𐌳 𐌰𐌽𐌸𐌰𐍂𐌰𐌹𐌼.
Mark,12,10,"𐌽𐌹𐌷 𐌸𐌰𐍄𐌰 𐌲𐌰𐌼𐌴𐌻𐌹𐌳𐍉 𐌿𐍃𐍃𐌿𐌲𐌲𐍅𐌿𐌸: 𐍃𐍄𐌰𐌹𐌽𐍃 𐌸𐌰𐌼𐌼𐌴𐌹 𐌿𐍃𐍅𐌰𐌿𐍂𐍀𐌿𐌽 𐌸𐌰𐌹 𐍄𐌹𐌼𐍂𐌾𐌰𐌽𐍃, 𐍃𐌰𐌷 𐍅𐌰𐍂𐌸 𐌳𐌿 𐌷𐌰𐌿𐌱𐌹𐌳𐌰 𐍅𐌰𐌹𐌷𐍃𐍄𐌹𐌽𐍃?"
Mark,12,11,𐍆𐍂𐌰𐌼 𐍆𐍂𐌰𐌿𐌾𐌹𐌽 𐍅𐌰𐍂𐌸 𐍃𐌰 𐌾𐌰𐌷 𐌹𐍃𐍄 𐍃𐌹𐌻𐌳𐌰𐌻𐌴𐌹𐌺𐍃 𐌹𐌽 𐌰𐌿𐌲𐌰𐌼 𐌿𐌽𐍃𐌰𐍂𐌰𐌹𐌼.
Mark,12,12,𐌾𐌰𐌷 𐍃𐍉𐌺𐌹𐌳𐌴𐌳𐌿𐌽 𐌹𐌽𐌰 𐌿𐌽𐌳𐌲𐍂𐌴𐌹𐍀𐌰𐌽 𐌾𐌰𐌷 𐍉𐌷𐍄𐌴𐌳𐌿𐌽 𐌸𐍉 𐌼𐌰𐌽𐌰𐌲𐌴𐌹𐌽; 𐍆𐍂𐍉𐌸𐌿𐌽 𐌰𐌿𐌺 𐌸𐌰𐍄𐌴𐌹 𐌳𐌿 𐌹𐌼 𐌸𐍉 𐌲𐌰𐌾𐌿𐌺𐍉𐌽 𐌵𐌰𐌸. 𐌾𐌰𐌷 𐌰𐍆𐌻𐌴𐍄𐌰𐌽𐌳𐌰𐌽𐍃 𐌹𐌽𐌰 𐌲𐌰𐌻𐌹𐌸𐌿𐌽.
Mark,12,13,"𐌾𐌰𐌷 𐌹𐌽𐍃𐌰𐌽𐌳𐌹𐌳𐌴𐌳𐌿𐌽 𐌳𐌿 𐌹𐌼𐌼𐌰 𐍃𐌿𐌼𐌰𐌹 𐌸𐌹𐌶𐌴 𐍆𐌰𐍂𐌴𐌹𐍃𐌰𐌹𐌴 𐌾𐌰𐌷 𐌷𐌴𐍂𐍉𐌳𐌹𐌰𐌽𐌴, 𐌴𐌹 𐌹𐌽𐌰 𐌲𐌰𐌽𐌿𐍄𐌴𐌹𐌽𐌰 𐍅𐌰𐌿𐍂𐌳𐌰."
Mark,12,14,"𐌹𐌸 𐌴𐌹𐍃 𐌵𐌹𐌼𐌰𐌽𐌳𐌰𐌽𐍃 𐌵𐌴𐌸𐌿𐌽 𐌳𐌿 𐌹𐌼𐌼𐌰: 𐌻𐌰𐌹𐍃𐌰𐍂𐌹, 𐍅𐌹𐍄𐌿𐌼 𐌸𐌰𐍄𐌴𐌹 𐍃𐌿𐌽𐌾𐌴𐌹𐌽𐍃 𐌹𐍃 𐌾𐌰𐌷 𐌽𐌹 𐌺𐌰𐍂𐌰 𐌸𐌿𐌺 𐌼𐌰𐌽𐍃𐌷𐌿𐌽; 𐌽𐌹 𐌰𐌿𐌺 𐍃𐌰𐌹𐍈𐌹𐍃 𐌹𐌽 𐌰𐌽𐌳𐍅𐌰𐌹𐍂𐌸𐌾𐌰 𐌼𐌰𐌽𐌽𐌴, 𐌰𐌺 𐌱𐌹 𐍃𐌿𐌽𐌾𐌰𐌹 𐍅𐌹𐌲 𐌲𐌿𐌳𐌹𐍃 𐌻𐌰𐌹𐍃𐌴𐌹𐍃: 𐍃𐌺𐌿𐌻𐌳𐌿 𐌹𐍃𐍄 𐌺𐌰𐌹𐍃𐌰𐍂𐌰𐌲𐌹𐌻𐌳 𐌲𐌹𐌱𐌰𐌽 𐌺𐌰𐌹𐍃𐌰𐍂𐌰, 𐌸𐌰𐌿 𐌽𐌹𐌿 𐌲𐌹𐌱𐌰𐌹𐌼𐌰?"
Mark,12,15,"𐌹𐌸 𐌹𐌴𐍃𐌿𐍃 𐌲𐌰𐍃𐌰𐌹𐍈𐌰𐌽𐌳𐍃 𐌹𐌶𐌴 𐌻𐌹𐌿𐍄𐌴𐌹𐌽 𐌵𐌰𐌸 𐌳𐌿 𐌹𐌼: 𐍈𐌰 𐌼𐌹𐌺 𐍆𐍂𐌰𐌹𐍃𐌹𐌸? 𐌰𐍄𐌱𐌰𐌹𐍂𐌹𐌸 𐌼𐌹𐍃 𐍃𐌺𐌰𐍄𐍄, 𐌴𐌹 𐌲𐌰𐍃𐌰𐌹𐍈𐌰𐌿."
Mark,12,16,"𐌹𐌸 𐌴𐌹𐍃 𐌰𐍄𐌱𐌴𐍂𐌿𐌽, 𐌾𐌰𐌷 𐌵𐌰𐌸 𐌳𐌿 𐌹𐌼: 𐍈𐌹𐍃 𐌹𐍃𐍄 𐍃𐌰 𐌼𐌰𐌽𐌻𐌴𐌹𐌺𐌰 𐌾𐌰𐌷 𐍃𐍉 𐌿𐍆𐌰𐍂𐌼𐌴𐌻𐌴𐌹𐌽𐍃? 𐌹𐌸 𐌴𐌹𐍃 𐌵𐌴𐌸𐌿𐌽 𐌳𐌿 𐌹𐌼𐌼𐌰: 𐌺𐌰𐌹𐍃𐌰𐍂𐌹𐍃."
Mark,12,17,𐌾𐌰𐌷 𐌰𐌽𐌳𐌷𐌰𐍆𐌾𐌰𐌽𐌳𐍃 𐌹𐌴𐍃𐌿𐍃 𐌵𐌰𐌸 𐌳𐌿 𐌹𐌼: 𐌿𐍃𐌲𐌹𐌱𐌹𐌸 𐌸𐍉 𐌺𐌰𐌹𐍃𐌰𐍂𐌹𐍃 𐌺𐌰𐌹𐍃𐌰𐍂𐌰 𐌾𐌰𐌷 𐌸𐍉 𐌲𐌿𐌳𐌹𐍃 𐌲𐌿𐌳𐌰. 𐌾𐌰𐌷 𐍃𐌹𐌻𐌳𐌰𐌻𐌴𐌹𐌺𐌹𐌳𐌴𐌳𐌿𐌽 𐌰𐌽𐌰 𐌸𐌰𐌼𐌼𐌰.
Mark,12,18,"𐌾𐌰𐌷 𐌰𐍄𐌹𐌳𐌳𐌾𐌴𐌳𐌿𐌽 𐍃𐌰𐌳𐌳𐌿𐌺𐌰𐌹𐌴𐌹𐍃 𐌳𐌿 𐌹𐌼𐌼𐌰 𐌸𐌰𐌹𐌴𐌹 𐌵𐌹𐌸𐌰𐌽𐌳 𐌿𐍃𐍃𐍄𐌰𐍃𐍃 𐌽𐌹 𐍅𐌹𐍃𐌰𐌽, 𐌾𐌰𐌷 𐍆𐍂𐌴𐌷𐌿𐌽 𐌹𐌽𐌰 𐌵𐌹𐌸𐌰𐌽𐌳𐌰𐌽𐍃:"
Mark,12,19,"𐌻𐌰𐌹𐍃𐌰𐍂𐌹, 𐌼𐍉𐍃𐌴𐍃 𐌲𐌰𐌼𐌴𐌻𐌹𐌳𐌰 𐌿𐌽𐍃𐌹𐍃 𐌸𐌰𐍄𐌴𐌹 𐌾𐌰𐌱𐌰𐌹 𐍈𐌹𐍃 𐌱𐍂𐍉𐌸𐌰𐍂 𐌲𐌰𐌳𐌰𐌿𐌸𐌽𐌰𐌹 𐌾𐌰𐌷 𐌱𐌹𐌻𐌴𐌹𐌸𐌰𐌹 𐌵𐌴𐌽𐌰𐌹 𐌾𐌰𐌷 𐌱𐌰𐍂𐌽𐌴 𐌽𐌹 𐌱𐌹𐌻𐌴𐌹𐌸𐌰𐌹, 𐌴𐌹 𐌽𐌹𐌼𐌰𐌹 𐌱𐍂𐍉𐌸𐌰𐍂 𐌹𐍃 𐌸𐍉 𐌵𐌴𐌽 𐌹𐍃 𐌾𐌰𐌷 𐌿𐍃𐍃𐌰𐍄𐌾𐌰𐌹 𐌱𐌰𐍂𐌽𐌰 𐌱𐍂𐍉𐌸𐍂 𐍃𐌴𐌹𐌽𐌰𐌼𐌼𐌰."
Mark,12,20,𐍃𐌹𐌱𐌿𐌽 𐌱𐍂𐍉𐌸𐍂𐌰𐌷𐌰𐌽𐍃 𐍅𐌴𐍃𐌿𐌽; 𐌾𐌰𐌷 𐍃𐌰 𐍆𐍂𐌿𐌼𐌹𐍃𐍄𐌰 𐌽𐌰𐌼 𐌵𐌴𐌽 𐌾𐌰𐌷 𐌲𐌰𐍃𐍅𐌹𐌻𐍄𐌰𐌽𐌳𐍃 𐌽𐌹 𐌱𐌹𐌻𐌰𐌹𐌸 𐍆𐍂𐌰𐌹𐍅𐌰.
Mark,12,21,𐌾𐌰𐌷 𐌰𐌽𐌸𐌰𐍂 𐌽𐌰𐌼 𐌸𐍉 𐌾𐌰𐌷 𐌲𐌰𐌳𐌰𐌿𐌸𐌽𐍉𐌳𐌰 𐌾𐌰𐌷 𐌽𐌹 𐍃𐌰 𐌱𐌹𐌻𐌰𐌹𐌸 𐍆𐍂𐌰𐌹𐍅𐌰. 𐌾𐌰𐌷 𐌸𐍂𐌹𐌳𐌾𐌰 𐍃𐌰𐌼𐌰𐌻𐌴𐌹𐌺𐍉.
Mark,12,22,𐌾𐌰𐌷 𐌽𐌴𐌼𐌿𐌽 𐌸𐍉 𐍃𐌰𐌼𐌰𐌻𐌴𐌹𐌺𐍉 𐌸𐌰𐌹 𐍃𐌹𐌱𐌿𐌽 𐌾𐌰𐌷 𐌽𐌹 𐌱𐌹𐌻𐌹𐌸𐌿𐌽 𐍆𐍂𐌰𐌹𐍅𐌰. 𐍃𐍀𐌴𐌳𐌿𐌼𐌹𐍃𐍄𐌰 𐌰𐌻𐌻𐌰𐌹𐌶𐌴 𐌲𐌰𐍃𐍅𐌰𐌻𐍄 𐌾𐌰𐌷 𐍃𐍉 𐌵𐌴𐌽𐍃.
Mark,12,23,"𐌹𐌽 𐌸𐌹𐌶𐌰𐌹 𐌿𐍃𐍃𐍄𐌰𐍃𐍃𐌰𐌹, 𐌸𐌰𐌽 𐌿𐍃𐍃𐍄𐌰𐌽𐌳𐌰𐌽𐌳, 𐍈𐌰𐍂𐌾𐌰𐌼𐌼𐌰 𐌹𐌶𐌴 𐍅𐌰𐌹𐍂𐌸𐌹𐌸 𐌵𐌴𐌽𐍃? 𐌸𐌰𐌹 𐌰𐌿𐌺 𐍃𐌹𐌱𐌿𐌽 𐌰𐌹𐌷𐍄𐌴𐌳𐌿𐌽 𐌸𐍉 𐌳𐌿 𐌵𐌴𐌽𐌰𐌹."
Mark,12,24,"𐌾𐌰𐌷 𐌰𐌽𐌳𐌷𐌰𐍆𐌾𐌰𐌽𐌳𐍃 𐌹𐌴𐍃𐌿𐍃 𐌵𐌰𐌸 𐌳𐌿 𐌹𐌼: 𐌽𐌹𐌿 𐌳𐌿𐌸𐌴 𐌰𐌹𐍂𐌶𐌾𐌰𐌹 𐍃𐌹𐌾𐌿𐌸, 𐌽𐌹 𐌺𐌿𐌽𐌽𐌰𐌽𐌳𐌰𐌽𐍃 𐌼𐌴𐌻𐌰 𐌽𐌹𐌷 𐌼𐌰𐌷𐍄 𐌲𐌿𐌳𐌹𐍃?"
Mark,12,25,"𐌰𐌻𐌻𐌹𐍃 𐌸𐌰𐌽 𐌿𐍃𐍃𐍄𐌰𐌽𐌳𐌰𐌽𐌳 𐌿𐍃 𐌳𐌰𐌿𐌸𐌰𐌹𐌼, 𐌽𐌹 𐌻𐌹𐌿𐌲𐌰𐌽𐌳 𐌽𐌹 𐌻𐌹𐌿𐌲𐌰𐌽𐌳𐌰, 𐌰𐌺 𐍃𐌹𐌽𐌳 𐍃𐍅𐌴 𐌰𐌲𐌲𐌹𐌻𐌾𐌿𐍃 𐌸𐌰𐌹 𐌹𐌽 𐌷𐌹𐌼𐌹𐌽𐌰𐌼."
Mark,12,26,"𐌰𐌸𐌸𐌰𐌽 𐌱𐌹 𐌳𐌰𐌿𐌸𐌰𐌽𐍃, 𐌸𐌰𐍄𐌴𐌹 𐌿𐍂𐍂𐌴𐌹𐍃𐌰𐌽𐌳, 𐌽𐌹𐌿 𐌲𐌰𐌺𐌿𐌽𐌽𐌰𐌹𐌳𐌴𐌳𐌿𐌸 𐌰𐌽𐌰 𐌱𐍉𐌺𐍉𐌼 𐌼𐍉𐍃𐌴𐌶𐌹𐍃 𐌰𐌽𐌰 𐌰𐌹𐍈𐌰𐍄𐌿𐌽𐌳𐌾𐌰𐌹, 𐍈𐌰𐌹𐍅𐌰 𐌹𐌼𐌼𐌰 𐌵𐌰𐌸 𐌲𐌿𐌸 𐌵𐌹𐌸𐌰𐌽𐌳𐍃: 𐌹𐌺 𐌹𐌼 𐌲𐌿𐌸 𐌰𐌱𐍂𐌰𐌷𐌰𐌼𐌹𐍃 𐌾𐌰𐌷 𐌲𐌿𐌸 𐌹𐍃𐌰𐌺𐌹𐍃 𐌾𐌰𐌷 𐌹𐌰𐌺𐍉𐌱𐌹𐍃?"
Mark,12,27,"𐌽𐌹𐍃𐍄 𐌲𐌿𐌸 𐌳𐌰𐌿𐌸𐌰𐌹𐌶𐌴, 𐌰𐌺 𐌵𐌹𐍅𐌰𐌹𐌶𐌴. 𐌰𐌸𐌸𐌰𐌽 𐌾𐌿𐍃 𐍆𐌹𐌻𐌿 𐌰𐌹𐍂𐌶𐌾𐌰𐌹 𐍃𐌹𐌾𐌿𐌸."
Mark,12,28,"𐌾𐌰𐌷 𐌳𐌿𐌰𐍄𐌲𐌰𐌲𐌲𐌰𐌽𐌳𐍃 𐌰𐌹𐌽𐍃 𐌸𐌹𐌶𐌴 𐌱𐍉𐌺𐌰𐍂𐌾𐌴, 𐌲𐌰𐌷𐌰𐌿𐍃𐌾𐌰𐌽𐌳𐍃 𐌹𐌽𐍃 𐍃𐌰𐌼𐌰𐌽𐌰 𐍃𐍉𐌺𐌾𐌰𐌽𐌳𐌰𐌽𐍃, 𐌲𐌰𐍃𐌰𐌹𐍈𐌰𐌽𐌳𐍃 𐌸𐌰𐍄𐌴𐌹 𐍅𐌰𐌹𐌻𐌰 𐌹𐌼 𐌰𐌽𐌳𐌷𐍉𐍆, 𐍆𐍂𐌰𐌷 𐌹𐌽𐌰: 𐍈𐌰𐍂𐌾𐌰 𐌹𐍃𐍄 𐌰𐌻𐌻𐌰𐌹𐌶𐍉 𐌰𐌽𐌰𐌱𐌿𐍃𐌽𐌴 𐍆𐍂𐌿𐌼𐌹𐍃𐍄𐌰?"
Mark,12,29,"𐌹𐌸 𐌹𐌴𐍃𐌿𐍃 𐌰𐌽𐌳𐌷𐍉𐍆 𐌹𐌼𐌼𐌰 𐌸𐌰𐍄𐌴𐌹 𐍆𐍂𐌿𐌼𐌹𐍃𐍄𐌰 𐌰𐌻𐌻𐌰𐌹𐌶𐍉 𐌰𐌽𐌰𐌱𐌿𐍃𐌽𐍃: 𐌷𐌰𐌿𐍃𐌴𐌹, 𐌹𐍃𐍂𐌰𐌴𐌻, 𐍆𐍂𐌰𐌿𐌾𐌰 𐌲𐌿𐌸 𐌿𐌽𐍃𐌰𐍂 𐍆𐍂𐌰𐌿𐌾𐌰 𐌰𐌹𐌽𐍃 𐌹𐍃𐍄."
Mark,12,30,𐌾𐌰𐌷 𐍆𐍂𐌹𐌾𐍉𐍃 𐍆𐍂𐌰𐌿𐌾𐌰𐌽 𐌲𐌿𐌸 𐌸𐌴𐌹𐌽𐌰𐌽𐌰 𐌿𐍃 𐌰𐌻𐌻𐌰𐌼𐌼𐌰 𐌷𐌰𐌹𐍂𐍄𐌹𐌽 𐌸𐌴𐌹𐌽𐌰𐌼𐌼𐌰 𐌾𐌰𐌷 𐌿𐍃 𐌰𐌻𐌻𐌰𐌹 𐍃𐌰𐌹𐍅𐌰𐌻𐌰𐌹 𐌸𐌴𐌹𐌽𐌰𐌹 𐌾𐌰𐌷 𐌿𐍃 𐌰𐌻𐌻𐌰𐌹 𐌲𐌰𐌷𐌿𐌲𐌳𐌰𐌹 𐌸𐌴𐌹𐌽𐌰𐌹 𐌾𐌰𐌷 𐌿𐍃 𐌰𐌻𐌻𐌰𐌹 𐌼𐌰𐌷𐍄𐌰𐌹 𐌸𐌴𐌹𐌽𐌰𐌹. 𐍃𐍉 𐍆𐍂𐌿𐌼𐌹𐍃𐍄𐌰 𐌰𐌽𐌰𐌱𐌿𐍃𐌽𐍃.
Mark,12,31,𐌾𐌰𐌷 𐌰𐌽𐌸𐌰𐍂𐌰 𐌲𐌰𐌻𐌴𐌹𐌺𐌰 𐌸𐌹𐌶𐌰𐌹: 𐍆𐍂𐌹𐌾𐍉𐍃 𐌽𐌴𐍈𐌿𐌽𐌳𐌾𐌰𐌽 𐌸𐌴𐌹𐌽𐌰𐌽𐌰 𐍃𐍅𐌴 𐌸𐌿𐌺 𐍃𐌹𐌻𐌱𐌰𐌽. 𐌼𐌰𐌹𐌶𐌴𐌹 𐌸𐌰𐌹𐌼 𐌰𐌽𐌸𐌰𐍂𐌰 𐌰𐌽𐌰𐌱𐌿𐍃𐌽𐍃 𐌽𐌹𐍃𐍄.
Mark,12,32,"𐌾𐌰𐌷 𐌵𐌰𐌸 𐌳𐌿 𐌹𐌼𐌼𐌰 𐍃𐌰 𐌱𐍉𐌺𐌰𐍂𐌴𐌹𐍃: 𐍅𐌰𐌹𐌻𐌰, 𐌻𐌰𐌹𐍃𐌰𐍂𐌹, 𐌱𐌹 𐍃𐌿𐌽𐌾𐌰𐌹 𐌵𐌰𐍃𐍄 𐌸𐌰𐍄𐌴𐌹 𐌰𐌹𐌽𐍃 𐌹𐍃𐍄, 𐌾𐌰𐌷 𐌽𐌹𐍃𐍄 𐌰𐌽𐌸𐌰𐍂 𐌰𐌻𐌾𐌰 𐌹𐌼𐌼𐌰;"
Mark,12,33,"𐌾𐌰𐌷 𐌸𐌰𐍄𐌰 𐌳𐌿 𐍆𐍂𐌹𐌾𐍉𐌽 𐌹𐌽𐌰 𐌿𐍃 𐌰𐌻𐌻𐌰𐌼𐌼𐌰 𐌷𐌰𐌹𐍂𐍄𐌹𐌽 𐌾𐌰𐌷 𐌿𐍃 𐌰𐌻𐌻𐌰𐌼𐌼𐌰 𐍆𐍂𐌰𐌸𐌾𐌰 𐌾𐌰𐌷 𐌿𐍃 𐌰𐌻𐌻𐌰𐌹 𐍃𐌰𐌹𐍅𐌰𐌻𐌰𐌹 𐌾𐌰𐌷 𐌿𐍃 𐌰𐌻𐌻𐌰𐌹 𐌼𐌰𐌷𐍄𐌰𐌹, 𐌾𐌰𐌷 𐌸𐌰𐍄𐌰 𐌳𐌿 𐍆𐍂𐌹𐌾𐍉𐌽 𐌽𐌴𐍈𐌿𐌽𐌳𐌾𐌰𐌽 𐍃𐍅𐌴 𐍃𐌹𐌺 𐍃𐌹𐌻𐌱𐌰𐌽 𐌼𐌰𐌽𐌰𐌲𐌹𐌶𐍉 𐌹𐍃𐍄 𐌰𐌻𐌻𐌰𐌹𐌼 𐌸𐌰𐌹𐌼 𐌰𐌻𐌰𐌱𐍂𐌿𐌽𐍃𐍄𐌹𐌼 𐌾𐌰𐌷 𐍃𐌰𐌿𐌳𐌹𐌼."
Mark,12,34,"𐌾𐌰𐌷 𐌹𐌴𐍃𐌿𐍃 𐌲𐌰𐍃𐌰𐌹𐍈𐌰𐌽𐌳𐍃 𐌹𐌽𐌰 𐌸𐌰𐍄𐌴𐌹 𐍆𐍂𐍉𐌳𐌰𐌱𐌰 𐌰𐌽𐌳𐌷𐍉𐍆, 𐌵𐌰𐌸 𐌳𐌿 𐌹𐌼𐌼𐌰: 𐌽𐌹 𐍆𐌰𐌹𐍂𐍂𐌰 𐌹𐍃 𐌸𐌹𐌿𐌳𐌰𐌽𐌲𐌰𐍂𐌳𐌾𐌰𐌹 𐌲𐌿𐌳𐌹𐍃. 𐌾𐌰𐌷 𐌰𐌹𐌽𐍃𐌷𐌿𐌽 𐌸𐌰𐌽𐌰𐍃𐌴𐌹𐌸𐍃 𐌽𐌹 𐌲𐌰𐌳𐌰𐌿𐍂𐍃𐍄𐌰 𐌹𐌽𐌰 𐍆𐍂𐌰𐌹𐌷𐌽𐌰𐌽."
Mark,12,35,𐌾𐌰𐌷 𐌰𐌽𐌳𐌷𐌰𐍆𐌾𐌰𐌽𐌳𐍃 𐌹𐌴𐍃𐌿𐍃 𐌵𐌰𐌸 𐌻𐌰𐌹𐍃𐌾𐌰𐌽𐌳𐍃 𐌹𐌽 𐌰𐌻𐌷: 𐍈𐌰𐌹𐍅𐌰 𐌵𐌹𐌸𐌰𐌽𐌳 𐌸𐌰𐌹 𐌱𐍉𐌺𐌰𐍂𐌾𐍉𐍃 𐌸𐌰𐍄𐌴𐌹 𐍇𐍂𐌹𐍃𐍄𐌿𐍃 𐍃𐌿𐌽𐌿𐍃 𐌹𐍃𐍄 𐌳𐌰𐍅𐌴𐌹𐌳𐌹𐍃?
Mark,12,36,"𐍃𐌹𐌻𐌱𐌰 𐌰𐌿𐌺 𐌳𐌰𐍅𐌴𐌹𐌳 𐌵𐌰𐌸 𐌹𐌽 𐌰𐌷𐌼𐌹𐌽 𐍅𐌴𐌹𐌷𐌰𐌼𐌼𐌰: 𐌵𐌹𐌸𐌹𐌸 𐍆𐍂𐌰𐌿𐌾𐌰 𐌳𐌿 𐍆𐍂𐌰𐌿𐌾𐌹𐌽 𐌼𐌴𐌹𐌽𐌰𐌼𐌼𐌰, 𐍃𐌹𐍄 𐌰𐍆 𐍄𐌰𐌹𐌷𐍃𐍅𐍉𐌽 𐌼𐌴𐌹𐌽𐌰𐌹, 𐌿𐌽𐍄𐌴 𐌹𐌺 𐌲𐌰𐌻𐌰𐌲𐌾𐌰 𐍆𐌹𐌾𐌰𐌽𐌳𐍃 𐌸𐌴𐌹𐌽𐌰𐌽𐍃 𐍆𐍉𐍄𐌿𐌱𐌰𐌿𐍂𐌳 𐍆𐍉𐍄𐌹𐍅𐌴 𐌸𐌴𐌹𐌽𐌰𐌹𐌶𐌴."
Mark,12,37,"𐍃𐌹𐌻𐌱𐌰 𐍂𐌰𐌹𐌷𐍄𐌹𐍃 𐌳𐌰𐍅𐌴𐌹𐌳 𐌵𐌹𐌸𐌹𐌸 𐌹𐌽𐌰 𐍆𐍂𐌰𐌿𐌾𐌰𐌽, 𐌾𐌰𐌷 𐍈𐌰𐌸𐍂𐍉 𐌹𐌼𐌼𐌰 𐍃𐌿𐌽𐌿𐍃 𐌹𐍃𐍄? 𐌾𐌰𐌷 𐌰𐌻𐌻𐌰 𐍃𐍉 𐌼𐌰𐌽𐌰𐌲𐌴𐌹 𐌷𐌰𐌿𐍃𐌹𐌳𐌴𐌳𐌿𐌽 𐌹𐌼𐌼𐌰 𐌲𐌰𐌱𐌰𐌿𐍂𐌾𐌰𐌱𐌰."
Mark,12,38,𐌾𐌰𐌷 𐌵𐌰𐌸 𐌳𐌿 𐌹𐌼 𐌹𐌽 𐌻𐌰𐌹𐍃𐌴𐌹𐌽𐌰𐌹 𐍃𐌴𐌹𐌽𐌰𐌹: 𐍃𐌰𐌹𐍈𐌹𐌸 𐍆𐌰𐌿𐍂𐌰 𐌱𐍉(𐌺𐌰𐍂𐌾𐌰𐌼)....
Mark,12,39,
Mark,12,40,
Mark,12,41,
Mark,12,42,
Mark,12,43,
Mark,12,44,
Mark,13,1,
Mark,13,2,
Mark,13,3,
Mark,13,4,
Mark,13,5,
Mark,13,6,
Mark,13,7,
Mark,13,8,
Mark,13,9,
Mark,13,10,
Mark,13,11,
Mark,13,12,
Mark,13,13,
Mark,13,14,
Mark,13,15,
Mark,13,16,.... 𐍅𐌰𐍃𐍄𐌾𐌰 𐍃𐌴𐌹𐌽𐌰.
Mark,13,17,𐌰𐌸𐌸𐌰𐌽 𐍅𐌰𐌹 𐌸𐌰𐌹𐌼 𐌵𐌹𐌸𐌿𐌷𐌰𐍆𐍄𐍉𐌼 𐌾𐌰𐌷 𐌳𐌰𐌳𐌳𐌾𐌰𐌽𐌳𐌴𐌹𐌼 𐌹𐌽 𐌾𐌰𐌹𐌽𐌰𐌹𐌼 𐌳𐌰𐌲𐌰𐌼.
Mark,13,18,𐌰𐌸𐌸𐌰𐌽 𐌱𐌹𐌳𐌾𐌰𐌹𐌸 𐌴𐌹 𐌽𐌹 𐍅𐌰𐌹𐍂𐌸𐌰𐌹 𐍃𐌰 𐌸𐌻𐌰𐌿𐌷𐍃 𐌹𐌶𐍅𐌰𐍂 𐍅𐌹𐌽𐍄𐍂𐌰𐌿.
Mark,13,19,"𐍅𐌰𐌹𐍂𐌸𐌰𐌽𐌳 𐌰𐌿𐌺 𐌸𐌰𐌹 𐌳𐌰𐌲𐍉𐍃 𐌾𐌰𐌹𐌽𐌰𐌹 𐌰𐌲𐌻𐍉 𐍃𐍅𐌰𐌻𐌴𐌹𐌺𐌰, 𐍃𐍅𐌴 𐌽𐌹 𐍅𐌰𐍃 𐍃𐍅𐌰𐌻𐌴𐌹𐌺𐌰 𐍆𐍂𐌰𐌼 𐌰𐌽𐌰𐍃𐍄𐍉𐌳𐌴𐌹𐌽𐌰𐌹 𐌲𐌰𐍃𐌺𐌰𐍆𐍄𐌰𐌹𐍃 𐌸𐍉𐌴𐌹 𐌲𐌰𐍃𐌺𐍉𐍀 𐌲𐌿𐌸, 𐌿𐌽𐌳 𐌷𐌹𐍄𐌰, 𐌾𐌰𐌷 𐌽𐌹 𐍅𐌰𐌹𐍂𐌸𐌹𐌸."
Mark,13,20,"𐌾𐌰𐌷 𐌽𐌹 𐍆𐍂𐌰𐌿𐌾𐌰 𐌲𐌰𐌼𐌰𐌿𐍂𐌲𐌹𐌳𐌴𐌳𐌹 𐌸𐌰𐌽𐍃 𐌳𐌰𐌲𐌰𐌽𐍃, 𐌽𐌹 𐌸𐌰𐌿𐌷 𐌲𐌰𐌽𐌴𐍃𐌹 𐌰𐌹𐌽𐌷𐌿𐌽 𐌻𐌴𐌹𐌺𐌴; 𐌰𐌺𐌴𐌹 𐌹𐌽 𐌸𐌹𐌶𐌴 𐌲𐌰𐍅𐌰𐌻𐌹𐌳𐌰𐌽𐌴, 𐌸𐌰𐌽𐌶𐌴𐌹 𐌲𐌰𐍅𐌰𐌻𐌹𐌳𐌰, 𐌲𐌰𐌼𐌰𐌿𐍂𐌲𐌹𐌳𐌰 𐌸𐌰𐌽𐍃 𐌳𐌰𐌲𐌰𐌽𐍃."
Mark,13,21,"𐌾𐌰𐌷 𐌸𐌰𐌽 𐌾𐌰𐌱𐌰𐌹 𐍈𐌰𐍃 𐌹𐌶𐍅𐌹𐍃 𐌵𐌹𐌸𐌰𐌹: 𐍃𐌰𐌹, 𐌷𐌴𐍂 𐍇𐍂𐌹𐍃𐍄𐌿𐍃, 𐌰𐌹𐌸𐌸𐌰𐌿 𐍃𐌰𐌹, 𐌾𐌰𐌹𐌽𐌰𐍂, 𐌽𐌹 𐌲𐌰𐌻𐌰𐌿𐌱𐌾𐌰𐌹𐌸;"
Mark,13,22,"𐌿𐌽𐍄𐌴 𐌿𐍂𐍂𐌴𐌹𐍃𐌰𐌽𐌳 𐌲𐌰𐌻𐌹𐌿𐌲𐌰𐍇𐍂𐌹𐍃𐍄𐌾𐌿𐍃 𐌾𐌰𐌷 𐌲𐌰𐌻𐌹𐌿𐌲𐌰𐍀𐍂𐌰𐌿𐍆𐌴𐍄𐌴𐌹𐍃 𐌾𐌰𐌷 𐌲𐌹𐌱𐌰𐌽𐌳 𐍄𐌰𐌹𐌺𐌽𐌹𐌽𐍃 𐌾𐌰𐌷 𐍆𐌰𐌿𐍂𐌰𐍄𐌰𐌽𐌾𐌰 𐌳𐌿 𐌰𐍆𐌰𐌹𐍂𐌶𐌾𐌰𐌽, 𐌾𐌰𐌱𐌰𐌹 𐌼𐌰𐌷𐍄𐌴𐌹𐌲 𐍃𐌹𐌾𐌰𐌹, 𐌾𐌰𐌷 𐌸𐌰𐌽𐍃 𐌲𐌰𐍅𐌰𐌻𐌹𐌳𐌰𐌽𐍃."
Mark,13,23,"𐌹𐌸 𐌾𐌿𐍃 𐍃𐌰𐌹𐍈𐌹𐌸: 𐍃𐌰𐌹, 𐍆𐌰𐌿𐍂𐌰𐌲𐌰𐍄𐌰𐌹𐌷 𐌹𐌶𐍅𐌹𐍃 𐌰𐌻𐌻𐌰𐍄𐌰."
Mark,13,24,𐌰𐌺𐌴𐌹 𐌹𐌽 𐌾𐌰𐌹𐌽𐌰𐌽𐍃 𐌳𐌰𐌲𐌰𐌽𐍃 𐌰𐍆𐌰𐍂 𐌸𐍉 𐌰𐌲𐌻𐍉𐌽 𐌾𐌰𐌹𐌽𐌰 𐍃𐌰𐌿𐌹𐌻 𐍂𐌹𐌵𐌹𐌶𐌴𐌹𐌸 𐌾𐌰𐌷 𐌼𐌴𐌽𐌰 𐌽𐌹 𐌲𐌹𐌱𐌹𐌸 𐌻𐌹𐌿𐌷𐌰𐌸 𐍃𐌴𐌹𐌽.
Mark,13,25,𐌾𐌰𐌷 𐍃𐍄𐌰𐌹𐍂𐌽𐍉𐌽𐍃 𐌷𐌹𐌼𐌹𐌽𐌹𐍃 𐍅𐌰𐌹𐍂𐌸𐌰𐌽𐌳 𐌳𐍂𐌹𐌿𐍃𐌰𐌽𐌳𐌴𐌹𐌽𐍃 𐌾𐌰𐌷 𐌼𐌰𐌷𐍄𐌴𐌹𐍃 𐌸𐍉𐍃 𐌹𐌽 𐌷𐌹𐌼𐌹𐌽𐌰𐌼 𐌲𐌰𐍅𐌰𐌲𐌾𐌰𐌽𐌳𐌰.
Mark,13,26,𐌾𐌰𐌷 𐌸𐌰𐌽 𐌲𐌰𐍃𐌰𐌹𐍈𐌰𐌽𐌳 𐍃𐌿𐌽𐌿 𐌼𐌰𐌽𐍃 𐌵𐌹𐌼𐌰𐌽𐌳𐌰𐌽 𐌹𐌽 𐌼𐌹𐌻𐌷𐌼𐌰𐌼 𐌼𐌹𐌸 𐌼𐌰𐌷𐍄𐌰𐌹 𐌼𐌰𐌽𐌰𐌲𐌰𐌹 𐌾𐌰𐌷 𐍅𐌿𐌻𐌸𐌰𐌿.
Mark,13,27,𐌾𐌰𐌷 𐌸𐌰𐌽 𐌹𐌽𐍃𐌰𐌽𐌳𐌴𐌹𐌸 𐌰𐌲𐌲𐌹𐌻𐌿𐌽𐍃 𐍃𐌴𐌹𐌽𐌰𐌽𐍃 𐌾𐌰𐌷 𐌲𐌰𐌻𐌹𐍃𐌹𐌸 𐌸𐌰𐌽𐍃 𐌲𐌰𐍅𐌰𐌻𐌹𐌳𐌰𐌽𐍃 𐍃𐌴𐌹𐌽𐌰𐌽𐍃 𐌰𐍆 𐍆𐌹𐌳𐍅𐍉𐍂 𐍅𐌹𐌽𐌳𐌰𐌼 𐍆𐍂𐌰𐌼 𐌰𐌽𐌳𐌾𐌰𐌼 𐌰𐌹𐍂𐌸𐍉𐍃 𐌿𐌽𐌳 𐌰𐌽𐌳𐌹 𐌷𐌹𐌼𐌹𐌽𐌹𐍃.
Mark,13,28,"𐌰𐌸𐌸𐌰𐌽 𐌰𐍆 𐍃𐌼𐌰𐌺𐌺𐌰𐌱𐌰𐌲𐌼𐌰 𐌲𐌰𐌽𐌹𐌼𐌹𐌸 𐌸𐍉 𐌲𐌰𐌾𐌿𐌺𐍉𐌽. 𐌸𐌰𐌽 𐌸𐌹𐍃 𐌾𐌿𐌸𐌰𐌽 𐌰𐍃𐍄𐍃 𐌸𐌻𐌰𐌵𐌿𐍃 𐍅𐌰𐌹𐍂𐌸𐌹𐌸, 𐌾𐌰𐌷 𐌿𐍃𐌺𐌴𐌹𐌽𐌰𐌽𐌳 𐌻𐌰𐌿𐌱𐍉𐍃, 𐌺𐌿𐌽𐌽𐌿𐌸 𐌸𐌰𐍄𐌴𐌹 𐌽𐌴𐍈𐌰 𐌹𐍃𐍄 𐌰𐍃𐌰𐌽𐍃."
Mark,13,29,"𐍃𐍅𐌰𐌷 𐌾𐌰𐌷 𐌾𐌿𐍃, 𐌸𐌰𐌽 𐌲𐌰𐍃𐌰𐌹𐍈𐌹𐌸 𐌸𐌰𐍄𐌰 𐍅𐌰𐌹𐍂𐌸𐌰𐌽, 𐌺𐌿𐌽𐌽𐌴𐌹𐌸 𐌸𐌰𐍄𐌴𐌹 𐌽𐌴𐍈𐌰 𐍃𐌹𐌾𐌿𐌸 𐌰(𐍄)...."
Mark,13,30,
Mark,13,31,
Mark,13,32,
Mark,13,33,
Mark,13,34,
Mark,13,35,
Mark,13,36,
Mark,13,37,
Mark,14,1,
Mark,14,2,
Mark,14,3,
Mark,14,4,.... _𐍄𐌴𐌹𐌽𐍃 𐌸𐌹𐍃 𐌱𐌰𐌻𐍃𐌰𐌽𐌹𐍃 𐍅𐌰𐍂𐌸?
Mark,14,5,𐌼𐌰𐌷𐍄 𐍅𐌴𐍃𐌹 𐌰𐌿𐌺 𐌸𐌰𐍄𐌰 𐌱𐌰𐌻𐍃𐌰𐌽 𐍆𐍂𐌰𐌱𐌿𐌲𐌾𐌰𐌽 𐌹𐌽 𐌼𐌰𐌽𐌰𐌲𐌹𐌶𐍉 𐌸𐌰𐌿 𐌸𐍂𐌹𐌾𐌰 𐌷𐌿𐌽𐌳𐌰 𐍃𐌺𐌰𐍄𐍄𐌴 𐌾𐌰𐌷 𐌲𐌹𐌱𐌰𐌽 𐌿𐌽𐌻𐌴𐌳𐌰𐌹𐌼. 𐌾𐌰𐌷 𐌰𐌽𐌳𐍃𐍄𐌰𐌿𐍂𐍂𐌰𐌹𐌳𐌴𐌳𐌿𐌽 𐌸𐍉.
Mark,14,6,𐌹𐌸 𐌹𐌴𐍃𐌿𐍃 𐌵𐌰𐌸: 𐌻𐌴𐍄𐌹𐌸 𐌸𐍉; 𐌳𐌿𐍈𐌴 𐌹𐌶𐌰𐌹 𐌿𐍃𐌸𐍂𐌹𐌿𐍄𐌹𐌸? 𐌸𐌰𐌽𐌽𐌿 𐌲𐍉𐌸 𐍅𐌰𐌿𐍂𐍃𐍄𐍅 𐍅𐌰𐌿𐍂𐌷𐍄𐌰 𐌱𐌹 𐌼𐌹𐍃.
Mark,14,7,"𐍃𐌹𐌽𐍄𐌴𐌹𐌽𐍉 𐌰𐌿𐌺 𐌸𐌰𐌽𐍃 𐌿𐌽𐌻𐌴𐌳𐌰𐌽𐍃 𐌷𐌰𐌱𐌰𐌹𐌸 𐌼𐌹𐌸 𐌹𐌶𐍅𐌹𐍃, 𐌾𐌰𐌷 𐌸𐌰𐌽 𐍅𐌹𐌻𐌴𐌹𐌸, 𐌼𐌰𐌲𐌿𐌸 𐌹𐌼 𐍅𐌰𐌹𐌻𐌰 𐍄𐌰𐌿𐌾𐌰𐌽; 𐌹𐌸 𐌼𐌹𐌺 𐌽𐌹 𐍃𐌹𐌽𐍄𐌴𐌹𐌽𐍉 𐌷𐌰𐌱𐌰𐌹𐌸."
Mark,14,8,𐌸𐌰𐍄𐌴𐌹 𐌷𐌰𐌱𐌰𐌹𐌳𐌰 𐍃𐍉 𐌲𐌰𐍄𐌰𐍅𐌹𐌳𐌰; 𐍆𐌰𐌿𐍂𐍃𐌽𐌰𐌿 𐍃𐌰𐌻𐌱𐍉𐌽 𐌼𐌴𐌹𐌽 𐌻𐌴𐌹𐌺 𐌳𐌿 𐌿𐍃𐍆𐌹𐌻𐌷𐌰.
Mark,14,9,"𐌰𐌼𐌴𐌽, 𐌵𐌹𐌸𐌰 𐌹𐌶𐍅𐌹𐍃: 𐌸𐌹𐍃𐍈𐌰𐍂𐌿𐌷 𐌸𐌴𐌹 𐌼𐌴𐍂𐌾𐌰𐌳𐌰 𐍃𐍉 𐌰𐌹𐍅𐌰𐌲𐌲𐌴𐌻𐌾𐍉 𐌰𐌽𐌳 𐌰𐌻𐌻𐌰 𐌼𐌰𐌽𐌰𐍃𐌴𐌸, 𐌾𐌰𐌷 𐌸𐌰𐍄𐌴𐌹 𐌲𐌰𐍄𐌰𐍅𐌹𐌳𐌰 𐍃𐍉 𐍂𐍉𐌳𐌾𐌰𐌳𐌰 𐌳𐌿 𐌲𐌰𐌼𐌿𐌽𐌳𐌰𐌹 𐌹𐌶𐍉𐍃."
Mark,14,10,"𐌾𐌰𐌷 𐌹𐌿𐌳𐌰𐍃 𐌹𐍃𐌺𐌰𐍂𐌹𐍉𐍄𐌴𐌹𐍃, 𐌰𐌹𐌽𐍃 𐌸𐌹𐌶𐌴 𐍄𐍅𐌰𐌻𐌹𐌱𐌴, 𐌲𐌰𐌻𐌰𐌹𐌸 𐌳𐌿 𐌸𐌰𐌹𐌼 𐌲𐌿𐌳𐌾𐌰𐌼, 𐌴𐌹 𐌲𐌰𐌻𐌴𐍅𐌹𐌳𐌴𐌳𐌹 𐌹𐌽𐌰 𐌹𐌼."
Mark,14,11,𐌹𐌸 𐌴𐌹𐍃 𐌲𐌰𐌷𐌰𐌿𐍃𐌾𐌰𐌽𐌳𐌰𐌽𐍃 𐍆𐌰𐌲𐌹𐌽𐍉𐌳𐌴𐌳𐌿𐌽 𐌾𐌰𐌷 𐌲𐌰𐌷𐌰𐌹𐌷𐌰𐌹𐍄𐌿𐌽 𐌹𐌼𐌼𐌰 𐍆𐌰𐌹𐌷𐌿 𐌲𐌹𐌱𐌰𐌽; 𐌾𐌰𐌷 𐍃𐍉𐌺𐌹𐌳𐌰 𐍈𐌰𐌹𐍅𐌰 𐌲𐌰𐍄𐌹𐌻𐌰𐌱𐌰 𐌹𐌽𐌰 𐌲𐌰𐌻𐌴𐍅𐌹𐌳𐌴𐌳𐌹.
Mark,14,12,"𐌾𐌰𐌷 𐌸𐌰𐌼𐌼𐌰 𐍆𐍂𐌿𐌼𐌹𐍃𐍄𐌹𐌽 𐌳𐌰𐌲𐌰 𐌰𐌶𐍅𐌼𐌴, 𐌸𐌰𐌽 𐍀𐌰𐍃𐌺𐌰 𐍃𐌰𐌻𐌹𐌳𐌴𐌳𐌿𐌽, 𐌵𐌴𐌸𐌿𐌽 𐌳𐌿 𐌹𐌼𐌼𐌰 𐌸𐌰𐌹 𐍃𐌹𐍀𐍉𐌽𐌾𐍉𐍃 𐌹𐍃: 𐍈𐌰𐍂 𐍅𐌹𐌻𐌴𐌹𐍃 𐌴𐌹 𐌲𐌰𐌻𐌴𐌹𐌸𐌰𐌽𐌳𐌰𐌽𐍃 𐌼𐌰𐌽𐍅𐌾𐌰𐌹𐌼𐌰, 𐌴𐌹 𐌼𐌰𐍄𐌾𐌰𐌹𐍃 𐍀𐌰𐍃𐌺𐌰?"
Mark,14,13,"𐌾𐌰𐌷 𐌹𐌽𐍃𐌰𐌽𐌳𐌹𐌳𐌰 𐍄𐍅𐌰𐌽𐍃 𐍃𐌹𐍀𐍉𐌽𐌾𐌴 𐍃𐌴𐌹𐌽𐌰𐌹𐌶𐌴 𐌵𐌰𐌸𐌿𐌷 𐌳𐌿 𐌹𐌼: 𐌲𐌰𐌲𐌲𐌰𐍄𐍃 𐌹𐌽 𐌸𐍉 𐌱𐌰𐌿𐍂𐌲, 𐌾𐌰𐌷 𐌲𐌰𐌼𐍉𐍄𐌴𐌹𐌸 𐌹𐌲𐌵𐌹𐍃 𐌼𐌰𐌽𐌽𐌰 𐌺𐌰𐍃 𐍅𐌰𐍄𐌹𐌽𐍃 𐌱𐌰𐌹𐍂𐌰𐌽𐌳𐍃: 𐌲𐌰𐌲𐌲𐌰𐍄𐍃 𐌰𐍆𐌰𐍂 𐌸𐌰𐌼𐌼𐌰,"
Mark,14,14,"𐌾𐌰𐌷 𐌸𐌰𐌳𐌴𐌹 𐌹𐌽𐌽𐌲𐌰𐌻𐌴𐌹𐌸𐌰𐌹, 𐌵𐌹𐌸𐌰𐌹𐍄𐍃 𐌸𐌰𐌼𐌼𐌰 𐌷𐌴𐌹𐍅𐌰𐍆𐍂𐌰𐌿𐌾𐌹𐌽 𐌸𐌰𐍄𐌴𐌹 𐌻𐌰𐌹𐍃𐌰𐍂𐌴𐌹𐍃 𐌵𐌹𐌸𐌹𐌸: 𐍈𐌰𐍂 𐍃𐌹𐌽𐌳 𐍃𐌰𐌻𐌹𐌸𐍅𐍉𐍃 𐌸𐌰𐍂𐌴𐌹 𐍀𐌰𐍃𐌺𐌰 𐌼𐌹𐌸 𐍃𐌹𐍀𐍉𐌽𐌾𐌰𐌼 𐌼𐌴𐌹𐌽𐌰𐌹𐌼 𐌼𐌰𐍄𐌾𐌰𐌿?"
Mark,14,15,"𐌾𐌰𐌷 𐍃𐌰 𐌹𐌶𐍅𐌹𐍃 𐍄𐌰𐌹𐌺𐌽𐌴𐌹𐌸 𐌺𐌴𐌻𐌹𐌺𐌽 𐌼𐌹𐌺𐌹𐌻𐌰𐍄𐌰, 𐌲𐌰𐍃𐍄𐍂𐌰𐍅𐌹𐌸, 𐌼𐌰𐌽𐍅𐌾𐌰𐍄𐌰; 𐌾𐌰𐌷 𐌾𐌰𐌹𐌽𐌰𐍂 𐌼𐌰𐌽𐍅𐌾𐌰𐌹𐌸 𐌿𐌽𐍃𐌹𐍃."
Mark,14,16,𐌾𐌰𐌷 𐌿𐍃𐌹𐌳𐌳𐌾𐌴𐌳𐌿𐌽 𐌸𐌰𐌹 𐍃𐌹𐍀𐍉𐌽(𐌾𐍉𐍃)....
Mark,14,17,
Mark,14,18,
Mark,14,19,
Mark,14,20,
Mark,14,21,
Mark,14,22,
Mark,14,23,
Mark,14,24,
Mark,14,25,
Mark,14,26,
Mark,14,27,
Mark,14,28,
Mark,14,29,
Mark,14,30,
Mark,14,31,
Mark,14,32,
Mark,14,33,
Mark,14,34,
Mark,14,35,
Mark,14,36,
Mark,14,37,
Mark,14,38,
Mark,14,39,
Mark,14,40,
Mark,14,41,".... 𐍃𐌰𐌹, 𐌲𐌰𐌻𐌴𐍅𐌾𐌰𐌳𐌰 𐍃𐌿𐌽𐌿𐍃 𐌼𐌰𐌽𐍃 𐌹𐌽 𐌷𐌰𐌽𐌳𐌿𐌽𐍃 𐍆𐍂𐌰𐍅𐌰𐌿𐍂𐌷𐍄𐌰𐌹𐌶𐌴."
Mark,14,42,"𐌿𐍂𐍂𐌴𐌹𐍃𐌹𐌸, 𐌲𐌰𐌲𐌲𐌰𐌼! 𐍃𐌰𐌹, 𐍃𐌰 𐌻𐌴𐍅𐌾𐌰𐌽𐌳𐍃 𐌼𐌹𐌺 𐌰𐍄𐌽𐌴𐍈𐌹𐌳𐌰."
Mark,14,43,"𐌾𐌰𐌷 𐍃𐌿𐌽𐍃𐌰𐌹𐍅 𐌽𐌰𐌿𐌷𐌸𐌰𐌽𐌿𐌷 𐌰𐍄 𐌹𐌼𐌼𐌰 𐍂𐍉𐌳𐌾𐌰𐌽𐌳𐌹𐌽 𐌵𐌰𐌼 𐌹𐌿𐌳𐌰𐍃, 𐍃𐌿𐌼𐍃 𐌸𐌹𐌶𐌴 𐍄𐍅𐌰𐌻𐌹𐌱𐌴, 𐌾𐌰𐌷 𐌼𐌹𐌸 𐌹𐌼𐌼𐌰 𐌼𐌰𐌽𐌰𐌲𐌴𐌹 𐌼𐌹𐌸 𐌷𐌰𐌹𐍂𐌿𐌼 𐌾𐌰𐌷 𐍄𐍂𐌹𐍅𐌰𐌼 𐍆𐍂𐌰𐌼 𐌸𐌰𐌹𐌼 𐌰𐌿𐌷𐌿𐌼𐌹𐍃𐍄𐌰𐌼 𐌲𐌿𐌳𐌾𐌰𐌼 𐌾𐌰𐌷 𐌱𐍉𐌺𐌰𐍂𐌾𐌰𐌼 𐌾𐌰𐌷 𐍃𐌹𐌽𐌹𐍃𐍄𐌰𐌼."
Mark,14,44,"𐌰𐍄~𐌿𐌷~𐌸𐌰𐌽~𐌲𐌰𐍆 𐍃𐌰 𐌻𐌴𐍅𐌾𐌰𐌽𐌳𐍃 𐌹𐌼 𐌱𐌰𐌽𐌳𐍅𐍉𐌽 𐌵𐌹𐌸𐌰𐌽𐌳𐍃: 𐌸𐌰𐌼𐌼𐌴𐌹 𐌺𐌿𐌺𐌾𐌰𐌿, 𐍃𐌰 𐌹𐍃𐍄: 𐌲𐍂𐌴𐌹𐍀𐌹𐌸 𐌸𐌰𐌽𐌰 𐌾𐌰𐌷 𐍄𐌹𐌿𐌷𐌹𐌸 𐌰𐍂𐌽𐌹𐌱𐌰."
Mark,14,45,"𐌾𐌰𐌷 𐌵𐌹𐌼𐌰𐌽𐌳𐍃 𐍃𐌿𐌽𐍃𐌰𐌹𐍅, 𐌰𐍄𐌲𐌰𐌲𐌲𐌰𐌽𐌳𐍃 𐌳𐌿 𐌹𐌼𐌼𐌰 𐌵𐌰𐌸: 𐍂𐌰𐌱𐌱𐌴𐌹, 𐍂𐌰𐌱𐌱𐌴𐌹! 𐌾𐌰𐌷 𐌺𐌿𐌺𐌹𐌳𐌰 𐌹𐌼𐌼𐌰."
Mark,14,46,𐌹𐌸 𐌴𐌹𐍃 𐌿𐍃𐌻𐌰𐌲𐌹𐌳𐌴𐌳𐌿𐌽 𐌷𐌰𐌽𐌳𐌿𐌽𐍃 𐌰𐌽𐌰 𐌹𐌽𐌰 𐌾𐌰𐌷 𐌿𐌽𐌳𐌲𐍂𐌹𐍀𐌿𐌽 𐌹𐌽𐌰.
Mark,14,47,𐌹𐌸 𐌰𐌹𐌽𐍃 𐍃𐌿𐌼𐍃 𐌸𐌹𐌶𐌴 𐌰𐍄𐍃𐍄𐌰𐌽𐌳𐌰𐌽𐌳𐌰𐌽𐌴 𐌹𐌼𐌼𐌰 𐌿𐍃𐌻𐌿𐌺𐌰𐌽𐌳𐍃 𐌷𐌰𐌹𐍂𐌿 𐍃𐌻𐍉𐌷 𐍃𐌺𐌰𐌻𐌺 𐌰𐌿𐌷𐌿𐌼𐌹𐍃𐍄𐌹𐌽𐍃 𐌲𐌿𐌳𐌾𐌹𐌽𐍃 𐌾𐌰𐌷 𐌰𐍆𐍃𐌻𐍉𐌷 𐌹𐌼𐌼𐌰 𐌰𐌿𐍃𐍉 𐌸𐌰𐍄𐌰 𐍄𐌰𐌹𐌷𐍃𐍅𐍉.
Mark,14,48,𐌾𐌰𐌷 𐌰𐌽𐌳𐌷𐌰𐍆𐌾𐌰𐌽𐌳𐍃 𐌹𐌴𐍃𐌿𐍃 𐌵𐌰𐌸 𐌳𐌿 𐌹𐌼: 𐍃𐍅𐌴 𐌳𐌿 𐍅𐌰𐌹𐌳𐌴𐌳𐌾𐌹𐌽 𐌿𐍂𐍂𐌿𐌽𐌽𐌿𐌸 𐌼𐌹𐌸 𐌷𐌰𐌹𐍂𐌿𐌼 𐌾𐌰𐌷 𐍄𐍂𐌹𐍅𐌰𐌼 𐌲𐍂𐌴𐌹𐍀𐌰𐌽 𐌼𐌹𐌺.
Mark,14,49,𐌳𐌰𐌲𐌰 𐍈𐌰𐌼𐌼𐌴𐌷 𐍅𐌰𐍃 𐌰𐍄 𐌹𐌶𐍅𐌹𐍃 𐌹𐌽 𐌰𐌻𐌷 𐌻𐌰𐌹𐍃𐌾𐌰𐌽𐌳𐍃 𐌾𐌰𐌷 𐌽𐌹 𐌲𐍂𐌹𐍀𐌿𐌸 𐌼𐌹𐌺: 𐌰𐌺 𐌴𐌹 𐌿𐍃𐍆𐌿𐌻𐌻𐌽𐍉𐌳𐌴𐌳𐌴𐌹𐌽𐌰 𐌱𐍉𐌺𐍉𐍃.
Mark,14,50,𐌾𐌰𐌷 𐌰𐍆𐌻𐌴𐍄𐌰𐌽𐌳𐌰𐌽𐍃 𐌹𐌽𐌰 𐌲𐌰𐌸𐌻𐌰𐌿𐌷𐌿𐌽 𐌰𐌻𐌻𐌰𐌹.
Mark,14,51,𐌾𐌰𐌷 𐌰𐌹𐌽𐍃 𐍃𐌿𐌼𐍃 𐌾𐌿𐌲𐌲𐌰𐌻𐌰𐌿𐌸𐍃 𐌻𐌰𐌹𐍃𐍄𐌹𐌳𐌰 𐌰𐍆𐌰𐍂 𐌹𐌼𐌼𐌰 𐌱𐌹𐍅𐌰𐌹𐌱𐌹𐌸𐍃 𐌻𐌴𐌹𐌽𐌰 𐌰𐌽𐌰 𐌽𐌰𐌵𐌰𐌳𐌰𐌽𐌰; 𐌾𐌰𐌷 𐌲𐍂𐌹𐍀𐌿𐌽 𐌹𐍃 𐌸𐌰𐌹 𐌾𐌿𐌲𐌲𐌰𐌻𐌰𐌿𐌳𐌴𐌹𐍃.
Mark,14,52,𐌹𐌸 𐌹𐍃 𐌱𐌹𐌻𐌴𐌹𐌸𐌰𐌽𐌳𐍃 𐌸𐌰𐌼𐌼𐌰 𐌻𐌴𐌹𐌽𐌰 𐌽𐌰𐌵𐌰𐌸𐍃 𐌲𐌰𐌸𐌻𐌰𐌿𐌷 𐍆𐌰𐌿𐍂𐌰 𐌹𐌼.
Mark,14,53,𐌾𐌰𐌷 𐌲𐌰𐍄𐌰𐌿𐌷𐌿𐌽 𐌹𐌴𐍃𐌿 𐌳𐌿 𐌰𐌿𐌷𐌿𐌼𐌹𐍃𐍄𐌹𐌽 𐌲𐌿𐌳𐌾𐌹𐌽; 𐌾𐌰𐌷 𐌲𐌰𐍂𐌿𐌽𐌽𐌿𐌽 𐌼𐌹𐌸 𐌹𐌼𐌼𐌰 𐌰𐌿𐌷𐌿𐌼𐌹𐍃𐍄𐌰𐌽𐍃 𐌲𐌿𐌳𐌾𐌰𐌽𐍃 𐌰𐌻𐌻𐌰𐌹 𐌾𐌰𐌷 𐌸𐌰𐌹 𐍃𐌹𐌽𐌹𐍃𐍄𐌰𐌽𐍃 𐌾𐌰𐌷 𐌱𐍉𐌺𐌰𐍂𐌾𐍉𐍃.
Mark,14,54,"𐌾𐌰𐌷 𐍀𐌰𐌹𐍄𐍂𐌿𐍃 𐍆𐌰𐌹𐍂𐍂𐌰𐌸𐍂𐍉 𐌻𐌰𐌹𐍃𐍄𐌹𐌳𐌰 𐌰𐍆𐌰𐍂 𐌹𐌼𐌼𐌰, 𐌿𐌽𐍄𐌴 𐌵𐌰𐌼 𐌹𐌽 𐌲𐌰𐍂𐌳𐌰 𐌸𐌹𐍃 𐌰𐌿𐌷𐌿𐌼𐌹𐍃𐍄𐌹𐌽𐍃 𐌲𐌿𐌳𐌾𐌹𐌽𐍃; 𐌾𐌰𐌷 𐍅𐌰𐍃 𐍃𐌹𐍄𐌰𐌽𐌳𐍃 𐌼𐌹𐌸 𐌰𐌽𐌳𐌱𐌰𐌷𐍄𐌰𐌼 𐌾𐌰𐌷 𐍅𐌰𐍂𐌼𐌾𐌰𐌽𐌳𐍃 𐍃𐌹𐌺 𐌰𐍄 𐌻𐌹𐌿𐌷𐌰𐌳𐌰."
Mark,14,55,𐌹𐌸 𐌸𐌰𐌹 𐌰𐌿𐌷𐌿𐌼𐌹𐍃𐍄𐌰𐌽𐍃 𐌲𐌿𐌳𐌾𐌰𐌽𐍃 𐌾𐌰𐌷 𐌰𐌻𐌻𐌰 𐍃𐍉 𐌲𐌰𐍆𐌰𐌿𐍂𐌳𐍃 𐍃𐍉𐌺𐌹𐌳𐌴𐌳𐌿𐌽 𐌰𐌽𐌰 𐌹𐌴𐍃𐌿 𐍅𐌴𐌹𐍄𐍅𐍉𐌳𐌹𐌸𐌰 𐌳𐌿 𐌰𐍆𐌳𐌰𐌿𐌸𐌾𐌰𐌽 𐌹𐌽𐌰 𐌾𐌰𐌷 𐌽𐌹 𐌱𐌹𐌲𐌴𐍄𐌿𐌽.
Mark,14,56,"𐌼𐌰𐌽𐌰𐌲𐌰𐌹 𐌰𐌿𐌺 𐌲𐌰𐌻𐌹𐌿𐌲 𐍅𐌴𐌹𐍄𐍅𐍉𐌳𐌹𐌳𐌴𐌳𐌿𐌽 𐌰𐌽𐌰 𐌹𐌽𐌰, 𐌾𐌰𐌷 𐍃𐌰𐌼𐌰𐌻𐌴𐌹𐌺𐍉𐍃 𐌸𐍉𐍃 𐍅𐌴𐌹𐍄𐍅𐍉𐌳𐌹𐌸𐍉𐍃 𐌽𐌹 𐍅𐌴𐍃𐌿𐌽."
Mark,14,57,𐌾𐌰𐌷 𐍃𐌿𐌼𐌰𐌹 𐌿𐍃𐍃𐍄𐌰𐌽𐌳𐌰𐌽𐌳𐌰𐌽𐍃 𐌲𐌰𐌻𐌹𐌿𐌲 𐍅𐌴𐌹𐍄𐍅𐍉𐌳𐌹𐌳𐌴𐌳𐌿𐌽 𐌰𐌽𐌰 𐌹𐌽𐌰 𐌵𐌹𐌸𐌰𐌽𐌳𐌰𐌽𐍃:
Mark,14,58,𐌸𐌰𐍄𐌴𐌹 𐍅𐌴𐌹𐍃 𐌲𐌰𐌷𐌰𐌿𐍃𐌹𐌳𐌴𐌳𐌿𐌼 𐌵𐌹𐌸𐌰𐌽𐌳𐌰𐌽 𐌹𐌽𐌰 𐌸𐌰𐍄𐌴𐌹 𐌹𐌺 𐌲𐌰𐍄𐌰𐌹𐍂𐌰 𐌰𐌻𐌷 𐌸𐍉 𐌷𐌰𐌽𐌳𐌿𐍅𐌰𐌿𐍂𐌷𐍄𐍉𐌽 𐌾𐌰𐌷 𐌱𐌹 𐌸𐍂𐌹𐌽𐍃 𐌳𐌰𐌲𐌰𐌽𐍃 𐌰𐌽𐌸𐌰𐍂𐌰 𐌿𐌽𐌷𐌰𐌽𐌳𐌿𐍅𐌰𐌿𐍂𐌷𐍄𐌰 𐌲𐌰𐍄𐌹𐌼𐍂𐌾𐌰.
Mark,14,59,𐌾𐌰𐌷 𐌽𐌹 𐍃𐍅𐌰 𐍃𐌰𐌼𐌰𐌻𐌴𐌹𐌺𐌰 𐍅𐌰𐍃 𐍅𐌴𐌹𐍄𐍅𐍉𐌳𐌹𐌸𐌰 𐌹𐌶𐌴.
Mark,14,60,"𐌾𐌰𐌷 𐌿𐍃𐍃𐍄𐌰𐌽𐌳𐌰𐌽𐌳𐍃 𐍃𐌰 𐌰𐌿𐌷𐌿𐌼𐌹𐍃𐍄𐌰 𐌲𐌿𐌳𐌾𐌰 𐌹𐌽 𐌼𐌹𐌳𐌾𐌰𐌹𐌼 𐍆𐍂𐌰𐌷 𐌹𐌴𐍃𐌿 𐌵𐌹𐌸𐌰𐌽𐌳𐍃: 𐌽𐌹𐌿 𐌰𐌽𐌳𐌷𐌰𐍆𐌾𐌹𐍃 𐍅𐌰𐌹𐌷𐍄, 𐍈𐌰 𐌸𐌰𐌹 𐌰𐌽𐌰 𐌸𐌿𐌺 𐍅𐌴𐌹𐍄𐍅𐍉𐌳𐌾𐌰𐌽𐌳?"
Mark,14,61,𐌹𐌸 𐌹𐍃 𐌸𐌰𐌷𐌰𐌹𐌳𐌰 𐌾𐌰𐌷 𐍅𐌰𐌹𐌷𐍄 𐌽𐌹 𐌰𐌽𐌳𐌷𐍉𐍆. 𐌰𐍆𐍄𐍂𐌰 𐍃𐌰 𐌰𐌿𐌷𐌿𐌼𐌹𐍃𐍄𐌰 𐌲𐌿𐌳𐌾𐌰 𐍆𐍂𐌰𐌷 𐌹𐌽𐌰 𐌾𐌰𐌷 𐌵𐌰𐌸 𐌳𐌿 𐌹𐌼𐌼𐌰: 𐌸𐌿 𐌹𐍃 𐍇𐍂𐌹𐍃𐍄𐌿𐍃 𐍃𐌰 𐍃𐌿𐌽𐌿𐍃 𐌸𐌹𐍃 𐌸𐌹𐌿𐌸𐌴𐌹𐌲𐌹𐌽𐍃?
Mark,14,62,𐌹𐌸 𐌹𐍃 𐌵𐌰𐌸𐌿𐌷: 𐌹𐌺 𐌹𐌼; 𐌾𐌰𐌷 𐌲𐌰𐍃𐌰𐌹𐍈𐌹𐌸 𐌸𐌰𐌽𐌰 𐍃𐌿𐌽𐌿 𐌼𐌰𐌽𐍃 𐌰𐍆 𐍄𐌰𐌹𐌷𐍃𐍅𐍉𐌽 𐍃𐌹𐍄𐌰𐌽𐌳𐌰𐌽 𐌼𐌰𐌷𐍄𐌰𐌹𐍃 𐌾𐌰𐌷 𐌵𐌹𐌼𐌰𐌽𐌳𐌰𐌽 𐌼𐌹𐌸 𐌼𐌹𐌻𐌷𐌼𐌰𐌼 𐌷𐌹𐌼𐌹𐌽𐌹𐍃.
Mark,14,63,𐌹𐌸 𐍃𐌰 𐌰𐌿𐌷𐌿𐌼𐌹𐍃𐍄𐌰 𐌲𐌿𐌳𐌾𐌰 𐌳𐌹𐍃𐍃𐌺𐍂𐌴𐌹𐍄𐌰𐌽𐌳𐍃 𐍅𐌰𐍃𐍄𐌾𐍉𐍃 𐍃𐌴𐌹𐌽𐍉𐍃 𐌵𐌰𐌸: 𐍈𐌰 𐌸𐌰𐌽𐌰𐌼𐌰𐌹𐍃 𐌸𐌰𐌿𐍂𐌱𐌿𐌼 𐍅𐌴𐌹𐍃 𐍅𐌴𐌹𐍄𐍅𐍉𐌳𐌴?
Mark,14,64,𐌷𐌰𐌿𐍃𐌹𐌳𐌴𐌳𐌿𐌸 𐌸𐍉 𐍅𐌰𐌾𐌰𐌼𐌴𐍂𐌴𐌹𐌽 𐌹𐍃: 𐍈𐌰 𐌹𐌶𐍅𐌹𐍃 𐌸𐌿𐌲𐌺𐌴𐌹𐌸? 𐌸𐌰𐍂𐌿𐌷 𐌴𐌹𐍃 𐌰𐌻𐌻𐌰𐌹 𐌲𐌰𐌳𐍉𐌼𐌹𐌳𐌴𐌳𐌿𐌽 𐌹𐌽𐌰 𐍃𐌺𐌿𐌻𐌰𐌽 𐍅𐌹𐍃𐌰𐌽 𐌳𐌰𐌿𐌸𐌰𐌿.
Mark,14,65,𐌾𐌰𐌷 𐌳𐌿𐌲𐌿𐌽𐌽𐌿𐌽 𐍃𐌿𐌼𐌰𐌹 𐍃𐍀𐌴𐌹𐍅𐌰𐌽 𐌰𐌽𐌰 𐍅𐌻𐌹𐍄 𐌹𐍃 𐌾𐌰𐌷 𐌷𐌿𐌻𐌾𐌰𐌽 𐌰𐌽𐌳𐍅𐌰𐌹𐍂𐌸𐌹 𐌹𐍃 𐌾𐌰𐌷 𐌺𐌰𐌿𐍀𐌰𐍄𐌾𐌰𐌽 𐌹𐌽𐌰; 𐌾𐌰𐌷 𐌵𐌴𐌸𐌿𐌽 𐌳𐌿 𐌹𐌼𐌼𐌰: 𐍀𐍂𐌰𐌿𐍆𐌴𐍄𐌴𐌹! 𐌾𐌰𐌷 𐌰𐌽𐌳𐌱𐌰𐌷𐍄𐍉𐍃 [𐌲𐌰𐌱𐌰𐌿𐍂𐌾𐌰𐌱𐌰] 𐌻𐍉𐍆𐌰𐌼 𐍃𐌻𐍉𐌷𐌿𐌽 𐌹𐌽𐌰.
Mark,14,66,"𐌾𐌰𐌷 𐍅𐌹𐍃𐌰𐌽𐌳𐌹𐌽 𐍀𐌰𐌹𐍄𐍂𐌰𐌿 𐌹𐌽 𐍂𐍉𐌷𐍃𐌽𐌰𐌹 𐌳𐌰𐌻𐌰𐌸𐌰 [𐌾𐌰𐌷] 𐌰𐍄𐌹𐌳𐌳𐌾𐌰 𐌰𐌹𐌽𐌰 𐌸𐌹𐌿𐌾𐍉 𐌸𐌹𐍃 𐌰𐌿𐌷𐌿𐌼𐌹𐍃𐍄𐌹𐌽𐍃 𐌲𐌿𐌳𐌾𐌹𐌽𐍃,"
Mark,14,67,"𐌾𐌰𐌷 𐌲𐌰𐍃𐌰𐌹𐍈𐌰𐌽𐌳𐌴𐌹 𐍀𐌰𐌹𐍄𐍂𐌿 𐍅𐌰𐍂𐌼𐌾𐌰𐌽𐌳𐌰𐌽 𐍃𐌹𐌺, 𐌹𐌽𐍃𐌰𐌹𐍈𐌰𐌽𐌳𐌴𐌹 𐌳𐌿 𐌹𐌼𐌼𐌰 𐌵𐌰𐌸: 𐌾𐌰𐌷 𐌸𐌿 𐌼𐌹𐌸 𐌹𐌴𐍃𐌿𐌰 𐌸𐌰𐌼𐌼𐌰 𐌽𐌰𐌶𐍉𐍂𐌴𐌹𐌽𐌰𐌿 𐍅𐌰𐍃𐍄."
Mark,14,68,"𐌹𐌸 𐌹𐍃 𐌰𐍆𐌰𐌹𐌰𐌹𐌺 𐌵𐌹𐌸𐌰𐌽𐌳𐍃: 𐌽𐌹 𐍅𐌰𐌹𐍄, 𐌽𐌹 𐌺𐌰𐌽𐌽 𐍈𐌰 𐌸𐌿 𐌵𐌹𐌸𐌹𐍃. 𐌾𐌰𐌷 𐌲𐌰𐌻𐌰𐌹𐌸 𐍆𐌰𐌿𐍂 𐌲𐌰𐍂𐌳, 𐌾𐌰𐌷 𐌷𐌰𐌽𐌰 𐍅𐍉𐍀𐌹𐌳𐌰."
Mark,14,69,"𐌾𐌰𐌷 𐌸𐌹𐍅𐌹 𐌲𐌰𐍃𐌰𐌹𐍈𐌰𐌽𐌳𐌴𐌹 𐌹𐌽𐌰 𐌰𐍆𐍄𐍂𐌰 𐌳𐌿𐌲𐌰𐌽𐌽 𐌵𐌹𐌸𐌰𐌽 𐌸𐌰𐌹𐌼 𐍆𐌰𐌿𐍂𐌰𐍃𐍄𐌰𐌽𐌳𐌰𐌽𐌳𐌰𐌼, 𐌸𐌰𐍄𐌴𐌹 𐍃𐌰 𐌸𐌹𐌶𐌴𐌹 𐌹𐍃𐍄."
Mark,14,70,"𐌹𐌸 𐌹𐍃 𐌰𐍆𐍄𐍂𐌰 𐌻𐌰𐌿𐌲𐌽𐌹𐌳𐌰. 𐌾𐌰𐌷 𐌰𐍆𐌰𐍂 𐌻𐌴𐌹𐍄𐌹𐌻 𐌰𐍆𐍄𐍂𐌰 𐌸𐌰𐌹 𐌰𐍄𐍃𐍄𐌰𐌽𐌳𐌰𐌽𐌳𐌰𐌽𐍃 𐌵𐌴𐌸𐌿𐌽 𐌳𐌿 𐍀𐌰𐌹𐍄𐍂𐌰𐌿: 𐌱𐌹 𐍃𐌿𐌽𐌾𐌰𐌹, 𐌸𐌹𐌶𐌴𐌹 𐌹𐍃; 𐌾𐌰𐌷 𐌰𐌿𐌺 𐍂𐌰𐌶𐌳𐌰 𐌸𐌴𐌹𐌽𐌰 𐌲𐌰𐌻𐌴𐌹𐌺𐌰 𐌹𐍃𐍄."
Mark,14,71,𐌹𐌸 𐌹𐍃 𐌳𐌿𐌲𐌰𐌽𐌽 𐌰𐍆𐌰𐌹𐌺𐌰𐌽 𐌾𐌰𐌷 𐍃𐍅𐌰𐍂𐌰𐌽 𐌸𐌰𐍄𐌴𐌹 𐌽𐌹 𐌺𐌰𐌽𐌽 𐌸𐌰𐌽𐌰 𐌼𐌰𐌽𐌽𐌰𐌽 𐌸𐌰𐌽𐌴𐌹 𐌵𐌹𐌸𐌹𐌸.
Mark,14,72,"𐌾𐌰𐌷 𐌰𐌽𐌸𐌰𐍂𐌰𐌼𐌼𐌰 𐍃𐌹𐌽𐌸𐌰 𐌷𐌰𐌽𐌰 𐍅𐍉𐍀𐌹𐌳𐌰. 𐌾𐌰𐌷 𐌲𐌰𐌼𐌿𐌽𐌳𐌰 𐍀𐌰𐌹𐍄𐍂𐌿𐍃 𐌸𐌰𐍄𐌰 𐍅𐌰𐌿𐍂𐌳, 𐍃𐍅𐌴 𐌵𐌰𐌸 𐌹𐌼𐌼𐌰 𐌹𐌴𐍃𐌿𐍃, 𐌸𐌰𐍄𐌴𐌹 𐍆𐌰𐌿𐍂𐌸𐌹𐌶𐌴 𐌷𐌰𐌽𐌰 𐌷𐍂𐌿𐌺𐌾𐌰𐌹 𐍄𐍅𐌰𐌹𐌼 𐍃𐌹𐌽𐌸𐌰𐌼, 𐌹𐌽𐍅𐌹𐌳𐌹𐍃 𐌼𐌹𐌺 𐌸𐍂𐌹𐌼 𐍃𐌹𐌽𐌸𐌰𐌼. 𐌾𐌰𐌷 𐌳𐌿𐌲𐌰𐌽𐌽 𐌲𐍂𐌴𐌹𐍄𐌰𐌽."
Mark,15,1,"𐌾𐌰𐌷 𐍃𐌿𐌽𐍃𐌰𐌹𐍅 𐌹𐌽 𐌼𐌰𐌿𐍂𐌲𐌹𐌽 𐌲𐌰𐍂𐌿𐌽𐌹 𐍄𐌰𐌿𐌾𐌰𐌽𐌳𐌰𐌽𐍃 𐌸𐌰𐌹 𐌰𐌿𐌷𐌿𐌼𐌹𐍃𐍄𐌰𐌽𐍃 𐌲𐌿𐌳𐌾𐌰𐌽𐍃 𐌼𐌹𐌸 𐌸𐌰𐌹𐌼 𐍃𐌹𐌽𐌹𐍃𐍄𐌰𐌼 𐌾𐌰𐌷 𐌱𐍉𐌺𐌰𐍂𐌾𐌰𐌼, 𐌾𐌰𐌷 𐌰𐌻𐌻𐌰 𐍃𐍉 𐌲𐌰𐍆𐌰𐌿𐍂𐌳𐍃 𐌲𐌰𐌱𐌹𐌽𐌳𐌰𐌽𐌳𐌰𐌽𐍃 𐌹𐌴𐍃𐌿 𐌱𐍂𐌰𐌷𐍄𐌴𐌳𐌿𐌽 𐌹𐌽𐌰 𐌰𐍄 𐍀𐌴𐌹𐌻𐌰𐍄𐌰𐌿."
Mark,15,2,𐌾𐌰𐌷 𐍆𐍂𐌰𐌷 𐌹𐌽𐌰 𐍀𐌴𐌹𐌻𐌰𐍄𐌿𐍃: 𐌸𐌿 𐌹𐍃 𐌸𐌹𐌿𐌳𐌰𐌽𐍃 𐌹𐌿𐌳𐌰𐌹𐌴? 𐌹𐌸 𐌹𐍃 𐌰𐌽𐌳𐌷𐌰𐍆𐌾𐌰𐌽𐌳𐍃 𐌵𐌰𐌸 𐌳𐌿 𐌹𐌼𐌼𐌰: 𐌸𐌿 𐌵𐌹𐌸𐌹𐍃.
Mark,15,3,𐌾𐌰𐌷 𐍅𐍂𐍉𐌷𐌹𐌳𐌴𐌳𐌿𐌽 𐌹𐌽𐌰 𐌸𐌰𐌹 𐌰𐌿𐌷𐌿𐌼𐌹𐍃𐍄𐌰𐌽𐍃 𐌲𐌿𐌳𐌾𐌰𐌽𐍃 𐍆𐌹𐌻𐌿.
Mark,15,4,"𐌹𐌸 𐍀𐌴𐌹𐌻𐌰𐍄𐌿𐍃 𐌰𐍆𐍄𐍂𐌰 𐍆𐍂𐌰𐌷 𐌹𐌽𐌰 𐌵𐌹𐌸𐌰𐌽𐌳𐍃: 𐌽𐌹𐌿 𐌰𐌽𐌳𐌷𐌰𐍆𐌾𐌹𐍃 𐌽𐌹 𐍅𐌰𐌹𐌷𐍄? 𐍃𐌰𐌹, 𐍈𐌰𐌽 𐍆𐌹𐌻𐌿 𐌰𐌽𐌰 𐌸𐌿𐌺 𐍅𐌴𐌹𐍄𐍅𐍉𐌳𐌾𐌰𐌽𐌳."
Mark,15,5,"𐌹𐌸 𐌹𐌴𐍃𐌿𐍃 𐌸𐌰𐌽𐌰𐌼𐌰𐌹𐍃 𐌽𐌹 𐌰𐌽𐌳𐌷𐍉𐍆, 𐍃𐍅𐌰𐍃𐍅𐌴 𐍃𐌹𐌻𐌳𐌰𐌻𐌴𐌹𐌺𐌹𐌳𐌰 𐍀𐌴𐌹𐌻𐌰𐍄𐌿𐍃."
Mark,15,6,𐌹𐌸 𐌰𐌽𐌳 𐌳𐌿𐌻𐌸 𐍈𐌰𐍂𐌾𐍉𐌷 𐍆𐍂𐌰𐌻𐌰𐌹𐌻𐍉𐍄 𐌹𐌼 𐌰𐌹𐌽𐌰𐌽𐌰 𐌱𐌰𐌽𐌳𐌾𐌰𐌽 𐌸𐌰𐌽𐌴𐌹 𐌱𐌴𐌳𐌿𐌽.
Mark,15,7,"𐍅𐌰𐍃𐌿𐌷 𐌸𐌰𐌽 𐍃𐌰 𐌷𐌰𐌹𐍄𐌰𐌽𐌰 𐌱𐌰𐍂𐌰𐌱𐌱𐌰𐍃 𐌼𐌹𐌸 𐌸𐌰𐌹𐌼 𐌼𐌹𐌸 𐌹𐌼𐌼𐌰 𐌳𐍂𐍉𐌱𐌾𐌰𐌽𐌳𐌰𐌼 𐌲𐌰𐌱𐌿𐌽𐌳𐌰𐌽𐍃, 𐌸𐌰𐌹𐌴𐌹 𐌹𐌽 𐌰𐌿𐌷𐌾𐍉𐌳𐌰𐌿 𐌼𐌰𐌿𐍂𐌸𐍂 𐌲𐌰𐍄𐌰𐍅𐌹𐌳𐌴𐌳𐌿𐌽."
Mark,15,8,"𐌾𐌰𐌷 𐌿𐍃𐌲𐌰𐌲𐌲𐌰𐌽𐌳𐌴𐌹 𐌰𐌻𐌻𐌰 𐌼𐌰𐌽𐌰𐌲𐌴𐌹 𐌳𐌿𐌲𐌿𐌽𐌽𐌿𐌽 𐌱𐌹𐌳𐌾𐌰𐌽, 𐍃𐍅𐌰𐍃𐍅𐌴 𐍃𐌹𐌽𐍄𐌴𐌹𐌽𐍉 𐍄𐌰𐍅𐌹𐌳𐌰 𐌹𐌼."
Mark,15,9,𐌹𐌸 𐍀𐌴𐌹𐌻𐌰𐍄𐌿𐍃 𐌰𐌽𐌳𐌷𐍉𐍆 𐌹𐌼 𐌵𐌹𐌸𐌰𐌽𐌳𐍃: 𐍅𐌹𐌻𐌴𐌹𐌳𐌿 𐍆𐍂𐌰𐌻𐌴𐌹𐍄𐌰𐌽 𐌹𐌶𐍅𐌹𐍃 𐌸𐌰𐌽𐌰 𐌸𐌹𐌿𐌳𐌰𐌽 𐌹𐌿𐌳𐌰𐌹𐌴?
Mark,15,10,𐍅𐌹𐍃𐍃𐌰 𐌰𐌿𐌺 𐌸𐌰𐍄𐌴𐌹 𐌹𐌽 𐌽𐌴𐌹𐌸𐌹𐍃 𐌰𐍄𐌲𐌴𐌱𐌿𐌽 𐌹𐌽𐌰 𐌸𐌰𐌹 𐌰𐌿𐌷𐌿𐌼𐌹𐍃𐍄𐌰𐌽𐍃 𐌲𐌿𐌳𐌾𐌰𐌽𐍃.
Mark,15,11,𐌹𐌸 𐌸𐌰𐌹 𐌰𐌿𐌷𐌿𐌼𐌹𐍃𐍄𐌰𐌽𐍃 𐌲𐌿𐌳𐌾𐌰𐌽𐍃 𐌹𐌽𐍅𐌰𐌲𐌹𐌳𐌴𐌳𐌿𐌽 𐌸𐍉 𐌼𐌰𐌽𐌰𐌲𐌴𐌹𐌽 𐌴𐌹 𐌼𐌰𐌹𐍃 𐌱𐌰𐍂𐌰𐌱𐌱𐌰𐌽 𐍆𐍂𐌰𐌻𐌰𐌹𐌻𐍉𐍄𐌹 𐌹𐌼.
Mark,15,12,𐌹𐌸 𐍀𐌴𐌹𐌻𐌰𐍄𐌿𐍃 𐌰𐍆𐍄𐍂𐌰 𐌰𐌽𐌳𐌷𐌰𐍆𐌾𐌰𐌽𐌳𐍃 𐌵𐌰𐌸 𐌳𐌿 𐌹𐌼: 𐍈𐌰 𐌽𐌿 𐍅𐌹𐌻𐌴𐌹𐌸 𐌴𐌹 𐍄𐌰𐌿𐌾𐌰𐌿 𐌸𐌰𐌼𐌼𐌴𐌹 𐌵𐌹𐌸𐌹𐌸 𐌸𐌹𐌿𐌳𐌰𐌽 𐌹𐌿𐌳𐌰𐌹𐌴?
Mark,15,13,𐌹𐌸 𐌴𐌹𐍃 𐌰𐍆𐍄𐍂𐌰 𐌷𐍂𐍉𐍀𐌹𐌳𐌴𐌳𐌿𐌽: 𐌿𐍃𐌷𐍂𐌰𐌼𐌴𐌹 𐌹𐌽𐌰.
Mark,15,14,𐌹𐌸 𐍀𐌴𐌹𐌻𐌰𐍄𐌿𐍃 𐌵𐌰𐌸 𐌳𐌿 𐌹𐌼: 𐍈𐌰 𐌰𐌻𐌻𐌹𐍃 𐌿𐌱𐌹𐌻𐌹𐍃 𐌲𐌰𐍄𐌰𐍅𐌹𐌳𐌰? 𐌹𐌸 𐌴𐌹𐍃 𐌼𐌰𐌹𐍃 𐌷𐍂𐍉𐍀𐌹𐌳𐌴𐌳𐌿𐌽: 𐌿𐍃𐌷𐍂𐌰𐌼𐌴𐌹 𐌹𐌽𐌰.
Mark,15,15,"𐌹𐌸 𐍀𐌴𐌹𐌻𐌰𐍄𐌿𐍃 𐍅𐌹𐌻𐌾𐌰𐌽𐌳𐍃 𐌸𐌹𐌶𐌰𐌹 𐌼𐌰𐌽𐌰𐌲𐌴𐌹𐌽 𐍆𐌿𐌻𐌻𐌰𐍆𐌰𐌷𐌾𐌰𐌽, 𐍆𐍂𐌰𐌻𐌰𐌹𐌻𐍉𐍄 𐌹𐌼 𐌸𐌰𐌽𐌰 𐌱𐌰𐍂𐌰𐌱𐌱𐌰𐌽, 𐌹𐌸 𐌹𐌴𐍃𐌿 𐌰𐍄𐌲𐌰𐍆 𐌿𐍃𐌱𐌻𐌹𐌲𐌲𐍅𐌰𐌽𐌳𐍃, 𐌴𐌹 𐌿𐍃𐌷𐍂𐌰𐌼𐌹𐌸𐍃 𐍅𐌴𐍃𐌹."
Mark,15,16,"𐌹𐌸 𐌲𐌰𐌳𐍂𐌰𐌿𐌷𐍄𐌴𐌹𐍃 𐌲𐌰𐍄𐌰𐌿𐌷𐌿𐌽 𐌹𐌽𐌰 𐌹𐌽𐌽𐌰𐌽𐌰 𐌲𐌰𐍂𐌳𐌹𐍃, 𐌸𐌰𐍄𐌴𐌹 𐌹𐍃𐍄 𐍀𐍂𐌰𐌹𐍄𐍉𐍂𐌹𐌰𐌿𐌽, 𐌾𐌰𐌷 𐌲𐌰𐌷𐌰𐌹𐌷𐌰𐌹𐍄𐌿𐌽 𐌰𐌻𐌻𐌰 𐌷𐌰𐌽𐍃𐌰"
Mark,15,17,𐌾𐌰𐌷 𐌲𐌰𐍅𐌰𐍃𐌹𐌳𐌴𐌳𐌿𐌽 𐌹𐌽𐌰 𐍀𐌰𐌿𐍂𐍀𐌿𐍂𐌰𐌹 𐌾𐌰𐌷 𐌰𐍄𐌻𐌰𐌲𐌹𐌳𐌴𐌳𐌿𐌽 𐌰𐌽𐌰 𐌹𐌽𐌰 𐌸𐌰𐌿𐍂𐌽𐌴𐌹𐌽𐌰 𐍅𐌹𐍀𐌾𐌰 𐌿𐍃𐍅𐌹𐌽𐌳𐌰𐌽𐌳𐌰𐌽𐍃
Mark,15,18,"𐌾𐌰𐌷 𐌳𐌿𐌲𐌿𐌽𐌽𐌿𐌽 𐌲𐍉𐌻𐌾𐌰𐌽 𐌹𐌽𐌰: 𐌷𐌰𐌹𐌻𐍃, 𐌸𐌹𐌿𐌳𐌰𐌽 𐌹𐌿𐌳𐌰𐌹𐌴!"
Mark,15,19,𐌾𐌰𐌷 𐍃𐌻𐍉𐌷𐌿𐌽 𐌹𐍃 𐌷𐌰𐌿𐌱𐌹𐌸 𐍂𐌰𐌿𐍃𐌰 𐌾𐌰𐌷 𐌱𐌹𐍃𐍀𐌹𐍅𐌿𐌽 𐌹𐌽𐌰 𐌾𐌰𐌷 𐌻𐌰𐌲𐌾𐌰𐌽𐌳𐌰𐌽𐍃 𐌺𐌽𐌹𐍅𐌰 𐌹𐌽𐍅𐌹𐍄𐌿𐌽 𐌹𐌽𐌰.
Mark,15,20,𐌾𐌰𐌷 𐌱𐌹𐌸𐌴 𐌱𐌹𐌻𐌰𐌹𐌻𐌰𐌹𐌺𐌿𐌽 𐌹𐌽𐌰 𐌰𐌽𐌳𐍅𐌰𐍃𐌹𐌳𐌴𐌳𐌿𐌽 𐌹𐌽𐌰 𐌸𐌹𐌶𐌰𐌹 𐍀𐌰𐌿𐍂𐍀𐌿𐍂𐌰𐌹 𐌾𐌰𐌷 𐌲𐌰𐍅𐌰𐍃𐌹𐌳𐌴𐌳𐌿𐌽 𐌹𐌽𐌰 𐍅𐌰𐍃𐍄𐌾𐍉𐌼 𐍃𐍅𐌴𐍃𐌰𐌹𐌼. 𐌾𐌰𐌷 𐌿𐍃𐍄𐌰𐌿𐌷𐌿𐌽 𐌹𐌽𐌰 𐌴𐌹 𐌿𐍃𐌷𐍂𐌰𐌼𐌹𐌳𐌴𐌳𐌴𐌹𐌽𐌰 𐌹𐌽𐌰.
Mark,15,21,"𐌾𐌰𐌷 𐌿𐌽𐌳𐌲𐍂𐌹𐍀𐌿𐌽 𐍃𐌿𐌼𐌰𐌽𐌰 𐌼𐌰𐌽𐌽𐌴, 𐍃𐌴𐌹𐌼𐍉𐌽𐌰 𐌺𐍅𐍂𐌴𐌹𐌽𐌰𐌹𐌿, 𐌵𐌹𐌼𐌰𐌽𐌳𐌰𐌽 𐌰𐍆 𐌰𐌺𐍂𐌰, 𐌰𐍄𐍄𐌰𐌽 𐌰𐌻𐌰𐌹𐌺𐍃𐌰𐌽𐌳𐍂𐌰𐌿𐍃 𐌾𐌰𐌷 𐍂𐌿𐍆𐌰𐌿𐍃, 𐌴𐌹 𐌽𐌴𐌼𐌹 𐌲𐌰𐌻𐌲𐌰𐌽 𐌹𐍃."
Mark,15,22,"𐌾𐌰𐌷 𐌰𐍄𐍄𐌰𐌿𐌷𐌿𐌽 𐌹𐌽𐌰 𐌰𐌽𐌰 𐌲𐌰𐌿𐌻𐌲𐌰𐌿𐌸𐌰 𐍃𐍄𐌰𐌸, 𐌸𐌰𐍄𐌴𐌹 𐌹𐍃𐍄 𐌲𐌰𐍃𐌺𐌴𐌹𐍂𐌹𐌸 𐍈𐌰𐌹𐍂𐌽𐌴𐌹𐌽𐍃 𐍃𐍄𐌰𐌸𐍃."
Mark,15,23,𐌾𐌰𐌷 𐌲𐌴𐌱𐌿𐌽 𐌹𐌼𐌼𐌰 𐌳𐍂𐌹𐌲𐌺𐌰𐌽 𐍅𐌴𐌹𐌽 𐌼𐌹𐌸 𐍃𐌼𐍅𐍂𐌽𐌰; 𐌹𐌸 𐌹𐍃 𐌽𐌹 𐌽𐌰𐌼.
Mark,15,24,"𐌾𐌰𐌷 𐌿𐍃𐌷𐍂𐌰𐌼𐌾𐌰𐌽𐌳𐌰𐌽𐍃 𐌹𐌽𐌰 𐌳𐌹𐍃𐌳𐌰𐌹𐌻𐌾𐌰𐌽𐌳 𐍅𐌰𐍃𐍄𐌾𐍉𐍃 𐌹𐍃 𐍅𐌰𐌹𐍂𐍀𐌰𐌽𐌳𐌰𐌽𐍃 𐌷𐌻𐌰𐌿𐍄𐌰 𐌰𐌽𐌰 𐌸𐍉𐍃, 𐍈𐌰𐍂𐌾𐌹𐌶𐌿𐌷 𐍈𐌰 𐌽𐌴𐌼𐌹."
Mark,15,25,"𐍅𐌰𐍃𐌿𐌷 𐌸𐌰𐌽 𐍈𐌴𐌹𐌻𐌰 𐌸𐍂𐌹𐌳𐌾𐍉, 𐌾𐌰𐌷 𐌿𐍃𐌷𐍂𐌰𐌼𐌹𐌳𐌴𐌳𐌿𐌽 𐌹𐌽𐌰."
Mark,15,26,𐌾𐌰𐌷 𐍅𐌰𐍃 𐌿𐍆𐌰𐍂𐌼𐌴𐌻𐌹 𐍆𐌰𐌹𐍂𐌹𐌽𐍉𐍃 𐌹𐍃 𐌿𐍆𐌰𐍂𐌼𐌴𐌻𐌹𐌸: 𐍃𐌰 𐌸𐌹𐌿𐌳𐌰𐌽𐍃 𐌹𐌿𐌳𐌰𐌹𐌴.
Mark,15,27,"𐌾𐌰𐌷 𐌼𐌹𐌸 𐌹𐌼𐌼𐌰 𐌿𐍃𐌷𐍂𐌰𐌼𐌹𐌳𐌴𐌳𐌿𐌽 𐍄𐍅𐌰𐌽𐍃 𐍅𐌰𐌹𐌳𐌴𐌳𐌾𐌰𐌽𐍃, 𐌰𐌹𐌽𐌰𐌽𐌰 𐌰𐍆 𐍄𐌰𐌹𐌷𐍃𐍅𐍉𐌽 𐌾𐌰𐌷 𐌰𐌹𐌽𐌰𐌽𐌰 𐌰𐍆 𐌷𐌻𐌴𐌹𐌳𐌿𐌼𐌴𐌹𐌽 𐌹𐍃."
Mark,15,28,𐌾𐌰𐌷 𐌿𐍃𐍆𐌿𐌻𐌻𐌽𐍉𐌳𐌰 𐌸𐌰𐍄𐌰 𐌲𐌰𐌼𐌴𐌻𐌹𐌳𐍉 𐌸𐌰𐍄𐌰 𐌵𐌹𐌸𐌰𐌽𐌳𐍉: 𐌾𐌰𐌷 𐌼𐌹𐌸 𐌿𐌽𐍃𐌹𐌱𐌾𐌰𐌹𐌼 𐍂𐌰𐌷𐌽𐌹𐌸𐍃 𐍅𐌰𐍃.
Mark,15,29,"𐌾𐌰𐌷 𐌸𐌰𐌹 𐍆𐌰𐌿𐍂𐌲𐌰𐌲𐌲𐌰𐌽𐌳𐌰𐌽𐍃 𐍅𐌰𐌾𐌰𐌼𐌴𐍂𐌹𐌳𐌴𐌳𐌿𐌽 𐌹𐌽𐌰, 𐍅𐌹𐌸𐍉𐌽𐌳𐌰𐌽𐍃 𐌷𐌰𐌿𐌱𐌹𐌳𐌰 𐍃𐌴𐌹𐌽𐌰 𐌾𐌰𐌷 𐌵𐌹𐌸𐌰𐌽𐌳𐌰𐌽𐍃: 𐍉 𐍃𐌰 𐌲𐌰𐍄𐌰𐌹𐍂𐌰𐌽𐌳𐍃 𐌸𐍉 𐌰𐌻𐌷 𐌾𐌰𐌷 𐌱𐌹 𐌸𐍂𐌹𐌽𐍃 𐌳𐌰𐌲𐌰𐌽𐍃 𐌲𐌰𐍄𐌹𐌼𐍂𐌾𐌰𐌽𐌳𐍃 𐌸𐍉,"
Mark,15,30,𐌽𐌰𐍃𐌴𐌹 𐌸𐌿𐌺 𐍃𐌹𐌻𐌱𐌰𐌽 𐌾𐌰𐌷 𐌰𐍄𐍃𐍄𐌴𐌹𐌲 𐌰𐍆 𐌸𐌰𐌼𐌼𐌰 𐌲𐌰𐌻𐌲𐌹𐌽!
Mark,15,31,"𐍃𐌰𐌼𐌰𐌻𐌴𐌹𐌺𐍉 𐌾𐌰𐌷 𐌸𐌰𐌹 𐌰𐌿𐌷𐌿𐌼𐌹𐍃𐍄𐌰𐌽𐍃 𐌲𐌿𐌳𐌾𐌰𐌽𐍃 𐌱𐌹𐌻𐌰𐌹𐌺𐌰𐌽𐌳𐌰𐌽𐍃 𐌹𐌽𐌰 𐌼𐌹𐌸 𐍃𐌹𐍃 𐌼𐌹𐍃𐍃𐍉 𐌼𐌹𐌸 𐌸𐌰𐌹𐌼 𐌱𐍉𐌺𐌰𐍂𐌾𐌰𐌼 𐌵𐌴𐌸𐌿𐌽: 𐌰𐌽𐌸𐌰𐍂𐌰𐌽𐍃 𐌲𐌰𐌽𐌰𐍃𐌹𐌳𐌰, 𐌹𐌸 𐍃𐌹𐌺 𐍃𐌹𐌻𐌱𐌰𐌽 𐌽𐌹 𐌼𐌰𐌲 𐌲𐌰𐌽𐌰𐍃𐌾𐌰𐌽."
Mark,15,32,"𐍃𐌰 𐍇𐍂𐌹𐍃𐍄𐌿𐍃, 𐍃𐌰 𐌸𐌹𐌿𐌳𐌰𐌽𐍃 𐌹𐍃𐍂𐌰𐌴𐌻𐌹𐍃, 𐌰𐍄𐍃𐍄𐌴𐌹𐌲𐌰𐌳𐌰𐌿 𐌽𐌿 𐌰𐍆 𐌸𐌰𐌼𐌼𐌰 𐌲𐌰𐌻𐌲𐌹𐌽, 𐌴𐌹 𐌲𐌰𐍃𐌰𐌹𐍈𐌰𐌹𐌼𐌰 𐌾𐌰𐌷 𐌲𐌰𐌻𐌰𐌿𐌱𐌾𐌰𐌹𐌼𐌰. 𐌾𐌰𐌷 𐌸𐌰𐌹 𐌼𐌹𐌸𐌿𐍃𐌷𐍂𐌰𐌼𐌹𐌳𐌰𐌽𐍃 𐌹𐌼𐌼𐌰 𐌹𐌳𐍅𐌴𐌹𐍄𐌹𐌳𐌴𐌳𐌿𐌽 𐌹𐌼𐌼𐌰."
Mark,15,33,"𐌾𐌰𐌷 𐌱𐌹𐌸𐌴 𐍅𐌰𐍂𐌸 𐍈𐌴𐌹𐌻𐌰 𐍃𐌰𐌹𐌷𐍃𐍄𐍉, 𐍂𐌹𐌵𐌹𐍃 𐍅𐌰𐍂𐌸 𐌰𐌽𐌰 𐌰𐌻𐌻𐌰𐌹 𐌰𐌹𐍂𐌸𐌰𐌹 𐌿𐌽𐌳 𐍈𐌴𐌹𐌻𐌰 𐌽𐌹𐌿𐌽𐌳𐍉𐌽."
Mark,15,34,"𐌾𐌰𐌷 𐌽𐌹𐌿𐌽𐌳𐍉𐌽 𐍈𐌴𐌹𐌻𐌰𐌹 𐍅𐍉𐍀𐌹𐌳𐌰 𐌹𐌴𐍃𐌿𐍃 𐍃𐍄𐌹𐌱𐌽𐌰𐌹 𐌼𐌹𐌺𐌹𐌻𐌰𐌹 𐌵𐌹𐌸𐌰𐌽𐌳𐍃: 𐌰𐌹𐌻𐍉𐌴 𐌰𐌹𐌻𐍉𐌴, 𐌻𐌹𐌼𐌰 𐍃𐌹𐌱𐌰𐌺𐌸𐌰𐌽𐌴𐌹, 𐌸𐌰𐍄𐌴𐌹 𐌹𐍃𐍄 𐌲𐌰𐍃𐌺𐌴𐌹𐍂𐌹𐌸: 𐌲𐌿𐌸 𐌼𐌴𐌹𐌽𐍃, 𐌲𐌿𐌸 𐌼𐌴𐌹𐌽𐍃, 𐌳𐌿𐍈𐌴 𐌼𐌹𐍃 𐌱𐌹𐌻𐌰𐌹𐍃𐍄?"
Mark,15,35,"𐌾𐌰𐌷 𐍃𐌿𐌼𐌰𐌹 𐌸𐌹𐌶𐌴 𐌰𐍄𐍃𐍄𐌰𐌽𐌳𐌰𐌽𐌳𐌰𐌽𐌴 𐌲𐌰𐌷𐌰𐌿𐍃𐌾𐌰𐌽𐌳𐌰𐌽𐍃 𐌵𐌴𐌸𐌿𐌽: 𐍃𐌰𐌹, 𐌷𐌴𐌻𐌹𐌰𐌽 𐍅𐍉𐍀𐌴𐌹𐌸."
Mark,15,36,"𐌸𐍂𐌰𐌲𐌾𐌰𐌽𐌳𐍃 𐌸𐌰𐌽 𐌰𐌹𐌽𐍃 𐌾𐌰𐌷 𐌲𐌰𐍆𐌿𐌻𐌻𐌾𐌰𐌽𐌳𐍃 𐍃𐍅𐌰𐌼 𐌰𐌺𐌴𐌹𐍄𐌹𐍃, 𐌲𐌰𐌻𐌰𐌲𐌾𐌰𐌽𐌳𐍃 𐌰𐌽𐌰 𐍂𐌰𐌿𐍃, 𐌳𐍂𐌰𐌲𐌺𐌹𐌳𐌰 𐌹𐌽𐌰 𐌵𐌹𐌸𐌰𐌽𐌳𐍃: 𐌻𐌴𐍄, 𐌴𐌹 𐍃𐌰𐌹𐍈𐌰𐌼 𐌵𐌹𐌼𐌰𐌹𐌿 𐌷𐌴𐌻𐌹𐌰𐍃 𐌰𐍄𐌷𐌰𐍆𐌾𐌰𐌽 𐌹𐌽𐌰."
Mark,15,37,𐌹𐌸 𐌹𐌴𐍃𐌿𐍃 𐌰𐍆𐍄𐍂𐌰 𐌻𐌴𐍄𐌰𐌽𐌳𐍃 𐍃𐍄𐌹𐌱𐌽𐌰 𐌼𐌹𐌺𐌹𐌻𐌰 𐌿𐌶𐍉𐌽.
Mark,15,38,𐌾𐌰𐌷 𐍆𐌰𐌿𐍂[𐌰]𐌷𐌰𐌷 𐌰𐌻𐍃 𐌳𐌹𐍃𐍃𐌺𐍂𐌹𐍄𐌽𐍉𐌳𐌰 𐌹𐌽 𐍄𐍅𐌰 𐌹𐌿𐍀𐌰𐌸𐍂𐍉 𐌿𐌽𐌳 𐌳𐌰𐌻𐌰𐌸.
Mark,15,39,"𐌲𐌰𐍃𐌰𐌹𐍈𐌰𐌽𐌳𐍃 𐌸𐌰𐌽 𐍃𐌰 𐌷𐌿𐌽𐌳𐌰𐍆𐌰𐌸𐍃 𐍃𐌰 𐌰𐍄𐍃𐍄𐌰𐌽𐌳𐌰𐌽𐌳𐍃 𐌹𐌽 𐌰𐌽𐌳𐍅𐌰𐌹𐍂𐌸𐌾𐌰 𐌹𐍃 𐌸𐌰𐍄𐌴𐌹 𐍃𐍅𐌰 𐌷𐍂𐍉𐍀𐌾𐌰𐌽𐌳𐍃 𐌿𐌶𐍉𐌽, 𐌵𐌰𐌸: 𐌱𐌹 𐍃𐌿𐌽𐌾𐌰𐌹, 𐍃𐌰 𐌼𐌰𐌽𐌽𐌰 𐍃𐌰 𐍃𐌿𐌽𐌿𐍃 𐍅𐌰𐍃 𐌲𐌿𐌳𐌹𐍃."
Mark,15,40,"𐍅𐌴𐍃𐌿𐌽𐌿𐌸~𐌸𐌰𐌽 𐌵𐌹𐌽𐍉𐌽𐍃 𐍆𐌰𐌹𐍂𐍂𐌰𐌸𐍂𐍉 𐍃𐌰𐌹𐍈𐌰𐌽𐌳𐌴𐌹𐌽𐍃, 𐌹𐌽 𐌸𐌰𐌹𐌼𐌴𐌹 𐍅𐌰𐍃 𐌼𐌰𐍂𐌾𐌰 𐍃𐍉 𐌼𐌰𐌲𐌳𐌰𐌻𐌴𐌽𐌴 𐌾𐌰𐌷 𐌼𐌰𐍂𐌾𐌰 𐌹𐌰𐌺𐍉𐌱𐌹𐍃 𐌸𐌹𐍃 𐌼𐌹𐌽𐌽𐌹𐌶𐌹𐌽𐍃 𐌾𐌰𐌷 𐌹𐍉𐍃𐌴𐌶𐌹𐍃 𐌰𐌹𐌸𐌴𐌹 𐌾𐌰𐌷 𐍃𐌰𐌻𐍉𐌼𐌴."
Mark,15,41,"𐌾𐌰𐌷 𐌸𐌰𐌽 𐍅𐌰𐍃 𐌹𐌽 𐌲𐌰𐌻𐌴𐌹𐌻𐌰𐌹𐌰, 𐌾𐌰𐌷 𐌻𐌰𐌹𐍃𐍄𐌹𐌳𐌴𐌳𐌿𐌽 𐌹𐌽𐌰 𐌾𐌰𐌷 𐌰𐌽𐌳𐌱𐌰𐌷𐍄𐌹𐌳𐌴𐌳𐌿𐌽 𐌹𐌼𐌼𐌰, 𐌾𐌰𐌷 𐌰𐌽𐌸𐌰𐍂𐍉𐍃 𐌼𐌰𐌽𐌰𐌲𐍉𐍃 𐌸𐍉𐌶𐌴𐌹 𐌼𐌹𐌸𐌹𐌳𐌳𐌾𐌴𐌳𐌿𐌽 𐌹𐌼𐌼𐌰 𐌹𐌽 𐌹𐌰𐌹𐍂𐌿𐍃𐌰𐌻𐌴𐌼."
Mark,15,42,"𐌾𐌰𐌷 𐌾𐌿𐌸𐌰𐌽 𐌰𐍄 𐌰𐌽𐌳𐌰𐌽𐌰𐌷𐍄𐌾𐌰 𐍅𐌰𐌿𐍂𐌸𐌰𐌽𐌰𐌼𐌼𐌰, 𐌿𐌽𐍄𐌴 𐍅𐌰𐍃 𐍀𐌰𐍂𐌰𐍃𐌺𐌰𐌹𐍅𐌴, 𐍃𐌰𐌴𐌹 𐌹𐍃𐍄 𐍆𐍂𐌿𐌼𐌰 𐍃𐌰𐌱𐌱𐌰𐍄𐍉,"
Mark,15,43,"𐌵𐌹𐌼𐌰𐌽𐌳𐍃 𐌹𐍉𐍃𐌴𐍆 𐌰𐍆 𐌰𐍂𐌴𐌹𐌼𐌰𐌸𐌰𐌹𐌰𐍃, 𐌲𐌰𐌲𐌿𐌳𐍃 𐍂𐌰𐌲𐌹𐌽𐌴𐌹𐍃, 𐍃𐌰𐌴𐌹 𐍅𐌰𐍃 𐍃𐌹𐌻𐌱𐌰 𐌱𐌴𐌹𐌳𐌰𐌽𐌳𐍃 𐌸𐌹𐌿𐌳𐌰𐌽𐌲𐌰𐍂𐌳𐌾𐍉𐍃 𐌲𐌿𐌳𐌹𐍃, 𐌰𐌽𐌰𐌽𐌰𐌽𐌸𐌾𐌰𐌽𐌳𐍃 𐌲𐌰𐌻𐌰𐌹𐌸 𐌹𐌽𐌽 𐌳𐌿 𐍀𐌴𐌹𐌻𐌰𐍄𐌰𐌿 𐌾𐌰𐌷 𐌱𐌰𐌸 𐌸𐌹𐍃 𐌻𐌴𐌹𐌺𐌹𐍃 𐌹𐌴𐍃𐌿𐌹𐍃."
Mark,15,44,𐌹𐌸 𐍀𐌴𐌹𐌻𐌰𐍄𐌿𐍃 𐍃𐌹𐌻𐌳𐌰𐌻𐌴𐌹𐌺𐌹𐌳𐌰 𐌴𐌹 𐌹𐍃 𐌾𐌿𐌸𐌰𐌽 𐌲𐌰𐍃𐍅𐌰𐌻𐍄; 𐌾𐌰𐌷 𐌰𐍄𐌷𐌰𐌹𐍄𐌰𐌽𐌳𐍃 𐌸𐌰𐌽𐌰 𐌷𐌿𐌽𐌳𐌰𐍆𐌰𐌸 𐍆𐍂𐌰𐌷 𐌹𐌽𐌰 𐌾û~𐌸𐌰𐌽 𐌲𐌰𐌳𐌰𐌿𐌸𐌽𐍉𐌳𐌴𐌳𐌹.
Mark,15,45,𐌾𐌰𐌷 𐍆𐌹𐌽𐌸𐌰𐌽𐌳𐍃 𐌰𐍄 𐌸𐌰𐌼𐌼𐌰 𐌷𐌿𐌽𐌳𐌰𐍆𐌰𐌳𐌰 𐍆𐍂𐌰𐌲𐌰𐍆 𐌸𐌰𐍄𐌰 𐌻𐌴𐌹𐌺 𐌹𐍉𐍃𐌴𐍆𐌰.
Mark,15,46,"𐌾𐌰𐌷 𐌿𐍃𐌱𐌿𐌲𐌾𐌰𐌽𐌳𐍃 𐌻𐌴𐌹𐌽 𐌾𐌰𐌷 𐌿𐍃𐌽𐌹𐌼𐌰𐌽𐌳𐍃 𐌹𐍄𐌰 𐌱𐌹𐍅𐌰𐌽𐌳 𐌸𐌰𐌼𐌼𐌰 𐌻𐌴𐌹𐌽𐌰 𐌾𐌰𐌷 𐌲𐌰𐌻𐌰𐌲𐌹𐌳𐌰 𐌹𐍄𐌰 𐌹𐌽 𐌷𐌻𐌰𐌹𐍅𐌰, 𐌸𐌰𐍄𐌴𐌹 𐍅𐌰𐍃 𐌲𐌰𐌳𐍂𐌰𐌱𐌰𐌽 𐌿𐍃 𐍃𐍄𐌰𐌹𐌽𐌰, 𐌾𐌰𐌷 𐌰𐍄𐍅𐌰𐌻𐍅𐌹𐌳𐌰 𐍃𐍄𐌰𐌹𐌽 𐌳𐌿 𐌳𐌰𐌿𐍂𐌰 𐌸𐌹𐍃 𐌷𐌻𐌰𐌹𐍅𐌹𐍃."
Mark,15,47,𐌹𐌸 𐌼𐌰𐍂𐌾𐌰 𐍃𐍉 𐌼𐌰𐌲𐌳𐌰𐌻𐌴𐌽𐌴 𐌾𐌰𐌷 𐌼𐌰𐍂𐌾𐌰 𐌹𐍉𐍃𐌴𐌶𐌹𐍃 𐍃𐌴𐍈𐌿𐌽 𐍈𐌰𐍂 𐌲𐌰𐌻𐌰𐌲𐌹𐌸𐍃 𐍅𐌴𐍃𐌹.
Mark,16,1,"𐌾𐌰𐌷 𐌹𐌽𐍅𐌹𐍃𐌰𐌽𐌳𐌹𐌽𐍃 𐍃𐌰𐌱𐌱𐌰𐍄𐌴 𐌳𐌰𐌲𐌹𐍃 𐌼𐌰𐍂𐌾𐌰 𐍃𐍉 𐌼𐌰𐌲𐌳𐌰𐌻𐌴𐌽𐌴 𐌾𐌰𐌷 𐌼𐌰𐍂𐌾𐌰 𐍃𐍉 𐌹𐌰𐌺𐍉𐌱𐌹𐍃 𐌾𐌰𐌷 𐍃𐌰𐌻𐍉𐌼𐌴 𐌿𐍃𐌱𐌰𐌿𐌷𐍄𐌴𐌳𐌿𐌽 𐌰𐍂𐍉𐌼𐌰𐍄𐌰, 𐌴𐌹 𐌰𐍄𐌲𐌰𐌲𐌲𐌰𐌽𐌳𐌴𐌹𐌽𐍃 𐌲𐌰𐍃𐌰𐌻𐌱𐍉𐌳𐌴𐌳𐌴𐌹𐌽𐌰 𐌹𐌽𐌰."
Mark,16,2,𐌾𐌰𐌷 𐍆𐌹𐌻𐌿 𐌰𐌹𐍂 𐌸𐌹𐍃 𐌳𐌰𐌲𐌹𐍃 𐌰𐍆𐌰𐍂𐍃𐌰𐌱𐌱𐌰𐍄𐌴 𐌰𐍄𐌹𐌳𐌳𐌾𐌴𐌳𐌿𐌽 𐌳𐌿 𐌸𐌰𐌼𐌼𐌰 𐌷𐌻𐌰𐌹𐍅𐌰 𐌰𐍄 𐌿𐍂𐍂𐌹𐌽𐌽𐌰𐌽𐌳𐌹𐌽 𐍃𐌿𐌽𐌽𐌹𐌽.
Mark,16,3,𐌾𐌰𐌷 𐌵𐌴𐌸𐌿𐌽 𐌳𐌿 𐍃𐌹𐍃 𐌼𐌹𐍃𐍃𐍉: 𐍈𐌰𐍃 𐌰𐍆𐍅𐌰𐌻𐍅𐌾𐌰𐌹 𐌿𐌽𐍃𐌹𐍃 𐌸𐌰𐌽𐌰 𐍃𐍄𐌰𐌹𐌽 𐌰𐍆 𐌳𐌰𐌿𐍂𐍉𐌼 𐌸𐌹𐍃 𐌷𐌻𐌰𐌹𐍅𐌹𐍃?
Mark,16,4,𐌾𐌰𐌷 𐌹𐌽𐍃𐌰𐌹𐍈𐌰𐌽𐌳𐌴𐌹𐌽𐍃 𐌲𐌰𐌿𐌼𐌹𐌳𐌴𐌳𐌿𐌽 𐌸𐌰𐌼𐌼𐌴𐌹 𐌰𐍆𐍅𐌰𐌻𐍅𐌹𐌸𐍃 𐌹𐍃𐍄 𐍃𐌰 𐍃𐍄𐌰𐌹𐌽𐍃; 𐍅𐌰𐍃 𐌰𐌿𐌺 𐌼𐌹𐌺𐌹𐌻𐍃 𐌰𐌱𐍂𐌰𐌱𐌰.
Mark,16,5,𐌾𐌰𐌷 𐌰𐍄𐌲𐌰𐌲𐌲𐌰𐌽𐌳𐌴𐌹𐌽𐍃 𐌹𐌽 𐌸𐌰𐍄𐌰 𐌷𐌻𐌰𐌹𐍅 𐌲𐌰𐍃𐌴𐍈𐌿𐌽 𐌾𐌿𐌲𐌲𐌰𐌻𐌰𐌿𐌸 𐍃𐌹𐍄𐌰𐌽𐌳𐌰𐌽 𐌹𐌽 𐍄𐌰𐌹𐌷𐍃𐍅𐌰𐌹 𐌱𐌹𐍅𐌰𐌹𐌱𐌹𐌳𐌰𐌽𐌰 𐍅𐌰𐍃𐍄𐌾𐌰𐌹 𐍈𐌴𐌹𐍄𐌰𐌹; 𐌾𐌰𐌷 𐌿𐍃𐌲𐌴𐌹𐍃𐌽𐍉𐌳𐌴𐌳𐌿𐌽.
Mark,16,6,"𐌸𐌰𐍂𐌿𐌷 𐌵𐌰𐌸 𐌳𐌿 𐌹𐌼: 𐌽𐌹 𐍆𐌰𐌿𐍂𐌷𐍄𐌴𐌹𐌸 𐌹𐌶𐍅𐌹𐍃, 𐌹𐌴𐍃𐌿 𐍃𐍉𐌺𐌴𐌹𐌸 𐌽𐌰𐌶𐍉𐍂𐌰𐌹𐌿 𐌸𐌰𐌽𐌰 𐌿𐍃𐌷𐍂𐌰𐌼𐌹𐌳𐌰𐌽; 𐌽𐌹𐍃𐍄 𐌷𐌴𐍂, 𐌿𐍂𐍂𐌰𐌹𐍃, 𐍃𐌰𐌹 𐌸𐌰𐌽𐌰 𐍃𐍄𐌰𐌸 𐌸𐌰𐍂𐌴𐌹 𐌲𐌰𐌻𐌰𐌲𐌹𐌳𐌴𐌳𐌿𐌽 𐌹𐌽𐌰."
Mark,16,7,"𐌰𐌺𐌴𐌹 𐌲𐌰𐌲𐌲𐌹𐌸 𐌵𐌹𐌸𐌹𐌳𐌿𐌷 𐌳𐌿 𐍃𐌹𐍀𐍉𐌽𐌾𐌰𐌼 𐌹𐍃 𐌾𐌰𐌷 𐌳𐌿 𐍀𐌰𐌹𐍄𐍂𐌰𐌿 𐌸𐌰𐍄𐌴𐌹 𐍆𐌰𐌿𐍂𐌱𐌹𐌲𐌰𐌲𐌲𐌹𐌸 𐌹𐌶𐍅𐌹𐍃 𐌹𐌽 𐌲𐌰𐌻𐌴𐌹𐌻𐌰𐌹𐌰𐌽; 𐌸𐌰𐍂𐌿𐌷 𐌹𐌽𐌰 𐌲𐌰𐍃𐌰𐌹𐍈𐌹𐌸, 𐍃𐍅𐌰𐍃𐍅𐌴 𐌵𐌰𐌸 𐌹𐌶𐍅𐌹𐍃."
Mark,16,8,"𐌾𐌰𐌷 𐌿𐍃𐌲𐌰𐌲𐌲𐌰𐌽𐌳𐌴𐌹𐌽𐍃 𐌰𐍆 𐌸𐌰𐌼𐌼𐌰 𐌷𐌻𐌰𐌹𐍅𐌰 𐌲𐌰𐌸𐌻𐌰𐌿𐌷𐌿𐌽; 𐌳𐌹𐌶𐌿𐌷~𐌸𐌰𐌽~𐍃𐌰𐍄 𐌹𐌾𐍉𐍃 𐍂𐌴𐌹𐍂𐍉 𐌾𐌰𐌷 𐌿𐍃𐍆𐌹𐌻𐌼𐌴𐌹, 𐌾𐌰𐌷 𐌽𐌹 𐌵𐌴𐌸𐌿𐌽 𐌼𐌰𐌽𐌽𐌷𐌿𐌽 𐍅𐌰𐌹𐌷𐍄; 𐍉𐌷𐍄𐌴𐌳𐌿𐌽 𐍃𐌹𐍃 𐌰𐌿𐌺."
Mark,16,9,"𐌿𐍃𐍃𐍄𐌰𐌽𐌳𐌰𐌽𐌳𐍃 𐌸𐌰𐌽 𐌹𐌽 𐌼𐌰𐌿𐍂𐌲𐌹𐌽 𐍆𐍂𐌿𐌼𐌹𐌽 𐍃𐌰𐌱𐌱𐌰𐍄𐍉 𐌰𐍄𐌰𐌿𐌲𐌹𐌳𐌰 𐍆𐍂𐌿𐌼𐌹𐍃𐍄 𐌼𐌰𐍂𐌾𐌹𐌽 𐌸𐌹𐌶𐌰𐌹 𐌼𐌰𐌲𐌳𐌰𐌻𐌴𐌽𐌴, 𐌰𐍆 𐌸𐌹𐌶𐌰𐌹𐌴𐌹 𐌿𐍃𐍅𐌰𐍂𐍀 𐍃𐌹𐌱𐌿𐌽 𐌿𐌽𐌷𐌿𐌻𐌸𐍉𐌽𐍃."
Mark,16,10,"𐍃𐍉𐌷 𐌲𐌰𐌲𐌲𐌰𐌽𐌳𐌴𐌹 𐌲𐌰𐍄𐌰𐌹𐌷 𐌸𐌰𐌹𐌼 𐌼𐌹𐌸 𐌹𐌼𐌼𐌰 𐍅𐌹𐍃𐌰𐌽𐌳𐌰𐌼, 𐌵𐌰𐌹𐌽𐍉𐌽𐌳𐌰𐌼 𐌾𐌰𐌷 𐌲𐍂𐌴𐍄𐌰𐌽𐌳𐌰𐌼."
Mark,16,11,"𐌾𐌰𐌷 𐌴𐌹𐍃 𐌷𐌰𐌿𐍃𐌾𐌰𐌽𐌳𐌰𐌽𐍃 𐌸𐌰𐍄𐌴𐌹 𐌻𐌹𐌱𐌰𐌹𐌸 𐌾𐌰𐌷 𐌲𐌰𐍃𐌰𐌹𐍈𐌰𐌽𐍃 𐍅𐌰𐍂𐌸 𐍆𐍂𐌰𐌼 𐌹𐌶𐌰𐌹, 𐌽𐌹 𐌲𐌰𐌻𐌰𐌿𐌱𐌹𐌳𐌴𐌳𐌿𐌽."
Mark,16,12,"𐌰𐍆𐌰𐍂𐌿𐌷 𐌸𐌰𐌽 𐌸𐌰𐍄𐌰........ 𐍄𐍅𐌰𐌹𐌼 𐌹𐌶𐌴 𐌰𐍄𐌰𐌿𐌲𐌹𐌸𐍃 𐍅𐌰𐍂𐌸 𐌹𐌽 𐌰𐌽𐌸𐌰𐍂𐌰𐌼𐌼𐌰 𐍆𐌰𐍂𐍅𐌰, 𐌲𐌰𐌲𐌲𐌰𐌽𐌳𐌰𐌼 𐌳𐌿 𐍅𐌴𐌷𐍃𐌰:"
Mark,16,13,𐌾𐌰𐌷 𐌾𐌰𐌹𐌽𐌰𐌹 𐌲𐌰𐌻𐌴𐌹𐌸𐌰𐌽𐌳𐌰𐌽𐍃 𐌲𐌰𐍄𐌰𐌹𐌷𐌿𐌽 𐌸𐌰𐌹𐌼 𐌰𐌽𐌸𐌰𐍂𐌰𐌹𐌼; 𐌽𐌹𐌸~𐌸𐌰𐌹𐌼 𐌲𐌰𐌻𐌰𐌿𐌱𐌹𐌳𐌴𐌳𐌿𐌽.
Mark,16,14,"𐌱𐌹 𐍃𐍀𐌴𐌳𐌹𐍃𐍄𐌹𐌽 𐌸𐌰𐌽 𐌰𐌽𐌰𐌺𐌿𐌼𐌱𐌾𐌰𐌽𐌳𐌰𐌼 𐌸𐌰𐌹𐌼 𐌰𐌹𐌽𐌻𐌹𐌱𐌹𐌼 𐌰𐍄𐌰𐌿𐌲𐌹𐌳𐌰, 𐌾𐌰𐌷 𐌹𐌳𐍅𐌴𐌹𐍄𐌹𐌳𐌰 𐌿𐌽𐌲𐌰𐌻𐌰𐌿𐌱𐌴𐌹𐌽 𐌹𐌶𐌴 𐌾𐌰𐌷 𐌷𐌰𐍂𐌳𐌿𐌷𐌰𐌹𐍂𐍄𐌴𐌹𐌽, 𐌿𐌽𐍄𐌴 𐌸𐌰𐌹𐌼 𐌲𐌰𐍃𐌰𐌹𐍈𐌰𐌽𐌳𐌰𐌼 𐌹𐌽𐌰 𐌿𐍂𐍂𐌹𐍃𐌰𐌽𐌰𐌽𐌰, 𐌽𐌹 𐌲𐌰𐌻𐌰𐌿𐌱𐌹𐌳𐌴𐌳𐌿𐌽."
Mark,16,15,"𐌾𐌰𐌷 𐌵𐌰𐌸 𐌳𐌿 𐌹𐌼: 𐌲𐌰𐌲𐌲𐌰𐌽𐌳𐌰𐌽𐍃 𐌹𐌽 𐌸𐍉 𐌼𐌰𐌽𐌰𐍃𐌴𐌸 𐌰𐌻𐌰𐌺𐌾𐍉, 𐌼𐌴𐍂𐌾𐌰𐌹𐌸 𐌸𐍉 𐌰𐌹𐍅𐌰𐌲𐌲𐌴𐌻𐌾𐍉𐌽 𐌰𐌻𐌻𐌰𐌹 𐌸𐌹𐌶𐌰𐌹 𐌲𐌰𐍃𐌺𐌰𐍆𐍄𐌰𐌹."
Mark,16,16,"𐌾𐌰𐌷 𐍃𐌰 𐌲𐌰𐌻𐌰𐌿𐌱𐌾𐌰𐌽𐌳𐍃 𐌿𐍆𐌳𐌰𐌿𐍀𐌹𐌸𐍃 𐌲𐌰𐌽𐌹𐍃𐌹𐌸; 𐌹𐌸 𐍃𐌰𐌴𐌹 𐌽𐌹 𐌲𐌰𐌻𐌰𐌿𐌱𐌴𐌹𐌸, 𐌰𐍆𐌳𐍉𐌼𐌾𐌰𐌳𐌰."
Mark,16,17,"𐌰𐌸𐌸𐌰𐌽 𐍄𐌰𐌹𐌺𐌽𐍃 𐌸𐌰𐌹𐌼 𐌲𐌰𐌻𐌰𐌿𐌱𐌾𐌰𐌽𐌳𐌰𐌼 𐌸𐌰𐍄𐌰 𐌰𐍆𐌰𐍂𐌲𐌰𐌲𐌲𐌹𐌸: 𐌹𐌽 𐌽𐌰𐌼𐌹𐌽 𐌼𐌴𐌹𐌽𐌰𐌼𐌼𐌰 𐌿𐌽𐌷𐌿𐌻𐌸𐍉𐌽𐍃 𐌿𐍃𐍅𐌰𐌹𐍂𐍀𐌰𐌽𐌳: 𐍂𐌰𐌶𐌳𐍉𐌼 𐍂𐍉𐌳𐌾𐌰𐌽𐌳 𐌽𐌹𐌿𐌾𐌰𐌹𐌼,"
Mark,16,18,"𐍅𐌰𐌿𐍂𐌼𐌰𐌽𐍃 𐌽𐌹𐌼𐌰𐌽𐌳, 𐌾𐌰𐌷 𐌾𐌰𐌱𐌰𐌹 𐌹𐌽𐌲𐌹𐌱𐌴 𐍈𐌰 𐌳𐍂𐌹𐌲𐌺𐌰𐌹𐌽𐌰, 𐌽𐌹 𐌸𐌰𐌿𐌷 𐌹𐌼 𐌰𐌲𐌻𐌾𐌰𐌹; 𐌰𐌽𐌰 𐌿𐌽𐌷𐌰𐌹𐌻𐌰𐌽𐍃 𐌷𐌰𐌽𐌳𐌿𐌽𐍃 𐌿𐍃𐌻𐌰𐌲𐌾𐌰𐌽𐌳, 𐌾𐌰𐌷 𐍅𐌰𐌹𐌻𐌰 𐍅𐌰𐌹𐍂𐌸𐌹𐌸 𐌹𐌼."
Mark,16,19,"𐌸𐌰𐌽𐌿𐌷 𐌸𐌰𐌽 𐍆𐍂𐌰𐌿𐌾𐌰 𐌹𐌴𐍃𐌿𐍃 𐌰𐍆𐌰𐍂 𐌸𐌰𐍄𐌴𐌹 𐍂𐍉𐌳𐌹𐌳𐌰 𐌳𐌿 𐌹𐌼, 𐌿𐍃𐌽𐌿𐌼𐌰𐌽𐍃 𐍅𐌰𐍂𐌸 𐌹𐌽 𐌷𐌹𐌼𐌹𐌽 𐌾𐌰𐌷 𐌲𐌰𐍃𐌰𐍄 𐌰𐍆 𐍄𐌰𐌹𐌷𐍃𐍅𐍉𐌽 𐌲𐌿𐌳𐌹𐍃."
Mark,16,20,𐌹𐌸 𐌾𐌰𐌹𐌽𐌰𐌹 𐌿𐍃𐌲𐌰𐌲𐌲𐌰𐌽𐌳𐌰𐌽𐍃 𐌼𐌴𐍂𐌹𐌳𐌴𐌳𐌿𐌽 𐌰𐌽𐌳 𐌰𐌻𐌻𐌰𐍄𐌰 𐌼𐌹𐌸 𐍆𐍂𐌰𐌿𐌾𐌹𐌽 𐌲𐌰𐍅𐌰𐌿𐍂𐍃𐍄𐍅𐌹𐌽 𐌾𐌰𐌷 𐌸𐌰𐍄𐌰 𐍅𐌰𐌿𐍂𐌳 𐍄𐌿𐌻𐌲𐌾𐌰𐌽𐌳𐌹𐌽 𐌸𐌰𐌹𐍂𐌷 𐌸𐍉𐍃 𐌰𐍆𐌰𐍂𐌲𐌰𐌲𐌲𐌰𐌽𐌳𐌴𐌹𐌽𐍃 𐍄𐌰𐌹𐌺𐌽𐌹𐌽𐍃. 𐌰𐌼𐌴𐌽. [(Mark 16:21) 𐌰𐌹𐍅𐌰𐌲𐌲𐌴𐌻𐌾𐍉 𐌸𐌰𐌹𐍂𐌷 𐌼𐌰𐍂𐌺𐌿 𐌿𐍃𐍄𐌰𐌿𐌷. 𐍅𐌿𐌻𐌸𐌿𐍃 𐌸𐌿𐍃 𐌲𐌿𐌸. 𐌰𐌼𐌴𐌽.]
Luke,1,1,"𐌿𐌽𐍄𐌴 𐍂𐌰𐌹𐌷𐍄𐌹𐍃 𐌼𐌰𐌽𐌰𐌲𐌰𐌹 𐌳𐌿𐌲𐌿𐌽𐌽𐌿𐌽 𐌼𐌴𐌻𐌾𐌰𐌽 𐌹𐌽𐍃𐌰𐌷𐍄 𐌱𐌹 𐌸𐍉𐍃 𐌲𐌰𐍆𐌿𐌻𐌻𐌰𐍅𐌴𐌹𐍃𐌹𐌳𐍉𐌽𐍃 𐌹𐌽 𐌿𐌽𐍃 𐍅𐌰𐌹𐌷𐍄𐌹𐌽𐍃,"
Luke,1,2,𐍃𐍅𐌰𐍃𐍅𐌴 𐌰𐌽𐌰𐍆𐌿𐌻𐌷𐌿𐌽 𐌿𐌽𐍃𐌹𐍃 𐌸𐌰𐌹𐌴𐌹 𐍆𐍂𐌰𐌼 𐍆𐍂𐌿𐌼𐌹𐍃𐍄𐌹𐌽 𐍃𐌹𐌻𐌱𐌰𐍃𐌹𐌿𐌽𐌾𐍉𐍃 𐌾𐌰𐌷 𐌰𐌽𐌳𐌱𐌰𐌷𐍄𐍉𐍃 𐍅𐌴𐍃𐌿𐌽 𐌸𐌹𐍃 𐍅𐌰𐌿𐍂𐌳𐌹𐍃;
Luke,1,3,"𐌲𐌰𐌻𐌴𐌹𐌺𐌰𐌹𐌳𐌰 𐌾𐌰𐌷 𐌼𐌹𐍃 [𐌾𐌰𐌷 𐌰𐌷𐌼𐌹𐌽 𐍅𐌴𐌹𐌷𐌰𐌼𐌼𐌰] 𐍆𐍂𐌰𐌼 𐌰𐌽𐌰𐍃𐍄𐍉𐌳𐌴𐌹𐌽𐌰𐌹 𐌰𐌻𐌻𐌰𐌹𐌼 𐌲𐌻𐌰𐌲𐌲𐍅𐌿𐌱𐌰 𐌰𐍆𐌰𐍂𐌻𐌰𐌹𐍃𐍄𐌾𐌰𐌽𐌳𐌹𐌽 𐌲𐌰𐌷𐌰𐌷𐌾𐍉 𐌸𐌿𐍃 𐌼𐌴𐌻𐌾𐌰𐌽, 𐌱𐌰𐍄𐌹𐍃𐍄𐌰 Þ𐌰𐌹𐌰𐌿𐍆𐌴𐌹𐌻𐌿,"
Luke,1,4,𐌴𐌹 𐌲𐌰𐌺𐌿𐌽𐌽𐌰𐌹𐍃 𐌸𐌹𐌶𐌴 𐌱𐌹 𐌸𐍉𐌴𐌹 𐌲𐌰𐌻𐌰𐌹𐍃𐌹𐌸𐍃 𐌹𐍃 𐍅𐌰𐌿𐍂𐌳𐌴 [𐌰]𐍃𐍄𐌰𐌸.
Luke,1,5,"𐍅𐌰𐍃 𐌹𐌽 𐌳𐌰𐌲𐌰𐌼 𐌷𐌴𐍂𐍉𐌳𐌴𐍃 𐌸𐌹𐌿𐌳𐌰𐌽𐌹𐍃 𐌹𐌿𐌳𐌰𐌹𐌰𐍃 𐌲𐌿𐌳𐌾𐌰 𐌽𐌰𐌼𐌹𐌽 𐌶𐌰𐌺𐌰𐍂𐌹𐌰𐍃, 𐌿𐍃 𐌰𐍆𐌰𐍂 𐌰𐌱𐌹𐌾𐌹𐌽𐍃, 𐌾𐌰𐌷 𐌵𐌴𐌹𐌽𐍃 𐌹𐍃 𐌿𐍃 𐌳𐌰𐌿𐌷𐍄𐍂𐌿𐌼 𐌰𐌷𐌰𐍂𐍉𐌽𐍃, 𐌾𐌰𐌷 𐌽𐌰𐌼𐍉 𐌹𐌶𐍉𐍃 𐌰𐌹𐌻𐌴𐌹𐍃𐌰𐌱𐌰𐌹𐌸."
Luke,1,6,"𐍅𐌴𐍃𐌿𐌽𐌿𐌷 𐌸𐌰𐌽 𐌲𐌰𐍂𐌰𐌹𐌷𐍄𐌰 𐌱𐌰 𐌹𐌽 𐌰𐌽𐌳𐍅𐌰𐌹𐍂𐌸𐌾𐌰 𐌲𐌿𐌳𐌹𐍃, 𐌲𐌰𐌲𐌲𐌰𐌽𐌳𐍉𐌽𐌰 𐌹𐌽 𐌰𐌻𐌻𐌰𐌹𐌼 𐌰𐌽𐌰𐌱𐌿𐍃𐌽𐌹𐌼 𐌾𐌰𐌷 𐌲𐌰𐍂𐌰𐌹𐌷𐍄𐌴𐌹𐌼 𐍆𐍂𐌰𐌿𐌾𐌹𐌽𐍃 𐌿𐌽𐍅𐌰𐌷𐌰."
Luke,1,7,"𐌾𐌰𐌷 𐌽𐌹 𐍅𐌰𐍃 𐌹𐌼 𐌱𐌰𐍂𐌽𐌴, 𐌿𐌽𐍄𐌴 𐍅𐌰𐍃 𐌰𐌹𐌻𐌴𐌹𐍃𐌰𐌱𐌰𐌹𐌸 𐍃𐍄𐌰𐌹𐍂𐍉, 𐌾𐌰𐌷 𐌱𐌰 𐍆𐍂𐌰𐌼𐌰𐌻𐌳𐍂𐌰 𐌳𐌰𐌲𐌴 𐍃𐌴𐌹𐌽𐌰𐌹𐌶𐌴 𐍅𐌴𐍃𐌿𐌽."
Luke,1,8,"𐍅𐌰𐍂𐌸 𐌸𐌰𐌽, 𐌼𐌹𐌸𐌸𐌰𐌽𐌴𐌹 𐌲𐌿𐌳𐌾𐌹𐌽𐍉𐌳𐌰 𐌹𐍃 𐌹𐌽 𐍅𐌹𐌺𐍉𐌽 𐌺𐌿𐌽𐌾𐌹𐍃 𐍃𐌴𐌹𐌽𐌹𐍃 𐌹𐌽 𐌰𐌽𐌳𐍅𐌰𐌹𐍂𐌸𐌾𐌰 𐌲𐌿𐌳𐌹𐍃,"
Luke,1,9,"𐌱𐌹 𐌱𐌹𐌿𐌷𐍄𐌾𐌰 𐌲𐌿𐌳𐌾𐌹𐌽𐌰𐍃𐍃𐌰𐌿𐍃 𐌷𐌻𐌰𐌿𐍄𐍃 𐌹𐌼𐌼𐌰 𐌿𐍂𐍂𐌰𐌽𐌽 𐌳𐌿 𐍃𐌰𐌻𐌾𐌰𐌽, 𐌰𐍄𐌲𐌰𐌲𐌲𐌰𐌽𐌳𐍃 𐌹𐌽 𐌰𐌻𐌷 𐍆𐍂𐌰𐌿𐌾𐌹𐌽𐍃,"
Luke,1,10,𐌾𐌰𐌷 𐌰𐌻𐌻𐍃 𐌷𐌹𐌿𐌷𐌼𐌰 𐍅𐌰𐍃 𐌼𐌰𐌽𐌰𐌲𐌴𐌹𐌽𐍃 𐌱𐌴𐌹𐌳𐌰𐌽𐌳𐌰𐌽𐍃 𐌿𐍄𐌰 𐍈𐌴𐌹𐌻𐌰𐌹 𐌸𐍅𐌼𐌹𐌰𐌼𐌹𐌽𐍃.
Luke,1,11,𐍅𐌰𐍂𐌸 𐌸𐌰𐌽 𐌹𐌼𐌼𐌰 𐌹𐌽 𐍃𐌹𐌿𐌽𐌰𐌹 𐌰𐌲𐌲𐌹𐌻𐌿𐍃 𐍆𐍂𐌰𐌿𐌾𐌹𐌽𐍃 𐍃𐍄𐌰𐌽𐌳𐌰𐌽𐌳𐍃 𐌰𐍆 𐍄𐌰𐌹𐌷𐍃𐍅𐍉𐌽 𐌷𐌿𐌽𐍃𐌻𐌰𐍃𐍄𐌰𐌳𐌹𐍃 𐌸𐍅𐌼𐌹𐌰𐌼𐌹𐌽𐍃.
Luke,1,12,"𐌾𐌰𐌷 𐌲𐌰𐌳𐍂𐍉𐌱𐌽𐍉𐌳𐌰 𐌶𐌰𐌺𐌰𐍂𐌹𐌰𐍃 𐌲𐌰𐍃𐌰𐌹𐍈𐌰𐌽𐌳𐍃, 𐌾𐌰𐌷 𐌰𐌲𐌹𐍃 𐌳𐌹𐍃𐌳𐍂𐌰𐌿𐍃 𐌹𐌽𐌰."
Luke,1,13,"𐌵𐌰𐌸 𐌸𐌰𐌽 𐌳𐌿 𐌹𐌼𐌼𐌰 𐍃𐌰 𐌰𐌲𐌲𐌹𐌻𐌿𐍃: 𐌽𐌹 𐍉𐌲𐍃 𐌸𐌿𐍃, 𐌶𐌰𐌺𐌰𐍂𐌹𐌰, 𐌳𐌿𐌸𐌴 𐌴𐌹 𐌰𐌽𐌳𐌷𐌰𐌿𐍃𐌹𐌳𐌰 𐌹𐍃𐍄 𐌱𐌹𐌳𐌰 𐌸𐌴𐌹𐌽𐌰, 𐌾𐌰𐌷 𐌵𐌴𐌽𐍃 𐌸𐌴𐌹𐌽𐌰 𐌰𐌹𐌻𐌴𐌹𐍃𐌰𐌱𐌰𐌹𐌸 𐌲𐌰𐌱𐌰𐌹𐍂𐌹𐌳 𐍃𐌿𐌽𐌿 𐌸𐌿𐍃, 𐌾𐌰𐌷 𐌷𐌰𐌹𐍄𐌰𐌹𐍃 𐌽𐌰𐌼𐍉 𐌹𐍃 𐌹𐍉𐌷𐌰𐌽𐌽𐌴𐌽."
Luke,1,14,"𐌾𐌰𐌷 𐍅𐌰𐌹𐍂𐌸𐌹𐌸 𐌸𐌿𐍃 𐍆𐌰𐌷𐌴𐌳𐍃 𐌾𐌰𐌷 𐍃𐍅𐌴𐌲𐌽𐌹𐌸𐌰, 𐌾𐌰𐌷 𐌼𐌰𐌽𐌰𐌲𐌰𐌹 𐌹𐌽 𐌲𐌰𐌱𐌰𐌿𐍂𐌸𐌰𐌹 𐌹𐍃 𐍆𐌰𐌲𐌹𐌽𐍉𐌽𐌳."
Luke,1,15,"𐍅𐌰𐌹𐍂𐌸𐌹𐌸 𐌰𐌿𐌺 𐌼𐌹𐌺𐌹𐌻𐍃 𐌹𐌽 𐌰𐌽𐌳𐍅𐌰𐌹𐍂𐌸𐌾𐌰 𐍆𐍂𐌰𐌿𐌾𐌹𐌽𐍃 𐌾𐌰𐌷 𐍅𐌴𐌹𐌽 𐌾𐌰𐌷 𐌻𐌴𐌹𐌸𐌿 𐌽𐌹 𐌳𐍂𐌹𐌲𐌺𐌹𐌳 𐌾𐌰𐌷 𐌰𐌷𐌼𐌹𐌽𐍃 𐍅𐌴𐌹𐌷𐌹𐍃 𐌲𐌰𐍆𐌿𐌻𐌻𐌾𐌰𐌳𐌰 𐌽𐌰𐌿𐌷𐌸𐌰𐌽 𐌹𐌽 𐍅𐌰𐌼𐌱𐌰𐌹 𐌰𐌹𐌸𐌴𐌹𐌽𐍃 𐍃𐌴𐌹𐌽𐌰𐌹𐌶𐍉𐍃,"
Luke,1,16,𐌾𐌰𐌷 𐌼𐌰𐌽𐌰𐌲𐌰𐌽𐍃 𐍃𐌿𐌽𐌹𐍅𐌴 𐌹𐍃𐍂𐌰𐌴𐌻𐌹𐍃 𐌲𐌰𐍅𐌰𐌽𐌳𐌴𐌹𐌸 𐌳𐌿 𐍆𐍂𐌰𐌿𐌾𐌹𐌽 𐌲𐌿𐌳𐌰 𐌹𐌶𐌴.
Luke,1,17,"𐌾𐌰𐌷 𐍃𐌹𐌻𐌱𐌰 𐍆𐌰𐌿𐍂𐌰𐌵𐌹𐌼𐌹𐌳 𐌹𐌽 𐌰𐌽𐌳𐍅𐌰𐌹𐍂𐌸𐌾𐌰 𐌹𐍃 𐌹𐌽 𐌰𐌷𐌼𐌹𐌽 𐌾𐌰𐌷 𐌼𐌰𐌷𐍄𐌰𐌹 𐌷𐌰𐌹𐌻𐌴𐌹𐌹𐌽𐍃 𐌲𐌰𐍅𐌰𐌽𐌳𐌾𐌰𐌽 𐌷𐌰𐌹𐍂𐍄𐍉𐌽𐌰 𐌰𐍄𐍄𐌰𐌽𐌴 𐌳𐌿 𐌱𐌰𐍂𐌽𐌰𐌼 𐌾𐌰𐌷 𐌿𐌽𐍄𐌰𐌻𐌰𐌽𐍃 𐌹𐌽 𐍆𐍂𐍉𐌳𐌴𐌹𐌽 𐌲𐌰𐍂𐌰𐌹𐌷𐍄𐌰𐌹𐌶𐌴, 𐌼𐌰𐌽𐍅𐌾𐌰𐌽 𐍆𐍂𐌰𐌿𐌾𐌹𐌽 𐌼𐌰𐌽𐌰𐌲𐌴𐌹𐌽 𐌲𐌰𐍆𐌰𐌷𐍂𐌹𐌳𐌰."
Luke,1,18,"𐌾𐌰𐌷 𐌵𐌰𐌸 𐌶𐌰𐌺𐌰𐍂𐌹𐌰𐍃 𐌳𐌿 𐌸𐌰𐌼𐌼𐌰 𐌰𐌲𐌲𐌹𐌻𐌰𐌿: 𐌱𐌹𐍈𐌴 𐌺𐌿𐌽𐌽𐌿𐌼 𐌸𐌰𐍄𐌰? 𐌹𐌺 𐍂𐌰𐌹𐌷𐍄𐌹𐍃 𐌹𐌼 𐍃𐌹𐌽𐌴𐌹𐌲𐍃, 𐌾𐌰𐌷 𐌵𐌴𐌽𐍃 𐌼𐌴𐌹𐌽𐌰 𐍆𐍂𐌰𐌼𐌰𐌻𐌳𐍂𐍉𐌶𐌴𐌹 𐌹𐌽 𐌳𐌰𐌲𐌰𐌼 𐍃𐌴𐌹𐌽𐌰𐌹𐌼."
Luke,1,19,"𐌾𐌰𐌷 𐌰𐌽𐌳𐌷𐌰𐍆𐌾𐌰𐌽𐌳𐍃 𐍃𐌰 𐌰𐌲𐌲𐌹𐌻𐌿𐍃 𐌵𐌰𐌸 𐌳𐌿 𐌹𐌼𐌼𐌰: 𐌹𐌺 𐌹𐌼 𐌲𐌰𐌱𐍂𐌹𐌴𐌻 𐍃𐌰 𐍃𐍄𐌰𐌽𐌳𐌰𐌽𐌳𐍃 𐌹𐌽 𐌰𐌽𐌳𐍅𐌰𐌹𐍂𐌸𐌾𐌰 𐌲𐌿𐌳𐌹𐍃, 𐌾𐌰𐌷 𐌹𐌽𐍃𐌰𐌽𐌳𐌹𐌸𐍃 𐌹𐌼 𐍂𐍉𐌳𐌾𐌰𐌽 𐌳𐌿 𐌸𐌿𐍃 𐌾𐌰𐌷 𐍅𐌰𐌹𐌻𐌰𐌼𐌴𐍂𐌾𐌰𐌽 𐌸𐌿𐍃 𐌸𐌰𐍄𐌰."
Luke,1,20,"𐌾𐌰𐌷 𐍃𐌹𐌾𐌰𐌹𐍃 𐌸𐌰𐌷𐌰𐌽𐌳𐍃 𐌾𐌰𐌷 𐌽𐌹 𐌼𐌰𐌲𐌰𐌽𐌳𐍃 𐍂𐍉𐌳𐌾𐌰𐌽 𐌿𐌽𐌳 𐌸𐌰𐌽𐌰 𐌳𐌰𐌲 𐌴𐌹 𐍅𐌰𐌹𐍂𐌸𐌰𐌹 𐌸𐌰𐍄𐌰, 𐌳𐌿𐌸𐌴 𐌴𐌹 𐌽𐌹 𐌲𐌰𐌻𐌰𐌿𐌱𐌹𐌳𐌴𐍃 𐍅𐌰𐌿𐍂𐌳𐌰𐌼 𐌼𐌴𐌹𐌽𐌰𐌹𐌼, 𐌸𐍉𐌴𐌹 𐌿𐍃𐍆𐌿𐌻𐌻𐌾𐌰𐌽𐌳𐌰 𐌹𐌽 𐌼𐌴𐌻𐌰 𐍃𐌴𐌹𐌽𐌰𐌼𐌼𐌰."
Luke,1,21,"𐌾𐌰𐌷 𐍅𐌰𐍃 𐌼𐌰𐌽𐌰𐌲𐌴𐌹 𐌱𐌴𐌹𐌳𐌰𐌽𐌳𐌰𐌽𐍃 𐌶𐌰𐌺𐌰𐍂𐌹𐌹𐌽𐍃, 𐌾𐌰𐌷 𐍃𐌹𐌻𐌳𐌰𐌻𐌴𐌹𐌺𐌹𐌳𐌴𐌳𐌿𐌽 𐍈𐌰 𐌻𐌰𐍄𐌹𐌳𐌴𐌳𐌹 𐌹𐌽𐌰 𐌹𐌽 𐌸𐌹𐌶𐌰𐌹 𐌰𐌻𐌷."
Luke,1,22,"𐌿𐍃𐌲𐌰𐌲𐌲𐌰𐌽𐌳𐍃 𐌸𐌰𐌽 𐌽𐌹 𐌼𐌰𐌷𐍄𐌰 𐌳𐌿 𐌹𐌼 𐍂𐍉𐌳𐌾𐌰𐌽, 𐌾𐌰𐌷 𐍆𐍂𐍉𐌸𐌿𐌽 𐌸𐌰𐌼𐌼𐌴𐌹 𐍃𐌹𐌿𐌽 𐌲𐌰𐍃𐌰𐍈 𐌹𐌽 𐌰𐌻𐌷; 𐌾𐌰𐌷 𐍃𐌹𐌻𐌱𐌰 𐍅𐌰𐍃 𐌱𐌰𐌽𐌳𐍅𐌾𐌰𐌽𐌳𐍃 𐌹𐌼 𐌾𐌰𐌷 𐍅𐌰𐍃 𐌳𐌿𐌼𐌱𐍃."
Luke,1,23,"𐌾𐌰𐌷 𐍅𐌰𐍂𐌸, 𐌱𐌹𐌸𐌴 𐌿𐍃𐍆𐌿𐌻𐌻𐌽𐍉𐌳𐌴𐌳𐌿𐌽 𐌳𐌰𐌲𐍉𐍃 𐌰𐌽𐌳𐌱𐌰𐌷𐍄𐌴𐌹𐍃 𐌹𐍃, 𐌲𐌰𐌻𐌰𐌹𐌸 𐌳𐌿 𐌲𐌰𐍂𐌳𐌰 𐍃𐌴𐌹𐌽𐌰𐌼𐌼𐌰."
Luke,1,24,"𐌰𐍆𐌰𐍂𐌿𐌷 𐌸𐌰𐌽 𐌸𐌰𐌽𐍃 𐌳𐌰𐌲𐌰𐌽𐍃 𐌹𐌽𐌺𐌹𐌻𐌸𐍉 𐍅𐌰𐍂𐌸 𐌰𐌹𐌻𐌴𐌹𐍃𐌰𐌱𐌰𐌹𐌸 𐌵𐌴𐌽𐍃 𐌹𐍃 𐌾𐌰𐌷 𐌲𐌰𐌻𐌰𐌿𐌲𐌽𐌹𐌳𐌰 𐍃𐌹𐌺 𐌼𐌴𐌽𐍉𐌸𐍃 𐍆𐌹𐌼𐍆, 𐌵𐌹𐌸𐌰𐌽𐌳𐌴𐌹:"
Luke,1,25,𐌸𐌰𐍄𐌴𐌹 𐍃𐍅𐌰 𐌼𐌹𐍃 𐌲𐌰𐍄𐌰𐍅𐌹𐌳𐌰 𐍆𐍂𐌰𐌿𐌾𐌰 𐌹𐌽 𐌳𐌰𐌲𐌰𐌼 𐌸𐌰𐌹𐌼𐌴𐌹 𐌹𐌽𐍃𐌰𐍈 𐌰𐍆𐌽𐌹𐌼𐌰𐌽 𐌹𐌳𐍅𐌴𐌹𐍄 𐌼𐌴𐌹𐌽 𐌹𐌽 𐌼𐌰𐌽𐌽𐌰𐌼.
Luke,1,26,"𐌸𐌰𐌽𐌿𐌷 𐌸𐌰𐌽 𐌹𐌽 𐌼𐌴𐌽𐍉𐌸 𐍃𐌰𐌹𐌷𐍃𐍄𐌹𐌽 𐌹𐌽𐍃𐌰𐌽𐌳𐌹𐌸𐍃 𐍅𐌰𐍃 𐌰𐌲𐌲𐌹𐌻𐌿𐍃 𐌲𐌰𐌱𐍂𐌹𐌴𐌻 𐍆𐍂𐌰𐌼 𐌲𐌿𐌳𐌰 𐌹𐌽 𐌱𐌰𐌿𐍂𐌲 𐌲𐌰𐌻𐌴𐌹𐌻𐌰𐌹𐌰𐍃 𐍃𐌴𐌹 𐌷𐌰𐌹𐍄𐌰𐌳𐌰 𐌽𐌰𐌶𐌰𐍂𐌰𐌹𐌸,"
Luke,1,27,"𐌳𐌿 𐌼𐌰𐌲𐌰𐌸𐌰𐌹 𐌹𐌽 𐍆𐍂𐌰𐌲𐌹𐌱𐍄𐌹𐌼 𐌰𐌱𐌹𐌽, 𐌸𐌹𐌶𐌴𐌹 𐌽𐌰𐌼𐍉 𐌹𐍉𐍃𐌴𐍆, 𐌿𐍃 𐌲𐌰𐍂𐌳𐌰 𐌳𐌰𐍅𐌴𐌹𐌳𐌹𐍃, 𐌾𐌰𐌷 𐌽𐌰𐌼𐍉 𐌸𐌹𐌶𐍉𐍃 𐌼𐌰𐌲𐌰𐌸𐌰𐌹𐍃 𐌼𐌰𐍂𐌹𐌰𐌼."
Luke,1,28,"𐌾𐌰𐌷 𐌲𐌰𐌻𐌴𐌹𐌸𐌰𐌽𐌳𐍃 𐌹𐌽𐌽 𐍃𐌰 𐌰𐌲𐌲𐌹𐌻𐌿𐍃 𐌳𐌿 𐌹𐌶𐌰𐌹 𐌵𐌰𐌸: 𐍆𐌰𐌲𐌹𐌽𐍉, 𐌰𐌽𐍃𐍄𐌰𐌹 𐌰𐌿𐌳𐌰𐌷𐌰𐍆𐍄𐌰, 𐍆𐍂𐌰𐌿𐌾𐌰 𐌼𐌹𐌸 𐌸𐌿𐍃; 𐌸𐌹𐌿𐌸𐌹𐌳𐍉 𐌸𐌿 𐌹𐌽 𐌵𐌹𐌽𐍉𐌼."
Luke,1,29,𐌹𐌸 𐍃𐌹 𐌲𐌰𐍃𐌰𐌹𐍈𐌰𐌽𐌳𐌴𐌹 𐌲𐌰𐌸𐌻𐌰𐌷𐍃𐌽𐍉𐌳𐌰 𐌱𐌹 𐌹𐌽𐌽𐌰𐍄𐌲𐌰𐌷𐍄𐌰𐌹 𐌹𐍃 𐌾𐌰𐌷 𐌸𐌰𐌷𐍄𐌰 𐍃𐌹𐍃 𐍈𐌴𐌻𐌴𐌹𐌺𐌰 𐍅𐌴𐍃𐌹 𐍃𐍉 𐌲𐍉𐌻𐌴𐌹𐌽𐍃 [𐌸𐌰𐍄𐌴𐌹 𐍃𐍅𐌰 𐌸𐌹𐌿𐌸𐌹𐌳𐌰 𐌹𐌶𐌰𐌹].
Luke,1,30,"𐌾𐌰𐌷 𐌵𐌰𐌸 𐌰𐌲𐌲𐌹𐌻𐌿𐍃 𐌳𐌿 𐌹𐌶𐌰𐌹: 𐌽𐌹 𐍉𐌲𐍃 𐌸𐌿𐍃, 𐌼𐌰𐍂𐌹𐌰𐌼, 𐌱𐌹𐌲𐌰𐍃𐍄 𐌰𐌿𐌺 𐌰𐌽𐍃𐍄 𐍆𐍂𐌰𐌼 𐌲𐌿𐌳𐌰."
Luke,1,31,"𐌾𐌰𐌷 𐍃𐌰𐌹, 𐌲𐌰𐌽𐌹𐌼𐌹𐍃 𐌹𐌽 𐌺𐌹𐌻𐌸𐌴𐌹𐌽 𐌾𐌰𐌷 𐌲𐌰𐌱𐌰𐌹𐍂𐌹𐍃 𐍃𐌿𐌽𐌿 𐌾𐌰𐌷 𐌷𐌰𐌹𐍄𐌰𐌹𐍃 𐌽𐌰𐌼𐍉 𐌹𐍃 𐌹𐌴𐍃𐌿."
Luke,1,32,"𐍃𐌰𐌷 𐍅𐌰𐌹𐍂𐌸𐌹𐌸 𐌼𐌹𐌺𐌹𐌻𐍃 𐌾𐌰𐌷 𐍃𐌿𐌽𐌿𐍃 𐌷𐌰𐌿𐌷𐌹𐍃𐍄𐌹𐌽𐍃 𐌷𐌰𐌹𐍄𐌰𐌳𐌰, 𐌾𐌰𐌷 𐌲𐌹𐌱𐌹𐌳 𐌹𐌼𐌼𐌰 𐍆𐍂𐌰𐌿𐌾𐌰 𐌲𐌿𐌸 𐍃𐍄𐍉𐌻 𐌳𐌰𐍅𐌴𐌹𐌳𐌹𐍃 𐌰𐍄𐍄𐌹𐌽𐍃 𐌹𐍃."
Luke,1,33,"𐌾𐌰𐌷 𐌸𐌹𐌿𐌳𐌰𐌽𐍉𐌸 𐌿𐍆𐌰𐍂 𐌲𐌰𐍂𐌳𐌰 𐌹𐌰𐌺𐍉𐌱𐌹𐍃 𐌹𐌽 𐌰𐌾𐌿𐌺𐌳𐌿𐌸, 𐌾𐌰𐌷 𐌸𐌹𐌿𐌳𐌹𐌽𐌰𐍃𐍃𐌰𐌿𐍃 𐌹𐍃 𐌽𐌹 𐍅𐌰𐌹𐍂𐌸𐌹𐌸 𐌰𐌽𐌳𐌴𐌹𐍃."
Luke,1,34,"𐌵𐌰𐌸 𐌸𐌰𐌽 𐌼𐌰𐍂𐌹𐌰𐌼 𐌳𐌿 𐌸𐌰𐌼𐌼𐌰 𐌰𐌲𐌲𐌹𐌻𐌰𐌿: 𐍈𐌰𐌹𐍅𐌰 𐍃𐌹𐌾𐌰𐌹 𐌸𐌰𐍄𐌰, 𐌸𐌰𐌽𐌳𐌴𐌹 𐌰𐌱𐌰𐌽 𐌽𐌹 𐌺𐌰𐌽𐌽?"
Luke,1,35,"𐌾𐌰𐌷 𐌰𐌽𐌳𐌷𐌰𐍆𐌾𐌰𐌽𐌳𐍃 𐍃𐌰 𐌰𐌲𐌲𐌹𐌻𐌿𐍃 𐌵𐌰𐌸 𐌳𐌿 𐌹𐌶𐌰𐌹: 𐌰𐌷𐌼𐌰 𐍅𐌴𐌹𐌷𐍃 𐌰𐍄𐌲𐌰𐌲𐌲𐌹𐌸 𐌰𐌽𐌰 𐌸𐌿𐌺, 𐌾𐌰𐌷 𐌼𐌰𐌷𐍄𐍃 𐌷𐌰𐌿𐌷𐌹𐍃𐍄𐌹𐌽𐍃 𐌿𐍆𐌰𐍂𐍃𐌺𐌰𐌳𐍅𐌴𐌹𐌳 𐌸𐌿𐍃, 𐌳𐌿𐌸𐌴 𐌴𐌹 𐍃𐌰𐌴𐌹 𐌲𐌰𐌱𐌰𐌹𐍂𐌰𐌳𐌰 𐍅𐌴𐌹𐌷𐍃 𐌷𐌰𐌹𐍄𐌰𐌳𐌰 𐍃𐌿𐌽𐌿𐍃 𐌲𐌿𐌳𐌹𐍃."
Luke,1,36,"𐌾𐌰𐌷 𐍃𐌰𐌹, 𐌰𐌹𐌻𐌴𐌹𐍃𐌰𐌱𐌰𐌹𐌸 𐌽𐌹𐌸𐌾𐍉 𐌸𐌴𐌹𐌽𐌰, 𐌾𐌰𐌷 𐍃𐍉 𐌹𐌽𐌺𐌹𐌻𐌸𐍉 𐍃𐌿𐌽𐌰𐌿 𐌹𐌽 𐌰𐌻𐌳𐍉𐌼𐌹𐌽 𐍃𐌴𐌹𐌽𐌰𐌼𐌼𐌰, 𐌾𐌰𐌷 𐍃𐌰 𐌼𐌴𐌽𐍉𐌸𐍃 𐍃𐌰𐌹𐌷𐍃𐍄𐌰 𐌹𐍃𐍄 𐌹𐌶𐌰𐌹 𐍃𐌴𐌹 𐌷𐌰𐌹𐍄𐌰𐌳𐌰 𐍃𐍄𐌰𐌹𐍂𐍉,"
Luke,1,37,𐌿𐌽𐍄𐌴 𐌽𐌹𐍃𐍄 𐌿𐌽𐌼𐌰𐌷𐍄𐌴𐌹𐌲 𐌲𐌿𐌳𐌰 𐌰𐌹𐌽𐌷𐌿𐌽 𐍅𐌰𐌿𐍂𐌳𐌴.
Luke,1,38,"𐌵𐌰𐌸 𐌸𐌰𐌽 𐌼𐌰𐍂𐌹𐌰𐌼: 𐍃𐌰𐌹, 𐌸𐌹𐍅𐌹 𐍆𐍂𐌰𐌿𐌾𐌹𐌽𐍃, 𐍅𐌰𐌹𐍂𐌸𐌰𐌹 𐌼𐌹𐍃 𐌱𐌹 𐍅𐌰𐌿𐍂𐌳𐌰 𐌸𐌴𐌹𐌽𐌰𐌼𐌼𐌰. 𐌾𐌰𐌷 𐌲𐌰𐌻𐌰𐌹𐌸 𐍆𐌰𐌹𐍂𐍂𐌰 𐌹𐌶𐌰𐌹 𐍃𐌰 𐌰𐌲𐌲𐌹𐌻𐌿𐍃."
Luke,1,39,"𐌿𐍃𐍃𐍄𐌰𐌽𐌳𐌰𐌽𐌳𐌴𐌹 𐌸𐌰𐌽 𐌼𐌰𐍂𐌹𐌰𐌼 𐌹𐌽 𐌸𐌰𐌹𐌼 𐌳𐌰𐌲𐌰𐌼 𐌹𐌳𐌳𐌾𐌰 𐌹𐌽 𐌱𐌰𐌹𐍂𐌲𐌰𐌷𐌴𐌹𐌽 𐍃𐌽𐌹𐌿𐌼𐌿𐌽𐌳𐍉 𐌹𐌽 𐌱𐌰𐌿𐍂𐌲 𐌹𐌿𐌳𐌹𐌽𐍃,"
Luke,1,40,𐌾𐌰𐌷 𐌲𐌰𐌻𐌰𐌹𐌸 𐌹𐌽 𐌲𐌰𐍂𐌳 𐌶𐌰𐌺𐌰𐍂𐌹𐌹𐌽𐍃 𐌾𐌰𐌷 𐌲𐍉𐌻𐌹𐌳𐌰 𐌰𐌹𐌻𐌴𐌹𐍃𐌰𐌱𐌰𐌹𐌸.
Luke,1,41,"𐌾𐌰𐌷 𐍅𐌰𐍂𐌸, 𐍃𐍅𐌴 𐌷𐌰𐌿𐍃𐌹𐌳𐌰 𐌰𐌹𐌻𐌴𐌹𐍃𐌰𐌱𐌰𐌹𐌸 𐌲𐍉𐌻𐌴𐌹𐌽 𐌼𐌰𐍂𐌹𐌹𐌽𐍃, 𐌻𐌰𐌹𐌻𐌰𐌹𐌺 𐌱𐌰𐍂𐌽 𐌹𐌽 𐌵𐌹𐌸𐌰𐌿 𐌹𐌶𐍉𐍃, 𐌾𐌰𐌷 𐌲𐌰𐍆𐌿𐌻𐌻𐌽𐍉𐌳𐌰 𐌰𐌷𐌼𐌹𐌽𐍃 𐍅𐌴𐌹𐌷𐌹𐍃 𐌰𐌹𐌻𐌴𐌹𐍃𐌰𐌱𐌰𐌹𐌸,"
Luke,1,42,"𐌾𐌰𐌷 𐌿𐍆𐍅𐍉𐍀𐌹𐌳𐌰 𐍃𐍄𐌹𐌱𐌽𐌰𐌹 𐌼𐌹𐌺𐌹𐌻𐌰𐌹 𐌾𐌰𐌷 𐌵𐌰𐌸: 𐌸𐌹𐌿𐌸𐌹𐌳𐍉 𐌸𐌿 𐌹𐌽 𐌵𐌹𐌽𐍉𐌼, 𐌾𐌰𐌷 𐌸𐌹𐌿𐌸𐌹𐌳𐍉 𐌰𐌺𐍂𐌰𐌽 𐌵𐌹𐌸𐌰𐌿𐍃 𐌸𐌴𐌹𐌽𐌹𐍃."
Luke,1,43,"𐌾𐌰𐌷 𐍈𐌰𐌸𐍂𐍉 𐌼𐌹𐍃 𐌸𐌰𐍄𐌰, 𐌴𐌹 𐌵𐌴𐌼𐌹 𐌰𐌹𐌸𐌴𐌹 𐍆𐍂𐌰𐌿𐌾𐌹𐌽𐍃 𐌼𐌴𐌹𐌽𐌹𐍃 𐌰𐍄 𐌼𐌹𐍃?"
Luke,1,44,"𐍃𐌰𐌹 𐌰𐌻𐌻𐌹𐍃, 𐍃𐌿𐌽𐍃𐌴𐌹 𐍅𐌰𐍂𐌸 𐍃𐍄𐌹𐌱𐌽𐌰 𐌲𐍉𐌻𐌴𐌹𐌽𐌰𐌹𐍃 𐌸𐌴𐌹𐌽𐌰𐌹𐌶𐍉𐍃 𐌹𐌽 𐌰𐌿𐍃𐌰𐌼 𐌼𐌴𐌹𐌽𐌰𐌹𐌼, 𐌻𐌰𐌹𐌻𐌰𐌹𐌺 𐌸𐌰𐍄𐌰 𐌱𐌰𐍂𐌽 𐌹𐌽 𐍃𐍅𐌹𐌲𐌽𐌹𐌸𐌰𐌹 𐌹𐌽 𐍅𐌰𐌼𐌱𐌰𐌹 𐌼𐌴𐌹𐌽𐌰𐌹."
Luke,1,45,𐌾𐌰𐌷 𐌰𐌿𐌳𐌰𐌲𐌰 𐍃𐍉 𐌲𐌰𐌻𐌰𐌿𐌱𐌾𐌰𐌽𐌳𐌴𐌹 𐌸𐌰𐍄𐌴𐌹 𐍅𐌰𐌹𐍂𐌸𐌹𐌸 𐌿𐍃𐍄𐌰𐌿𐌷𐍄𐍃 𐌸𐌹𐌶𐌴 𐍂𐍉𐌳𐌹𐌳𐌰𐌽𐌴 𐌹𐌶𐌰𐌹 𐍆𐍂𐌰𐌼 𐍆𐍂𐌰𐌿𐌾𐌹𐌽.
Luke,1,46,"𐌾𐌰𐌷 𐌵𐌰𐌸 𐌼𐌰𐍂𐌹𐌰𐌼: 𐌼𐌹𐌺𐌹𐌻𐌴𐌹𐌳 𐍃𐌰𐌹𐍅𐌰𐌻𐌰 𐌼𐌴𐌹𐌽𐌰 𐍆𐍂𐌰𐌿𐌾𐌰𐌽,"
Luke,1,47,𐌾𐌰𐌷 𐍃𐍅𐌴𐌲𐌽𐌴𐌹𐌳 𐌰𐌷𐌼𐌰 𐌼𐌴𐌹𐌽𐍃 𐌳𐌿 𐌲𐌿𐌳𐌰 𐌽𐌰𐍃𐌾𐌰𐌽𐌳 𐌼𐌴𐌹𐌽𐌰𐌼𐌼𐌰.
Luke,1,48,"𐌿𐌽𐍄𐌴 𐌹𐌽𐍃𐌰𐍈 𐌳𐌿 𐌷𐌽𐌰𐌹𐍅𐌴𐌹𐌽𐌰𐌹 𐌸𐌹𐌿𐌾𐍉𐍃 𐍃𐌴𐌹𐌽𐌰𐌹𐌶𐍉𐍃; 𐍃𐌰𐌹 𐌰𐌻𐌻𐌹𐍃, 𐍆𐍂𐌰𐌼 𐌷𐌹𐌼𐌼𐌰 𐌽𐌿 𐌰𐌿𐌳𐌰𐌲𐌾𐌰𐌽𐌳 𐌼𐌹𐌺 𐌰𐌻𐌻𐌰 𐌺𐌿𐌽𐌾𐌰."
Luke,1,49,"𐌿𐌽𐍄𐌴 𐌲𐌰𐍄𐌰𐍅𐌹𐌳𐌰 𐌼𐌹𐍃 𐌼𐌹𐌺𐌹𐌻𐌴𐌹𐌽 𐍃𐌰 𐌼𐌰𐌷𐍄𐌴𐌹𐌲𐌰, 𐌾𐌰𐌷 𐍅𐌴𐌹𐌷 𐌽𐌰𐌼𐍉 𐌹𐍃."
Luke,1,50,𐌾𐌰𐌷 𐌰𐍂𐌼𐌰𐌷𐌰𐌹𐍂𐍄𐌴𐌹 𐌹𐍃 𐌹𐌽 𐌰𐌻𐌳𐌹𐌽𐍃 𐌰𐌻𐌳𐌴 𐌸𐌰𐌹𐌼 𐍉𐌲𐌰𐌽𐌳𐌰𐌼 𐌹𐌽𐌰.
Luke,1,51,"𐌲𐌰𐍄𐌰𐍅𐌹𐌳𐌰 𐍃𐍅𐌹𐌽𐌸𐌴𐌹𐌽 𐌹𐌽 𐌰𐍂𐌼𐌰 𐍃𐌴𐌹𐌽𐌰𐌼𐌼𐌰, 𐌳𐌹𐍃𐍄𐌰𐌷𐌹𐌳𐌰 𐌼𐌹𐌺𐌹𐌻𐌸𐌿𐌷𐍄𐌰𐌽𐍃 𐌲𐌰𐌷𐌿𐌲𐌳𐌰𐌹 𐌷𐌰𐌹𐍂𐍄𐌹𐌽𐍃 𐍃𐌴𐌹𐌽𐌹𐍃;"
Luke,1,52,𐌲𐌰𐌳𐍂𐌰𐌿𐍃𐌹𐌳𐌰 𐌼𐌰𐌷𐍄𐌴𐌹𐌲𐌰𐌽𐍃 𐌰𐍆 𐍃𐍄𐍉𐌻𐌰𐌼 𐌾𐌰𐌷 𐌿𐍃𐌷𐌰𐌿𐌷𐌹𐌳𐌰 𐌲𐌰𐌷𐌽𐌰𐌹𐍅𐌹𐌳𐌰𐌽𐍃;
Luke,1,53,𐌲𐍂𐌴𐌳𐌰𐌲𐌰𐌽𐍃 𐌲𐌰𐍃𐍉𐌸𐌹𐌳𐌰 𐌸𐌹𐌿𐌸𐌴 𐌾𐌰𐌷 𐌲𐌰𐌱𐌹𐌲𐌽𐌰𐌽𐌳𐌰𐌽𐍃 𐌹𐌽𐍃𐌰𐌽𐌳𐌹𐌳𐌰 𐌻𐌰𐌿𐍃𐌰𐌽𐍃.
Luke,1,54,"𐌷𐌻𐌴𐌹𐌱𐌹𐌳𐌰 𐌹𐍃𐍂𐌰𐌴𐌻𐌰 𐌸𐌹𐌿𐌼𐌰𐌲𐌿 𐍃𐌴𐌹𐌽𐌰𐌼𐌼𐌰, 𐌲𐌰𐌼𐌿𐌽𐌰𐌽𐌳𐍃 𐌰𐍂𐌼𐌰𐌷𐌰𐌹𐍂𐍄𐌴𐌹𐌽𐍃,"
Luke,1,55,𐍃𐍅𐌰𐍃𐍅𐌴 𐍂𐍉𐌳𐌹𐌳𐌰 𐌳𐌿 𐌰𐍄𐍄𐌰𐌼 𐌿𐌽𐍃𐌰𐍂𐌰𐌹𐌼 𐌰𐌱𐍂𐌰𐌷𐌰𐌼𐌰 𐌾𐌰𐌷 𐍆𐍂𐌰𐌹𐍅𐌰 𐌹𐍃 𐌿𐌽𐌳 𐌰𐌹𐍅.
Luke,1,56,𐌲𐌰𐍃𐍄𐍉𐌸 𐌸𐌰𐌽 𐌼𐌰𐍂𐌹𐌰𐌼 𐌼𐌹𐌸 𐌹𐌶𐌰𐌹 𐍃𐍅𐌴 𐌼𐌴𐌽𐍉𐌸(𐍃) 𐌸𐍂𐌹𐌽𐍃 𐌾𐌰𐌷 𐌲𐌰𐍅𐌰𐌽𐌳𐌹𐌳𐌰 𐍃𐌹𐌺 𐌳𐌿 𐌲𐌰𐍂𐌳𐌰 𐍃𐌴𐌹𐌽𐌰𐌼𐌼𐌰.
Luke,1,57,𐌹𐌸 𐌰𐌹𐌻𐌴𐌹𐍃𐌰𐌱𐌰𐌹𐌸 𐌿𐍃𐍆𐌿𐌻𐌻𐌽𐍉𐌳𐌰 𐌼𐌴𐌻 𐌳𐌿 𐌱𐌰𐌹𐍂𐌰𐌽 𐌾𐌰𐌷 𐌲𐌰𐌱𐌰𐍂 𐍃𐌿𐌽𐌿.
Luke,1,58,"𐌾𐌰𐌷 𐌷𐌰𐌿𐍃𐌹𐌳𐌴𐌳𐌿𐌽 𐌱𐌹𐍃𐌹𐍄𐌰𐌽𐌳𐍃 𐌾𐌰𐌷 𐌲𐌰𐌽𐌹𐌸𐌾𐍉𐍃 𐌹𐌶𐍉𐍃, 𐌿𐌽𐍄𐌴 𐌲𐌰𐌼𐌹𐌺𐌹𐌻𐌹𐌳𐌰 𐍆𐍂𐌰𐌿𐌾𐌰 𐌰𐍂𐌼𐌰𐌷𐌰𐌹𐍂𐍄𐌴𐌹𐌽 𐍃𐌴𐌹𐌽𐌰 𐌱𐌹 𐌹𐌶𐌰𐌹, 𐌾𐌰𐌷 𐌼𐌹𐌸𐍆𐌰𐌲𐌹𐌽𐍉𐌳𐌴𐌳𐌿𐌽 𐌹𐌶𐌰𐌹."
Luke,1,59,"𐌾𐌰𐌷 𐍅𐌰𐍂𐌸 𐌹𐌽 𐌳𐌰𐌲𐌰 𐌰𐌷𐍄𐌿𐌳𐌹𐌽, 𐌵𐌴𐌼𐌿𐌽 𐌱𐌹𐌼𐌰𐌹𐍄𐌰𐌽 𐌸𐌰𐍄𐌰 𐌱𐌰𐍂𐌽 𐌾𐌰𐌷 𐌷𐌰𐌹𐌷𐌰𐌹𐍄𐌿𐌽 𐌹𐌽𐌰 𐌰𐍆𐌰𐍂 𐌽𐌰𐌼𐌹𐌽 𐌰𐍄𐍄𐌹𐌽𐍃 𐌹𐍃 𐌶𐌰𐌺𐌰𐍂𐌹𐌰𐌽."
Luke,1,60,"𐌾𐌰𐌷 𐌰𐌽𐌳𐌷𐌰𐍆𐌾𐌰𐌽𐌳𐌴𐌹 𐍃𐍉 𐌰𐌹𐌸𐌴𐌹 𐌹𐍃 𐌵𐌰𐌸: 𐌽𐌴, 𐌰𐌺 𐌷𐌰𐌹𐍄𐌰𐌹𐌳𐌰𐌿 𐌹𐍉𐌷𐌰𐌽𐌽𐌴𐍃."
Luke,1,61,𐌾𐌰𐌷 𐌵𐌴𐌸𐌿𐌽 𐌳𐌿 𐌹𐌶𐌰𐌹 𐌸𐌰𐍄𐌴𐌹 𐌽𐌹 𐌰𐌹𐌽𐍃𐌷𐌿𐌽 𐌹𐍃𐍄 𐌹𐌽 𐌺𐌿𐌽𐌾𐌰 𐌸𐌴𐌹𐌽𐌰𐌼𐌼𐌰 𐍃𐌰𐌴𐌹 𐌷𐌰𐌹𐍄𐌰𐌹𐌳𐌰𐌿 𐌸𐌰𐌼𐌼𐌰 𐌽𐌰𐌼𐌹𐌽.
Luke,1,62,"𐌲𐌰𐌱𐌰𐌽𐌳𐍅𐌹𐌳𐌴𐌳𐌿𐌽 𐌸𐌰𐌽 𐌰𐍄𐍄𐌹𐌽 𐌹𐍃, 𐌸𐌰𐍄𐌰 𐍈𐌰𐌹𐍅𐌰 𐍅𐌹𐌻𐌳𐌴𐌳𐌹 𐌷𐌰𐌹𐍄𐌰𐌽 𐌹𐌽𐌰."
Luke,1,63,𐌹𐌸 𐌹𐍃 𐍃𐍉𐌺𐌾𐌰𐌽𐌳𐍃 𐍃𐍀𐌹𐌻𐌳𐌰 [𐌽𐌰𐌼] 𐌲𐌰[𐌷]𐌼𐌴𐌻𐌹𐌳𐌰 𐌵𐌹𐌸𐌰𐌽𐌳𐍃: 𐌹𐍉𐌷𐌰𐌽𐌽𐌴𐍃 𐌹𐍃𐍄 𐌽𐌰𐌼𐍉 𐌹𐍃; 𐌾𐌰𐌷 𐍃𐌹𐌻𐌳𐌰𐌻𐌴𐌹𐌺𐌹𐌳𐌴𐌳𐌿𐌽 𐌰𐌻𐌻𐌰𐌹.
Luke,1,64,"𐌿𐍃𐌻𐌿𐌺𐌽𐍉𐌳𐌰 𐌸𐌰𐌽 𐌼𐌿𐌽𐌸𐍃 𐌹𐍃 𐍃𐌿𐌽𐍃 𐌾𐌰𐌷 𐍄𐌿𐌲𐌲𐍉 𐌹𐍃, 𐌾𐌰𐌷 𐍂𐍉𐌳𐌹𐌳𐌰 𐌸𐌹𐌿𐌸𐌾𐌰𐌽𐌳𐍃 𐌲𐌿𐌸."
Luke,1,65,"𐌾𐌰𐌷 𐍅𐌰𐍂𐌸 𐌰𐌽𐌰 𐌰𐌻𐌻𐌰𐌹𐌼 𐌰𐌲𐌹𐍃 𐌸𐌰𐌹𐌼 𐌱𐌹𐍃𐌹𐍄𐌰𐌽𐌳𐌰𐌼 𐌹𐌽𐌰, 𐌾𐌰𐌷 𐌹𐌽 𐌰𐌻𐌻𐌰𐌹 𐌱𐌰𐌹𐍂𐌲𐌰𐌷𐌴𐌹𐌽 𐌹𐌿𐌳𐌰𐌹𐌰𐍃 𐌼𐌴𐍂𐌹𐌳𐌰 𐍅𐌴𐍃𐌿𐌽 𐌰𐌻𐌻𐌰 𐌸𐍉 𐍅𐌰𐌿𐍂𐌳𐌰."
Luke,1,66,𐌾𐌰𐌷 𐌲𐌰𐌻𐌰𐌲𐌹𐌳𐌴𐌳𐌿𐌽 𐌰𐌻𐌻𐌰𐌹 𐌸𐌰𐌹 𐌷𐌰𐌿𐍃𐌾𐌰𐌽𐌳𐌰𐌽𐍃 𐌹𐌽 𐌷𐌰𐌹𐍂𐍄𐌹𐌽 𐍃𐌴𐌹𐌽𐌰𐌼𐌼𐌰 𐌵𐌹𐌸𐌰𐌽𐌳𐌰𐌽𐍃: 𐍈𐌰 𐍃𐌺𐌿𐌻𐌹 𐌸𐌰𐍄𐌰 𐌱𐌰𐍂𐌽 𐍅𐌰𐌹𐍂𐌸𐌰𐌽? 𐌾𐌰𐌷 𐌸𐌰𐌽 𐌷𐌰𐌽𐌳𐌿𐍃 𐍆𐍂𐌰𐌿𐌾𐌹𐌽𐍃 𐍅𐌰𐍃 𐌼𐌹𐌸 𐌹𐌼𐌼𐌰.
Luke,1,67,"𐌾𐌰𐌷 𐌶𐌰𐌺𐌰𐍂𐌹𐌰𐍃, 𐌰𐍄𐍄𐌰 𐌹𐍃, 𐌲𐌰𐍆𐌿𐌻𐌻𐌽𐍉𐌳𐌰 𐌰𐌷𐌼𐌹𐌽𐍃 𐍅𐌴𐌹𐌷𐌹𐍃 𐌾𐌰𐌷 𐍀𐍂𐌰𐌿𐍆𐌴𐍄𐌹𐌳𐌰 𐌾𐌰𐌷 𐌵𐌰𐌸:"
Luke,1,68,"𐌸𐌹𐌿𐌸𐌴𐌹𐌲𐍃 𐍆𐍂𐌰𐌿𐌾𐌰 𐌲𐌿𐌸 𐌹𐍃𐍂𐌰𐌴𐌻𐌹𐍃, 𐌿𐌽𐍄𐌴 𐌲𐌰𐍅𐌴𐌹𐍃𐍉𐌳𐌰 𐌾𐌰𐌷 𐌲𐌰𐍅𐌰𐌿𐍂𐌷𐍄𐌰 𐌿𐍃𐌻𐌰𐌿𐍃𐌴𐌹𐌽 𐌼𐌰𐌽𐌰𐌲𐌴𐌹𐌽 𐍃𐌴𐌹𐌽𐌰𐌹,"
Luke,1,69,"𐌾𐌰𐌷 𐌿𐍂𐍂𐌰𐌹𐍃𐌹𐌳𐌰 𐌷𐌰𐌿𐍂𐌽 𐌽𐌰𐍃𐌴𐌹𐌽𐌰𐌹𐍃 𐌿𐌽𐍃𐌹𐍃 𐌹𐌽 𐌲𐌰𐍂𐌳𐌰 𐌳𐌰𐍅𐌴𐌹𐌳𐌹𐍃 𐌸𐌹𐌿𐌼𐌰𐌲𐌰𐌿𐍃 𐍃𐌴𐌹𐌽𐌹𐍃,"
Luke,1,70,"𐍃𐍅𐌰𐍃𐍅𐌴 𐍂𐍉𐌳𐌹𐌳𐌰 𐌸𐌰𐌹𐍂𐌷 𐌼𐌿𐌽𐌸 𐍅𐌴𐌹𐌷𐌰𐌹𐌶𐌴 𐌸𐌹𐌶𐌴 𐍆𐍂𐌰𐌼 𐌰𐌽𐌰𐍃𐍄𐍉𐌳𐌴𐌹𐌽𐌰𐌹 𐌰𐌹𐍅𐌹𐍃 𐍀𐍂𐌰𐌿𐍆𐌴𐍄𐌴 𐍃𐌴𐌹𐌽𐌰𐌹𐌶𐌴,"
Luke,1,71,"𐌲𐌹𐌱𐌰𐌽 𐌽𐌰𐍃𐌴𐌹𐌽 𐌿𐍃 𐍆𐌹𐌾𐌰𐌽𐌳𐌰𐌼 𐌿𐌽𐍃𐌰𐍂𐌰𐌹𐌼 𐌾𐌰𐌷 𐌿𐍃 𐌷𐌰𐌽𐌳𐌰𐌿 𐌰𐌻𐌻𐌰𐌹𐌶𐌴 𐌸𐌹𐌶𐌴 𐌷𐌰𐍄𐌰𐌽𐌳𐌰𐌽𐌴 𐌿𐌽𐍃𐌹𐍃,"
Luke,1,72,"𐍄𐌰𐌿𐌾𐌰𐌽 𐌰𐍂𐌼𐌰𐌷𐌰𐌹𐍂𐍄𐌹𐌸𐌰 𐌱𐌹 𐌰𐍄𐍄𐌰𐌼 𐌿𐌽𐍃𐌰𐍂𐌰𐌹𐌼 𐌾𐌰𐌷 𐌲𐌰𐌼𐌿𐌽𐌰𐌽 𐍄𐍂𐌹𐌲𐌲𐍅𐍉𐍃 𐍅𐌴𐌹𐌷𐌰𐌹𐌶𐍉𐍃 𐍃𐌴𐌹𐌽𐌰𐌹𐌶𐍉𐍃,"
Luke,1,73,"𐌰𐌹𐌸𐌹𐍃 𐌸𐌰𐌽𐌴𐌹 𐍃𐍅𐍉𐍂 𐍅𐌹𐌸𐍂𐌰 𐌰𐌱𐍂𐌰𐌷𐌰𐌼 𐌰𐍄𐍄𐌰𐌽 𐌿𐌽𐍃𐌰𐍂𐌰𐌽𐌰, 𐌴𐌹 𐌲𐌴𐌱𐌹 𐌿𐌽𐍃𐌹𐍃"
Luke,1,74,𐌿𐌽𐌰𐌲𐌴𐌹𐌽 𐌿𐍃 𐌷𐌰𐌽𐌳𐌰𐌿 𐍆𐌹𐌾𐌰𐌽𐌳𐌴 𐌿𐌽𐍃𐌰𐍂𐌰𐌹𐌶𐌴 𐌲𐌰𐌻𐌰𐌿𐍃𐌹𐌳𐌰𐌹𐌼 𐍃𐌺𐌰𐌻𐌺𐌹𐌽𐍉𐌽 𐌹𐌼𐌼𐌰
Luke,1,75,𐌹𐌽 𐍃𐌿𐌽𐌾𐌰𐌹 𐌾𐌰𐌷 𐌲𐌰𐍂𐌰𐌹𐌷𐍄𐌴𐌹𐌽 𐌹𐌽 𐌰𐌽𐌳𐍅𐌰𐌹𐍂𐌸𐌾𐌰 𐌹𐍃 𐌰𐌻𐌻𐌰𐌽𐍃 𐌳𐌰𐌲𐌰𐌽𐍃 𐌿𐌽𐍃𐌰𐍂𐌰𐌽𐍃.
Luke,1,76,"𐌾𐌰𐌷 𐌸𐌿, 𐌱𐌰𐍂𐌽𐌹𐌻𐍉, 𐍀𐍂𐌰𐌿𐍆𐌴𐍄𐌿𐍃 𐌷𐌰𐌿𐌷𐌹𐍃𐍄𐌹𐌽𐍃 𐌷𐌰𐌹𐍄𐌰𐌶𐌰; 𐍆𐌰𐌿𐍂𐌰𐌲𐌰𐌲𐌲𐌹𐍃 𐌰𐌿𐌺 𐍆𐌰𐌿𐍂𐌰 𐌰𐌽𐌳𐍅𐌰𐌹𐍂𐌸𐌾𐌰 𐍆𐍂𐌰𐌿𐌾𐌹𐌽𐍃, 𐌼𐌰𐌽𐍅𐌾𐌰𐌽 𐍅𐌹𐌲𐌰𐌽𐍃 𐌹𐌼𐌼𐌰,"
Luke,1,77,"𐌳𐌿 𐌲𐌹𐌱𐌰𐌽 𐌺𐌿𐌽𐌸𐌹 𐌽𐌰𐍃𐌴𐌹𐌽𐌰𐌹𐍃 𐌼𐌰𐌽𐌰𐌲𐌴𐌹𐌽 𐌹𐍃 𐌹𐌽 𐌰𐍆𐌻𐌴𐍄𐌰 𐍆𐍂𐌰𐍅𐌰𐌿𐍂𐌷𐍄𐌴 𐌹𐌶𐌴,"
Luke,1,78,"𐌸𐌰𐌹𐍂𐌷 𐌹𐌽𐍆𐌴𐌹𐌽𐌰𐌽𐌳𐌴𐌹𐌽 𐌰𐍂𐌼𐌰𐌷𐌰𐌹𐍂𐍄𐌴𐌹𐌽 𐌲𐌿𐌳𐌹𐍃 𐌿𐌽𐍃𐌰𐍂𐌹𐍃, 𐌹𐌽 𐌸𐌰𐌼𐌼𐌴𐌹 𐌲𐌰𐍅𐌴𐌹𐍃𐍉𐌸 𐌿𐌽𐍃𐌰𐍂𐌰 𐌿𐍂𐍂𐌿𐌽𐍃 𐌿𐍃 𐌷𐌰𐌿𐌷𐌹𐌸𐌰𐌹,"
Luke,1,79,"𐌲𐌰𐌱𐌰𐌹𐍂𐌷𐍄𐌾𐌰𐌽 𐌸𐌰𐌹𐌼 𐌹𐌽 𐍂𐌹𐌵𐌹𐌶𐌰 𐌾𐌰𐌷 𐍃𐌺𐌰𐌳𐌰𐌿 𐌳𐌰𐌿𐌸𐌿𐍃 𐍃𐌹𐍄𐌰𐌽𐌳𐌰𐌼, 𐌳𐌿 𐌲𐌰𐍂𐌰𐌹𐌷𐍄𐌾𐌰𐌽 𐍆𐍉𐍄𐌿𐌽𐍃 𐌿𐌽𐍃𐌰𐍂𐌰𐌽𐍃 𐌹𐌽 𐍅𐌹𐌲 𐌲𐌰𐍅𐌰𐌹𐍂𐌸𐌾𐌹𐍃."
Luke,1,80,𐌹𐌸 𐌸𐌰𐍄𐌰 𐌱𐌰𐍂𐌽 𐍅𐍉𐌷𐍃 𐌾𐌰𐌷 𐍃𐍅𐌹𐌽𐌸𐌽𐍉𐌳𐌰 𐌰𐌷𐌼𐌹𐌽 𐌾𐌰𐌷 𐍅𐌰𐍃 𐌰𐌽𐌰 𐌰𐌿𐌸𐌹𐌳𐍉𐌼 𐌿𐌽𐌳 𐌳𐌰𐌲 𐌿𐍃𐍄𐌰𐌹𐌺𐌽𐌴𐌹𐌽𐌰𐌹𐍃 𐍃𐌴𐌹𐌽𐌰𐌹𐌶𐍉𐍃 𐌳𐌿 𐌹𐍃𐍂𐌰𐌴𐌻𐌰.
Luke,2,1,"𐍅𐌰𐍂𐌸 𐌸𐌰𐌽 𐌹𐌽 𐌳𐌰𐌲𐌰𐌽𐍃 𐌾𐌰𐌹𐌽𐌰𐌽𐍃, 𐌿𐍂𐍂𐌰𐌽𐌽 𐌲𐌰𐌲𐍂𐌴𐍆𐍄𐍃 𐍆𐍂𐌰𐌼 𐌺𐌰𐌹𐍃𐌰𐍂𐌰 𐌰𐌲𐌿𐍃𐍄𐌰𐌿, 𐌲𐌰𐌼𐌴𐌻𐌾𐌰𐌽 𐌰𐌻𐌻𐌰𐌽𐌰 𐌼𐌹𐌳𐌾𐌿𐌽𐌲𐌰𐍂𐌳."
Luke,2,2,𐍃𐍉𐌷 𐌸𐌰𐌽 𐌲𐌹𐌻𐍃𐍄𐍂𐌰𐌼𐌴𐌻𐌴𐌹𐌽𐍃 𐍆𐍂𐌿𐌼𐌹𐍃𐍄𐌰 𐍅𐌰𐍂𐌸 𐌰𐍄 [𐍅𐌹𐍃𐌰𐌽𐌳𐌹𐌽 𐌺𐌹𐌽𐌳𐌹𐌽𐌰 𐍃𐍅𐍂𐌹𐌰𐌹𐍃] 𐍂𐌰𐌲𐌹𐌽𐍉𐌽𐌳𐌹𐌽 𐍃𐌰𐌿𐍂𐌹𐌼 𐌺𐍅𐍂𐌴𐌹𐌽𐌰𐌹𐌰𐌿.
Luke,2,3,"𐌾𐌰𐌷 𐌹𐌳𐌳𐌾𐌴𐌳𐌿𐌽 𐌰𐌻𐌻𐌰𐌹, 𐌴𐌹 𐌼𐌴𐌻𐌹𐌳𐌰𐌹 𐍅𐌴𐍃𐌴𐌹𐌽𐌰, 𐍈𐌰𐍂𐌾𐌹𐌶𐌿𐌷 𐌹𐌽 𐍃𐌴𐌹𐌽𐌰𐌹 𐌱𐌰𐌿𐍂𐌲."
Luke,2,4,"𐌿𐍂𐍂𐌰𐌽𐌽 𐌸𐌰𐌽 𐌾𐌰𐌷 𐌹𐍉𐍃𐌴𐍆 𐌿𐍃 𐌲𐌰𐌻𐌴𐌹𐌻𐌰𐌹𐌰, 𐌿𐍃 𐌱𐌰𐌿𐍂𐌲 𐌽𐌰𐌶𐌰𐍂𐌰𐌹𐌸, 𐌹𐌽 𐌹𐌿𐌳𐌰𐌹𐌰𐌽, 𐌹𐌽 𐌱𐌰𐌿𐍂𐌲 𐌳𐌰𐍅𐌴𐌹𐌳𐌹𐍃 𐍃𐌴𐌹 𐌷𐌰𐌹𐍄𐌰𐌳𐌰 𐌱𐌴𐌸𐌻𐌰𐌷𐌰𐌹𐌼, 𐌳𐌿𐌸𐌴 𐌴𐌹 𐍅𐌰𐍃 𐌿𐍃 𐌲𐌰𐍂𐌳𐌰 𐍆𐌰𐌳𐍂𐌴𐌹𐌽𐌰𐌹𐍃 𐌳𐌰𐍅𐌴𐌹𐌳𐌹𐍃,"
Luke,2,5,"𐌰𐌽𐌰𐌼𐌴𐌻𐌾𐌰𐌽 𐌼𐌹𐌸 𐌼𐌰𐍂𐌹𐌹𐌽 𐍃𐌴𐌹 𐌹𐌽 𐍆𐍂𐌰𐌲𐌹𐍆𐍄𐌹𐌼 𐍅𐌰𐍃 𐌹𐌼𐌼𐌰 𐌵𐌴𐌹𐌽𐍃, 𐍅𐌹𐍃𐌰𐌽𐌳𐌴𐌹𐌽 𐌹𐌽𐌺𐌹𐌻𐌸𐍉𐌽."
Luke,2,6,"𐍅𐌰𐍂𐌸 𐌸𐌰𐌽, 𐌼𐌹𐌸𐌸𐌰𐌽𐌴𐌹 𐌸𐍉 𐍅𐌴𐍃𐌿𐌽 𐌾𐌰𐌹𐌽𐌰𐍂, 𐌿𐍃𐍆𐌿𐌻𐌻𐌽𐍉𐌳𐌴𐌳𐌿𐌽 𐌳𐌰𐌲𐍉𐍃 𐌳𐌿 𐌱𐌰𐌹𐍂𐌰𐌽 𐌹𐌶𐌰𐌹."
Luke,2,7,"𐌾𐌰𐌷 𐌲𐌰𐌱𐌰𐍂 𐍃𐌿𐌽𐌿 𐍃𐌴𐌹𐌽𐌰𐌽𐌰 𐌸𐌰𐌽𐌰 𐍆𐍂𐌿𐌼𐌰𐌱𐌰𐌿𐍂 𐌾𐌰𐌷 𐌱𐌹𐍅𐌰𐌽𐌳 𐌹𐌽𐌰 𐌾𐌰𐌷 𐌲𐌰𐌻𐌰𐌲𐌹𐌳𐌰 𐌹𐌽𐌰 𐌹𐌽 𐌿𐌶𐌴𐍄𐌹𐌽, 𐌿𐌽𐍄𐌴 𐌽𐌹 𐍅𐌰𐍃 𐌹𐌼 𐍂𐌿𐌼𐌹𐍃 𐌹𐌽 𐍃𐍄𐌰𐌳𐌰 𐌸𐌰𐌼𐌼𐌰."
Luke,2,8,"𐌾𐌰𐌷 𐌷𐌰𐌹𐍂𐌳𐌾𐍉𐍃 𐍅𐌴𐍃𐌿𐌽 𐌹𐌽 𐌸𐌰𐌼𐌼𐌰 𐍃𐌰𐌼𐌹𐌽 𐌻𐌰𐌽𐌳𐌰, 𐌸𐌰𐌹𐍂𐌷𐍅𐌰𐌺𐌰𐌽𐌳𐌰𐌽𐍃 𐌾𐌰𐌷 𐍅𐌹𐍄𐌰𐌽𐌳𐌰𐌽𐍃 𐍅𐌰𐌷𐍄𐍅𐍉𐌼 𐌽𐌰𐌷𐍄𐍃 𐌿𐍆𐌰𐍂𐍉 𐌷𐌰𐌹𐍂𐌳𐌰𐌹 𐍃𐌴𐌹𐌽𐌰𐌹."
Luke,2,9,"𐌹𐌸 𐌰𐌲𐌲𐌹𐌻𐌿𐍃 𐍆𐍂𐌰𐌿𐌾𐌹𐌽𐍃 𐌰𐌽𐌰𐌵𐌰𐌼 𐌹𐌽𐍃 𐌾𐌰𐌷 𐍅𐌿𐌻𐌸𐌿𐍃 𐍆𐍂𐌰𐌿𐌾𐌹𐌽𐍃 𐌱𐌹𐍃𐌺𐌰𐌹𐌽 𐌹𐌽𐍃, 𐌾𐌰𐌷 𐍉𐌷𐍄𐌴𐌳𐌿𐌽 𐌰𐌲𐌹𐍃𐌰 𐌼𐌹𐌺𐌹𐌻𐌰𐌼𐌼𐌰."
Luke,2,10,"𐌾𐌰𐌷 𐌵𐌰𐌸 𐌳𐌿 𐌹𐌼 𐍃𐌰 𐌰𐌲𐌲𐌹𐌻𐌿𐍃: 𐌽𐌹 𐍉𐌲𐌴𐌹𐌸, 𐌿𐌽𐍄𐌴 𐍃𐌰𐌹, 𐍃𐍀𐌹𐌻𐌻𐍉 𐌹𐌶𐍅𐌹𐍃 𐍆𐌰𐌷𐌴𐌹𐌳 𐌼𐌹𐌺𐌹𐌻𐌰, 𐍃𐌴𐌹 𐍅𐌰𐌹𐍂𐌸𐌹𐌸 𐌰𐌻𐌻𐌰𐌹 𐌼𐌰𐌽𐌰𐌲𐌴𐌹𐌽,"
Luke,2,11,"𐌸𐌰𐍄𐌴𐌹 𐌲𐌰𐌱𐌰𐌿𐍂𐌰𐌽𐍃 𐌹𐍃𐍄 𐌹𐌶𐍅𐌹𐍃 𐌷𐌹𐌼𐌼𐌰 𐌳𐌰𐌲𐌰 𐌽𐌰𐍃𐌾𐌰𐌽𐌳𐍃, 𐍃𐌰𐌴𐌹 𐌹𐍃𐍄 𐍇𐍂𐌹𐍃𐍄𐌿𐍃 𐍆𐍂𐌰𐌿𐌾𐌰, 𐌹𐌽 𐌱𐌰𐌿𐍂𐌲 𐌳𐌰𐍅𐌴𐌹𐌳𐌹𐍃."
Luke,2,12,𐌾𐌰𐌷 𐌸𐌰𐍄𐌰 𐌹𐌶𐍅𐌹𐍃 𐍄𐌰𐌹𐌺𐌽𐍃: 𐌱𐌹𐌲𐌹𐍄𐌹𐌳 𐌱𐌰𐍂𐌽 𐌱𐌹𐍅𐌿𐌽𐌳𐌰𐌽 𐌾𐌰𐌷 𐌲𐌰𐌻𐌰𐌲𐌹𐌳 𐌹𐌽 𐌿𐌶𐌴𐍄𐌹𐌽.
Luke,2,13,𐌾𐌰𐌷 𐌰𐌽𐌰𐌺𐍃 𐍅𐌰𐍂𐌸 𐌼𐌹𐌸 𐌸𐌰𐌼𐌼𐌰 𐌰𐌲𐌲𐌹𐌻𐌰𐌿 𐌼𐌰𐌽𐌰𐌲𐌴𐌹 𐌷𐌰𐍂𐌾𐌹𐍃 𐌷𐌹𐌼𐌹𐌽𐌰𐌺𐌿𐌽𐌳𐌹𐍃 𐌷𐌰𐌶𐌾𐌰𐌽𐌳𐌰𐌽𐌴 𐌲𐌿𐌸 𐌾𐌰𐌷 𐌵𐌹𐌸𐌰𐌽𐌳𐌰𐌽𐌴:
Luke,2,14,𐍅𐌿𐌻𐌸𐌿𐍃 𐌹𐌽 𐌷𐌰𐌿𐌷𐌹𐍃𐍄𐌾𐌰𐌼 𐌲𐌿𐌳𐌰 𐌾𐌰𐌷 𐌰𐌽𐌰 𐌰𐌹𐍂𐌸𐌰𐌹 𐌲𐌰𐍅𐌰𐌹𐍂𐌸𐌹 𐌹𐌽 𐌼𐌰𐌽𐌽𐌰𐌼 𐌲𐍉𐌳𐌹𐍃 𐍅𐌹𐌻𐌾𐌹𐌽𐍃.
Luke,2,15,"𐌾𐌰𐌷 𐍅𐌰𐍂𐌸, 𐌱𐌹𐌸𐌴 𐌲𐌰𐌻𐌹𐌸𐌿𐌽 𐍆𐌰𐌹𐍂𐍂𐌰 𐌹𐌼 𐌹𐌽 𐌷𐌹𐌼𐌹𐌽 𐌸𐌰𐌹 𐌰𐌲𐌲𐌹𐌻𐌾𐌿𐍃, 𐌾𐌰𐌷 𐌸𐌰𐌹 𐌼𐌰𐌽𐍃 𐌸𐌰𐌹 𐌷𐌰𐌹𐍂𐌳𐌾𐍉𐍃 𐌵𐌴𐌸𐌿𐌽 𐌳𐌿 𐍃𐌹𐍃 𐌼𐌹𐍃𐍃𐍉: 𐌸𐌰𐌹𐍂𐌷𐌲𐌰𐌲𐌲𐌰𐌹𐌼𐌰 𐌾𐌿 𐌿𐌽𐌳 𐌱𐌴𐌸𐌻𐌰𐌷𐌰𐌹𐌼 𐌾𐌰𐌷 𐍃𐌰𐌹𐍈𐌰𐌹𐌼𐌰 𐍅𐌰𐌿𐍂𐌳 𐌸𐌰𐍄𐌰 𐍅𐌰𐌿𐍂𐌸𐌰𐌽𐍉, 𐌸𐌰𐍄𐌴𐌹 𐍆𐍂𐌰𐌿𐌾𐌰 𐌲𐌰𐌺𐌰𐌽𐌽𐌹𐌳𐌰 𐌿𐌽𐍃𐌹𐍃."
Luke,2,16,𐌾𐌰𐌷 𐌵𐌴𐌼𐌿𐌽 𐍃𐌽𐌹𐌿𐌼𐌾𐌰𐌽𐌳𐌰𐌽𐍃 𐌾𐌰𐌷 𐌱𐌹𐌲𐌴𐍄𐌿𐌽 𐌼𐌰𐍂𐌹𐌰𐌽 𐌾𐌰𐌷 𐌹𐍉𐍃𐌴𐍆 𐌾𐌰𐌷 𐌸𐌰𐍄𐌰 𐌱𐌰𐍂𐌽 𐌻𐌹𐌲𐌰𐌽𐌳𐍉 𐌹𐌽 𐌿𐌶𐌴𐍄𐌹𐌽.
Luke,2,17,𐌲𐌰𐍃𐌰𐌹𐍈𐌰𐌽𐌳𐌰𐌽𐍃 𐌸𐌰𐌽 𐌲𐌰𐌺𐌰𐌽𐌽𐌹𐌳𐌴𐌳𐌿𐌽 𐌱𐌹 𐌸𐌰𐍄𐌰 𐍅𐌰𐌿𐍂𐌳 𐌸𐌰𐍄𐌴𐌹 𐍂𐍉𐌳𐌹𐌸 𐍅𐌰𐍃 𐌳𐌿 𐌹𐌼 𐌱𐌹 𐌸𐌰𐍄𐌰 𐌱𐌰𐍂𐌽.
Luke,2,18,𐌾𐌰𐌷 𐌰𐌻𐌻𐌰𐌹 𐌸𐌰𐌹 𐌲𐌰𐌷𐌰𐌿𐍃𐌾𐌰𐌽𐌳𐌰𐌽𐍃 𐍃𐌹𐌻𐌳𐌰𐌻𐌴𐌹𐌺𐌹𐌳𐌴𐌳𐌿𐌽 𐌱𐌹 𐌸𐍉 𐍂𐍉𐌳𐌹𐌳𐍉𐌽𐌰 𐍆𐍂𐌰𐌼 𐌸𐌰𐌹𐌼 𐌷𐌰𐌹𐍂𐌳𐌾𐌰𐌼 𐌳𐌿 𐌹𐌼.
Luke,2,19,"𐌹𐌸 𐌼𐌰𐍂𐌹𐌰 𐌰𐌻𐌻𐌰 𐌲𐌰𐍆𐌰𐍃𐍄𐌰𐌹𐌳𐌰 𐌸𐍉 𐍅𐌰𐌿𐍂𐌳𐌰, 𐌸𐌰𐌲𐌺𐌾𐌰𐌽𐌳𐌴𐌹 𐌹𐌽 𐌷𐌰𐌹𐍂𐍄𐌹𐌽 𐍃𐌴𐌹𐌽𐌰𐌼𐌼𐌰."
Luke,2,20,𐌾𐌰𐌷 𐌲𐌰𐍅𐌰𐌽𐌳𐌹𐌳𐌴𐌳𐌿𐌽 𐍃𐌹𐌺 𐌸𐌰𐌹 𐌷𐌰𐌹𐍂𐌳𐌾𐍉𐍃 𐌼𐌹𐌺𐌹𐌻𐌾𐌰𐌽𐌳𐌰𐌽𐍃 𐌾𐌰𐌷 𐌷𐌰𐌶𐌾𐌰𐌽𐌳𐌰𐌽𐍃 𐌲𐌿𐌸 𐌹𐌽 𐌰𐌻𐌻𐌰𐌹𐌶𐌴 𐌸𐌹𐌶𐌴𐌴𐌹 𐌲𐌰𐌷𐌰𐌿𐍃𐌹𐌳𐌴𐌳𐌿𐌽 𐌾𐌰𐌷 𐌲𐌰𐍃𐌴𐍈𐌿𐌽 𐍃𐍅𐌰𐍃𐍅𐌴 𐍂𐍉𐌳𐌹𐌸 𐍅𐌰𐍃 𐌳𐌿 𐌹𐌼.
Luke,2,21,"𐌾𐌰𐌷 𐌱𐌹𐌸𐌴 𐌿𐍃𐍆𐌿𐌻𐌽𐍉𐌳𐌴𐌳𐌿𐌽 𐌳𐌰𐌲𐍉𐍃 𐌰𐌷𐍄𐌰𐌿 𐌳𐌿 𐌱𐌹𐌼𐌰𐌹𐍄𐌰𐌽 𐌹𐌽𐌰, 𐌾𐌰𐌷 𐌷𐌰𐌹𐍄𐌰𐌽 𐍅𐌰𐍃 𐌽𐌰𐌼𐍉 𐌹𐍃 𐌹𐌴𐍃𐌿𐍃, 𐌸𐌰𐍄𐌰 𐌵𐌹𐌸𐌰𐌽𐍉 𐍆𐍂𐌰𐌼 𐌰𐌲𐌲𐌹𐌻𐌰𐌿 𐍆𐌰𐌿𐍂𐌸𐌹𐌶𐌴𐌹 𐌲𐌰𐌽𐌿𐌼𐌰𐌽𐍃 𐍅𐌴𐍃𐌹 𐌹𐌽 𐍅𐌰𐌼𐌱𐌰."
Luke,2,22,"𐌾𐌰𐌷 𐌱𐌹𐌸𐌴 𐌿𐍃𐍆𐌿𐌻𐌽𐍉𐌳𐌴𐌳𐌿𐌽 𐌳𐌰𐌲𐍉𐍃 𐌷𐍂𐌰𐌹𐌽𐌴𐌹𐌽𐌰𐌹𐍃 𐌹𐌶𐌴 𐌱𐌹 𐍅𐌹𐍄𐍉𐌳𐌰 𐌼𐍉𐍃𐌴𐌶𐌹𐍃, 𐌱𐍂𐌰𐌷𐍄𐌴𐌳𐌿𐌽 𐌹𐌽𐌰 𐌹𐌽 𐌹𐌰𐌹𐍂𐌿𐍃𐌰𐌻𐌴𐌼, 𐌰𐍄𐍃𐌰𐍄𐌾𐌰𐌽 𐍆𐌰𐌿𐍂𐌰 𐍆𐍂𐌰𐌿𐌾𐌹𐌽,"
Luke,2,23,"𐍃𐍅𐌰𐍃𐍅𐌴 𐌲𐌰𐌼𐌴𐌻𐌹𐌳 𐌹𐍃𐍄 𐌹𐌽 𐍅𐌹𐍄𐍉𐌳𐌰 𐍆𐍂𐌰𐌿𐌾𐌹𐌽𐍃: 𐌸𐌰𐍄𐌴𐌹 𐍈𐌰𐌶𐌿𐌷 𐌲𐌿𐌼𐌰𐌺𐌿𐌽𐌳𐌰𐌹𐌶𐌴 𐌿𐍃𐌻𐌿𐌺𐌰𐌽𐌳𐍃 𐌵𐌹𐌸𐌿 𐍅𐌴𐌹𐌷𐍃 𐍆𐍂𐌰𐌿𐌾𐌹𐌽𐍃 𐌷𐌰𐌹𐍄𐌰𐌳𐌰,"
Luke,2,24,"𐌾𐌰𐌷 𐌴𐌹 𐌲𐌴𐌱𐌴𐌹𐌽𐌰 𐍆𐍂𐌰𐌼 𐌹𐌼𐌼𐌰 𐌷𐌿𐌽𐍃𐌻, 𐍃𐍅𐌰𐍃𐍅𐌴 𐌵𐌹𐌸𐌰𐌽 𐌹𐍃𐍄 𐌹𐌽 𐍅𐌹𐍄𐍉𐌳𐌰 𐍆𐍂𐌰𐌿𐌾𐌹𐌽𐍃, 𐌲𐌰𐌾𐌿𐌺 𐌷𐍂𐌰𐌹𐍅𐌰𐌳𐌿𐌱𐍉𐌽𐍉 𐌰𐌹𐌸𐌸𐌰𐌿 𐍄𐍅𐍉𐍃 𐌾𐌿𐌲𐌲𐍉𐌽𐍃 𐌰𐌷𐌰𐌺𐌴."
Luke,2,25,"𐌸𐌰𐍂𐌿𐌷 𐍅𐌰𐍃 𐌼𐌰𐌽𐌽𐌰 𐌹𐌽 𐌹𐌰𐌹𐍂𐌿𐍃𐌰𐌻𐌴𐌼, 𐌸𐌹𐌶𐌴𐌹 𐌽𐌰𐌼𐍉 𐍃𐍅𐌼𐌰𐌹𐍉𐌽, 𐌾𐌰𐌷 𐍃𐌰 𐌼𐌰𐌽𐌽𐌰 𐍅𐌰𐍃 𐌲𐌰𐍂𐌰𐌹𐌷𐍄𐍃 𐌾𐌰𐌷 𐌲𐌿𐌳𐌰𐍆𐌰𐌿𐍂𐌷𐍄𐍃, 𐌱𐌴𐌹𐌳𐌰𐌽𐌳𐍃 𐌻𐌰𐌸𐍉𐌽𐌰𐌹𐍃 𐌹𐍃𐍂𐌰𐌴𐌻𐌹𐍃, 𐌾𐌰𐌷 𐌰𐌷𐌼𐌰 𐍅𐌴𐌹𐌷𐍃 𐍅𐌰𐍃 𐌰𐌽𐌰 𐌹𐌼𐌼𐌰."
Luke,2,26,"𐌾𐌰𐌷 𐍅𐌰𐍃 𐌹𐌼𐌼𐌰 𐌲𐌰𐍄𐌰𐌹𐌷𐌰𐌽 𐍆𐍂𐌰𐌼 𐌰𐌷𐌼𐌹𐌽 𐌸𐌰𐌼𐌼𐌰 𐍅𐌴𐌹𐌷𐌹𐌽 𐌽𐌹 𐍃𐌰𐌹𐍈𐌰𐌽 𐌳𐌰𐌿𐌸𐌿, 𐍆𐌰𐌿𐍂𐌸𐌹𐌶𐌴 𐍃𐌴𐍈𐌹 𐍇𐍂𐌹𐍃𐍄𐌿 𐍆𐍂𐌰𐌿𐌾𐌹𐌽𐍃."
Luke,2,27,"𐌾𐌰𐌷 𐌵𐌰𐌼 𐌹𐌽 𐌰𐌷𐌼𐌹𐌽 𐌹𐌽 𐌸𐌹𐌶𐌰𐌹 𐌰𐌻𐌷; 𐌾𐌰𐌷 𐌼𐌹𐌸𐌸𐌰𐌽𐌴𐌹 𐌹𐌽𐌽𐌰𐍄𐍄𐌰𐌿𐌷𐌿𐌽 𐌱𐌴𐍂𐌿𐍃𐌾𐍉𐍃 𐌸𐌰𐍄𐌰 𐌱𐌰𐍂𐌽 𐌹𐌴𐍃𐌿, 𐌴𐌹 𐍄𐌰𐍅𐌹𐌳𐌴𐌳𐌴𐌹𐌽𐌰 𐌱𐌹 𐌱𐌹𐌿𐌷𐍄𐌾𐌰 𐍅𐌹𐍄𐍉𐌳𐌹𐍃 𐌱𐌹 𐌹𐌽𐌰,"
Luke,2,28,𐌾𐌰𐌷 𐌹𐍃 𐌰𐌽𐌳𐌽𐌰𐌼 𐌹𐌽𐌰 𐌰𐌽𐌰 𐌰𐍂𐌼𐌹𐌽𐍃 𐍃𐌴𐌹𐌽𐌰𐌽𐍃 𐌾𐌰𐌷 𐌸𐌹𐌿𐌸𐌹𐌳𐌰 𐌲𐌿𐌳𐌰 𐌾𐌰𐌷 𐌵𐌰𐌸:
Luke,2,29,"𐌽𐌿 𐍆𐍂𐌰𐌻𐌴𐌹𐍄𐌰𐌹𐍃 𐍃𐌺𐌰𐌻𐌺 𐌸𐌴𐌹𐌽𐌰𐌽𐌰, [𐍆𐍂𐌰𐌿𐌾𐌹𐌽𐍉𐌽𐌳] 𐍆𐍂𐌰𐌿𐌾𐌰, 𐌱𐌹 𐍅𐌰𐌿𐍂𐌳𐌰 𐌸𐌴𐌹𐌽𐌰𐌼𐌼𐌰 𐌹𐌽 𐌲𐌰𐍅𐌰𐌹𐍂𐌸𐌾𐌰;"
Luke,2,30,"𐌸𐌰𐌽𐌳𐌴 𐍃𐌴𐍈𐌿𐌽 𐌰𐌿𐌲𐍉𐌽𐌰 𐌼𐌴𐌹𐌽𐌰 𐌽𐌰𐍃𐌴𐌹𐌽 𐌸𐌴𐌹𐌽𐌰,"
Luke,2,31,"𐌸𐍉𐌴𐌹 𐌼𐌰𐌽𐍅𐌹𐌳𐌴𐍃 𐌹𐌽 𐌰𐌽𐌳𐍅𐌰𐌹𐍂𐌸𐌾𐌰 𐌰𐌻𐌻𐌰𐌹𐌶𐍉 𐌼𐌰𐌽𐌰𐌲𐌴𐌹𐌽𐍉,"
Luke,2,32,𐌻𐌹𐌿𐌷𐌰𐌸 𐌳𐌿 𐌰𐌽𐌳𐌷𐌿𐌻𐌴𐌹𐌽𐌰𐌹 𐌸𐌹𐌿𐌳𐍉𐌼 𐌾𐌰𐌷 𐍅𐌿𐌻𐌸𐌿 𐌼𐌰𐌽𐌰𐌲𐌴𐌹𐌽 𐌸𐌴𐌹𐌽𐌰𐌹 𐌹𐍃𐍂𐌰𐌴𐌻𐌰.
Luke,2,33,𐌾𐌰𐌷 𐍅𐌰𐍃 𐌹𐍉𐍃𐌴𐍆 𐌾𐌰𐌷 𐌰𐌹𐌸𐌴𐌹 𐌹𐍃 𐍃𐌹𐌻𐌳𐌰𐌻𐌴𐌹𐌺𐌾𐌰𐌽𐌳𐍉𐌽𐌰 𐌰𐌽𐌰 𐌸𐌰𐌹𐌼 𐌸𐍉𐌴𐌹 𐍂𐍉𐌳𐌹𐌳𐌰 𐍅𐌴𐍃𐌿𐌽 𐌱𐌹 𐌹𐌽𐌰.
Luke,2,34,"𐌾𐌰𐌷 𐌸𐌹𐌿𐌸𐌹𐌳𐌰 𐌹𐌽𐌰 𐍃𐍅𐌼𐌰𐌹𐍉𐌽 𐌾𐌰𐌷 𐌵𐌰𐌸 𐌳𐌿 𐌼𐌰𐍂𐌹𐌹𐌽, 𐌰𐌹𐌸𐌴𐌹𐌽 𐌹𐍃: 𐍃𐌰𐌹, 𐍃𐌰 𐌻𐌹𐌲𐌹𐌸 𐌳𐌿 𐌳𐍂𐌿𐍃𐌰 𐌾𐌰𐌷 𐌿𐍃𐍃𐍄𐌰𐍃𐍃𐌰𐌹 𐌼𐌰𐌽𐌰𐌲𐌰𐌹𐌶𐌴 𐌹𐌽 𐌹𐍃𐍂𐌰𐌴𐌻𐌰 𐌾𐌰𐌷 𐌳𐌿 𐍄𐌰𐌹𐌺𐌽𐌰𐌹 𐌰𐌽𐌳𐍃𐌰𐌺𐌰𐌽𐌰𐌹."
Luke,2,35,"𐌾𐌰𐌷 𐌸𐌰𐌽 𐌸𐌴𐌹𐌽𐌰 𐍃𐌹𐌻𐌱𐍉𐌽𐍃 𐍃𐌰𐌹𐍅𐌰𐌻𐌰 𐌸𐌰𐌹𐍂𐌷𐌲𐌰𐌲𐌲𐌹𐌸 𐌷𐌰𐌹𐍂𐌿𐍃, 𐌴𐌹 𐌰𐌽𐌳𐌷𐌿𐌻𐌾𐌰𐌹𐌽𐌳𐌰𐌿 𐌿𐍃 𐌼𐌰𐌽𐌰𐌲𐌰𐌹𐌼 𐌷𐌰𐌹𐍂𐍄𐌰𐌼 𐌼𐌹𐍄𐍉𐌽𐌴𐌹𐍃."
Luke,2,36,"𐌾𐌰𐌷 𐍅𐌰𐍃 𐌰𐌽𐌽𐌰 𐍀𐍂𐌰𐌿𐍆𐌴𐍄𐌴𐌹𐍃, 𐌳𐌰𐌿𐌷𐍄𐌰𐍂 𐍆𐌰𐌽𐌿𐌴𐌻𐌹𐍃, 𐌿𐍃 𐌺𐌿𐌽𐌾𐌰 𐌰𐍃𐌴𐍂𐌹𐍃; 𐍃𐍉𐌷 𐍆𐍂𐌰𐌼𐌰𐌻𐌳𐍂𐌰 𐌳𐌰𐌲𐌴 𐌼𐌰𐌽𐌰𐌲𐌰𐌹𐌶𐌴 𐌻𐌹𐌱𐌰𐌽𐌳𐌴𐌹 𐌼𐌹𐌸 𐌰𐌱𐌹𐌽 𐌾𐌴𐍂𐌰 𐍃𐌹𐌱𐌿𐌽 𐍆𐍂𐌰𐌼 𐌼𐌰𐌲𐌰𐌸𐌴𐌹𐌽 𐍃𐌴𐌹𐌽𐌰𐌹,"
Luke,2,37,"𐍃𐍉𐌷 𐌸𐌰𐌽 𐍅𐌹𐌳𐌿𐍅𐍉 𐌾𐌴𐍂𐌴 𐌰𐌷𐍄𐌰𐌿𐍄𐌴𐌷𐌿𐌽𐌳 𐌾𐌰𐌷 𐍆𐌹𐌳𐍅𐍉𐍂, 𐍃𐍉𐌷 𐌽𐌹 𐌰𐍆𐌹𐌳𐌳𐌾𐌰 𐍆𐌰𐌹𐍂𐍂𐌰 𐌰𐌻𐌷 𐍆𐌰𐍃𐍄𐌿𐌱𐌽𐌾𐌰𐌼 𐌾𐌰𐌷 𐌱𐌹𐌳𐍉𐌼 𐌱𐌻𐍉𐍄𐌰𐌽𐌳𐌴 𐍆𐍂𐌰𐌿𐌾𐌰𐌽 𐌽𐌰𐌷𐍄𐌰𐌼 𐌾𐌰𐌷 𐌳𐌰𐌲𐌰𐌼."
Luke,2,38,𐍃𐍉𐌷 𐌸𐌹𐌶𐌰𐌹 𐍈𐌴𐌹𐌻𐌰𐌹 𐌰𐍄𐍃𐍄𐌰𐌽𐌳𐌰𐌽𐌳𐌴𐌹 𐌰𐌽𐌳𐌷𐌰𐌹𐌷𐌰𐌹𐍄 𐍆𐍂𐌰𐌿𐌾𐌹𐌽 𐌾𐌰𐌷 𐍂𐍉𐌳𐌹𐌳𐌰 𐌱𐌹 𐌹𐌽𐌰 [𐌹𐌽] 𐌰𐌻𐌻𐌰𐌹𐌼 𐌸𐌰𐌹𐌼 𐌿𐍃𐌱𐌴𐌹𐌳𐌰𐌽𐌳𐌰𐌼 𐌻𐌰𐌸𐍉𐌽 𐌹𐌰𐌹𐍂𐌿𐍃𐌰𐌿𐌻𐍅𐌼𐍉𐍃.
Luke,2,39,"𐌾𐌰𐌷 𐌱𐌹𐌸𐌴 𐌿𐍃𐍄𐌰𐌿𐌷𐌿𐌽 𐌰𐌻𐌻𐌰𐍄𐌰 𐌱𐌹 𐍅𐌹𐍄𐍉𐌳𐌰 𐍆𐍂𐌰𐌿𐌾𐌹𐌽𐍃, 𐌲𐌰𐍅𐌰𐌽𐌳𐌹𐌳𐌴𐌳𐌿𐌽 𐍃𐌹𐌺 𐌹𐌽 𐌲𐌰𐌻𐌴𐌹𐌻𐌰𐌹𐌰𐌽, 𐌹𐌽 𐌱𐌰𐌿𐍂𐌲 𐍃𐌴𐌹𐌽𐌰 𐌽𐌰𐌶𐌰𐍂𐌰𐌹𐌸."
Luke,2,40,"𐌹𐌸 𐌸𐌰𐍄𐌰 𐌱𐌰𐍂𐌽 𐍅𐍉𐌷𐍃 𐌾𐌰𐌷 𐍃𐍅𐌹𐌽𐌸𐌽𐍉𐌳𐌰 𐌰𐌷𐌼𐌹𐌽𐍃 𐍆𐌿𐌻𐌻𐌽𐌰𐌽𐌳𐍃 𐌾𐌰𐌷 𐌷𐌰𐌽𐌳𐌿𐌲𐌴𐌹𐌽𐍃, 𐌾𐌰𐌷 𐌰𐌽𐍃𐍄𐍃 𐌲𐌿𐌳𐌹𐍃 𐍅𐌰𐍃 𐌰𐌽𐌰 𐌹𐌼𐌼𐌰."
Luke,2,41,𐌾𐌰𐌷 𐍅𐍂𐌰𐍄𐍉𐌳𐌴𐌳𐌿𐌽 𐌸𐌰𐌹 𐌱𐌹𐍂𐌿𐍃𐌾𐍉𐍃 𐌹𐍃 𐌾𐌴𐍂𐌰 𐍈𐌰𐌼𐌼𐌴𐌷 𐌹𐌽 𐌹𐌰𐌹𐍂𐌿𐍃𐌰𐌻𐌴𐌼 𐌰𐍄 𐌳𐌿𐌻𐌸 𐍀𐌰𐍃𐌺𐌰.
Luke,2,42,"𐌾𐌰𐌷 𐌱𐌹𐌸𐌴 𐍅𐌰𐍂𐌸 𐍄𐍅𐌰𐌻𐌹𐌱𐍅𐌹𐌽𐍄𐍂𐌿𐍃, 𐌿𐍃𐌲𐌰𐌲𐌲𐌰𐌽𐌳𐌰𐌼 𐌸𐌰𐌽 𐌹𐌼 𐌹𐌽 𐌹𐌰𐌹𐍂𐌿𐍃𐌰𐌿𐌻𐍅𐌼𐌰 𐌱𐌹 𐌱𐌹𐌿𐌷𐍄𐌾𐌰 𐌳𐌿𐌻𐌸𐌰𐌹𐍃,"
Luke,2,43,"𐌾𐌰𐌷 𐌿𐍃𐍄𐌹𐌿𐌷𐌰𐌽𐌳𐌰𐌼 𐌸𐌰𐌽𐍃 𐌳𐌰𐌲𐌰𐌽𐍃, 𐌼𐌹𐌸𐌸𐌰𐌽𐌴 𐌲𐌰𐍅𐌰𐌽𐌳𐌹𐌳𐌴𐌳𐌿𐌽 𐍃𐌹𐌺 𐌰𐍆𐍄𐍂𐌰, 𐌲𐌰𐍃𐍄𐍉𐌸 𐌹𐌴𐍃𐌿𐍃 𐍃𐌰 𐌼𐌰𐌲𐌿𐍃 𐌹𐌽 𐌹𐌰𐌹𐍂𐌿𐍃𐌰𐌻𐌴𐌼, 𐌾𐌰𐌷 𐌽𐌹 𐍅𐌹𐍃𐍃𐌴𐌳𐌿𐌽 𐌹𐍉𐍃𐌴𐍆 𐌾𐌰𐌷 𐌰𐌹𐌸𐌴𐌹 𐌹𐍃."
Luke,2,44,𐌷𐌿𐌲𐌾𐌰𐌽𐌳𐍉𐌽𐌰 𐌹𐌽 𐌲𐌰𐍃𐌹𐌽𐌸𐌾𐌰𐌼 𐌹𐌽𐌰 𐍅𐌹𐍃𐌰𐌽 𐌵𐌴𐌼𐌿𐌽 𐌳𐌰𐌲𐌹𐍃 𐍅𐌹𐌲 𐌾𐌰𐌷 𐍃𐍉𐌺𐌹𐌳𐌴𐌳𐌿𐌽 𐌹𐌽𐌰 𐌹𐌽 𐌲𐌰𐌽𐌹𐌸𐌾𐌰𐌼 𐌾𐌰𐌷 𐌹𐌽 𐌺𐌿𐌽𐌸𐌰𐌼.
Luke,2,45,𐌾𐌰𐌷 𐌽𐌹 𐌱𐌹𐌲𐌹𐍄𐌰𐌽𐌳𐍉𐌽𐌰 𐌹𐌽𐌰 𐌲𐌰𐍅𐌰𐌽𐌳𐌹𐌳𐌴𐌳𐌿𐌽 𐍃𐌹𐌺 𐌹𐌽 𐌹𐌰𐌹𐍂𐌿𐍃𐌰𐌻𐌴𐌼 𐍃𐍉𐌺𐌾𐌰𐌽𐌳𐍉𐌽𐌰 𐌹𐌽𐌰.
Luke,2,46,"𐌾𐌰𐌷 𐍅𐌰𐍂𐌸 𐌰𐍆𐌰𐍂 𐌳𐌰𐌲𐌰𐌽𐍃 𐌸𐍂𐌹𐌽𐍃, 𐌱𐌹𐌲𐌴𐍄𐌿𐌽 𐌹𐌽𐌰 𐌹𐌽 𐌰𐌻𐌷 𐍃𐌹𐍄𐌰𐌽𐌳𐌰𐌽 𐌹𐌽 𐌼𐌹𐌳𐌾𐌰𐌹𐌼 𐌻𐌰𐌹𐍃𐌰𐍂𐌾𐌰𐌼 𐌾𐌰𐌷 𐌷𐌰𐌿𐍃𐌾𐌰𐌽𐌳𐌰𐌽 𐌹𐌼 𐌾𐌰𐌷 𐍆𐍂𐌰𐌹𐌷𐌽𐌰𐌽𐌳𐌰𐌽 𐌹𐌽𐍃."
Luke,2,47,𐌿𐍃𐌲𐌴𐌹𐍃𐌽𐍉𐌳𐌴𐌳𐌿𐌽 𐌸𐌰𐌽 𐌰𐌻𐌻𐌰𐌹 𐌸𐌰𐌹 𐌷𐌰𐌿𐍃𐌾𐌰𐌽𐌳𐌰𐌽𐍃 𐌹𐍃 𐌰𐌽𐌰 𐍆𐍂𐍉𐌳𐌴𐌹𐌽 𐌾𐌰𐌷 𐌰𐌽𐌳𐌰𐍅𐌰𐌿𐍂𐌳𐌾𐌰𐌼 𐌹𐍃.
Luke,2,48,"𐌾𐌰𐌷 𐌲𐌰𐍃𐌰𐌹𐍈𐌰𐌽𐌳𐌰𐌽𐍃 𐌹𐌽𐌰 𐍃𐌹𐌻𐌳𐌰𐌻𐌴𐌹𐌺𐌹𐌳𐌴𐌳𐌿𐌽, 𐌾𐌰𐌷 𐌵𐌰𐌸 𐌳𐌿 𐌹𐌼𐌼𐌰 𐍃𐍉 𐌰𐌹𐌸𐌴𐌹 𐌹𐍃: 𐌼𐌰𐌲𐌰𐌿, 𐍈𐌰 𐌲𐌰𐍄𐌰𐍅𐌹𐌳𐌴𐍃 𐌿𐌽𐍃 𐍃𐍅𐌰? 𐍃𐌰𐌹, 𐍃𐌰 𐌰𐍄𐍄𐌰 𐌸𐌴𐌹𐌽𐍃 𐌾𐌰𐌷 𐌹𐌺 𐍅𐌹𐌽𐌽𐌰𐌽𐌳𐍉𐌽𐌰 𐍃𐍉𐌺𐌹𐌳𐌴𐌳𐌿𐌼 𐌸𐌿𐌺."
Luke,2,49,𐌾𐌰𐌷 𐌵𐌰𐌸 𐌳𐌿 𐌹𐌼: 𐍈𐌰 𐌸𐌰𐍄𐌴𐌹 𐍃𐍉𐌺𐌹𐌳𐌴𐌳𐌿𐌸 𐌼𐌹𐌺? 𐌽𐌹𐌿 𐍅𐌹𐍃𐍃𐌴𐌳𐌿𐌸 𐌸𐌰𐍄𐌴𐌹 𐌹𐌽 𐌸𐌰𐌹𐌼 𐌰𐍄𐍄𐌹𐌽𐍃 𐌼𐌴𐌹𐌽𐌹𐍃 𐍃𐌺𐌿𐌻𐌳𐌰 𐍅𐌹𐍃𐌰𐌽?
Luke,2,50,𐌾𐌰𐌷 𐌹𐌾𐌰 𐌽𐌹 𐍆𐍂𐍉𐌸𐌿𐌽 𐌸𐌰𐌼𐌼𐌰 𐍅𐌰𐌿𐍂𐌳𐌰 𐌸𐌰𐍄𐌴𐌹 𐍂𐍉𐌳𐌹𐌳𐌰 𐌳𐌿 𐌹𐌼.
Luke,2,51,"𐌾𐌰𐌷 𐌹𐌳𐌳𐌾𐌰 𐌼𐌹𐌸 𐌹𐌼 𐌾𐌰𐌷 𐌵𐌰𐌼 𐌹𐌽 𐌽𐌰𐌶𐌰𐍂𐌰𐌹𐌸, 𐌾𐌰𐌷 𐍅𐌰𐍃 𐌿𐍆𐌷𐌰𐌿𐍃𐌾𐌰𐌽𐌳𐍃 𐌹𐌼; 𐌾𐌰𐌷 𐌰𐌹𐌸𐌴𐌹 𐌹𐍃 𐌲𐌰𐍆𐌰𐍃𐍄𐌰𐌹𐌳𐌰 𐌸𐍉 𐍅𐌰𐌿𐍂𐌳𐌰 𐌰𐌻𐌻𐌰 𐌹𐌽 𐌷𐌰𐌹𐍂𐍄𐌹𐌽 𐍃𐌴𐌹𐌽𐌰𐌼𐌼𐌰."
Luke,2,52,𐌾𐌰𐌷 𐌹𐌴𐍃𐌿𐍃 𐌸𐌰𐌹𐌷 𐍆𐍂𐍉𐌳𐌴𐌹𐌽 𐌾𐌰𐌷 𐍅𐌰𐌷𐍃𐍄𐌰𐌿 𐌾𐌰𐌷 𐌰𐌽𐍃𐍄𐌰𐌹 𐌰𐍄 𐌲𐌿𐌳𐌰 𐌾𐌰𐌷 𐌼𐌰𐌽𐌽𐌰𐌼.
Luke,3,1,"𐌹𐌽 𐌾𐌴𐍂𐌰 𐌸𐌰𐌽 𐍆𐌹𐌼𐍆𐍄𐌰𐍄𐌰𐌹𐌷𐌿𐌽𐌳𐌹𐌽 𐌸𐌹𐌿𐌳𐌹𐌽𐌰𐍃𐍃𐌰𐌿𐍃 𐍄𐌴𐌹𐌱𐌰𐌹𐍂𐌹𐌰𐌿𐍃 𐌺𐌰𐌹𐍃𐌰𐍂𐌹𐍃, 𐍂𐌰𐌲𐌹𐌽𐍉𐌽𐌳𐌹𐌽 𐍀𐌿𐌽𐍄𐌹𐌰𐌿 𐍀𐌴𐌹𐌻𐌰𐍄𐌰𐌿 𐌹𐌿𐌳𐌰𐌹𐌰, 𐌾𐌰𐌷 𐍆𐌹𐌳𐌿𐍂𐍂𐌰𐌲𐌹𐌽𐌾𐌰 𐌸𐌹𐍃 𐌲𐌰𐌻𐌴𐌹𐌻𐌰𐌹𐌰𐍃 𐌷𐌴𐍂𐍉𐌳𐌴𐌹𐍃, 𐍆𐌹𐌻𐌹𐍀𐍀𐌰𐌿𐌶𐌿𐌷 𐌸𐌰𐌽 𐌱𐍂𐍉𐌸𐍂𐍃 𐌹𐍃 𐍆𐌹𐌳𐌿𐍂𐍂𐌰𐌲𐌹𐌽𐌾𐌰 𐌸𐌹𐍃 𐌹𐍄𐌿𐍂𐌰𐌹𐌰𐍃 𐌾𐌰𐌷 𐍄𐍂𐌰𐌺𐌰𐌿𐌽𐌴𐌹𐍄𐌹𐌳𐌰𐌿𐍃 𐌻𐌰𐌽𐌳𐌹𐍃, 𐌾𐌰𐌷 𐌻𐍅𐍃𐌰𐌽𐌹𐌰𐌿𐍃 𐌰𐌱𐌴𐌹𐌻𐌴𐌽𐌴𐍃 𐍆𐌹𐌳𐌿𐍂𐍂𐌰𐌲𐌹𐌽𐌾𐌰,"
Luke,3,2,"𐌰𐍄 𐌰𐌿𐌷𐌼𐌹𐍃𐍄𐌰𐌼 𐌲𐌿𐌳𐌾𐌰𐌼 𐌰𐌽𐌽𐌹𐌽 𐌾𐌰𐌷 𐌺𐌰𐌾𐌰𐍆𐌹𐌽, 𐍅𐌰𐍂𐌸 𐍅𐌰𐌿𐍂𐌳 𐌲𐌿𐌳𐌹𐍃 𐌰𐍄 𐌹𐍉𐌷𐌰𐌽𐌽𐌴𐌽, 𐌶𐌰𐍇𐌰𐍂𐌹𐌹𐌽𐍃 𐍃𐌿𐌽𐌰𐌿, 𐌹𐌽 𐌰𐌿𐌸𐌹𐌳𐌰𐌹."
Luke,3,3,"𐌾𐌰𐌷 𐌵𐌰𐌼 𐌰𐌽𐌳 𐌰𐌻𐌻𐌰𐌽𐍃 𐌲𐌰𐌿𐌾𐌰𐌽𐍃 𐌹𐌰𐌿𐍂𐌳𐌰𐌽𐌰𐌿𐍃 𐌼𐌴𐍂𐌾𐌰𐌽𐌳𐍃 𐌳𐌰𐌿𐍀𐌴𐌹𐌽 𐌹𐌳𐍂𐌴𐌹𐌲𐍉𐍃 𐌳𐌿 𐍆𐍂𐌰𐌻𐌴𐍄𐌰 𐍆𐍂𐌰𐍅𐌰𐌿𐍂𐌷𐍄𐌴,"
Luke,3,4,"𐍃𐍅𐌰𐍃𐍅𐌴 𐌲𐌰𐌼𐌴𐌻𐌹𐌳 𐌹𐍃𐍄 𐌹𐌽 𐌱𐍉𐌺𐍉𐌼 𐍅𐌰𐌿𐍂𐌳𐌴 𐌴𐍃𐌰𐌴𐌹𐌹𐌽𐍃 𐍀𐍂𐌰𐌿𐍆𐌴𐍄𐌰𐌿𐍃 𐌵𐌹𐌸𐌰𐌽𐌳𐌹𐌽𐍃: 𐍃𐍄𐌹𐌱𐌽𐌰 𐍅𐍉𐍀𐌾𐌰𐌽𐌳𐌹𐌽𐍃 𐌹𐌽 𐌰𐌿𐌸𐌹𐌳𐌰𐌹, 𐌼𐌰𐌽𐍅𐌴𐌹𐌳 𐍅𐌹𐌲 𐍆𐍂𐌰𐌿𐌾𐌹𐌽𐍃, 𐍂𐌰𐌹𐌷𐍄𐍉𐍃 𐍅𐌰𐌿𐍂𐌺𐌴𐌹𐌸 𐍃𐍄𐌰𐌹𐌲𐍉𐍃 𐌹𐍃;"
Luke,3,5,"𐌰𐌻𐌻 𐌳𐌰𐌻𐌴𐌹 𐌿𐍃𐍆𐌿𐌻𐌻𐌾𐌰𐌳𐌰 𐌾𐌰𐌷 𐌰𐌻𐌻 𐍆𐌰𐌹𐍂𐌲𐌿𐌽𐌾𐌴 𐌾𐌰𐌷 𐌷𐌻𐌰𐌹𐌽𐌴 𐌲𐌰𐌷𐌽𐌰𐌹𐍅𐌾𐌰𐌳𐌰, 𐌾𐌰𐌷 𐍅𐌰𐌹𐍂𐌸𐌹𐌸 𐌸𐌰𐍄𐌰 𐍅𐍂𐌰𐌹𐌵𐍉 𐌳𐌿 𐍂𐌰𐌹𐌷𐍄𐌰𐌼𐌼𐌰 𐌾𐌰𐌷 𐌿𐍃𐌳𐍂𐌿𐍃𐍄𐌴𐌹𐍃 𐌳𐌿 𐍅𐌹𐌲𐌰𐌼 𐍃𐌻𐌰𐌹𐌷𐍄𐌰𐌹𐌼."
Luke,3,6,𐌾𐌰𐌷 𐌲𐌰𐍃𐌰𐌹𐍈𐌹𐌸 𐌰𐌻𐌻 𐌻𐌴𐌹𐌺𐌴 𐌽𐌰𐍃𐌴𐌹𐌽 𐌲𐌿𐌳𐌹𐍃.
Luke,3,7,"𐌵𐌰𐌸 𐌸𐌰𐌽 𐌳𐌿 𐌸𐌰𐌹𐌼 𐌰𐍄𐌲𐌰𐌲𐌲𐌰𐌽𐌳𐌴𐌹𐌼 𐌼𐌰𐌽𐌰𐌲𐌴𐌹𐌼 𐌳𐌰𐌿𐍀𐌾𐌰𐌽 𐍆𐍂𐌰𐌼 𐍃𐌹𐍃: 𐌺𐌿𐌽𐌹 𐌽𐌰𐌳𐍂𐌴, 𐍈𐌰𐍃 𐌲𐌰𐍄𐌰𐌹𐌺𐌽𐌹𐌳𐌰 𐌹𐌶𐍅𐌹𐍃 𐌸𐌻𐌹𐌿𐌷𐌰𐌽 𐍆𐌰𐌿𐍂𐌰 𐌸𐌰𐌼𐌼𐌰 𐌰𐌽𐌰𐍅𐌰𐌹𐍂𐌸𐌹𐌽 𐌷𐌰𐍄𐌹𐌶𐌰?"
Luke,3,8,𐍅𐌰𐌿𐍂𐌺𐌾𐌰𐌹𐌸 𐌽𐌿 𐌰𐌺𐍂𐌰𐌽 𐍅𐌰𐌹𐍂𐌸𐌰𐍄𐌰 𐌹𐌳𐍂𐌴𐌹𐌲𐍉𐍃 𐌾𐌰𐌷 𐌽𐌹 𐌳𐌿𐌲𐌹𐌽𐌽𐌰𐌹𐌸 𐌵𐌹𐌸𐌰𐌽 𐌹𐌽 𐌹𐌶𐍅𐌹𐍃: 𐌰𐍄𐍄𐌰𐌽 𐌰𐌹𐌲𐌿𐌼 𐌰𐌱𐍂𐌰𐌷𐌰𐌼; 𐌵𐌹𐌸𐌰 𐌰𐌿𐌺 𐌹𐌶𐍅𐌹𐍃 𐌸𐌰𐍄𐌴𐌹 𐌼𐌰𐌲 𐌲𐌿𐌸 𐌿𐍃 𐍃𐍄𐌰𐌹𐌽𐌰𐌼 𐌸𐌰𐌹𐌼 𐌿𐍂𐍂𐌰𐌹𐍃𐌾𐌰𐌽 𐌱𐌰𐍂𐌽𐌰 𐌰𐌱𐍂𐌰𐌷𐌰𐌼𐌰.
Luke,3,9,𐌰𐌸𐌸𐌰𐌽 𐌾𐌿 𐍃𐍉 𐌰𐌵𐌹𐌶𐌹 𐌰𐍄 𐍅𐌰𐌿𐍂𐍄𐌹𐌼 𐌱𐌰𐌲𐌼𐌴 𐌻𐌹𐌲𐌹𐌸: 𐌰𐌻𐌻 𐌽𐌿 𐌱𐌰𐌲𐌼𐌴 𐌿𐌽𐌱𐌰𐌹𐍂𐌰𐌽𐌳𐌰𐌽𐌴 𐌰𐌺𐍂𐌰𐌽 𐌲𐍉𐌳 𐌿𐍃𐌼𐌰𐌹𐍄𐌰𐌳𐌰 𐌾𐌰𐌷 𐌹𐌽 𐍆𐍉𐌽 𐌲𐌰𐌻𐌰𐌲𐌾𐌰𐌳𐌰.
Luke,3,10,𐌾𐌰𐌷 𐍆𐍂𐌴𐌷𐌿𐌽 𐌹𐌽𐌰 𐌼𐌰𐌽𐌰𐌲𐌴𐌹𐌽𐍃 𐌵𐌹𐌸𐌰𐌽𐌳𐌰𐌽𐍃: 𐌰𐌽 𐍈𐌰 𐍄𐌰𐌿𐌾𐌰𐌹𐌼𐌰?
Luke,3,11,"𐌰𐌽𐌳𐌷𐌰𐍆𐌾𐌰𐌽𐌳𐍃 𐌸𐌰𐌽 𐌵𐌰𐌸: 𐍃𐌰 𐌷𐌰𐌱𐌰𐌽𐌳𐍃 𐍄𐍅𐍉𐍃 𐍀𐌰𐌹𐌳𐍉𐍃 𐌲𐌹𐌱𐌰𐌹 𐌸𐌰𐌼𐌼𐌰 𐌿𐌽𐌷𐌰𐌱𐌰𐌽𐌳𐌹𐌽, 𐌾𐌰𐌷 𐍃𐌰𐌴𐌹 𐌷𐌰𐌱𐌰𐌹 𐌼𐌰𐍄𐌹𐌽𐍃, 𐍃𐌰𐌼𐌰𐌻𐌴𐌹𐌺𐍉 𐍄𐌰𐌿𐌾𐌰𐌹."
Luke,3,12,"𐌵𐌴𐌼𐌿𐌽 𐌸𐌰𐌽 𐌼𐍉𐍄𐌰𐍂𐌾𐍉𐍃 𐌳𐌰𐌿𐍀𐌾𐌰𐌽 𐌾𐌰𐌷 𐌵𐌴𐌸𐌿𐌽 𐌳𐌿 𐌹𐌼𐌼𐌰: 𐌻𐌰𐌹𐍃𐌰𐍂𐌹, 𐍈𐌰 𐍄𐌰𐌿𐌾𐌰𐌹𐌼𐌰?"
Luke,3,13,"𐌸𐌰𐍂𐌿𐌷 𐌵𐌰𐌸 𐌳𐌿 𐌹𐌼: 𐌽𐌹 𐍅𐌰𐌹𐌷𐍄 𐌿𐍆𐌰𐍂 𐌸𐌰𐍄𐌴𐌹 𐌲𐌰𐍂𐌰𐌹𐌳 𐍃𐌹𐌾𐌰𐌹 𐌹𐌶𐍅𐌹𐍃, 𐌻𐌰𐌿𐍃𐌾𐌰𐌹𐌸."
Luke,3,14,"𐍆𐍂𐌴𐌷𐌿𐌽 𐌸𐌰𐌽 𐌹𐌽𐌰 𐌾𐌰𐌷 𐌸𐌰𐌹 𐌼𐌹𐌻𐌹𐍄𐍉𐌽𐌳𐌰𐌽𐍃 𐌵𐌹𐌸𐌰𐌽𐌳𐌰𐌽𐍃: 𐌾𐌰𐌷 𐍅𐌴𐌹𐍃 𐍈𐌰 𐍄𐌰𐌿𐌾𐌰𐌹𐌼𐌰? 𐌾𐌰𐌷 𐌵𐌰𐌸 𐌳𐌿 𐌹𐌼: 𐌽𐌹 𐌼𐌰𐌽𐌽𐌰𐌽𐌷𐌿𐌽 𐌷𐍉𐌻𐍉𐌸, 𐌽𐌹 𐌼𐌰𐌽𐌽𐌰𐌽𐌷𐌿𐌽 𐌰𐌽𐌰𐌼𐌰𐌷𐍄𐌾𐌰𐌹𐌳 𐌾𐌰𐌷 𐍅𐌰𐌻𐌳𐌰𐌹𐌸 𐌰𐌽𐌽𐍉𐌼 𐌹𐌶𐍅𐌰𐍂𐌰𐌹𐌼."
Luke,3,15,"𐌰𐍄 𐍅𐌴𐌽𐌾𐌰𐌽𐌳𐌴𐌹𐌽 𐌸𐌰𐌽 𐌰𐌻𐌻𐌰𐌹 𐌼𐌰𐌽𐌰𐌲𐌴𐌹𐌽 𐌾𐌰𐌷 𐌸𐌰𐌲𐌺𐌾𐌰𐌽𐌳𐌰𐌼 𐌰𐌻𐌻𐌰𐌹𐌼 𐌹𐌽 𐌷𐌰𐌹𐍂𐍄𐌰𐌼 𐍃𐌴𐌹𐌽𐌰𐌹𐌼 𐌱𐌹 𐌹𐍉𐌷𐌰𐌽𐌽𐌴𐌹𐌽, 𐌽𐌹𐌿 𐌰𐌿𐍆𐍄𐍉 𐍃𐌰 𐍅𐌴𐍃𐌹 𐍇𐍂𐌹𐍃𐍄𐌿𐍃,"
Luke,3,16,"𐌰𐌽𐌳𐌷𐍉𐍆 𐌸𐌰𐌽 𐌹𐍉𐌷𐌰𐌽𐌽𐌴𐍃 𐌰𐌻𐌻𐌰𐌹𐌼 𐌵𐌹𐌸𐌰𐌽𐌳𐍃: 𐌹𐌺 𐌰𐌻𐌻𐌹𐍃 𐌹𐌶𐍅𐌹𐍃 𐍅𐌰𐍄𐌹𐌽 𐌳𐌰𐌿𐍀𐌾𐌰, 𐌹𐌸 𐌲𐌰𐌲𐌲𐌹𐌸 𐍃𐍅𐌹𐌽𐌸𐍉𐌶𐌰 𐌼𐌹𐍃, 𐌸𐌹𐌶𐌴𐌹 𐌹𐌺 𐌽𐌹 𐌹𐌼 𐍅𐌰𐌹𐍂𐌸𐍃 𐌰𐌽𐌳𐌱𐌹𐌽𐌳𐌰𐌽 𐍃𐌺𐌰𐌿𐌳𐌰𐍂𐌰𐌹𐍀 𐍃𐌺𐍉𐌷𐌹𐍃 𐌹𐍃; 𐍃𐌰𐌷 𐌹𐌶𐍅𐌹𐍃 𐌳𐌰𐌿𐍀𐌴𐌹𐌸 𐌹𐌽 𐌰𐌷𐌼𐌹𐌽 𐍅𐌴𐌹𐌷𐌰𐌼𐌼𐌰 𐌾𐌰𐌷 𐍆𐌿𐌽𐌹𐌽."
Luke,3,17,"𐌷𐌰𐌱𐌰𐌽𐌳𐍃 𐍅𐌹𐌽𐌸𐌹𐍃𐌺𐌰𐌿𐍂𐍉𐌽 𐌹𐌽 𐌷𐌰𐌽𐌳𐌰𐌿 𐍃𐌴𐌹𐌽𐌰𐌹 𐌾𐌰𐌷 𐌲𐌰𐌷𐍂𐌰𐌹𐌽𐌴𐌹𐌸 𐌲𐌰𐌸𐍂𐌰𐍃𐌺 𐍃𐌴𐌹𐌽 𐌾𐌰𐌷 𐌱𐍂𐌹𐌲𐌲𐌹𐌸 𐌺𐌰𐌿𐍂𐌽 𐌹𐌽 𐌱𐌰𐌽𐍃𐍄𐌰 𐍃𐌴𐌹𐌽𐌰𐌼𐌼𐌰, 𐌹𐌸 𐌰𐌷𐌰𐌽𐌰 𐌹𐌽𐍄𐌰𐌽𐌳𐌴𐌹𐌸 𐍆𐌿𐌽𐌹𐌽 𐌿𐌽𐍈𐌰𐍀𐌽𐌰𐌽𐌳𐌹𐌽."
Luke,3,18,𐌼𐌰𐌽𐌰𐌲𐌿𐌸~𐌸𐌰𐌽 𐌾𐌰𐌷 𐌰𐌽𐌸𐌰𐍂 𐌸𐍂𐌰𐍆𐍃𐍄𐌾𐌰𐌽𐌳𐍃 𐌸𐌹𐌿𐌸𐍃𐍀𐌹𐌻𐌻𐍉𐌳𐌰 𐌼𐌰𐌽𐌰𐌲𐌴𐌹𐌽.
Luke,3,19,"𐌹𐌸 𐌷𐌴𐍂𐍉𐌳𐌴𐍃 𐍃𐌰 𐍄𐌰𐌹𐍄𐍂𐌰𐍂𐌺𐌴𐍃 𐌲𐌰𐍃𐌰𐌺𐌰𐌽𐍃 𐍆𐍂𐌰𐌼 𐌹𐌼𐌼𐌰 𐌱𐌹 𐌷𐌴𐍂𐍉𐌳𐌹𐌰𐌳𐌴𐌹𐌽, 𐌵𐌴𐌽 𐌱𐍂𐍉𐌸𐍂𐍃 𐌹𐍃, 𐌾𐌰𐌷 𐌱𐌹 𐌰𐌻𐌻𐌰 𐌸𐍉𐌴𐌹 𐌲𐌰𐍅𐌰𐌿𐍂𐌷𐍄𐌰 𐌿𐌱𐌹𐌻𐌰 𐌷𐌴𐍂𐍉𐌳𐌴𐍃."
Luke,3,20,𐌰𐌽𐌰𐌰𐌹𐌰𐌿𐌺 𐌾𐌰𐌷 𐌸𐌰𐍄𐌰 𐌰𐌽𐌰 𐌰𐌻𐌻𐌰 𐌾𐌰𐌷 𐌲𐌰𐌻𐌰𐌿𐌺 𐌹𐍉𐌷𐌰𐌽𐌽𐌴𐌽 𐌹𐌽 𐌺𐌰𐍂𐌺𐌰𐍂𐌰𐌹.
Luke,3,21,"𐍅𐌰𐍂𐌸 𐌸𐌰𐌽, 𐌱𐌹𐌸𐌴 𐌳𐌰𐌿𐍀𐌹𐌳𐌰 𐌰𐌻𐌻𐌰 𐌼𐌰𐌽𐌰𐌲𐌴𐌹𐌽, 𐌾𐌰𐌷 𐌰𐍄 𐌹𐌴𐍃𐌿 𐌿𐍆𐌳𐌰𐌿𐍀𐌹𐌳𐌰𐌼𐌼𐌰 𐌾𐌰𐌷 𐌱𐌹𐌳𐌾𐌰𐌽𐌳𐌹𐌽 𐌿𐍃𐌻𐌿𐌺𐌽𐍉𐌳𐌰 𐌷𐌹𐌼𐌹𐌽𐍃,"
Luke,3,22,"𐌾𐌰𐌷 𐌰𐍄𐌹𐌳𐌳𐌾𐌰 𐌰𐌷𐌼𐌰 𐍃𐌰 𐍅𐌴𐌹𐌷𐌰 𐌻𐌴𐌹𐌺𐌹𐍃 𐍃𐌹𐌿𐌽𐌰𐌹 𐍃𐍅𐌴 𐌰𐌷𐌰𐌺𐍃 𐌰𐌽𐌰 𐌹𐌽𐌰, 𐌾𐌰𐌷 𐍃𐍄𐌹𐌱𐌽𐌰 𐌿𐍃 𐌷𐌹𐌼𐌹𐌽𐌰 𐍅𐌰𐍂𐌸 𐌵𐌹𐌸𐌰𐌽𐌳𐌴𐌹: 𐌸𐌿 𐌹𐍃 𐍃𐌿𐌽𐌿𐍃 𐌼𐌴𐌹𐌽𐍃 𐍃𐌰 𐌻𐌹𐌿𐌱𐌰, 𐌹𐌽 𐌸𐌿𐌶𐌴𐌹 𐍅𐌰𐌹𐌻𐌰 𐌲𐌰𐌻𐌴𐌹𐌺𐌰𐌹𐌳𐌰."
Luke,3,23,"𐌾𐌰𐌷 𐍃𐌹𐌻𐌱𐌰 𐍅𐌰𐍃 𐌹𐌴𐍃𐌿𐍃 𐍃𐍅𐌴 𐌾𐌴𐍂𐌴 𐌸𐍂𐌹𐌾𐌴 𐍄𐌹𐌲𐌹𐍅𐌴 𐌿𐍆 𐌲𐌰𐌺𐌿𐌽𐌸𐌰𐌹, 𐍃𐍅𐌰𐌴𐌹 𐍃𐌿𐌽𐌿𐍃 𐌼𐌿𐌽𐌳𐍃 𐍅𐌰𐍃 𐌹𐍉𐍃𐌴𐍆𐌹𐍃, 𐍃𐌿𐌽𐌰𐌿𐍃 𐌷𐌴𐌻𐌴𐌹𐍃,"
Luke,3,24,"𐍃𐌿𐌽𐌰𐌿𐍃 𐌼𐌰𐍄𐌸𐌰𐍄𐌹𐍃, 𐍃𐌿𐌽𐌰𐌿𐍃 𐌻𐌰𐌹𐍅𐍅𐌴𐌹𐍃, 𐍃𐌿𐌽𐌰𐌿𐍃 𐌼𐌰𐌹𐌻𐌺𐌴𐌹𐍃, 𐍃𐌿𐌽𐌰𐌿𐍃 𐌾𐌰𐌽𐌽𐌹𐌽𐍃, 𐍃𐌿𐌽𐌰𐌿𐍃 𐌹𐍉𐍃𐌴𐍆𐌹𐍃,"
Luke,3,25,"𐍃𐌿𐌽𐌰𐌿𐍃 𐌼𐌰𐍄𐍄𐌰𐌸𐌹𐍅𐌹𐍃, 𐍃𐌿𐌽𐌰𐌿𐍃 𐌰𐌼𐌼𐍉𐌽𐍃, 𐍃𐌿𐌽𐌰𐌿𐍃 𐌽𐌰𐌿𐌼𐌹𐍃, 𐍃𐌿𐌽𐌰𐌿𐍃 𐌰𐌹𐌶𐌻𐌴𐌹𐌼𐌹𐍃, 𐍃𐌿𐌽𐌰𐌿𐍃 𐌽𐌰𐌲𐌲𐌰𐌹𐍃,"
Luke,3,26,"𐍃𐌿𐌽𐌰𐌿𐍃 𐌼𐌰𐌷𐌰𐌸𐌹𐍃, 𐍃𐌿𐌽𐌰𐌿𐍃 𐌼𐌰𐍄𐍄𐌰𐌸𐌹𐌰𐌿𐍃, 𐍃𐌿𐌽𐌰𐌿𐍃 𐍃𐌰𐌹𐌼𐌰𐌹𐌴𐌹𐌽𐌹𐍃, 𐍃𐌿𐌽𐌰𐌿𐍃 𐌹𐍉𐍃𐌴𐍆𐌹𐍃, 𐍃𐌿𐌽𐌰𐌿𐍃 𐌹𐍉𐌳𐌹𐌽𐍃,"
Luke,3,27,"𐍃𐌿𐌽𐌰𐌿𐍃 𐌹𐍉𐌷𐌰𐌽𐌽𐌹𐌽𐍃, 𐍃𐌿𐌽𐌰𐌿𐍃 𐍂𐌴𐍃𐌹𐌽𐍃, 𐍃𐌿𐌽𐌰𐌿𐍃 𐌶𐌰𐌿𐍂𐌰𐌿𐌱𐌰𐌱𐌹𐌻𐌹𐍃, 𐍃𐌿𐌽𐌰𐌿𐍃 𐍃𐌰𐌻𐌰𐌸𐌹𐌴𐌻𐌹𐍃, 𐍃𐌿𐌽𐌰𐌿𐍃 𐌽𐌴𐍂𐌹𐌽𐍃,"
Luke,3,28,"𐍃𐌿𐌽𐌰𐌿𐍃 𐌼𐌰𐌹𐌻𐌺𐌴𐌹𐌽𐍃, 𐍃𐌿𐌽𐌰𐌿𐍃 𐌰𐌳𐌳𐌴𐌹𐌽𐍃, 𐍃𐌿𐌽𐌰𐌿𐍃 𐌺𐍉𐍃𐌰𐌼𐌹𐍃, 𐍃𐌿𐌽𐌰𐌿𐍃 𐌰𐌹𐍂𐌼𐍉𐌳𐌰𐌼𐌹𐍃, 𐍃𐌿𐌽𐌰𐌿𐍃 𐌷𐌴𐍂𐌹𐍃,"
Luke,3,29,"𐍃𐌿𐌽𐌰𐌿𐍃 𐌹𐍉𐍃𐌴𐌶𐌹𐍃, 𐍃𐌿𐌽𐌰𐌿𐍃 𐌰𐌹𐌻𐌴𐌹𐌰𐌹𐌶𐌰𐌹𐍂𐌹𐍃, 𐍃𐌿𐌽𐌰𐌿𐍃 𐌹𐍉𐍂𐌴𐌹𐌼𐌹𐍃, 𐍃𐌿𐌽𐌰𐌿𐍃 𐌼𐌰𐍄𐍄𐌰𐌸𐌰𐌽𐌹𐍃, 𐍃𐌿𐌽𐌰𐌿𐍃 𐌻𐌰𐌹𐍅𐍅𐌴𐌹𐍃,"
Luke,3,30,"𐍃𐌿𐌽𐌰𐌿𐍃 𐍃𐍅𐌼𐌰𐌹𐍉𐌽𐍃, 𐍃𐌿𐌽𐌰𐌿𐍃 𐌹𐌿𐌳𐌹𐌽𐍃, 𐍃𐌿𐌽𐌰𐌿𐍃 𐌹𐍉𐍃𐌴𐍆𐌹𐍃, 𐍃𐌿𐌽𐌰𐌿𐍃 𐌹𐍉𐌷𐌰𐌽𐌽𐌹𐌽𐍃, 𐍃𐌿𐌽𐌰𐌿𐍃 𐌰𐌹𐌻𐌴𐌹𐌰𐌺𐌴𐌹𐌼𐌹𐍃,"
Luke,3,31,"𐍃𐌿𐌽𐌰𐌿𐍃 𐌼𐌰𐌹𐌻𐌰𐌹𐌰𐌽𐌹𐍃, 𐍃𐌿𐌽𐌰𐌿𐍃 𐌼𐌰𐌴𐌹𐌽𐌰𐌽𐌹𐍃, 𐍃𐌿𐌽𐌰𐌿𐍃 𐌼𐌰𐍄𐍄𐌰𐌸𐌰𐌽𐌹𐍃, 𐍃𐌿𐌽𐌰𐌿𐍃 𐌽𐌰𐌸𐌰𐌽𐌹𐍃, 𐍃𐌿𐌽𐌰𐌿𐍃 𐌳𐌰𐍅𐌴𐌹𐌳𐌹𐍃,"
Luke,3,32,"𐍃𐌿𐌽𐌰𐌿𐍃 𐌹𐌰𐌹𐍃𐍃𐌰𐌹𐌶𐌹𐍃, 𐍃𐌿𐌽𐌰𐌿𐍃 𐍉𐌱𐌴𐌹𐌳𐌹𐍃, 𐍃𐌿𐌽𐌰𐌿𐍃 𐌱𐌰𐌿𐌰𐌿𐌶𐌹𐍃, 𐍃𐌿𐌽𐌰𐌿𐍃 𐍃𐌰𐌻𐌼𐍉𐌽𐌹𐍃, 𐍃𐌿𐌽𐌰𐌿𐍃 𐌽𐌰𐌷𐌰𐍃𐍃𐍉𐌽𐌹𐍃,"
Luke,3,33,"𐍃𐌿𐌽𐌰𐌿𐍃 𐌰𐌼𐌴𐌹𐌽𐌰𐌳𐌰𐌱𐌹𐍃, 𐍃𐌿𐌽𐌰𐌿𐍃 𐌰𐍂𐌰𐌼𐌹𐍃, 𐍃𐌿𐌽𐌰𐌿𐍃 𐌰𐌹𐌶𐍉𐍂𐌹𐍃, 𐍃𐌿𐌽𐌰𐌿𐍃 𐍆𐌰𐍂𐌰𐌹𐌶𐌹𐍃, 𐍃𐌿𐌽𐌰𐌿𐍃 𐌹𐌿𐌳𐌹𐌽𐍃,"
Luke,3,34,"𐍃𐌿𐌽𐌰𐌿𐍃 𐌹𐌰𐌺𐍉𐌱𐌹𐍃, 𐍃𐌿𐌽𐌰𐌿𐍃 𐌹𐍃𐌰𐌺𐌹𐍃, 𐍃𐌿𐌽𐌰𐌿𐍃 𐌰𐌱𐍂𐌰𐌷𐌰𐌼𐌹𐍃, 𐍃𐌿𐌽𐌰𐌿𐍃 Þ𐌰𐍂𐌹𐌽𐍃, 𐍃𐌿𐌽𐌰𐌿𐍃 𐌽𐌰𐌺𐍉𐍂𐌹𐍃,"
Luke,3,35,"𐍃𐌿𐌽𐌰𐌿𐍃 𐍃𐌰𐌹𐍂𐍉𐌺𐌹𐍃, 𐍃𐌿𐌽𐌰𐌿𐍃 𐍂𐌰𐌲𐌰𐍅𐌹𐍃, 𐍃𐌿𐌽𐌰𐌿𐍃 𐍆𐌰𐌻𐌰𐌹𐌲𐌹𐍃, 𐍃𐌿𐌽𐌰𐌿𐍃 𐌰𐌹𐌱𐌰𐌹𐍂𐌹𐍃, 𐍃𐌿𐌽𐌰𐌿𐍃 𐍃𐌰𐌻𐌰𐌼𐌹𐍃,"
Luke,3,36,"𐍃𐌿𐌽𐌰𐌿𐍃 𐌺𐌰𐌴𐌹𐌽𐌰𐌽𐌹𐍃, 𐍃𐌿𐌽𐌰𐌿𐍃 𐌰𐍂𐍆𐌰𐌺𐍃𐌰𐌳𐌹𐍃, 𐍃𐌿𐌽𐌰𐌿𐍃 𐍃𐌴𐌼𐌹𐍃, 𐍃𐌿𐌽𐌰𐌿𐍃 𐌽𐌰𐌿𐌴𐌻𐌹𐍃, 𐍃𐌿𐌽𐌰𐌿𐍃 𐌻𐌰𐌼𐌰𐌹𐌺𐌹𐍃,"
Luke,3,37,"𐍃𐌿𐌽𐌰𐌿𐍃 𐌼𐌰𐌸𐌿𐍃𐌰𐌻𐌹𐍃, 𐍃𐌿𐌽𐌰𐌿𐍃 𐌰𐌹𐌽𐍉𐌺𐌹𐍃, 𐍃𐌿𐌽𐌰𐌿𐍃 𐌹𐌰𐍂𐌴𐌳𐌹𐍃, 𐍃𐌿𐌽𐌰𐌿𐍃 𐌼𐌰𐌻𐌰𐌹𐌻𐌰𐌹𐌴𐌻𐌹𐍃, 𐍃𐌿𐌽𐌰𐌿𐍃 𐌺𐌰𐌴𐌹𐌽𐌰𐌽𐌹𐍃,"
Luke,3,38,"𐍃𐌿𐌽𐌰𐌿𐍃 𐌰𐌹𐌽𐍉𐍃𐌹𐍃, 𐍃𐌿𐌽𐌰𐌿𐍃 𐍃𐌴𐌳𐌹𐍃, 𐍃𐌿𐌽𐌰𐌿𐍃 𐌰𐌳𐌰𐌼𐌹𐍃, 𐍃𐌿𐌽𐌰𐌿𐍃 𐌲𐌿𐌳𐌹𐍃."
Luke,4,1,"𐌹𐌸 𐌹𐌴𐍃𐌿𐍃, 𐌰𐌷𐌼𐌹𐌽𐍃 𐍅𐌴𐌹𐌷𐌹𐍃 𐍆𐌿𐌻𐌻𐍃, 𐌲𐌰𐍅𐌰𐌽𐌳𐌹𐌳𐌰 𐍃𐌹𐌺 𐍆𐍂𐌰𐌼 𐌹𐌰𐌿𐍂𐌳𐌰𐌽𐌰𐌿 𐌾𐌰𐌷 𐍄𐌰𐌿𐌷𐌰𐌽𐍃 𐍅𐌰𐍃 𐌹𐌽 𐌰𐌷𐌼𐌹𐌽 𐌹𐌽 𐌰𐌿𐌸𐌹𐌳𐌰𐌹"
Luke,4,2,"𐌳𐌰𐌲𐌴 𐍆𐌹𐌳𐍅𐍉𐍂 𐍄𐌹𐌲𐌿𐌽𐍃, 𐍆𐍂𐌰𐌹𐍃𐌰𐌽𐍃 𐍆𐍂𐌰𐌼 𐌳𐌹𐌰𐌱𐌿𐌻𐌰𐌿. 𐌾𐌰𐌷 𐌽𐌹 𐌼𐌰𐍄𐌹𐌳𐌰 𐍅𐌰𐌹𐌷𐍄 𐌹𐌽 𐌳𐌰𐌲𐌰𐌼 𐌾𐌰𐌹𐌽𐌰𐌹𐌼, 𐌾𐌰𐌷 𐌰𐍄 𐌿𐍃𐍄𐌰𐌿𐌷𐌰𐌽𐌰𐌹𐌼 𐌸𐌰𐌹𐌼 𐌳𐌰𐌲𐌰𐌼, 𐌱𐌹𐌸𐌴 𐌲𐍂𐌴𐌳𐌰𐌲𐍃 𐍅𐌰𐍂𐌸."
Luke,4,3,"𐌾𐌰𐌷 𐌵𐌰𐌸 𐌳𐌿 𐌹𐌼𐌼𐌰 𐌳𐌹𐌰𐌱𐌿𐌻𐌿𐍃: 𐌾𐌰𐌱𐌰𐌹 𐍃𐌿𐌽𐌰𐌿𐍃 𐍃𐌹𐌾𐌰𐌹𐍃 𐌲𐌿𐌳𐌹𐍃, 𐌵𐌹𐌸 𐌸𐌰𐌼𐌼𐌰 𐍃𐍄𐌰𐌹𐌽𐌰 𐌴𐌹 𐍅𐌰𐌹𐍂𐌸𐌰𐌹 𐌷𐌻𐌰𐌹𐌱𐍃."
Luke,4,4,"𐌾𐌰𐌷 𐌰𐌽𐌳𐌷𐍉𐍆 𐌹𐌴𐍃𐌿𐍃 𐍅𐌹𐌸𐍂𐌰 𐌹𐌽𐌰 𐌵𐌹𐌸𐌰𐌽𐌳𐍃: 𐌲𐌰𐌼𐌴𐌻𐌹𐌳 𐌹𐍃𐍄 𐌸𐌰𐍄𐌴𐌹 𐌽𐌹 𐌱𐌹 𐌷𐌻𐌰𐌹𐌱 𐌰𐌹𐌽𐌰𐌽𐌰 𐌻𐌹𐌱𐌰𐌹𐌳 𐌼𐌰𐌽𐌽𐌰, 𐌰𐌺 𐌱𐌹 𐌰𐌻𐌻 𐍅𐌰𐌿𐍂𐌳𐌴 𐌲𐌿𐌳𐌹𐍃."
Luke,4,5,"𐌾𐌰𐌷 𐌿𐍃𐍄𐌹𐌿𐌷𐌰𐌽𐌳𐍃 𐌹𐌽𐌰 𐌳𐌹𐌰𐌱𐌿𐌻𐌰𐌿𐍃 𐌰𐌽𐌰 𐍆𐌰𐌹𐍂𐌲𐌿𐌽𐌹 𐌷𐌰𐌿𐌷𐌰𐍄𐌰, 𐌰𐍄𐌰𐌿𐌲𐌹𐌳𐌰 𐌹𐌼𐌼𐌰 𐌰𐌻𐌻𐌰𐌽𐍃 𐌸𐌹𐌿𐌳𐌹𐌽𐌰𐍃𐍃𐌿𐌽𐍃 𐌸𐌹𐍃 𐌼𐌹𐌳𐌾𐌿𐌽𐌲𐌰𐍂𐌳𐌹𐍃 𐌹𐌽 𐍃𐍄𐌹𐌺𐌰 𐌼𐌴𐌻𐌹𐍃."
Luke,4,6,"𐌾𐌰𐌷 𐌵𐌰𐌸 𐌳𐌿 𐌹𐌼𐌼𐌰 𐍃𐌰 𐌳𐌹𐌰𐌱𐌿𐌻𐌿𐍃: 𐌸𐌿𐍃 𐌲𐌹𐌱𐌰 𐌸𐌰𐍄𐌰 𐍅𐌰𐌻𐌳𐌿𐍆𐌽𐌹 𐌸𐌹𐌶𐌴 𐌰𐌻𐌻𐌰𐍄𐌰 𐌾𐌰𐌷 𐍅𐌿𐌻𐌸𐌿 𐌹𐌶𐌴, 𐌿𐌽𐍄𐌴 𐌼𐌹𐍃 𐌰𐍄𐌲𐌹𐌱𐌰𐌽 𐌹𐍃𐍄, 𐌾𐌰𐌷 𐌸𐌹𐍃𐍈𐌰𐌼𐌼𐌴𐌷 𐌸𐌴𐌹 𐍅𐌹𐌻𐌾𐌰𐌿, 𐌲𐌹𐌱𐌰 𐌸𐌰𐍄𐌰."
Luke,4,7,"𐌸𐌿 𐌽𐌿 𐌾𐌰𐌱𐌰𐌹 𐌹𐌽𐍅𐌴𐌹𐍄𐌹𐍃 𐌼𐌹𐌺 𐌹𐌽 𐌰𐌽𐌳𐍅𐌰𐌹𐍂𐌸𐌾𐌰 𐌼𐌴𐌹𐌽𐌰𐌼𐌼𐌰, 𐍅𐌰𐌹𐍂𐌸𐌹𐌸 𐌸𐌴𐌹𐌽 𐌰𐌻𐌻."
Luke,4,8,"𐌾𐌰𐌷 𐌰𐌽𐌳𐌷𐌰𐍆𐌾𐌰𐌽𐌳𐍃 𐌹𐌼𐌼𐌰 𐌹𐌴𐍃𐌿𐍃 𐌵𐌰𐌸: 𐌲𐌰𐌼𐌴𐌻𐌹𐌳 𐌹𐍃𐍄, 𐍆𐍂𐌰𐌿𐌾𐌰𐌽 𐌲𐌿𐌸 𐌸𐌴𐌹𐌽𐌰𐌽𐌰 𐌹𐌽𐍅𐌴𐌹𐍄𐌰𐌹𐍃 𐌾𐌰𐌷 𐌹𐌼𐌼𐌰 𐌰𐌹𐌽𐌰𐌼𐌼𐌰 𐍆𐌿𐌻𐌻𐌰𐍆𐌰𐌷𐌾𐌰𐌹𐍃."
Luke,4,9,"𐌸𐌰𐌸𐍂𐍉𐌷 𐌲𐌰𐍄𐌰𐌿𐌷 𐌹𐌽𐌰 𐌹𐌽 𐌹𐌰𐌹𐍂𐌿𐍃𐌰𐌻𐌴𐌼 𐌾𐌰𐌷 𐌲𐌰𐍃𐌰𐍄𐌹𐌳𐌰 𐌹𐌽𐌰 𐌰𐌽𐌰 𐌲𐌹𐌱𐌻𐌹𐌽 𐌰𐌻𐌷𐍃 𐌾𐌰𐌷 𐌵𐌰𐌸 𐌳𐌿 𐌹𐌼𐌼𐌰: 𐌾𐌰𐌱𐌰𐌹 𐍃𐌿𐌽𐌿𐍃 𐍃𐌹𐌾𐌰𐌹𐍃 𐌲𐌿𐌳𐌹𐍃, 𐍅𐌰𐌹𐍂𐍀 𐌸𐌿𐌺 𐌸𐌰𐌸𐍂𐍉 𐌳𐌰𐌻𐌰𐌸;"
Luke,4,10,"𐌲𐌰𐌼𐌴𐌻𐌹𐌳 𐌹𐍃𐍄 𐌰𐌿𐌺 𐌸𐌰𐍄𐌴𐌹 𐌰𐌲𐌲𐌹𐌻𐌿𐌼 𐍃𐌴𐌹𐌽𐌰𐌹𐌼 𐌰𐌽𐌰𐌱𐌹𐌿𐌳𐌹𐌸 𐌱𐌹 𐌸𐌿𐌺 𐌳𐌿 𐌲𐌰𐍆𐌰𐍃𐍄𐌰𐌽 𐌸𐌿𐌺,"
Luke,4,11,"𐌾𐌰𐌷 𐌸𐌰𐍄𐌴𐌹 𐌰𐌽𐌰 𐌷𐌰𐌽𐌳𐌿𐌼 𐌸𐌿𐌺 𐌿𐍆𐌷𐌰𐌱𐌰𐌽𐌳, 𐌴𐌹 𐍈𐌰𐌽 𐌽𐌹 𐌲𐌰𐍃𐍄𐌰𐌲𐌵𐌾𐌰𐌹𐍃 𐌱𐌹 𐍃𐍄𐌰𐌹𐌽𐌰 𐍆𐍉𐍄𐌿 𐌸𐌴𐌹𐌽𐌰𐌽𐌰."
Luke,4,12,𐌾𐌰𐌷 𐌰𐌽𐌳𐌷𐌰𐍆𐌾𐌰𐌽𐌳𐍃 𐌵𐌰𐌸 𐌹𐌼𐌼𐌰 𐌹𐌴𐍃𐌿𐍃 𐌸𐌰𐍄𐌴𐌹 𐌵𐌹𐌸𐌰𐌽 𐌹𐍃𐍄: 𐌽𐌹 𐍆𐍂𐌰𐌹𐍃𐌰𐌹𐍃 𐍆𐍂𐌰𐌿𐌾𐌰𐌽 𐌲𐌿𐌸 𐌸𐌴𐌹𐌽𐌰𐌽𐌰.
Luke,4,13,"𐌾𐌰𐌷 𐌿𐍃𐍄𐌹𐌿𐌷𐌰𐌽𐌳𐍃 𐌰𐌻𐌻 𐍆𐍂𐌰𐌹𐍃𐍄𐍉𐌱𐌽𐌾𐍉 𐌳𐌹𐌰𐌱𐌿𐌻𐌿𐍃, 𐌰𐍆𐍃𐍄𐍉𐌸 𐍆𐌰𐌹𐍂𐍂𐌰 𐌹𐌼𐌼𐌰 𐌿𐌽𐌳 𐌼𐌴𐌻."
Luke,4,14,"𐌾𐌰𐌷 𐌲𐌰𐍅𐌰𐌽𐌳𐌹𐌳𐌰 𐍃𐌹𐌺 𐌹𐌴𐍃𐌿𐍃 𐌹𐌽 𐌼𐌰𐌷𐍄𐌰𐌹 𐌰𐌷𐌼𐌹𐌽𐍃 𐌹𐌽 𐌲𐌰𐌻𐌴𐌹𐌻𐌰𐌹𐌰𐌽, 𐌾𐌰𐌷 𐌼𐌴𐍂𐌹𐌸𐌰 𐌿𐍂𐍂𐌰𐌽𐌽 𐌰𐌽𐌳 𐌰𐌻𐌻 𐌲𐌰𐍅𐌹 𐌱𐌹𐍃𐌹𐍄𐌰𐌽𐌳𐌴 𐌱𐌹 𐌹𐌽𐌰."
Luke,4,15,"𐌾𐌰𐌷 𐌹𐍃 𐌻𐌰𐌹𐍃𐌹𐌳𐌰 𐌹𐌽 𐌲𐌰𐌵𐌿𐌼𐌸𐌹𐌼 𐌹𐌶𐌴, 𐌼𐌹𐌺𐌹𐌻𐌹𐌳𐍃 𐍆𐍂𐌰𐌼 𐌰𐌻𐌻𐌰𐌹𐌼."
Luke,4,16,"𐌾𐌰𐌷 𐌵𐌰𐌼 𐌹𐌽 𐌽𐌰𐌶𐌰𐍂𐌰𐌹𐌸, 𐌸𐌰𐍂𐌴𐌹 𐍅𐌰𐍃 𐍆𐍉𐌳𐌹𐌸𐍃, 𐌾𐌰𐌷 𐌲𐌰𐌻𐌰𐌹𐌸 𐌹𐌽𐌽 𐌱𐌹 𐌱𐌹𐌿𐌷𐍄𐌾𐌰 𐍃𐌴𐌹𐌽𐌰𐌼𐌼𐌰 𐌹𐌽 𐌳𐌰𐌲𐌰 𐍃𐌰𐌱𐌱𐌰𐍄𐍉 𐌹𐌽 𐍃𐍅𐌽𐌰𐌲𐍉𐌲𐌴𐌹𐌽 𐌾𐌰𐌷 𐌿𐍃𐍃𐍄𐍉𐌸 𐍃𐌹𐌲𐌲𐍅𐌰𐌽 𐌱𐍉𐌺𐍉𐍃."
Luke,4,17,"𐌾𐌰𐌷 𐌰𐍄𐌲𐌹𐌱𐌰𐌽𐍉𐍃 𐍅𐌴𐍃𐌿𐌽 𐌹𐌼𐌼𐌰 𐌱𐍉𐌺𐍉𐍃 𐌴𐌹𐍃𐌰𐌴𐌹𐌹𐌽𐍃 𐍀𐍂𐌰𐌿𐍆𐌴𐍄𐌿𐍃, 𐌾𐌰𐌷 𐌿𐍃𐌻𐌿𐌺𐌰𐌽𐌳𐍃 𐌸𐍉𐍃 𐌱𐍉𐌺𐍉𐍃 𐌱𐌹𐌲𐌰𐍄 𐍃𐍄𐌰𐌳, 𐌸𐌰𐍂𐌴𐌹 𐍅𐌰𐍃 𐌲𐌰𐌼𐌴𐌻𐌹𐌳:"
Luke,4,18,"𐌰𐌷𐌼𐌰 𐍆𐍂𐌰𐌿𐌾𐌹𐌽𐍃 𐌰𐌽𐌰 𐌼𐌹𐍃, 𐌹𐌽 𐌸𐌹𐌶𐌴𐌹 𐌲𐌰𐍃𐌰𐌻𐌱𐍉𐌳𐌰 𐌼𐌹𐌺 𐌳𐌿 𐍅𐌰𐌹𐌻𐌰𐌼𐌴𐍂𐌾𐌰𐌽 𐌿𐌽𐌻𐌴𐌳𐌰𐌹𐌼, 𐌹𐌽𐍃𐌰𐌽𐌳𐌹𐌳𐌰 𐌼𐌹𐌺 𐌳𐌿 𐌲𐌰𐌽𐌰𐍃𐌾𐌰𐌽 𐌸𐌰𐌽𐍃 𐌲𐌰𐌼𐌰𐌻𐍅𐌹𐌳𐌰𐌽𐍃 𐌷𐌰𐌹𐍂𐍄𐌹𐌽,"
Luke,4,19,"𐌼𐌴𐍂𐌾𐌰𐌽 𐍆𐍂𐌰𐌷𐌿𐌽𐌸𐌰𐌽𐌰𐌹𐌼 𐍆𐍂𐌰𐌻𐌴𐍄 𐌾𐌰𐌷 𐌱𐌻𐌹𐌽𐌳𐌰𐌹𐌼 𐍃𐌹𐌿𐌽, 𐍆𐍂𐌰𐌻𐌴𐍄𐌰𐌽 𐌲𐌰𐌼𐌰𐌹𐌳𐌰𐌽𐍃 𐌹𐌽 𐌲𐌰𐌸𐍂𐌰𐍆𐍃𐍄𐌴𐌹𐌽, 𐌼𐌴𐍂𐌾𐌰𐌽 𐌾𐌴𐍂 𐍆𐍂𐌰𐌿𐌾𐌹𐌽𐍃 𐌰𐌽𐌳𐌰𐌽𐌴𐌼."
Luke,4,20,𐌾𐌰𐌷 𐍆𐌰𐌹𐍆𐌰𐌻𐌸 𐌸𐍉𐍃 𐌱𐍉𐌺𐍉𐍃 𐌾𐌰𐌷 𐌿𐍃𐌲𐌹𐌱𐌰𐌽𐌳𐍃 𐌰𐌽𐌳𐌱𐌰𐌷𐍄𐌰 𐌲𐌰𐍃𐌰𐍄. 𐌾𐌰𐌷 𐌰𐌻𐌻𐌰𐌹𐌼 𐌹𐌽 𐌸𐌹𐌶𐌰𐌹 𐍃𐍅𐌽𐌰𐌲𐍉𐌲𐌴𐌹𐌽 𐍅𐌴𐍃𐌿𐌽 𐌰𐌿𐌲𐍉𐌽𐌰 𐍆𐌰𐌹𐍂𐍅𐌴𐌹𐍄𐌾𐌰𐌽𐌳𐍉𐌽𐌰 𐌳𐌿 𐌹𐌼𐌼𐌰.
Luke,4,21,𐌳𐌿𐌲𐌰𐌽𐌽 𐌸𐌰𐌽 𐍂𐍉𐌳𐌾𐌰𐌽 𐌳𐌿 𐌹𐌼 𐌸𐌰𐍄𐌴𐌹 𐌷𐌹𐌼𐌼𐌰 𐌳𐌰𐌲𐌰 𐌿𐍃𐍆𐌿𐌻𐌻𐌽𐍉𐌳𐌴𐌳𐌿𐌽 𐌼𐌴𐌻𐌰 𐌸𐍉 𐌹𐌽 𐌰𐌿𐍃𐌰𐌼 𐌹𐌶𐍅𐌰𐍂𐌰𐌹𐌼.
Luke,4,22,𐌾𐌰𐌷 𐌰𐌻𐌻𐌰𐌹 𐌰𐌻𐌰𐌺𐌾𐍉 𐍅𐌴𐌹𐍄𐍅𐍉𐌳𐌹𐌳𐌴𐌳𐌿𐌽 𐌹𐌼𐌼𐌰 𐌾𐌰𐌷 𐍃𐌹𐌻𐌳𐌰𐌻𐌴𐌹𐌺𐌹𐌳𐌴𐌳𐌿𐌽 𐌱𐌹 𐌸𐍉 𐍅𐌰𐌿𐍂𐌳𐌰 𐌰𐌽𐍃𐍄𐌰𐌹𐍃 𐌸𐍉 𐌿𐍃𐌲𐌰𐌲𐌲𐌰𐌽𐌳𐍉𐌽𐌰 𐌿𐍃 𐌼𐌿𐌽𐌸𐌰 𐌹𐍃 𐌾𐌰𐌷 𐌵𐌴𐌸𐌿𐌽: 𐌽𐌹𐌿 𐍃𐌰 𐌹𐍃𐍄 𐍃𐌿𐌽𐌿𐍃 𐌹𐍉𐍃𐌴𐍆𐌹𐍃?
Luke,4,23,"𐌾𐌰𐌷 𐌵𐌰𐌸 𐌳𐌿 𐌹𐌼: 𐌰𐌿𐍆𐍄𐍉 𐌵𐌹𐌸𐌹𐌸 𐌼𐌹𐍃 𐌸𐍉 𐌲𐌰𐌾𐌿𐌺𐍉𐌽: 𐌸𐌿 𐌻𐌴𐌹𐌺𐌹, 𐌷𐌰𐌹𐌻𐌴𐌹 𐌸𐌿𐌺 𐍃𐌹𐌻𐌱𐌰𐌽; 𐍈𐌰𐌽 𐍆𐌹𐌻𐌿 𐌷𐌰𐌿𐍃𐌹𐌳𐌴𐌳𐌿𐌼 𐍅𐌰𐌿𐍂𐌸𐌰𐌽 𐌹𐌽 𐌺𐌰𐍆𐌰𐍂𐌽𐌰𐌿𐌼, 𐍄𐌰𐍅𐌴𐌹 𐌾𐌰𐌷 𐌷𐌴𐍂 𐌹𐌽 𐌲𐌰𐌱𐌰𐌿𐍂𐌸𐌰𐌹 𐌸𐌴𐌹𐌽𐌰𐌹."
Luke,4,24,"𐌵𐌰𐌸 𐌸𐌰𐌽: 𐌰𐌼𐌴𐌽 𐌹𐌶𐍅𐌹𐍃 𐌵𐌹𐌸𐌰, 𐌸𐌰𐍄𐌴𐌹 𐌽𐌹 𐌰𐌹𐌽𐍃𐌷𐌿𐌽 𐍀𐍂𐌰𐌿𐍆𐌴𐍄𐌴 𐌰𐌽𐌳𐌰𐌽𐌴𐌼𐍃 𐌹𐍃𐍄 𐌹𐌽 𐌲𐌰𐌱𐌰𐌿𐍂𐌸𐌰𐌹 𐍃𐌴𐌹𐌽𐌰𐌹:"
Luke,4,25,"𐌰𐌸𐌸𐌰𐌽 𐌱𐌹 𐍃𐌿𐌽𐌾𐌰𐌹 𐌵𐌹𐌸𐌰 𐌹𐌶𐍅𐌹𐍃 𐌸𐌰𐍄𐌴𐌹 𐌼𐌰𐌽𐌰𐌲𐍉𐍃 𐍅𐌹𐌳𐌿𐍅𐍉𐌽𐍃 𐍅𐌴𐍃𐌿𐌽 𐌹𐌽 𐌳𐌰𐌲𐌰𐌼 𐌷𐌴𐌻𐌴𐌹𐌹𐌽𐍃 𐌹𐌽 𐌹𐍃𐍂𐌰𐌴𐌻𐌰, 𐌸𐌰𐌽 𐌲𐌰𐌻𐌿𐌺𐌽𐍉𐌳𐌰 𐌷𐌹𐌼𐌹𐌽𐍃 𐌳𐌿 𐌾𐌴𐍂𐌰𐌼 𐌸𐍂𐌹𐌼 𐌾𐌰𐌷 𐌼𐌴𐌽𐍉𐌸𐍃 𐍃𐌰𐌹𐌷𐍃, 𐍃𐍅𐌴 𐍅𐌰𐍂𐌸 𐌷𐌿𐌷𐍂𐌿𐍃 𐌼𐌹𐌺𐌹𐌻𐍃 𐌰𐌽𐌳 𐌰𐌻𐌻𐌰 𐌰𐌹𐍂𐌸𐌰:"
Luke,4,26,"𐌾𐌰𐌷 𐌽𐌹 𐌳𐌿 𐌰𐌹𐌽𐌰𐌹𐌷𐌿𐌽 𐌸𐌹𐌶𐍉 𐌹𐌽𐍃𐌰𐌽𐌳𐌹𐌸𐍃 𐍅𐌰𐍃 𐌷𐌴𐌻𐌹𐌰𐍃, 𐌰𐌻𐌾𐌰 𐌹𐌽 𐍃𐌰𐍂𐌰𐌹𐍀𐍄𐌰 𐍃𐌴𐌹𐌳𐍉𐌽𐌰𐌹𐍃 𐌳𐌿 𐌵𐌹𐌽𐍉𐌽 𐍅𐌹𐌳𐌿𐍅𐍉𐌽."
Luke,4,27,"𐌾𐌰𐌷 𐌼𐌰𐌽𐌰𐌲𐌰𐌹 𐌸𐍂𐌿𐍄𐍃𐍆𐌹𐌻𐌻𐌰𐌹 𐍅𐌴𐍃𐌿𐌽 𐌿𐍆 𐌷𐌰𐌹𐌻𐌴𐌹𐍃𐌰𐌹𐌿 𐍀𐍂𐌰𐌿𐍆𐌴𐍄𐌰𐌿 𐌹𐌽 𐌹𐍃𐍂𐌰𐌴𐌻𐌰, 𐌾𐌰𐌷 𐌽𐌹 𐌰𐌹𐌽𐍃𐌷𐌿𐌽 𐌹𐌶𐌴 𐌲𐌰𐌷𐍂𐌰𐌹𐌽𐌹𐌳𐍃 𐍅𐌰𐍃, 𐌰𐌻𐌾𐌰 𐌽𐌰𐌹𐌼𐌰𐌽 𐍃𐌰 𐍃𐌰𐌿𐍂."
Luke,4,28,𐌾𐌰𐌷 𐍆𐌿𐌻𐌻𐌰𐌹 𐍅𐌰𐌿𐍂𐌸𐌿𐌽 𐌰𐌻𐌻𐌰𐌹 𐌼𐍉𐌳𐌹𐍃 𐌹𐌽 𐌸𐌹𐌶𐌰𐌹 𐍃𐍅𐌽𐌰𐌲𐍉𐌲𐌴𐌹𐌽 𐌷𐌰𐌿𐍃𐌾𐌰𐌽𐌳𐌰𐌽𐍃 𐌸𐌰𐍄𐌰.
Luke,4,29,"𐌾𐌰𐌷 𐌿𐍃𐍃𐍄𐌰𐌽𐌳𐌰𐌽𐍃 𐌿𐍃𐌺𐌿𐍃𐌿𐌽 𐌹𐌼𐌼𐌰 𐌿𐍄 𐌿𐍃 𐌱𐌰𐌿𐍂𐌲 𐌾𐌰𐌷 𐌱𐍂𐌰𐌷𐍄𐌴𐌳𐌿𐌽 𐌹𐌽𐌰 𐌿𐌽𐌳 𐌰𐌿𐌷𐌼𐌹𐍃𐍄𐍉 𐌸𐌹𐍃 𐍆𐌰𐌹𐍂𐌲𐌿𐌽𐌾𐌹𐍃 𐌰𐌽𐌰 𐌸𐌰𐌼𐌼𐌴𐌹 𐍃𐍉 𐌱𐌰𐌿𐍂𐌲𐍃 𐌹𐌶𐌴 𐌲𐌰𐍄𐌹𐌼𐍂𐌹𐌳𐌰 𐍅𐌰𐍃, 𐌳𐌿 𐌰𐍆𐌳𐍂𐌰𐌿𐍃𐌾𐌰𐌽 𐌹𐌽𐌰 𐌸𐌰𐌸𐍂𐍉."
Luke,4,30,𐌹𐌸 𐌹𐍃 𐌸𐌰𐌹𐍂𐌷𐌻𐌴𐌹𐌸𐌰𐌽𐌳𐍃 𐌸𐌰𐌹𐍂𐌷 𐌼𐌹𐌳𐌾𐌰𐌽𐍃 𐌹𐌽𐍃 𐌹𐌳𐌳𐌾𐌰.
Luke,4,31,"𐌾𐌰𐌷 𐌲𐌰𐌻𐌰𐌹𐌸 𐌹𐌽 𐌺𐌰𐍆𐌰𐍂𐌽𐌰𐌿𐌼, 𐌱𐌰𐌿𐍂𐌲 𐌲𐌰𐌻𐌴𐌹𐌻𐌰𐌹𐌰𐍃 𐌾𐌰𐌷 𐍅𐌰𐍃 𐌻𐌰𐌹𐍃𐌾𐌰𐌽𐌳𐍃 𐌹𐌽𐍃 𐌹𐌽 𐍃𐌰𐌱𐌱𐌰𐍄𐌹𐌼."
Luke,4,32,"𐌾𐌰𐌷 𐍃𐌹𐌻𐌳𐌰𐌻𐌴𐌹𐌺𐌹𐌳𐌴𐌳𐌿𐌽 𐌱𐌹 𐌸𐍉 𐌻𐌰𐌹𐍃𐌴𐌹𐌽 𐌹𐍃, 𐌿𐌽𐍄𐌴 𐌹𐌽 𐍅𐌰𐌻𐌳𐌿𐍆𐌽𐌾𐌰 𐍅𐌰𐍃 𐍅𐌰𐌿𐍂𐌳 𐌹𐍃."
Luke,4,33,"𐌾𐌰𐌷 𐌹𐌽 𐌸𐌹𐌶𐌰𐌹 𐍃𐍅𐌽𐌰𐌲𐍉𐌲𐌴𐌹𐌽 𐍅𐌰𐍃 𐌼𐌰𐌽𐌽𐌰 𐌷𐌰𐌱𐌰𐌽𐌳𐍃 𐌰𐌷𐌼𐌰𐌽 𐌿𐌽𐌷𐌿𐌻𐌸𐍉𐌽𐍃 𐌿𐌽𐌷𐍂𐌰𐌹𐌽𐌾𐌰𐌽𐌰 𐌾𐌰𐌷 𐌿𐍆𐌷𐍂𐍉𐍀𐌹𐌳𐌰,"
Luke,4,34,"𐌵𐌹𐌸𐌰𐌽𐌳𐍃: 𐌻𐌴𐍄! 𐍈𐌰 𐌿𐌽𐍃 𐌾𐌰𐌷 𐌸𐌿𐍃, 𐌹𐌴𐍃𐌿 𐌽𐌰𐌶𐍉𐍂𐌴𐌽𐌿? 𐌵𐌰𐌼𐍄 𐍆𐍂𐌰𐌵𐌹𐍃𐍄𐌾𐌰𐌽 𐌿𐌽𐍃𐌹𐍃? 𐌺𐌰𐌽𐌽 𐌸𐌿𐌺, 𐍈𐌰𐍃 𐌹𐍃, 𐍃𐌰 𐍅𐌴𐌹𐌷𐌰 𐌲𐌿𐌳𐌹𐍃."
Luke,4,35,"𐌾𐌰𐌷 𐌲𐌰𐍈𐍉𐍄𐌹𐌳𐌰 𐌹𐌼𐌼𐌰 𐌹𐌴𐍃𐌿𐍃 𐌵𐌹𐌸𐌰𐌽𐌳𐍃: 𐌰𐍆𐌳𐍉𐌱𐌽 𐌾𐌰𐌷 𐌿𐍃𐌲𐌰𐌲𐌲 𐌿𐍃 𐌸𐌰𐌼𐌼𐌰. 𐌾𐌰𐌷 𐌲𐌰𐍅𐌰𐌹𐍂𐍀𐌰𐌽𐌳𐍃 𐌹𐌽𐌰 𐍃𐌰 𐌿𐌽𐌷𐌿𐌻𐌸𐌰 𐌹𐌽 𐌼𐌹𐌳𐌾𐌰𐌹𐌼 𐌿𐍂𐍂𐌰𐌽𐌽 𐌰𐍆 𐌹𐌼𐌼𐌰, 𐌽𐌹 𐍅𐌰𐌹𐌷𐍄𐌰𐌹 𐌲𐌰𐍃𐌺𐌰𐌸𐌾𐌰𐌽𐌳𐍃 𐌹𐌼𐌼𐌰."
Luke,4,36,"𐌾𐌰𐌷 𐍅𐌰𐍂𐌸 𐌰𐍆𐍃𐌻𐌰𐌿𐌸𐌽𐌰𐌽 𐌰𐌻𐌻𐌰𐌽𐍃, 𐌾𐌰𐌷 𐍂𐍉𐌳𐌹𐌳𐌴𐌳𐌿𐌽 𐌳𐌿 𐍃𐌹𐍃 𐌼𐌹𐍃𐍃𐍉 𐌵𐌹𐌸𐌰𐌽𐌳𐌰𐌽𐍃: 𐍈𐌰 𐍅𐌰𐌿𐍂𐌳𐌴 𐌸𐌰𐍄𐌰, 𐌸𐌰𐍄𐌴𐌹 𐌼𐌹𐌸 𐍅𐌰𐌻𐌳𐌿𐍆𐌽𐌾𐌰 𐌾𐌰𐌷 𐌼𐌰𐌷𐍄𐌰𐌹 𐌰𐌽𐌰𐌱𐌹𐌿𐌳𐌹𐌸 𐌸𐌰𐌹𐌼 𐌿𐌽𐌷𐍂𐌰𐌹𐌽𐌾𐌰𐌼 𐌰𐌷𐌼𐌰𐌼 𐌾𐌰𐌷 𐌿𐍃𐌲𐌰𐌲𐌲𐌰𐌽𐌳?"
Luke,4,37,𐌾𐌰𐌷 𐌿𐍃𐌹𐌳𐌳𐌾𐌰 𐌼𐌴𐍂𐌹𐌸𐌰 𐍆𐍂𐌰𐌼 𐌹𐌼𐌼𐌰 𐌰𐌽𐌳 𐌰𐌻𐌻𐌰𐌽𐍃 𐍃𐍄𐌰𐌳𐌹𐌽𐍃 𐌸𐌹𐍃 𐌱𐌹𐍃𐌿𐌽𐌾𐌰𐌽𐌴 𐌻𐌰𐌽𐌳𐌹𐍃.
Luke,4,38,"𐌿𐍃𐍃𐍄𐌰𐌽𐌳𐌰𐌽𐌳𐍃 𐌸𐌰𐌽 𐌿𐍃 𐌸𐌹𐌶𐌰𐌹 𐍃𐍅𐌽𐌰𐌲𐍉𐌲𐌰𐌹 𐌲𐌰𐌻𐌰𐌹𐌸 𐌹𐌽 𐌲𐌰𐍂𐌳 𐍃𐌴𐌹𐌼𐍉𐌽𐌹𐍃. 𐍃𐍅𐌰𐌹𐌷𐍂𐍉 𐌸𐌰𐌽 𐌸𐌹𐍃 𐍃𐌴𐌹𐌼𐍉𐌽𐌹𐍃 𐍅𐌰𐍃 𐌰𐌽𐌰𐌷𐌰𐌱𐌰𐌹𐌳𐌰 𐌱𐍂𐌹𐌽𐌽𐍉𐌽 𐌼𐌹𐌺𐌹𐌻𐌰𐌹, 𐌾𐌰𐌷 𐌱𐌴𐌳𐌿𐌽 𐌹𐌽𐌰 𐌱𐌹 𐌸𐍉."
Luke,4,39,"𐌾𐌰𐌷 𐌰𐍄𐍃𐍄𐌰𐌽𐌳𐌰𐌽𐌳𐍃 𐌿𐍆𐌰𐍂 𐌹𐌾𐌰 𐌲𐌰𐍃𐍉𐌺 𐌸𐌹𐌶𐌰𐌹 𐌱𐍂𐌹𐌽𐌽𐍉𐌽, 𐌾𐌰𐌷 𐌰𐍆𐌻𐌰𐌹𐌻𐍉𐍄 𐌹𐌾𐌰. 𐍃𐌿𐌽𐍃𐌰𐌹𐍅 𐌸𐌰𐌽 𐌿𐍃𐍃𐍄𐌰𐌽𐌳𐌰𐌽𐌳𐌴𐌹 𐌰𐌽𐌳𐌱𐌰𐌷𐍄𐌹𐌳𐌰 𐌹𐌼."
Luke,4,40,"𐌼𐌹𐌸𐌸𐌰𐌽𐌴𐌹 𐌸𐌰𐌽 𐍃𐌰𐌲𐌵 𐍃𐌿𐌽𐌽𐍉, 𐌰𐌻𐌻𐌰𐌹 𐍃𐍅𐌰 𐌼𐌰𐌽𐌰𐌲𐌰𐌹 𐍃𐍅𐌴 𐌷𐌰𐌱𐌰𐌹𐌳𐌴𐌳𐌿𐌽 𐍃𐌹𐌿𐌺𐌰𐌽𐍃 𐍃𐌰𐌿𐌷𐍄𐌹𐌼 𐌼𐌹𐍃𐍃𐌰𐌻𐌴𐌹𐌺𐌰𐌹𐌼, 𐌱𐍂𐌰𐌷𐍄𐌴𐌳𐌿𐌽 𐌹𐌽𐍃 𐌰𐍄 𐌹𐌼𐌼𐌰: 𐌹𐌸 𐌹𐍃 𐌰𐌹𐌽𐍈𐌰𐍂𐌾𐌰𐌼𐌼𐌴𐌷 𐌹𐌶𐌴 𐌷𐌰𐌽𐌳𐌿𐌽𐍃 𐌰𐌽𐌰𐌻𐌰𐌲𐌾𐌰𐌽𐌳𐍃 𐌲𐌰𐌷𐌰𐌹𐌻𐌹𐌳𐌰 𐌹𐌽𐍃."
Luke,4,41,"𐌿𐍃𐌹𐌳𐌳𐌾𐌴𐌳𐌿𐌽 𐌸𐌰𐌽 𐌾𐌰𐌷 𐌿𐌽𐌷𐌿𐌻𐌸𐍉𐌽𐍃 𐌰𐍆 𐌼𐌰𐌽𐌰𐌲𐌰𐌹𐌼 𐌷𐍂𐍉𐍀𐌾𐌰𐌽𐌳𐌴𐌹𐌽𐍃 𐌾𐌰𐌷 𐌵𐌹𐌸𐌰𐌽𐌳𐌴𐌹𐌽𐍃 𐌸𐌰𐍄𐌴𐌹 𐌸𐌿 𐌹𐍃 𐍇𐍂𐌹𐍃𐍄𐌿𐍃, 𐍃𐌿𐌽𐌿𐍃 𐌲𐌿𐌳𐌹𐍃. 𐌾𐌰𐌷 𐌲𐌰𐍃𐌰𐌺𐌰𐌽𐌳𐍃 𐌹𐌼 𐌽𐌹 𐌻𐌰𐌹𐌻𐍉𐍄 𐌸𐍉𐍃 𐍂𐍉𐌳𐌾𐌰𐌽, 𐌿𐌽𐍄𐌴 𐍅𐌹𐍃𐍃𐌴𐌳𐌿𐌽 [𐍃𐌹𐌻𐌱𐌰𐌽] 𐍇𐍂𐌹𐍃𐍄𐌿 𐌹𐌽𐌰 𐍅𐌹𐍃𐌰𐌽."
Luke,4,42,"𐌱𐌹𐌸𐌴𐌷 𐌸𐌰𐌽 𐍅𐌰𐍂𐌸 𐌳𐌰𐌲𐍃, 𐌿𐍃𐌲𐌰𐌲𐌲𐌰𐌽𐌳𐍃 𐌲𐌰𐌻𐌰𐌹𐌸 𐌰𐌽𐌰 𐌰𐌿𐌸𐌾𐌰𐌽𐌰 𐍃𐍄𐌰𐌳, 𐌾𐌰𐌷 𐌼𐌰𐌽𐌰𐌲𐌴𐌹𐌽𐍃 𐍃𐍉𐌺𐌹𐌳𐌴𐌳𐌿𐌽 𐌹𐌽𐌰 𐌾𐌰𐌷 𐌵𐌴𐌼𐌿𐌽 𐌿𐌽𐌳 𐌹𐌽𐌰 𐌾𐌰𐌷 𐌲𐌰𐌷𐌰𐌱𐌰𐌹𐌳𐌴𐌳𐌿𐌽 𐌹𐌽𐌰, 𐌴𐌹 𐌽𐌹 𐌰𐍆𐌻𐌹𐌸𐌹 𐍆𐌰𐌹𐍂𐍂𐌰 𐌹𐌼."
Luke,4,43,"𐌸𐌰𐍂𐌿𐌷 𐌹𐍃 𐌵𐌰𐌸 𐌳𐌿 𐌹𐌼 𐌸𐌰𐍄𐌴𐌹 𐌾𐌰𐌷 𐌸𐌰𐌹𐌼 𐌰𐌽𐌸𐌰𐍂𐌰𐌹𐌼 𐌱𐌰𐌿𐍂𐌲𐌹𐌼 𐍅𐌰𐌹𐌻𐌰𐌼𐌴𐍂𐌾𐌰𐌽 𐌹𐌺 𐍃𐌺𐌰𐌻 𐌱𐌹 𐌸𐌹𐌿𐌳𐌰𐌽𐌲𐌰𐍂𐌳𐌾𐌰 𐌲𐌿𐌳𐌹𐍃, 𐌿𐌽𐍄𐌴 𐌳𐌿𐌸𐌴 𐌼𐌹𐌺 𐌹𐌽𐍃𐌰𐌽𐌳𐌹𐌳𐌰."
Luke,4,44,𐌾𐌰𐌷 𐍅𐌰𐍃 𐌼𐌴𐍂𐌾𐌰𐌽𐌳𐍃 𐌹𐌽 𐍃𐍅𐌽𐌰𐌲𐍉𐌲𐌹𐌼 𐌲𐌰𐌻𐌴𐌹𐌻𐌰𐌹𐌰𐍃.
Luke,5,1,"𐌾𐌰𐌷 𐍅𐌰𐍂𐌸, 𐌼𐌹𐌸𐌸𐌰𐌽𐌴𐌹 𐌼𐌰𐌽𐌰𐌲𐌴𐌹 𐌰𐌽𐌰𐍄𐍂𐌰𐌼𐍀 𐌹𐌽𐌰 𐌳𐌿 𐌷𐌰𐌿𐍃𐌾𐌰𐌽 𐍅𐌰𐌿𐍂𐌳 𐌲𐌿𐌳𐌹𐍃, 𐌾𐌰𐌷 𐌹𐍃 𐍃𐌹𐌻𐌱𐌰 𐍅𐌰𐍃 𐍃𐍄𐌰𐌽𐌳𐌰𐌽𐌳𐍃 𐌽𐌴𐍈𐌰 𐍃𐌰𐌹𐍅𐌰 𐌲𐌰𐌹𐌽𐌽𐌴𐍃𐌰𐍂𐌰𐌹𐌸,"
Luke,5,2,"𐌾𐌰𐌷 𐌲𐌰𐍃𐌰𐍈 𐍄𐍅𐌰 𐍃𐌺𐌹𐍀𐌰 𐍃𐍄𐌰𐌽𐌳𐌰𐌽𐌳𐍉𐌽𐌰 𐌰𐍄 𐌸𐌰𐌼𐌼𐌰 𐍃𐌰𐌹𐍅𐌰, 𐌹𐌸 𐍆𐌹𐍃𐌺𐌾𐌰𐌽𐍃 𐌰𐍆𐌲𐌰𐌲𐌲𐌰𐌽𐌳𐌰𐌽𐍃 𐌰𐍆 𐌹𐌼 𐌿𐍃𐌸𐍅𐍉𐌷𐌿𐌽 𐌽𐌰𐍄𐌾𐌰."
Luke,5,3,"𐌲𐌰𐌻𐌰𐌹𐌸 𐌸𐌰𐌽 𐌹𐌽 𐌰𐌹𐌽 𐌸𐌹𐌶𐌴 𐍃𐌺𐌹𐍀𐌴, 𐌸𐌰𐍄𐌴𐌹 𐍅𐌰𐍃 𐍃𐌴𐌹𐌼𐍉𐌽𐌹𐍃; 𐌷𐌰𐌹𐌷𐌰𐌹𐍄 𐌹𐌽𐌰 𐌰𐍆𐍄𐌹𐌿𐌷𐌰𐌽 𐍆𐌰𐌹𐍂𐍂𐌰 𐍃𐍄𐌰𐌸𐌰 𐌻𐌴𐌹𐍄𐌹𐌻 𐌾𐌰𐌷 𐌲𐌰𐍃𐌹𐍄𐌰𐌽𐌳𐍃 𐌻𐌰𐌹𐍃𐌹𐌳𐌰 𐌿𐍃 𐌸𐌰𐌼𐌼𐌰 𐍃𐌺𐌹𐍀𐌰 𐌼𐌰𐌽𐌰𐌲𐌴𐌹𐌽𐍃."
Luke,5,4,"𐌱𐌹𐌸𐌴𐌷 𐌸𐌰𐌽 𐌲𐌰𐌰𐌽𐌳𐌹𐌳𐌰 𐍂𐍉𐌳𐌾𐌰𐌽𐌳𐍃, 𐌵𐌰𐌸 𐌳𐌿 𐍃𐌴𐌹𐌼𐍉𐌽𐌰𐌿: 𐌱𐍂𐌹𐌲𐌲 𐌰𐌽𐌰 𐌳𐌹𐌿𐍀𐌹𐌸𐌰, 𐌾𐌰𐌷 𐌰𐍄𐌷𐌰𐌷𐌹𐌳 𐌸𐍉 𐌽𐌰𐍄𐌾𐌰 𐌹𐌶𐍅𐌰𐍂𐌰 𐌳𐌿 𐍆𐌹𐍃𐌺𐍉𐌽."
Luke,5,5,"𐌾𐌰𐌷 𐌰𐌽𐌳𐌷𐌰𐍆𐌾𐌰𐌽𐌳𐍃 𐍃𐌴𐌹𐌼𐍉𐌽 𐌵𐌰𐌸 𐌳𐌿 𐌹𐌼𐌼𐌰: 𐍄𐌰𐌻𐌶𐌾𐌰𐌽𐌳, 𐌰𐌻𐌻𐌰 𐌽𐌰𐌷𐍄 𐌸𐌰𐌹𐍂𐌷𐌰𐍂𐌱𐌰𐌹𐌳𐌾𐌰𐌽𐌳𐌰𐌽𐍃 𐍅𐌰𐌹𐌷𐍄 𐌽𐌹 𐌽𐌴𐌼𐌿𐌼; 𐌹𐌸 𐌰𐍆𐌰𐍂 𐍅𐌰𐌿𐍂𐌳𐌰 𐌸𐌴𐌹𐌽𐌰𐌼𐌼𐌰 𐍅𐌰𐌹𐍂𐍀𐌰𐌼 𐌽𐌰𐍄𐌾𐌰."
Luke,5,6,"𐌾𐌰𐌷 𐌸𐌰𐍄𐌰 𐍄𐌰𐌿𐌾𐌰𐌽𐌳𐌰𐌽𐍃 𐌲𐌰𐌻𐌿𐌺𐌿𐌽 𐌼𐌰𐌽𐌰𐌲𐌴𐌹𐌽𐍃 𐍆𐌹𐍃𐌺𐌴 𐍆𐌹𐌻𐌿, 𐍃𐍅𐌴 𐌽𐌰𐍄𐌾𐌰 𐌳𐌹𐍃𐌷𐌽𐌿𐍀𐌽𐍉𐌳𐌴𐌳𐌿𐌽 𐌹𐌶𐌴."
Luke,5,7,"𐌾𐌰𐌷 𐌱𐌰𐌽𐌳𐍅𐌹𐌳𐌴𐌳𐌿𐌽 𐌲𐌰𐌼𐌰𐌽𐌰𐌼 𐌸𐍉𐌴𐌹 𐍅𐌴𐍃𐌿𐌽 𐌹𐌽 𐌰𐌽𐌸𐌰𐍂𐌰𐌼𐌼𐌰 𐍃𐌺𐌹𐍀𐌰, 𐌴𐌹 𐌰𐍄𐌹𐌳𐌳𐌾𐌴𐌳𐌴𐌹𐌽𐌰 𐌷𐌹𐌻𐍀𐌰𐌽 𐌹𐌶𐌴. 𐌾𐌰𐌷 𐌵𐌴𐌼𐌿𐌽 𐌾𐌰𐌷 𐌲𐌰𐍆𐌿𐌻𐌻𐌹𐌳𐌴𐌳𐌿𐌽 𐌱𐌰 𐌸𐍉 𐍃𐌺𐌹𐍀𐌰, 𐍃𐍅𐌴 𐍃𐌿𐌲𐌵𐌿𐌽."
Luke,5,8,"𐌲𐌰𐌿𐌼𐌾𐌰𐌽𐌳𐍃 𐌸𐌰𐌽 𐍃𐌴𐌹𐌼𐍉𐌽 𐍀𐌰𐌹𐍄𐍂𐌿𐍃 𐌳𐍂𐌰𐌿𐍃 𐌳𐌿 𐌺𐌽𐌹𐍅𐌰𐌼 𐌹𐌴𐍃𐌿𐌹𐍃 𐌵𐌹𐌸𐌰𐌽𐌳𐍃: [𐌱𐌹𐌳𐌾𐌰 𐌸𐌿𐌺] 𐌿𐍃𐌲𐌰𐌲𐌲 𐍆𐌰𐌹𐍂𐍂𐌰 𐌼𐌹𐍃, 𐌿𐌽𐍄𐌴 𐌼𐌰𐌽𐌽𐌰 𐍆𐍂𐌰𐍅𐌰𐌿𐍂𐌷𐍄𐍃 𐌹𐌼, 𐍆𐍂𐌰𐌿𐌾𐌰."
Luke,5,9,𐍃𐌹𐌻𐌳𐌰𐌻𐌴𐌹𐌺 𐌰𐌿𐌺 𐌳𐌹𐍃𐌷𐌰𐌱𐌰𐌹𐌳𐌰 𐌹𐌽𐌰 𐌾𐌰𐌷 𐌰𐌻𐌻𐌰𐌽𐍃 𐌸𐌰𐌽𐍃 𐌼𐌹𐌸 𐌹𐌼𐌼𐌰 𐌹𐌽 𐌲𐌰𐍆𐌰𐌷𐌹𐍃 𐌸𐌹𐌶𐌴 𐍆𐌹𐍃𐌺𐌴 𐌸𐌰𐌽𐌶𐌴𐌹 𐌲𐌰𐌽𐌿𐍄𐌿𐌽;
Luke,5,10,"𐍃𐌰𐌼𐌰𐌻𐌴𐌹𐌺𐍉𐌷 𐌸𐌰𐌽 𐌾𐌰𐌷 𐌹𐌰𐌺𐍉𐌱𐌰𐌿 𐌾𐌰𐌷 𐌹𐍉𐌷𐌰𐌽𐌽𐌴𐌽, 𐍃𐌿𐌽𐌿𐌽𐍃 𐌶𐌰𐌹𐌱𐌰𐌹𐌳𐌰𐌹𐌰𐌿𐍃, 𐌸𐌰𐌹𐌴𐌹 𐍅𐌴𐍃𐌿𐌽 𐌲𐌰𐌳𐌰𐌹𐌻𐌰𐌽𐍃 𐍃𐌴𐌹𐌼𐍉𐌽𐌰. 𐌾𐌰𐌷 𐌵𐌰𐌸 𐌳𐌿 𐍃𐌴𐌹𐌼𐍉𐌽𐌰 𐌹𐌴𐍃𐌿𐍃: 𐌽𐌹 𐍉𐌲𐍃 𐌸𐌿𐍃, 𐍆𐍂𐌰𐌼 𐌷𐌹𐌼𐌼𐌰 𐌽𐌿 𐌼𐌰𐌽𐌽𐌴 𐍃𐌹𐌽𐌳 𐌽𐌿𐍄𐌰𐌽𐍃."
Luke,5,11,𐌾𐌰𐌷 𐌲𐌰𐍄𐌹𐌿𐌷𐌰𐌽𐌳𐌰𐌽𐍃 𐌸𐍉 𐍃𐌺𐌹𐍀𐌰 𐌰𐌽𐌰 𐌰𐌹𐍂𐌸𐌰 𐌰𐍆𐌻𐌴𐌹𐍄𐌰𐌽𐌳𐌰𐌽𐍃 𐌰𐌻𐌻𐌰𐍄𐌰 𐌻𐌰𐌹𐍃𐍄𐌹𐌳𐌴𐌳𐌿𐌽 𐌰𐍆𐌰𐍂 𐌹𐌼𐌼𐌰.
Luke,5,12,"𐌾𐌰𐌷 𐍅𐌰𐍂𐌸, 𐌼𐌹𐌸𐌸𐌰𐌽𐌴𐌹 𐍅𐌰𐍃 𐌹𐍃 𐌹𐌽 𐌰𐌹𐌽𐌰𐌹 𐌱𐌰𐌿𐍂𐌲𐌴, 𐌾𐌰𐌷 𐍃𐌰𐌹, 𐌼𐌰𐌽𐌽𐌰 𐍆𐌿𐌻𐌻𐍃 𐌸𐍂𐌿𐍄𐍃𐍆𐌹𐌻𐌻𐌹𐍃 𐌾𐌰𐌷 𐌲𐌰𐍃𐌰𐌹𐍈𐌰𐌽𐌳𐍃 𐌹𐌴𐍃𐌿 𐌳𐍂𐌹𐌿𐍃𐌰𐌽𐌳𐍃 𐌰𐌽𐌰 𐌰𐌽𐌳𐍅𐌰𐌹𐍂𐌸𐌹 𐌱𐌰𐌳 𐌹𐌽𐌰 𐌵𐌹𐌸𐌰𐌽𐌳𐍃: 𐍆𐍂𐌰𐌿𐌾𐌰, 𐌾𐌰𐌱𐌰𐌹 𐍅𐌹𐌻𐌴𐌹𐍃, 𐌼𐌰𐌲𐍄 𐌼𐌹𐌺 𐌲𐌰𐌷𐍂𐌰𐌹𐌽𐌾𐌰𐌽."
Luke,5,13,"𐌾𐌰𐌷 𐌿𐍆𐍂𐌰𐌺𐌾𐌰𐌽𐌳𐍃 𐌷𐌰𐌽𐌳𐌿 𐌰𐍄𐍄𐌰𐌹𐍄𐍉𐌺 𐌹𐌼𐌼𐌰 𐌵𐌹𐌸𐌰𐌽𐌳𐍃: 𐍅𐌹𐌻𐌾𐌰𐌿, 𐍅𐌰𐌹𐍂𐌸 𐌷𐍂𐌰𐌹𐌽𐍃. 𐌾𐌰𐌷 𐍃𐌿𐌽𐍃 𐌸𐌰𐍄𐌰 𐌸𐍂𐌿𐍄𐍃𐍆𐌹𐌻𐌻 𐌰𐍆𐌻𐌰𐌹𐌸 𐌰𐍆 𐌹𐌼𐌼𐌰."
Luke,5,14,𐌾𐌰𐌷 𐌹𐍃 𐍆𐌰𐌿𐍂𐌱𐌰𐌿𐌳 𐌹𐌼𐌼𐌰 𐌴𐌹 𐌼𐌰𐌽𐌽 𐌽𐌹 𐌵𐌴𐌸𐌹; 𐌰𐌺 𐌲𐌰𐌲𐌲 𐌾𐌰𐌷 𐌰𐍄𐌰𐌿𐌲𐌴𐌹 𐌸𐌿𐌺 𐍃𐌹𐌻𐌱𐌰𐌽 𐌲𐌿𐌳𐌾𐌹𐌽 𐌾𐌰𐌷 𐌰𐍄𐌱𐌰𐌹𐍂 𐌹𐌼𐌼𐌰 𐍆𐍂𐌰𐌼 𐌸𐌹𐌶𐌰𐌹 𐌲𐌰𐌷𐍂𐌰𐌹𐌽𐌴𐌹𐌽𐌰𐌹 𐌸𐌴𐌹𐌽𐌰𐌹 𐌸𐌰𐍄𐌴𐌹 𐌰𐌽𐌰𐌱𐌰𐌿𐌳 𐌼𐍉𐍃𐌴𐍃 𐌳𐌿 𐍅𐌴𐌹𐍄𐍅𐍉𐌳𐌹𐌸𐌰𐌹 𐌹𐌼.
Luke,5,15,"𐌿𐍃𐌼𐌴𐍂𐌽𐍉𐌳𐌰 𐌸𐌰𐌽 𐌸𐌰𐍄𐌰 𐍅𐌰𐌿𐍂𐌳 𐌼𐌰𐌹𐍃 𐌱𐌹 𐌹𐌽𐌰, 𐌾𐌰𐌷 𐌲𐌰𐍂𐌿𐌽𐌽𐌿𐌽 𐌷𐌹𐌿𐌷𐌼𐌰𐌽𐍃 𐌼𐌰𐌽𐌰𐌲𐌰𐌹 𐌷𐌰𐌿𐍃𐌾𐍉𐌽 𐌾𐌰𐌷 𐌻𐌴𐌹𐌺𐌹𐌽𐍉𐌽 𐍆𐍂𐌰𐌼 𐌹𐌼𐌼𐌰 𐍃𐌰𐌿𐌷𐍄𐌴 𐍃𐌴𐌹𐌽𐌰𐌹𐌶𐍉."
Luke,5,16,𐌹𐌸 𐌹𐍃 𐍅𐌰𐍃 𐌰𐍆𐌻𐌴𐌹𐌸𐌰𐌽𐌳𐍃 𐌰𐌽𐌰 𐌰𐌿𐌸𐌹𐌳𐍉𐍃 𐌾𐌰𐌷 𐌱𐌹𐌳𐌾𐌰𐌽𐌳𐍃.
Luke,5,17,"𐌾𐌰𐌷 𐍅𐌰𐍂𐌸 𐌹𐌽 𐌰𐌹𐌽𐌰𐌼𐌼𐌰 𐌳𐌰𐌲𐌴, 𐌾𐌰𐌷 𐌹𐍃 𐍅𐌰𐍃 𐌻𐌰𐌹𐍃𐌾𐌰𐌽𐌳𐍃. 𐌾𐌰𐌷 𐍅𐌴𐍃𐌿𐌽 𐍃𐌹𐍄𐌰𐌽𐌳𐌰𐌽𐍃 𐍆𐌰𐍂𐌴𐌹𐍃𐌰𐌹𐌴𐌹𐍃 𐌾𐌰𐌷 𐍅𐌹𐍄𐍉𐌳𐌰𐌻𐌰𐌹𐍃𐌰𐍂𐌾𐍉𐍃, 𐌸𐌰𐌹𐌴𐌹 𐍅𐌴𐍃𐌿𐌽 𐌲𐌰𐌵𐌿𐌼𐌰𐌽𐌰𐌹 𐌿𐍃 𐌰𐌻𐌻𐌰𐌼𐌼𐌰 𐌷𐌰𐌹𐌼𐍉 𐌲𐌰𐌻𐌴𐌹𐌻𐌰𐌹𐌰𐍃 𐌾𐌰𐌷 𐌹𐌿𐌳𐌰𐌹𐌰𐍃 𐌾𐌰𐌷 𐌹𐌰𐌹𐍂𐌿𐍃𐌰𐌿𐌻𐍅𐌼𐍉𐌽; 𐌾𐌰𐌷 𐌼𐌰𐌷𐍄𐍃 𐍆𐍂𐌰𐌿𐌾𐌹𐌽𐍃 𐍅𐌰𐍃 𐌳𐌿 𐌷𐌰𐌹𐌻𐌾𐌰𐌽 𐌹𐌽𐍃."
Luke,5,18,"𐌾𐌰𐌷 𐍃𐌰𐌹 𐌼𐌰𐌽𐍃 𐌱𐌰𐌹𐍂𐌰𐌽𐌳𐌰𐌽𐍃 𐌰𐌽𐌰 𐌻𐌹𐌲𐍂𐌰 𐌼𐌰𐌽𐌽𐌰𐌽 𐍃𐌰𐌴𐌹 𐍅𐌰𐍃 𐌿𐍃𐌻𐌹𐌸𐌰, 𐌾𐌰𐌷 𐍃𐍉𐌺𐌹𐌳𐌴𐌳𐌿𐌽 𐍈𐌰𐌹𐍅𐌰 𐌹𐌽𐌰 𐌹𐌽𐌽𐌰𐍄𐌱𐌴𐍂𐌴𐌹𐌽𐌰 𐌾𐌰𐌷 𐌲𐌰𐌻𐌰𐌲𐌹𐌳𐌹𐌳𐌴𐌹𐌽𐌰 𐌹𐌽 𐌰𐌽𐌳𐍅𐌰𐌹𐍂𐌸𐌾𐌰 𐌹𐍃."
Luke,5,19,"𐌾𐌰𐌷 𐌽𐌹 𐌱𐌹𐌲𐌹𐍄𐌰𐌽𐌳𐌰𐌽𐍃 𐍈𐌰𐌹𐍅𐌰 𐌹𐌽𐌽𐌰𐍄𐌱𐌴𐍂𐌴𐌹𐌽𐌰 𐌹𐌽𐌰 𐌹𐌽 𐌼𐌰𐌽𐌰𐌲𐌴𐌹𐌽𐍃, 𐌿𐍃𐍃𐍄𐌴𐌹𐌲𐌰𐌽𐌳𐌰𐌽𐍃 𐌰𐌽𐌰 𐌷𐍂𐍉𐍄 𐌰𐌽𐌳 𐍃𐌺𐌰𐌻𐌾𐍉𐍃, 𐌲𐌰𐍃𐌰𐍄𐌹𐌳𐌴𐌳𐌿𐌽 𐌹𐌽𐌰 𐌼𐌹𐌸 𐌸𐌰𐌼𐌼𐌰 𐌱𐌰𐌳𐌾𐌰 𐌹𐌽 𐌼𐌹𐌳𐌾𐌰𐌹𐌼 𐍆𐌰𐌿𐍂𐌰 𐌹𐌴𐍃𐌿𐌰."
Luke,5,20,"𐌾𐌰𐌷 𐌲𐌰𐍃𐌰𐌹𐍈𐌰𐌽𐌳𐍃 𐌲𐌰𐌻𐌰𐌿𐌱𐌴𐌹𐌽 𐌹𐌶𐌴 𐌵𐌰𐌸 𐌳𐌿 𐌸𐌰𐌼𐌼𐌰 𐌿𐍃𐌻𐌹𐌸𐌹𐌽: 𐌼𐌰𐌽𐌽𐌰, 𐌰𐍆𐌻𐌴𐌹𐍄𐌰𐌽𐌳𐌰 𐌸𐌿𐍃 𐍆𐍂𐌰𐍅𐌰𐌿𐍂𐌷𐍄𐌴𐌹𐍃 𐌸𐌴𐌹𐌽𐍉𐍃."
Luke,5,21,"𐌾𐌰𐌷 𐌳𐌿𐌲𐌿𐌽𐌽𐌿𐌽 𐌸𐌰𐌲𐌺𐌾𐌰𐌽 𐌸𐌰𐌹 𐌱𐍉𐌺𐌰𐍂𐌾𐍉𐍃 𐌾𐌰𐌷 𐍆𐌰𐍂𐌴𐌹𐍃𐌰𐌹𐌴𐌹𐍃 𐌵𐌹𐌸𐌰𐌽𐌳𐌰𐌽𐍃: 𐍈𐌰𐍃 𐌹𐍃𐍄 𐍃𐌰, 𐍃𐌰𐌴𐌹 𐍂𐍉𐌳𐌴𐌹𐌸 𐌽𐌰𐌹𐍄𐌴𐌹𐌽𐌹𐌽𐍃? 𐍈𐌰𐍃 𐌼𐌰𐌲 𐌰𐍆𐌻𐌴𐍄𐌰𐌽 𐍆𐍂𐌰𐍅𐌰𐌿𐍂𐌷𐍄𐌹𐌽𐍃, 𐌰𐌻𐌾𐌰 𐌰𐌹𐌽𐍃 𐌲𐌿𐌸?"
Luke,5,22,𐌿𐍆𐌺𐌿𐌽𐌽𐌰𐌽𐌳𐍃 𐌸𐌰𐌽 𐌹𐌴𐍃𐌿𐍃 𐌼𐌹𐍄𐍉𐌽𐌹𐌽𐍃 𐌹𐌶𐌴 𐌰𐌽𐌳𐌷𐌰𐍆𐌾𐌰𐌽𐌳𐍃 𐌵𐌰𐌸 𐌳𐌿 𐌹𐌼: 𐍈𐌰 𐌱𐌹𐌸𐌰𐌲𐌺𐌴𐌹𐌸 𐌹𐌽 𐌷𐌰𐌹𐍂𐍄𐌰𐌼 𐌹𐌶𐍅𐌰𐍂𐌰𐌹𐌼?
Luke,5,23,"𐍈𐌰𐌸𐌰𐍂 𐌹𐍃𐍄 𐌰𐌶𐌴𐍄𐌹𐌶𐍉 𐌵𐌹𐌸𐌰𐌽: 𐌰𐍆𐌻𐌴𐍄𐌰𐌽𐌳𐌰 𐌸𐌿𐍃 𐍆𐍂𐌰𐍅𐌰𐌿𐍂𐌷𐍄𐌴𐌹𐍃, 𐌸𐌰𐌿 𐌵𐌹𐌸𐌰𐌽: 𐌿𐍂𐍂𐌴𐌹𐍃 𐌾𐌰𐌷 𐌲𐌰𐌲𐌲?"
Luke,5,24,"𐌰𐌸𐌸𐌰𐌽 𐌴𐌹 𐍅𐌹𐍄𐌴𐌹𐌳 𐌸𐌰𐍄𐌴𐌹 𐍅𐌰𐌻𐌳𐌿𐍆𐌽𐌹 𐌷𐌰𐌱𐌰𐌹𐌳 𐍃𐌰 𐍃𐌿𐌽𐌿𐍃 𐌼𐌰𐌽𐍃 𐌰𐌽𐌰 𐌰𐌹𐍂𐌸𐌰𐌹 𐌰𐍆𐌻𐌴𐍄𐌰𐌽 𐍆𐍂𐌰𐍅𐌰𐌿𐍂𐌷𐍄𐌹𐌽𐍃, 𐌵𐌰𐌸 𐌳𐌿 𐌸𐌰𐌼𐌼𐌰 𐌿𐍃𐌻𐌹𐌸𐌹𐌽: 𐌳𐌿 𐌸𐌿𐍃 𐌵𐌹𐌸𐌰, 𐌿𐍂𐍂𐌴𐌹𐍃 𐌾𐌰𐌷 𐌿𐍃𐌷𐌰𐍆𐌾𐌰𐌽𐌳𐍃 𐌸𐌰𐍄𐌰 𐌱𐌰𐌳𐌹 𐌸𐌴𐌹𐌽𐌰𐍄𐌰 𐌲𐌰𐌲𐌲 𐌹𐌽 𐌲𐌰𐍂𐌳 𐌸𐌴𐌹𐌽𐌰𐌽𐌰."
Luke,5,25,"𐌾𐌰𐌷 𐍃𐌿𐌽𐍃𐌰𐌹𐍅 𐌿𐍃𐍃𐍄𐌰𐌽𐌳𐌰𐌽𐌳𐍃 𐌹𐌽 𐌰𐌽𐌳𐍅𐌰𐌹𐍂𐌸𐌾𐌰 𐌹𐌶𐌴, 𐌿𐍃𐌷𐌰𐍆𐌾𐌰𐌽𐌳𐍃 𐌰𐌽𐌰 𐌸𐌰𐌼𐌼𐌴𐌹 𐌻𐌰𐌲, 𐌲𐌰𐌻𐌰𐌹𐌸 𐌹𐌽 𐌲𐌰𐍂𐌳 𐍃𐌴𐌹𐌽𐌰𐌽𐌰 𐌼𐌹𐌺𐌹𐌻𐌾𐌰𐌽𐌳𐍃 𐌲𐌿𐌸."
Luke,5,26,"𐌾𐌰𐌷 𐌿𐍃𐍆𐌹𐌻𐌼𐌴𐌹 𐌳𐌹𐍃𐍃𐌰𐍄 𐌰𐌻𐌻𐌰𐌽𐍃, 𐌾𐌰𐌷 𐌼𐌹𐌺𐌹𐌻𐌹𐌳𐌴𐌳𐌿𐌽 𐌲𐌿𐌸 𐌾𐌰𐌷 𐍆𐌿𐌻𐌻𐌰𐌹 𐍅𐌰𐌿𐍂𐌸𐌿𐌽 𐌰𐌲𐌹𐍃𐌹𐍃 𐌵𐌹𐌸𐌰𐌽𐌳𐌰𐌽𐍃 𐌸𐌰𐍄𐌴𐌹 𐌲𐌰𐍃𐌰𐌹𐍈𐌰𐌼 𐍅𐌿𐌻𐌸𐌰𐌲𐌰 𐌷𐌹𐌼𐌼𐌰 𐌳𐌰𐌲𐌰."
Luke,5,27,"𐌾𐌰𐌷 𐌰𐍆𐌰𐍂 𐌸𐌰𐍄𐌰 𐌿𐍃𐌹𐌳𐌳𐌾𐌰 𐌾𐌰𐌷 𐌲𐌰𐍃𐌰𐍈 𐌼𐍉𐍄𐌰𐍂𐌹, 𐌽𐌰𐌼𐌹𐌽 𐌻𐌰𐌹𐍅𐍅𐌹, 𐍃𐌹𐍄𐌰𐌽𐌳𐌰𐌽 𐌰𐌽𐌰 𐌼𐍉𐍄𐌰𐍃𐍄𐌰𐌳𐌰, 𐌾𐌰𐌷 𐌵𐌰𐌸 𐌳𐌿 𐌹𐌼𐌼𐌰: 𐌻𐌰𐌹𐍃𐍄𐌴𐌹 𐌰𐍆𐌰𐍂 𐌼𐌹𐍃."
Luke,5,28,"𐌾𐌰𐌷 𐌱𐌹𐌻𐌴𐌹𐌸𐌰𐌽𐌳𐍃 𐌰𐌻𐌻𐌰𐌹𐌼, 𐌿𐍃𐍃𐍄𐌰𐌽𐌳𐌰𐌽𐌳𐍃 𐌹𐌳𐌳𐌾𐌰 𐌰𐍆𐌰𐍂 𐌹𐌼𐌼𐌰."
Luke,5,29,"𐌾𐌰𐌷 𐌲𐌰𐍅𐌰𐌿𐍂𐌷𐍄𐌰 𐌳𐌰𐌿𐌷𐍄 𐌼𐌹𐌺𐌹𐌻𐌰 𐌻𐌰𐌹𐍅𐍅𐌴𐌹𐍃 𐌹𐌼𐌼𐌰 𐌹𐌽 𐌲𐌰𐍂𐌳𐌰 𐍃𐌴𐌹𐌽𐌰𐌼𐌼𐌰, 𐌾𐌰𐌷 𐍅𐌰𐍃 𐌼𐌰𐌽𐌰𐌲𐌴𐌹 𐌼𐍉𐍄𐌰𐍂𐌾𐌴 𐌼𐌹𐌺𐌹𐌻𐌰 𐌾𐌰𐌷 𐌰𐌽𐌸𐌰𐍂𐌰𐌹𐌶𐌴, 𐌸𐌰𐌹𐌴𐌹 𐍅𐌴𐍃𐌿𐌽 𐌼𐌹𐌸 𐌹𐌼 𐌰𐌽𐌰𐌺𐌿𐌼𐌱𐌾𐌰𐌽𐌳𐌰𐌽𐍃."
Luke,5,30,𐌾𐌰𐌷 𐌱𐌹𐍂𐍉𐌳𐌹𐌳𐌴𐌳𐌿𐌽 𐌱𐍉𐌺𐌰𐍂𐌾𐍉𐍃 𐌹𐌶𐌴 𐌾𐌰𐌷 𐍆𐌰𐍂𐌴𐌹𐍃𐌰𐌹𐌴𐌹𐍃 𐌳𐌿 𐍃𐌹𐍀𐍉𐌽𐌾𐌰𐌼 𐌹𐍃 𐌵𐌹𐌸𐌰𐌽𐌳𐌰𐌽𐍃: 𐌳𐌿𐍈𐌴 𐌼𐌹𐌸 𐌸𐌰𐌹𐌼 𐌼𐍉𐍄𐌰𐍂𐌾𐌰𐌼 𐌾𐌰𐌷 𐍆𐍂𐌰𐍅𐌰𐌿𐍂𐌷𐍄𐌰𐌹𐌼 𐌼𐌰𐍄𐌾𐌹𐌳 𐌾𐌰𐌷 𐌳𐍂𐌹𐌲𐌺𐌹𐌳?
Luke,5,31,"𐌾𐌰𐌷 𐌰𐌽𐌳𐌷𐌰𐍆𐌾𐌰𐌽𐌳𐍃 𐌹𐌴𐍃𐌿𐍃 𐌵𐌰𐌸 𐌳𐌿 𐌹𐌼: 𐌽𐌹 𐌸𐌰𐌿𐍂𐌱𐌿𐌽 𐌷𐌰𐌹𐌻𐌰𐌹 𐌻𐌴𐌹𐌺𐌴𐌹𐍃, 𐌰𐌺 𐌸𐌰𐌹 𐌿𐌽𐌷𐌰𐌹𐌻𐌰𐌽𐍃."
Luke,5,32,"𐌽𐌹 𐌵𐌰𐌼 𐌻𐌰𐌸𐍉𐌽 𐌲𐌰𐍂𐌰𐌹𐌷𐍄𐌰𐌽𐍃, 𐌰𐌺 𐍆𐍂𐌰𐍅𐌰𐌿𐍂𐌷𐍄𐌰𐌽𐍃 𐌹𐌽 𐌹𐌳𐍂𐌴𐌹𐌲𐌰."
Luke,5,33,"𐌹𐌸 𐌴𐌹𐍃 𐌵𐌴𐌸𐌿𐌽 𐌳𐌿 𐌹𐌼𐌼𐌰: 𐌳𐌿𐍈𐌴 𐍃𐌹𐍀𐍉𐌽𐌾𐍉𐍃 𐌹𐍉𐌷𐌰𐌽𐌽𐌴𐍃 𐍆𐌰𐍃𐍄𐌰𐌽𐌳 𐌿𐍆𐍄𐌰 𐌾𐌰𐌷 𐌱𐌹𐌳𐍉𐍃 𐍄𐌰𐌿𐌾𐌰𐌽𐌳, 𐍃𐌰𐌼𐌰𐌻𐌴𐌹𐌺𐍉 𐌾𐌰𐌷 𐍆𐌰𐍂𐌴𐌹𐍃𐌰𐌹𐌴𐌹, 𐌹𐌸 𐌸𐌰𐌹 𐌸𐌴𐌹𐌽𐌰𐌹 𐍃𐌹𐍀𐍉𐌽𐌾𐍉𐍃 𐌼𐌰𐍄𐌾𐌰𐌽𐌳 𐌾𐌰𐌷 𐌳𐍂𐌹𐌲𐌺𐌰𐌽𐌳?"
Luke,5,34,"𐌸𐌰𐍂𐌿𐌷 𐌹𐍃 𐌵𐌰𐌸 𐌳𐌿 𐌹𐌼: 𐌽𐌹 𐌼𐌰𐌲𐌿𐌳 𐍃𐌿𐌽𐌿𐌽𐍃 𐌱𐍂𐌿𐌸𐍆𐌰𐌳𐌹𐍃, 𐌿𐌽𐍄𐌴 𐍃𐌰 𐌱𐍂𐌿𐌸𐍆𐌰𐌳𐍃 𐌼𐌹𐌸 𐌹𐌼 𐌹𐍃𐍄, 𐌲𐌰𐍄𐌰𐌿𐌾𐌰𐌽 𐍆𐌰𐍃𐍄𐌰𐌽."
Luke,5,35,"𐌰𐌸𐌸𐌰𐌽 𐌵𐌹𐌼𐌰𐌽𐌳 𐌳𐌰𐌲𐍉𐍃, 𐌾𐌰𐌷 𐌸𐌰𐌽 𐌰𐍆𐌽𐌹𐌼𐌰𐌳𐌰 𐌰𐍆 𐌹𐌼 𐍃𐌰 𐌱𐍂𐌿𐌸𐍆𐌰𐌳𐍃, 𐌾𐌰𐌷 𐌸𐌰𐌽 𐍆𐌰𐍃𐍄𐌰𐌽𐌳 𐌹𐌽 𐌾𐌰𐌹𐌽𐌰𐌹𐌼 𐌳𐌰𐌲𐌰𐌼."
Luke,5,36,"𐌵𐌰𐌸𐌿𐌷 𐌸𐌰𐌽 𐌾𐌰𐌷 𐌲𐌰𐌾𐌿𐌺𐍉𐌽 𐌳𐌿 𐌹𐌼, 𐌸𐌰𐍄𐌴𐌹 𐌰𐌹𐌽𐍃𐌷𐌿𐌽 𐍀𐌻𐌰𐍄 𐍃𐌽𐌰𐌲𐌹𐌽𐍃 𐌽𐌹𐌿𐌾𐌹𐍃 𐌽𐌹 𐌻𐌰𐌲𐌾𐌹𐌳 𐌰𐌽𐌰 𐍃𐌽𐌰𐌲𐌰𐌽 𐍆𐌰𐌹𐍂𐌽𐌾𐌰𐌽𐌰, 𐌰𐌹𐌸𐌸𐌰𐌿 𐌾𐌰𐌷 𐍃𐌰 𐌽𐌹𐌿𐌾𐌰 𐌰𐍆𐍄𐌰𐌿𐍂𐌽𐌹𐌳, 𐌾𐌰𐌷 𐌸𐌰𐌼𐌼𐌰 𐍆𐌰𐌹𐍂𐌽𐌾𐌹𐌽 𐌽𐌹 𐌲𐌰𐍄𐌹𐌼𐌹𐌳 𐌸𐌰𐍄𐌰 𐌰𐍆 𐌸𐌰𐌼𐌼𐌰 𐌽𐌹𐌿𐌾𐌹𐌽."
Luke,5,37,"𐌾𐌰𐌷 𐌰𐌹𐌽𐍃𐌷𐌿𐌽 𐌽𐌹 𐌲𐌹𐌿𐍄𐌹𐌳 𐍅𐌴𐌹𐌽 𐌽𐌹𐌿𐌾𐌰𐍄𐌰 𐌹𐌽 𐌱𐌰𐌻𐌲𐌹𐌽𐍃 𐍆𐌰𐌹𐍂𐌽𐌾𐌰𐌽𐍃, 𐌰𐌹𐌸𐌸𐌰𐌿 𐌳𐌹𐍃𐍄𐌰𐌹𐍂𐌹𐌳 𐌸𐌰𐍄𐌰 𐌽𐌹𐌿𐌾𐍉 𐍅𐌴𐌹𐌽 𐌸𐌰𐌽𐍃 𐌱𐌰𐌻𐌲𐌹𐌽𐍃 𐌾𐌰𐌷 𐍃𐌹𐌻𐌱𐍉 𐌿𐍃𐌲𐌿𐍄𐌽𐌹𐌸, 𐌾𐌰𐌷 𐌸𐌰𐌹 𐌱𐌰𐌻𐌲𐌴𐌹𐍃 𐍆𐍂𐌰𐌵𐌹𐍃𐍄𐌽𐌰𐌽𐌳;"
Luke,5,38,"𐌰𐌺 𐍅𐌴𐌹𐌽 𐌾𐌿𐌲𐌲𐌰𐍄𐌰 𐌹𐌽 𐌱𐌰𐌻𐌲𐌹𐌽𐍃 𐌽𐌹𐌿𐌾𐌰𐌽𐍃 𐌲𐌹𐌿𐍄𐌰𐌽𐌳, 𐌾𐌰𐌷 𐌱𐌰𐌾𐍉𐌸𐍃 𐌲𐌰𐍆𐌰𐍃𐍄𐌰𐌽𐌳𐌰."
Luke,5,39,"𐌾𐌰𐌷 𐌰𐌹𐌽𐍃𐌷𐌿𐌽 𐌳𐍂𐌹𐌲𐌺𐌰𐌽𐌳𐌰𐌽𐌴 𐍆𐌰𐌹𐍂𐌽𐌹, 𐌽𐌹 𐍃𐌿𐌽𐍃 𐍅𐌹𐌻𐌹 𐌾𐌿𐌲𐌲; 𐌵𐌹𐌸𐌹𐌸 𐌰𐌿𐌺: 𐌸𐌰𐍄𐌰 𐍆𐌰𐌹𐍂𐌽𐌾𐍉 𐌱𐌰𐍄𐌹𐌶𐍉 𐌹𐍃𐍄."
Luke,6,1,"𐌾𐌰𐌷 𐍅𐌰𐍂𐌸 𐌹𐌽 𐍃𐌰𐌱𐌱𐌰𐍄𐍉 𐌰𐌽𐌸𐌰𐍂𐌰𐌼𐌼𐌰 𐍆𐍂𐌿𐌼𐌹𐌽 𐌲𐌰𐌲𐌲𐌰𐌽 𐌹𐌼𐌼𐌰 𐌸𐌰𐌹𐍂𐌷 𐌰𐍄𐌹𐍃𐌺, 𐌾𐌰𐌷 𐍂𐌰𐌿𐍀𐌹𐌳𐌴𐌳𐌿𐌽 𐌰𐌷𐍃𐌰 𐍃𐌹𐍀𐍉𐌽𐌾𐍉𐍃 𐌹𐍃 𐌾𐌰𐌷 𐌼𐌰𐍄𐌹𐌳𐌴𐌳𐌿𐌽 𐌱𐌽𐌰𐌿𐌰𐌽𐌳𐌰𐌽𐍃 𐌷𐌰𐌽𐌳𐌿𐌼."
Luke,6,2,𐌹𐌸 𐍃𐌿𐌼𐌰𐌹 𐍆𐌰𐍂𐌴𐌹𐍃𐌰𐌹𐌴 𐌵𐌴𐌸𐌿𐌽 𐌳𐌿 𐌹𐌼: 𐍈𐌰 𐍄𐌰𐌿𐌾𐌹𐌳 𐌸𐌰𐍄𐌴𐌹 𐌽𐌹 𐍃𐌺𐌿𐌻𐌳 𐌹𐍃𐍄 𐍄𐌰𐌿𐌾𐌰𐌽 𐌹𐌽 𐍃𐌰𐌱𐌱𐌰𐍄𐍉 𐌳𐌰𐌲𐌰𐌼?
Luke,6,3,"𐌾𐌰𐌷 𐌰𐌽𐌳𐌷𐌰𐍆𐌾𐌰𐌽𐌳𐍃 𐍅𐌹𐌸𐍂𐌰 𐌹𐌽𐍃 𐌹𐌴𐍃𐌿𐍃 𐌵𐌰𐌸: 𐌽𐌹 𐌸𐌰𐍄𐌰 𐌿𐍃𐍃𐌿𐌲𐌲𐍅𐌿𐌳 𐌸𐌰𐍄𐌴𐌹 𐌲𐌰𐍄𐌰𐍅𐌹𐌳𐌰 𐌳𐌰𐍅𐌴𐌹𐌳, 𐌸𐌰𐌽 𐌲𐍂𐌴𐌳𐌰𐌲𐍃 𐍅𐌰𐍃, 𐍃𐌹𐌻𐌱𐌰 𐌾𐌰𐌷 𐌸𐌰𐌹𐌴𐌹 𐌼𐌹𐌸 𐌹𐌼𐌼𐌰 𐍅𐌴𐍃𐌿𐌽?"
Luke,6,4,"𐍈𐌰𐌹𐍅𐌰 𐌹𐌽𐌽𐌲𐌰𐌻𐌰𐌹𐌸 𐌹𐌽 𐌲𐌰𐍂𐌳 𐌲𐌿𐌳𐌹𐍃 𐌾𐌰𐌷 𐌷𐌻𐌰𐌹𐌱𐌰𐌽𐍃 𐍆𐌰𐌿𐍂𐌻𐌰𐌲𐌴𐌹𐌽𐌰𐌹𐍃 𐌿𐍃𐌽𐌰𐌼 𐌾𐌰𐌷 𐌼𐌰𐍄𐌹𐌳𐌰 𐌾𐌰𐌷 𐌲𐌰𐍆 𐌸𐌰𐌹𐌼 𐌼𐌹𐌸 𐍃𐌹𐍃 𐍅𐌹𐍃𐌰𐌽𐌳𐌰𐌼, 𐌸𐌰𐌽𐌶𐌴𐌹 𐌽𐌹 𐍃𐌺𐌿𐌻𐌳 𐌹𐍃𐍄 𐌼𐌰𐍄𐌾𐌰𐌽, 𐌽𐌹𐌱𐌰𐌹 𐌰𐌹𐌽𐌰𐌹𐌼 𐌲𐌿𐌳𐌾𐌰𐌼?"
Luke,6,5,𐌾𐌰𐌷 𐌵𐌰𐌸 𐌳𐌿 𐌹𐌼 𐌸𐌰𐍄𐌴𐌹 𐍆𐍂𐌰𐌿𐌾𐌰 𐌹𐍃𐍄 𐍃𐌰 𐍃𐌿𐌽𐌿𐍃 𐌼𐌰𐌽𐍃 𐌾𐌰𐌷 𐌸𐌰𐌼𐌼𐌰 𐍃𐌰𐌱𐌱𐌰𐍄𐍉 𐌳𐌰𐌲𐌰.
Luke,6,6,"𐌾𐌰𐌷 𐍅𐌰𐍂𐌸 𐌸𐌰𐌽 𐌹𐌽 𐌰𐌽𐌸𐌰𐍂𐌰𐌼𐌼𐌰 𐌳𐌰𐌲𐌰 𐍃𐌰𐌱𐌱𐌰𐍄𐍉 𐌲𐌰𐌻𐌴𐌹𐌸𐌰𐌽 𐌹𐌼𐌼𐌰 𐌹𐌽 𐍃𐍅𐌽𐌰𐌲𐍉𐌲𐌴𐌹𐌽 𐌾𐌰𐌷 𐌻𐌰𐌹𐍃𐌾𐌰𐌽. 𐌾𐌰𐌷 𐍅𐌰𐍃 𐌾𐌰𐌹𐌽𐌰𐍂 𐌼𐌰𐌽𐌽𐌰, 𐌾𐌰𐌷 𐌷𐌰𐌽𐌳𐌿𐍃 𐌹𐍃 𐍃𐍉 𐍄𐌰𐌹𐌷𐍃𐍅𐍉 𐍅𐌰𐍃 𐌸𐌰𐌿𐍂𐍃𐌿𐍃."
Luke,6,7,"𐍅𐌹𐍄𐌰𐌹𐌳𐌴𐌳𐌿𐌽𐌿𐌷 𐌸𐌰𐌽 𐌸𐌰𐌹 𐌱𐍉𐌺𐌰𐍂𐌾𐍉𐍃 𐌾𐌰𐌷 𐍆𐌰𐍂𐌴𐌹𐍃𐌰𐌹𐌴𐌹𐍃, 𐌾𐌰𐌿 𐌹𐌽 𐍃𐌰𐌱𐌱𐌰𐍄𐍉 𐌳𐌰𐌲𐌰 𐌻𐌴𐌹𐌺𐌹𐌽𐍉𐌳𐌴𐌳𐌹, 𐌴𐌹 𐌱𐌹𐌲𐌴𐍄𐌴𐌹𐌽𐌰 𐍄𐌹𐌻 𐌳𐌿 𐍅𐍂𐍉𐌷𐌾𐌰𐌽 𐌹𐌽𐌰."
Luke,6,8,"𐌹𐌸 𐌹𐍃 𐍅𐌹𐍃𐍃𐌿𐌷 𐌼𐌹𐍄𐍉𐌽𐌹𐌽𐍃 𐌹𐌶𐌴 𐌾𐌰𐌷 𐌵𐌰𐌸 𐌳𐌿 𐌸𐌰𐌼𐌼𐌰 𐌼𐌰𐌽𐌽, 𐌸𐌰𐌼𐌼𐌰 𐌸𐌰𐌿𐍂𐍃𐌾𐌰 𐌷𐌰𐌱𐌰𐌽𐌳𐌹𐌽 𐌷𐌰𐌽𐌳𐌿: 𐌿𐍂𐍂𐌴𐌹𐍃 𐌾𐌰𐌷 𐍃𐍄𐌰𐌽𐌳 𐌹𐌽 𐌼𐌹𐌳𐌾𐌰𐌹𐌼. 𐌸𐌰𐍂𐌿𐌷 𐌹𐍃 𐌿𐍂𐍂𐌴𐌹𐍃𐌰𐌽𐌳𐍃 𐌲𐌰𐍃𐍄𐍉𐌸."
Luke,6,9,"𐌵𐌰𐌸 𐌸𐌰𐌽 𐌹𐌴𐍃𐌿𐍃 𐌳𐌿 𐌹𐌼: 𐍆𐍂𐌰𐌹𐌷𐌽𐌰 𐌹𐌶𐍅𐌹𐍃 𐍈𐌰 𐍃𐌺𐌿𐌻𐌳 𐌹𐍃𐍄 𐍃𐌰𐌱𐌱𐌰𐍄𐍉 𐌳𐌰𐌲𐌰𐌼, 𐌸𐌹𐌿𐌸 𐍄𐌰𐌿𐌾𐌰𐌽 𐌸𐌰𐌿 𐌿𐌽𐌸𐌹𐌿𐌸 𐍄𐌰𐌿𐌾𐌰𐌽, 𐍃𐌰𐌹𐍅𐌰𐌻𐌰 𐌲𐌰𐌽𐌰𐍃𐌾𐌰𐌽 𐌸𐌰𐌿 𐌿𐍃𐌵𐌹𐍃𐍄𐌾𐌰𐌽?"
Luke,6,10,"𐌾𐌰𐌷 𐌿𐍃𐍃𐌰𐌹𐍈𐌰𐌽𐌳𐍃 𐌰𐌻𐌻𐌰𐌽𐍃 𐌹𐌽𐍃 𐌵𐌰𐌸 𐌳𐌿 𐌹𐌼𐌼𐌰: 𐌿𐍆𐍂𐌰𐌺𐌴𐌹 𐌸𐍉 𐌷𐌰𐌽𐌳𐌿 𐌸𐌴𐌹𐌽𐌰. 𐌸𐌰𐍂𐌿𐌷 𐌹𐍃 𐌿𐍆𐍂𐌰𐌺𐌹𐌳𐌰, 𐌾𐌰𐌷 𐌲𐌰𐍃𐍄𐍉𐌸 𐍃𐍉 𐌷𐌰𐌽𐌳𐌿𐍃 𐌹𐍃, 𐍃𐍅𐌰𐍃𐍅𐌴 𐍃𐍉 𐌰𐌽𐌸𐌰𐍂𐌰."
Luke,6,11,𐌹𐌸 𐌴𐌹𐍃 𐍆𐌿𐌻𐌻𐌰𐌹 𐍅𐌰𐌿𐍂𐌸𐌿𐌽 𐌿𐌽𐍆𐍂𐍉𐌳𐌴𐌹𐌽𐍃 𐌾𐌰𐌷 𐍂𐍉𐌳𐌹𐌳𐌴𐌳𐌿𐌽 𐌳𐌿 𐍃𐌹𐍃 𐌼𐌹𐍃𐍃𐍉 𐍈𐌰 𐍄𐌰𐍅𐌹𐌳𐌹𐌳𐌴𐌹𐌽𐌰 𐌸𐌰𐌼𐌼𐌰 𐌹𐌴𐍃𐌿𐌰.
Luke,6,12,"𐌾𐌰𐌷 𐍅𐌰𐍂𐌸 𐌹𐌽 𐌳𐌰𐌲𐌰𐌼 𐌸𐌰𐌹𐌼, 𐌴𐌹 𐌿𐍃𐌹𐌳𐌳𐌾𐌰 𐌹𐌴𐍃𐌿𐍃 𐌹𐌽 𐍆𐌰𐌹𐍂𐌲𐌿𐌽𐌹 𐌱𐌹𐌳𐌾𐌰𐌽; 𐌾𐌰𐌷 𐍅𐌰𐍃 𐌽𐌰𐌷𐍄 𐌸𐌰𐌹𐍂𐍅𐌰𐌺𐌰𐌽𐌳𐍃 𐌹𐌽 𐌱𐌹𐌳𐌰𐌹 𐌲𐌿𐌳𐌹𐍃."
Luke,6,13,"𐌾𐌰𐌷 𐌱𐌹𐌸𐌴 𐍅𐌰𐍂𐌸 𐌳𐌰𐌲𐍃, 𐌰𐍄𐍅𐍉𐍀𐌹𐌳𐌰 𐍃𐌹𐍀𐍉𐌽𐌾𐌰𐌽𐍃 𐍃𐌴𐌹𐌽𐌰𐌽𐍃 𐌾𐌰𐌷 𐌲𐌰𐍅𐌰𐌻𐌾𐌰𐌽𐌳𐍃 𐌿𐍃 𐌹𐌼 𐍄𐍅𐌰𐌻𐌹𐌱, 𐌸𐌰𐌽𐌶𐌴𐌹 𐌾𐌰𐌷 𐌰𐍀𐌰𐌿𐍃𐍄𐌿𐌻𐌿𐌽𐍃 𐌽𐌰𐌼𐌽𐌹𐌳𐌰:"
Luke,6,14,"𐍃𐌴𐌹𐌼𐍉𐌽 𐌸𐌰𐌽𐌴𐌹 𐌾𐌰𐌷 𐌽𐌰𐌼𐌽𐌹𐌳𐌰 𐍀𐌰𐌹𐍄𐍂𐌿, 𐌾𐌰𐌷 𐌰𐌽𐌳𐍂𐌰𐌹𐌰𐌽 𐌱𐍂𐍉𐌸𐌰𐍂 𐌹𐍃; 𐌹𐌰𐌺𐍉𐌱𐌿 𐌾𐌰𐌷 𐌹𐍉𐌷𐌰𐌽𐌽𐌴𐌽, 𐍆𐌹𐌻𐌹𐍀𐍀𐌿 𐌾𐌰𐌷 𐌱𐌰𐍂𐌸𐌿𐌻𐍉𐌼𐌰𐌹𐌿;"
Luke,6,15,"𐌼𐌰𐌸𐌸𐌰𐌹𐌿 𐌾𐌰𐌷 Þ𐍉𐌼𐌰𐌽, 𐌹𐌰𐌺𐍉𐌱𐌿 𐌸𐌰𐌽𐌰 𐌰𐌻𐍆𐌰𐌹𐌿𐍃 𐌾𐌰𐌷 𐍃𐌴𐌹𐌼𐍉𐌽 𐌸𐌰𐌽𐌰 𐌷𐌰𐌹𐍄𐌰𐌽𐌰𐌽 𐌶𐌴𐌻𐍉𐍄𐌴𐌽;"
Luke,6,16,"𐌹𐌿𐌳𐌰𐌽 𐌹𐌰𐌺𐍉𐌱𐌰𐌿𐍃 𐌾𐌰𐌷 𐌹𐌿𐌳𐌰𐌽 𐌹𐍃𐌺𐌰𐍂𐌹𐍉𐍄𐌴𐌽, 𐍃𐌰𐌴𐌹 𐌾𐌰𐌷 𐍅𐌰𐍂𐌸 𐌲𐌰𐌻𐌴𐍅𐌾𐌰𐌽𐌳𐍃 𐌹𐌽𐌰."
Luke,6,17,"𐌾𐌰𐌷 𐌰𐍄𐌲𐌰𐌲𐌲𐌰𐌽𐌳𐍃 𐌳𐌰𐌻𐌰𐌸 𐌼𐌹𐌸 𐌹𐌼 𐌲𐌰𐍃𐍄𐍉𐌸 𐌰𐌽𐌰 𐍃𐍄𐌰𐌳𐌰 𐌹𐌱𐌽𐌰𐌼𐌼𐌰 𐌾𐌰𐌷 𐌷𐌹𐌿𐌼𐌰 𐍃𐌹𐍀𐍉𐌽𐌾𐌴 𐌹𐍃 𐌾𐌰𐌷 𐌷𐌰𐌽𐍃𐌰 𐌼𐌹𐌺𐌹𐌻𐌰 𐌼𐌰𐌽𐌰𐌲𐌴𐌹𐌽𐍃 𐌰𐍆 𐌰𐌻𐌻𐌰𐌼𐌼𐌰 𐌹𐌿𐌳𐌰𐌹𐌰𐍃 𐌾𐌰𐌷 𐌹𐌰𐌹𐍂𐌿𐍃𐌰𐌻𐌴𐌼 𐌾𐌰𐌷 𐌸𐌹𐌶𐌴 𐍆𐌰𐌿𐍂 𐌼𐌰𐍂𐌴𐌹𐌽 𐍄𐍅𐍂𐌴 𐌾𐌰𐌷 𐍃𐌴𐌹𐌳𐍉𐌽𐌴 [𐌾𐌰𐌷 𐌰𐌽𐌸𐌰𐍂𐌰𐌹𐌶𐍉 𐌱𐌰𐌿𐍂𐌲𐌴],"
Luke,6,18,"𐌸𐌰𐌹𐌴𐌹 𐌵𐌴𐌼𐌿𐌽 𐌷𐌰𐌿𐍃𐌾𐌰𐌽 𐌹𐌼𐌼𐌰 𐌾𐌰𐌷 𐌷𐌰𐌹𐌻𐌾𐌰𐌽 𐍃𐌹𐌺 𐍃𐌰𐌿𐌷𐍄𐌴 𐍃𐌴𐌹𐌽𐌰𐌹𐌶𐍉; 𐌾𐌰𐌷 𐌸𐌰𐌹 𐌰𐌽𐌰𐌷𐌰𐌱𐌰𐌹𐌳𐌰𐌽𐍃 𐍆𐍂𐌰𐌼 𐌰𐌷𐌼𐌰𐌼 𐌿𐌽𐌷𐍂𐌰𐌹𐌽𐌾𐌰𐌹𐌼, 𐌾𐌰𐌷 𐌲𐌰𐌷𐌰𐌹𐌻𐌹𐌳𐌰𐌹 𐍅𐌰𐌿𐍂𐌸𐌿𐌽."
Luke,6,19,"𐌾𐌰𐌷 𐌰𐌻𐌻𐌰 𐌼𐌰𐌽𐌰𐌲𐌴𐌹 𐍃𐍉𐌺𐌹𐌳𐌴𐌳𐌿𐌽 𐌰𐍄𐍄𐌴𐌺𐌰𐌽 𐌹𐌼𐌼𐌰, 𐌿𐌽𐍄𐌴 𐌼𐌰𐌷𐍄𐍃 𐌰𐍆 𐌹𐌼𐌼𐌰 𐌿𐍃𐌹𐌳𐌳𐌾𐌰 𐌾𐌰𐌷 𐌲𐌰𐌽𐌰𐍃𐌹𐌳𐌰 𐌰𐌻𐌻𐌰𐌽𐍃."
Luke,6,20,"𐌾𐌰𐌷 𐌹𐍃 𐌿𐍃𐌷𐌰𐍆𐌾𐌰𐌽𐌳𐍃 𐌰𐌿𐌲𐍉𐌽𐌰 𐍃𐌴𐌹𐌽𐌰 𐌳𐌿 𐍃𐌹𐍀𐍉𐌽𐌾𐌰𐌼 𐍃𐌴𐌹𐌽𐌰𐌹𐌼 𐌵𐌰𐌸: 𐌰𐌿𐌳𐌰𐌲𐌰𐌹 𐌾𐌿𐍃 𐌿𐌽𐌻𐌴𐌳𐌰𐌽𐍃 𐌰𐌷𐌼𐌹𐌽, 𐌿𐌽𐍄𐌴 𐌹𐌶𐍅𐌰𐍂𐌰 𐌹𐍃𐍄 𐌸𐌹𐌿𐌳𐌰𐌽𐌲𐌰𐍂𐌳𐌹 𐌷𐌹𐌼𐌹𐌽𐌴."
Luke,6,21,"𐌰𐌿𐌳𐌰𐌲𐌰𐌹 𐌾𐌿𐍃 𐌲𐍂𐌴𐌳𐌰𐌲𐌰𐌽𐍃 𐌽𐌿, 𐌿𐌽𐍄𐌴 𐍃𐌰𐌳𐌰𐌹 𐍅𐌰𐌹𐍂𐌸𐌹𐌸. 𐌰𐌿𐌳𐌰𐌲𐌰𐌹 𐌾𐌿𐍃 𐌲𐍂𐌴𐍄𐌰𐌽𐌳𐌰𐌽𐍃 𐌽𐌿, 𐌿𐌽𐍄𐌴 𐌿𐍆𐌷𐌻𐍉𐌷𐌾𐌰𐌽𐌳𐌰."
Luke,6,22,"𐌰𐌿𐌳𐌰𐌲𐌰𐌹 𐍃𐌹𐌾𐌿𐌸, 𐌸𐌰𐌽 𐍆𐌹𐌾𐌰𐌽𐌳 𐌹𐌶𐍅𐌹𐍃 𐌼𐌰𐌽𐍃 𐌾𐌰𐌷 𐌰𐍆𐍃𐌺𐌰𐌹𐌳𐌰𐌽𐌳 𐌹𐌶𐍅𐌹𐍃 𐌾𐌰𐌷 𐌹𐌳𐍅𐌴𐌹𐍄𐌾𐌰𐌽𐌳 𐌾𐌰𐌷 𐌿𐍃𐍅𐌰𐌹𐍂𐍀𐌰𐌽𐌳 𐌽𐌰𐌼𐌹𐌽 𐌹𐌶𐍅𐌰𐍂𐌰𐌼𐌼𐌰 𐍃𐍅𐌴 𐌿𐌱𐌹𐌻𐌰𐌼𐌼𐌰 𐌹𐌽 𐍃𐌿𐌽𐌰𐌿𐍃 𐌼𐌰𐌽𐍃;"
Luke,6,23,"𐍆𐌰𐌲𐌹𐌽𐍉𐌳 𐌹𐌽 𐌾𐌰𐌹𐌽𐌰𐌼𐌼𐌰 𐌳𐌰𐌲𐌰 𐌾𐌰𐌷 𐌻𐌰𐌹𐌺𐌹𐌳, 𐌿𐌽𐍄𐌴 𐍃𐌰𐌹, 𐌼𐌹𐌶𐌳𐍉 𐌹𐌶𐍅𐌰𐍂𐌰 𐌼𐌰𐌽𐌰𐌲𐌰 𐌹𐌽 𐌷𐌹𐌼𐌹𐌽𐌰𐌼; 𐌱𐌹 𐌸𐌰𐌼𐌼𐌰 𐌰𐌿𐌺 𐍄𐌰𐍅𐌹𐌳𐌴𐌳𐌿𐌽 𐍀𐍂𐌰𐌿𐍆𐌴𐍄𐌿𐌼 𐌰𐍄𐍄𐌰𐌽𐍃 𐌹𐌶𐌴."
Luke,6,24,"𐌰𐌸𐌸𐌰𐌽 𐍅𐌰𐌹 𐌹𐌶𐍅𐌹𐍃 𐌸𐌰𐌹𐌼 𐌲𐌰𐌱𐌴𐌹𐌲𐌰𐌼, 𐌿𐌽𐍄𐌴 𐌾𐌿 𐌷𐌰𐌱𐌰𐌹𐌳 𐌲𐌰𐌸𐌻𐌰𐌹𐌷𐍄 𐌹𐌶𐍅𐌰𐍂𐌰."
Luke,6,25,"𐍅𐌰𐌹 𐌹𐌶𐍅𐌹𐍃, 𐌾𐌿𐍃 𐍃𐌰𐌳𐌰𐌽𐍃 𐌽𐌿, 𐌿𐌽𐍄𐌴 𐌲𐍂𐌴𐌳𐌰𐌲𐌰𐌹 𐍅𐌰𐌹𐍂𐌸𐌹𐌸; 𐍅𐌰𐌹 𐌹𐌶𐍅𐌹𐍃, 𐌾𐌿𐍃 𐌷𐌻𐌰𐌷𐌾𐌰𐌽𐌳𐌰𐌽𐍃 𐌽𐌿, 𐌿𐌽𐍄𐌴 𐌲𐌰𐌿𐌽𐍉𐌽 𐌾𐌰𐌷 𐌲𐍂𐌴𐍄𐌰𐌽 𐌳𐌿𐌲𐌹𐌽𐌽𐌹𐌳."
Luke,6,26,"𐍅𐌰𐌹, 𐌸𐌰𐌽 𐍅𐌰𐌹𐌻𐌰 𐌹𐌶𐍅𐌹𐍃 𐌵𐌹𐌸𐌰𐌽𐌳 𐌰𐌻𐌻𐌰𐌹 𐌼𐌰𐌽𐍃; 𐍃𐌰𐌼𐌰𐌻𐌴𐌹𐌺𐍉 𐌰𐌻𐌻𐌹𐍃 𐍄𐌰𐍅𐌹𐌳𐌴𐌳𐌿𐌽 𐌲𐌰𐌻𐌹𐌿𐌲𐌰𐍀𐍂𐌰𐌿𐍆𐌴𐍄𐌿𐌼 𐌰𐍄𐍄𐌰𐌽𐍃 𐌹𐌶𐌴."
Luke,6,27,𐌰𐌺𐌴𐌹 𐌹𐌶𐍅𐌹𐍃 𐌵𐌹𐌸𐌰 𐌸𐌰𐌹𐌼 𐌷𐌰𐌿𐍃𐌾𐌰𐌽𐌳𐌰𐌼: 𐍆𐍂𐌹𐌾𐍉𐌳 𐌸𐌰𐌽𐍃 𐌷𐌰𐍄𐌰𐌽𐌳𐌰𐌽𐍃 𐌹𐌶𐍅𐌹𐍃; 𐍅𐌰𐌹𐌻𐌰 𐍄𐌰𐌿𐌾𐌰𐌹𐌳 𐌸𐌰𐌹𐌼 𐍆𐌹𐌾𐌰𐌽𐌳𐌰𐌼 𐌹𐌶𐍅𐌹𐍃.
Luke,6,28,𐌸𐌹𐌿𐌸𐌾𐌰𐌹𐌸 𐌸𐌰𐌽𐍃 𐍆𐍂𐌰𐌵𐌹𐌸𐌰𐌽𐌳𐌰𐌽𐍃 𐌹𐌶𐍅𐌹𐍃; 𐌱𐌹𐌳𐌾𐌰𐌹𐌳 𐍆𐍂𐌰𐌼 𐌸𐌰𐌹𐌼 𐌰𐌽𐌰𐌼𐌰𐌷𐍄𐌾𐌰𐌽𐌳𐌰𐌼 𐌹𐌶𐍅𐌹𐍃.
Luke,6,29,"𐌸𐌰𐌼𐌼𐌰 𐍃𐍄𐌰𐌿𐍄𐌰𐌽𐌳𐌹𐌽 𐌸𐌿𐌺 𐌱𐌹 𐌺𐌹𐌽𐌽𐌿, 𐌲𐌰𐌻𐌴𐍅𐌴𐌹 𐌹𐌼𐌼𐌰 𐌾𐌰𐌷 𐌰𐌽𐌸𐌰𐍂𐌰; 𐌾𐌰𐌷 𐌸𐌰𐌼𐌼𐌰 𐌽𐌹𐌼𐌰𐌽𐌳𐌹𐌽 𐌰𐍆 𐌸𐌿𐍃 𐍅𐌰𐍃𐍄𐌾𐌰, 𐌾𐌰𐌷 𐍀𐌰𐌹𐌳𐌰 𐌽𐌹 𐍅𐌰𐍂𐌾𐌰𐌹𐍃."
Luke,6,30,𐍈𐌰𐌼𐌼𐌴𐌷 𐌸𐌰𐌽 𐌱𐌹𐌳𐌾𐌰𐌽𐌳𐌰𐌽𐌴 𐌸𐌿𐌺 𐌲𐌹𐍆 𐌾𐌰𐌷 𐌰𐍆 𐌸𐌰𐌼𐌼𐌰 𐌽𐌹𐌼𐌰𐌽𐌳𐌹𐌽 𐌸𐌴𐌹𐌽 𐌽𐌹 𐌻𐌰𐌿𐍃𐌴𐌹.
Luke,6,31,"𐌾𐌰𐌷 𐍃𐍅𐌰𐍃𐍅𐌴 𐍅𐌹𐌻𐌴𐌹𐌳 𐌴𐌹 𐍄𐌰𐌿𐌾𐌰𐌹𐌽𐌰 𐌹𐌶𐍅𐌹𐍃 𐌼𐌰𐌽𐍃, 𐌾𐌰𐌷 𐌾𐌿𐍃 𐍄𐌰𐌿𐌾𐌰𐌹𐌳 𐌹𐌼 𐍃𐌰𐌼𐌰𐌻𐌴𐌹𐌺𐍉."
Luke,6,32,"𐌰𐌸𐌸𐌰𐌽 𐌾𐌰𐌱𐌰𐌹 𐍆𐍂𐌹𐌾𐍉𐌳 𐌸𐌰𐌽𐍃 𐍆𐍂𐌹𐌾𐍉𐌽𐌳𐌰𐌽𐍃 𐌹𐌶𐍅𐌹𐍃, 𐍈𐌰 𐌹𐌶𐍅𐌹𐍃 𐌻𐌰𐌿𐌽𐌴 𐌹𐍃𐍄? 𐌾𐌰𐌷 𐌰𐌿𐌺 𐌸𐌰𐌹 𐍆𐍂𐌰𐍅𐌰𐌿𐍂𐌷𐍄𐌰𐌽𐍃 𐌸𐌰𐌽𐍃 𐍆𐍂𐌹𐌾𐍉𐌽𐌳𐌰𐌽𐍃 𐍃𐌹𐌺 𐍆𐍂𐌹𐌾𐍉𐌽𐌳."
Luke,6,33,"𐌾𐌰𐌷 𐌾𐌰𐌱𐌰𐌹 𐌸𐌹𐌿𐌸 𐍄𐌰𐌿𐌾𐌰𐌹𐌳 𐌸𐌰𐌹𐌼 𐌸𐌹𐌿𐌸 𐍄𐌰𐌿𐌾𐌰𐌽𐌳𐌰𐌼 𐌹𐌶𐍅𐌹𐍃, 𐍈𐌰 𐌹𐌶𐍅𐌹𐍃 𐌻𐌰𐌿𐌽𐌴 𐌹𐍃𐍄? 𐌾𐌰𐌷 𐌰𐌿𐌺 𐌸𐌰𐌹 𐍆𐍂𐌰𐍅𐌰𐌿𐍂𐌷𐍄𐌰𐌽𐍃 𐌸𐌰𐍄𐌰 𐍃𐌰𐌼𐍉 𐍄𐌰𐌿𐌾𐌰𐌽𐌳."
Luke,6,34,"𐌾𐌰𐌷 𐌾𐌰𐌱𐌰𐌹 𐌻𐌴𐌹𐍈𐌹𐌳 𐍆𐍂𐌰𐌼 𐌸𐌰𐌹𐌼𐌴𐌹 𐍅𐌴𐌽𐌴𐌹𐌳 𐌰𐌽𐌳𐌽𐌹𐌼𐌰𐌽, 𐍈𐌰 𐌹𐌶𐍅𐌹𐍃 𐌻𐌰𐌿𐌽𐌴 𐌹𐍃𐍄? 𐌾𐌰𐌷 𐌰𐌿𐌺 𐍆𐍂𐌰𐌿𐍅𐌰𐌿𐍂𐌷𐍄𐌰𐌹 𐍆𐍂𐌰𐍅𐌰𐌿𐍂𐌷𐍄𐌰𐌹𐌼 𐌻𐌴𐌹𐍈𐌰𐌽𐌳, 𐌴𐌹 𐌰𐌽𐌳𐌽𐌹𐌼𐌰𐌹𐌽𐌰 𐍃𐌰𐌼𐌰𐌻𐌰𐌿𐌳."
Luke,6,35,"𐍃𐍅𐌴𐌸𐌰𐌿𐌷 𐍆𐍂𐌹𐌾𐍉𐌳 𐌸𐌰𐌽𐍃 𐍆𐌹𐌾𐌰𐌽𐌳𐍃 𐌹𐌶𐍅𐌰𐍂𐌰𐌽𐍃, 𐌸𐌹𐌿𐌸 𐍄𐌰𐌿𐌾𐌰𐌹𐌳 𐌾𐌰𐌷 𐌻𐌴𐌹𐍈𐌰𐌹𐌳 𐌽𐌹 𐍅𐌰𐌹𐌷𐍄𐌰𐌹𐍃 𐌿𐍃𐍅𐌴𐌽𐌰𐌽𐍃, 𐌾𐌰𐌷 𐍅𐌰𐌹𐍂𐌸𐌹𐌸 𐌼𐌹𐌶𐌳𐍉 𐌹𐌶𐍅𐌰𐍂𐌰 𐌼𐌰𐌽𐌰𐌲𐌰, 𐌾𐌰𐌷 𐍅𐌰𐌹𐍂𐌸𐌹𐌸 𐍃𐌿𐌽𐌾𐌿𐍃 𐌷𐌰𐌿𐌷𐌹𐍃𐍄𐌹𐌽𐍃, 𐌿𐌽𐍄𐌴 𐌹𐍃 𐌲𐍉𐌳𐍃 𐌹𐍃𐍄 𐌸𐌰𐌹𐌼 𐌿𐌽𐍆𐌰𐌲𐍂𐌰𐌼 𐌾𐌰𐌷 𐌿𐌽𐍃𐌴𐌻𐌾𐌰𐌼."
Luke,6,36,"𐍅𐌰𐌹𐍂𐌸𐌰𐌹𐌳 𐌱𐌻𐌴𐌹𐌸𐌾𐌰𐌽𐌳𐌰𐌽𐍃, 𐍃𐍅𐌰𐍃𐍅𐌴 𐌾𐌰𐌷 𐌰𐍄𐍄𐌰 𐌹𐌶𐍅𐌰𐍂 𐌱𐌻𐌴𐌹𐌸𐍃 𐌹𐍃𐍄."
Luke,6,37,"𐌾𐌰𐌷 𐌽𐌹 𐍃𐍄𐍉𐌾𐌹𐌳, 𐌴𐌹 𐌽𐌹 𐍃𐍄𐍉𐌾𐌰𐌹𐌽𐌳𐌰𐌿; 𐌽𐌹 𐌰𐍆𐌳𐍉𐌼𐌾𐌰𐌹𐌳, 𐌾𐌰𐌷 𐌽𐌹 𐌰𐍆𐌳𐍉𐌼𐌾𐌰𐌽𐌳𐌰; 𐍆𐍂𐌰𐌻𐌴𐍄𐌰𐌹𐌳, 𐌾𐌰𐌷 𐍆𐍂𐌰𐌻𐌴𐍄𐌰𐌽𐌳𐌰."
Luke,6,38,"𐌲𐌹𐌱𐌰𐌹𐌳, 𐌾𐌰𐌷 𐌲𐌹𐌱𐌰𐌳𐌰 𐌹𐌶𐍅𐌹𐍃, 𐌼𐌹𐍄𐌰𐌳𐍃 𐌲𐍉𐌳𐌰 𐌾𐌰𐌷 𐌿𐍆𐌰𐍂𐍆𐌿𐌻𐌻𐌰 𐌾𐌰𐌷 𐌲𐌰𐍅𐌹𐌲𐌰𐌽𐌰 𐌾𐌰𐌷 𐌿𐍆𐌰𐍂𐌲𐌿𐍄𐌰𐌽𐌰 𐌲𐌹𐌱𐌰𐌳𐌰 𐌹𐌽 𐌱𐌰𐍂𐌼 𐌹𐌶𐍅𐌰𐍂𐌰𐌽𐌰; 𐌸𐌹𐌶𐌰𐌹 𐌰𐌿𐌺 𐍃𐌰𐌼𐍉𐌽 𐌼𐌹𐍄𐌰𐌳𐌾𐍉𐌽 𐌸𐌹𐌶𐌰𐌹𐌴𐌹 𐌼𐌹𐍄𐌹𐌳 𐌼𐌹𐍄𐌰𐌳𐌰 𐌹𐌶𐍅𐌹𐍃."
Luke,6,39,𐌵𐌰𐌸𐌿𐌷 𐌸𐌰𐌽 𐌲𐌰𐌾𐌿𐌺𐍉𐌽 𐌹𐌼: 𐌹𐌱𐌰𐌹 𐌼𐌰𐌲 𐌱𐌻𐌹𐌽𐌳𐍃 𐌱𐌻𐌹𐌽𐌳𐌰𐌽𐌰 𐍄𐌹𐌿𐌷𐌰𐌽? 𐌽𐌹𐌿 𐌱𐌰𐌹 𐌹𐌽 𐌳𐌰𐌻 𐌲𐌰𐌳𐍂𐌹𐌿𐍃𐌰𐌽𐌳?
Luke,6,40,𐌽𐌹𐍃𐍄 𐍃𐌹𐍀𐍉𐌽𐌴𐌹𐍃 𐌿𐍆𐌰𐍂 𐌻𐌰𐌹𐍃𐌰𐍂𐌹 𐍃𐌴𐌹𐌽𐌰𐌽𐌰; 𐌹𐌸 𐌲𐌰𐌼𐌰𐌽𐍅𐌹𐌳𐍃 𐍈𐌰𐍂𐌾𐌹𐌶𐌿𐌷 𐍅𐌰𐌹𐍂𐌸𐌰𐌹 𐍃𐍅𐌴 𐌻𐌰𐌹𐍃𐌰𐍂𐌹𐍃 𐌹𐍃.
Luke,6,41,"𐌰𐌸𐌸𐌰𐌽 𐍈𐌰 𐌲𐌰𐌿𐌼𐌴𐌹𐍃 𐌲𐍂𐌰𐌼𐍃𐍄𐌰 𐌹𐌽 𐌰𐌿𐌲𐌹𐌽 𐌱𐍂𐍉𐌸𐍂𐍃 𐌸𐌴𐌹𐌽𐌹𐍃, 𐌹𐌸 𐌰𐌽𐌶𐌰 𐌹𐌽 𐌸𐌴𐌹𐌽𐌰𐌼𐌼𐌰 𐌰𐌿𐌲𐌹𐌽 𐌽𐌹 𐌲𐌰𐌿𐌼𐌴𐌹𐍃?"
Luke,6,42,"𐌰𐌹𐌸𐌸𐌰𐌿 𐍈𐌰𐌹𐍅𐌰 𐌼𐌰𐌲𐍄 𐌵𐌹𐌸𐌰𐌽 𐌳𐌿 𐌱𐍂𐍉𐌸𐍂 𐌸𐌴𐌹𐌽𐌰𐌼𐌼𐌰: 𐌱𐍂𐍉𐌸𐌰𐍂 𐌻𐌴𐍄, 𐌹𐌺 𐌿𐍃𐍅𐌰𐌹𐍂𐍀𐌰 𐌲𐍂𐌰𐌼𐍃𐍄𐌰 𐌸𐌰𐌼𐌼𐌰 𐌹𐌽 𐌰𐌿𐌲𐌹𐌽 𐌸𐌴𐌹𐌽𐌰𐌼𐌼𐌰, 𐍃𐌹𐌻𐌱𐌰 𐌹𐌽 𐌰𐌿𐌲𐌹𐌽 𐌸𐌴𐌹𐌽𐌰𐌼𐌼𐌰 𐌰𐌽𐌶𐌰 𐌽𐌹 𐌲𐌰𐌿𐌼𐌾𐌰𐌽𐌳𐍃? 𐌻𐌹𐌿𐍄𐌰, 𐌿𐍃𐍅𐌰𐌹𐍂𐍀 𐍆𐌰𐌿𐍂𐌸𐌹𐍃 𐌸𐌰𐌼𐌼𐌰 𐌰𐌽𐌶𐌰 𐌿𐍃 𐌰𐌿𐌲𐌹𐌽 𐌸𐌴𐌹𐌽𐌰𐌼𐌼𐌰, 𐌾𐌰𐌷 𐌸𐌰𐌽 𐌲𐌰𐌿𐌼𐌾𐌰𐌹𐍃 𐌿𐍃𐍅𐌰𐌹𐍂𐍀𐌰𐌽 𐌲𐍂𐌰𐌼𐍃𐍄𐌰 𐌸𐌰𐌼𐌼𐌰 𐌹𐌽 𐌰𐌿𐌲𐌹𐌽 𐌱𐍂𐍉𐌸𐍂𐍃 𐌸𐌴𐌹𐌽𐌹𐍃."
Luke,6,43,"𐌽𐌹 𐌰𐌿𐌺 𐌹𐍃𐍄 𐌱𐌰𐌲𐌼𐍃 𐌲𐍉𐌳𐍃 𐍄𐌰𐌿𐌾𐌰𐌽𐌳𐍃 𐌰𐌺𐍂𐌰𐌽 𐌿𐌱𐌹𐌻, 𐌽𐌹𐌷 𐌸𐌰𐌽 𐌱𐌰𐌲𐌼𐍃 𐌿𐌱𐌹𐌻𐍃 𐍄𐌰𐌿𐌾𐌰𐌽𐌳𐍃 𐌰𐌺𐍂𐌰𐌽 𐌲𐍉𐌳."
Luke,6,44,"𐍈𐌰𐍂𐌾𐌹𐌶𐌿𐌷 𐍂𐌰𐌹𐌷𐍄𐌹𐍃 𐌱𐌰𐌲𐌼𐌴 𐌿𐍃 𐍃𐍅𐌴𐍃𐌰𐌼𐌼𐌰 𐌰𐌺𐍂𐌰𐌽𐌰 𐌿𐍃𐌺𐌿𐌽𐌸𐍃 𐌹𐍃𐍄; 𐌽𐌹 𐌰𐌿𐌺 𐌿𐍃 𐌸𐌰𐌿𐍂𐌽𐌿𐌼 𐌻𐌹𐍃𐌰𐌽𐌳[𐌰] 𐍃𐌼𐌰𐌺𐌺𐌰𐌽𐍃, 𐌽𐌹𐌷 𐌸𐌰𐌽 𐌿𐍃 𐌰𐌹𐍈𐌰𐍄𐌿𐌽𐌳𐌾𐌰𐌹 𐍄𐍂𐌿𐌳𐌰𐌽𐌳[𐌰] 𐍅𐌴𐌹𐌽𐌰𐌱𐌰𐍃𐌾𐌰."
Luke,6,45,"𐌸𐌹𐌿𐌸𐌴𐌹𐌲𐍃 𐌼𐌰𐌽𐌽𐌰 𐌿𐍃 𐌸𐌹𐌿𐌸𐌴𐌹𐌲𐌰𐌼𐌼𐌰 𐌷𐌿𐌶𐌳𐌰 𐌷𐌰𐌹𐍂𐍄𐌹𐌽𐍃 𐍃𐌴𐌹𐌽𐌹𐍃 𐌿𐍃𐌱𐌰𐌹𐍂𐌹𐌳 𐌸𐌹𐌿𐌸, 𐌾𐌰𐌷 𐌿𐌱𐌹𐌻𐍃 𐌼𐌰𐌽𐌽𐌰 𐌿𐍃 𐌿𐌱𐌹𐌻𐌰𐌼𐌼𐌰 𐌷𐌰𐌹𐍂𐍄𐌹𐌽𐍃 𐍃𐌴𐌹𐌽𐌹𐍃 𐌿𐍃𐌱𐌰𐌹𐍂𐌹𐌳 𐌿𐌱𐌹𐌻: 𐌿𐌶𐌿𐌷 𐌰𐌻𐌻𐌹𐍃 𐌿𐍆𐌰𐍂𐍆𐌿𐌻𐌻𐌴𐌹𐌽 𐌷𐌰𐌹𐍂𐍄𐌹𐌽𐍃 𐍂𐍉𐌳𐌴𐌹𐌳 𐌼𐌿𐌽𐌸𐍃 𐌹𐍃."
Luke,6,46,"𐌰𐌸𐌸𐌰𐌽 𐍈𐌰 𐌼𐌹𐌺 𐌷𐌰𐌹𐍄𐌹𐌳 𐍆𐍂𐌰𐌿𐌾𐌰, 𐍆𐍂𐌰𐌿𐌾𐌰! 𐌾𐌰𐌷 𐌽𐌹 𐍄𐌰𐌿𐌾𐌹𐌳 𐌸𐌰𐍄𐌴𐌹 𐌵𐌹𐌸𐌰?"
Luke,6,47,"𐍈𐌰𐌶𐌿𐌷 𐍃𐌰 𐌲𐌰𐌲𐌲𐌰𐌽𐌳𐍃 𐌳𐌿 𐌼𐌹𐍃 𐌾𐌰𐌷 𐌷𐌰𐌿𐍃𐌾𐌰𐌽𐌳𐍃 𐍅𐌰𐌿𐍂𐌳𐌰 𐌼𐌴𐌹𐌽𐌰 𐌾𐌰𐌷 𐍄𐌰𐌿𐌾𐌰𐌽𐌳𐍃 𐌸𐍉, 𐌰𐍄𐌰𐌿𐌲𐌾𐌰 𐌹𐌶𐍅𐌹𐍃 𐍈𐌰𐌼𐌼𐌰 𐌲𐌰𐌻𐌴𐌹𐌺𐍃 𐌹𐍃𐍄."
Luke,6,48,"𐌲𐌰𐌻𐌴𐌹𐌺𐍃 𐌹𐍃𐍄 𐌼𐌰𐌽𐌽 𐍄𐌹𐌼𐍂𐌾𐌰𐌽𐌳𐌹𐌽 𐍂𐌰𐌶𐌽, 𐍃𐌰𐌴𐌹 𐌲𐍂𐍉𐌱 𐌾𐌰𐌷 𐌲𐌰𐌳𐌹𐌿𐍀𐌹𐌳𐌰 𐌾𐌰𐌷 𐌲𐌰𐍃𐌰𐍄𐌹𐌳𐌰 𐌲𐍂𐌿𐌽𐌳𐌿𐍅𐌰𐌳𐌳𐌾𐌰𐌿 𐌰𐌽𐌰 𐍃𐍄𐌰𐌹𐌽𐌰. 𐌰𐍄 𐌲𐌰𐍂𐌿𐌽𐌾𐍉𐌽 𐌸𐌰𐌽 𐍅𐌰𐌿𐍂𐌸𐌰𐌽𐌰𐌹 𐌱𐌹𐍃𐍄𐌰𐌲𐌵 𐌰𐍈𐌰 𐌱𐌹 𐌾𐌰𐌹𐌽𐌰𐌼𐌼𐌰 𐍂𐌰𐌶𐌽𐌰 𐌾𐌰𐌷 𐌽𐌹 𐌼𐌰𐌷𐍄𐌰 𐌲𐌰𐍅𐌰𐌲𐌾𐌰𐌽 𐌹𐍄𐌰; 𐌲𐌰𐍃𐌿𐌻𐌹𐌳 𐌰𐌿𐌺 𐍅𐌰𐍃 𐌰𐌽𐌰 𐌸𐌰𐌼𐌼𐌰 𐍃𐍄𐌰𐌹𐌽𐌰."
Luke,6,49,"𐌹𐌸 𐍃𐌰 𐌷𐌰𐌿𐍃𐌾𐌰𐌽𐌳𐍃 𐌾𐌰𐌷 𐌽𐌹 𐍄𐌰𐌿𐌾𐌰𐌽𐌳𐍃 𐌲𐌰𐌻𐌴𐌹𐌺𐍃 𐌹𐍃𐍄 𐌼𐌰𐌽𐌽 𐍄𐌹𐌼𐍂𐌾𐌰𐌽𐌳𐌹𐌽 𐍂𐌰𐌶𐌽 𐌰𐌽𐌰 𐌰𐌹𐍂𐌸𐌰𐌹 𐌹𐌽𐌿𐌷 𐌲𐍂𐌿𐌽𐌳𐌿𐍅𐌰𐌳𐌳𐌾𐌿, 𐌸𐌰𐍄𐌴𐌹 𐌱𐌹𐍃𐍄𐌰𐌲𐌵 𐍆𐌻𐍉𐌳𐌿𐍃, 𐌾𐌰𐌷 𐍃𐌿𐌽𐍃 𐌲𐌰𐌳𐍂𐌰𐌿𐍃, 𐌾𐌰𐌷 𐍅𐌰𐍂𐌸 𐍃𐍉 𐌿𐍃𐍅𐌰𐌻𐍄𐌴𐌹𐌽𐍃 𐌸𐌹𐍃 𐍂𐌰𐌶𐌽𐌹𐍃 𐌼𐌹𐌺𐌹𐌻𐌰."
Luke,7,1,"𐌱𐌹𐌸𐌴 𐌸𐌰𐌽 𐌿𐍃𐍆𐌿𐌻𐌻𐌹𐌳𐌰 𐌰𐌻𐌻𐌰 𐌸𐍉 𐍅𐌰𐌿𐍂𐌳𐌰 𐍃𐌴𐌹𐌽𐌰 𐌹𐌽 𐌷𐌻𐌹𐌿𐌼𐌰𐌽𐍃 𐌼𐌰𐌽𐌰𐌲𐌴𐌹𐌽𐍃, 𐌲𐌰𐌻𐌰𐌹𐌸 𐌹𐌽 𐌺𐌰𐍆𐌰𐍂𐌽𐌰𐌿𐌼."
Luke,7,2,"𐌷𐌿𐌽𐌳𐌰𐍆𐌰𐌳𐌴 𐌸𐌰𐌽 𐍃𐌿𐌼𐌹𐍃 𐍃𐌺𐌰𐌻𐌺𐍃 𐍃𐌹𐌿𐌺𐌰𐌽𐌳𐍃 𐍃𐍅𐌿𐌻𐍄𐌰𐍅𐌰𐌹𐍂𐌸𐌾𐌰, 𐍃𐌰𐌴𐌹 𐍅𐌰𐍃 𐌹𐌼𐌼𐌰 𐍃𐍅𐌴𐍂𐍃."
Luke,7,3,"𐌲𐌰𐌷𐌰𐌿𐍃𐌾𐌰𐌽𐌳𐍃 𐌸𐌰𐌽 𐌱𐌹 𐌹𐌴𐍃𐌿 𐌹𐌽𐍃𐌰𐌽𐌳𐌹𐌳𐌰 𐌳𐌿 𐌹𐌼𐌼𐌰 𐍃𐌹𐌽𐌹𐍃𐍄𐌰𐌽𐍃 𐌹𐌿𐌳𐌰𐌹𐌴, 𐌱𐌹𐌳𐌾𐌰𐌽𐌳𐍃 𐌹𐌽𐌰 𐌴𐌹 𐌵𐌹𐌼𐌹 𐌾𐌰𐌷 𐌲𐌰𐌽𐌰𐍃𐌹𐌳𐌴𐌳𐌹 𐌸𐌰𐌽𐌰 𐍃𐌺𐌰𐌻𐌺 𐌹𐍃."
Luke,7,4,"𐌹𐌸 𐌴𐌹𐍃 𐌵𐌹𐌼𐌰𐌽𐌳𐌰𐌽𐍃 𐌰𐍄 𐌹𐌴𐍃𐌿𐌰 𐌱𐌴𐌳𐌿𐌽 𐌹𐌽𐌰 𐌿𐍃𐌳𐌰𐌿𐌳𐍉, 𐌵𐌹𐌸𐌰𐌽𐌳𐌰𐌽𐍃 𐌸𐌰𐍄𐌴𐌹 𐍅𐌰𐌹𐍂𐌸𐍃 𐌹𐍃𐍄, 𐌸𐌰𐌼𐌼𐌴𐌹 𐍆𐍂𐌰𐌲𐌹𐌱𐌹𐍃 𐌸𐌰𐍄𐌰;"
Luke,7,5,"𐌿𐌽𐍄𐌴 𐍆𐍂𐌹𐌾𐍉𐌸 𐌸𐌹𐌿𐌳𐌰 𐌿𐌽𐍃𐌰𐍂𐌰, 𐌾𐌰𐌷 𐍃𐍅𐌽𐌰𐌲𐍉𐌲𐌴𐌹𐌽 𐌹𐍃 𐌲𐌰𐍄𐌹𐌼𐍂𐌹𐌳𐌰 𐌿𐌽𐍃𐌹𐍃."
Luke,7,6,"𐌹𐌸 𐌹𐌴𐍃𐌿𐍃 𐌹𐌳𐌳𐌾𐌿𐌷 𐌼𐌹𐌸 𐌹𐌼. 𐌾𐌰𐌷 𐌾𐌿𐌸𐌰𐌽 𐌽𐌹 𐍆𐌰𐌹𐍂𐍂𐌰 𐍅𐌹𐍃𐌰𐌽𐌳𐌹𐌽 𐌹𐌼𐌼𐌰 𐌸𐌰𐌼𐌼𐌰 𐌲𐌰𐍂𐌳𐌰, 𐌹𐌽𐍃𐌰𐌽𐌳𐌹𐌳𐌰 𐌳𐌿 𐌹𐌼𐌼𐌰 𐍃𐌰 𐌷𐌿𐌽𐌳𐌰𐍆𐌰𐌳𐍃 𐍆𐍂𐌹𐌾𐍉𐌽𐌳𐍃, 𐌵𐌹𐌸𐌰𐌽𐌳𐍃 𐌳𐌿 𐌹𐌼𐌼𐌰: 𐍆𐍂𐌰𐌿𐌾𐌰, 𐌽𐌹 𐌳𐍂𐌰𐌹𐌱𐌴𐌹 𐌸𐌿𐌺, 𐌿𐌽𐍄𐌴 𐌽𐌹 𐌹𐌼 𐍅𐌰𐌹𐍂𐌸𐍃 𐌴𐌹 𐌿𐍆 𐌷𐍂𐍉𐍄 𐌼𐌴𐌹𐌽 𐌹𐌽𐌽𐌲𐌰𐌲𐌲𐌰𐌹𐍃."
Luke,7,7,"𐌳𐌿𐌸𐌴𐌹 𐌽𐌹 𐌼𐌹𐌺 𐍃𐌹𐌻𐌱𐌰𐌽 𐍅𐌰𐌹𐍂𐌸𐌰𐌽𐌰 𐍂𐌰𐌷𐌽𐌹𐌳𐌰 𐌰𐍄 𐌸𐌿𐍃 𐌵𐌹𐌼𐌰𐌽; 𐌰𐌺 𐌵𐌹𐌸 𐍅𐌰𐌿𐍂𐌳𐌰, 𐌾𐌰𐌷 𐌲𐌰𐌷𐌰𐌹𐌻𐌽𐌹𐌳 𐍃𐌰 𐌸𐌹𐌿𐌼𐌰𐌲𐌿𐍃 𐌼𐌴𐌹𐌽𐍃."
Luke,7,8,"𐌾𐌰𐌷 𐌸𐌰𐌽 𐌰𐌿𐌺 𐌹𐌺 𐌼𐌰𐌽𐌽𐌰 𐌹𐌼 𐌿𐍆 𐍅𐌰𐌻𐌳𐌿𐍆𐌽𐌾𐌰 𐌲𐌰𐍃𐌰𐍄𐌹𐌳𐍃, 𐌷𐌰𐌱𐌰𐌽𐌳𐍃 𐌿𐍆 𐌼𐌹𐍃 𐍃𐌹𐌻𐌱𐌹𐌽 𐌲𐌰𐌳𐍂𐌰𐌿𐌷𐍄𐌹𐌽𐍃; 𐌾𐌰𐌷 𐌵𐌹𐌸𐌰 𐌳𐌿 𐌸𐌰𐌼𐌼𐌰: 𐌲𐌰𐌲𐌲, 𐌾𐌰𐌷 𐌲𐌰𐌲𐌲𐌹𐌳; 𐌾𐌰𐌷 𐌰𐌽𐌸𐌰𐍂𐌰𐌼𐌼𐌰: 𐌵𐌹𐌼 𐌷𐌴𐍂, 𐌾𐌰𐌷 𐌵𐌹𐌼𐌹𐌳; 𐌾𐌰𐌷 𐌳𐌿 𐍃𐌺𐌰𐌻𐌺𐌰 𐌼𐌴𐌹𐌽𐌰𐌼𐌼𐌰: 𐍄𐌰𐍅𐌴𐌹 𐌸𐌰𐍄𐌰, 𐌾𐌰𐌷 𐍄𐌰𐌿𐌾𐌹𐌳."
Luke,7,9,"𐌲𐌰𐌷𐌰𐌿𐍃𐌾𐌰𐌽𐌳𐍃 𐌸𐌰𐌽 𐌸𐌰𐍄𐌰 𐌹𐌴𐍃𐌿𐍃 𐍃𐌹𐌻𐌳𐌰𐌻𐌴𐌹𐌺𐌹𐌳𐌰 𐌹𐌽𐌰 𐌾𐌰𐌷 𐍅𐌰𐌽𐌳𐌾𐌰𐌽𐌳𐍃 𐍃𐌹𐌺 𐌳𐌿 𐌸𐌹𐌶𐌰𐌹 𐌰𐍆𐌰𐍂𐌻𐌰𐌹𐍃𐍄𐌾𐌰𐌽𐌳𐌴𐌹𐌽 𐍃𐌹𐍃 𐌼𐌰𐌽𐌰𐌲𐌴𐌹𐌽 𐌵𐌰𐌸: 𐌰𐌼𐌴𐌽, 𐌵𐌹𐌸𐌰 𐌹𐌶𐍅𐌹𐍃, 𐌽𐌹 𐌹𐌽 𐌹𐍃𐍂𐌰𐌴𐌻𐌰 𐍃𐍅𐌰𐌻𐌰𐌿𐌳𐌰 𐌲𐌰𐌻𐌰𐌿𐌱𐌴𐌹𐌽 𐌱𐌹𐌲𐌰𐍄."
Luke,7,10,𐌾𐌰𐌷 𐌲𐌰𐍅𐌰𐌽𐌳𐌾𐌰𐌽𐌳𐌰𐌽𐍃 𐍃𐌹𐌺 𐌸𐌰𐌹 𐌹𐌽𐍃𐌰𐌽𐌳𐌹𐌳𐌰𐌽𐍃 𐌳𐌿 𐌲𐌰𐍂𐌳𐌰 𐌱𐌹𐌲𐌴𐍄𐌿𐌽 𐌸𐌰𐌽𐌰 𐍃𐌹𐌿𐌺𐌰𐌽 𐍃𐌺𐌰𐌻𐌺 𐌷𐌰𐌹𐌻𐌰𐌽𐌰.
Luke,7,11,"𐌾𐌰𐌷 𐍅𐌰𐍂𐌸 𐌹𐌽 𐌸𐌰𐌼𐌼𐌰 𐌰𐍆𐌰𐍂𐌳𐌰𐌲𐌰, 𐌹𐌳𐌳𐌾𐌰 𐌹𐌽 𐌱𐌰𐌿𐍂𐌲 𐌽𐌰𐌼𐌽𐌹𐌳𐌰 𐌽𐌰𐌴𐌼; 𐌾𐌰𐌷 𐌼𐌹𐌳𐌹𐌳𐌳𐌾𐌴𐌳𐌿𐌽 𐌹𐌼𐌼𐌰 𐍃𐌹𐍀𐍉𐌽𐌾𐍉𐍃 𐌹𐍃 𐌲𐌰𐌽𐍉𐌷𐌰𐌹 𐌾𐌰𐌷 𐌼𐌰𐌽𐌰𐌲𐌴𐌹𐌽𐍃 𐍆𐌹𐌻𐌿."
Luke,7,12,"𐌱𐌹𐌸𐌴𐌷 𐌸𐌰𐌽 𐌽𐌴𐍈𐌰 𐍅𐌰𐍃 𐌳𐌰𐌿𐍂𐌰 𐌸𐌹𐌶𐍉𐍃 𐌱𐌰𐌿𐍂𐌲𐍃, 𐌸𐌰𐍂𐌿𐌷 𐍃𐌰𐌹, 𐌿𐍄𐌱𐌰𐌿𐍂𐌰𐌽𐍃 𐍅𐌰𐍃 𐌽𐌰𐌿𐍃, 𐍃𐌿𐌽𐌿𐍃 𐌰𐌹𐌽𐌰𐌷𐌰 𐌰𐌹𐌸𐌴𐌹𐌽 𐍃𐌴𐌹𐌽𐌰𐌹, 𐌾𐌰𐌷 𐍃𐌹 𐍃𐌹𐌻𐌱𐍉 𐍅𐌹𐌳𐍉𐍅𐍉, 𐌾𐌰𐌷 𐌼𐌰𐌽𐌰𐌲𐌴𐌹 𐌸𐌹𐌶𐍉𐍃 𐌱𐌰𐌿𐍂𐌲𐍃 𐌲𐌰𐌽𐍉𐌷𐌰 𐌼𐌹𐌸 𐌹𐌶𐌰𐌹."
Luke,7,13,𐌾𐌰𐌷 𐌲𐌰𐍃𐌰𐌹𐍈𐌰𐌽𐌳𐍃 𐌸𐍉 𐍆𐍂𐌰𐌿𐌾𐌰 [𐌹𐌴𐍃𐌿𐍃] 𐌹𐌽𐍆𐌴𐌹𐌽𐍉𐌳𐌰 𐌳𐌿 𐌹𐌶𐌰𐌹 𐌾𐌰𐌷 𐌵𐌰𐌸 𐌳𐌿 𐌹𐌶𐌰𐌹: 𐌽𐌹 𐌲𐍂𐌴𐍄!
Luke,7,14,"𐌾𐌰𐌷 𐌳𐌿𐌰𐍄𐌲𐌰𐌲𐌲𐌰𐌽𐌳𐍃 𐌰𐍄𐍄𐌰𐌹𐍄𐍉𐌺 𐍈𐌹𐌻𐍆𐍄𐍂𐌾𐍉𐌼; 𐌹𐌸 𐌸𐌰𐌹 𐌱𐌰𐌹𐍂𐌰𐌽𐌳𐌰𐌽𐍃 𐌲𐌰𐍃𐍄𐍉𐌸𐌿𐌽; 𐌾𐌰𐌷 𐌵𐌰𐌸: 𐌾𐌿𐌲𐌲𐌰𐌻𐌰𐌿𐌳, 𐌳𐌿 𐌸𐌿𐍃 𐌵𐌹𐌸𐌰: 𐌿𐍂𐍂𐌴𐌹𐍃!"
Luke,7,15,𐌾𐌰𐌷 𐌿𐍃𐍃𐌰𐍄 𐍃𐌰 𐌽𐌰𐌿𐍃 𐌾𐌰𐌷 𐌳𐌿𐌲𐌰𐌽𐌽 𐍂𐍉𐌳𐌾𐌰𐌽. 𐌾𐌰𐌷 𐌰𐍄𐌲𐌰𐍆 𐌹𐌽𐌰 𐌰𐌹𐌸𐌴𐌹𐌽 𐌹𐍃.
Luke,7,16,"𐌳𐌹𐍃𐍃𐌰𐍄 𐌸𐌰𐌽 𐌰𐌻𐌻𐌰𐌽𐍃 𐌰𐌲𐌹𐍃, 𐌾𐌰𐌷 𐌼𐌹𐌺𐌹𐌻𐌹𐌳𐌴𐌳𐌿𐌽 𐌲𐌿𐌸, 𐌵𐌹𐌸𐌰𐌽𐌳𐌰𐌽𐍃 𐌸𐌰𐍄𐌴𐌹 𐍀𐍂𐌰𐌿𐍆𐌴𐍄𐌿𐍃 𐌼𐌹𐌺𐌹𐌻𐍃 𐌿𐍂𐍂𐌰𐌹𐍃 𐌹𐌽 𐌿𐌽𐍃𐌹𐍃, 𐌾𐌰𐌷 𐌸𐌰𐍄𐌴𐌹 𐌲𐌰𐍅𐌴𐌹𐍃𐍉𐌳𐌰 𐌲𐌿𐌸 𐌼𐌰𐌽𐌰𐌲𐌴𐌹𐌽𐍃 𐍃𐌴𐌹𐌽𐌰𐌹𐌶𐍉𐍃."
Luke,7,17,𐌾𐌰𐌷 𐌿𐍃𐌹𐌳𐌳𐌾𐌰 𐌸𐌰𐍄𐌰 𐍅𐌰𐌿𐍂𐌳 𐌰𐌽𐌳 𐌰𐌻𐌻𐌰 𐌹𐌿𐌳𐌰𐌹𐌰 𐌱𐌹 𐌹𐌽𐌰 𐌾𐌰𐌷 𐌰𐌽𐌳 𐌰𐌻𐌻𐌰𐌽𐍃 𐌱𐌹𐍃𐌹𐍄𐌰𐌽𐌳𐍃.
Luke,7,18,𐌾𐌰𐌷 𐌲𐌰𐍄𐌰𐌹𐌷𐌿𐌽 𐌹𐍉𐌷𐌰𐌽𐌽𐌴𐌽 𐍃𐌹𐍀𐍉𐌽𐌾𐍉𐍃 𐌹𐍃 𐌱𐌹 𐌰𐌻𐌻𐌰 𐌸𐍉.
Luke,7,19,𐌾𐌰𐌷 𐌰𐍄𐌷𐌰𐌹𐍄𐌰𐌽𐌳𐍃 𐍄𐍅𐌰𐌽𐍃 𐍃𐌹𐍀𐍉𐌽𐌾𐌴 𐍃𐌴𐌹𐌽𐌰𐌹𐌶𐌴 𐌹𐍉𐌷𐌰𐌽𐌽𐌴𐍃 𐌹𐌽𐍃𐌰𐌽𐌳𐌹𐌳𐌰 𐌹𐌽𐍃 𐌳𐌿 𐌹𐌴𐍃𐌿𐌰 𐌵𐌹𐌸𐌰𐌽𐌳𐍃: 𐌸û 𐌹𐍃 𐍃𐌰 𐌵𐌹𐌼𐌰𐌽𐌳𐌰 𐌸𐌰𐌿 𐌰𐌽𐌸𐌰𐍂𐌰𐌽𐌿 𐍅𐌴𐌽𐌾𐌰𐌹𐌼𐌰?
Luke,7,20,"𐌵𐌹𐌼𐌰𐌽𐌳𐌰𐌽𐍃 𐌸𐌰𐌽 𐌰𐍄 𐌹𐌼𐌼𐌰 𐌸𐌰𐌹 𐍅𐌰𐌹𐍂𐍉𐍃 𐌵𐌴𐌸𐌿𐌽: 𐌹𐍉𐌷𐌰𐌽𐌽𐌴𐍃 𐍃𐌰 𐌳𐌰𐌿𐍀𐌾𐌰𐌽𐌳𐍃 𐌹𐌽𐍃𐌰𐌽𐌳𐌹𐌳𐌰 𐌿𐌲𐌺𐌹𐍃 𐌳𐌿 𐌸𐌿𐍃, 𐌵𐌹𐌸𐌰𐌽𐌳𐍃: 𐌸û 𐌹𐍃 𐍃𐌰 𐌵𐌹𐌼𐌰𐌽𐌳𐌰 𐌸𐌰𐌿 𐌰𐌽𐌸𐌰𐍂𐌰𐌽𐌿 𐍅𐌴𐌽𐌾𐌰𐌹𐌼𐌰?"
Luke,7,21,𐌹𐌽𐌿𐌷 𐌸𐌰𐌽 𐌸𐌹𐌶𐌰𐌹 𐍈𐌴𐌹𐌻𐌰𐌹 𐌲𐌰𐌷𐌰𐌹𐌻𐌹𐌳𐌰 𐌼𐌰𐌽𐌰𐌲𐌰𐌽𐍃 𐌰𐍆 𐍃𐌰𐌿𐌷𐍄𐌹𐌼 𐌾𐌰𐌷 𐍃𐌻𐌰𐌷𐌹𐌼 𐌾𐌰𐌷 𐌰𐌷𐌼𐌰𐌽𐌴 𐌿𐌱𐌹𐌻𐌰𐌹𐌶𐌴 𐌾𐌰𐌷 𐌱𐌻𐌹𐌽𐌳𐌰𐌹𐌼 𐌼𐌰𐌽𐌰𐌲𐌰𐌹𐌼 𐍆𐍂𐌰𐌲𐌰𐍆 𐍃𐌹𐌿𐌽.
Luke,7,22,"𐌾𐌰𐌷 𐌰𐌽𐌳𐌷𐌰𐍆𐌾𐌰𐌽𐌳𐍃 𐌹𐌴𐍃𐌿𐍃 𐌵𐌰𐌸 𐌳𐌿 𐌹𐌼: 𐌲𐌰𐌲𐌲𐌰𐌽𐌳𐌰𐌽𐍃 𐌲𐌰𐍄𐌴𐌹𐌷𐌰𐍄𐍃 𐌹𐍉𐌷𐌰𐌽𐌽𐌴𐌽 𐌸𐌰𐍄𐌴𐌹 𐌲𐌰𐍃𐌴𐍈𐌿𐍄𐍃 𐌾𐌰𐌷 𐌲𐌰𐌷𐌰𐌿𐍃𐌹𐌳𐌴𐌳𐌿𐍄𐍃, 𐌸𐌰𐍄𐌴𐌹 𐌱𐌻𐌹𐌽𐌳𐌰𐌹 𐌿𐍃𐍃𐌰𐌹𐍈𐌰𐌽𐌳, 𐌷𐌰𐌻𐍄𐌰𐌹 𐌲𐌰𐌲𐌲𐌰𐌽𐌳, 𐌸𐍂𐌿𐍄𐍃𐍆𐌹𐌻𐌻𐌰𐌹 𐌲𐌰𐌷𐍂𐌰𐌹𐌽𐌾𐌰𐌽𐌳𐌰, 𐌱𐌰𐌿𐌳𐌰𐌹 𐌲𐌰𐌷𐌰𐌿𐍃𐌾𐌰𐌽𐌳, 𐌽𐌰𐍅𐌴𐌹𐍃 𐌿𐍂𐍂𐌴𐌹𐍃𐌰𐌽𐌳, 𐌿𐌽𐌻𐌴𐌳𐌰𐌹 𐍅𐌰𐌹𐌻𐌰𐌼𐌴𐍂𐌾𐌰𐌽𐌳𐌰;"
Luke,7,23,𐌾𐌰𐌷 𐌰𐌿𐌳𐌰𐌲𐍃 𐌹𐍃𐍄 𐍃𐌰𐍈𐌰𐌶𐌿𐌷 𐍃𐌰𐌴𐌹 𐌽𐌹 𐌲𐌰𐌼𐌰𐍂𐌶𐌾𐌰𐌳𐌰 𐌹𐌽 𐌼𐌹𐍃.
Luke,7,24,𐌰𐍄 𐌲𐌰𐌻𐌴𐌹𐌸𐌰𐌽𐌳𐌰𐌼 𐌸𐌰𐌽 𐌸𐌰𐌹𐌼 𐌰𐌹𐍂𐌿𐌼 𐌹𐍉𐌷𐌰𐌽𐌽𐌴𐍃 𐌳𐌿𐌲𐌰𐌽𐌽 𐍂𐍉𐌳𐌾𐌰𐌽 𐌳𐌿 𐌼𐌰𐌽𐌰𐌲𐌴𐌹𐌼 𐌱𐌹 𐌹𐍉𐌷𐌰𐌽𐌽𐌴𐌽: 𐍈𐌰 𐌿𐍃𐌹𐌳𐌳𐌾𐌴𐌳𐌿𐌸 𐌹𐌽 𐌰𐌿𐌸𐌹𐌳𐌰 𐍃𐌰𐌹𐍈𐌰𐌽? 𐍂𐌰𐌿𐍃 𐍆𐍂𐌰𐌼 𐍅𐌹𐌽𐌳𐌰 𐍅𐌰𐌲𐌹𐌳?
Luke,7,25,"𐌰𐌺𐌴𐌹 𐍈𐌰 𐌿𐍃𐌹𐌳𐌳𐌾𐌴𐌳𐌿𐌸 𐍃𐌰𐌹𐍈𐌰𐌽? 𐌼𐌰𐌽𐌽𐌰𐌽 𐌹𐌽 𐌷𐌽𐌰𐍃𐌵𐌾𐌰𐌹𐌼 𐍅𐌰𐍃𐍄𐌾𐍉𐌼 𐌲𐌰𐍅𐌰𐍃𐌹𐌳𐌰𐌽𐌰? 𐍃𐌰𐌹, 𐌸𐌰𐌹 𐌹𐌽 𐍅𐌰𐍃𐍄𐌾𐍉𐌼 𐍅𐌿𐌻𐌸𐌰𐌲𐌰𐌹𐌼 𐌾𐌰𐌷 𐍆𐍉𐌳𐌴𐌹𐌽𐌰𐌹 𐍅𐌹𐍃𐌰𐌽𐌳𐌰𐌽𐍃 𐌹𐌽 𐌸𐌹𐌿𐌳𐌰𐌽𐌲𐌰𐍂𐌳𐌾𐍉𐌼 𐍃𐌹𐌽𐌳."
Luke,7,26,"𐌰𐌺𐌴𐌹 𐍈𐌰 𐌿𐍃𐌹𐌳𐌳𐌾𐌴𐌳𐌿𐌸 𐍃𐌰𐌹𐍈𐌰𐌽? 𐍀𐍂𐌰𐌿𐍆𐌴𐍄𐌿? 𐌾𐌰𐌹, 𐌵𐌹𐌸𐌰 𐌹𐌶𐍅𐌹𐍃, 𐌾𐌰𐌷 𐌼𐌰𐌹𐍃 𐍀𐍂𐌰𐌿𐍆𐌴𐍄𐌿."
Luke,7,27,"𐍃𐌰 𐌹𐍃𐍄, 𐌱𐌹 𐌸𐌰𐌽𐌴𐌹 𐌲𐌰𐌼𐌴𐌻𐌹𐌳 𐌹𐍃𐍄: 𐍃𐌰𐌹, 𐌹𐌺 𐌹𐌽𐍃𐌰𐌽𐌳𐌾𐌰 𐌰𐌲𐌲𐌹𐌻𐌿 𐌼𐌴𐌹𐌽𐌰𐌽𐌰 𐍆𐌰𐌿𐍂𐌰 𐌰𐌽𐌳𐍅𐌰𐌹𐍂𐌸𐌾𐌰 𐌸𐌴𐌹𐌽𐌰𐌼𐌼𐌰, 𐍃𐌰𐌴𐌹 𐌲𐌰𐌼𐌰𐌽𐍅𐌴𐌹𐌳 𐍅𐌹𐌲 𐌸𐌴𐌹𐌽𐌰𐌽𐌰 𐍆𐌰𐌿𐍂𐌰 𐌸𐌿𐍃."
Luke,7,28,"𐌵𐌹𐌸𐌰 𐌰𐌻𐌻𐌹𐍃 𐌹𐌶𐍅𐌹𐍃, 𐌼𐌰𐌹𐌶𐌰 𐌹𐌽 𐌱𐌰𐌿𐍂𐌹𐌼 𐌵𐌹𐌽𐍉𐌽𐍉 𐍀𐍂𐌰𐌿𐍆𐌴𐍄𐌿𐍃 𐌹𐍉𐌷𐌰𐌽𐌽𐌴 𐌸𐌰𐌼𐌼𐌰 𐌳𐌰𐌿𐍀𐌾𐌰𐌽𐌳𐌹𐌽 𐌰𐌹𐌽𐍃𐌷𐌿𐌽 𐌽𐌹𐍃𐍄; 𐌹𐌸 𐍃𐌰 𐌼𐌹𐌽𐌽𐌹𐌶𐌰 [𐌹𐌼𐌼𐌰] 𐌹𐌽 𐌸𐌹𐌿𐌳𐌰𐌽𐌲𐌰𐍂𐌳𐌾𐌰𐌹 𐌲𐌿𐌳𐌹𐍃 𐌼𐌰𐌹𐌶𐌰 𐌹𐌼𐌼𐌰 𐌹𐍃𐍄."
Luke,7,29,"𐌾𐌰𐌷 𐌰𐌻𐌻𐌰 𐌼𐌰𐌽𐌰𐌲𐌴𐌹 𐌲𐌰𐌷𐌰𐌿𐍃𐌾𐌰𐌽𐌳𐌴𐌹 𐌾𐌰𐌷 𐌼𐍉𐍄𐌰𐍂𐌾𐍉𐍃 𐌲𐌰𐍂𐌰𐌹𐌷𐍄𐌰𐌽𐌰 𐌳𐍉𐌼𐌹𐌳𐌴𐌳𐌿𐌽 𐌲𐌿𐌸, 𐌿𐍆𐌳𐌰𐌿𐍀𐌹𐌳𐌰𐌹 𐌳𐌰𐌿𐍀𐌴𐌹𐌽𐌰𐌹 𐌹𐍉𐌷𐌰𐌽𐌽𐌹𐍃."
Luke,7,30,"𐌹𐌸 𐍆𐌰𐍂𐌴𐌹𐍃𐌰𐌹𐌴𐌹𐍃 𐌾𐌰𐌷 𐍅𐌹𐍄𐍉𐌳𐌰𐍆𐌰𐍃𐍄𐌾𐍉𐍃 𐍂𐌿𐌽𐌰 𐌲𐌿𐌳𐌹𐍃 𐍆𐍂𐌰𐌵𐌴𐌸𐌿𐌽 𐌰𐌽𐌰 𐍃𐌹𐌺, 𐌽𐌹 𐌳𐌰𐌿𐍀𐌹𐌳𐌰𐌹 𐍆𐍂𐌰𐌼 𐌹𐌼𐌼𐌰."
Luke,7,31,"𐍈𐌴 𐌽𐌿 𐌲𐌰𐌻𐌴𐌹𐌺𐍉 𐌸𐌰𐌽𐍃 𐌼𐌰𐌽𐍃 𐌸𐌹𐍃 𐌺𐌿𐌽𐌾𐌹𐍃, 𐌾𐌰𐌷 𐍈𐌴 𐍃𐌹𐌾𐌰𐌹𐌽𐌰 𐌲𐌰𐌻𐌴𐌹𐌺𐌰𐌹?"
Luke,7,32,"𐌲𐌰𐌻𐌴𐌹𐌺𐌰𐌹 𐍃𐌹𐌽𐌳 𐌱𐌰𐍂𐌽𐌰𐌼 𐌸𐌰𐌹𐌼 𐌹𐌽 𐌲𐌰𐍂𐌿𐌽𐍃𐌰𐌹 𐍃𐌹𐍄𐌰𐌽𐌳𐌰𐌼 𐌾𐌰𐌷 𐍅𐍉𐍀𐌾𐌰𐌽𐌳𐌰𐌼 𐍃𐌴𐌹𐌽𐌰 𐌼𐌹𐍃𐍃𐍉 𐌾𐌰𐌷 𐌵𐌹𐌸𐌰𐌽𐌳𐌰𐌼: 𐍃𐍅𐌹𐌲𐌻𐍉𐌳𐌴𐌳𐌿𐌼 𐌹𐌶𐍅𐌹𐍃 𐌾𐌰𐌷 𐌽𐌹 𐍀𐌻𐌹𐌽𐍃𐌹𐌳𐌴𐌳𐌿𐌸, 𐌲𐌰𐌿𐌽𐍉𐌳𐌴𐌳𐌿𐌼 𐌹𐌶𐍅𐌹𐍃 𐌾𐌰𐌽~𐌽𐌹 𐌲𐌰𐌹𐌲𐍂𐍉𐍄𐌿𐌸."
Luke,7,33,"𐌿𐍂𐍂𐌰𐌽𐌽 𐍂𐌰𐌹𐌷𐍄𐌹𐍃 𐌹𐍉𐌷𐌰𐌽𐌽𐌴𐍃 𐍃𐌰 𐌳𐌰𐌿𐍀𐌾𐌰𐌽𐌳𐍃, 𐌽𐌹𐌷 𐌷𐌻𐌰𐌹𐍆 𐌼𐌰𐍄𐌾𐌰𐌽𐌳𐍃 𐌽𐌹𐌷 𐍅𐌴𐌹𐌽 𐌳𐍂𐌹𐌲𐌺𐌰𐌽𐌳𐍃, 𐌾𐌰𐌷 𐌵𐌹𐌸𐌹𐌸: 𐌿𐌽𐌷𐌿𐌻𐌸𐍉𐌽 𐌷𐌰𐌱𐌰𐌹𐌸."
Luke,7,34,"𐌿𐍂𐍂𐌰𐌽𐌽 𐍃𐌿𐌽𐌿𐍃 𐌼𐌰𐌽𐍃 𐌼𐌰𐍄𐌾𐌰𐌽𐌳𐍃 𐌾𐌰𐌷 𐌳𐍂𐌹𐌲𐌺𐌰𐌽𐌳𐍃, 𐌾𐌰𐌷 𐌵𐌹𐌸𐌹𐌸: 𐍃𐌰𐌹, 𐌼𐌰𐌽𐌽𐌰 𐌰𐍆𐌴𐍄𐌾𐌰 𐌾𐌰𐌷 𐍅𐌴𐌹𐌽𐌳𐍂𐌿𐌲𐌺𐌾𐌰, 𐍆𐍂𐌹𐌾𐍉𐌽𐌳𐍃 𐌼𐍉𐍄𐌰𐍂𐌾𐌴 𐌾𐌰𐌷 𐍆𐍂𐌰𐍅𐌰𐌿𐍂𐌷𐍄𐌰𐌹𐌶𐌴."
Luke,7,35,𐌾𐌰𐌷 𐌲𐌰𐍃𐌿𐌽𐌾𐍉𐌳𐌰 𐍅𐌰𐍂𐌸 𐌷𐌰𐌽𐌳𐌿𐌲𐌴𐌹 𐍆𐍂𐌰𐌼 𐌱𐌰𐍂𐌽𐌰𐌼 𐍃𐌴𐌹𐌽𐌰𐌹𐌼 𐌰𐌻𐌻𐌰𐌹𐌼.
Luke,7,36,𐌱𐌰𐌸 𐌸𐌰𐌽 𐌹𐌽𐌰 𐍃𐌿𐌼𐍃 𐍆𐌰𐍂𐌴𐌹𐍃𐌰𐌹𐌴 𐌴𐌹 𐌼𐌰𐍄𐌹𐌳𐌴𐌳𐌹 𐌼𐌹𐌸 𐌹𐌼𐌼𐌰; 𐌾𐌰𐌷 𐌰𐍄𐌲𐌰𐌲𐌲𐌰𐌽𐌳𐍃 𐌹𐌽 𐌲𐌰𐍂𐌳 𐌸𐌹𐍃 𐍆𐌰𐍂𐌴𐌹𐍃𐌰𐌹𐌰𐌿𐍃 𐌰𐌽𐌰𐌺𐌿𐌼𐌱𐌹𐌳𐌰.
Luke,7,37,"𐌸𐌰𐍂𐌿𐌷 𐍃𐌰𐌹, 𐌵𐌹𐌽𐍉 𐌹𐌽 𐌸𐌹𐌶𐌰𐌹 𐌱𐌰𐌿𐍂𐌲, 𐍃𐌴𐌹 𐍅𐌰𐍃 𐍆𐍂𐌰𐍅𐌰𐌿𐍂𐌷𐍄𐌰, 𐌾𐌰𐌷 𐌿𐍆𐌺𐌿𐌽𐌽𐌰𐌽𐌳𐌴𐌹 𐌸𐌰𐍄𐌴𐌹 𐌰𐌽𐌰𐌺𐌿𐌼𐌱𐌹𐌳𐌰 𐌹𐌽 𐍂𐌰𐌶𐌽𐌰 𐌸𐌹𐍃 𐍆𐌰𐍂𐌴𐌹𐍃𐌰𐌹𐌰𐌿𐍃, 𐌱𐍂𐌹𐌲𐌲𐌰𐌽𐌳𐌴𐌹 𐌰𐌻𐌰𐌱𐌰𐌻𐍃𐍄𐍂𐌰𐌿𐌽 𐌱𐌰𐌻𐍃𐌰𐌽𐌹𐍃"
Luke,7,38,"𐌾𐌰𐌷 𐍃𐍄𐌰𐌽𐌳𐌰𐌽𐌳𐌴𐌹 𐍆𐌰𐌿𐍂𐌰 𐍆𐍉𐍄𐌿𐌼 𐌹𐍃 𐌰𐍆𐍄𐌰𐍂𐍉 𐌲𐍂𐌴𐌹𐍄𐌰𐌽𐌳𐌴𐌹, 𐌳𐌿𐌲𐌰𐌽𐌽 𐌽𐌰𐍄𐌾𐌰𐌽 𐍆𐍉𐍄𐌿𐌽𐍃 𐌹𐍃 𐍄𐌰𐌲𐍂𐌰𐌼 𐌾𐌰𐌷 𐍃𐌺𐌿𐍆𐍄𐌰 𐌷𐌰𐌿𐌱𐌹𐌳𐌹𐍃 𐍃𐌴𐌹𐌽𐌹𐍃 𐌱𐌹𐍃𐍅𐌰𐍂𐌱 𐌾𐌰𐌷 𐌺𐌿𐌺𐌹𐌳𐌰 𐍆𐍉𐍄𐌿𐌼 𐌹𐍃 𐌾𐌰𐌷 𐌲𐌰𐍃𐌰𐌻𐌱𐍉𐌳𐌰 𐌸𐌰𐌼𐌼𐌰 𐌱𐌰𐌻𐍃𐌰𐌽𐌰."
Luke,7,39,"𐌲𐌰𐍃𐌰𐌹𐍈𐌰𐌽𐌳𐍃 𐌸𐌰𐌽 𐍃𐌰 𐍆𐌰𐍂𐌴𐌹𐍃𐌰𐌹𐌿𐍃, 𐍃𐌰𐌴𐌹 𐌷𐌰𐌹𐌷𐌰𐌹𐍄 𐌹𐌽𐌰, 𐍂𐍉𐌳𐌹𐌳𐌰 𐍃𐌹𐍃 𐌰𐌹𐌽𐍃 𐌵𐌹𐌸𐌰𐌽𐌳𐍃: 𐍃𐌰 𐌹𐌸 𐍅𐌴𐍃𐌹 𐍀𐍂𐌰𐌿𐍆𐌴𐍄𐌿𐍃, 𐌿𐍆𐌺𐌿𐌽𐌸𐌴𐌳𐌹 𐌸𐌰𐌿, 𐍈𐍉 𐌾𐌰𐌷 𐍈𐌹𐌻𐌴𐌹𐌺𐌰 𐍃𐍉 𐌵𐌹𐌽𐍉 𐍃𐌴𐌹 𐍄𐌴𐌺𐌹𐌸 𐌹𐌼𐌼𐌰, 𐌸𐌰𐍄𐌴𐌹 𐍆𐍂𐌰𐍅𐌰𐌿𐍂𐌷𐍄𐌰 𐌹𐍃𐍄."
Luke,7,40,"𐌾𐌰𐌷 𐌰𐌽𐌳𐌷𐌰𐍆𐌾𐌰𐌽𐌳𐍃 𐌹𐌴𐍃𐌿𐍃 𐌵𐌰𐌸 𐌳𐌿 𐍀𐌰𐌹𐍄𐍂𐌰𐌿: 𐍃𐌴𐌹𐌼𐍉𐌽, 𐍃𐌺𐌰𐌻 𐌸𐌿𐍃 𐍈𐌰 𐌵𐌹𐌸𐌰𐌽. 𐌹𐌸 𐌹𐍃 𐌵𐌰𐌸: 𐌻𐌰𐌹𐍃𐌰𐍂𐌹, 𐌵𐌹𐌸!"
Luke,7,41,"𐍄𐍅𐌰𐌹 𐌳𐌿𐌻𐌲𐌹𐍃 𐍃𐌺𐌿𐌻𐌰𐌽𐍃 𐍅𐌴𐍃𐌿𐌽 𐌳𐌿𐌻𐌲𐌰𐌷𐌰𐌹𐍄𐌾𐌹𐌽 𐍃𐌿𐌼𐌰𐌼𐌼𐌰; 𐌰𐌹𐌽𐍃 𐍃𐌺𐌿𐌻𐌳𐌰 𐍃𐌺𐌰𐍄𐍄𐌴 𐍆𐌹𐌼𐍆 𐌷𐌿𐌽𐌳𐌰, 𐌹𐌸 𐌰𐌽𐌸𐌰𐍂 𐍆𐌹𐌼𐍆 𐍄𐌹𐌲𐌿𐌽𐍃."
Luke,7,42,"𐌽𐌹 𐌷𐌰𐌱𐌰𐌽𐌳𐌰𐌼 𐌸𐌰𐌽 𐍈𐌰𐌸𐍂𐍉 𐌿𐍃𐌲𐌴𐌱𐌴𐌹𐌽𐌰, 𐌱𐌰𐌹𐌼 𐍆𐍂𐌰𐌲𐌰𐍆. 𐍈𐌰𐌸𐌰𐍂 𐌽𐌿 𐌸𐌹𐌶𐌴, 𐌵𐌹𐌸, 𐌼𐌰𐌹𐍃 𐌹𐌽𐌰 𐍆𐍂𐌹𐌾𐍉𐌳?"
Luke,7,43,𐌰𐌽𐌳𐌷𐌰𐍆𐌾𐌰𐌽𐌳𐍃 𐌸𐌰𐌽 𐍃𐌴𐌹𐌼𐍉𐌽 𐌵𐌰𐌸: 𐌸𐌰𐌽𐌰 𐌲𐌰𐍅𐌴𐌽𐌾𐌰 𐌸𐌰𐌼𐌼𐌴𐌹 𐌼𐌰𐌽𐌰𐌲𐌹𐌶𐍉 𐍆𐍂𐌰𐌲𐌰𐍆. 𐌸𐌰𐍂𐌿𐌷 𐌹𐍃 𐌵𐌰𐌸 𐌳𐌿 𐌹𐌼𐌼𐌰: 𐍂𐌰𐌹𐌷𐍄𐌰𐌱𐌰 𐍃𐍄𐌰𐌿𐌹𐌳𐌴𐍃.
Luke,7,44,𐌾𐌰𐌷 𐌲𐌰𐍅𐌰𐌽𐌳𐌾𐌰𐌽𐌳𐍃 𐍃𐌹𐌺 𐌳𐌿 𐌸𐌹𐌶𐌰𐌹 𐌵𐌹𐌽𐍉𐌽 𐌵𐌰𐌸 𐌳𐌿 𐍃𐌴𐌹𐌼𐍉𐌽𐌰: 𐌲𐌰𐍃𐌰𐌹𐍈𐌹𐍃 𐌸𐍉 𐌵𐌹𐌽𐍉𐌽? 𐌰𐍄𐌲𐌰𐌲𐌲𐌰𐌽𐌳𐌹𐌽 𐌹𐌽 𐌲𐌰𐍂𐌳 𐌸𐌴𐌹𐌽𐌰𐌽𐌰 𐍅𐌰𐍄𐍉 𐌼𐌹𐍃 𐌰𐌽𐌰 𐍆𐍉𐍄𐌿𐌽𐍃 𐌼𐌴𐌹𐌽𐌰𐌽𐍃 𐌽𐌹 𐌲𐌰𐍆𐍄; 𐌹𐌸 𐍃𐌹 𐍄𐌰𐌲𐍂𐌰𐌼 𐍃𐌴𐌹𐌽𐌰𐌹𐌼 𐌲𐌰𐌽𐌰𐍄𐌹𐌳𐌰 𐌼𐌴𐌹𐌽𐌰𐌽𐍃 𐍆𐍉𐍄𐌿𐌽𐍃 𐌾𐌰𐌷 𐍃𐌺𐌿𐍆𐍄𐌰 𐍃𐌴𐌹𐌽𐌰𐌼𐌼𐌰 𐌱𐌹𐍃𐍅𐌰𐍂𐌱.
Luke,7,45,"𐌽𐌹 𐌺𐌿𐌺𐌹𐌳𐌴𐍃 𐌼𐌹𐍃; 𐌹𐌸 𐍃𐌹, 𐍆𐍂𐌰𐌼 𐌸𐌰𐌼𐌼𐌴𐌹 𐌹𐌽𐌽𐌰𐍄𐌹𐌳𐌳𐌾𐌰, 𐌽𐌹 𐍃𐍅𐌰𐌹𐍆 𐌱𐌹𐌺𐌿𐌺𐌾𐌰𐌽 𐍆𐍉𐍄𐌿𐌽𐍃 𐌼𐌴𐌹𐌽𐌰𐌽𐍃."
Luke,7,46,𐌰𐌻𐌴𐍅𐌰 𐌷𐌰𐌿𐌱𐌹𐌳 𐌼𐌴𐌹𐌽𐌰𐍄𐌰 𐌽𐌹 𐍃𐌰𐌻𐌱𐍉𐌳𐌴𐍃; 𐌹𐌸 𐍃𐌹 𐌱𐌰𐌻𐍃𐌰𐌽𐌰 𐌲𐌰𐍃𐌰𐌻𐌱𐍉𐌳𐌰 𐍆𐍉𐍄𐌿𐌽𐍃 𐌼𐌴𐌹𐌽𐌰𐌽𐍃.
Luke,7,47,"𐌹𐌽 𐌸𐌹𐌶𐌴𐌹 𐌵𐌹𐌸𐌰 𐌸𐌿𐍃: 𐌰𐍆𐌻𐌴𐍄𐌰𐌽𐌳𐌰 𐍆𐍂𐌰𐍅𐌰𐌿𐍂𐌷𐍄𐌴𐌹𐍃 𐌹𐌶𐍉𐍃 𐌸𐍉𐍃 𐌼𐌰𐌽𐌰𐌲𐍉𐌽𐍃, 𐌿𐌽𐍄𐌴 𐍆𐍂𐌹𐌾𐍉𐌳𐌰 𐍆𐌹𐌻𐌿; 𐌹𐌸 𐌸𐌰𐌼𐌼𐌴𐌹 𐌻𐌴𐌹𐍄𐌹𐌻 𐍆𐍂𐌰𐌻𐌴𐍄𐌰𐌳𐌰, 𐌻𐌴𐌹𐍄𐌹𐌻 𐍆𐍂𐌹𐌾𐍉𐌳."
Luke,7,48,𐌵𐌰𐌸𐌿𐌷 𐌸𐌰𐌽 𐌳𐌿 𐌹𐌶𐌰𐌹: 𐌰𐍆𐌻𐌴𐍄𐌰𐌽𐌳𐌰 𐌸𐌿𐍃 𐍆𐍂𐌰𐍅𐌰𐌿𐍂𐌷𐍄𐌴𐌹𐍃 𐌸𐌴𐌹𐌽𐍉𐍃.
Luke,7,49,𐌾𐌰𐌷 𐌳𐌿𐌲𐌿𐌽𐌽𐌿𐌽 𐌸𐌰𐌹 𐌼𐌹𐌸𐌰𐌽𐌰𐌺𐌿𐌼𐌱𐌾𐌰𐌽𐌳𐌰𐌽𐍃 𐌵𐌹𐌸𐌰𐌽 𐌹𐌽 𐍃𐌹𐍃 𐍃𐌹𐌻𐌱𐌰𐌼: 𐍈𐌰𐍃 𐍃𐌰 𐌹𐍃𐍄 𐍃𐌰𐌴𐌹 𐍆𐍂𐌰𐍅𐌰𐌿𐍂𐌷𐍄𐌹𐌽𐍃 𐌰𐍆𐌻𐌴𐍄𐌰𐌹?
Luke,7,50,"𐌹𐌸 𐌹𐍃 𐌵𐌰𐌸 𐌸𐌰𐌽 𐌳𐌿 𐌸𐌹𐌶𐌰𐌹 𐌵𐌹𐌽𐍉𐌽: 𐌲𐌰𐌻𐌰𐌿𐌱𐌴𐌹𐌽𐍃 𐌸𐌴𐌹𐌽𐌰 𐌲𐌰𐌽𐌰𐍃𐌹𐌳𐌰 𐌸𐌿𐌺, 𐌲𐌰𐌲𐌲 𐌹𐌽 𐌲𐌰𐍅𐌰𐌹𐍂𐌸𐌹."
Luke,8,1,"𐌾𐌰𐌷 𐍅𐌰𐍂𐌸 𐌱𐌹𐌸𐌴 [𐌰𐍆𐌰𐍂 𐌸𐌰𐍄𐌰], 𐌴𐌹 𐌾𐌰𐌷 𐌹𐍃 𐍅𐍂𐌰𐍄𐍉𐌳𐌰 𐌰𐌽𐌳 𐌱𐌰𐌿𐍂𐌲𐍃 𐌾𐌰𐌷 𐌷𐌰𐌹𐌼𐍉𐍃 𐌼𐌴𐍂𐌾𐌰𐌽𐌳𐍃 𐌾𐌰𐌷 𐍅𐌰𐌹𐌻𐌰𐍃𐍀𐌹𐌻𐌻𐍉𐌽𐌳𐍃 𐌸𐌹𐌿𐌳𐌰𐌽𐌲𐌰𐍂𐌳𐌾𐌰 𐌲𐌿𐌳𐌹𐍃, 𐌾𐌰𐌷 𐌸𐌰𐌹 𐍄𐍅𐌰𐌻𐌹𐌱 𐌼𐌹𐌸 𐌹𐌼𐌼𐌰,"
Luke,8,2,"𐌾𐌰𐌷 𐌵𐌹𐌽𐍉𐌽𐍃 𐌸𐍉𐌶𐌴𐌹 𐍅𐌴𐍃𐌿𐌽 𐌲𐌰𐌻𐌴𐌹𐌺𐌹𐌽𐍉𐌳𐍉𐍃 𐌰𐌷𐌼𐌰𐌽𐌴 𐌿𐌱𐌹𐌻𐌰𐌹𐌶𐌴 𐌾𐌰𐌷 𐍃𐌰𐌿𐌷𐍄𐌴, 𐌾𐌰𐌷 𐌼𐌰𐍂𐌾𐌰 𐍃𐌴𐌹 𐌷𐌰𐌹𐍄𐌰𐌽𐌰 𐍅𐌰𐍃 𐌼𐌰𐌲𐌳𐌰𐌻𐌴𐌽𐌴, 𐌿𐍃 𐌸𐌹𐌶𐌰𐌹𐌴𐌹 𐌿𐍃𐌹𐌳𐌳𐌾𐌴𐌳𐌿𐌽 𐌿𐌽𐌷𐌿𐌻𐌸𐍉𐌽𐍃 𐍃𐌹𐌱𐌿𐌽,"
Luke,8,3,"𐌾𐌰𐌷 𐌹𐍉𐌷𐌰𐌽𐌽𐌰, 𐌵𐌴𐌽𐍃 𐌺𐌿𐍃𐌹𐌽𐍃, 𐍆𐌰𐌿𐍂𐌰𐌲𐌰𐌲𐌲𐌾𐌹𐌽𐍃 𐌷𐌴𐍂𐍉𐌳𐌴𐍃, 𐌾𐌰𐌷 𐍃𐌿𐍃𐌰𐌽𐌽𐌰 𐌾𐌰𐌷 𐌰𐌽𐌸𐌰𐍂𐍉𐍃 𐌼𐌰𐌽𐌰𐌲𐍉𐍃, 𐌸𐍉𐌶𐌴𐌹 𐌰𐌽𐌳𐌱𐌰𐌷𐍄𐌴𐌳𐌴𐌳𐌿𐌽 𐌹𐌼 𐌿𐍃 𐌰𐌹𐌲𐌹𐌽𐌰𐌼 𐍃𐌴𐌹𐌽𐌰𐌹𐌼."
Luke,8,4,"𐌲𐌰𐌵𐌿𐌼𐌰𐌽𐌰𐌹𐌼 𐌸𐌰𐌽 𐌷𐌹𐌿𐌼𐌰𐌼 𐌼𐌰𐌽𐌰𐌲𐌰𐌹𐌼 𐌾𐌰𐌷 𐌸𐌰𐌹𐌼 𐌸𐌰𐌹𐌴𐌹 𐌿𐍃 𐌱𐌰𐌿𐍂𐌲𐌹𐌼 𐌲𐌰ï𐌳𐌳𐌾𐌴𐌳𐌿𐌽 𐌳𐌿 𐌹𐌼𐌼𐌰, 𐌵𐌰𐌸 𐌸𐌰𐌹𐍂𐌷 𐌲𐌰𐌾𐌿𐌺𐍉𐌽:"
Luke,8,5,"𐌿𐍂𐍂𐌰𐌽𐌽 𐍃𐌰𐌹𐌰𐌽𐌳𐍃 𐌳𐌿 𐍃𐌰𐌹𐌰𐌽 𐍆𐍂𐌰𐌹𐍅𐌰 𐍃𐌴𐌹𐌽𐌰𐌼𐌼𐌰; 𐌾𐌰𐌷 𐌼𐌹𐌸𐌸𐌰𐌽𐌴𐌹 𐍃𐌰𐌹𐍃𐍉, 𐍃𐌿𐌼 𐌲𐌰𐌳𐍂𐌰𐌿𐍃 𐍆𐌰𐌿𐍂 𐍅𐌹𐌲 𐌾𐌰𐌷 𐌲𐌰𐍄𐍂𐌿𐌳𐌰𐌽 𐍅𐌰𐍂𐌸, 𐌾𐌰𐌷 𐍆𐌿𐌲𐌻𐍉𐍃 𐌷𐌹𐌼𐌹𐌽𐌹𐍃 𐍆𐍂𐌴𐍄𐌿𐌽 𐌸𐌰𐍄𐌰."
Luke,8,6,"𐌾𐌰𐌷 𐌰𐌽𐌸𐌰𐍂 𐌲𐌰𐌳𐍂𐌰𐌿𐍃 𐌰𐌽𐌰 𐍃𐍄𐌰𐌹𐌽𐌰 𐌾𐌰𐌷 𐌿𐍃𐌺𐌹𐌾𐌰𐌽𐌰𐍄𐌰 𐌲𐌰𐌸𐌰𐌿𐍂𐍃𐌽𐍉𐌳𐌰, 𐌹𐌽 𐌸𐌹𐌶𐌴𐌹 𐌽𐌹 𐌷𐌰𐌱𐌰𐌹𐌳𐌰 𐌵𐍂𐌰𐌼𐌼𐌹𐌸𐌰."
Luke,8,7,"𐌾𐌰𐌷 𐍃𐌿𐌼 𐌲𐌰𐌳𐍂𐌰𐌿𐍃 𐌹𐌽 𐌼𐌹𐌳𐌿𐌼𐌰𐌹 𐌸𐌰𐌿𐍂𐌽𐌹𐍅𐌴, 𐌾𐌰𐌷 𐌼𐌹𐌸𐌿𐍃𐌺𐌴𐌹𐌽𐌰𐌽𐌳𐌰𐌽𐍃 𐌸𐌰𐌹 𐌸𐌰𐌿𐍂𐌽𐌾𐌿𐍃 𐌰𐍆𐍈𐌰𐍀𐌹𐌳𐌴𐌳𐌿𐌽 𐌸𐌰𐍄𐌰."
Luke,8,8,"𐌾𐌰𐌷 𐌰𐌽𐌸𐌰𐍂 𐌲𐌰𐌳𐍂𐌰𐌿𐍃 𐌰𐌽𐌰 𐌰𐌹𐍂𐌸𐌰𐌹 𐌲𐍉𐌳𐌰𐌹 𐌾𐌰𐌷 𐌿𐍃𐌺𐌴𐌹𐌽𐍉𐌳𐌰 𐌾𐌰𐌷 𐍄𐌰𐍅𐌹𐌳𐌰 𐌰𐌺𐍂𐌰𐌽 𐍄𐌰𐌹𐌷𐌿𐌽𐍄𐌰𐌹𐌷𐌿𐌽𐌳𐍆𐌰𐌻𐌸. 𐌸𐌰𐍄𐌰 𐌸𐌰𐌽 𐌵𐌹𐌸𐌰𐌽𐌳𐍃 𐌿𐍆𐍅𐍉𐍀𐌹𐌳𐌰: 𐍃𐌰𐌴𐌹 𐌷𐌰𐌱𐌰𐌹 𐌰𐌿𐍃𐍉𐌽𐌰 𐌳𐌿 𐌷𐌰𐌿𐍃𐌾𐌰𐌽, 𐌲𐌰𐌷𐌰𐌿𐍃𐌾𐌰𐌹."
Luke,8,9,"𐍆𐍂𐌴𐌷𐌿𐌽 𐌸𐌰𐌽 𐌹𐌽𐌰 𐍃𐌹𐍀𐍉𐌽𐌾𐍉𐍃 𐌹𐍃 𐌵𐌹𐌸𐌰𐌽𐌳𐌰𐌽𐍃, 𐍈𐌰 𐍃𐌹𐌾𐌰𐌹 𐍃𐍉 𐌲𐌰𐌾𐌿𐌺𐍉."
Luke,8,10,"𐌹𐌸 𐌹𐍃 𐌵𐌰𐌸: 𐌹𐌶𐍅𐌹𐍃 𐌰𐍄𐌲𐌹𐌱𐌰𐌽 𐌹𐍃𐍄 𐌺𐌿𐌽𐌽𐌰𐌽 𐍂𐌿𐌽𐍉𐍃 𐌸𐌹𐌿𐌳𐌹𐌽𐌰𐍃𐍃𐌰𐌿𐍃 𐌲𐌿𐌳𐌹𐍃; 𐌹𐌸 𐌸𐌰𐌹𐌼 𐌰𐌽𐌸𐌰𐍂𐌰𐌹𐌼 𐌹𐌽 𐌲𐌰𐌾𐌿𐌺𐍉𐌼, 𐌴𐌹 𐍃𐌰𐌹𐍈𐌰𐌽𐌳𐌰𐌽𐍃 𐌽𐌹 𐌲𐌰𐍃𐌰𐌹𐍈𐌰𐌹𐌽𐌰, 𐌾𐌰𐌷 𐌲𐌰𐌷𐌰𐌿𐍃𐌾𐌰𐌽𐌳𐌰𐌽𐍃 𐌽𐌹 𐍆𐍂𐌰𐌸𐌾𐌰𐌹𐌽𐌰."
Luke,8,11,𐌰𐌸𐌸𐌰𐌽 𐌸𐌰𐍄𐌰 𐌹𐍃𐍄 𐍃𐍉 𐌲𐌰𐌾𐌿𐌺𐍉: 𐌸𐌰𐍄𐌰 𐍆𐍂𐌰𐌹𐍅 𐌹𐍃𐍄 𐍅𐌰𐌿𐍂𐌳 𐌲𐌿𐌳𐌹𐍃.
Luke,8,12,"𐌹𐌸 𐌸𐌰𐌹 𐍅𐌹𐌸𐍂𐌰 𐍅𐌹𐌲 𐍃𐌹𐌽𐌳 𐌸𐌰𐌹 𐌷𐌰𐌿𐍃𐌾𐌰𐌽𐌳𐌰𐌽𐍃; 𐌸𐌰𐌸𐍂𐍉𐌷 𐌵𐌹𐌼𐌹𐌸 𐌳𐌹𐌰𐌱𐌿𐌻𐌿𐍃 𐌾𐌰𐌷 𐌿𐍃𐌽𐌹𐌼𐌹𐌸 𐌸𐌰𐍄𐌰 𐍅𐌰𐌿𐍂𐌳 𐌰𐍆 𐌷𐌰𐌹𐍂𐍄𐌹𐌽 𐌹𐌶𐌴, 𐌴𐌹 𐌲𐌰𐌻𐌰𐌿𐌱𐌾𐌰𐌽𐌳𐌰𐌽𐍃 𐌽𐌹 𐌲𐌰𐌽𐌹𐍃𐌰𐌹𐌽𐌰."
Luke,8,13,"𐌹𐌸 𐌸𐌰𐌹 𐌰𐌽𐌰 𐌸𐌰𐌼𐌼𐌰 𐍃𐍄𐌰𐌹𐌽𐌰, 𐌹𐌶𐌴 𐌸𐌰𐌽 𐌷𐌰𐌿𐍃𐌾𐌰𐌽𐌳, 𐌼𐌹𐌸 𐍆𐌰𐌷𐌴𐌹𐌳𐌰𐌹 𐌰𐌽𐌳𐌽𐌹𐌼𐌰𐌽𐌳 𐌸𐌰𐍄𐌰 𐍅𐌰𐌿𐍂𐌳, 𐌾𐌰𐌷 𐌸𐌰𐌹 𐍅𐌰𐌿𐍂𐍄𐌹𐌽𐍃 𐌽𐌹 𐌷𐌰𐌱𐌰𐌽𐌳, 𐌸𐌰𐌹𐌴𐌹 𐌳𐌿 𐌼𐌴𐌻𐌰 𐌲𐌰𐌻𐌰𐌿𐌱𐌾𐌰𐌽𐌳 𐌾𐌰𐌷 𐌹𐌽 𐌼𐌴𐌻𐌰 𐍆𐍂𐌰𐌹𐍃𐍄𐌿𐌱𐌽𐌾𐍉𐍃 𐌰𐍆𐍃𐍄𐌰𐌽𐌳𐌰𐌽𐌳."
Luke,8,14,𐌹𐌸 𐌸𐌰𐍄𐌰 𐌹𐌽 𐌸𐌰𐌿𐍂𐌽𐌿𐌽𐍃 𐌲𐌰𐌳𐍂𐌹𐌿𐍃𐌰𐌽𐌳𐍉 𐌸𐌰𐌹 𐍃𐌹𐌽𐌳 𐌸𐌰𐌹[𐌴𐌹] 𐌲𐌰𐌷𐌰𐌿𐍃𐌾𐌰𐌽𐌳𐌰𐌽𐍃 𐌾𐌰𐌷 𐌰𐍆 𐍃𐌰𐌿𐍂𐌲𐍉𐌼 𐌾𐌰𐌷 𐌲𐌰𐌱𐌴𐌹𐌽 𐌾𐌰𐌷 𐌲𐌰𐌱𐌰𐌿𐍂𐌾𐍉𐌸𐌿𐌼 𐌸𐌹𐌶𐍉𐍃 𐌻𐌹𐌱𐌰𐌹𐌽𐌰𐌹𐍃 𐌲𐌰𐌲𐌲𐌰𐌽𐌳𐌰𐌽𐍃 𐌰𐍆𐍈𐌰𐍀𐌽𐌰𐌽𐌳 𐌾𐌰𐌷 𐌽𐌹 𐌲𐌰𐍅𐍂𐌹𐍃𐌵𐌰𐌽𐌳.
Luke,8,15,𐌹𐌸 𐌸𐌰𐍄𐌰 𐌰𐌽𐌰 𐌸𐌹𐌶𐌰𐌹 𐌲𐍉𐌳𐍉𐌽 𐌰𐌹𐍂𐌸𐌰𐌹 𐌸𐌰𐌹 𐍃𐌹𐌽𐌳 𐌸𐌰𐌹 𐌹𐌶𐌴 𐌹𐌽 𐌷𐌰𐌹𐍂𐍄𐌹𐌽 𐌲𐍉𐌳𐌰𐌼𐌼𐌰 𐌾𐌰𐌷 𐍃𐌴𐌻𐌾𐌰𐌼𐌼𐌰 𐌲𐌰𐌷𐌰𐌿𐍃𐌾𐌰𐌽𐌳𐌰𐌽𐍃 𐌸𐌰𐍄𐌰 𐍅𐌰𐌿𐍂𐌳 𐌲𐌰𐌷𐌰𐌱𐌰𐌽𐌳 𐌾𐌰𐌷 𐌰𐌺𐍂𐌰𐌽 𐌱𐌰𐌹𐍂𐌰𐌽𐌳 𐌹𐌽 𐌸𐌿𐌻𐌰𐌹𐌽𐌰𐌹.
Luke,8,16,"𐌰𐌸𐌸𐌰𐌽 𐌽𐌹 𐌼𐌰𐌽𐌽𐌰 𐌻𐌿𐌺𐌰𐍂𐌽 𐍄𐌰𐌽𐌳𐌾𐌰𐌽𐌳𐍃 𐌳𐌹𐍃𐌷𐌿𐌻𐌾𐌹𐌸 𐌹𐍄𐌰 𐌺𐌰𐍃𐌰 𐌰𐌹𐌸𐌸𐌰𐌿 𐌿𐍆 𐌻𐌹𐌲𐍂 [𐌲𐌰]𐍃𐌰𐍄𐌾𐌹𐌸, 𐌰𐌺 𐌰𐌽𐌰 𐌻𐌿𐌺𐌰𐍂𐌽𐌰𐍃𐍄𐌰𐌸𐌹𐌽 𐍃𐌰𐍄𐌾𐌹𐌸, 𐌴𐌹 𐌸𐌰𐌹 𐌹𐌽𐌽𐌲𐌰𐌲𐌲𐌰𐌽𐌳𐌰𐌽𐍃 𐍃𐌰𐌹𐍈𐌰𐌹𐌽𐌰 𐌻𐌹𐌿𐌷𐌰𐌳."
Luke,8,17,"𐌽𐌹 𐌰𐌿𐌺 𐌹𐍃𐍄 𐌰𐌽𐌰𐌻𐌰𐌿𐌲𐌽, 𐌸𐌰𐍄𐌴𐌹 𐍃𐍅𐌹𐌺𐌿𐌽𐌸 𐌽𐌹 𐍅𐌰𐌹𐍂𐌸𐌰𐌹, 𐌽𐌹𐌷 𐍆𐌿𐌻𐌲𐌹𐌽, 𐌸𐌰𐍄𐌴𐌹 𐌽𐌹 𐌲𐌰𐌺𐌿𐌽𐌽𐌰𐌹𐌳𐌰𐌿 𐌾𐌰𐌷 𐌹𐌽 𐍃𐍅𐌴𐌺𐌿𐌽𐌸𐌰𐌼𐌼𐌰 𐌵𐌹𐌼𐌰𐌹."
Luke,8,18,"𐍃𐌰𐌹𐍈𐌹𐌸 𐌽𐌿 𐍈𐌰𐌹𐍅𐌰 𐌷𐌰𐌿𐍃𐌴𐌹𐌸; 𐌿𐌽𐍄𐌴 𐍃𐌰𐌴𐌹 𐌷𐌰𐌱𐌰𐌹𐌸, 𐌲𐌹𐌱𐌰𐌳𐌰 𐌹𐌼𐌼𐌰, 𐌾𐌰𐌷 𐍃𐌰𐌴𐌹 𐌽𐌹 𐌷𐌰𐌱𐌰𐌹𐌸, 𐌾𐌰𐌷 𐌸𐌰𐍄𐌴𐌹 𐌸𐌿𐌲𐌺𐌴𐌹𐌸 𐌷𐌰𐌱𐌰𐌽, 𐌰𐍆𐌽𐌹𐌼𐌰𐌳𐌰 𐌰𐍆 𐌹𐌼𐌼𐌰."
Luke,8,19,𐌰𐍄𐌹𐌳𐌳𐌾𐌴𐌳𐌿𐌽 𐌸𐌰𐌽 𐌳𐌿 𐌹𐌼𐌼𐌰 𐌰𐌹𐌸𐌴𐌹 𐌾𐌰𐌷 𐌱𐍂𐍉𐌸𐍂𐌾𐌿𐍃 𐌹𐍃 𐌾𐌰𐌷 𐌽𐌹 𐌼𐌰𐌷𐍄𐌴𐌳𐌿𐌽 𐌰𐌽𐌳𐌵𐌹𐌸𐌰𐌽 𐌹𐌼𐌼𐌰 𐍆𐌰𐌿𐍂𐌰 𐌼𐌰𐌽𐌰𐌲𐌴𐌹𐌽.
Luke,8,20,𐌾𐌰𐌷 𐌲𐌰𐍄𐌰𐌹𐌷𐌰𐌽 𐍅𐌰𐍂𐌸 𐌹𐌼𐌼𐌰 𐌸𐌰𐍄𐌴𐌹 𐌰𐌹𐌸𐌴𐌹 𐌸𐌴𐌹𐌽𐌰 𐌾𐌰𐌷 𐌱𐍂𐍉𐌸𐍂𐌾𐌿𐍃 𐌸𐌴𐌹𐌽𐌰𐌹 𐍃𐍄𐌰𐌽𐌳𐌰𐌽𐌳 𐌿𐍄𐌰 𐌲𐌰𐍃𐌰𐌹𐍈𐌰𐌽 𐌸𐌿𐌺 𐌲𐌰𐌹𐍂𐌽𐌾𐌰𐌽𐌳𐍉𐌽𐌰.
Luke,8,21,"𐌹𐌸 𐌹𐍃 𐌰𐌽𐌳𐌷𐌰𐍆𐌾𐌰𐌽𐌳𐍃 𐌵𐌰𐌸 𐌳𐌿 𐌹𐌼: 𐌰𐌹𐌸𐌴𐌹 𐌼𐌴𐌹𐌽𐌰 𐌾𐌰𐌷 𐌱𐍂𐍉𐌸𐍂𐌾𐌿𐍃 𐌼𐌴𐌹𐌽𐌰𐌹 𐌸𐌰𐌹 𐍃𐌹𐌽𐌳, 𐌸𐌰𐌹 𐍅𐌰𐌿𐍂𐌳 𐌲𐌿𐌳𐌹𐍃 𐌲𐌰𐌷𐌰𐌿𐍃𐌾𐌰𐌽𐌳𐌰𐌽𐍃 𐌾𐌰𐌷 𐍄𐌰𐌿𐌾𐌰𐌽𐌳𐌰𐌽𐍃."
Luke,8,22,"𐍅𐌰𐍂𐌸 𐌸𐌰𐌽 𐌹𐌽 𐌰𐌹𐌽𐌰𐌼𐌼𐌰 𐌸𐌹𐌶𐌴 𐌳𐌰𐌲𐌴, 𐌾𐌰𐌷 𐌹𐍃 𐌲𐌰𐌻𐌰𐌹𐌸 𐌹𐌽 𐍃𐌺𐌹𐍀 𐌾𐌰𐌷 𐍃𐌹𐍀𐍉𐌽𐌾𐍉𐍃 𐌹𐍃, 𐌾𐌰𐌷 𐌵𐌰𐌸 𐌳𐌿 𐌹𐌼: 𐌲𐌰𐌻𐌴𐌹𐌸𐌰𐌼 𐌷𐌹𐌽𐌳𐌰𐍂 𐌸𐌰𐌽𐌰 𐌼𐌰𐍂𐌹𐍃𐌰𐌹𐍅! 𐌾𐌰𐌷 𐌲𐌰𐌻𐌹𐌸𐌿𐌽."
Luke,8,23,"𐌸𐌰𐍂𐌿𐌷 𐌸𐌰𐌽 𐍃𐍅𐌴 𐍆𐌰𐍂𐌹𐌳𐌴𐌳𐌿𐌽, 𐌰𐌽𐌰𐍃𐌰𐌹𐍃𐌻𐌴𐍀; 𐌾𐌰𐌷 𐌰𐍄𐌹𐌳𐌳𐌾𐌰 𐍃𐌺𐌿𐍂𐌰 𐍅𐌹𐌽𐌳𐌹𐍃 𐌹𐌽 𐌸𐌰𐌽𐌰 𐌼𐌰𐍂𐌹𐍃𐌰𐌹𐍅, 𐌾𐌰𐌷 𐌲𐌰𐍆𐌿𐌻𐌻𐌽𐍉𐌳𐌴𐌳𐌿𐌽 𐌾𐌰𐌷 𐌱𐌹𐍂𐌴𐌺𐌾𐌰𐌹 𐍅𐌰𐌿𐍂𐌸𐌿𐌽."
Luke,8,24,"𐌳𐌿𐌰𐍄𐌲𐌰𐌲𐌲𐌰𐌽𐌳𐌰𐌽𐍃 𐌸𐌰𐌽 𐌿𐍂𐍂𐌰𐌹𐍃𐌹𐌳𐌴𐌳𐌿𐌽 𐌹𐌽𐌰 𐌵𐌹𐌸𐌰𐌽𐌳𐌰𐌽𐍃: 𐍄𐌰𐌻𐌶𐌾𐌰𐌽𐌳, 𐍆𐍂𐌰𐌵𐌹𐍃𐍄𐌽𐌰𐌼! 𐌹𐌸 𐌹𐍃 𐌿𐍂𐍂𐌴𐌹𐍃𐌰𐌽𐌳𐍃 𐌲𐌰𐍃𐍉𐌺 𐍅𐌹𐌽𐌳𐌰 𐌾𐌰𐌷 𐌸𐌰𐌼𐌼𐌰 𐍅𐌴𐌲𐌰 𐍅𐌰𐍄𐌹𐌽𐍃; 𐌾𐌰𐌷 𐌰𐌽𐌰𐍃𐌻𐌰𐍅𐌰𐌹𐌳𐌴𐌳𐌿𐌽 𐌾𐌰𐌷 𐍅𐌰𐍂𐌸 𐍅𐌹𐍃."
Luke,8,25,"𐌵𐌰𐌸 𐌸𐌰𐌽 𐌳𐌿 𐌹𐌼: 𐍈𐌰𐍂 𐌹𐍃𐍄 𐌲𐌰𐌻𐌰𐌿𐌱𐌴𐌹𐌽𐍃 𐌹𐌶𐍅𐌰𐍂𐌰? 𐍉𐌲𐌰𐌽𐌳𐌰𐌽𐍃 𐌸𐌰𐌽 𐍃𐌹𐌻𐌳𐌰𐌻𐌴𐌹𐌺𐌹𐌳𐌴𐌳𐌿𐌽 𐌵𐌹𐌸𐌰𐌽𐌳𐌰𐌽𐍃 𐌳𐌿 𐍃𐌹𐍃 𐌼𐌹𐍃𐍃𐍉: 𐍈𐌰𐍃 𐍃𐌹𐌰𐌹 𐍃𐌰, 𐌴𐌹 𐌾𐌰𐌷 𐍅𐌹𐌽𐌳𐌰𐌼 𐍆𐌰𐌿𐍂𐌱𐌹𐌿𐌳𐌹𐌸 𐌾𐌰𐌷 𐍅𐌰𐍄𐌽𐌰𐌼, 𐌾𐌰𐌷 𐌿𐍆𐌷𐌰𐌿𐍃𐌾𐌰𐌽𐌳 𐌹𐌼𐌼𐌰?"
Luke,8,26,"𐌾𐌰𐌷 𐌰𐍄𐍆𐌰𐍂𐌹𐌳𐌴𐌳𐌿𐌽 𐌹𐌽 𐌲𐌰𐍅𐌹 𐌲𐌰𐌳𐌳𐌰𐍂𐌴𐌽𐌴, 𐌸𐌰𐍄𐌴𐌹 𐌹𐍃𐍄 𐍅𐌹𐌸𐍂𐌰𐍅𐌰𐌹𐍂𐌸 𐌲𐌰𐌻𐌴𐌹𐌻𐌰𐌹𐌰."
Luke,8,27,"𐌿𐍃𐌲𐌰𐌲𐌲𐌰𐌽𐌳𐌹𐌽 𐌸𐌰𐌽 𐌹𐌼𐌼𐌰 𐌰𐌽𐌰 𐌰𐌹𐍂𐌸𐌰, 𐌲𐌰𐌼𐍉𐍄𐌹𐌳𐌰 𐌹𐌼𐌼𐌰 𐍅𐌰𐌹𐍂 𐍃𐌿𐌼𐍃 𐌿𐍃 𐌱𐌰𐌿𐍂𐌲 𐍃𐌰𐌴𐌹 𐌷𐌰𐌱𐌰𐌹𐌳𐌰 𐌿𐌽𐌷𐌿𐌻𐌸𐍉𐌽𐍃 𐌼𐌴𐌻𐌰 𐌻𐌰𐌲𐌲𐌰 𐌾𐌰𐌷 𐍅𐌰𐍃𐍄𐌾𐍉𐌼 𐌽𐌹 𐌲𐌰𐍅𐌰𐍃𐌹𐌸𐍃 𐍅𐌰𐍃 𐌾𐌰𐌷 𐌹𐌽 𐌲𐌰𐍂𐌳𐌰 𐌽𐌹 𐌲𐌰𐍅𐌰𐍃, 𐌰𐌺 𐌹𐌽 𐌷𐌻𐌰𐌹𐍅𐌰𐍃𐌽𐍉𐌼."
Luke,8,28,"𐌲𐌰𐍃𐌰𐌹𐍈𐌰𐌽𐌳𐍃 𐌸𐌰𐌽 𐌹𐌴𐍃𐌿 𐌾𐌰𐌷 𐌿𐍆𐌷𐍂𐍉𐍀𐌾𐌰𐌽𐌳𐍃 𐌳𐍂𐌰𐌿𐍃 𐌳𐌿 𐌹𐌼𐌼𐌰 𐌾𐌰𐌷 𐍃𐍄𐌹𐌱𐌽𐌰𐌹 𐌼𐌹𐌺𐌹𐌻𐌰𐌹 𐌵𐌰𐌸: 𐍈𐌰 𐌼𐌹𐍃 𐌾𐌰𐌷 𐌸𐌿𐍃, 𐌹𐌴𐍃𐌿, 𐍃𐌿𐌽𐌰𐌿 𐌲𐌿𐌳𐌹𐍃 𐌷𐌰𐌿𐌷𐌹𐍃𐍄𐌹𐌽𐍃? 𐌱𐌹𐌳𐌾𐌰 𐌸𐌿𐌺, 𐌽𐌹 𐌱𐌰𐌻𐍅𐌾𐌰𐌹𐍃 𐌼𐌹𐍃."
Luke,8,29,"𐌿𐌽𐍄𐌴 𐌰𐌽𐌰𐌱𐌰𐌿𐌳 𐌰𐌷𐌼𐌹𐌽 𐌸𐌰𐌼𐌼𐌰 𐌿𐌽𐌷𐍂𐌰𐌹𐌽𐌾𐌹𐌽 𐌿𐍃𐌲𐌰𐌲𐌲𐌰𐌽 𐌰𐍆 𐌸𐌰𐌼𐌼𐌰 𐌼𐌰𐌽𐌽; 𐌼𐌰𐌽𐌰𐌲 𐌰𐌿𐌺 𐌼𐌴𐌻 𐍆𐍂𐌰𐍅𐌰𐌻𐍅 𐌹𐌽𐌰, 𐌾𐌰𐌷 𐌱𐌿𐌽𐌳𐌰𐌽𐍃 𐍅𐌰𐍃 𐌴𐌹𐍃𐌰𐍂𐌽𐌰𐌱𐌰𐌽𐌳𐌾𐍉𐌼 𐌾𐌰𐌷 𐍆𐍉𐍄𐌿𐌱𐌰𐌽𐌳𐌾𐍉𐌼 𐍆𐌰𐍃𐍄𐌰𐌹𐌸𐍃 𐍅𐌰𐍃, 𐌾𐌰𐌷 𐌳𐌹𐍃𐌷𐌽𐌹𐌿𐍀𐌰𐌽𐌳𐍃 𐌸𐍉𐍃 𐌱𐌰𐌽𐌳𐌾𐍉𐍃 𐌳𐍂𐌰𐌹𐌱𐌹𐌸𐍃 𐍅𐌰𐍃 𐍆𐍂𐌰𐌼 𐌸𐌰𐌼𐌼𐌰 𐌿𐌽𐌷𐌿𐌻𐌸𐌹𐌽 𐌰𐌽𐌰 𐌰𐌿𐌸𐌹𐌳𐍉𐍃."
Luke,8,30,𐍆𐍂𐌰𐌷 𐌸𐌰𐌽 𐌹𐌽𐌰 𐌹𐌴𐍃𐌿𐍃 𐌵𐌹𐌸𐌰𐌽𐌳𐍃: 𐍈𐌰 𐌹𐍃𐍄 𐌽𐌰𐌼𐍉 𐌸𐌴𐌹𐌽? 𐌸𐌰𐍂𐌿𐌷 𐌵𐌰𐌸: 𐌷𐌰𐍂𐌾𐌹𐍃; 𐌿𐌽𐍄𐌴 𐌿𐌽𐌷𐌿𐌻𐌸𐍉𐌽𐍃 𐌼𐌰𐌽𐌰𐌲𐍉𐍃 𐌲𐌰𐌻𐌹𐌸𐌿𐌽 𐌹𐌽 𐌹𐌽𐌰.
Luke,8,31,𐌾𐌰𐌷 𐌱𐌰𐌳 𐌹𐌽𐌰 𐌴𐌹 𐌽𐌹 𐌰𐌽𐌰𐌱𐌿𐌳𐌹 𐌹𐌼 𐌹𐌽 𐌰𐍆𐌲𐍂𐌿𐌽𐌳𐌹𐌸𐌰 𐌲𐌰𐌻𐌴𐌹𐌸𐌰𐌽.
Luke,8,32,𐍅𐌰𐍃𐌿𐌸~𐌸𐌰𐌽 𐌾𐌰𐌹𐌽𐌰𐍂 𐌷𐌰𐌹𐍂𐌳𐌰 𐍃𐍅𐌴𐌹𐌽𐌴 𐌼𐌰𐌽𐌰𐌲𐌰𐌹𐌶𐌴 𐌷𐌰𐌻𐌳𐌰𐌽𐌰𐌹𐌶𐌴 𐌹𐌽 𐌸𐌰𐌼𐌼𐌰 𐍆𐌰𐌹𐍂𐌲𐌿𐌽𐌾𐌰; 𐌾𐌰𐌷 𐌱𐌴𐌳𐌿𐌽 𐌹𐌽𐌰 𐌴𐌹 𐌿𐍃𐌻𐌰𐌿𐌱𐌹𐌳𐌴𐌳𐌹 𐌹𐌼 𐌹𐌽 𐌸𐍉 𐌲𐌰𐌻𐌴𐌹𐌸𐌰𐌽. 𐌾𐌰𐌷 𐌿𐍃𐌻𐌰𐌿𐌱𐌹𐌳𐌰 𐌹𐌼.
Luke,8,33,"𐌿𐍃𐌲𐌰𐌲𐌲𐌰𐌽𐌳𐌰𐌽𐍃 𐌸𐌰𐌽 𐍃𐌿𐌽𐍃 𐌸𐌰𐌹 𐌿𐌽𐌷𐌿𐌻𐌸𐌰𐌽𐍃 𐌰𐍆 𐌸𐌰𐌼𐌼𐌰 𐌼𐌰𐌽𐌽 𐌲𐌰𐌻𐌹𐌸𐌿𐌽 𐌹𐌽 𐌸𐍉 𐍃𐍅𐌴𐌹𐌽𐌰, 𐌾𐌰𐌷 𐍂𐌰𐌽𐌽 𐍃𐌰 𐍅𐍂𐌹𐌸𐌿𐍃 𐌰𐌽𐌳 𐌳𐍂𐌹𐌿𐍃𐍉𐌽 𐌹𐌽 𐌸𐌰𐌽𐌰 𐌼𐌰𐍂𐌹𐍃𐌰𐌹𐍅 𐌾𐌰𐌷 𐌰𐍆𐍈𐌰𐍀𐌽𐍉𐌳𐌴𐌳𐌿𐌽."
Luke,8,34,𐌲𐌰𐍃𐌰𐌹𐍈𐌰𐌽𐌳𐌰𐌽𐍃 𐌸𐌰𐌽 𐌸𐌰𐌹 𐌷𐌰𐌻𐌳𐌰𐌽𐌳𐌰𐌽𐍃 𐌸𐌰𐍄𐌰 𐍅𐌰𐌿𐍂𐌸𐌰𐌽𐍉 𐌲𐌰𐌸𐌻𐌰𐌿𐌷𐌿𐌽 𐌾𐌰𐌷 𐌲𐌰𐍄𐌰𐌹𐌷𐌿𐌽 𐌹𐌽 𐌱𐌰𐌿𐍂𐌲 𐌾𐌰𐌷 𐌹𐌽 𐍅𐌴𐌹𐌷𐍃𐌰.
Luke,8,35,"𐌿𐍃𐌹𐌳𐌳𐌾𐌴𐌳𐌿𐌽 𐌸𐌰𐌽 𐍃𐌰𐌹𐍈𐌰𐌽 𐌸𐌰𐍄𐌰 𐍅𐌰𐌿𐍂𐌸𐌰𐌽𐍉 𐌾𐌰𐌷 𐌵𐌴𐌼𐌿𐌽 𐌰𐍄 𐌹𐌴𐍃𐌿𐌰 𐌾𐌰𐌷 𐌱𐌹𐌲𐌴𐍄𐌿𐌽 𐍃𐌹𐍄𐌰𐌽𐌳𐌰𐌽 𐌸𐌰𐌽𐌰 𐌼𐌰𐌽𐌽𐌰𐌽 𐌰𐍆 𐌸𐌰𐌼𐌼𐌴𐌹 𐌿𐌽𐌷𐌿𐌻𐌸𐍉𐌽𐍃 𐌿𐍃𐌹𐌳𐌳𐌾𐌴𐌳𐌿𐌽, 𐌲𐌰𐍅𐌰𐍃𐌹𐌳𐌰𐌽𐌰 𐌾𐌰𐌷 𐍆𐍂𐌰𐌸𐌾𐌰𐌽𐌳𐌰𐌽 𐍆𐌰𐌿𐍂𐌰 𐍆𐍉𐍄𐌿𐌼 𐌹𐌴𐍃𐌿𐌹𐍃, 𐌾𐌰𐌷 𐍉𐌷𐍄𐌴𐌳𐌿𐌽."
Luke,8,36,𐌲𐌰𐍄𐌰𐌹𐌷𐌿𐌽 𐌸𐌰𐌽 𐌹𐌼 𐌾𐌰𐌷 𐌸𐌰𐌹 𐌲𐌰𐍃𐌰𐌹𐍈𐌰𐌽𐌳𐌰𐌽𐍃 𐍈𐌰𐌹𐍅𐌰 𐌲𐌰𐌽𐌰𐍃 𐍃𐌰 𐌳𐌰𐌹𐌼𐍉𐌽𐌰𐍂𐌴𐌹𐍃.
Luke,8,37,"𐌾𐌰𐌷 𐌱𐌴𐌳𐌿𐌽 𐌹𐌽𐌰 𐌰𐌻𐌻𐌰𐌹 𐌲𐌰𐌿𐌾𐌰𐌽𐍃 𐌸𐌹𐌶𐌴 𐌲𐌰𐌳𐌳𐌰𐍂𐌴𐌽𐌴 𐌲𐌰𐌻𐌴𐌹𐌸𐌰𐌽 𐍆𐌰𐌹𐍂𐍂𐌰 𐍃𐌹𐍃, 𐌿𐌽𐍄𐌴 𐌰𐌲𐌹𐍃𐌰 𐌼𐌹𐌺𐌹𐌻𐌰𐌼𐌼𐌰 𐌳𐌹𐍃𐌷𐌰𐌱𐌰𐌹𐌳𐌰𐌹 𐍅𐌴𐍃𐌿𐌽. 𐌹𐌸 𐌹𐍃 𐌲𐌰𐌻𐌴𐌹𐌸𐌰𐌽𐌳𐍃 𐌹𐌽 𐍃𐌺𐌹𐍀 𐌲𐌰𐍅𐌰𐌽𐌳𐌹𐌳𐌰 𐍃𐌹𐌺."
Luke,8,38,"𐌱𐌰𐌸 𐌸𐌰𐌽 𐌹𐌽𐌰 𐍃𐌰 𐍅𐌰𐌹𐍂 𐌰𐍆 𐌸𐌰𐌼𐌼𐌴𐌹 𐌸𐍉𐍃 𐌿𐌽𐌷𐌿𐌻𐌸𐍉𐌽𐍃 𐌿𐍃𐌹𐌳𐌳𐌾𐌴𐌳𐌿𐌽, 𐌴𐌹 𐍅𐌴𐍃𐌹 𐌼𐌹𐌸 𐌹𐌼𐌼𐌰; 𐍆𐍂𐌰𐌻𐌰𐌹𐌻𐍉𐍄 𐌸𐌰𐌽 𐌹𐌽𐌰 𐌹𐌴𐍃𐌿𐍃 𐌵𐌹𐌸𐌰𐌽𐌳𐍃:"
Luke,8,39,𐌲𐌰𐍅𐌰𐌽𐌳𐌴𐌹 𐌸𐌿𐌺 𐌳𐌿 𐌲𐌰𐍂𐌳𐌰 𐌸𐌴𐌹𐌽𐌰𐌼𐌼𐌰 𐌾𐌰𐌷 𐌿𐍃𐍃𐍀𐌹𐌻𐌻𐍉 𐍈𐌰𐌽 𐍆𐌹𐌻𐌿 𐌲𐌰𐍄𐌰𐍅𐌹𐌳𐌰 𐌸𐌿𐍃 𐌲𐌿𐌸. 𐌾𐌰𐌷 𐌲𐌰𐌻𐌰𐌹𐌸 𐌰𐌽𐌳 𐌱𐌰𐌿𐍂𐌲 𐌰𐌻𐌻𐌰 𐌼𐌴𐍂𐌾𐌰𐌽𐌳𐍃 𐍈𐌰𐌽 𐍆𐌹𐌻𐌿 𐌲𐌰𐍄𐌰𐍅𐌹𐌳𐌰 𐌹𐌼𐌼𐌰 𐌹𐌴𐍃𐌿𐍃.
Luke,8,40,"𐍅𐌰𐍂𐌸 𐌸𐌰𐌽, 𐌼𐌹𐌸𐌸𐌰𐌽𐌴𐌹 𐌲𐌰𐍅𐌰𐌽𐌳𐌹𐌳𐌰 𐍃𐌹𐌺 𐌹𐌴𐍃𐌿𐍃, 𐌰𐌽𐌳𐌽𐌰𐌼 𐌹𐌽𐌰 𐌼𐌰𐌽𐌰𐌲𐌴𐌹; 𐍅𐌴𐍃𐌿𐌽 𐌰𐌿𐌺 𐌰𐌻𐌻𐌰𐌹 𐌱𐌴𐌹𐌳𐌰𐌽𐌳𐌰𐌽𐍃 𐌹𐍃."
Luke,8,41,"𐌾𐌰𐌷 𐍃𐌰𐌹, 𐌵𐌰𐌼 𐍅𐌰𐌹𐍂 𐌸𐌹𐌶𐌴𐌹 𐌽𐌰𐌼𐍉 𐌹𐌰𐌴𐌹𐍂𐌿𐍃, 𐍃𐌰𐌷 𐍆𐌰𐌿𐍂𐌰𐌼𐌰𐌸𐌻𐌴𐌹𐍃 𐍃𐍅𐌽𐌰𐌲𐍉𐌲𐌰𐌹𐍃 𐍅𐌰𐍃, 𐌾𐌰𐌷 𐌳𐍂𐌹𐌿𐍃𐌰𐌽𐌳𐍃 𐍆𐌰𐌿𐍂𐌰 𐍆𐍉𐍄𐌿𐌼 𐌹𐌴𐍃𐌿𐌹𐍃 𐌱𐌰𐌳 𐌹𐌽𐌰 𐌲𐌰𐌲𐌲𐌰𐌽 𐌹𐌽 𐌲𐌰𐍂𐌳 𐍃𐌴𐌹𐌽𐌰𐌽𐌰;"
Luke,8,42,"𐌿𐌽𐍄𐌴 𐌳𐌰𐌿𐌷𐍄𐌰𐍂 𐌰𐌹𐌽𐍉𐌷𐍉 𐍅𐌰𐍃 𐌹𐌼𐌼𐌰 𐍃𐍅𐌴 𐍅𐌹𐌽𐍄𐍂𐌹𐍅𐌴 𐍄𐍅𐌰𐌻𐌹𐌱𐌴, 𐌾𐌰𐌷 𐍃𐍉 𐍃𐍅𐌰𐌻𐍄. 𐌼𐌹𐌸𐌸𐌰𐌽𐌴𐌹 𐌸𐌰𐌽 𐌹𐌳𐌳𐌾𐌰 𐌹𐍃, 𐌼𐌰𐌽𐌰𐌲𐌴𐌹𐌽𐍃 𐌸𐍂𐌰𐌹𐌷𐌿𐌽 𐌹𐌽𐌰."
Luke,8,43,"𐌾𐌰𐌷 𐌵𐌹𐌽𐍉 𐍅𐌹𐍃𐌰𐌽𐌳𐌴𐌹 𐌹𐌽 𐍂𐌿𐌽𐌰 𐌱𐌻𐍉𐌸𐌹𐍃 𐌾𐌴𐍂𐌰 𐍄𐍅𐌰𐌻𐌹𐍆, 𐍃𐍉𐌴𐌹 𐌹𐌽 𐌻𐌴𐌺𐌾𐌰𐌽𐍃 𐍆𐍂𐌰𐌵𐌰𐌼 𐌰𐌻𐌻𐌰𐌼𐌼𐌰 𐌰𐌹𐌲𐌹𐌽𐌰 𐍃𐌴𐌹𐌽𐌰𐌼𐌼𐌰, 𐌾𐌰𐌷 𐌽𐌹 𐌼𐌰𐌷𐍄𐌰 𐍅𐌰𐍃 𐍆𐍂𐌰𐌼 𐌰𐌹𐌽𐍉𐌼𐌴𐌷𐌿𐌽 𐌲𐌰𐌻𐌴𐌹𐌺𐌹𐌽𐍉𐌽,"
Luke,8,44,"𐌰𐍄𐌲𐌰𐌲𐌲𐌰𐌽𐌳𐌴𐌹 𐌳𐌿 𐌰𐍆𐍄𐌰𐍂𐍉 𐌰𐍄𐍄𐌰𐌹𐍄𐍉𐌺 𐍃𐌺𐌰𐌿𐍄𐌰 𐍅𐌰𐍃𐍄𐌾𐍉𐍃 𐌹𐍃, 𐌾𐌰𐌷 𐍃𐌿𐌽𐍃 𐌲𐌰𐍃𐍄𐍉𐌸 𐍃𐌰 𐍂𐌿𐌽𐍃 𐌱𐌻𐍉𐌸𐌹𐍃 𐌹𐌶𐍉𐍃."
Luke,8,45,"𐌾𐌰𐌷 𐌵𐌰𐌸 𐌹𐌴𐍃𐌿𐍃: 𐍈𐌰𐍃 𐍃𐌰 𐍄𐌴𐌺𐌰𐌽𐌳𐍃 𐌼𐌹𐍃? 𐌻𐌰𐌿𐌲𐌽𐌾𐌰𐌽𐌳𐌰𐌼 𐌸𐌰𐌽 𐌰𐌻𐌻𐌰𐌹𐌼 𐌵𐌰𐌸 𐍀𐌰𐌹𐍄𐍂𐌿𐍃 𐌾𐌰𐌷 𐌸𐌰𐌹 𐌼𐌹𐌸 𐌹𐌼𐌼𐌰: 𐍄𐌰𐌻𐌶𐌾𐌰𐌽𐌳, 𐌼𐌰𐌽𐌰𐌲𐌴𐌹𐌽𐍃 𐌱𐌹𐍈𐌰𐌹𐍂𐌱𐌰𐌽𐌳 𐌸𐌿𐌺 𐌾𐌰𐌷 𐌸𐍂𐌴𐌹𐌷𐌰𐌽𐌳, 𐌾𐌰𐌷 𐌵𐌹𐌸𐌹𐍃: 𐍈𐌰𐍃 𐍃𐌰 𐍄𐌴𐌺𐌰𐌽𐌳𐍃 𐌼𐌹𐍃?"
Luke,8,46,𐌸𐌰𐍂𐌿𐌷 𐌹𐍃 𐌵𐌰𐌸: 𐍄𐌰𐌹𐍄𐍉𐌺 𐌼𐌹𐍃 𐍃𐌿𐌼𐍃; 𐌹𐌺 𐌰𐌿𐌺 𐌿𐍆𐌺𐌿𐌽𐌸𐌰 𐌼𐌰𐌷𐍄 𐌿𐍃𐌲𐌰𐌲𐌲𐌰𐌽𐌳𐌴𐌹𐌽 𐌰𐍆 𐌼𐌹𐍃.
Luke,8,47,"𐌲𐌰𐍃𐌰𐌹𐍈𐌰𐌽𐌳𐌴𐌹 𐌸𐌰𐌽 𐍃𐍉 𐌵𐌹𐌽𐍉 𐌸𐌰𐍄𐌴𐌹 𐌽𐌹 𐌲𐌰𐌻𐌰𐌿𐌲𐌽𐌹𐌳𐌰, 𐍂𐌴𐌹𐍂𐌰𐌽𐌳𐌴𐌹 𐌾𐌰𐌷 𐌰𐍄𐌳𐍂𐌹𐌿𐍃𐌰𐌽𐌳𐌴𐌹 𐌳𐌿 𐌹𐌼𐌼𐌰, 𐌹𐌽 𐌸𐌹𐌶𐌴𐌹 𐌰𐍄𐍄𐌰𐌹𐍄𐍉𐌺 𐌹𐌼𐌼𐌰, 𐌲𐌰𐍄𐌰𐌹𐌷 𐌹𐌼𐌼𐌰 𐌹𐌽 𐌰𐌽𐌳𐍅𐌰𐌹𐍂𐌸𐌾𐌰 𐌰𐌻𐌻𐌰𐌹𐌶𐍉𐍃 𐌼𐌰𐌽𐌰𐌲𐌴𐌹𐌽𐍃 𐌾𐌰𐌷 𐍈𐌰𐌹𐍅𐌰 𐌲𐌰𐌷𐌰𐌹𐌻𐌽𐍉𐌳𐌰 𐍃𐌿𐌽𐍃."
Luke,8,48,"𐌹𐌸 𐌹𐌴𐍃𐌿𐍃 𐌵𐌰𐌸 𐌳𐌿 𐌹𐌶𐌰𐌹: 𐌸𐍂𐌰𐍆𐍃𐍄𐌴𐌹 𐌸𐌿𐌺, 𐌳𐌰𐌿𐌷𐍄𐌰𐍂: 𐌲𐌰𐌻𐌰𐌿𐌱𐌴𐌹𐌽𐍃 𐌸𐌴𐌹𐌽𐌰 𐌲𐌰𐌽𐌰𐍃𐌹𐌳𐌰 𐌸𐌿𐌺; 𐌲𐌰𐌲𐌲 𐌹𐌽 𐌲𐌰𐍅𐌰𐌹𐍂𐌸𐌾𐌰."
Luke,8,49,"𐌽𐌰𐌿𐌷𐌸𐌰𐌽 𐌹𐌼𐌼𐌰 𐍂𐍉𐌳𐌾𐌰𐌽𐌳𐌹𐌽 𐌲𐌰𐌲𐌲𐌹𐌸 𐍃𐌿𐌼𐍃 𐌼𐌰𐌽𐌽𐌴 𐍆𐍂𐌰𐌼 𐌸𐌹𐍃 𐍆𐌰𐌿𐍂𐌰𐌼𐌰𐌸𐌻𐌴𐌹𐍃 𐍃𐍅𐌽𐌰𐌲𐍉𐌲𐌰𐌹𐍃, 𐌵𐌹𐌸𐌰𐌽𐌳𐍃 𐌳𐌿 𐌹𐌼𐌼𐌰 𐌸𐌰𐍄𐌴𐌹 𐌲𐌰𐌳𐌰𐌿𐌸𐌽𐍉𐌳𐌰 𐌳𐌰𐌿𐌷𐍄𐌰𐍂 𐌸𐌴𐌹𐌽𐌰; 𐌽𐌹 𐌳𐍂𐌰𐌹𐌱𐌴𐌹 𐌸𐌰𐌽𐌰 𐌻𐌰𐌹𐍃𐌰𐍂𐌹."
Luke,8,50,"𐌹𐌸 𐌹𐍃 𐌲𐌰𐌷𐌰𐌿𐍃𐌾𐌰𐌽𐌳𐍃 𐌰𐌽𐌳𐌷𐍉𐍆 𐌹𐌼𐌼𐌰 𐌵𐌹𐌸𐌰𐌽𐌳𐍃: 𐌽𐌹 𐍆𐌰𐌿𐍂𐌷𐍄𐌴𐌹; 𐌸𐌰𐍄𐌰𐌹𐌽𐌴𐌹 𐌲𐌰𐌻𐌰𐌿𐌱𐌴𐌹, 𐌾𐌰𐌷 𐌲𐌰𐌽𐌰𐍃𐌾𐌰𐌳𐌰."
Luke,8,51,"𐌵𐌹𐌼𐌰𐌽𐌳𐍃 𐌸𐌰𐌽 𐌹𐌽 𐌲𐌰𐍂𐌳𐌰 𐌽𐌹 𐍆𐍂𐌰𐌻𐌰𐌹𐌻𐍉𐍄 𐌰𐌹𐌽𐍉𐌷𐌿𐌽 𐌹𐌽𐌽𐌲𐌰𐌲𐌲𐌰𐌽, 𐌰𐌻𐌾𐌰 𐍀𐌰𐌹𐍄𐍂𐌿 𐌾𐌰𐌷 𐌹𐌰𐌺𐍉𐌱𐌿 𐌾𐌰𐌷 𐌹𐍉𐌷𐌰𐌽𐌽𐌴𐌽 𐌾𐌰𐌷 𐌸𐌰𐌽𐌰 𐌰𐍄𐍄𐌰𐌽 𐌸𐌹𐌶𐍉𐍃 𐌼𐌰𐌿𐌾𐍉𐍃 𐌾𐌰𐌷 𐌰𐌹𐌸𐌴𐌹𐌽."
Luke,8,52,"𐌲𐌰𐌹𐌲𐍂𐍉𐍄𐌿𐌽 𐌸𐌰𐌽 𐌰𐌻𐌻𐌰𐌹 𐌾𐌰𐌷 𐍆𐌰𐌹𐍆𐌻𐍉𐌺𐌿𐌽 𐌸𐍉. 𐌸𐌰𐍂𐌿𐌷 𐌵𐌰𐌸: 𐌽𐌹 𐌲𐍂𐌴𐍄𐌹𐌸, 𐌿𐌽𐍄𐌴 𐌽𐌹 𐌲𐌰𐍃𐍅𐌰𐌻𐍄, 𐌰𐌺 𐍃𐌻𐌴𐍀𐌹𐌸."
Luke,8,53,𐌾𐌰𐌷 𐌱𐌹𐌷𐌻𐍉𐌷𐌿𐌽 𐌹𐌽𐌰 𐌲𐌰𐍃𐌰𐌹𐍈𐌰𐌽𐌳𐌰𐌽𐍃 𐌸𐌰𐍄𐌴𐌹 𐌲𐌰𐍃𐍅𐌰𐌻𐍄.
Luke,8,54,"𐌸𐌰𐌽𐌿𐌷 𐌹𐍃 𐌿𐍃𐌳𐍂𐌴𐌹𐌱𐌰𐌽𐌳𐍃 𐌰𐌻𐌻𐌰𐌽𐍃 𐌿𐍄 𐌾𐌰𐌷 𐍆𐌰𐌹𐍂𐌲𐍂𐌴𐌹𐍀𐌰𐌽𐌳𐍃 𐌷𐌰𐌽𐌳𐌿 𐌹𐌶𐍉𐍃 𐍅𐍉𐍀𐌹𐌳𐌰 𐌵𐌹𐌸𐌰𐌽𐌳𐍃: 𐌼𐌰𐍅𐌹, 𐌿𐍂𐍂𐌴𐌹𐍃!"
Luke,8,55,"𐌾𐌰𐌷 𐌲𐌰𐍅𐌰𐌽𐌳𐌹𐌳𐌰 𐌰𐌷𐌼𐌰𐌽 𐌹𐌶𐍉𐍃, 𐌾𐌰𐌷 𐌿𐍃𐍄𐍉𐌸 𐍃𐌿𐌽𐍃. 𐌾𐌰𐌷 𐌰𐌽𐌰𐌱𐌰𐌿𐌳 𐌹𐌶𐌰𐌹 𐌲𐌹𐌱𐌰𐌽 𐌼𐌰𐍄."
Luke,8,56,𐌾𐌰𐌷 𐌿𐍃𐌲𐌴𐌹𐍃𐌽𐍉𐌳𐌴𐌳𐌿𐌽 𐍆𐌰𐌳𐍂𐌴𐌹𐌽 𐌹𐌶𐍉𐍃; 𐌹𐌸 𐌹𐍃 𐍆𐌰𐌿𐍂𐌱𐌰𐌿𐌳 𐌹𐌼 𐌴𐌹 𐌼𐌰𐌽𐌽 𐌽𐌹 𐌵𐌹𐌸𐌴𐌹𐌽𐌰 𐌸𐌰𐍄𐌰 𐍅𐌰𐌿𐍂𐌸𐌰𐌽𐍉.
Luke,9,1,𐌲𐌰𐌷𐌰𐌹𐍄𐌰𐌽𐌳𐍃 𐌸𐌰𐌽 𐌸𐌰𐌽𐍃 𐍄𐍅𐌰𐌻𐌹𐍆 𐌰𐍀𐌰𐌿𐍃𐍄𐌰𐌿𐌻𐌿𐌽𐍃 𐌰𐍄𐌲𐌰𐍆 𐌹𐌼 𐌼𐌰𐌷𐍄 𐌾𐌰𐌷 𐍅𐌰𐌻𐌳𐌿𐍆𐌽𐌹 𐌿𐍆𐌰𐍂 𐌰𐌻𐌻𐌰𐌹𐌼 𐌿𐌽𐌷𐌿𐌻𐌸𐍉𐌼 𐌾𐌰𐌷 𐍃𐌰𐌿𐌷𐍄𐌹𐌽𐍃 𐌲𐌰𐌷𐌰𐌹𐌻𐌾𐌰𐌽.
Luke,9,2,𐌾𐌰𐌷 𐌹𐌽𐍃𐌰𐌽𐌳𐌹𐌳𐌰 𐌹𐌽𐍃 𐌼𐌴𐍂𐌾𐌰𐌽 𐌸𐌹𐌿𐌳𐌰𐌽𐌲𐌰𐍂𐌳𐌾𐌰 𐌲𐌿𐌳𐌹𐍃 𐌾𐌰𐌷 𐌲𐌰𐌷𐌰𐌹𐌻𐌾𐌰𐌽 𐌰𐌻𐌻𐌰𐌽𐍃 𐌸𐌰𐌽𐍃 𐌿𐌽𐌷𐌰𐌹𐌻𐌰𐌽𐍃.
Luke,9,3,"𐌾𐌰𐌷 𐌵𐌰𐌸 𐌳𐌿 𐌹𐌼: 𐌽𐌹 𐍅𐌰𐌹𐌷𐍄 𐌽𐌹𐌼𐌰𐌹𐌸 𐌹𐌽 𐍅𐌹𐌲; 𐌽𐌹𐌷 𐍅𐌰𐌻𐌿𐌽𐍃 𐌽𐌹𐌷 𐌼𐌰𐍄𐌹𐌱𐌰𐌻𐌲 𐌽𐌹𐌷 𐌷𐌻𐌰𐌹𐌱 𐌽𐌹𐌷 𐍃𐌺𐌰𐍄𐍄𐌰𐌽𐍃, 𐌽𐌹𐌷 𐌸𐌰𐌽 𐍄𐍅𐌴𐌹𐌷𐌽𐍉𐍃 𐍀𐌰𐌹𐌳𐍉𐍃 𐌷𐌰𐌱𐌰𐌽."
Luke,9,4,"𐌾𐌰𐌷 𐌹𐌽 𐌸𐌰𐌽𐌴𐌹 𐌲𐌰𐍂𐌳 𐌲𐌰𐌲𐌲𐌰𐌹𐌸, 𐌸𐌰𐍂 𐍃𐌰𐌻𐌾𐌹𐌸 𐌾𐌰𐌷 𐌸𐌰𐌸𐍂𐍉𐌷 𐌿𐍃𐌲𐌰𐌲𐌲𐌰𐌹𐌸."
Luke,9,5,"𐌾𐌰𐌷 𐍃𐍅𐌰 𐌼𐌰𐌽𐌰𐌲𐌰𐌹 𐍃𐍅𐌴 𐌽𐌹 𐌰𐌽𐌳𐌽𐌹𐌼𐌰𐌹𐌽𐌰 𐌹𐌶𐍅𐌹𐍃, 𐌿𐍃𐌲𐌰𐌲𐌲𐌰𐌽𐌳𐌰𐌽𐍃 𐌿𐍃 𐌸𐌹𐌶𐌰𐌹 𐌱𐌰𐌿𐍂𐌲 𐌾𐌰𐌹𐌽𐌰𐌹 𐌾𐌰𐌷 𐌼𐌿𐌻𐌳𐌰 𐌰𐍆 𐍆𐍉𐍄𐌿𐌼 𐌹𐌶𐍅𐌰𐍂𐌰𐌹𐌼 𐌰𐍆𐌷𐍂𐌹𐍃𐌾𐌰𐌹𐌸 𐌳𐌿 𐍅𐌴𐌹𐍄𐍅𐍉𐌳𐌹𐌸𐌰𐌹 𐌰𐌽𐌰 𐌹𐌽𐍃."
Luke,9,6,𐌿𐍃𐌲𐌰𐌲𐌲𐌰𐌽𐌳𐌰𐌽𐍃 𐌸𐌰𐌽 𐌸𐌰𐌹𐍂𐌷𐌹𐌳𐌳𐌾𐌴𐌳𐌿𐌽 𐌰𐌽𐌳 𐌷𐌰𐌹𐌼𐍉𐍃 𐍅𐌰𐌹𐌻𐌰𐌼𐌴𐍂𐌾𐌰𐌽𐌳𐌰𐌽𐍃 𐌾𐌰𐌷 𐌻𐌴𐌹𐌺𐌹𐌽𐍉𐌽𐌳𐌰𐌽𐍃 𐌰𐌽𐌳 𐌰𐌻𐌻.
Luke,9,7,"𐌲𐌰𐌷𐌰𐌿𐍃𐌹𐌳𐌰 𐌸𐌰𐌽 𐌷𐌴𐍂𐍉𐌳𐌹𐍃 𐍃𐌰 𐍄𐌰𐌹𐍄𐍂𐌰𐍂𐌺𐌴𐍃 𐌸𐍉 𐍅𐌰𐌿𐍂𐌸𐌰𐌽𐍉𐌽𐌰 𐍆𐍂𐌰𐌼 𐌹𐌼𐌼𐌰 𐌰𐌻𐌻𐌰 𐌾𐌰𐌷 𐌸𐌰𐌷𐍄𐌰, 𐌿𐌽𐍄𐌴 𐌵𐌴𐌸𐌿𐌽 𐍃𐌿𐌼𐌰𐌹 𐌸𐌰𐍄𐌴𐌹 𐌹𐍉𐌷𐌰𐌽𐌽𐌴𐍃 𐌿𐍂𐍂𐌰𐌹𐍃 𐌿𐍃 𐌳𐌰𐌿𐌸𐌰𐌹𐌼."
Luke,9,8,𐍃𐌿𐌼𐌰𐌹 𐌸𐌰𐌽 𐌵𐌴𐌸𐌿𐌽 𐌷𐌴𐌻𐌹𐌰𐍃 𐌰𐍄𐌰𐌿𐌲𐌹𐌳𐌰 𐍃𐌹𐌺; 𐍃𐌿𐌼𐌰𐌹𐌿𐌸~𐌸𐌰𐌽 𐌸𐌰𐍄𐌴𐌹 𐍀𐍂𐌰𐌿𐍆𐌴𐍄𐌿𐍃 𐍃𐌿𐌼𐍃 𐌸𐌹𐌶𐌴 𐌰𐌹𐍂𐌹𐌶𐌰𐌽𐌴 𐌿𐍃𐍃𐍄𐍉𐌸.
Luke,9,9,"𐌾𐌰𐌷 𐌵𐌰𐌸 𐌷𐌴𐍂𐍉𐌳𐌴𐍃: 𐌹𐍉𐌷𐌰𐌽𐌽𐌰𐌿 𐌹𐌺 𐌷𐌰𐌿𐌱𐌹𐌸 𐌰𐍆𐌼𐌰𐌹𐌼𐌰𐌹𐍄, 𐌹𐌸 𐍈𐌰𐍃 𐌹𐍃𐍄 𐍃𐌰, 𐌱𐌹 𐌸𐌰𐌽𐌴𐌹 𐌹𐌺 𐌷𐌰𐌿𐍃𐌾𐌰 𐍃𐍅𐌰𐌻𐌴𐌹𐌺? 𐌾𐌰𐌷 𐍃𐍉𐌺𐌹𐌳𐌰 𐌹𐌽𐌰 𐌲𐌰𐍃𐌰𐌹𐍈𐌰𐌽."
Luke,9,10,"𐌾𐌰𐌷 𐌲𐌰𐍅𐌰𐌽𐌳𐌾𐌰𐌽𐌳𐌰𐌽𐍃 𐍃𐌹𐌺 𐌰𐍀𐌰𐌿𐍃𐍄𐌰𐌿𐌻𐌴𐌹𐍃 𐌿𐍃𐍃𐍀𐌹𐌻𐌻𐍉𐌳𐌴𐌳𐌿𐌽 𐌹𐌼𐌼𐌰, 𐍃𐍅𐌰 𐍆𐌹𐌻𐌿 𐍃𐍅𐌴 𐌲𐌰𐍄𐌰𐍅𐌹𐌳𐌴𐌳𐌿𐌽. 𐌾𐌰𐌷 𐌰𐌽𐌳𐌽𐌹𐌼𐌰𐌽𐌳𐍃 𐌹𐌽𐍃 𐌰𐍆𐌹𐌳𐌳𐌾𐌰 𐍃𐌿𐌽𐌳𐍂𐍉 𐌰𐌽𐌰 𐍃𐍄𐌰𐌸 𐌰𐌿𐌸𐌾𐌰𐌽𐌰 𐌱𐌰𐌿𐍂𐌲𐍃 𐌽𐌰𐌼𐌽𐌹𐌳𐌰𐌹𐌶𐍉𐍃 𐌱𐌰𐌹𐌳𐍃𐌰𐌹ï𐌳𐌰𐌽."
Luke,9,11,"𐌹𐌸 𐌸𐍉𐍃 𐌼𐌰𐌽𐌰𐌲𐌴𐌹𐌽𐍃 𐍆𐌹𐌽𐌸𐌰𐌽𐌳𐌴𐌹𐌽𐍃 𐌻𐌰𐌹𐍃𐍄𐌹𐌳𐌴𐌳𐌿𐌽 𐌰𐍆𐌰𐍂 𐌹𐌼𐌼𐌰, 𐌾𐌰𐌷 𐌰𐌽𐌳𐌽𐌹𐌼𐌰𐌽𐌳𐍃 𐌹𐌽𐍃 𐍂𐍉𐌳𐌹𐌳𐌰 𐌳𐌿 𐌹𐌼 𐌸𐍉 𐌱𐌹 𐌸𐌹𐌿𐌳𐌰𐌽𐌲𐌰𐍂𐌳𐌾𐌰 𐌲𐌿𐌳𐌹𐍃 𐌾𐌰𐌷 𐌸𐌰𐌽𐍃 𐌸𐌰𐍂𐌱𐌰𐌽𐍃 𐌻𐌴𐌹𐌺𐌹𐌽𐌰𐍃𐍃𐌰𐌿𐍃 𐌲𐌰𐌷𐌰𐌹𐌻𐌹𐌳𐌰."
Luke,9,12,"𐌸𐌰𐌽𐌿𐌷 𐌳𐌰𐌲𐍃 𐌾𐌿𐌸𐌰𐌽 𐌳𐌿𐌲𐌰𐌽𐌽 𐌷𐌽𐌴𐌹𐍅𐌰𐌽. 𐌰𐍄𐌲𐌰𐌲𐌲𐌰𐌽𐌳𐌰𐌽𐍃 𐌸𐌰𐌽 𐌳𐌿 𐌹𐌼𐌼𐌰 𐌸𐌰𐌹 𐍄𐍅𐌰𐌻𐌹𐍆 𐌵𐌴𐌸𐌿𐌽 𐌳𐌿 𐌹𐌼𐌼𐌰: 𐍆𐍂𐌰𐌻𐌴𐍄 𐌸𐍉 𐌼𐌰𐌽𐌰𐌲𐌴𐌹𐌽, 𐌴𐌹 𐌲𐌰𐌻𐌴𐌹𐌸𐌰𐌽𐌳𐌰𐌽𐍃 𐌹𐌽 𐌸𐍉𐍃 𐌱𐌹𐍃𐌿𐌽𐌾𐌰𐌽𐌴 𐌷𐌰𐌹𐌼𐍉𐍃 𐌾𐌰𐌷 𐍅𐌴𐌹𐌷𐍃𐌰 𐍃𐌰𐌻𐌾𐌰𐌹𐌽𐌰 𐌾𐌰𐌷 𐌱𐌿𐌲𐌾𐌰𐌹𐌽𐌰 𐍃𐌹𐍃 𐌼𐌰𐍄𐌹𐌽𐍃, 𐌿𐌽𐍄𐌴 𐌷𐌴𐍂 𐌹𐌽 𐌰𐌿𐌸𐌾𐌰𐌼𐌼𐌰 𐍃𐍄𐌰𐌳𐌰 𐍃𐌹𐌿𐌼."
Luke,9,13,"𐌸𐌰𐌽𐌿𐌷 𐌵𐌰𐌸 𐌳𐌿 𐌹𐌼: 𐌲𐌹𐌱𐌹𐌸 𐌹𐌼 𐌾𐌿𐍃 𐌼𐌰𐍄𐌾𐌰𐌽. 𐌹𐌸 𐌴𐌹𐍃 𐌵𐌴𐌸𐌿𐌽 𐌳𐌿 𐌹𐌼𐌼𐌰: 𐌽𐌹𐍃𐍄 𐌷𐌹𐌽𐌳𐌰𐍂 𐌿𐌽𐍃 𐌼𐌰𐌹𐌶𐍉 𐍆𐌹𐌼𐍆 𐌷𐌻𐌰𐌹𐌱𐌰𐌼, 𐌾𐌰𐌷 𐍆𐌹𐍃𐌺𐍉𐍃 𐍄𐍅𐌰𐌹, 𐌽𐌹𐌱𐌰 𐌸𐌰𐌿 𐌸𐌰𐍄𐌴𐌹 𐍅𐌴𐌹𐍃 𐌲𐌰𐌲𐌲𐌰𐌽𐌳𐌰𐌽𐍃 𐌱𐌿𐌲𐌾𐌰𐌹𐌼𐌰 𐌰𐌻𐌻𐌰𐌹 𐌸𐌹𐌶𐌰𐌹 𐌼𐌰𐌽𐌰𐍃𐌴𐌹𐌳𐌰𐌹 𐌼𐌰𐍄𐌹𐌽𐍃."
Luke,9,14,"𐍅𐌴𐍃𐌿𐌽 𐌰𐌿𐌺 𐍃𐍅𐌴 𐍆𐌹𐌼𐍆 𐌸𐌿𐍃𐌿𐌽𐌳𐌾𐍉𐍃 𐍅𐌰𐌹𐍂𐌴. 𐌵𐌰𐌸 𐌸𐌰𐌽 𐌳𐌿 𐍃𐌹𐍀𐍉𐌽𐌾𐌰𐌼 𐍃𐌴𐌹𐌽𐌰𐌹𐌼: 𐌲𐌰𐍅𐌰𐌿𐍂𐌺𐌴𐌹𐌸 𐌹𐌼 𐌰𐌽𐌰𐌺𐌿𐌼𐌱𐌾𐌰𐌽 𐌺𐌿𐌱𐌹𐍄𐌿𐌽𐍃, 𐌰𐌽𐌰 𐍈𐌰𐍂𐌾𐌰𐌽𐍉𐌷 𐍆𐌹𐌼𐍆 𐍄𐌹𐌲𐌿𐌽𐍃."
Luke,9,15,𐌾𐌰𐌷 𐌲𐌰𐍄𐌰𐍅𐌹𐌳𐌴𐌳𐌿𐌽 𐍃𐍅𐌰 𐌾𐌰𐌷 𐌲𐌰𐍄𐌰𐍅𐌹𐌳𐌴𐌳𐌿𐌽 𐌰𐌽𐌰𐌺𐌿𐌼𐌱𐌾𐌰𐌽 𐌰𐌻𐌻𐌰𐌽𐍃.
Luke,9,16,"𐌽𐌹𐌼𐌰𐌽𐌳𐍃 𐌸𐌰𐌽 𐌸𐌰𐌽𐍃 𐍆𐌹𐌼𐍆 𐌷𐌻𐌰𐌹𐌱𐌰𐌽𐍃 𐌾𐌰𐌷 𐍄𐍅𐌰𐌽𐍃 𐍆𐌹𐍃𐌺𐌰𐌽𐍃, 𐌹𐌽𐍃𐌰𐌹𐍈𐌰𐌽𐌳𐍃 𐌳𐌿 𐌷𐌹𐌼𐌹𐌽𐌰 𐌲𐌰𐌸𐌹𐌿𐌸𐌹𐌳𐌰 𐌹𐌽𐍃 𐌾𐌰𐌷 𐌲𐌰𐌱𐍂𐌰𐌺 𐌾𐌰𐌷 𐌲𐌰𐍆 𐍃𐌹𐍀𐍉𐌽𐌾𐌰𐌼 𐌳𐌿 𐍆𐌰𐌿𐍂𐌻𐌰𐌲𐌾𐌰𐌽 𐌸𐌹𐌶𐌰𐌹 𐌼𐌰𐌽𐌰𐌲𐌴𐌹𐌽."
Luke,9,17,"𐌾𐌰𐌷 𐌼𐌰𐍄𐌹𐌳𐌴𐌳𐌿𐌽 𐌾𐌰𐌷 𐍃𐌰𐌳𐌰𐌹 𐍅𐌰𐌿𐍂𐌸𐌿𐌽 𐌰𐌻𐌻𐌰𐌹; 𐌾𐌰𐌷 𐌿𐍃𐌷𐌰𐍆𐌰𐌽 𐍅𐌰𐍂𐌸, 𐌸𐌰𐍄𐌴𐌹 𐌰𐍆𐌻𐌹𐍆𐌽𐍉𐌳𐌰 𐌹𐌼 𐌲𐌰𐌱𐍂𐌿𐌺𐍉, 𐍄𐌰𐌹𐌽𐌾𐍉𐌽𐍃 𐍄𐍅𐌰𐌻𐌹𐍆."
Luke,9,18,"𐌾𐌰𐌷 𐍅𐌰𐍂𐌸, 𐌼𐌹𐌸𐌸𐌰𐌽𐌴𐌹 𐍅𐌰𐍃 𐌹𐍃 𐌱𐌹𐌳𐌾𐌰𐌽𐌳𐍃 𐍃𐌿𐌽𐌳𐍂𐍉, 𐌲𐌰𐌼𐍉𐍄𐌹𐌳𐌴𐌳𐌿𐌽 𐌹𐌼𐌼𐌰 𐍃𐌹𐍀𐍉𐌽𐌾𐍉𐍃 𐌹𐍃, 𐌾𐌰𐌷 𐍆𐍂𐌰𐌷 𐌹𐌽𐍃 𐌵𐌹𐌸𐌰𐌽𐌳𐍃: 𐍈𐌰𐌽𐌰 𐌼𐌹𐌺 𐌵𐌹𐌸𐌰𐌽𐌳 𐍅𐌹𐍃𐌰𐌽 𐌸𐍉𐍃 𐌼𐌰𐌽𐌰𐌲𐌴𐌹𐌽𐍃?"
Luke,9,19,"𐌹𐌸 𐌴𐌹𐍃 𐌰𐌽𐌳𐌷𐌰𐍆𐌾𐌰𐌽𐌳𐌰𐌽𐍃 𐌵𐌴𐌸𐌿𐌽: 𐌹𐍉𐌷𐌰𐌽𐌽𐌴𐌽 𐌸𐌰𐌽𐌰 𐌳𐌰𐌿𐍀𐌾𐌰𐌽𐌳, 𐌰𐌽𐌸𐌰𐍂𐌰𐌹 𐌸𐌰𐌽 𐌷𐌴𐌻𐌴𐌹𐌰𐌽, 𐍃𐌿𐌼𐌰𐌹 𐌸𐌰𐌽 𐌸𐌰𐍄𐌴𐌹 𐍀𐍂𐌰𐌿𐍆𐌴𐍄𐌿𐍃 𐍃𐌿𐌼𐍃 𐌸𐌹𐌶𐌴 𐌰𐌹𐍂𐌹𐌶𐌰𐌽𐌴 𐌿𐍃𐍃𐍄𐍉𐌸."
Luke,9,20,"𐌵𐌰𐌸 𐌸𐌰𐌽 𐌳𐌿 𐌹𐌼: 𐌰𐌸𐌸𐌰𐌽 𐌾𐌿𐍃 𐍈𐌰𐌽𐌰 𐌼𐌹𐌺 𐌵𐌹𐌸𐌹𐌸 𐍅𐌹𐍃𐌰𐌽? 𐌰𐌽𐌳𐌷𐌰𐍆𐌾𐌰𐌽𐌳𐍃 𐌸𐌰𐌽 𐍀𐌰𐌹𐍄𐍂𐌿𐍃 𐌵𐌰𐌸: 𐌸𐌿 𐌹𐍃 𐍇𐍂𐌹𐍃𐍄𐌿𐍃, 𐍃𐌿𐌽𐌿𐍃 𐌲𐌿𐌳𐌹𐍃."
Luke,9,21,𐌹𐌸 𐌹𐍃 𐌸𐌰𐌽 𐌲𐌰𐍈𐍉𐍄𐌾𐌰𐌽𐌳𐍃 𐌹𐌼 𐍆𐌰𐌿𐍂𐌱𐌰𐌿𐌸 𐌴𐌹 𐌼𐌰𐌽𐌽 𐌽𐌹 𐌵𐌹𐌸𐌴𐌹𐌽𐌰 𐌸𐌰𐍄𐌰;
Luke,9,22,𐌵𐌹𐌸𐌰𐌽𐌳𐍃 𐌸𐌰𐍄𐌴𐌹 𐍃𐌺𐌰𐌻 𐍃𐌿𐌽𐌿𐍃 𐌼𐌰𐌽𐍃 𐌼𐌰𐌽𐌰𐌲 𐍅𐌹𐌽𐌽𐌰𐌽 𐌾𐌰𐌷 𐌿𐍃𐌺𐌿𐍃𐌰𐌽𐍃 𐍆𐍂𐌰𐌼 𐍃𐌹𐌽𐌹𐍃𐍄𐌰𐌼 𐍅𐌰𐌹𐍂𐌸𐌰𐌽 𐌾𐌰𐌷 𐌲𐌿𐌳𐌾𐌰𐌼 𐌾𐌰𐌷 𐌱𐍉𐌺𐌰𐍂𐌾𐌰𐌼 𐌾𐌰𐌷 𐌿𐍃𐌵𐌹𐌼𐌰𐌽 𐌾𐌰𐌷 𐌸𐍂𐌹𐌳𐌾𐌹𐌽 𐌳𐌰𐌲𐌰 𐌿𐍂𐍂𐌴𐌹𐍃𐌰𐌽.
Luke,9,23,"𐌵𐌰𐌸 𐌸𐌰𐌽 𐌳𐌿 𐌰𐌻𐌻𐌰𐌹𐌼: 𐌾𐌰𐌱𐌰𐌹 𐍈𐌰𐍃 𐍅𐌹𐌻𐌹 𐌰𐍆𐌰𐍂 𐌼𐌹𐍃 𐌲𐌰𐌲𐌲𐌰𐌽, 𐌰𐍆𐌰𐌹𐌺𐌰𐌹 𐍃𐌹𐌺 𐍃𐌹𐌻𐌱𐌰𐌽 𐌾𐌰𐌷 𐌽𐌹𐌼𐌰𐌹 𐌲𐌰𐌻𐌲𐌰𐌽 𐍃𐌴𐌹𐌽𐌰𐌽𐌰 𐌳𐌰𐌲 𐍈𐌰𐌽𐍉𐌷 𐌾𐌰𐌷 𐌻𐌰𐌹𐍃𐍄𐌾𐌰𐌹 𐌼𐌹𐌺."
Luke,9,24,"𐍃𐌰𐌴𐌹 𐌰𐌻𐌻𐌹𐍃 𐍅𐌹𐌻𐌹 𐍃𐌰𐌹𐍅𐌰𐌻𐌰 𐍃𐌴𐌹𐌽𐌰 𐌽𐌰𐍃𐌾𐌰𐌽, 𐍆𐍂𐌰𐌵𐌹𐍃𐍄𐌴𐌹𐌸 𐌹𐌶𐌰𐌹; 𐌰𐌸𐌸𐌰𐌽 𐍃𐌰𐌴𐌹 𐍆𐍂𐌰𐌵𐌹𐍃𐍄𐌴𐌹𐌸 𐍃𐌰𐌹𐍅𐌰𐌻𐌰𐌹 𐍃𐌴𐌹𐌽𐌰𐌹 𐌹𐌽 𐌼𐌴𐌹𐌽𐌰, 𐌲𐌰𐌽𐌰𐍃𐌾𐌹𐌸 𐌸𐍉."
Luke,9,25,"𐍈𐍉 𐌰𐌻𐌻𐌹𐍃 𐌸𐌰𐌿𐍂𐍆𐍄𐌴 𐌲𐌰𐍄𐌰𐌿𐌾𐌹𐌸 𐍃𐌹𐍃 𐌼𐌰𐌽𐌽𐌰, 𐌲𐌰𐌲𐌴𐌹𐌲𐌰𐌽𐌳𐍃 𐌸𐍉 𐌼𐌰𐌽𐌰𐍃𐌴𐌳 𐌰𐌻𐌻𐌰, 𐌹𐌸 𐍃𐌹𐍃 𐍃𐌹𐌻𐌱𐌹𐌽 𐍆𐍂𐌰𐌵𐌹𐍃𐍄𐌾𐌰𐌽𐌳𐍃 𐌰𐌹𐌸𐌸𐌰𐌿 𐌲𐌰𐍃𐌻𐌴𐌹𐌸𐌾𐌰𐌽𐌳𐍃?"
Luke,9,26,"𐍃𐌰𐌴𐌹 𐌰𐌻𐌻𐌹𐍃 𐍃𐌺𐌰𐌼𐌰𐌹𐌸 𐍃𐌹𐌺 𐌼𐌴𐌹𐌽𐌰 𐌰𐌹𐌸𐌸𐌰𐌿 𐌼𐌴𐌹𐌽𐌰𐌹𐌶𐌴 𐍅𐌰𐌿𐍂𐌳𐌴, 𐌸𐌹𐌶𐌿𐌷 𐍃𐌿𐌽𐌿𐍃 𐌼𐌰𐌽𐍃 𐍃𐌺𐌰𐌼𐌰𐌹𐌳 𐍃𐌹𐌺, 𐌱𐌹𐌸𐌴 𐌵𐌹𐌼𐌹𐌸 𐌹𐌽 𐍅𐌿𐌻𐌸𐌿 𐍃𐌴𐌹𐌽𐌰𐌼𐌼𐌰 𐌾𐌰𐌷 𐌰𐍄𐍄𐌹𐌽𐍃 𐌾𐌰𐌷 𐌸𐌹𐌶𐌴 𐍅𐌴𐌹𐌷𐌰𐌽𐌴 𐌰𐌲𐌲𐌴𐌻𐌴."
Luke,9,27,"𐌵𐌹𐌸𐌿𐌷 𐌸𐌰𐌽 𐌹𐌶𐍅𐌹𐍃 𐍃𐌿𐌽𐌾𐌰: 𐍃𐌹𐌽𐌳 𐍃𐌿𐌼𐌰𐌹 𐌸𐌹𐌶𐌴 𐌷𐌴𐍂 𐍃𐍄𐌰𐌽𐌳𐌰𐌽𐌳𐌰𐌽𐌴, 𐌸𐌰𐌹𐌴𐌹 𐌽𐌹 𐌺𐌰𐌿𐍃𐌾𐌰𐌽𐌳 𐌳𐌰𐌿𐌸𐌰𐌿, 𐌿𐌽𐍄𐌴 𐌲𐌰𐍃𐌰𐌹𐍈𐌰𐌽𐌳 𐌸𐌹𐌿𐌳𐌹𐌽𐌰𐍃𐍃𐌰𐌿 𐌲𐌿𐌳𐌹𐍃."
Luke,9,28,"𐍅𐌰𐌿𐍂𐌸𐌿𐌽 𐌸𐌰𐌽 𐌰𐍆𐌰𐍂 𐌸𐍉 𐍅𐌰𐌿𐍂𐌳𐌰 𐍃𐍅𐌴 𐌳𐌰𐌲𐍉𐍃 𐌰𐌷𐍄𐌰𐌿, 𐌲𐌰𐌽𐌹𐌼𐌰𐌽𐌳𐍃 𐍀𐌰𐌹𐍄𐍂𐌿 𐌾𐌰𐌷 𐌹𐌰𐌺𐍉𐌱𐌿 𐌾𐌰𐌷 𐌹𐍉𐌷𐌰𐌽𐌽𐌴𐌽 𐌿𐍃𐌹𐌳𐌳𐌾𐌰 𐌹𐌽 𐍆𐌰𐌹𐍂𐌲𐌿𐌽𐌹 𐌱𐌹𐌳𐌾𐌰𐌽."
Luke,9,29,"𐌾𐌰𐌷 𐍅𐌰𐍂𐌸, 𐌼𐌹𐌸𐌸𐌰𐌽𐌴𐌹 𐌱𐌰𐌸 𐌹𐍃, 𐍃𐌹𐌿𐌽𐍃 𐌰𐌽𐌳𐍅𐌰𐌹𐍂𐌸𐌾𐌹𐍃 𐌹𐍃 𐌰𐌽𐌸𐌰𐍂𐌰 𐌾𐌰𐌷 𐌲𐌰𐍅𐌰𐍃𐌴𐌹𐌽𐍃 𐌹𐍃 𐍈𐌴𐌹𐍄𐌰 𐍃𐌺𐌴𐌹𐌽𐌰𐌽𐌳𐌴𐌹."
Luke,9,30,"𐌾𐌰𐌷 𐍃𐌰𐌹, 𐍅𐌰𐌹𐍂𐍉𐍃 𐍄𐍅𐌰𐌹 𐌼𐌹𐌸𐍂𐍉𐌳𐌹𐌳𐌴𐌳𐌿𐌽 𐌹𐌼𐌼𐌰, 𐌸𐌰𐌹𐌴𐌹 𐍅𐌴𐍃𐌿𐌽 𐌼𐍉𐍃𐌴𐍃 𐌾𐌰𐌷 𐌷𐌴𐌻𐌹𐌰𐍃;"
Luke,9,31,"𐌸𐌰𐌹 𐌲𐌰𐍃𐌰𐌹𐍈𐌰𐌽𐌰𐌽𐍃 𐌹𐌽 𐍅𐌿𐌻𐌸𐌰𐌿 𐌵𐌴𐌸𐌿𐌽 𐌿𐍂𐍂𐌿𐌽𐍃 𐌹𐍃, 𐌸𐍉𐌴𐌹 𐍃𐌺𐌿𐌻𐌳𐌰 𐌿𐍃𐍆𐌿𐌻𐌻𐌾𐌰𐌽 𐌹𐌽 𐌹𐌰𐌹𐍂𐌿𐍃𐌰𐌻𐌴𐌼."
Luke,9,32,𐌹𐌸 𐍀𐌰𐌹𐍄𐍂𐌿𐍃 𐌾𐌰𐌷 𐌸𐌰𐌹 𐌼𐌹𐌸 𐌹𐌼𐌼𐌰 𐍅𐌴𐍃𐌿𐌽 𐌺𐌰𐌿𐍂𐌹𐌳𐌰𐌹 𐍃𐌻𐌴𐍀𐌰: 𐌲𐌰𐍅𐌰𐌺𐌽𐌰𐌽𐌳𐌰𐌽𐍃 𐌸𐌰𐌽 𐌲𐌰𐍃𐌴𐍈𐌿𐌽 𐍅𐌿𐌻𐌸𐌿 𐌹𐍃 𐌾𐌰𐌷 𐌸𐌰𐌽𐍃 𐍄𐍅𐌰𐌽𐍃 𐍅𐌰𐌹𐍂𐌰𐌽𐍃 𐌸𐌰𐌽𐍃 𐌼𐌹𐌸𐍃𐍄𐌰𐌽𐌳𐌰𐌽𐌳𐌰𐌽𐍃 𐌹𐌼𐌼𐌰.
Luke,9,33,"𐌾𐌰𐌷 𐍅𐌰𐍂𐌸, 𐌼𐌹𐌸𐌸𐌰𐌽𐌴𐌹 𐌰𐍆𐍃𐌺𐌰𐌹𐍃𐌺𐌰𐌹𐌳𐌿𐌽 𐍃𐌹𐌺 𐌰𐍆 𐌹𐌼𐌼𐌰, 𐌵𐌰𐌸 𐍀𐌰𐌹𐍄𐍂𐌿𐍃 𐌳𐌿 𐌹𐌴𐍃𐌿𐌰: 𐍄𐌰𐌻𐌶𐌾𐌰𐌽𐌳, 𐌲𐍉𐌳 𐌹𐍃𐍄 𐌿𐌽𐍃𐌹𐍃 𐌷𐌴𐍂 𐍅𐌹𐍃𐌰𐌽, 𐌾𐌰𐌷 𐌲𐌰𐍅𐌰𐌿𐍂𐌺𐌾𐌰𐌹𐌼𐌰 𐌷𐌻𐌴𐌹𐌸𐍂𐍉𐍃 𐌸𐍂𐌹𐌽𐍃, 𐌰𐌹𐌽𐌰 𐌸𐌿𐍃 𐌾𐌰𐌷 𐌰𐌹𐌽𐌰 𐌼𐍉𐍃𐌴 𐌾𐌰𐌷 𐌰𐌹𐌽𐌰 𐌷𐌴𐌻𐌹𐌾𐌹𐌽, 𐌽𐌹 𐍅𐌹𐍄𐌰𐌽𐌳𐍃 𐍈𐌰 𐌵𐌹𐌸𐌹𐌸."
Luke,9,34,𐌸𐌰𐍄𐌰 𐌸𐌰𐌽 𐌹𐌼𐌼𐌰 𐌵𐌹𐌸𐌰𐌽𐌳𐌹𐌽 𐍅𐌰𐍂𐌸 𐌼𐌹𐌻𐌷𐌼𐌰 𐌾𐌰𐌷 𐌿𐍆𐌰𐍂𐍃𐌺𐌰𐌳𐍅𐌹𐌳𐌰 𐌹𐌽𐍃; 𐍆𐌰𐌿𐍂𐌷𐍄𐌹𐌳𐌴𐌳𐌿𐌽 𐌸𐌰𐌽 𐌹𐌽 𐌸𐌰𐌼𐌼𐌴𐌹 𐌾𐌰𐌹𐌽𐌰𐌹 𐌵𐌴𐌼𐌿𐌽 𐌹𐌽 𐌸𐌰𐌼𐌼𐌰 𐌼𐌹𐌻𐌷𐌼𐌹𐌽.
Luke,9,35,"𐌾𐌰𐌷 𐍃𐍄𐌹𐌱𐌽𐌰 𐍅𐌰𐍂𐌸 𐌿𐍃 𐌸𐌰𐌼𐌼𐌰 𐌼𐌹𐌻𐌷𐌼𐌹𐌽 𐌵𐌹𐌸𐌰𐌽𐌳𐌴𐌹: 𐍃𐌰 𐌹𐍃𐍄 𐍃𐌿𐌽𐌿𐍃 𐌼𐌴𐌹𐌽𐍃 𐍃𐌰 𐌻𐌹𐌿𐌱𐌰, 𐌸𐌰𐌼𐌼𐌰 𐌷𐌰𐌿𐍃𐌾𐌰𐌹𐌸."
Luke,9,36,"𐌾𐌰𐌷 𐌼𐌹𐌸𐌸𐌰𐌽𐌴𐌹 𐍅𐌰𐍂𐌸 𐍃𐍉 𐍃𐍄𐌹𐌱𐌽𐌰, 𐌱𐌹𐌲𐌹𐍄𐌰𐌽𐍃 𐍅𐌰𐍂𐌸 𐌹𐌴𐍃𐌿𐍃 𐌰𐌹𐌽𐍃. 𐌾𐌰𐌷 𐌴𐌹𐍃 𐌸𐌰𐌷𐌰𐌹𐌳𐌴𐌳𐌿𐌽 𐌾𐌰𐌷 𐌼𐌰𐌽𐌽 𐌽𐌹 𐌲𐌰𐍄𐌰𐌹𐌷𐌿𐌽 𐌹𐌽 𐌾𐌰𐌹𐌽𐌰𐌹𐌼 𐌳𐌰𐌲𐌰𐌼 𐌽𐌹 𐍅𐌰𐌹𐌷𐍄 𐌸𐌹𐌶𐌴𐌹 𐌲𐌰𐍃𐌴𐍈𐌿𐌽."
Luke,9,37,"𐍅𐌰𐍂𐌸 𐌸𐌰𐌽 𐌹𐌽 𐌸𐌰𐌼𐌼𐌰 𐌳𐌰𐌲𐌰, 𐌳𐌰𐌻𐌰𐌸 𐌰𐍄𐌲𐌰𐌲𐌲𐌰𐌽𐌳𐌰𐌼 𐌹𐌼 𐌰𐍆 𐍆𐌰𐌹𐍂𐌲𐌿𐌽𐌾𐌰, 𐌲𐌰𐌼𐍉𐍄𐌹𐌳𐌰 𐌹𐌼𐌼𐌰 𐌼𐌰𐌽𐌰𐌲𐌴𐌹𐌽𐍃 𐍆𐌹𐌻𐌿."
Luke,9,38,"𐌾𐌰𐌷 𐍃𐌰𐌹, 𐌼𐌰𐌽𐌽𐌰 𐌿𐍃 𐌸𐌹𐌶𐌰𐌹 𐌼𐌰𐌽𐌰𐌲𐌴𐌹𐌽 𐌿𐍆𐍅𐍉𐍀𐌹𐌳𐌰 𐌵𐌹𐌸𐌰𐌽𐌳𐍃: 𐌻𐌰𐌹𐍃𐌰𐍂𐌹, 𐌱𐌹𐌳𐌾𐌰 𐌸𐌿𐌺 𐌹𐌽𐍃𐌰𐌹𐍈𐌰𐌽 𐌳𐌿 𐍃𐌿𐌽𐌿 𐌼𐌴𐌹𐌽𐌰𐌼𐌼𐌰, 𐌿𐌽𐍄𐌴 𐌰𐌹𐌽𐌰𐌷𐌰 𐌼𐌹𐍃 𐌹𐍃𐍄."
Luke,9,39,"𐌾𐌰𐌷 𐍃𐌰𐌹, 𐌰𐌷𐌼𐌰 𐌽𐌹𐌼𐌹𐌸 𐌹𐌽𐌰 𐌿𐌽𐌷𐍂𐌰𐌹𐌽𐍃 𐌾𐌰𐌷 𐌰𐌽𐌰𐌺𐍃 𐌷𐍂𐍉𐍀𐌴𐌹𐌸 𐌾𐌰𐌷 𐍄𐌰𐌷𐌾𐌹𐌸 𐌹𐌽𐌰 𐌼𐌹𐌸 𐍈𐌰𐌸𐍉𐌽 𐌾𐌰𐌷 𐌷𐌰𐌻𐌹𐍃𐌰𐌹𐍅 𐌰𐍆𐌻𐌹𐌽𐌽𐌹𐌸 𐌰𐍆 𐌹𐌼𐌼𐌰 𐌲𐌰𐌱𐍂𐌹𐌺𐌰𐌽𐌳𐍃 𐌹𐌽𐌰."
Luke,9,40,"𐌾𐌰𐌷 𐌱𐌰𐌸 𐍃𐌹𐍀𐍉𐌽𐌾𐌰𐌽𐍃 𐌸𐌴𐌹𐌽𐌰𐌽𐍃 𐌴𐌹 𐌿𐍃𐌳𐍂𐌹𐌱𐌴𐌹𐌽𐌰 𐌹𐌼𐌼𐌰, 𐌾𐌰𐌷 𐌽𐌹 𐌼𐌰𐌷𐍄𐌴𐌳𐌿𐌽."
Luke,9,41,"𐌰𐌽𐌳𐌷𐌰𐍆𐌾𐌰𐌽𐌳𐍃 𐌸𐌰𐌽 𐌹𐌴𐍃𐌿𐍃 𐌵𐌰𐌸: 𐍉 𐌺𐌿𐌽𐌹 𐌿𐌽𐌲𐌰𐌻𐌰𐌿𐌱𐌾𐌰𐌽𐌳𐍉 𐌾𐌰𐌷 𐌹𐌽𐍅𐌹𐌽𐌳𐍉, 𐌿𐌽𐌳 𐍈𐌰 𐍃𐌹𐌰𐌿 𐌰𐍄 𐌹𐌶𐍅𐌹𐍃 𐌾𐌰𐌷 𐌸𐌿𐌻𐌰𐌿 𐌹𐌶𐍅𐌹𐍃? 𐌰𐍄𐍄𐌹𐌿𐌷 𐌸𐌰𐌽𐌰 𐍃𐌿𐌽𐌿 𐌸𐌴𐌹𐌽𐌰𐌽𐌰 𐌷𐌹𐌳𐍂𐌴𐌹."
Luke,9,42,"𐌸𐌰𐍂𐌿𐌷 𐌽𐌰𐌿𐌷𐌸𐌰𐌽 𐌳𐌿𐌰𐍄𐌲𐌰𐌲𐌲𐌰𐌽𐌳𐌹𐌽 𐌹𐌼𐌼𐌰, 𐌲𐌰𐌱𐍂𐌰𐌺 𐌹𐌽𐌰 𐍃𐌰 𐌿𐌽𐌷𐌿𐌻𐌸𐌰 𐌾𐌰𐌷 𐍄𐌰𐌷𐌹𐌳𐌰. 𐌲𐌰𐍈𐍉𐍄𐌹𐌳𐌰 𐌸𐌰𐌽 𐌹𐌴𐍃𐌿𐍃 𐌰𐌷𐌼𐌹𐌽 𐌸𐌰𐌼𐌼𐌰 𐌿𐌽𐌷𐍂𐌰𐌹𐌽𐌾𐌹𐌽 𐌾𐌰𐌷 𐌲𐌰𐌷𐌰𐌹𐌻𐌹𐌳𐌰 𐌸𐌰𐌽𐌰 𐌼𐌰𐌲𐌿 𐌾𐌰𐌷 𐌰𐍄𐌲𐌰𐍆 𐌹𐌽𐌰 𐌰𐍄𐍄𐌹𐌽 𐌹𐍃."
Luke,9,43,"𐌿𐍃𐍆𐌹𐌻𐌼𐌰𐌽𐍃 𐌸𐌰𐌽 𐍅𐌰𐌿𐍂𐌸𐌿𐌽 𐌰𐌻𐌻𐌰𐌹 𐌰𐌽𐌰 𐌸𐌹𐌶𐌰𐌹 𐌼𐌹𐌺𐌹𐌻𐌴𐌹𐌽 𐌲𐌿𐌳𐌹𐍃. 𐌰𐍄 𐌰𐌻𐌻𐌰𐌹𐌼 𐌸𐌰𐌽 𐍃𐌹𐌻𐌳𐌰𐌻𐌴𐌹𐌺𐌾𐌰𐌽𐌳𐌰𐌼 𐌱𐌹 𐌰𐌻𐌻𐌰 𐌸𐍉𐌴𐌹 𐌲𐌰𐍄𐌰𐍅𐌹𐌳𐌰 𐌹𐌴𐍃𐌿𐍃 [𐌵𐌰𐌸 𐍀𐌰𐌹𐍄𐍂𐌿𐍃: 𐍆𐍂𐌰𐌿𐌾𐌰, 𐌳𐌿𐍈𐌴 𐍅𐌴𐌹𐍃 𐌽𐌹 𐌼𐌰𐌷𐍄𐌴𐌳𐌿𐌼 𐌿𐍃𐌳𐍂𐌴𐌹𐌱𐌰𐌽 𐌸𐌰𐌼𐌼𐌰? 𐌹𐌸 𐌹𐌴𐍃𐌿𐍃 𐌵𐌰𐌸: 𐌸𐌰𐍄𐌰 𐌺𐌿𐌽𐌹 𐌽𐌹 𐌿𐍃𐌲𐌰𐌲𐌲𐌹𐌸, 𐌽𐌹𐌱𐌰𐌹 𐌹𐌽 𐌱𐌹𐌳𐍉𐌼 𐌾𐌰𐌷 𐌹𐌽 𐍆𐌰𐍃𐍄𐌿𐌱𐌽𐌾𐌰.] 𐌵𐌰𐌸 𐌸𐌰𐌽 𐌳𐌿 𐍃𐌹𐍀𐍉𐌽𐌾𐌰𐌼 𐍃𐌴𐌹𐌽𐌰𐌹𐌼:"
Luke,9,44,"𐌻𐌰𐌲𐌾𐌹𐌸 𐌾𐌿𐍃 𐌹𐌽 𐌰𐌿𐍃𐍉𐌽𐌰 𐌹𐌶𐍅𐌰𐍂𐌰 𐌸𐍉 𐍅𐌰𐌿𐍂𐌳𐌰, 𐌿𐌽𐍄𐌴 𐍃𐌿𐌽𐌿𐍃 𐌼𐌰𐌽𐍃 𐍃𐌺𐌿𐌻𐌳𐍃 𐌹𐍃𐍄 𐌰𐍄𐌲𐌹𐌱𐌰𐌽 𐌹𐌽 𐌷𐌰𐌽𐌳𐌿𐌽𐍃 𐌼𐌰𐌽𐌽𐌴."
Luke,9,45,"𐌹𐌸 𐌴𐌹𐍃 𐌽𐌹 𐍆𐍂𐍉𐌸𐌿𐌽 𐌸𐌰𐌼𐌼𐌰 𐍅𐌰𐌿𐍂𐌳𐌰, 𐌾𐌰𐌷 𐍅𐌰𐍃 𐌲𐌰𐌷𐌿𐌻𐌹𐌸 𐍆𐌰𐌿𐍂𐌰 𐌹𐌼, 𐌴𐌹 𐌽𐌹 𐍆𐍂𐍉𐌸𐌴𐌹𐌽𐌰 𐌹𐌼𐌼𐌰; 𐌾𐌰𐌷 𐍉𐌷𐍄𐌴𐌳𐌿𐌽 𐍆𐍂𐌰𐌹𐌷𐌽𐌰𐌽 𐌹𐌽𐌰 𐌱𐌹 𐌸𐌰𐍄𐌰 𐍅𐌰𐌿𐍂𐌳."
Luke,9,46,"𐌲𐌰𐌻𐌰𐌹𐌸 𐌸𐌰𐌽 𐌼𐌹𐍄𐍉𐌽𐍃 𐌹𐌽 𐌹𐌽𐍃, 𐌸𐌰𐍄𐌰 𐍈𐌰𐍂𐌾𐌹𐍃 𐌸𐌰𐌿 𐌹𐌶𐌴 𐌼𐌰𐌹𐍃𐍄𐍃 𐍅𐌴𐍃𐌹."
Luke,9,47,"𐌹𐌸 𐌹𐌴𐍃𐌿𐍃 𐌲𐌰𐍃𐌰𐌹𐍈𐌰𐌽𐌳𐍃 𐌸𐍉 𐌼𐌹𐍄𐍉𐌽 𐌷𐌰𐌹𐍂𐍄𐌹𐌽𐍃 𐌹𐌶𐌴, 𐍆𐌰𐌹𐍂𐌲𐍂𐌴𐌹𐍀𐌰𐌽𐌳𐍃 𐌱𐌰𐍂𐌽 𐌲𐌰𐍃𐌰𐍄𐌹𐌳𐌰 𐍆𐌰𐌿𐍂𐌰 𐍃𐌹𐍃"
Luke,9,48,"𐌾𐌰𐌷 𐌵𐌰𐌸 𐌳𐌿 𐌹𐌼: 𐍃𐌰𐍈𐌰𐌶𐌿𐌷 𐍃𐌰𐌴𐌹 𐌰𐌽𐌳𐌽𐌹𐌼𐌹𐌸 𐌸𐌰𐍄𐌰 𐌱𐌰𐍂𐌽 𐌰𐌽𐌰 𐌽𐌰𐌼𐌹𐌽 𐌼𐌴𐌹𐌽𐌰𐌼𐌼𐌰, 𐌼𐌹𐌺 𐌰𐌽𐌳𐌽𐌹𐌼𐌹𐌸; 𐌾𐌰𐌷 𐍃𐌰𐍈𐌰𐌶𐌿𐌷 𐍃𐌰𐌴𐌹 𐌼𐌹𐌺 𐌰𐌽𐌳𐌽𐌹𐌼𐌹𐌸, 𐌰𐌽𐌳𐌽𐌹𐌼𐌹𐌸 𐌸𐌰𐌽𐌰 𐍃𐌰𐌽𐌳𐌾𐌰𐌽𐌳𐌰𐌽 𐌼𐌹𐌺; 𐌿𐌽𐍄𐌴 𐍃𐌰 𐌼𐌹𐌽𐌽𐌹𐍃𐍄𐌰 𐍅𐌹𐍃𐌰𐌽𐌳𐍃 𐌹𐌽 𐌰𐌻𐌻𐌰𐌹𐌼 𐌹𐌶𐍅𐌹𐍃, 𐍃𐌰 𐍅𐌰𐌹𐍂𐌸𐌹𐌸 𐌼𐌹𐌺𐌹𐌻𐍃."
Luke,9,49,"𐌰𐌽𐌳𐌷𐌰𐍆𐌾𐌰𐌽𐌳𐍃 𐌸𐌰𐌽 𐌹𐍉𐌷𐌰𐌽𐌽𐌴𐍃 𐌵𐌰𐌸: 𐍄𐌰𐌻𐌶𐌾𐌰𐌽𐌳, 𐌲𐌰𐍃𐌴𐍈𐌿𐌼 𐍃𐌿𐌼𐌰𐌽𐌰 𐌰𐌽𐌰 𐌸𐌴𐌹𐌽𐌰𐌼𐌼𐌰 𐌽𐌰𐌼𐌹𐌽 𐌿𐍃𐌳𐍂𐌴𐌹𐌱𐌰𐌽𐌳𐌰𐌽 𐌿𐌽𐌷𐌿𐌻𐌸𐍉𐌽𐍃 𐌾𐌰𐌷 𐍅𐌰𐍂𐌹𐌳𐌴𐌳𐌿𐌽 𐌹𐌼𐌼𐌰, 𐌿𐌽𐍄𐌴 𐌽𐌹 𐌻𐌰𐌹𐍃𐍄𐌴𐌹𐌸 𐌼𐌹𐌸 𐌿𐌽𐍃𐌹𐍃."
Luke,9,50,"𐌾𐌰𐌷 𐌵𐌰𐌸 𐌳𐌿 𐌹𐌼 𐌹𐌴𐍃𐌿𐍃: 𐌽𐌹 𐍅𐌰𐍂𐌾𐌹𐌸, 𐌿𐌽𐍄𐌴 𐍃𐌰𐌴𐌹 𐌽𐌹𐍃𐍄 𐍅𐌹𐌸𐍂𐌰 𐌹𐌶𐍅𐌹𐍃, 𐍆𐌰𐌿𐍂 𐌹𐌶𐍅𐌹𐍃 𐌹𐍃𐍄. [𐌽𐌹 𐌰𐌹𐌽𐍃𐌷𐌿𐌽 𐌰𐌿𐌺 𐌹𐍃𐍄 𐌼𐌰𐌽𐌽𐌴, 𐍃𐌰𐌴𐌹 𐌽𐌹 𐌲𐌰𐍅𐌰𐌿𐍂𐌺𐌾𐌰𐌹 𐌼𐌰𐌷𐍄 𐌹𐌽 𐌽𐌰𐌼𐌹𐌽 𐌼𐌴𐌹𐌽𐌰𐌼𐌼𐌰.]"
Luke,9,51,"𐍅𐌰𐍂𐌸 𐌸𐌰𐌽 𐌹𐌽 𐌸𐌰𐌼𐌼𐌴𐌹 𐌿𐍃𐍆𐌿𐌻𐌽𐍉𐌳𐌴𐌳𐌿𐌽 𐌳𐌰𐌲𐍉𐍃 𐌰𐌽𐌳𐌰𐌽𐌿𐌼𐍄𐌰𐌹𐍃 𐌹𐍃, 𐌾𐌰𐌷 𐌹𐍃 𐌰𐌽𐌳𐍅𐌰𐌹𐍂𐌸𐌹 𐍃𐌴𐌹𐌽𐌰𐍄𐌰 𐌲𐌰𐍄𐌿𐌻𐌲𐌹𐌳𐌰 𐌳𐌿 𐌲𐌰𐌲𐌲𐌰𐌽 𐌹𐌽 𐌹𐌰𐌹𐍂𐌿𐍃𐌰𐌻𐌴𐌼."
Luke,9,52,"𐌾𐌰𐌷 𐌹𐌽𐍃𐌰𐌽𐌳𐌹𐌳𐌰 𐌰𐌹𐍂𐌿𐌽𐍃 𐍆𐌰𐌿𐍂𐌰 𐍃𐌹𐍃, 𐌾𐌰𐌷 𐌲𐌰𐌲𐌲𐌰𐌽𐌳𐌰𐌽𐍃 𐌲𐌰𐌻𐌹𐌸𐌿𐌽 𐌹𐌽 𐌷𐌰𐌹𐌼 𐍃𐌰𐌼𐌰𐍂𐌴𐌹𐍄𐌴, 𐍃𐍅𐌴 𐌼𐌰𐌽𐍅𐌾𐌰𐌽 𐌹𐌼𐌼𐌰."
Luke,9,53,"𐌾𐌰𐌷 𐌽𐌹 𐌰𐌽𐌳𐌽𐌴𐌼𐌿𐌽 𐌹𐌽𐌰, 𐌿𐌽𐍄𐌴 𐌰𐌽𐌳𐍅𐌰𐌹𐍂𐌸𐌹 𐌹𐍃 𐍅𐌰𐍃 𐌲𐌰𐌲𐌲𐌰𐌽𐌳𐍉 𐌳𐌿 𐌹𐌰𐌹𐍂𐌿𐍃𐌰𐌻𐌴𐌼."
Luke,9,54,"𐌲𐌰𐍃𐌰𐌹𐍈𐌰𐌽𐌳𐌰𐌽𐍃 𐌸𐌰𐌽 𐍃𐌹𐍀𐍉𐌽𐌾𐍉𐍃 𐌹𐍃 𐌹𐌰𐌺𐍉𐌱𐌿𐍃 𐌾𐌰𐌷 𐌹𐍉𐌷𐌰𐌽𐌽𐌴𐍃 𐌵𐌴𐌸𐌿𐌽: 𐍆𐍂𐌰𐌿𐌾𐌰, 𐍅𐌹𐌻𐌴𐌹𐌶𐌿 𐌴𐌹 𐌵𐌹𐌸𐌰𐌹𐌼𐌰, 𐍆𐍉𐌽 𐌰𐍄𐌲𐌰𐌲𐌲𐌰𐌹 𐌿𐍃 𐌷𐌹𐌼𐌹𐌽𐌰 𐌾𐌰𐌷 𐍆𐍂𐌰𐌵𐌹𐌼𐌰𐌹 𐌹𐌼, 𐍃𐍅𐌴 𐌾𐌰𐌷 𐌷𐌴𐌻𐌴𐌹𐌰𐍃 𐌲𐌰𐍄𐌰𐍅𐌹𐌳𐌰?"
Luke,9,55,𐌲𐌰𐍅𐌰𐌽𐌳𐌾𐌰𐌽𐌳𐍃 𐌸𐌰𐌽 𐌲𐌰𐍃𐍉𐌺 𐌹𐌼 𐌾𐌰𐌷 𐌵𐌰𐌸 𐌳𐌿 𐌹𐌼: 𐌽𐌹𐌿 𐍅𐌹𐍄𐌿𐌸 𐍈𐌹𐍃 𐌰𐌷𐌼𐌰𐌽𐌴 𐍃𐌹𐌾𐌿𐌸?
Luke,9,56,"𐌿𐌽𐍄𐌴 𐍃𐌿𐌽𐌿𐍃 𐌼𐌰𐌽𐍃 𐌽𐌹 𐌵𐌰𐌼 𐍃𐌰𐌹𐍅𐌰𐌻𐍉𐌼 𐌵𐌹𐍃𐍄𐌾𐌰𐌽, 𐌰𐌺 𐌽𐌰𐍃𐌾𐌰𐌽. 𐌾𐌰𐌷 𐌹𐌳𐌳𐌾𐌴𐌳𐌿𐌽 𐌹𐌽 𐌰𐌽𐌸𐌰𐍂𐌰 𐌷𐌰𐌹𐌼."
Luke,9,57,"𐍅𐌰𐍂𐌸 𐌸𐌰𐌽 𐌲𐌰𐌲𐌲𐌰𐌽𐌳𐌰𐌼 𐌹𐌼 𐌹𐌽 𐍅𐌹𐌲𐌰 𐌵𐌰𐌸 𐍃𐌿𐌼𐍃 𐌳𐌿 𐌹𐌼𐌼𐌰: 𐌻𐌰𐌹𐍃𐍄𐌾𐌰 𐌸𐌿𐌺 𐌸𐌹𐍃𐍈𐌰𐌳𐌿𐌷 𐌸𐌰𐌳𐌴𐌹 𐌲𐌰𐌲𐌲𐌹𐍃, 𐍆𐍂𐌰𐌿𐌾𐌰."
Luke,9,58,𐌾𐌰𐌷 𐌵𐌰𐌸 𐌳𐌿 𐌹𐌼𐌼𐌰 𐌹𐌴𐍃𐌿𐍃: 𐍆𐌰𐌿𐌷𐍉𐌽𐍃 𐌲𐍂𐍉𐌱𐍉𐍃 𐌰𐌹𐌲𐌿𐌽 𐌾𐌰𐌷 𐍆𐌿𐌲𐌻𐍉𐍃 𐌷𐌹𐌼𐌹𐌽𐌹𐍃 𐍃𐌹𐍄𐌻𐌰𐌽𐍃; 𐌹𐌸 𐍃𐌿𐌽𐌿𐍃 𐌼𐌰𐌽𐍃 𐌽𐌹 𐌷𐌰𐌱𐌰𐌹𐌸 𐍈𐌰𐍂 𐌷𐌰𐌿𐌱𐌹𐌸 𐌲𐌰𐌻𐌰𐌲𐌾𐌰𐌹.
Luke,9,59,"𐌵𐌰𐌸 𐌸𐌰𐌽 𐌳𐌿 𐌰𐌽𐌸𐌰𐍂𐌰𐌼𐌼𐌰: 𐌻𐌰𐌹𐍃𐍄𐌴𐌹 𐌼𐌹𐌺; 𐌹𐌸 𐌹𐍃 𐌵𐌰𐌸: 𐍆𐍂𐌰𐌿𐌾𐌰, 𐌿𐍃𐌻𐌰𐌿𐌱𐌴𐌹 𐌼𐌹𐍃 𐌲𐌰𐌻𐌴𐌹𐌸𐌰𐌽 𐍆𐌰𐌿𐍂𐌸𐌹𐍃 𐌾𐌰𐌷 𐌿𐍃𐍆𐌹𐌻𐌷𐌰𐌽 𐌰𐍄𐍄𐌰𐌽 𐌼𐌴𐌹𐌽𐌰𐌽𐌰."
Luke,9,60,𐌵𐌰𐌸 𐌸𐌰𐌽 𐌳𐌿 𐌹𐌼𐌼𐌰 𐌹𐌴𐍃𐌿𐍃: 𐌻𐌴𐍄 𐌸𐌰𐌽𐍃 𐌳𐌰𐌿𐌸𐌰𐌽𐍃 𐌿𐍃𐍆𐌹𐌻𐌷𐌰𐌽 𐍃𐌴𐌹𐌽𐌰𐌽𐍃 𐌽𐌰𐍅𐌹𐌽𐍃: 𐌹𐌸 𐌸𐌿 𐌲𐌰𐌲𐌲 𐌾𐌰𐌷 𐌲𐌰𐍃𐍀𐌹𐌻𐌻𐍉 𐌸𐌹𐌿𐌳𐌰𐌽𐌲𐌰𐍂𐌳𐌾𐌰 𐌲𐌿𐌳𐌹𐍃.
Luke,9,61,"𐌵𐌰𐌸 𐌸𐌰𐌽 𐌾𐌰𐌷 𐌰𐌽𐌸𐌰𐍂: 𐌻𐌰𐌹𐍃𐍄𐌾𐌰 𐌸𐌿𐌺, 𐍆𐍂𐌰𐌿𐌾𐌰; 𐌹𐌸 𐍆𐌰𐌿𐍂𐌸𐌹𐍃 𐌿𐍃𐌻𐌰𐌿𐌱𐌴𐌹 𐌼𐌹𐍃 𐌰𐌽𐌳𐌵𐌹𐌸𐌰𐌽 𐌸𐌰𐌹𐌼 𐌸𐌰𐌹𐌴𐌹 𐍃𐌹𐌽𐌳 𐌹𐌽 𐌲𐌰𐍂𐌳𐌰 𐌼𐌴𐌹𐌽𐌰𐌼𐌼𐌰."
Luke,9,62,"𐌵𐌰𐌸 𐌸𐌰𐌽 𐌳𐌿 𐌹𐌼𐌼𐌰 𐌹𐌴𐍃𐌿𐍃: 𐌽𐌹 𐌼𐌰𐌽𐌽𐌰 𐌿𐍃𐌻𐌰𐌲𐌾𐌰𐌽𐌳𐍃 𐌷𐌰𐌽𐌳𐌿 𐍃𐌴𐌹𐌽𐌰 𐌰𐌽𐌰 𐌷𐍉𐌷𐌰𐌽 𐌾𐌰𐌷 𐍃𐌰𐌹𐍈𐌰𐌽𐌳𐍃 𐌰𐍆𐍄𐍂𐌰, 𐌲𐌰𐍄𐌹𐌻𐍃 𐌹𐍃𐍄 𐌹𐌽 𐌸𐌹𐌿𐌳𐌰𐌽𐌲𐌰𐍂𐌳𐌾𐌰 𐌲𐌿𐌳𐌹𐍃."
Luke,10,1,"𐌰𐍆𐌰𐍂𐌿𐌸~𐌸𐌰𐌽 𐌸𐌰𐍄𐌰 𐌿𐍃𐍄𐌰𐌹𐌺𐌽𐌹𐌳𐌰 𐍆𐍂𐌰𐌿𐌾𐌰 𐌾𐌰𐌷 𐌰𐌽𐌸𐌰𐍂𐌰𐌽𐍃 𐍃𐌹𐌱𐌿𐌽𐍄𐌴𐌷𐌿𐌽𐌳 𐌾𐌰𐌷 𐌹𐌽𐍃𐌰𐌽𐌳𐌹𐌳𐌰 𐌹𐌽𐍃 𐍄𐍅𐌰𐌽𐍃 𐍈𐌰𐌽𐌶𐌿𐌷 𐍆𐌰𐌿𐍂𐌰 𐌰𐌽𐌳𐍅𐌰𐌹𐍂𐌸𐌾𐌰 𐍃𐌴𐌹𐌽𐌰𐌼𐌼𐌰 𐌹𐌽 𐌰𐌻𐌻 𐌱𐌰𐌿𐍂𐌲𐌴 𐌾𐌰𐌷 𐍃𐍄𐌰𐌳𐌴, 𐌸𐌰𐌳𐌴𐌹 𐌼𐌿𐌽𐌰𐌹𐌳𐌰 𐌹𐍃 𐌲𐌰𐌲𐌲𐌰𐌽."
Luke,10,2,"𐌵𐌰𐌸𐌿𐌷 𐌸𐌰𐌽 𐌳𐌿 𐌹𐌼: 𐌰𐍃𐌰𐌽𐍃 𐌼𐌰𐌽𐌰𐌲𐌰, 𐌹𐌸 𐍅𐌰𐌿𐍂𐍃𐍄𐍅𐌾𐌰𐌽𐍃 𐍆𐌰𐍅𐌰𐌹; 𐌱𐌹𐌳𐌾𐌹𐌸 𐌽𐌿 𐍆𐍂𐌰𐌿𐌾𐌰𐌽 𐌰𐍃𐌰𐌽𐌰𐌹𐍃 𐌴𐌹 𐌿𐍃𐍃𐌰𐍄𐌾𐌰𐌹 𐍅𐌰𐌿𐍂𐍃𐍄𐍅𐌾𐌰𐌽𐍃 𐌹𐌽 𐌸𐍉 𐌰𐍃𐌰𐌽 𐍃𐌴𐌹𐌽𐌰."
Luke,10,3,"𐌲𐌰𐌲𐌲𐌹𐌸, 𐍃𐌰𐌹 𐌹𐌺 𐌹𐌽𐍃𐌰𐌽𐌳𐌾𐌰 𐌹𐌶𐍅𐌹𐍃 𐍃𐍅𐌴 𐌻𐌰𐌼𐌱𐌰 𐌹𐌽 𐌼𐌹𐌳𐌿𐌼𐌰𐌹 𐍅𐌿𐌻𐍆𐌴."
Luke,10,4,𐌽𐌹 𐌱𐌰𐌹𐍂𐌰𐌹𐌸 𐍀𐌿𐌲𐌲 𐌽𐌹𐌷 𐌼𐌰𐍄𐌹𐌱𐌰𐌻𐌲 𐌽𐌹𐌷 𐌲𐌰𐍃𐌺𐍉𐌷𐌹; 𐌽𐌹 𐌼𐌰𐌽𐌽𐌰𐌽𐌷𐌿𐌽 𐌱𐌹 𐍅𐌹𐌲 𐌲𐍉𐌻𐌾𐌰𐌹𐌸.
Luke,10,5,"𐌹𐌽 𐌸𐌰𐌽𐌴 𐌲𐌰𐍂𐌳𐌴𐌹 𐌹𐌽𐌽𐌲𐌰𐌲𐌲𐌰𐌹𐌸, 𐍆𐍂𐌿𐌼𐌹𐍃𐍄 𐌵𐌹𐌸𐌰𐌹𐌸: 𐌲𐌰𐍅𐌰𐌹𐍂𐌸𐌹 𐌸𐌰𐌼𐌼𐌰 𐌲𐌰𐍂𐌳𐌰."
Luke,10,6,"𐌾𐌰𐌷 𐌾𐌰𐌱𐌰𐌹 𐍃𐌹𐌾𐌰𐌹 𐌾𐌰𐌹𐌽𐌰𐍂 𐍃𐌿𐌽𐌿𐍃 𐌲𐌰𐍅𐌰𐌹𐍂𐌸𐌾𐌹𐍃, 𐌲𐌰𐍈𐌴𐌹𐌻𐌰𐌹𐌸 𐍃𐌹𐌺 𐌰𐌽𐌰 𐌹𐌼𐌼𐌰 𐌲𐌰𐍅𐌰𐌹𐍂𐌸𐌹 𐌹𐌶𐍅𐌰𐍂; 𐌹𐌸 𐌾𐌰𐌱𐌰𐌹 𐌽𐌹, 𐌳𐌿 𐌹𐌶𐍅𐌹𐍃 𐌲𐌰𐍅𐌰𐌽𐌳𐌾𐌰𐌹."
Luke,10,7,𐌹𐌽𐌿𐌷 𐌸𐌰𐌽 𐌸𐌰𐌼𐌼𐌰 𐌲𐌰𐍂𐌳𐌰 𐍅𐌹𐍃𐌰𐌹𐌸 𐌼𐌰𐍄𐌾𐌰𐌽𐌳𐌰𐌽𐍃 𐌾𐌰𐌷 𐌳𐍂𐌹𐌲𐌲𐌺𐌰𐌽𐌳𐌰𐌽𐍃 𐌸𐍉 𐌰𐍄 𐌹𐌼; 𐍅𐌰𐌹𐍂𐌸𐍃 𐌰𐌿𐌺 𐌹𐍃𐍄 𐍅𐌰𐌿𐍂𐍃𐍄𐍅𐌾𐌰 𐌼𐌹𐌶𐌳𐍉𐌽𐍃 𐍃𐌴𐌹𐌽𐌰𐌹𐌶𐍉𐍃. 𐌽𐌹 𐍆𐌰𐍂𐌰𐌹𐌸 𐌿𐍃 𐌲𐌰𐍂𐌳𐌰 𐌹𐌽 𐌲𐌰𐍂𐌳.
Luke,10,8,"𐌾𐌰𐌷 𐌹𐌽 𐌸𐍉𐌴𐌹 𐌱𐌰𐌿𐍂𐌲𐌴 𐌲𐌰𐌲𐌲𐌰𐌹𐌸 𐌾𐌰𐌷 𐌰𐌽𐌳𐌽𐌹𐌼𐌰𐌹𐌽𐌰 𐌹𐌶𐍅𐌹𐍃, 𐌼𐌰𐍄𐌾𐌰𐌹𐌸 𐌸𐌰𐍄𐌰 𐍆𐌰𐌿𐍂𐌻𐌰𐌲𐌹𐌳𐍉 𐌹𐌶𐍅𐌹𐍃."
Luke,10,9,𐌾𐌰𐌷 𐌻𐌴𐌺𐌹𐌽𐍉𐌸 𐌸𐌰𐌽𐍃 𐌹𐌽 𐌹𐌶𐌰𐌹 𐍃𐌹𐌿𐌺𐌰𐌽𐍃 𐌾𐌰𐌷 𐌵𐌹𐌸𐌹𐌸 𐌳𐌿 𐌹𐌼: 𐌰𐍄𐌽𐌴𐍈𐌹𐌳𐌰 𐌰𐌽𐌰 𐌹𐌶𐍅𐌹𐍃 𐌸𐌹𐌿𐌳𐌰𐌽𐌲𐌰𐍂𐌳𐌹 𐌲𐌿𐌳𐌹𐍃.
Luke,10,10,"𐌹𐌸 𐌹𐌽 𐌸𐍉𐌴𐌹 𐌱𐌰𐌿𐍂𐌲𐌴 𐌹𐌽𐌽𐌲𐌰𐌲𐌲𐌰𐌹𐌸 𐌾𐌰𐌷 𐌽𐌹 𐌰𐌽𐌳𐌽𐌹𐌼𐌰𐌹𐌽𐌰 𐌹𐌶𐍅𐌹𐍃, 𐌿𐍃𐌲𐌰𐌲𐌲𐌰𐌽𐌳𐌰𐌽𐍃 𐌰𐌽𐌰 𐍆𐌰𐌿𐍂𐌰𐌳𐌰𐌿𐍂𐌾𐌰 𐌹𐌶𐍉𐍃 𐌵𐌹𐌸𐌰𐌹𐌸:"
Luke,10,11,𐌾𐌰𐌷 𐍃𐍄𐌿𐌱𐌾𐌿 𐌸𐌰𐌽𐌰 𐌲𐌰𐌷𐌰𐍆𐍄𐌽𐌰𐌽𐌳𐌰𐌽 𐌿𐌽𐍃𐌹𐍃 𐌿𐍃 𐌸𐌹𐌶𐌰𐌹 𐌱𐌰𐌿𐍂𐌲 𐌹𐌶𐍅𐌰𐍂𐌰𐌹 𐌰𐌽𐌰 𐍆𐍉𐍄𐌿𐌽𐍃 𐌿𐌽𐍃𐌰𐍂𐌰𐌽𐍃 𐌰𐍆𐌷𐍂𐌹𐍃𐌾𐌰𐌼 𐌹𐌶𐍅𐌹𐍃; 𐍃𐍅𐌴𐌸𐌰𐌿𐌷 𐌸𐌰𐍄𐌰 𐍅𐌹𐍄𐌴𐌹𐌸 𐌸𐌰𐍄𐌴𐌹 𐌰𐍄𐌽𐌴𐍈𐌹𐌳𐌰 𐍃𐌹𐌺 𐌰𐌽𐌰 𐌹𐌶𐍅𐌹𐍃 𐌸𐌹𐌿𐌳𐌰𐌽𐌲𐌰𐍂𐌳𐌹 𐌲𐌿𐌳𐌹𐍃.
Luke,10,12,𐌵𐌹𐌸𐌰 𐌹𐌶𐍅𐌹𐍃 𐌸𐌰𐍄𐌴𐌹 𐍃𐌰𐌿𐌳𐌰𐌿𐌼𐌾𐌰𐌼 𐌹𐌽 𐌾𐌰𐌹𐌽𐌰𐌼𐌼𐌰 𐌳𐌰𐌲𐌰 𐍃𐌿𐍄𐌹𐌶𐍉 𐍅𐌰𐌹𐍂𐌸𐌹𐌸 𐌸𐌰𐌿 𐌸𐌹𐌶𐌰𐌹 𐌱𐌰𐌿𐍂𐌲 𐌾𐌰𐌹𐌽𐌰𐌹.
Luke,10,13,"𐍅𐌰𐌹 𐌸𐌿𐍃 𐌺𐌰𐌿𐍂𐌰𐌶𐌴𐌹𐌽, 𐍅𐌰𐌹 𐌸𐌿𐍃 𐌱𐌰𐌹𐌸𐍃𐌰ï𐌳𐌰𐌽! 𐌿𐌽𐍄𐌴 𐌹𐌸 𐌹𐌽 𐍄𐍅𐍂𐌰𐌹 𐌾𐌰𐌷 𐍃𐌴𐌹𐌳𐍉𐌽𐌰𐌹 𐍅𐌰𐌿𐍂𐌸𐌴𐌹𐌽𐌰 𐌼𐌰𐌷𐍄𐌴𐌹𐍃 𐌸𐍉𐌶𐌴𐌹 𐍅𐌰𐌿𐍂𐌸𐌿𐌽 𐌹𐌽 𐌹𐌶𐍅𐌹𐍃, 𐌰𐌹𐍂𐌹𐍃 𐌸𐌰𐌿 𐌹𐌽 𐍃𐌰𐌺𐌺𐌿𐌼 𐌾𐌰𐌷 𐌰𐌶𐌲𐍉𐌽 𐍃𐌹𐍄𐌰𐌽𐌳𐌴𐌹𐌽𐍃 𐌲𐌰ï𐌳𐍂𐌴𐌹𐌲𐍉𐌳𐌴𐌳𐌴𐌹𐌽𐌰."
Luke,10,14,𐍃𐍅𐌴𐌸𐌰𐌿𐌷 𐍄𐍅𐍂𐌰𐌹 𐌾𐌰𐌷 𐍃𐌴𐌹𐌳𐍉𐌽𐌰𐌹 𐍃𐌿𐍄𐌹𐌶𐍉 𐍅𐌰𐌹𐍂𐌸𐌹𐌸 𐌹𐌽 𐌳𐌰𐌲𐌰 𐍃𐍄𐌰𐌿𐍉𐍃 𐌸𐌰𐌿 𐌹𐌶𐍅𐌹𐍃.
Luke,10,15,"𐌾𐌰𐌷 𐌸𐌿 𐌺𐌰𐍆𐌰𐍂𐌽𐌰𐌿𐌼, 𐌸𐌿 𐌿𐌽𐌳 𐌷𐌹𐌼𐌹𐌽 𐌿𐍃𐌷𐌰𐌿𐌷𐌹𐌳𐍉, 𐌿𐌽𐌳 𐌷𐌰𐌻𐌾𐌰 𐌲𐌰𐌳𐍂𐌰𐌿𐍃𐌾𐌰𐌶𐌰."
Luke,10,16,"𐍃𐌰𐌴𐌹 𐌷𐌰𐌿𐍃𐌴𐌹𐌸 𐌹𐌶𐍅𐌹𐍃, 𐌼𐌹𐍃 𐌷𐌰𐌿𐍃𐌴𐌹𐌸, 𐌾𐌰𐌷 𐍃𐌰𐌴𐌹 𐌿𐍆𐌱𐍂𐌹𐌺𐌹𐌸 𐌹𐌶𐍅𐌹𐍃, 𐌼𐌹𐍃 𐌿𐍆𐌱𐍂𐌹𐌺𐌹𐌸; 𐌹𐌸 𐍃𐌰𐌴𐌹 𐌿𐍆𐌱𐍂𐌹𐌺𐌹𐌸 𐌼𐌹𐍃, 𐌿𐍆𐌱𐍂𐌹𐌺𐌹𐌸 𐌸𐌰𐌼𐌼𐌰 𐍃𐌰𐌽𐌳𐌾𐌰𐌽𐌳𐌹𐌽 𐌼𐌹𐌺."
Luke,10,17,"𐌲𐌰𐍅𐌰𐌽𐌳𐌹𐌳𐌴𐌳𐌿𐌽 𐌸𐌰𐌽 𐍃𐌹𐌺 𐌸𐌰𐌹 𐍃𐌹𐌱𐌿𐌽𐍄𐌴𐌷𐌿𐌽𐌳 𐌼𐌹𐌸 𐍆𐌰𐌷𐌴𐌳𐌰𐌹 𐌵𐌹𐌸𐌰𐌽𐌳𐌰𐌽𐍃: 𐍆𐍂𐌰𐌿𐌾𐌰, 𐌾𐌰𐌷 𐌿𐌽𐌷𐌿𐌻𐌸𐍉𐌽𐍃 𐌿𐍆𐌷𐌰𐌿𐍃𐌾𐌰𐌽𐌳 𐌿𐌽𐍃𐌹𐍃 𐌹𐌽 𐌽𐌰𐌼𐌹𐌽 𐌸𐌴𐌹𐌽𐌰𐌼𐌼𐌰."
Luke,10,18,𐌵𐌰𐌸 𐌸𐌰𐌽 𐌳𐌿 𐌹𐌼: 𐌲𐌰𐍃𐌰𐍈 𐍃𐌰𐍄𐌰𐌽𐌰𐌽 𐍃𐍅𐌴 𐌻𐌰𐌿𐌷𐌼𐌿𐌽𐌾𐌰 𐌳𐍂𐌹𐌿𐍃𐌰𐌽𐌳𐌰𐌽 𐌿𐍃 𐌷𐌹𐌼𐌹𐌽𐌰.
Luke,10,19,"𐍃𐌰𐌹, 𐌰𐍄𐌲𐌰𐍆 𐌹𐌶𐍅𐌹𐍃 𐍅𐌰𐌻𐌳𐌿𐍆𐌽𐌹 𐍄𐍂𐌿𐌳𐌰𐌽 𐌿𐍆𐌰𐍂𐍉 𐍅𐌰𐌿𐍂𐌼𐌴 𐌾𐌰𐌷 𐍃𐌺𐌰𐌿𐍂𐍀𐌾𐍉𐌽𐍉 𐌾𐌰𐌷 𐌰𐌽𐌰 𐌰𐌻𐌻𐌰𐌹 𐌼𐌰𐌷𐍄𐌰𐌹 𐍆𐌹𐌾𐌰𐌽𐌳𐌹𐍃, 𐌾𐌰𐌷 𐍅𐌰𐌹𐌷𐍄𐌴 𐌰𐌹𐌽𐍉𐌷𐌿𐌽 𐌹𐌶𐍅𐌹𐍃 𐌽𐌹 𐌲𐌰𐍃𐌺𐌰𐌸𐌾𐌹𐌸."
Luke,10,20,"𐍃𐍅𐌴𐌸𐌰𐌿𐌷 𐌸𐌰𐌼𐌼𐌰 𐌽𐌹 𐍆𐌰𐌲𐌹𐌽𐍉𐌸, 𐌴𐌹 𐌸𐌰𐌹 𐌰𐌷𐌼𐌰𐌽𐍃 𐌹𐌶𐍅𐌹𐍃 𐌿𐍆𐌷𐌰𐌿𐍃𐌾𐌰𐌽𐌳: 𐌹𐌸 𐍆𐌰𐌲𐌹𐌽𐍉𐌳 𐌹𐌽 𐌸𐌰𐌼𐌼𐌴𐌹 𐌽𐌰𐌼𐌽𐌰 𐌹𐌶𐍅𐌰𐍂𐌰 𐌲𐌰𐌼𐌴𐌻𐌹𐌳𐌰 𐍃𐌹𐌽𐌳 𐌹𐌽 𐌷𐌹𐌼𐌹𐌽𐌰𐌼."
Luke,10,21,"𐌹𐌽𐌿𐌷 𐌸𐌹𐌶𐌰𐌹 𐍈𐌴𐌹𐌻𐌰𐌹 𐍃𐍅𐌴𐌲𐌽𐌹𐌳𐌰 𐌰𐌷𐌼𐌹𐌽 𐌹𐌴𐍃𐌿𐍃 𐌾𐌰𐌷 𐌵𐌰𐌸: 𐌰𐌽𐌳𐌷𐌰𐌹𐍄𐌰 𐌸𐌿𐍃, 𐌰𐍄𐍄𐌰, 𐍆𐍂𐌰𐌿𐌾𐌰 𐌷𐌹𐌼𐌹𐌽𐌹𐍃 𐌾𐌰𐌷 𐌰𐌹𐍂𐌸𐍉𐍃, 𐌿𐌽𐍄𐌴 𐌰𐍆𐍆𐌰𐌻𐌷𐍄 𐌸𐍉 𐍆𐌰𐌿𐍂𐌰 𐍃𐌽𐌿𐍄𐍂𐌰𐌹𐌼 𐌾𐌰𐌷 𐍆𐍂𐍉𐌳𐌰𐌹𐌼 𐌾𐌰𐌷 𐌰𐌽𐌳𐌷𐌿𐌻𐌹𐌳𐌴𐍃 𐌸𐍉 𐌽𐌹𐌿𐌺𐌻𐌰𐌷𐌰𐌹𐌼. 𐌾𐌰𐌹, 𐌰𐍄𐍄𐌰, 𐌿𐌽𐍄𐌴 𐍃𐍅𐌰 𐍅𐌰𐍂𐌸 𐌲𐌰𐌻𐌴𐌹𐌺𐌰𐌹𐌸 𐌹𐌽 𐌰𐌽𐌳𐍅𐌰𐌹𐍂𐌸𐌾𐌰 𐌸𐌴𐌹𐌽𐌰𐌼𐌼𐌰. 𐌾𐌰𐌷 𐌲𐌰𐍅𐌰𐌽𐌳𐌹𐌸𐍃 𐌳𐌿 𐍃𐌹𐍀𐍉𐌽𐌾𐌰𐌼 𐍃𐌴𐌹𐌽𐌰𐌹𐌼 𐌵𐌰𐌸:"
Luke,10,22,"𐌰𐌻𐌻 𐌼𐌹𐍃 𐌰𐍄𐌲𐌹𐌱𐌰𐌽 𐌹𐍃𐍄 𐍆𐍂𐌰𐌼 𐌰𐍄𐍄𐌹𐌽 𐌼𐌴𐌹𐌽𐌰𐌼𐌼𐌰, 𐌾𐌰𐌷 𐌽𐌹 𐍈𐌰𐍃𐌷𐌿𐌽 𐌺𐌰𐌽𐌽 𐍈𐌰𐍃 𐌹𐍃𐍄 𐍃𐌿𐌽𐌿𐍃, 𐌰𐌻𐌾𐌰 𐌰𐍄𐍄𐌰, 𐌾𐌰𐌷 𐍈𐌰𐍃 𐌹𐍃𐍄 𐌰𐍄𐍄𐌰, 𐌰𐌻𐌾𐌰 𐍃𐌿𐌽𐌿𐍃, 𐌾𐌰𐌷 𐌸𐌰𐌼𐌼𐌴𐌹 𐍅𐌹𐌻𐌹 𐍃𐌿𐌽𐌿𐍃 𐌰𐌽𐌳𐌷𐌿𐌻𐌾𐌰𐌽."
Luke,10,23,"𐌾𐌰𐌷 𐌲𐌰𐍅𐌰𐌽𐌳𐌹𐌸𐍃 𐌳𐌿 𐍃𐌹𐍀𐍉𐌽𐌾𐌰𐌼 𐍃𐌴𐌹𐌽𐌰𐌹𐌼 𐍃𐌿𐌽𐌳𐍂𐍉 𐌵𐌰𐌸: 𐌰𐌿𐌳𐌰𐌲𐌰 𐌰𐌿𐌲𐍉𐌽𐌰, 𐌸𐍉𐌴𐌹 𐍃𐌰𐌹𐍈𐌰𐌽𐌳 𐌸𐍉𐌴𐌹 𐌾𐌿𐍃 𐍃𐌰𐌹𐍈𐌹𐌸."
Luke,10,24,"𐌵𐌹𐌸𐌰 𐌰𐌿𐌺 𐌹𐌶𐍅𐌹𐍃 𐌸𐌰𐍄𐌴𐌹 𐌼𐌰𐌽𐌰𐌲𐌰𐌹 𐍀𐍂𐌰𐌿𐍆𐌴𐍄𐌴𐌹𐍃 𐌾𐌰𐌷 𐌸𐌹𐌿𐌳𐌰𐌽𐍉𐍃 𐍅𐌹𐌻𐌳𐌴𐌳𐌿𐌽 𐍃𐌰𐌹𐍈𐌰𐌽 𐌸𐌰𐍄𐌴𐌹 𐌾𐌿𐍃 𐍃𐌰𐌹𐍈𐌹𐌸 𐌾𐌰𐌷 𐌽𐌹 𐌲𐌰𐍃𐌴𐍈𐌿𐌽, 𐌾𐌰𐌷 𐌷𐌰𐌿𐍃𐌾𐌰𐌽 𐌸𐌰𐍄𐌴𐌹 𐌾𐌿𐍃 [𐌲𐌰]𐌷𐌰𐌿𐍃𐌴𐌹𐌸 𐌾𐌰𐌷 𐌽𐌹 𐌷𐌰𐌿𐍃𐌹𐌳𐌴𐌳𐌿𐌽."
Luke,10,25,"𐌾𐌰𐌷 𐍃𐌰𐌹, 𐍅𐌹𐍄𐍉𐌳𐌰𐍆𐌰𐍃𐍄𐌴𐌹𐍃 𐍃𐌿𐌼𐍃 𐌿𐍃𐍄𐍉𐌸 𐍆𐍂𐌰𐌹𐍃𐌰𐌽𐌳𐍃 𐌹𐌽𐌰 𐌾𐌰𐌷 𐌵𐌹𐌸𐌰𐌽𐌳𐍃: 𐌻𐌰𐌹𐍃𐌰𐍂𐌹, 𐍈𐌰 𐍄𐌰𐌿𐌾𐌰𐌽𐌳𐍃 𐌻𐌹𐌱𐌰𐌹𐌽𐌰𐌹𐍃 𐌰𐌹𐍅𐌴𐌹𐌽𐍉𐌽𐍃 𐌰𐍂𐌱𐌾𐌰 𐍅𐌰𐌹𐍂𐌸𐌰?"
Luke,10,26,𐌸𐌰𐍂𐌿𐌷 𐌵𐌰𐌸 𐌳𐌿 𐌹𐌼𐌼𐌰: 𐌹𐌽 𐍅𐌹𐍄𐍉𐌳𐌰 𐍈𐌰 𐌲𐌰𐌼𐌴𐌻𐌹𐌸 𐌹𐍃𐍄? 𐍈𐌰𐌹𐍅𐌰 𐌿𐍃𐍃𐌹𐌲𐌲𐍅𐌹𐍃?
Luke,10,27,"𐌹𐌸 𐌹𐍃 𐌰𐌽𐌳𐌷𐌰𐍆𐌾𐌰𐌽𐌳𐍃 𐌵𐌰𐌸: 𐍆𐍂𐌹𐌾𐍉𐍃 𐍆𐍂𐌰𐌿𐌾𐌰𐌽 𐌲𐌿𐌸 𐌸𐌴𐌹𐌽𐌰𐌽𐌰 𐌿𐍃 𐌰𐌻𐌻𐌰𐌼𐌼𐌰 𐌷𐌰𐌹𐍂𐍄𐌹𐌽 𐌸𐌴𐌹𐌽𐌰𐌼𐌼𐌰 𐌾𐌰𐌷 𐌿𐍃 𐌰𐌻𐌻𐌰𐌹 𐍃𐌰𐌹𐍅𐌰𐌻𐌰𐌹 𐌸𐌴𐌹𐌽𐌰𐌹 𐌾𐌰𐌷 𐌿𐍃 𐌰𐌻𐌻𐌰𐌹 𐌼𐌰𐌷𐍄𐌰𐌹 𐌸𐌴𐌹𐌽𐌰𐌹 𐌾𐌰𐌷 𐌿𐍃 𐌰𐌻𐌻𐌰𐌹 𐌲𐌰𐌷𐌿𐌲𐌳𐌰𐌹 𐌸𐌴𐌹𐌽𐌰𐌹, 𐌾𐌰𐌷 𐌽𐌴𐍈𐌿𐌽𐌳𐌾𐌰𐌽 𐌸𐌴𐌹𐌽𐌰𐌽𐌰 𐍃𐍅𐌴 𐌸𐌿𐌺 𐍃𐌹𐌻𐌱𐌰𐌽."
Luke,10,28,𐌸𐌰𐌽𐌿𐌷 𐌵𐌰𐌸 𐌳𐌿 𐌹𐌼𐌼𐌰: 𐍂𐌰𐌹𐌷𐍄𐌰𐌱𐌰 𐌰𐌽𐌳𐌷𐍉𐍆𐍄; 𐌸𐌰𐍄𐌰 𐍄𐌰𐍅𐌴𐌹 𐌾𐌰𐌷 𐌻𐌹𐌱𐌰𐌹𐍃.
Luke,10,29,𐌹𐌸 𐌹𐍃 𐍅𐌹𐌻𐌾𐌰𐌽𐌳𐍃 𐌿𐍃𐍅𐌰𐌿𐍂𐌷𐍄𐌰𐌽𐌰 𐍃𐌹𐌺 𐌳𐍉𐌼𐌾𐌰𐌽 𐌵𐌰𐌸 𐌳𐌿 𐌹𐌴𐍃𐌿𐌰: 𐌰𐌽 𐍈𐌰𐍃 𐌹𐍃𐍄 𐌼𐌹𐍃 𐌽𐌴𐍈𐌿𐌽𐌳𐌾𐌰?
Luke,10,30,"𐌰𐌽𐌳𐌷𐌰𐍆𐌾𐌰𐌽𐌳𐍃 𐌸𐌰𐌽 𐌹𐌴𐍃𐌿𐍃 𐌵𐌰𐌸: 𐌼𐌰𐌽𐌽𐌰 𐌲𐌰𐌻𐌰𐌹𐌸 𐌰𐍆 𐌹𐌰𐌹𐍂𐌿𐍃𐌰𐌻𐌴𐌼 𐌹𐌽 𐌹𐌰𐌹𐍂𐌴𐌹𐌺𐍉𐌽 𐌾𐌰𐌷 𐌹𐌽 𐍅𐌰𐌹𐌳𐌴𐌳𐌾𐌰𐌽𐍃 𐍆𐍂𐌰𐍂𐌰𐌽𐌽, 𐌸𐌰𐌹𐌴𐌹 𐌾𐌰𐌷 𐌱𐌹𐍂𐌰𐌿𐌱𐍉𐌳𐌴𐌳𐌿𐌽 𐌹𐌽𐌰 𐌾𐌰𐌷 𐌱𐌰𐌽𐌾𐍉𐍃 𐌰𐌽𐌰𐌻𐌰𐌲(𐌾𐌰𐌽𐌳𐌰𐌽𐍃)...."
Luke,10,31,
Luke,10,32,
Luke,10,33,
Luke,10,34,
Luke,10,35,
Luke,10,36,
Luke,10,37,
Luke,10,38,
Luke,10,39,
Luke,10,40,
Luke,10,41,
Luke,10,42,
Luke,11,1,
Luke,11,2,
Luke,11,3,
Luke,11,4,
Luke,11,5,
Luke,11,6,
Luke,11,7,
Luke,11,8,
Luke,11,9,
Luke,11,10,
Luke,11,11,
Luke,11,12,
Luke,11,13,
Luke,11,14,
Luke,11,15,
Luke,11,16,
Luke,11,17,
Luke,11,18,
Luke,11,19,
Luke,11,20,
Luke,11,21,
Luke,11,22,
Luke,11,23,
Luke,11,24,
Luke,11,25,
Luke,11,26,
Luke,11,27,
Luke,11,28,
Luke,11,29,
Luke,11,30,
Luke,11,31,
Luke,11,32,
Luke,11,33,
Luke,11,34,
Luke,11,35,
Luke,11,36,
Luke,11,37,
Luke,11,38,
Luke,11,39,
Luke,11,40,
Luke,11,41,
Luke,11,42,
Luke,11,43,
Luke,11,44,
Luke,11,45,
Luke,11,46,
Luke,11,47,
Luke,11,48,
Luke,11,49,
Luke,11,50,
Luke,11,51,
Luke,11,52,
Luke,11,53,
Luke,11,54,
Luke,12,1,
Luke,12,2,
Luke,12,3,
Luke,12,4,
Luke,12,5,
Luke,12,6,
Luke,12,7,
Luke,12,8,
Luke,12,9,
Luke,12,10,
Luke,12,11,
Luke,12,12,
Luke,12,13,
Luke,12,14,
Luke,12,15,
Luke,12,16,
Luke,12,17,
Luke,12,18,
Luke,12,19,
Luke,12,20,
Luke,12,21,
Luke,12,22,
Luke,12,23,
Luke,12,24,
Luke,12,25,
Luke,12,26,
Luke,12,27,
Luke,12,28,
Luke,12,29,
Luke,12,30,
Luke,12,31,
Luke,12,32,
Luke,12,33,
Luke,12,34,
Luke,12,35,
Luke,12,36,
Luke,12,37,
Luke,12,38,
Luke,12,39,
Luke,12,40,
Luke,12,41,
Luke,12,42,
Luke,12,43,
Luke,12,44,
Luke,12,45,
Luke,12,46,
Luke,12,47,
Luke,12,48,
Luke,12,49,
Luke,12,50,
Luke,12,51,
Luke,12,52,
Luke,12,53,
Luke,12,54,
Luke,12,55,
Luke,12,56,
Luke,12,57,
Luke,12,58,
Luke,12,59,
Luke,13,1,
Luke,13,2,
Luke,13,3,
Luke,13,4,
Luke,13,5,
Luke,13,6,
Luke,13,7,
Luke,13,8,
Luke,13,9,
Luke,13,10,
Luke,13,11,
Luke,13,12,
Luke,13,13,
Luke,13,14,
Luke,13,15,
Luke,13,16,
Luke,13,17,
Luke,13,18,
Luke,13,19,
Luke,13,20,
Luke,13,21,
Luke,13,22,
Luke,13,23,
Luke,13,24,
Luke,13,25,
Luke,13,26,
Luke,13,27,
Luke,13,28,
Luke,13,29,
Luke,13,30,
Luke,13,31,
Luke,13,32,
Luke,13,33,
Luke,13,34,
Luke,13,35,
Luke,14,1,
Luke,14,2,
Luke,14,3,
Luke,14,4,
Luke,14,5,
Luke,14,6,
Luke,14,7,
Luke,14,8,
Luke,14,9,.... (𐌸𐌰)𐌽𐌰 𐌰𐍆𐍄𐌿𐌼𐌹𐍃𐍄𐌰𐌽 𐌷𐌰𐌱𐌰𐌽 𐍃𐍄𐌰𐌸.
Luke,14,10,"𐌰𐌺 𐌸𐌰𐌽 𐌷𐌰𐌹𐍄𐌰𐌹𐌶𐌰𐌿, 𐌰𐍄𐌲𐌰𐌲𐌲𐌰𐌽𐌳𐍃 𐌰𐌽𐌰𐌺𐌿𐌼𐌱𐌴𐌹 𐌰𐌽𐌰 𐌸𐌰𐌼𐌼𐌰 𐌰𐍆𐍄𐌿𐌼𐌹𐍃𐍄𐌹𐌽 𐍃𐍄𐌰𐌳𐌰, 𐌴𐌹 𐌱𐌹𐌸𐌴 𐌵𐌹𐌼𐌰𐌹 𐍃𐌰𐌴𐌹 𐌷𐌰𐌹𐌷𐌰𐌹𐍄 𐌸𐌿𐌺, 𐌵𐌹𐌸𐌰𐌹 𐌳𐌿 𐌸𐌿𐍃: 𐍆𐍂𐌹𐌾𐍉𐌽𐌳, 𐌿𐍃𐌲𐌰𐌲𐌲 𐌷𐌰𐌿𐌷𐌹𐍃. 𐌸𐌰𐌽𐌿𐌷 𐌹𐍃𐍄 𐌸𐌿𐍃 𐌷𐌰𐌿𐌷𐌹𐌸𐌰 𐍆𐌰𐌿𐍂𐌰 𐌸𐌰𐌹𐌼 𐌼𐌹𐌸𐌰𐌽𐌰𐌺𐌿𐌼𐌱𐌾𐌰𐌽𐌳𐌰𐌼 𐌸𐌿𐍃."
Luke,14,11,"𐌿𐌽𐍄𐌴 𐍈𐌰𐌶𐌿𐌷 𐍃𐌰𐌴𐌹 𐌷𐌰𐌿𐌷𐌴𐌹𐌸 𐍃𐌹𐌺 𐍃𐌹𐌻𐌱𐌰, 𐌲𐌰𐌷𐌽𐌰𐌹𐍅𐌾𐌰𐌳𐌰, 𐌾𐌰𐌷 𐍃𐌰𐌴𐌹 𐌷𐌽𐌰𐌹𐍅𐌴𐌹𐌸 𐍃𐌹𐌺 𐍃𐌹𐌻𐌱𐌰𐌽, 𐌿𐍃𐌷𐌰𐌿𐌷𐌾𐌰𐌳𐌰."
Luke,14,12,"𐌵𐌰𐌸𐌿𐌸~𐌸𐌰𐌽 𐌾𐌰𐌷 𐌸𐌰𐌼𐌼𐌰 𐌷𐌰𐌹𐍄𐌰𐌽𐌳𐌹𐌽 𐍃𐌹𐌺: 𐌸𐌰𐌽 𐍅𐌰𐌿𐍂𐌺𐌾𐌰𐌹𐍃 𐌿𐌽𐌳𐌰𐌿𐍂𐌽𐌹𐌼𐌰𐍄 𐌰𐌹𐌸𐌸𐌰𐌿 𐌽𐌰𐌷𐍄𐌰𐌼𐌰𐍄, 𐌽𐌹 𐌷𐌰𐌹𐍄𐌰𐌹𐍃 𐍆𐍂𐌹𐌾𐍉𐌽𐌳𐍃 𐌸𐌴𐌹𐌽𐌰𐌽𐍃 𐌽𐌹𐌷 𐌱𐍂𐍉𐌸𐍂𐌿𐌽𐍃 𐌸𐌴𐌹𐌽𐌰𐌽𐍃 𐌽𐌹𐌷 𐌽𐌹𐌸𐌾𐌰𐌽𐍃 𐌸𐌴𐌹𐌽𐌰𐌽𐍃 𐌽𐌹𐌷 𐌲𐌰𐍂𐌰𐌶𐌽𐌰𐌽𐍃 𐌲𐌰𐌱𐌴𐌹𐌲𐌰𐌽𐍃, 𐌹𐌱𐌰𐌹 𐌰𐌿𐍆𐍄𐍉 𐌾𐌰𐌷 𐌴𐌹𐍃 𐌰𐍆𐍄𐍂𐌰 𐌷𐌰𐌹𐍄𐌰𐌹𐌽𐌰 𐌸𐌿𐌺 𐌾𐌰𐌷 𐍅𐌰𐌹𐍂𐌸𐌹𐌸 𐌸𐌿𐍃 𐌿𐍃𐌲𐌿𐌻𐌳𐌰𐌽;"
Luke,14,13,"𐌰𐌺 𐌸𐌰𐌽 𐍅𐌰𐌿𐍂𐌺𐌾𐌰𐌹𐍃 𐌳𐌰𐌿𐌷𐍄, 𐌷𐌰𐌹𐍄 𐌿𐌽𐌻𐌴𐌳𐌰𐌽𐍃, 𐌲𐌰𐌼𐌰𐌹𐌳𐌰𐌽𐍃, 𐌷𐌰𐌻𐍄𐌰𐌽𐍃, 𐌱𐌻𐌹𐌽𐌳𐌰𐌽𐍃."
Luke,14,14,"𐌾𐌰𐌷 𐌰𐌿𐌳𐌰𐌲𐍃 𐍅𐌰𐌹𐍂𐌸𐌹𐍃, 𐌿𐌽𐍄𐌴 𐌴𐌹𐍃 𐌽𐌹 𐌷𐌰𐌱𐌰𐌽𐌳 𐌿𐍃𐌲𐌹𐌻𐌳𐌰𐌽 𐌸𐌿𐍃; 𐌿𐍃𐌲𐌹𐌻𐌳𐌰𐌳𐌰 𐌰𐌿𐌺 𐌸𐌿𐍃 𐌹𐌽 𐌿𐍃𐍄𐌰𐍃𐍃𐌰𐌹 𐌸𐌹𐌶𐌴 𐌿𐍃𐍅𐌰𐌿𐍂𐌷𐍄𐌰𐌽𐌴."
Luke,14,15,𐌲𐌰𐌷𐌰𐌿𐍃𐌾𐌰𐌽𐌳𐍃 𐌸𐌰𐌽 𐍃𐌿𐌼𐍃 𐌸𐌹𐌶𐌴𐌹 𐌰𐌽𐌰𐌺𐌿𐌼𐌱𐌾𐌰𐌽𐌳𐌰𐌽𐌴 𐌸𐌰𐍄𐌰 𐌵𐌰𐌸 𐌳𐌿 𐌹𐌼𐌼𐌰: 𐌰𐌿𐌳𐌰𐌲𐍃 𐍃𐌰𐌴𐌹 𐌼𐌰𐍄𐌾𐌹𐌸 𐌷𐌻𐌰𐌹𐍆 𐌹𐌽 𐌸𐌹𐌿𐌳𐌰𐌽𐌲𐌰𐍂𐌳𐌾𐌰𐌹 𐌲𐌿𐌳𐌹𐍃.
Luke,14,16,𐌸𐌰𐍂𐌿𐌷 𐌵𐌰𐌸 𐌹𐌼𐌼𐌰 𐍆𐍂𐌰𐌿𐌾𐌰: 𐌼𐌰𐌽𐌽𐌰 𐍃𐌿𐌼𐍃 𐌲𐌰𐍅𐌰𐌿𐍂𐌷𐍄𐌰 𐌽𐌰𐌷𐍄𐌰𐌼𐌰𐍄 𐌼𐌹𐌺𐌹𐌻𐌰𐌽𐌰 𐌾𐌰𐌷 𐌷𐌰𐌹𐌷𐌰𐌹𐍄 𐌼𐌰𐌽𐌰𐌲𐌰𐌽𐍃.
Luke,14,17,"𐌾𐌰𐌷 𐌹𐌽𐍃𐌰𐌽𐌳𐌹𐌳𐌰 𐍃𐌺𐌰𐌻𐌺 𐍃𐌴𐌹𐌽𐌰𐌽𐌰 𐍈𐌴𐌹𐌻𐌰𐌹 𐌽𐌰𐌷𐍄𐌰𐌼𐌰𐍄𐌹𐍃 𐌵𐌹𐌸𐌰𐌽 𐌸𐌰𐌹𐌼 𐌷𐌰𐌹𐍄𐌰𐌽𐌰𐌼: 𐌲𐌰𐌲𐌲𐌹𐌸, 𐌿𐌽𐍄𐌴 𐌾𐌿 𐌼𐌰𐌽𐍅𐌿 𐌹𐍃𐍄 𐌰𐌻𐌻𐌰𐍄𐌰."
Luke,14,18,"𐌾𐌰𐌷 𐌳𐌿𐌲𐌿𐌽𐌽𐌿𐌽 𐍃𐌿𐌽𐍃 𐍆𐌰𐌿𐍂𐌵𐌹𐌸𐌰𐌽 𐌰𐌻𐌻𐌰𐌹. 𐍃𐌰 𐍆𐍂𐌿𐌼𐌹𐍃𐍄𐌰 𐌵𐌰𐌸: 𐌻𐌰𐌽𐌳 𐌱𐌰𐌿𐌷𐍄𐌰 𐌾𐌰𐌷 𐌸𐌰𐍂𐍆 𐌲𐌰𐌻𐌴𐌹𐌸𐌰𐌽 𐌾𐌰𐌷 𐍃𐌰𐌹𐍈𐌰𐌽 𐌸𐌰𐍄𐌰; 𐌱𐌹𐌳𐌾𐌰 𐌸𐌿𐌺, 𐌷𐌰𐌱𐌰𐌹 𐌼𐌹𐌺 𐍆𐌰𐌿𐍂𐌵𐌹𐌸𐌰𐌽𐌰𐌽𐌰."
Luke,14,19,"𐌾𐌰𐌷 𐌰𐌽𐌸𐌰𐍂 𐌵𐌰𐌸: 𐌾𐌿𐌺𐌰 𐌰𐌿𐌷𐍃𐌽𐌴 𐌿𐍃𐌱𐌰𐌿𐌷𐍄𐌰 𐍆𐌹𐌼𐍆 𐌾𐌰𐌷 𐌲𐌰𐌲𐌲𐌰 𐌺𐌰𐌿𐍃𐌾𐌰𐌽 𐌸𐌰𐌽𐍃; 𐌱𐌹𐌳𐌾𐌰 𐌸𐌿𐌺, 𐌷𐌰𐌱𐌰𐌹 𐌼𐌹𐌺 𐍆𐌰𐌿𐍂𐌵𐌹𐌸𐌰𐌽𐌰𐌽𐌰."
Luke,14,20,𐌾𐌰𐌷 𐍃𐌿𐌼𐍃 𐌵𐌰𐌸: 𐌵𐌴𐌽 𐌻𐌹𐌿𐌲𐌰𐌹𐌳𐌰 𐌾𐌰𐌷 𐌳𐌿𐌸𐌴 𐌽𐌹 𐌼𐌰𐌲 𐌵𐌹𐌼𐌰𐌽.
Luke,14,21,𐌾𐌰𐌷 𐌵𐌹𐌼𐌰𐌽𐌳𐍃 𐍃𐌰 𐍃𐌺𐌰𐌻𐌺𐍃 𐌲𐌰𐍄𐌰𐌹𐌷 𐍆𐍂𐌰𐌿𐌾𐌹𐌽 𐍃𐌴𐌹𐌽𐌰𐌼𐌼𐌰 𐌸𐌰𐍄𐌰. 𐌸𐌰𐌽𐌿𐌷 𐌸𐍅𐌰𐌹𐍂𐌷𐍃 𐍃𐌰 𐌲𐌰𐍂𐌳𐌰𐍅𐌰𐌻𐌳𐌰𐌽𐌳𐍃 𐌵𐌰𐌸 𐌳𐌿 𐍃𐌺𐌰𐌻𐌺𐌰 𐍃𐌴𐌹𐌽𐌰𐌼𐌼𐌰: 𐌿𐍃𐌲𐌰𐌲𐌲 𐍃𐍀𐍂𐌰𐌿𐍄𐍉 𐌹𐌽 𐌲𐌰𐍄𐍅𐍉𐌽𐍃 𐌾𐌰𐌷 𐍃𐍄𐌰𐌹𐌲𐍉𐍃 𐌱𐌰𐌿𐍂𐌲𐍃 𐌾𐌰𐌷 𐌿𐌽𐌻𐌴𐌳𐌰𐌽𐍃 𐌾𐌰𐌷 𐌲𐌰𐌼𐌰𐌹𐌳𐌰𐌽𐍃 𐌾𐌰𐌷 𐌱𐌻𐌹𐌽𐌳𐌰𐌽𐍃 𐌾𐌰𐌷 𐌷𐌰𐌻𐍄𐌰𐌽𐍃 𐌰𐍄𐍄𐌹𐌿𐌷 𐌷𐌹𐌳𐍂𐌴.
Luke,14,22,"𐌾𐌰𐌷 𐌵𐌰𐌸 𐍃𐌰 𐍃𐌺𐌰𐌻𐌺𐍃: 𐍆𐍂𐌰𐌿𐌾𐌰, 𐍅𐌰𐍂𐌸 𐍃𐍅𐌴 𐌰𐌽𐌰𐌱𐌰𐌿𐍃𐍄, 𐌾𐌰𐌷 𐌽𐌰𐌿𐌷 𐍃𐍄𐌰𐌳𐍃 𐌹𐍃𐍄."
Luke,14,23,"𐌾𐌰𐌷 𐌵𐌰𐌸 𐍃𐌰 𐍆𐍂𐌰𐌿𐌾𐌰 𐌳𐌿 𐌸𐌰𐌼𐌼𐌰 𐍃𐌺𐌰𐌻𐌺𐌰: 𐌿𐍃𐌲𐌰𐌲𐌲 𐌰𐌽𐌳 𐍅𐌹𐌲𐌰𐌽𐍃 𐌾𐌰𐌷 𐍆𐌰𐌸𐍉𐍃 𐌾𐌰𐌷 𐌽𐌰𐌿𐌸𐌴𐌹 𐌹𐌽𐌽𐌰𐍄𐌲𐌰𐌲𐌲𐌰𐌽, 𐌴𐌹 𐌿𐍃𐍆𐌿𐌻𐌽𐌰𐌹 𐌲𐌰𐍂𐌳𐍃 𐌼𐌴𐌹𐌽𐍃."
Luke,14,24,𐌵𐌹𐌸𐌰 𐌰𐌻𐌻𐌹𐍃 𐌹𐌶𐍅𐌹𐍃 𐌸𐌰𐍄𐌴𐌹 𐌽𐌹 𐌰𐌹𐌽𐍃𐌷𐌿𐌽 𐌼𐌰𐌽𐌽𐌴 𐌾𐌰𐌹𐌽𐌰𐌹𐌶𐌴 𐌸𐌹𐌶𐌴 𐍆𐌰𐌿𐍂𐌰 𐌷𐌰𐌹𐍄𐌰𐌽𐌰𐌽𐌴 𐌺𐌰𐌿𐍃𐌴𐌹𐌸 𐌸𐌹𐍃 𐌽𐌰𐌷𐍄𐌰𐌼𐌰𐍄𐌹𐍃 𐌼𐌴𐌹𐌽𐌹𐍃.
Luke,14,25,"𐌼𐌹𐌸𐌹𐌳𐌳𐌾𐌴𐌳𐌿𐌽 𐌸𐌰𐌽 𐌹𐌼𐌼𐌰 𐌷𐌹𐌿𐌷𐌼𐌰𐌽𐍃 𐌼𐌰𐌽𐌰𐌲𐌰𐌹, 𐌾𐌰𐌷 𐌲𐌰𐍅𐌰𐌽𐌳𐌾𐌰𐌽𐌳𐍃 𐍃𐌹𐌺 𐌵𐌰𐌸 𐌳𐌿 𐌹𐌼:"
Luke,14,26,"𐌾𐌰𐌱𐌰𐌹 𐍈𐌰𐍃 𐌲𐌰𐌲𐌲𐌹𐌸 𐌳𐌿 𐌼𐌹𐍃 𐌾𐌰𐌷 𐌽𐌹 𐍆𐌹𐌾𐌰𐌹𐌸 𐌰𐍄𐍄𐌰𐌽 𐍃𐌴𐌹𐌽𐌰𐌽𐌰 𐌾𐌰𐌷 𐌰𐌹𐌸𐌴𐌹𐌽 𐌾𐌰𐌷 𐌵𐌴𐌽 𐌾𐌰𐌷 𐌱𐌰𐍂𐌽𐌰 𐌾𐌰𐌷 𐌱𐍂𐍉𐌸𐍂𐌿𐌽𐍃 𐌾𐌰𐌷 𐍃𐍅𐌹𐍃𐍄𐍂𐌿𐌽𐍃, 𐌽𐌰𐌿𐌷𐌿𐌸~𐌸𐌰𐌽 𐍃𐌴𐌹𐌽𐌰 𐍃𐌹𐌻𐌱𐌹𐌽𐍃 𐍃𐌰𐌹𐍅𐌰𐌻𐌰, 𐌽𐌹 𐌼𐌰𐌲 𐌼𐌴𐌹𐌽𐍃 𐍃𐌹𐍀𐍉𐌽𐌴𐌹𐍃 𐍅𐌹𐍃𐌰𐌽."
Luke,14,27,"𐌾𐌰𐌷 𐍃𐌰𐌴𐌹 𐌽𐌹 𐌱𐌰𐌹𐍂𐌹𐌸 𐌲𐌰𐌻𐌲𐌰𐌽 𐍃𐌴𐌹𐌽𐌰𐌽𐌰 𐌾𐌰𐌷 𐌲𐌰𐌲𐌲𐌰𐌹 𐌰𐍆𐌰𐍂 𐌼𐌹𐍃, 𐌽𐌹 𐌼𐌰𐌲 𐍅𐌹𐍃𐌰𐌽 𐌼𐌴𐌹𐌽𐍃 𐍃𐌹𐍀𐍉𐌽𐌴𐌹𐍃."
Luke,14,28,"𐌹𐌶𐍅𐌰𐍂𐌰 𐍈𐌰𐍃 𐍂𐌰𐌹𐌷𐍄𐌹𐍃 𐍅𐌹𐌻𐌾𐌰𐌽𐌳𐍃 𐌺𐌴𐌻𐌹𐌺𐌽 𐍄𐌹𐌼𐌱𐍂𐌾𐌰𐌽, 𐌽𐌹𐌿 𐍆𐍂𐌿𐌼𐌹𐍃𐍄 𐌲𐌰𐍃𐌹𐍄𐌰𐌽𐌳𐍃 𐍂𐌰𐌷𐌽𐌴𐌹𐌸 𐌼𐌰𐌽𐍅𐌹𐌸𐍉 𐌷𐌰𐌱𐌰𐌹𐌿 𐌳𐌿 𐌿𐍃𐍄𐌹𐌿𐌷𐌰𐌽;"
Luke,14,29,"𐌹𐌱𐌰𐌹 𐌰𐌿𐍆𐍄𐍉, 𐌱𐌹𐌸𐌴 𐌲𐌰𐍃𐌰𐍄𐌹𐌳𐌴𐌳𐌹 𐌲𐍂𐌿𐌽𐌳𐌿𐍅𐌰𐌳𐌳𐌾𐌿 𐌾𐌰𐌷 𐌽𐌹 𐌼𐌰𐌷𐍄𐌴𐌳𐌹 𐌿𐍃𐍄𐌹𐌿𐌷𐌰𐌽, 𐌰𐌻𐌻𐌰𐌹 𐌸𐌰𐌹 𐌲𐌰𐍃𐌰𐌹𐍈𐌰𐌽𐌳𐌰𐌽𐍃 𐌳𐌿𐌲𐌹𐌽𐌽𐌰𐌹𐌽𐌰 𐌱𐌹𐌻𐌰𐌹𐌺𐌰𐌽 𐌹𐌽𐌰,"
Luke,14,30,𐌵𐌹𐌸𐌰𐌽𐌳𐌰𐌽𐍃 𐌸𐌰𐍄𐌴𐌹 𐍃𐌰 𐌼𐌰𐌽𐌽𐌰 𐌳𐌿𐍃𐍄𐍉𐌳𐌹𐌳𐌰 𐍄𐌹𐌼𐌱𐍂𐌾𐌰𐌽 𐌾𐌰𐌷 𐌽𐌹 𐌼𐌰𐌷𐍄𐌰 𐌿𐍃𐍄𐌹𐌿𐌷𐌰𐌽.
Luke,14,31,"𐌰𐌹𐌸𐌸𐌰𐌿 𐍈𐌰𐍃 𐌸𐌹𐌿𐌳𐌰𐌽𐍃 𐌲𐌰𐌲𐌲𐌰𐌽𐌳𐍃 𐍃𐍄𐌹𐌲𐌵𐌰𐌽 𐍅𐌹𐌸𐍂𐌰 𐌰𐌽𐌸𐌰𐍂𐌰𐌽𐌰 𐌸𐌹𐌿𐌳𐌰𐌽 𐌳𐌿 𐍅𐌹𐌲𐌰𐌽 𐌽𐌰, 𐌽𐌹𐌿 𐌲𐌰𐍃𐌹𐍄𐌰𐌽𐌳𐍃 𐍆𐌰𐌿𐍂𐌸𐌹𐍃 𐌸𐌰𐌽𐌺𐌴𐌹𐌸, 𐍃𐌹𐌰𐌹𐌿 𐌼𐌰𐌷𐍄𐌴𐌹𐌲𐍃 𐌼𐌹𐌸 𐍄𐌰𐌹𐌷𐌿𐌽 𐌸𐌿𐍃𐌿𐌽𐌳𐌾𐍉𐌼 𐌲𐌰𐌼𐍉𐍄𐌾𐌰𐌽 𐌸𐌰𐌼𐌼𐌰 𐌼𐌹𐌸 𐍄𐍅𐌰𐌹𐌼 𐍄𐌹𐌲𐌿𐌼 𐌸𐌿𐍃𐌿𐌽𐌳𐌾𐍉 𐌲𐌰𐌲𐌲𐌰𐌽𐌳𐌹𐌽 𐌰𐌽𐌰 𐍃𐌹𐌺?"
Luke,14,32,𐌰𐌹𐌸𐌸𐌰𐌿 [𐌾𐌰𐌱𐌰𐌹 𐌽𐌹𐍃𐍄 𐌼𐌰𐌷𐍄𐌴𐌹𐌲𐍃] 𐌽𐌰𐌿𐌷𐌸𐌰𐌽𐌿𐌷 𐍆𐌰𐌹𐍂𐍂𐌰 𐌹𐌼𐌼𐌰 𐍅𐌹𐍃𐌰𐌽𐌳𐌹𐌽 𐌹𐌽𐍃𐌰𐌽𐌳𐌾𐌰𐌽𐌳𐍃 𐌰𐌹𐍂𐌿 𐌱𐌹𐌳𐌾𐌹𐌸 𐌲𐌰𐍅𐌰𐌹𐍂𐌸𐌾𐌹𐍃.
Luke,14,33,"𐍃𐍅𐌰𐌷 𐌽𐌿 𐍈𐌰𐍂𐌾𐌹𐌶𐌿𐌷 𐌹𐌶𐍅𐌰𐍂𐌰 𐍃𐌰𐌴𐌹 𐌽𐌹 𐌰𐍆𐌵𐌹𐌸𐌹𐌸 𐌰𐌻𐌻𐌰𐌼𐌼𐌰 𐌰𐌹𐌲𐌹𐌽𐌰 𐍃𐌴𐌹𐌽𐌰𐌼𐌼𐌰, 𐌽𐌹 𐌼𐌰𐌲 𐍅𐌹𐍃𐌰𐌽 𐌼𐌴𐌹𐌽𐍃 𐍃𐌹𐍀𐍉𐌽𐌴𐌹𐍃."
Luke,14,34,"𐌲𐍉𐌳 𐍃𐌰𐌻𐍄; 𐌹𐌸 𐌾𐌰𐌱𐌰𐌹 𐍃𐌰𐌻𐍄 𐌱𐌰𐌿𐌳 𐍅𐌰𐌹𐍂𐌸𐌹𐌸, 𐍈𐌴 𐌲𐌰𐍃𐌿𐍀𐍉𐌳𐌰?"
Luke,14,35,"𐌽𐌹𐌷 𐌳𐌿 𐌰𐌹𐍂𐌸𐌰𐌹, 𐌽𐌹 𐌳𐌿 𐌼𐌰𐌹𐌷𐍃𐍄𐌰𐌿 𐍆𐌰𐌲𐍂 𐌹𐍃𐍄; 𐌿𐍄 𐌿𐍃𐍅𐌰𐌹𐍂𐍀𐌰𐌽𐌳 𐌹𐌼𐌼𐌰. 𐍃𐌰𐌴𐌹 𐌷𐌰𐌱𐌰𐌹 𐌰𐌿𐍃𐍉𐌽𐌰 [𐌲𐌰]𐌷𐌰𐌿𐍃𐌾𐌰𐌽𐌳𐍉𐌽𐌰, 𐌲𐌰𐌷𐌰𐌿𐍃𐌾𐌰𐌹."
Luke,15,1,𐍅𐌴𐍃𐌿𐌽𐌿𐌸~𐌸𐌰𐌽 𐌹𐌼𐌼𐌰 𐌽𐌴𐍈𐌾𐌰𐌽𐌳𐌰𐌽𐍃 𐍃𐌹𐌺 𐌰𐌻𐌻𐌰𐌹 𐌼𐍉𐍄𐌰𐍂𐌾𐍉𐍃 𐌾𐌰𐌷 𐍆𐍂𐌰𐍅𐌰𐌿𐍂𐌷𐍄𐌰𐌹 𐌷𐌰𐌿𐍃𐌾𐌰𐌽 𐌹𐌼𐌼𐌰.
Luke,15,2,"𐌾𐌰𐌷 𐌱𐌹𐍂𐍉𐌳𐌹𐌳𐌴𐌳𐌿𐌽 𐍆𐌰𐍂𐌴𐌹𐍃𐌰𐌹𐌴𐌹𐍃 𐌾𐌰𐌷 𐌱𐍉𐌺𐌰𐍂𐌾𐍉𐍃, 𐌵𐌹𐌸𐌰𐌽𐌳𐌰𐌽𐍃 𐌸𐌰𐍄𐌴𐌹 𐍃𐌰 𐍆𐍂𐌰𐍅𐌰𐌿𐍂𐌷𐍄𐌰𐌽𐍃 𐌰𐌽𐌳𐌽𐌹𐌼𐌹𐌸 𐌾𐌰𐌷 𐌼𐌹𐌸𐌼𐌰𐍄𐌾𐌹𐌸 𐌹𐌼."
Luke,15,3,𐌵𐌰𐌸 𐌸𐌰𐌽 𐌳𐌿 𐌹𐌼 𐌸𐍉 𐌲𐌰𐌾𐌿𐌺𐍉𐌽 𐌵𐌹𐌸𐌰𐌽𐌳𐍃:
Luke,15,4,"𐍈𐌰𐍃 𐌼𐌰𐌽𐌽𐌰 𐌹𐌶𐍅𐌰𐍂𐌰 𐌰𐌹𐌲𐌰𐌽𐌳𐍃 𐍄𐌰𐌹𐌷𐌿𐌽𐍄𐌴𐌷𐌿𐌽𐌳 𐌻𐌰𐌼𐌱𐌴 𐌾𐌰𐌷 𐍆𐍂𐌰𐌻𐌹𐌿𐍃𐌰𐌽𐌳𐍃 𐌰𐌹𐌽𐌰𐌼𐌼𐌰 𐌸𐌹𐌶𐌴, 𐌽𐌹𐌿 𐌱𐌹𐌻𐌴𐌹𐌸𐌹𐌸 𐌸𐍉 𐌽𐌹𐌿𐌽𐍄𐌴𐌷𐌿𐌽𐌳 𐌾𐌰𐌷 𐌽𐌹𐌿𐌽 𐌰𐌽𐌰 𐌰𐌿𐌸𐌹𐌳𐌰𐌹 𐌾𐌰𐌷 𐌲𐌰𐌲𐌲𐌹𐌸 𐌰𐍆𐌰𐍂 𐌸𐌰𐌼𐌼𐌰 𐍆𐍂𐌰𐌻𐌿𐍃𐌰𐌽𐌹𐌽, 𐌿𐌽𐍄𐌴 𐌱𐌹𐌲𐌹𐍄𐌹𐌸 𐌸𐌰𐍄𐌰?"
Luke,15,5,"𐌾𐌰𐌷 𐌱𐌹𐌲𐌹𐍄𐌰𐌽𐌳𐍃 𐌿𐍃𐌻𐌰𐌲𐌾𐌹𐌸 𐌰𐌽𐌰 𐌰𐌼𐍃𐌰𐌽𐍃 𐍃𐌴𐌹𐌽𐌰𐌽𐍃 𐍆𐌰𐌲𐌹𐌽𐍉𐌽𐌳𐍃,"
Luke,15,6,𐌾𐌰𐌷 𐌵𐌹𐌼𐌰𐌽𐌳𐍃 𐌹𐌽 𐌲𐌰𐍂𐌳𐌰 𐌲𐌰𐌻𐌰𐌸𐍉𐌸 𐍆𐍂𐌹𐌾𐍉𐌽𐌳𐍃 𐌾𐌰𐌷 𐌲𐌰𐍂𐌰𐌶𐌽𐌰𐌽𐍃 𐌵𐌹𐌸𐌰𐌽𐌳𐍃 𐌳𐌿 𐌹𐌼: 𐍆𐌰𐌲𐌹𐌽𐍉𐌸 𐌼𐌹𐌸 𐌼𐌹𐍃 𐌸𐌰𐌼𐌼𐌴𐌹 𐌱𐌹𐌲𐌰𐍄 𐌻𐌰𐌼𐌱 𐌼𐌴𐌹𐌽 𐌸𐌰𐍄𐌰 𐍆𐍂𐌰𐌻𐌿𐍃𐌰𐌽𐍉.
Luke,15,7,𐌵𐌹𐌸𐌰 𐌹𐌶𐍅𐌹𐍃 𐌸𐌰𐍄𐌴𐌹 𐍃𐍅𐌰 𐍆𐌰𐌷𐌴𐌳𐍃 𐍅𐌰𐌹𐍂𐌸𐌹𐌸 𐌹𐌽 𐌷𐌹𐌼𐌹𐌽𐌰 𐌹𐌽 𐌰𐌹𐌽𐌹𐍃 𐍆𐍂𐌰𐍅𐌰𐌿𐍂𐌷𐍄𐌹𐍃 𐌹𐌳𐍂𐌴𐌹𐌲𐍉𐌽𐌳𐌹𐌽𐍃 𐌸𐌰𐌿 𐌹𐌽 𐌽𐌹𐌿𐌽𐍄𐌴𐌷𐌿𐌽𐌳𐌹𐍃 𐌾𐌰𐌷 𐌽𐌹𐌿𐌽𐌴 𐌲𐌰𐍂𐌰𐌹𐌷𐍄𐌰𐌹𐌶𐌴 𐌸𐌰𐌹𐌴𐌹 𐌽𐌹 𐌸𐌰𐌿𐍂𐌱𐌿𐌽 𐌹𐌳𐍂𐌴𐌹𐌲𐍉𐍃.
Luke,15,8,"𐌰𐌹𐌸𐌸𐌰𐌿 𐍃𐌿𐌼𐌰 𐌵𐌹𐌽𐍉 𐌳𐍂𐌰𐌺𐌼𐌰𐌽𐍃 𐌷𐌰𐌱𐌰𐌽𐌳𐌴𐌹 𐍄𐌰𐌹𐌷𐌿𐌽, 𐌾𐌰𐌱𐌰𐌹 𐍆𐍂𐌰𐌻𐌹𐌿𐍃𐌹𐌸 𐌳𐍂𐌰𐌺𐌼𐌹𐌽 𐌰𐌹𐌽𐌰𐌼𐌼𐌰, 𐌽𐌹𐌿 𐍄𐌰𐌽𐌳𐌴𐌹𐌸 𐌻𐌿𐌺𐌰𐍂𐌽 𐌾𐌰𐌷 𐌿𐍃𐌱𐌰𐌿𐌲𐌴𐌹𐌸 𐍂𐌰𐌶𐌽 𐌾𐌰𐌷 𐍃𐍉𐌺𐌴𐌹𐌸 𐌲𐌻𐌰𐌲𐌲𐍅𐌰𐌱𐌰, 𐌿𐌽𐍄𐌴 𐌱𐌹𐌲𐌹𐍄𐌹𐌸?"
Luke,15,9,"𐌾𐌰𐌷 𐌱𐌹𐌲𐌹𐍄𐌰𐌽𐌳𐌴𐌹 𐌲𐌰𐌷𐌰𐌹𐍄𐌹𐌸 𐍆𐍂𐌹𐌾𐍉𐌽𐌳𐌾𐍉𐍃 𐌾𐌰𐌷 𐌲𐌰𐍂𐌰𐌶𐌽𐍉𐌽𐍃 𐌵𐌹𐌸𐌰𐌽𐌳𐌴𐌹: 𐍆𐌰𐌲𐌹𐌽𐍉𐌸 𐌼𐌹𐌸 𐌼𐌹𐍃, 𐌿𐌽𐍄𐌴 𐌱𐌹𐌲𐌰𐍄 𐌳𐍂𐌰𐌺𐌼𐌰𐌽 𐌸𐌰𐌼𐌼𐌴𐌹 𐍆𐍂𐌰𐌻𐌰𐌿𐍃."
Luke,15,10,"𐍃𐍅𐌰 𐌵𐌹𐌸𐌰 𐌹𐌶𐍅𐌹𐍃, 𐍆𐌰𐌷𐌴𐌳𐍃 𐍅𐌰𐌹𐍂𐌸𐌹𐌸 𐌹𐌽 𐌰𐌽𐌳𐍅𐌰𐌹𐍂𐌸𐌾𐌰 𐌰𐌲𐌲𐌴𐌻𐌴 𐌲𐌿𐌳𐌹𐍃 𐌹𐌽 𐌰𐌹𐌽𐌹𐍃 𐌹𐌳𐍂𐌴𐌹𐌲𐍉𐌽𐌳𐌹𐌽𐍃 𐍆𐍂𐌰𐍅𐌰𐌿𐍂𐌷𐍄𐌹𐍃."
Luke,15,11,𐌵𐌰𐌸𐌿𐌸~𐌸𐌰𐌽: 𐌼𐌰𐌽𐌽𐌴 𐍃𐌿𐌼𐍃 𐌰𐌹𐌷𐍄𐌰 𐍄𐍅𐌰𐌽𐍃 𐍃𐌿𐌽𐌿𐌽𐍃.
Luke,15,12,"𐌾𐌰𐌷 𐌵𐌰𐌸 𐍃𐌰 𐌾𐌿𐌷𐌹𐌶𐌰 𐌹𐌶𐌴 𐌳𐌿 𐌰𐍄𐍄𐌹𐌽: 𐌰𐍄𐍄𐌰, 𐌲𐌹𐍆 𐌼𐌹𐍃, 𐍃𐌴𐌹 𐌿𐌽𐌳𐍂𐌹𐌽𐌽𐌰𐌹 𐌼𐌹𐌺 𐌳𐌰𐌹𐌻 𐌰𐌹𐌲𐌹𐌽𐌹𐍃; 𐌾𐌰𐌷 𐌳𐌹𐍃𐌳𐌰𐌹𐌻𐌹𐌳𐌰 𐌹𐌼 𐍃𐍅𐌴𐍃 𐍃𐌴𐌹𐌽."
Luke,15,13,𐌾𐌰𐌷 𐌰𐍆𐌰𐍂 𐌽𐌹 𐌼𐌰𐌽𐌰𐌲𐌰𐌽𐍃 𐌳𐌰𐌲𐌰𐌽𐍃 𐌱𐍂𐌰𐌷𐍄𐌰 𐍃𐌰𐌼𐌰𐌽𐌰 𐌰𐌻𐌻𐌰𐍄𐌰 𐍃𐌰 𐌾𐌿𐌷𐌹𐌶𐌰 𐍃𐌿𐌽𐌿𐍃 𐌾𐌰𐌷 𐌰𐍆𐌻𐌰𐌹𐌸 𐌹𐌽 𐌻𐌰𐌽𐌳 𐍆𐌰𐌹𐍂𐍂𐌰 𐍅𐌹𐍃𐌰𐌽𐌳𐍉 𐌾𐌰𐌷 𐌾𐌰𐌹𐌽𐌰𐍂 𐌳𐌹𐍃𐍄𐌰𐌷𐌹𐌳𐌰 𐌸𐌰𐍄𐌰 𐍃𐍅𐌴𐍃 𐍃𐌴𐌹𐌽𐌰𐍄𐌰 𐌻𐌹𐌱𐌰𐌽𐌳𐍃 𐌿𐍃𐍃𐍄𐌹𐌿𐍂𐌹𐌱𐌰.
Luke,15,14,"𐌱𐌹𐌸𐌴 𐌸𐌰𐌽 𐍆𐍂𐌰𐍅𐌰𐍃 𐌰𐌻𐌻𐌰𐌼𐌼𐌰, 𐍅𐌰𐍂𐌸 𐌷𐌿𐌷𐍂𐌿𐍃 𐌰𐌱𐍂𐍃 𐌰𐌽𐌳 𐌲𐌰𐍅𐌹 𐌾𐌰𐌹𐌽𐌰𐍄𐌰, 𐌾𐌰𐌷 𐌹𐍃 𐌳𐌿𐌲𐌰𐌽𐌽 𐌰𐌻𐌰𐌸𐌰𐍂𐌱𐌰 𐍅𐌰𐌹𐍂𐌸𐌰𐌽."
Luke,15,15,"𐌾𐌰𐌷 𐌲𐌰𐌲𐌲𐌰𐌽𐌳𐍃 𐌲𐌰𐌷𐌰𐍆𐍄𐌹𐌳𐌰 𐍃𐌹𐌺 𐍃𐌿𐌼𐌰𐌼𐌼𐌰 𐌱𐌰𐌿𐍂𐌲𐌾𐌰𐌽𐌴 𐌾𐌰𐌹𐌽𐌹𐍃 𐌲𐌰𐌿𐌾𐌹𐍃, 𐌾𐌰𐌷 𐌹𐌽𐍃𐌰𐌽𐌳𐌹𐌳𐌰 𐌹𐌽𐌰 𐌷𐌰𐌹𐌸𐌾𐍉𐍃 𐍃𐌴𐌹𐌽𐌰𐌹𐌶𐍉𐍃 𐌷𐌰𐌻𐌳𐌰𐌽 𐍃𐍅𐌴𐌹𐌽𐌰."
Luke,15,16,"𐌾𐌰𐌷 𐌲𐌰𐌹𐍂𐌽𐌹𐌳𐌰 𐍃𐌰𐌳 𐌹𐍄𐌰𐌽 𐌷𐌰𐌿𐍂𐌽𐌴, 𐌸𐍉𐌴𐌹 𐌼𐌰𐍄𐌹𐌳𐌴𐌳𐌿𐌽 𐍃𐍅𐌴𐌹𐌽𐌰, 𐌾𐌰𐌷 𐌼𐌰𐌽𐌽𐌰 𐌹𐌼𐌼𐌰 𐌽𐌹 𐌲𐌰𐍆."
Luke,15,17,"𐌵𐌹𐌼𐌰𐌽𐌳𐍃 𐌸𐌰𐌽 𐌹𐌽 𐍃𐌹𐍃 𐌵𐌰𐌸: 𐍈𐌰𐌽 𐍆𐌹𐌻𐌿 𐌰𐍃𐌽𐌾𐌴 𐌰𐍄𐍄𐌹𐌽𐍃 𐌼𐌴𐌹𐌽𐌹𐍃 𐌿𐍆𐌰𐍂𐌰𐍃𐍃𐌰𐌿 𐌷𐌰𐌱𐌰𐌽𐌳 𐌷𐌻𐌰𐌹𐌱𐌴, 𐌹𐌸 𐌹𐌺 𐌷𐌿𐌷𐍂𐌰𐌿 𐍆𐍂𐌰𐌵𐌹𐍃𐍄𐌽𐌰."
Luke,15,18,"𐌿𐍃𐍃𐍄𐌰𐌽𐌳𐌰𐌽𐌳𐍃 𐌲𐌰𐌲𐌲𐌰 𐌳𐌿 𐌰𐍄𐍄𐌹𐌽 𐌼𐌴𐌹𐌽𐌰𐌼𐌼𐌰 𐌾𐌰𐌷 𐌵𐌹𐌸𐌰 𐌳𐌿 𐌹𐌼𐌼𐌰: 𐌰𐍄𐍄𐌰, 𐍆𐍂𐌰𐍅𐌰𐌿𐍂𐌷𐍄𐌰 𐌼𐌹𐍃 𐌹𐌽 𐌷𐌹𐌼𐌹𐌽 𐌾𐌰𐌷 𐌹𐌽 𐌰𐌽𐌳𐍅𐌰𐌹𐍂𐌸𐌾𐌰 𐌸𐌴𐌹𐌽𐌰𐌼𐌼𐌰;"
Luke,15,19,𐌾𐌿 𐌸𐌰𐌽𐌰𐍃𐌴𐌹𐌸𐍃 𐌽𐌹 𐌹𐌼 𐍅𐌰𐌹𐍂𐌸𐍃 𐌴𐌹 𐌷𐌰𐌹𐍄𐌰𐌹𐌳𐌰𐌿 𐍃𐌿𐌽𐌿𐍃 𐌸𐌴𐌹𐌽𐍃; 𐌲𐌰𐍄𐌰𐍅𐌴𐌹 𐌼𐌹𐌺 𐍃𐍅𐌴 𐌰𐌹𐌽𐌰𐌽𐌰 𐌰𐍃𐌽𐌾𐌴 𐌸𐌴𐌹𐌽𐌰𐌹𐌶𐌴.
Luke,15,20,𐌾𐌰𐌷 𐌿𐍃𐍃𐍄𐌰𐌽𐌳𐌰𐌽𐌳𐍃 𐌵𐌰𐌼 𐌰𐍄 𐌰𐍄𐍄𐌹𐌽 𐍃𐌴𐌹𐌽𐌰𐌼𐌼𐌰. 𐌽𐌰𐌿𐌷𐌸𐌰𐌽𐌿𐌷 𐌸𐌰𐌽 𐍆𐌰𐌹𐍂𐍂𐌰 𐍅𐌹𐍃𐌰𐌽𐌳𐌰𐌽 𐌲𐌰𐍃𐌰𐍈 𐌹𐌽𐌰 𐌰𐍄𐍄𐌰 𐌹𐍃 𐌾𐌰𐌷 𐌹𐌽𐍆𐌴𐌹𐌽𐍉𐌳𐌰 𐌾𐌰𐌷 𐌸𐍂𐌰𐌲𐌾𐌰𐌽𐌳𐍃 𐌳𐍂𐌰𐌿𐍃 𐌰𐌽𐌰 𐌷𐌰𐌻𐍃 𐌹𐍃 𐌾𐌰𐌷 𐌺𐌿𐌺𐌹𐌳𐌰 𐌹𐌼𐌼𐌰.
Luke,15,21,"𐌾𐌰𐌷 𐌵𐌰𐌸 𐌹𐌼𐌼𐌰 𐍃𐌰 𐍃𐌿𐌽𐌿𐍃: 𐌰𐍄𐍄𐌰, 𐍆𐍂𐌰𐍅𐌰𐌿𐍂𐌷𐍄𐌰 𐌹𐌽 𐌷𐌹𐌼𐌹𐌽 𐌾𐌰𐌷 𐌹𐌽 𐌰𐌽𐌳𐍅𐌰𐌹𐍂𐌸𐌾𐌰 𐌸𐌴𐌹𐌽𐌰𐌼𐌼𐌰, 𐌾𐌿 𐌸𐌰𐌽𐌰𐍃𐌴𐌹𐌸𐍃 𐌽𐌹 𐌹𐌼 𐍅𐌰𐌹𐍂𐌸𐍃 𐌴𐌹 𐌷𐌰𐌹𐍄𐌰𐌹𐌳𐌰𐌿 𐍃𐌿𐌽𐌿𐍃 𐌸𐌴𐌹𐌽𐍃."
Luke,15,22,𐌵𐌰𐌸 𐌸𐌰𐌽 𐍃𐌰 𐌰𐍄𐍄𐌰 𐌳𐌿 𐍃𐌺𐌰𐌻𐌺𐌰𐌼 𐍃𐌴𐌹𐌽𐌰𐌹𐌼: 𐍃𐍀𐍂𐌰𐌿𐍄𐍉 𐌱𐍂𐌹𐌽𐌲𐌹𐌸 𐍅𐌰𐍃𐍄𐌾𐌰 𐌸𐍉 𐍆𐍂𐌿𐌼𐌹𐍃𐍄𐍉𐌽 𐌾𐌰𐌷 𐌲𐌰𐍅𐌰𐍃𐌾𐌹𐌸 𐌹𐌽𐌰 𐌾𐌰𐌷 𐌲𐌹𐌱𐌹𐌸 𐍆𐌹𐌲𐌲𐍂𐌰𐌲𐌿𐌻𐌸 𐌹𐌽 𐌷𐌰𐌽𐌳𐌿 𐌹𐍃 𐌾𐌰𐌷 𐌲𐌰𐍃𐌺𐍉𐌷𐌹 𐌰𐌽𐌰 𐍆𐍉𐍄𐌿𐌽𐍃 𐌹𐍃;
Luke,15,23,"𐌾𐌰𐌷 𐌱𐍂𐌹𐌽𐌲𐌰𐌽𐌳𐌰𐌽𐍃 𐍃𐍄𐌹𐌿𐍂 𐌸𐌰𐌽𐌰 𐌰𐌻𐌹𐌳𐌰𐌽 𐌿𐍆𐍃𐌽𐌴𐌹𐌸𐌹𐌸, 𐌾𐌰𐌷 𐌼𐌰𐍄𐌾𐌰𐌽𐌳𐌰𐌽𐍃 𐍅𐌹𐍃𐌰𐌼 𐍅𐌰𐌹𐌻𐌰;"
Luke,15,24,"𐌿𐌽𐍄𐌴 𐍃𐌰 𐍃𐌿𐌽𐌿𐍃 𐌼𐌴𐌹𐌽𐍃 𐌳𐌰𐌿𐌸𐍃 𐍅𐌰𐍃 𐌾𐌰𐌷 𐌲𐌰𐌵𐌹𐌿𐌽𐍉𐌳𐌰, 𐌾𐌰𐌷 𐍆𐍂𐌰𐌻𐌿𐍃𐌰𐌽𐍃 𐍅𐌰𐍃 𐌾𐌰𐌷 𐌱𐌹𐌲𐌹𐍄𐌰𐌽𐍃 𐍅𐌰𐍂𐌸; 𐌾𐌰𐌷 𐌳𐌿𐌲𐌿𐌽𐌽𐌿𐌽 𐍅𐌹𐍃𐌰𐌽."
Luke,15,25,𐍅𐌰𐍃𐌿𐌸~𐌸𐌰𐌽 𐍃𐌿𐌽𐌿𐍃 𐌹𐍃 𐍃𐌰 𐌰𐌻𐌸𐌹𐌶𐌰 𐌰𐌽𐌰 𐌰𐌺𐍂𐌰; 𐌾𐌰𐌷 𐌵𐌹𐌼𐌰𐌽𐌳𐍃 𐌰𐍄𐌹𐌳𐌳𐌾𐌰 𐌽𐌴𐍈 𐍂𐌰𐌶𐌽 𐌾𐌰𐌷 𐌲𐌰𐌷𐌰𐌿𐍃𐌹𐌳𐌰 𐍃𐌰𐌲𐌲𐍅𐌹𐌽𐍃 𐌾𐌰𐌷 𐌻𐌰𐌹𐌺𐌹𐌽𐍃.
Luke,15,26,𐌾𐌰𐌷 𐌰𐍄𐌷𐌰𐌹𐍄𐌰𐌽𐌳𐍃 𐍃𐌿𐌼𐌰𐌽𐌰 𐌼𐌰𐌲𐌹𐍅𐌴 𐍆𐍂𐌰𐌷𐌿𐌷 𐍈𐌰 𐍅𐌴𐍃𐌹 𐌸𐌰𐍄𐌰.
Luke,15,27,"𐌸𐌰𐍂𐌿𐌷 𐌹𐍃 𐌵𐌰𐌸 𐌳𐌿 𐌹𐌼𐌼𐌰 𐌸𐌰𐍄𐌴𐌹 𐌱𐍂𐍉𐌸𐌰𐍂 𐌸𐌴𐌹𐌽𐍃 𐌵𐌰𐌼, 𐌾𐌰𐌷 𐌿𐍆𐍃𐌽𐌰𐌹𐌸 𐌰𐍄𐍄𐌰 𐌸𐌴𐌹𐌽𐍃 𐍃𐍄𐌹𐌿𐍂 𐌸𐌰𐌽𐌰 𐌰𐌻𐌹𐌳𐌰𐌽, 𐌿𐌽𐍄𐌴 𐌷𐌰𐌹𐌻𐌰𐌽𐌰 𐌹𐌽𐌰 𐌰𐌽𐌳𐌽𐌰𐌼."
Luke,15,28,"𐌸𐌰𐌽𐌿𐌷 𐌼𐍉𐌳𐌰𐌲𐍃 𐍅𐌰𐍂𐌸 𐌾𐌰𐌷 𐌽𐌹 𐍅𐌹𐌻𐌳𐌰 𐌹𐌽𐌽𐌲𐌰𐌲𐌲𐌰𐌽, 𐌹𐌸 𐌰𐍄𐍄𐌰 𐌹𐍃 𐌿𐍃𐌲𐌰𐌲𐌲𐌰𐌽𐌳𐍃 𐌿𐍄 𐌱𐌰𐌳 𐌹𐌽𐌰."
Luke,15,29,"𐌸𐌰𐍂𐌿𐌷 𐌹𐍃 𐌰𐌽𐌳𐌷𐌰𐍆𐌾𐌰𐌽𐌳𐍃 𐌵𐌰𐌸 𐌳𐌿 𐌰𐍄𐍄𐌹𐌽: 𐍃𐌰𐌹, 𐍃𐍅𐌰 𐍆𐌹𐌻𐌿 𐌾𐌴𐍂𐌴 𐍃𐌺𐌰𐌻𐌺𐌹𐌽𐍉𐌳𐌰 𐌸𐌿𐍃 𐌾𐌰𐌷 𐌽𐌹 𐍈𐌰𐌽𐌷𐌿𐌽 𐌰𐌽𐌰𐌱𐌿𐍃𐌽 𐌸𐌴𐌹𐌽𐌰 𐌿𐍆𐌰𐍂𐌹𐌳𐌳𐌾𐌰, 𐌾𐌰𐌷 𐌼𐌹𐍃 𐌽𐌹 𐌰𐌹𐍅 𐌰𐍄𐌲𐌰𐍆𐍄 𐌲𐌰𐌹𐍄𐌴𐌹𐌽, 𐌴𐌹 𐌼𐌹𐌸 𐍆𐍂𐌹𐌾𐍉𐌽𐌳𐌰𐌼 𐌼𐌴𐌹𐌽𐌰𐌹𐌼 𐌱𐌹𐍅𐌴𐍃𐌾𐌰𐌿;"
Luke,15,30,"𐌹𐌸 𐌸𐌰𐌽 𐍃𐌰 𐍃𐌿𐌽𐌿𐍃 𐌸𐌴𐌹𐌽𐍃, 𐍃𐌰𐌴𐌹 𐍆𐍂𐌴𐍄 𐌸𐌴𐌹𐌽 𐍃𐍅𐌴𐍃 𐌼𐌹𐌸 𐌺𐌰𐌻𐌺𐌾𐍉𐌼, 𐌵𐌰𐌼, 𐌿𐍆𐍃𐌽𐌰𐌹𐍃𐍄 𐌹𐌼𐌼𐌰 𐍃𐍄𐌹𐌿𐍂 𐌸𐌰𐌽𐌰 𐌰𐌻𐌹𐌳𐌰𐌽."
Luke,15,31,"𐌸𐌰𐍂𐌿𐌷 𐌵𐌰𐌸 𐌳𐌿 𐌹𐌼𐌼𐌰: 𐌱𐌰𐍂𐌽𐌹𐌻𐍉, 𐌸𐌿 𐍃𐌹𐌽𐍄𐌴𐌹𐌽𐍉 𐌼𐌹𐌸 𐌼𐌹𐍃 [𐍅𐌰𐍃𐍄 𐌾𐌰𐌷] 𐌹𐍃, 𐌾𐌰𐌷 𐌰𐌻𐌻 𐌸𐌰𐍄𐌰 𐌼𐌴𐌹𐌽 𐌸𐌴𐌹𐌽 𐌹𐍃𐍄;"
Luke,15,32,"𐍅𐌰𐌹𐌻𐌰 𐍅𐌹𐍃𐌰𐌽 𐌾𐌰𐌷 𐍆𐌰𐌲𐌹𐌽𐍉𐌽 𐍃𐌺𐌿𐌻𐌳 𐍅𐌰𐍃, 𐌿𐌽𐍄𐌴 𐌱𐍂𐍉𐌸𐌰𐍂 𐌸𐌴𐌹𐌽𐍃 𐌳𐌰𐌿𐌸𐍃 𐍅𐌰𐍃 𐌾𐌰𐌷 𐌲𐌰𐌵𐌹𐌿𐌽𐍉𐌳𐌰, 𐌾𐌰𐌷 𐍆𐍂𐌰𐌻𐌿𐍃𐌰𐌽𐍃 𐌾𐌰𐌷 𐌱𐌹𐌲𐌹𐍄𐌰𐌽𐍃 𐍅𐌰𐍂𐌸."
Luke,16,1,"𐌵𐌰𐌸𐌿𐌸~𐌸𐌰𐌽 𐌳𐌿 𐍃𐌹𐍀𐍉𐌽𐌾𐌰𐌼 𐍃𐌴𐌹𐌽𐌰𐌹𐌼: 𐌼𐌰𐌽𐌽𐌴 𐍃𐌿𐌼𐍃 𐍅𐌰𐍃 𐌲𐌰𐌱𐌴𐌹𐌲𐍃, 𐍃𐌰𐌴𐌹 𐌰𐌹𐌷𐍄𐌰 𐍆𐌰𐌿𐍂𐌰𐌲𐌰𐌲𐌲𐌾𐌰𐌽, 𐌾𐌰𐌷 𐍃𐌰 𐍆𐍂𐌰𐍅𐍂𐍉𐌷𐌹𐌸𐍃 𐍅𐌰𐍂𐌸 𐌳𐌿 𐌹𐌼𐌼𐌰 𐌴𐌹 𐌳𐌹𐍃𐍄𐌰𐌷𐌹𐌳𐌴𐌳𐌹 𐌰𐌹𐌲𐌹𐌽 𐌹𐍃."
Luke,16,2,"𐌾𐌰𐌷 𐌰𐍄𐍅𐍉𐍀𐌾𐌰𐌽𐌳𐍃 𐌹𐌽𐌰 𐌵𐌰𐌸 𐌳𐌿 𐌹𐌼𐌼𐌰: 𐌳𐌿𐍈𐌴 𐌸𐌰𐍄𐌰 𐌷𐌰𐌿𐍃𐌾𐌰 𐍆𐍂𐌰𐌼 𐌸𐌿𐍃? 𐌿𐍃𐌲𐌹𐍆 𐍂𐌰𐌸𐌾𐍉𐌽 𐍆𐌰𐌿𐍂𐌰𐌲𐌰𐌲𐌲𐌾𐌹𐍃 𐌸𐌴𐌹𐌽𐌹𐍃, 𐌽𐌹 𐌼𐌰𐌲𐍄 𐌰𐌿𐌺 𐌾𐌿 𐌸𐌰𐌽𐌰𐌼𐌰𐌹𐍃 𐍆𐌰𐌿𐍂𐌰𐌲𐌰𐌲𐌲𐌾𐌰 𐍅𐌹𐍃𐌰𐌽."
Luke,16,3,"𐌵𐌰𐌸 𐌸𐌰𐌽 𐌹𐌽 𐍃𐌹𐍃 𐍃𐌰 𐍆𐌰𐌿𐍂𐌰𐌲𐌰𐌲𐌲𐌾𐌰: 𐍈𐌰 𐍄𐌰𐌿𐌾𐌰𐌿, 𐌸𐌰𐌽𐌳𐌴𐌹 𐍆𐍂𐌰𐌿𐌾𐌰 𐌼𐌴𐌹𐌽𐍃 𐌰𐍆𐌽𐌹𐌼𐌹𐌸 𐍆𐌰𐌿𐍂𐌰𐌲𐌰𐌲𐌲𐌹 𐌰𐍆 𐌼𐌹𐍃? 𐌲𐍂𐌰𐌱𐌰𐌽 𐌽𐌹 𐌼𐌰𐌲, 𐌱𐌹𐌳𐌾𐌰𐌽 𐍃𐌺𐌰𐌼𐌰 𐌼𐌹𐌺."
Luke,16,4,"𐌰𐌽𐌳𐌸𐌰𐌷𐍄𐌰 𐌼𐌹𐌺 𐍈𐌰 𐍄𐌰𐌿𐌾𐌰𐌿, 𐌴𐌹 𐌸𐌰𐌽, 𐌱𐌹𐌸𐌴 𐌰𐍆𐍃𐌰𐍄𐌾𐌰𐌹𐌳𐌰𐌿 𐌿𐍃 𐍆𐌰𐌿𐍂𐌰𐌲𐌰𐌲𐌲𐌾𐌰, 𐌰𐌽𐌳𐌽𐌹𐌼𐌰𐌹𐌽𐌰 𐌼𐌹𐌺 𐌹𐌽 𐌲𐌰𐍂𐌳𐌹𐌽𐍃 𐍃𐌴𐌹𐌽𐌰𐌽𐍃."
Luke,16,5,𐌾𐌰𐌷 𐌰𐍄𐌷𐌰𐌹𐍄𐌰𐌽𐌳𐍃 𐌰𐌹𐌽𐍈𐌰𐍂𐌾𐌰𐌽𐍉𐌷 𐍆𐌰𐌹𐌷𐌿𐍃𐌺𐌿𐌻𐌰𐌽𐌴 𐍆𐍂𐌰𐌿𐌾𐌹𐌽𐍃 𐍃𐌴𐌹𐌽𐌹𐍃 𐌵𐌰𐌸 𐌸𐌰𐌼𐌼𐌰 𐍆𐍂𐌿𐌼𐌹𐍃𐍄𐌹𐌽: 𐍈𐌰𐌽 𐍆𐌹𐌻𐌿 𐍃𐌺𐌰𐌻𐍄 𐍆𐍂𐌰𐌿𐌾𐌹𐌽 𐌼𐌴𐌹𐌽𐌰𐌼𐌼𐌰?
Luke,16,6,𐌸𐌰𐍂𐌿𐌷 𐌵𐌰𐌸: 𐍄𐌰𐌹𐌷𐌿𐌽𐍄𐌰𐌹𐌷𐌿𐌽𐌳 𐌺𐌰𐍃𐌴 𐌰𐌻𐌴𐍅𐌹𐍃. 𐌾𐌰𐌷 𐌵𐌰𐌸 𐌳𐌿 𐌹𐌼𐌼𐌰: 𐌽𐌹𐌼 𐌸𐌿𐍃 𐌱𐍉𐌺𐍉𐍃 𐌾𐌰𐌷 𐌲𐌰𐍃𐌹𐍄𐌰𐌽𐌳𐍃 𐍃𐍀𐍂𐌰𐌿𐍄𐍉 𐌲𐌰𐌼𐌴𐌻𐌴𐌹 𐍆𐌹𐌼 𐍄𐌹𐌲𐌿𐌽𐍃.
Luke,16,7,"𐌸𐌰𐌸𐍂𐍉𐌷 𐌸𐌰𐌽 𐌳𐌿 𐌰𐌽𐌸𐌰𐍂𐌰𐌼𐌼𐌰 𐌵𐌰𐌸: 𐌰𐌸𐌸𐌰𐌽 𐌸𐌿, 𐍈𐌰𐌽 𐍆𐌹𐌻𐌿 𐍃𐌺𐌰𐌻𐍄? 𐌹𐌸 𐌹𐍃 𐌵𐌰𐌸: 𐍄𐌰𐌹𐌷𐌿𐌽𐍄𐌰𐌹𐌷𐌿𐌽𐌳 𐌼𐌹𐍄𐌰𐌳𐌴 𐌺𐌰𐌿𐍂𐌽𐌹𐍃. 𐌾𐌰𐌷 𐌵𐌰𐌸 𐌳𐌿 𐌹𐌼𐌼𐌰: 𐌽𐌹𐌼 𐌸𐌿𐍃 𐌱𐍉𐌺𐍉𐍃 𐌾𐌰𐌷 𐌼𐌴𐌻𐌴𐌹 𐌰𐌷𐍄𐌰𐌿𐍄𐌴𐌷𐌿𐌽𐌳."
Luke,16,8,"𐌾𐌰𐌷 𐌷𐌰𐌶𐌹𐌳𐌰 𐍃𐌰 𐍆𐍂𐌰𐌿𐌾𐌰 𐌸𐌰𐌽𐌰 𐍆𐌰𐌿𐍂𐌰𐌲𐌰𐌲𐌲𐌾𐌰𐌽 𐌹𐌽𐍅𐌹𐌽𐌳𐌹𐌸𐍉𐍃, 𐌿𐌽𐍄𐌴 𐍆𐍂𐍉𐌳𐌰𐌱𐌰 𐌲𐌰𐍄𐌰𐍅𐌹𐌳𐌰; 𐌿𐌽𐍄𐌴 𐌸𐌰𐌹 𐍃𐌿𐌽𐌾𐍉𐍃 𐌸𐌹𐍃 𐌰𐌹𐍅𐌹𐍃 𐍆𐍂𐍉𐌳𐍉𐌶𐌰𐌽𐍃 𐍃𐌿𐌽𐌿𐌼 𐌻𐌹𐌿𐌷𐌰𐌳𐌹𐍃 𐌹𐌽 𐌺𐌿𐌽𐌾𐌰 𐍃𐌴𐌹𐌽𐌰𐌼𐌼𐌰 𐍃𐌹𐌽𐌳."
Luke,16,9,"𐌾𐌰𐌷 𐌹𐌺 𐌹𐌶𐍅𐌹𐍃 𐌵𐌹𐌸𐌰: 𐍄𐌰𐌿𐌾𐌰𐌹𐌸 𐌹𐌶𐍅𐌹𐍃 𐍆𐍂𐌹𐌾𐍉𐌽𐌳𐍃 𐌿𐍃 𐍆𐌰𐌹𐌷𐌿𐌸𐍂𐌰𐌹𐌷𐌽𐌰 𐌹𐌽𐍅𐌹𐌽𐌳𐌹𐌸𐍉𐍃, 𐌴𐌹 𐌸𐌰𐌽 𐌿𐍆𐌻𐌹𐌲𐌰𐌹𐌸, 𐌰𐌽𐌳𐌽𐌹𐌼𐌰𐌹𐌽𐌰 𐌹𐌶𐍅𐌹𐍃 𐌹𐌽 𐌰𐌹𐍅𐌴𐌹𐌽𐍉𐍃 𐌷𐌻𐌴𐌹𐌸𐍂𐍉𐍃."
Luke,16,10,𐍃𐌰𐌴𐌹 𐍄𐍂𐌹𐌲𐌲𐍅𐍃 𐌹𐍃𐍄 𐌹𐌽 𐌻𐌴𐌹𐍄𐌹𐌻𐌰𐌼𐌼𐌰 𐌾𐌰𐌷 𐌹𐌽 𐌼𐌰𐌽𐌰𐌲𐌰𐌼𐌼𐌰 𐍄𐍂𐌹𐌲𐌲𐍅𐍃 𐌹𐍃𐍄; 𐌾𐌰𐌷 𐍃𐌰 𐌹𐌽 𐌻𐌴𐌹𐍄𐌹𐌻𐌰𐌼𐌼𐌰 𐌿𐌽𐍄𐍂𐌹𐌲𐌲𐍅𐌰 𐌾𐌰𐌷 𐌹𐌽 𐌼𐌰𐌽𐌰𐌲𐌰𐌼𐌼𐌰 𐌿𐌽𐍄𐍂𐌹𐌲𐌲𐍅𐍃 𐌹𐍃𐍄.
Luke,16,11,"𐌾𐌰𐌱𐌰𐌹 𐌽𐌿 𐌹𐌽 𐌹𐌽𐍅𐌹𐌽𐌳𐌰𐌼𐌼𐌰 𐍆𐌰𐌹𐌷𐌿𐌸𐍂𐌰𐌹𐌷𐌽𐌰 𐍄𐍂𐌹𐌲𐌲𐍅𐌰𐌹 𐌽𐌹 𐍅𐌰𐌿𐍂𐌸𐌿𐌸, 𐌸𐌰𐍄𐌰 𐍃𐌿𐌽𐌾𐌴𐌹𐌽𐍉 𐍈𐌰𐍃 𐌹𐌶𐍅𐌹𐍃 𐌲𐌰𐌻𐌰𐌿𐌱𐌴𐌹𐌸?"
Luke,16,12,"𐌾𐌰𐌷 𐌾𐌰𐌱𐌰𐌹 𐌹𐌽 𐌸𐌰𐌼𐌼𐌰 𐍆𐍂𐌰𐌼𐌰𐌸𐌾𐌹𐌽 𐍄𐍂𐌹𐌲𐌲𐍅𐌰𐌹 𐌽𐌹 𐍅𐌰𐌿𐍂𐌸𐌿𐌸, 𐌸𐌰𐍄𐌰 𐌹𐌶𐍅𐌰𐍂 𐍈𐌰𐍃 𐌹𐌶𐍅𐌹𐍃 𐌲𐌹𐌱𐌹𐌸?"
Luke,16,13,"𐌽𐌹 𐌰𐌹𐌽𐍃𐌷𐌿𐌽 𐌸𐌹𐍅𐌴 𐌼𐌰𐌲 𐍄𐍅𐌰𐌹𐌼 𐍆𐍂𐌰𐌿𐌾𐌰𐌼 𐍃𐌺𐌰𐌻𐌺𐌹𐌽𐍉𐌽; 𐌰𐌽𐌳𐌹𐌶𐌿𐌷 𐌰𐌹𐌽𐌰𐌽𐌰 𐍆𐌹𐌾𐌰𐌹𐌸 𐌾𐌰𐌷 𐌰𐌽𐌸𐌰𐍂𐌰𐌽𐌰 𐍆𐍂𐌹𐌾𐍉𐌸, 𐌰𐌹𐌸𐌸𐌰𐌿 𐌰𐌹𐌽𐌰𐌼𐌼𐌰 𐌰𐌽𐌳𐍄𐌹𐌻𐍉𐌸, 𐌹𐌸 𐌰𐌽𐌸𐌰𐍂𐌰𐌼𐌼𐌰 𐍆𐍂𐌰𐌺𐌰𐌽𐌽; 𐌽𐌹 𐌼𐌰𐌲𐌿𐌸 𐌲𐌿𐌳𐌰 𐍃𐌺𐌰𐌻𐌺𐌹𐌽𐍉𐌽 𐌾𐌰𐌷 𐍆𐌰𐌹𐌷𐌿𐌸𐍂𐌰𐌹𐌷𐌽𐌰."
Luke,16,14,"𐌲𐌰𐌷𐌰𐌿𐍃𐌹𐌳𐌴𐌳𐌿𐌽 𐌸𐌰𐌽 𐌸𐍉 𐌰𐌻𐌻𐌰 𐌾𐌰𐌷 𐌸𐌰𐌹 𐍆𐌰𐍂𐌴𐌹𐍃𐌰𐌹𐌴𐌹𐍃, 𐍆𐌰𐌹𐌷𐌿𐍆𐍂𐌹𐌺𐌰𐌹 𐍅𐌹𐍃𐌰𐌽𐌳𐌰𐌽𐍃, 𐌾𐌰𐌷 𐌱𐌹𐌼𐌰𐌼𐍀𐌹𐌳𐌴𐌳𐌿𐌽 𐌹𐌽𐌰."
Luke,16,15,"𐌾𐌰𐌷 𐌵𐌰𐌸 𐌳𐌿 𐌹𐌼: 𐌾𐌿𐍃 𐍃𐌹𐌾𐌿𐌸 𐌾𐌿𐌶𐌴𐌹 𐌲𐌰𐍂𐌰𐌹𐌷𐍄𐌰𐌽𐍃 𐌳𐍉𐌼𐌴𐌹𐌸 𐌹𐌶𐍅𐌹𐍃 𐍃𐌹𐌻𐌱𐌰𐌽𐍃 𐌹𐌽 𐌰𐌽𐌳𐍅𐌰𐌹𐍂𐌸𐌾𐌰 𐌼𐌰𐌽𐌽𐌴; 𐌹𐌸 𐌲𐌿𐌸 𐌺𐌰𐌽𐌽 𐌷𐌰𐌹𐍂𐍄𐍉𐌽𐌰 𐌹𐌶𐍅𐌰𐍂𐌰, 𐌿𐌽𐍄𐌴 𐌸𐌰𐍄𐌰 𐌷𐌰𐌿𐌷𐍉 𐌹𐌽 𐌼𐌰𐌽𐌽𐌰𐌼 𐌰𐌽𐌳𐌰𐍃𐌴𐍄 𐌹𐌽 𐌰𐌽𐌳𐍅𐌰𐌹𐍂𐌸𐌾𐌰 𐌲𐌿𐌳𐌹𐍃."
Luke,16,16,𐍅𐌹𐍄𐍉𐌸 𐌾𐌰𐌷 𐍀𐍂𐌰𐌿𐍆𐌴𐍄𐌴𐌹𐍃 𐌿𐌽𐌳 𐌹𐍉𐌷𐌰𐌽𐌽𐌴𐌽; 𐌸𐌰𐌸𐍂𐍉𐌷 𐌸𐌹𐌿𐌳𐌰𐌽𐌲𐌰𐍂𐌳𐌹 𐌲𐌿𐌳𐌹𐍃 𐍅𐌰𐌹𐌻𐌰𐌼𐌴𐍂𐌾𐌰𐌳𐌰 𐌾𐌰𐌷 𐍈𐌰𐌶𐌿𐌷 𐌹𐌽 𐌹𐌶𐌰𐌹 𐌽𐌰𐌿𐌸𐌾𐌰𐌳𐌰.
Luke,16,17,𐌹𐌸 𐌰𐌶𐌴𐍄𐌹𐌶𐍉 𐌹𐍃𐍄 𐌷𐌹𐌼𐌹𐌽 𐌾𐌰𐌷 𐌰𐌹𐍂𐌸𐌰 𐌷𐌹𐌽𐌳𐌰𐍂𐌻𐌴𐌹𐌸𐌰𐌽 𐌸𐌰𐌿 𐍅𐌹𐍄𐍉𐌳𐌹𐍃 𐌰𐌹𐌽𐌰𐌽𐌰 𐍅𐍂𐌹𐍄 𐌲𐌰𐌳𐍂𐌹𐌿𐍃𐌰𐌽.
Luke,16,18,"𐍈𐌰𐌶𐌿𐌷 𐍃𐌰 𐌰𐍆𐌻𐌴𐍄𐌰𐌽𐌳𐍃 𐌵𐌴𐌽 𐍃𐌴𐌹𐌽𐌰 𐌾𐌰𐌷 𐌻𐌹𐌿𐌲𐌰𐌽𐌳𐍃 𐌰𐌽𐌸𐌰𐍂𐌰 𐌷𐍉𐍂𐌹𐌽𐍉𐌸, 𐌾𐌰𐌷 𐍈𐌰𐌶𐌿𐌷 𐍃𐌰𐌴𐌹 𐌰𐍆𐌻𐌴𐌹𐍄𐌰𐌽𐌰 𐌻𐌹𐌿𐌲𐌰𐌹𐌸, 𐌷𐍉𐍂𐌹𐌽𐍉𐌸."
Luke,16,19,𐌰𐌸𐌸𐌰𐌽 𐌼𐌰𐌽𐌽𐌴 𐍃𐌿𐌼𐍃 𐍅𐌰𐍃 𐌲𐌰𐌱𐌹𐌲𐍃 𐌾𐌰𐌷 𐌲𐌰𐍅𐌰𐍃𐌹𐌳𐍃 𐍅𐌰𐍃 𐍀𐌰𐌿𐍂𐍀𐌰𐌿𐍂𐌰𐌹 𐌾𐌰𐌷 𐌱𐍅𐍃𐍃𐌰𐌿𐌽 𐌾𐌰𐌷 𐍅𐌰𐌹𐌻𐌰 𐍅𐌹𐍃𐌰𐌽𐌳𐍃 𐌳𐌰𐌲𐌰 𐍈𐌰𐌼𐌼𐌴𐌷 𐌱𐌰𐌹𐍂𐌷𐍄𐌰𐌱𐌰.
Luke,16,20,"𐌹𐌸 𐌿𐌽𐌻𐌴𐌳𐍃 𐍃𐌿𐌼𐍃 𐍅𐌰𐍃 𐌽𐌰𐌼𐌹𐌽 𐌷𐌰𐌹𐍄𐌰𐌽𐍃 𐌻𐌰𐌶𐌰𐍂𐌿𐍃; 𐍃𐌰𐌷 𐌰𐍄𐍅𐌰𐌿𐍂𐍀𐌰𐌽𐍃 𐍅𐌰𐍃 𐌳𐌿 𐌳𐌰𐌿𐍂𐌰 𐌹𐍃, 𐌱𐌰𐌽𐌾𐍉 𐍆𐌿𐌻𐌻𐍃."
Luke,16,21,"𐌾𐌰𐌷 𐌲𐌰𐌹𐍂𐌽𐌹𐌳𐌰 𐍃𐌰𐌸 𐌹𐍄𐌰𐌽 𐌳𐍂𐌰𐌿𐌷𐍃𐌽𐍉 𐌸𐌹𐌶𐍉 𐌳𐍂𐌹𐌿𐍃𐌰𐌽𐌳𐌴𐌹𐌽𐍉 𐌰𐍆 𐌱𐌹𐌿𐌳𐌰 𐌸𐌹𐍃 𐌲𐌰𐌱𐌴𐌹𐌲𐌹𐌽𐍃, 𐌰𐌺𐌴𐌹 𐌾𐌰𐌷 𐌷𐌿𐌽𐌳𐍉𐍃 𐌰𐍄𐍂𐌹𐌽𐌽𐌰𐌽𐌳𐌰𐌽𐍃 𐌱𐌹𐌻𐌰𐌹𐌲𐍉𐌳𐌴𐌳𐌿𐌽 𐌱𐌰𐌽𐌾𐍉𐍃 𐌹𐍃."
Luke,16,22,𐍅𐌰𐍂𐌸 𐌸𐌰𐌽 𐌲𐌰𐍃𐍅𐌹𐌻𐍄𐌰𐌽 𐌸𐌰𐌼𐌼𐌰 𐌿𐌽𐌻𐌴𐌳𐌹𐌽 𐌾𐌰𐌷 𐌱𐍂𐌹𐌲𐌲𐌰𐌽 𐍆𐍂𐌰𐌼 𐌰𐌲𐌲𐌹𐌻𐌿𐌼 𐌹𐌽 𐌱𐌰𐍂𐌼𐌰 𐌰𐌱𐍂𐌰𐌷𐌰𐌼𐌹𐍃; 𐌲𐌰𐍃𐍅𐌰𐌻𐍄 𐌸𐌰𐌽 𐌾𐌰𐌷 𐍃𐌰 𐌲𐌰𐌱𐌴𐌹𐌲𐌰 𐌾𐌰𐌷 𐌲𐌰𐍆𐌿𐌻𐌷𐌰𐌽𐍃 𐍅𐌰𐍂𐌸.
Luke,16,23,𐌾𐌰𐌷 𐌹𐌽 𐌷𐌰𐌻𐌾𐌰𐌹 𐌿𐍃𐌷𐌰𐍆𐌾𐌰𐌽𐌳𐍃 𐌰𐌿𐌲𐍉𐌽𐌰 𐍃𐌴𐌹𐌽𐌰 𐍅𐌹𐍃𐌰𐌽𐌳𐍃 𐌹𐌽 𐌱𐌰𐌻𐍅𐌴𐌹𐌽𐌹𐌼 𐌲𐌰𐍃𐌰𐍈 𐌸𐌰𐌽 𐌰𐌱𐍂𐌰𐌷𐌰𐌼 𐍆𐌰𐌹𐍂𐍂𐌰𐌸𐍂𐍉 𐌾𐌰𐌷 𐌻𐌰𐌶𐌶𐌰𐍂𐌿 𐌹𐌽 𐌱𐌰𐍂𐌼𐌹𐌼 𐌹𐍃.
Luke,16,24,𐌾𐌰𐌷 𐌹𐍃 𐌿𐍆𐌷𐍂𐍉𐍀𐌾𐌰𐌽𐌳𐍃....
Luke,16,25,
Luke,16,26,
Luke,16,27,
Luke,16,28,
Luke,16,29,
Luke,16,30,
Luke,16,31,
Luke,17,1,
Luke,17,2,
Luke,17,3,".... 𐌾𐌰𐌱𐌰𐌹 𐍆𐍂𐌰𐍅𐌰𐌿𐍂𐌺𐌾𐌰𐌹 𐌱𐍂𐍉𐌸𐌰𐍂 𐌸𐌴𐌹𐌽𐍃, 𐌲𐌰𐍃𐌰𐌺 𐌹𐌼𐌼𐌰; 𐌾𐌰𐌷 𐌸𐌰𐌽 𐌾𐌰𐌱𐌰𐌹 𐌹𐌳𐍂𐌴𐌹𐌲𐍉 𐍃𐌹𐌺, 𐍆𐍂𐌰𐌻𐌴𐍄𐌰𐌹𐍃 𐌹𐌼𐌼𐌰."
Luke,17,4,"𐌾𐌰𐌷 𐌾𐌰𐌱𐌰𐌹 𐍃𐌹𐌱𐌿𐌽 𐍃𐌹𐌽𐌸𐌰𐌼 𐌰𐌽𐌰 𐌳𐌰𐌲 𐍆𐍂𐌰𐍅𐌰𐌿𐍂𐌺𐌾𐌰𐌹 𐌳𐌿 𐌸𐌿𐍃, 𐌾𐌰𐌷 𐍃𐌹𐌱𐌿𐌽 𐍃𐌹𐌽𐌸𐌰𐌼 𐌰𐌽𐌰 𐌳𐌰𐌲 𐌲𐌰𐍅𐌰𐌽𐌳𐌾𐌰𐌹 𐍃𐌹𐌺 𐌵𐌹𐌸𐌰𐌽𐌳𐍃: 𐌹𐌳𐍂𐌴𐌹𐌲𐍉 𐌼𐌹𐌺, 𐍆𐍂𐌰𐌻𐌴𐍄𐌰𐌹𐍃 𐌹𐌼𐌼𐌰."
Luke,17,5,𐌾𐌰𐌷 𐌵𐌴𐌸𐌿𐌽 𐌰𐍀𐌰𐌿𐍃𐍄𐌰𐌿𐌻𐌴𐌹𐍃 𐌳𐌿 𐍆𐍂𐌰𐌿𐌾𐌹𐌽: 𐌱𐌹𐌰𐌿𐌺 𐌿𐌽𐍃 𐌲𐌰𐌻𐌰𐌿𐌱𐌴𐌹𐌽.
Luke,17,6,"𐌵𐌰𐌸 𐌸𐌰𐌽 𐍆𐍂𐌰𐌿𐌾𐌰: 𐌾𐌰𐌱𐌰𐌹 𐌷𐌰𐌱𐌰𐌹𐌳𐌴𐌳𐌴𐌹𐌸 𐌲𐌰𐌻𐌰𐌿𐌱𐌴𐌹𐌽 𐍃𐍅𐌴 𐌺𐌰𐌿𐍂𐌽𐍉 𐍃𐌹𐌽𐌰𐍀𐌹𐍃, 𐌰𐌹𐌸𐌸𐌰𐌿 𐌾𐌿𐍃 [𐌾𐌰𐌱𐌰𐌹] 𐌵𐌹𐌸𐌴𐌹𐌸 𐌳𐌿 𐌱𐌰𐌹𐍂𐌰𐌱𐌰𐌲𐌼𐌰 𐌸𐌰𐌼𐌼𐌰: 𐌿𐍃𐌻𐌰𐌿𐍃𐌴𐌹 𐌸𐌿𐌺 𐌿𐍃 𐍅𐌰𐌿𐍂𐍄𐌹𐌼 𐌾𐌰𐌷 𐌿𐍃𐍃𐌰𐍄𐌴𐌹 𐌸𐌿𐌺 𐌹𐌽 𐌼𐌰𐍂𐌴𐌹𐌽, 𐌾𐌰𐌷 𐌰𐌽𐌳𐌷𐌰𐌿𐍃𐌹𐌳𐌴𐌳𐌹 𐌸𐌰𐌿 𐌹𐌶𐍅𐌹𐍃."
Luke,17,7,"𐍈𐌰𐍃 𐌸𐌰𐌽 𐌹𐌶𐍅𐌰𐍂𐌰 𐍃𐌺𐌰𐌻𐌺 𐌰𐌹𐌲𐌰𐌽𐌳𐍃 𐌰𐍂𐌾𐌰𐌽𐌳𐌰𐌽 𐌰𐌹𐌸𐌸𐌰𐌿 𐌷𐌰𐌻𐌳𐌰𐌽𐌳𐌰𐌽, 𐍃𐌰𐌴𐌹 𐌰𐍄𐌲𐌰𐌲𐌲𐌰𐌽𐌳𐌹𐌽 𐌰𐍆 𐌷𐌰𐌹𐌸𐌾𐌰𐌹 𐌵𐌹𐌸𐌰𐌹: 𐍃𐌿𐌽𐍃 𐌷𐌹𐌽𐌳𐌰𐍂𐌻𐌴𐌹𐌸 𐌰𐌽𐌿𐌷𐌺𐌿𐌼𐌱𐌴𐌹?"
Luke,17,8,"𐌰𐌺 𐌽𐌹𐌿 𐌵𐌹𐌸𐌹𐌸 𐌳𐌿 𐌹𐌼𐌼𐌰: 𐌼𐌰𐌽𐍅𐌴𐌹 𐍈𐌰 𐌳𐌿 𐌽𐌰𐌷𐍄 𐌼𐌰𐍄𐌾𐌰𐌿 𐌾𐌰𐌷 𐌱𐌹𐌲𐌰𐌿𐍂𐌳𐌰𐌽𐍃 𐌰𐌽𐌳𐌱𐌰𐌷𐍄𐌴𐌹 𐌼𐌹𐍃, 𐌿𐌽𐍄𐌴 𐌼𐌰𐍄𐌾𐌰 𐌾𐌰𐌷 𐌳𐍂𐌹𐌲𐌺𐌰, 𐌾𐌰𐌷 𐌱𐌹𐌸𐌴 𐌲𐌰𐌼𐌰𐍄𐌾𐌹𐍃 𐌾𐌰𐌷 𐌲𐌰𐌳𐍂𐌹𐌲𐌺𐌰𐌹𐍃 𐌸𐌿?"
Luke,17,9,"𐌹𐌱𐌰 𐌸𐌰𐌽𐌺 𐌸𐌿 𐍆𐌰𐌹𐍂𐌷𐌰𐌹𐍄𐌹𐍃 𐍃𐌺𐌰𐌻𐌺𐌰 𐌾𐌰𐌹𐌽𐌰𐌼𐌼𐌰, 𐌿𐌽𐍄𐌴 𐌲𐌰𐍄𐌰𐍅𐌹𐌳𐌰 𐌸𐌰𐍄𐌴𐌹 𐌰𐌽𐌰𐌱𐌿𐌳𐌰𐌽 𐍅𐌰𐍃? 𐌽𐌹 𐌼𐌰𐌽."
Luke,17,10,"𐍃𐍅𐌰 𐌾𐌰𐌷 𐌾𐌿𐍃, 𐌸𐌰𐌽 𐍄𐌰𐌿𐌾𐌰𐌹𐌸 𐌰𐌻𐌻𐌰 𐌸𐍉 𐌰𐌽𐌰𐌱𐌿𐌳𐌰𐌽𐍉𐌽𐌰 𐌹𐌶𐍅𐌹𐍃, 𐌵𐌹𐌸𐌰𐌹𐌸 𐌸𐌰𐍄𐌴𐌹 𐍃𐌺𐌰𐌻𐌺𐍉𐍃 𐌿𐌽𐌱𐍂𐌿𐌺𐌾𐌰𐌹 𐍃𐌹𐌾𐌿𐌼, 𐌿𐌽𐍄𐌴 𐌸𐌰𐍄𐌴𐌹 𐍃𐌺𐌿𐌻𐌳𐌴𐌳𐌿𐌼 𐍄𐌰𐌿𐌾𐌰𐌽 𐌲𐌰𐍄𐌰𐍅𐌹𐌳𐌴𐌳𐌿𐌼."
Luke,17,11,"𐌾𐌰𐌷 𐍅𐌰𐍂𐌸, 𐌼𐌹𐌸𐌸𐌰𐌽𐌴𐌹 𐌹𐌳𐌳𐌾𐌰 𐌹𐍃 𐌹𐌽 𐌹𐌰𐌹𐍂𐌿𐍃𐌰𐌻𐌴𐌼, 𐌾𐌰𐌷 𐌹𐍃 𐌸𐌰𐌹𐍂𐌷𐌹𐌳𐌳𐌾𐌰 𐌸𐌰𐌹𐍂𐌷 𐌼𐌹𐌳𐌾𐌰 𐍃𐌰𐌼𐌰𐍂𐌹𐌰𐌽 𐌾𐌰𐌷 𐌲𐌰𐌻𐌴𐌹𐌻𐌰𐌹𐌰𐌽."
Luke,17,12,"𐌾𐌰𐌷 𐌹𐌽𐌽𐌲𐌰𐌲𐌲𐌰𐌽𐌳𐌹𐌽 𐌹𐌼𐌼𐌰 𐌹𐌽 𐍃𐌿𐌼𐌰 𐌷𐌰𐌹𐌼𐍉, 𐌲𐌰𐌼𐍉𐍄𐌹𐌳𐌴𐌳𐌿𐌽 𐌹𐌼𐌼𐌰 𐍄𐌰𐌹𐌷𐌿𐌽 𐌸𐍂𐌿𐍄𐍃𐍆𐌹𐌻𐌻𐌰𐌹 𐌼𐌰𐌽𐍃, 𐌸𐌰𐌹𐌷 𐌲𐌰𐍃𐍄𐍉𐌸𐌿𐌽 𐍆𐌰𐌹𐍂𐍂𐌰𐌸𐍂𐍉."
Luke,17,13,"𐌾𐌰𐌷 𐍃𐌹𐌻𐌱𐌰𐌽𐍃 𐌿𐍃𐌷𐍉𐍆𐍉𐌽 𐍃𐍄𐌹𐌱𐌽𐌰 𐌵𐌹𐌸𐌰𐌽𐌳𐌰𐌽𐍃: 𐌹𐌴𐍃𐌿, 𐍄𐌰𐌻𐌶𐌾𐌰𐌽𐌳, 𐌰𐍂𐌼𐌰𐌹 𐌿𐌽𐍃𐌹𐍃!"
Luke,17,14,"𐌾𐌰𐌷 𐌲𐌰𐌿𐌼𐌾𐌰𐌽𐌳𐍃 𐌵𐌰𐌸 𐌳𐌿 𐌹𐌼: 𐌲𐌰𐌲𐌲𐌰𐌽𐌳𐌰𐌽𐍃 𐌰𐍄𐌰𐌿𐌲𐌴𐌹𐌸 𐌹𐌶𐍅𐌹𐍃 𐌲𐌿𐌳𐌾𐌰𐌼. 𐌾𐌰𐌷 𐍅𐌰𐍂𐌸, 𐌼𐌹𐌸𐌸𐌰𐌽𐌴𐌹 𐌲𐌰𐌻𐌹𐌸𐌿𐌽, 𐌲𐌰𐌷𐍂𐌰𐌹𐌽𐌹𐌳𐌰𐌹 𐍅𐌰𐌿𐍂𐌸𐌿𐌽."
Luke,17,15,"𐌹𐌸 𐌰𐌹𐌽𐍃 𐌸𐌰𐌽 𐌹𐌶𐌴 𐌲𐌰𐌿𐌼𐌾𐌰𐌽𐌳𐍃 𐌸𐌰𐌼𐌼𐌴𐌹 𐌷𐍂𐌰𐌹𐌽𐍃 𐍅𐌰𐍂𐌸, 𐌲𐌰𐍅𐌰𐌽𐌳𐌹𐌳𐌰 𐍃𐌹𐌺 𐌼𐌹𐌸 𐍃𐍄𐌹𐌱𐌽𐌰𐌹 𐌼𐌹𐌺𐌹𐌻𐌰𐌹 𐌷𐌰𐌿𐌷𐌾𐌰𐌽𐌳𐍃 𐌲𐌿𐌸"
Luke,17,16,𐌾𐌰𐌷 𐌳𐍂𐌰𐌿𐍃 𐌰𐌽𐌰 𐌰𐌽𐌳𐌰𐍅𐌻𐌴𐌹𐌶𐌽 𐍆𐌰𐌿𐍂𐌰 𐍆𐍉𐍄𐌿𐌼 𐌹𐍃 𐌰𐍅𐌹𐌻𐌹𐌿𐌳𐍉𐌽𐌳𐍃 𐌹𐌼𐌼𐌰; 𐍃𐌰𐌷 𐍅𐌰𐍃 𐍃𐌰𐌼𐌰𐍂𐌴𐌹𐍄𐌴𐍃.
Luke,17,17,𐌰𐌽𐌳𐌷𐌰𐍆𐌾𐌰𐌽𐌳𐍃 𐌸𐌰𐌽 𐌹𐌴𐍃𐌿𐍃 𐌵𐌰𐌸: 𐌽𐌹𐌿 𐍄𐌰𐌹𐌷𐌿𐌽 𐌸𐌰𐌹 𐌲𐌰𐌷𐍂𐌰𐌹𐌽𐌹𐌳𐌰𐌹 𐍅𐌰𐌿𐍂𐌸𐌿𐌽? 𐌹𐌸 𐌸𐌰𐌹 𐌽𐌹𐌿𐌽 𐍈𐌰𐍂?
Luke,17,18,"𐌽𐌹 𐌱𐌹𐌲𐌹𐍄𐌰𐌽𐌰𐌹 𐍅𐌰𐌿𐍂𐌸𐌿𐌽 𐌲𐌰𐍅𐌰𐌽𐌳𐌾𐌰𐌽𐌳𐌰𐌽𐍃 𐌲𐌹𐌱𐌰𐌽 𐍅𐌿𐌻𐌸𐌿 𐌲𐌿𐌳𐌰, 𐌽𐌹𐌱𐌰 𐍃𐌰 𐌰𐌻𐌾𐌰𐌺𐌿𐌽𐌾𐌰?"
Luke,17,19,"𐌾𐌰𐌷 𐌵𐌰𐌸 𐌳𐌿 𐌹𐌼𐌼𐌰: 𐌿𐍃𐍃𐍄𐌰𐌽𐌳𐌰𐌽𐌳𐍃 𐌲𐌰𐌲𐌲, 𐌲𐌰𐌻𐌰𐌿𐌱𐌴𐌹𐌽𐍃 𐌸𐌴𐌹𐌽𐌰 𐌲𐌰𐌽𐌰𐍃𐌹𐌳𐌰 𐌸𐌿𐌺."
Luke,17,20,𐍆𐍂𐌰𐌹𐌷𐌰𐌽𐍃 𐌸𐌰𐌽 𐍆𐍂𐌰𐌼 𐍆𐌰𐍂𐌴𐌹𐍃𐌰𐌹𐌿𐌼: 𐍈𐌰𐌽 𐌵𐌹𐌼𐌹𐌸 𐌸𐌹𐌿𐌳𐌰𐌽𐌲𐌰𐍂𐌳𐌹 𐌲𐌿𐌳𐌹𐍃? 𐌰𐌽𐌳𐌷𐍉𐍆 𐌹𐌼 𐌾𐌰𐌷 𐌵𐌰𐌸: 𐌽𐌹 𐌵𐌹𐌼𐌹𐌸 𐌸𐌹𐌿𐌳𐌰𐌽𐌲𐌰𐍂𐌳𐌹 𐌲𐌿𐌳𐌹𐍃 𐌼𐌹𐌸 𐌰𐍄𐍅𐌹𐍄𐌰𐌹𐌽𐌰𐌹;
Luke,17,21,"𐌽𐌹𐌷 𐌵𐌹𐌸𐌰𐌽𐌳: 𐍃𐌰𐌹 𐌷𐌴𐍂, 𐌰𐌹𐌸𐌸𐌰𐌿 𐍃𐌰𐌹 𐌾𐌰𐌹𐌽𐌰𐍂; 𐍃𐌰𐌹 𐌰𐌿𐌺, 𐌸𐌹𐌿𐌳𐌰𐌽𐌲𐌰𐍂𐌳𐌹 𐌲𐌿𐌳𐌹𐍃 𐌹𐌽 𐌹𐌶𐍅𐌹𐍃 𐌹𐍃𐍄."
Luke,17,22,"𐌵𐌰𐌸 𐌸𐌰𐌽 𐌳𐌿 𐍃𐌹𐍀𐍉𐌽𐌾𐌰𐌼: 𐌰𐌸𐌸𐌰𐌽 𐌵𐌹𐌼𐌰𐌽𐌳 𐌳𐌰𐌲𐍉𐍃, 𐌸𐌰𐌽 𐌲𐌰𐌹𐍂𐌽𐌴𐌹𐌸 𐌰𐌹𐌽𐌰𐌽𐌰 𐌸𐌹𐌶𐌴 𐌳𐌰𐌲𐌴 𐍃𐌿𐌽𐌰𐌿𐍃 𐌼𐌰𐌽𐍃 𐌲𐌰𐍃𐌰𐌹𐍈𐌰𐌽 𐌾𐌰𐌷 𐌽𐌹 𐌲𐌰𐍃𐌰𐌹𐍈𐌹𐌸."
Luke,17,23,"𐌾𐌰𐌷 𐌵𐌹𐌸𐌰𐌽𐌳 𐌹𐌶𐍅𐌹𐍃: 𐍃𐌰𐌹 𐌷𐌴𐍂, 𐌰𐌹𐌸𐌸𐌰𐌿 𐍃𐌰𐌹 𐌾𐌰𐌹𐌽𐌰𐍂; 𐌽𐌹 𐌲𐌰𐌻𐌴𐌹𐌸𐌰𐌹𐌸 𐌽𐌹𐌷 𐌻𐌰𐌹𐍃𐍄𐌾𐌰𐌹𐌸."
Luke,17,24,"𐍃𐍅𐌰𐍃𐍅𐌴 𐍂𐌰𐌹𐌷𐍄𐌹𐍃 𐌻𐌰𐌿𐌷𐌼𐍉𐌽𐌹 𐌻𐌰𐌿𐌷𐌰𐍄𐌾𐌰𐌽𐌳𐌴𐌹 𐌿𐍃 𐌸𐌰𐌼𐌼𐌰 𐌿𐍆 𐌷𐌹𐌼𐌹𐌽𐌰 𐌹𐌽 𐌸𐌰𐍄𐌰 𐌿𐍆 𐌷𐌹𐌼𐌹𐌽𐌰 𐍃𐌺𐌴𐌹𐌽𐌹𐌸, 𐍃𐍅𐌰 𐍅𐌰𐌹𐍂𐌸𐌹𐌸 𐍃𐌿𐌽𐌿𐍃 𐌼𐌰𐌽𐍃 𐌹𐌽 𐌳𐌰𐌲𐌰 𐍃𐌴𐌹𐌽𐌰𐌼𐌼𐌰."
Luke,17,25,𐌰𐌸𐌸𐌰𐌽 𐍆𐌰𐌿𐍂𐌸𐌹𐍃 𐍃𐌺𐌰𐌻 𐌼𐌰𐌽𐌰𐌲 𐌲𐌰𐌸𐌿𐌻𐌰𐌽 𐌾𐌰𐌷 𐌿𐍃𐌺𐌹𐌿𐍃𐌰𐌳𐌰 𐍆𐍂𐌰𐌼 𐌸𐌰𐌼𐌼𐌰 𐌺𐌿𐌽𐌾𐌰.
Luke,17,26,"𐌾𐌰𐌷 𐍃𐍅𐌰𐍃𐍅𐌴 𐍅𐌰𐍂𐌸 𐌹𐌽 𐌳𐌰𐌲𐌰𐌼 𐌽𐌰𐌿𐌴𐌻𐌹𐍃, 𐍃𐍅𐌰𐌷 𐍅𐌰𐌹𐍂𐌸𐌹𐌸 𐌾𐌰𐌷 𐌹𐌽 𐌳𐌰𐌲𐌰𐌼 𐍃𐌿𐌽𐌰𐌿𐍃 𐌼𐌰𐌽𐍃."
Luke,17,27,"𐌴𐍄𐌿𐌽 𐌾𐌰𐌷 𐌳𐍂𐌿𐌲𐌺𐌿𐌽, 𐌻𐌹𐌿𐌲𐌰𐌹𐌳𐌴𐌳𐌿𐌽 𐌾𐌰𐌷 𐌻𐌹𐌿𐌲𐌰𐌹𐌳𐍉𐍃 𐍅𐌴𐍃𐌿𐌽, 𐌿𐌽𐌳 𐌸𐌰𐌽𐌴𐌹 𐌳𐌰𐌲 𐌲𐌰𐌻𐌰𐌹𐌸 𐌽𐌰𐌿𐌴𐌻 𐌹𐌽 𐌰𐍂𐌺𐌰; 𐌾𐌰𐌷 𐌵𐌰𐌼 𐌼𐌹𐌳𐌾𐌰𐍃𐍅𐌴𐌹𐍀𐌰𐌹𐌽𐍃 𐌾𐌰𐌷 𐍆𐍂𐌰𐌵𐌹𐍃𐍄𐌹𐌳𐌰 𐌰𐌻𐌻𐌰𐌽𐍃."
Luke,17,28,"𐍃𐌰𐌼𐌰𐌻𐌴𐌹𐌺𐍉 𐌾𐌰𐌷 𐍃𐍅𐌴 𐍅𐌰𐍂𐌸 𐌹𐌽 𐌳𐌰𐌲𐌰𐌼 𐌻𐍉𐌳𐌹𐍃; 𐌴𐍄𐌿𐌽 𐌾𐌰𐌷 𐌳𐍂𐌿𐌲𐌺𐌿𐌽, 𐌱𐌰𐌿𐌷𐍄𐌴𐌳𐌿𐌽 𐌾𐌰𐌷 𐍆𐍂𐌰𐌱𐌰𐌿𐌷𐍄𐌴𐌳𐌿𐌽, 𐍃𐌰𐍄𐌹𐌳𐌴𐌳𐌿𐌽, 𐍄𐌹𐌼𐍂𐌹𐌳𐌴𐌳𐌿𐌽;"
Luke,17,29,"𐌹𐌸 𐌸𐌰𐌼𐌼𐌴𐌹 𐌳𐌰𐌲𐌰 𐌿𐍃𐌹𐌳𐌳𐌾𐌰 𐌻𐍉𐌳 𐌿𐍃 𐍃𐌰𐌿𐌳𐌰𐌿𐌼𐌹𐌼, 𐍂𐌹𐌲𐌽𐌹𐌳𐌰 𐍃𐍅𐌹𐌱𐌻𐌰 𐌾𐌰𐌷 𐍆𐌿𐌽𐌹𐌽 𐌿𐍃 𐌷𐌹𐌼𐌹𐌽𐌰 𐌾𐌰𐌷 𐍆𐍂𐌰𐌵𐌹𐍃𐍄𐌹𐌳𐌰 𐌰𐌻𐌻𐌰𐌹𐌼."
Luke,17,30,"𐌱𐌹 𐌸𐌰𐌼𐌼𐌰 𐍅𐌰𐌹𐍂𐌸𐌹𐌸 𐌸𐌰𐌼𐌼𐌰 𐌳𐌰𐌲𐌰, 𐌴𐌹 𐍃𐌿𐌽𐌿𐍃 𐌼𐌰𐌽𐍃 𐌰𐌽𐌳𐌷𐌿𐌻𐌾𐌰𐌳𐌰."
Luke,17,31,"𐌹𐌽 𐌾𐌰𐌹𐌽𐌰𐌼𐌼𐌰 𐌳𐌰𐌲𐌰, 𐍃𐌰𐌴𐌹 𐍃𐌹𐌾𐌰𐌹 𐌰𐌽𐌰 𐌷𐍂𐍉𐍄𐌰 𐌾𐌰𐌷 𐌺𐌰𐍃𐌰 𐌹𐍃 𐌹𐌽 𐍂𐌰𐌶𐌽𐌰, 𐌽𐌹 𐌰𐍄𐍃𐍄𐌴𐌹𐌲𐌰𐌹 𐌳𐌰𐌻𐌰𐌸 𐌽𐌹𐌼𐌰𐌽 𐌸𐍉; 𐌾𐌰𐌷 𐍃𐌰𐌴𐌹 𐌰𐌽𐌰 𐌷𐌰𐌹𐌸𐌾𐌰𐌹, 𐍃𐌰𐌼𐌰𐌻𐌴𐌹𐌺𐍉 𐌽𐌹 𐌲𐌰𐍅𐌰𐌽𐌳𐌾𐌰𐌹 𐍃𐌹𐌺 𐌹𐌱𐌿𐌺𐌰𐌽𐌰."
Luke,17,32,𐌲𐌰𐌼𐌿𐌽𐌴𐌹𐌸 𐌵𐌴𐌽𐌰𐌹𐍃 𐌻𐍉𐌳𐌹𐍃.
Luke,17,33,"𐍃𐌰𐌴𐌹 𐍃𐍉𐌺𐌴𐌹𐌸 𐍃𐌰𐌹𐍅𐌰𐌻𐌰 𐍃𐌴𐌹𐌽𐌰 𐌲𐌰𐌽𐌰𐍃𐌾𐌰𐌽, 𐍆𐍂𐌰𐌵𐌹𐍃𐍄𐌴𐌹𐌸 𐌹𐌶𐌰𐌹, 𐌾𐌰𐌷 𐍃𐌰𐌴𐌹 𐍆𐍂𐌰𐌵𐌹𐍃𐍄𐌴𐌹𐌸 𐌹𐌶𐌰𐌹 𐌹𐌽 𐌼𐌴𐌹𐌽𐌰, 𐌲𐌰𐌽𐌰𐍃𐌾𐌹𐌸 𐌸𐍉."
Luke,17,34,"𐌵𐌹𐌸𐌰 𐌹𐌶𐍅𐌹𐍃 𐌸𐌰𐍄𐌴𐌹 𐌸𐌹𐌶𐌰𐌹 𐌽𐌰𐌷𐍄 𐍄𐍅𐌰𐌹 𐍅𐌰𐌹𐍂𐌸𐌰𐌽𐌳 𐌰𐌽𐌰 𐌻𐌹𐌲𐍂𐌰 𐍃𐌰𐌼𐌹𐌽, 𐌰𐌹𐌽𐍃 𐌿𐍃𐌽𐌹𐌼𐌰𐌳𐌰 𐌾𐌰𐌷 𐌰𐌽𐌸𐌰𐍂 𐌱𐌹𐌻𐌴𐌹𐌸𐌰𐌳𐌰;"
Luke,17,35,"𐍄𐍅𐍉𐍃 𐍅𐌰𐌹𐍂𐌸𐌰𐌽𐌳 𐌼𐌰𐌻𐌰𐌽𐌳𐌴𐌹𐌽𐍃 𐍃𐌰𐌼𐌰𐌽𐌰, 𐌰𐌹𐌽𐌰 𐌿𐍃𐌽𐌹𐌼𐌰𐌳𐌰 𐌾𐌰𐌷 𐌰𐌽𐌸𐌰𐍂𐌰 𐌱𐌹𐌻𐌴𐌹𐌸𐌰𐌳𐌰."
Luke,17,36,
Luke,17,37,"𐌾𐌰𐌷 𐌰𐌽𐌳𐌷𐌰𐍆𐌾𐌰𐌽𐌳𐌰𐌽𐍃 𐌵𐌴𐌸𐌿𐌽 𐌳𐌿 𐌹𐌼𐌼𐌰: 𐍈𐌰𐍂, 𐍆𐍂𐌰𐌿𐌾𐌰? 𐌹𐌸 𐌹𐍃 𐌵𐌰𐌸 𐌹𐌼: 𐌸𐌰𐍂𐌴𐌹 𐌻𐌴𐌹𐌺, 𐌾𐌰𐌹𐌽𐌳𐍂𐌴 𐌲𐌰𐌻𐌹𐍃𐌰𐌽𐌳 𐍃𐌹𐌺 𐌰𐍂𐌰𐌽𐍃."
Luke,18,1,"𐌵𐌰𐌸𐌿𐌸~𐌸𐌰𐌽 𐌾𐌰𐌷 𐌲𐌰𐌾𐌿𐌺𐍉𐌽 𐌹𐌼 𐌳𐌿 𐌸𐌰𐌼𐌼𐌴𐌹 𐍃𐌹𐌽𐍄𐌴𐌹𐌽𐍉 𐍃𐌺𐌿𐌻𐌿𐌽 𐌱𐌹𐌳𐌾𐌰𐌽 𐌾𐌰𐌷 𐌽𐌹 𐍅𐌰𐌹𐍂𐌸𐌰𐌽 𐌿𐍃𐌲𐍂𐌿𐌳𐌾𐌰𐌽𐍃,"
Luke,18,2,"𐌵𐌹𐌸𐌰𐌽𐌳𐍃: 𐍃𐍄𐌰𐌿𐌰 𐍅𐌰𐍃 𐍃𐌿𐌼𐍃 𐌹𐌽 𐍃𐌿𐌼𐌰𐌹 𐌱𐌰𐌿𐍂𐌲, 𐌲𐌿𐌸 𐌽𐌹 𐍉𐌲𐌰𐌽𐌳𐍃 𐌾𐌰𐌷 𐌼𐌰𐌽𐌽𐌰𐌽 𐌽𐌹 𐌰𐌹𐍃𐍄𐌰𐌽𐌳𐍃."
Luke,18,3,𐍅𐌰𐍃𐌿𐌸~𐌸𐌰𐌽 𐌾𐌰𐌷 𐍅𐌹𐌳𐌿𐍅𐍉 𐌹𐌽 𐌸𐌹𐌶𐌰𐌹 𐌱𐌰𐌿𐍂𐌲 𐌾𐌰𐌹𐌽𐌰𐌹 𐌾𐌰𐌷 𐌰𐍄𐌹𐌳𐌳𐌾𐌰 𐌳𐌿 𐌹𐌼𐌼𐌰 𐌵𐌹𐌸𐌰𐌽𐌳𐌴𐌹: 𐍆𐍂𐌰𐍅𐌴𐌹𐍄 𐌼𐌹𐌺 𐌰𐌽𐌰 𐌰𐌽𐌳𐌰𐍃𐍄𐌰𐌸𐌾𐌰 𐌼𐌴𐌹𐌽𐌰𐌼𐌼𐌰.
Luke,18,4,"𐌾𐌰𐌷 𐌽𐌹 𐍅𐌹𐌻𐌳𐌰 𐌻𐌰𐌲𐌲𐌰𐌹 𐍈𐌴𐌹𐌻𐌰𐌹. 𐌰𐍆𐌰𐍂𐌿𐌸~𐌸𐌰𐌽 𐌸𐌰𐍄𐌰 𐌵𐌰𐌸 𐌹𐌽 𐍃𐌹𐍃 𐍃𐌹𐌻𐌱𐌹𐌽: 𐌾𐌰𐌱𐌰𐌹 𐌾𐌰𐌷 𐌲𐌿𐌸 𐌽𐌹 𐍉𐌲 𐌾𐌰𐌷 𐌼𐌰𐌽𐌽𐌰𐌽 𐌽𐌹 𐌰𐌹𐍃𐍄𐌰,"
Luke,18,5,"𐌹𐌸 𐌹𐌽 𐌸𐌹𐌶𐌴𐌹 𐌿𐍃𐌸𐍂𐌹𐌿𐍄𐌹𐌸 𐌼𐌹𐍃 𐍃𐍉 𐍅𐌹𐌳𐌿𐍅𐍉, 𐍆𐍂𐌰𐍅𐌴𐌹𐍄𐌰 𐌸𐍉, 𐌹𐌱𐌰𐌹 𐌿𐌽𐌳 𐌰𐌽𐌳𐌹 𐌵𐌹𐌼𐌰𐌽𐌳𐌴𐌹 𐌿𐍃𐌰𐌲𐌻𐌾𐌰𐌹 𐌼𐌹𐍃."
Luke,18,6,𐌵𐌰𐌸 𐌸𐌰𐌽 𐍆𐍂𐌰𐌿𐌾𐌰: 𐌷𐌰𐌿𐍃𐌴𐌹𐌸 𐍈𐌰 𐍃𐍄𐌰𐌿𐌰 𐌹𐌽𐍅𐌹𐌽𐌳𐌹𐌸𐍉𐍃 𐌵𐌹𐌸𐌹𐌸.
Luke,18,7,"𐌹𐌸 𐌲𐌿𐌸 𐌽𐌹𐌿 𐌲𐌰𐍅𐍂𐌹𐌺𐌰𐌹 𐌸𐌰𐌽𐍃 𐌲𐌰𐍅𐌰𐌻𐌹𐌳𐌰𐌽𐍃 𐍃𐌴𐌹𐌽𐌰𐌽𐍃, 𐌸𐌰𐌽𐍃 𐍅𐍉𐍀𐌾𐌰𐌽𐌳𐌰𐌽𐍃 𐌳𐌿 𐍃𐌹𐍃 𐌳𐌰𐌲𐌰𐌼 𐌾𐌰𐌷 𐌽𐌰𐌷𐍄𐌰𐌼, 𐌾𐌰𐌷 𐌿𐍃𐌱𐌴𐌹𐌳𐌰𐌽𐌳𐍃 𐌹𐍃𐍄 𐌰𐌽𐌰 𐌹𐌼?"
Luke,18,8,𐌰𐌸𐌸𐌰𐌽 𐌵𐌹𐌸𐌰 𐌹𐌶𐍅𐌹𐍃 𐌸𐌰𐍄𐌴𐌹 𐌲𐌰𐍅𐍂𐌹𐌺𐌹𐌸 𐌹𐌽𐍃 𐍃𐍀𐍂𐌰𐌿𐍄𐍉. 𐌹𐌸 𐍃𐍅𐌴𐌸𐌰𐌿𐌷 𐍃𐌿𐌽𐌿𐍃 𐌼𐌰𐌽𐍃 𐌵𐌹𐌼𐌰𐌽𐌳𐍃 𐌱𐌹~𐌿~𐌲𐌹𐍄𐌰𐌹 𐌲𐌰𐌻𐌰𐌿𐌱𐌴𐌹𐌽 𐌰𐌽𐌰 𐌰𐌹𐍂𐌸𐌰𐌹?
Luke,18,9,"𐌵𐌰𐌸 𐌸𐌰𐌽 𐌳𐌿 𐍃𐌿𐌼𐌰𐌹𐌼, 𐌸𐌰𐌹𐌴𐌹 𐍃𐌹𐌻𐌱𐌰𐌽𐍃 𐍄𐍂𐌰𐌿𐌰𐌹𐌳𐌴𐌳𐌿𐌽 𐍃𐌹𐍃 𐌴𐌹 𐍅𐌴𐍃𐌴𐌹𐌽𐌰 𐌲𐌰𐍂𐌰𐌹𐌷𐍄𐌰𐌹 𐌾𐌰𐌷 𐍆𐍂𐌰𐌺𐌿𐌽𐌽𐌰𐌽𐌳𐌰𐌽𐍃 𐌸𐌰𐌹𐌼 𐌰𐌽𐌸𐌰𐍂𐌰𐌹𐌼, 𐌸𐍉 𐌲𐌰𐌾𐌿𐌺𐍉𐌽:"
Luke,18,10,"𐌼𐌰𐌽𐍃 𐍄𐍅𐌰𐌹 𐌿𐍃𐌹𐌳𐌳𐌾𐌴𐌳𐌿𐌽 𐌹𐌽 𐌰𐌻𐌷 𐌱𐌹𐌳𐌾𐌰𐌽, 𐌰𐌹𐌽𐍃 𐍆𐌰𐍂𐌴𐌹𐍃𐌰𐌹𐌿𐍃 𐌾𐌰𐌷 𐌰𐌽𐌸𐌰𐍂 𐌼𐍉𐍄𐌰𐍂𐌴𐌹𐍃."
Luke,18,11,"𐍃𐌰 𐍆𐌰𐍂𐌴𐌹𐍃𐌰𐌹𐌿𐍃 𐍃𐍄𐌰𐌽𐌳𐌰𐌽𐌳𐍃 𐍃𐌹𐍃 𐌸𐍉 𐌱𐌰𐌳: 𐌲𐌿𐌸, 𐌰𐍅𐌹𐌻𐌹𐌿𐌳𐍉 𐌸𐌿𐍃, 𐌿𐌽𐍄𐌴 𐌽𐌹 𐌹𐌼 𐍃𐍅𐌰𐍃𐍅𐌴 𐌸𐌰𐌹 𐌰𐌽𐌸𐌰𐍂𐌰𐌹 𐌼𐌰𐌽𐍃, 𐍅𐌹𐌻𐍅𐌰𐌽𐍃, 𐌹𐌽𐍅𐌹𐌽𐌳𐌰𐌹, 𐌷𐍉𐍂𐍉𐍃, 𐌰𐌹𐌸𐌸𐌰𐌿 𐍃𐍅𐌰𐍃𐍅𐌴 𐍃𐌰 𐌼𐍉𐍄𐌰𐍂𐌴𐌹𐍃."
Luke,18,12,𐍆𐌰𐍃𐍄𐌰 𐍄𐍅𐌰𐌹𐌼 𐍃𐌹𐌽𐌸𐌰𐌼 𐍃𐌰𐌱𐌱𐌰𐍄𐌰𐌿𐍃 𐌾𐌰𐌷 𐌰𐍆𐌳𐌰𐌹𐌻𐌾𐌰 𐍄𐌰𐌹𐌷𐌿𐌽𐌳𐍉𐌽 𐌳𐌰𐌹𐌻 𐌰𐌻𐌻𐌹𐍃 𐌸𐌹𐌶𐌴 𐌲𐌰𐍃𐍄𐌰𐌻𐌳𐌰.
Luke,18,13,"𐌾𐌰𐌷 𐍃𐌰 𐌼𐍉𐍄𐌰𐍂𐌴𐌹𐍃 𐍆𐌰𐌹𐍂𐍂𐌰𐌸𐍂𐍉 𐍃𐍄𐌰𐌽𐌳𐌰𐌽𐌳𐍃 𐌽𐌹 𐍅𐌹𐌻𐌳𐌰 𐌽𐌹𐌷 𐌰𐌿𐌲𐍉𐌽𐌰 𐍃𐌴𐌹𐌽𐌰 𐌿𐍃𐌷𐌰𐍆𐌾𐌰𐌽 𐌳𐌿 𐌷𐌹𐌼𐌹𐌽𐌰, 𐌰𐌺 𐍃𐌻𐍉𐌷 𐌹𐌽 𐌱𐍂𐌿𐍃𐍄𐍃 𐍃𐌴𐌹𐌽𐍉𐍃 𐌵𐌹𐌸𐌰𐌽𐌳𐍃: 𐌲𐌿𐌸, 𐌷𐌿𐌻𐌸𐍃 𐍃𐌹𐌾𐌰𐌹𐍃 𐌼𐌹𐍃 𐍆𐍂𐌰𐍅𐌰𐌿𐍂𐌷𐍄𐌰𐌼𐌼𐌰."
Luke,18,14,"𐌵𐌹𐌸𐌰 𐌹𐌶𐍅𐌹𐍃: 𐌰𐍄𐌹𐌳𐌳𐌾𐌰 𐍃𐌰 𐌲𐌰𐍂𐌰𐌹𐌷𐍄𐍉𐌶𐌰 𐌲𐌰𐍄𐌰𐌹𐌷𐌰𐌽𐍃 𐌳𐌿 𐌲𐌰𐍂𐌳𐌰 𐍃𐌴𐌹𐌽𐌰𐌼𐌼𐌰 𐌸𐌰𐌿 𐍂𐌰𐌹𐌷𐍄𐌹𐍃 𐌾𐌰𐌹𐌽𐍃; 𐌿𐌽𐍄𐌴 𐍃𐌰𐍈𐌰𐌶𐌿𐌷 𐍃𐌰𐌴𐌹 𐌷𐌰𐌿𐌷𐌴𐌹𐌸 𐍃𐌹𐌺 𐍃𐌹𐌻𐌱𐌰, 𐌲𐌰𐌷𐌽𐌰𐌹𐍅𐌾𐌰𐌳𐌰, 𐌹𐌸 𐍃𐌰𐌴𐌹 𐌷𐌽𐌰𐌹𐍅𐌴𐌹𐌸 𐍃𐌹𐌺 𐍃𐌹𐌻𐌱𐌰, 𐌿𐍃𐌷𐌰𐌿𐌷𐌾𐌰𐌳𐌰."
Luke,18,15,"𐌱𐌴𐍂𐌿𐌽 𐌸𐌰𐌽 𐌳𐌿 𐌹𐌼𐌼𐌰 𐌱𐌰𐍂𐌽𐌰, 𐌴𐌹 𐌹𐌼 𐌰𐍄𐍄𐌰𐌹𐍄𐍉𐌺𐌹. 𐌲𐌰𐍃𐌰𐌹𐍈𐌰𐌽𐌳𐌰𐌽𐍃 𐌸𐌰𐌽 𐍃𐌹𐍀𐍉𐌽𐌾𐍉𐍃 𐌰𐌽𐌳𐌱𐌹𐍄𐌿𐌽 𐌹𐌽𐍃."
Luke,18,16,"𐌹𐌸 𐌹𐌴𐍃𐌿𐍃 𐌰𐍄𐌷𐌰𐌹𐍄𐌰𐌽𐌳𐍃 𐌹𐌽𐍃 𐌵𐌰𐌸: 𐌻𐌴𐍄𐌹𐌸 𐌸𐍉 𐌱𐌰𐍂𐌽𐌰 𐌲𐌰𐌲𐌲𐌰𐌽 𐌳𐌿 𐌼𐌹𐍃 𐌾𐌰𐌷 𐌽𐌹 𐍅𐌰𐍂𐌾𐌹𐌸 𐌸𐍉, 𐌿𐌽𐍄𐌴 𐌸𐌹𐌶𐌴 𐍃𐍅𐌰𐌻𐌴𐌹𐌺𐌰𐌹𐌶𐌴 𐌹𐍃𐍄 𐌸𐌹𐌿𐌳𐌰𐌽𐌲𐌰𐍂𐌳𐌹 𐌲𐌿𐌳𐌹𐍃."
Luke,18,17,"𐌰𐌼𐌴𐌽, 𐌵𐌹𐌸𐌰 𐌹𐌶𐍅𐌹𐍃, 𐍃𐌰𐌴𐌹 𐌽𐌹 𐌰𐌽𐌳𐌽𐌹𐌼𐌹𐌸 𐌸𐌹𐌿𐌳𐌰𐌽𐌲𐌰𐍂𐌳𐌾𐌰 𐌲𐌿𐌳𐌹𐍃 𐍃𐍅𐌴 𐌱𐌰𐍂𐌽, 𐌽𐌹 𐌵𐌹𐌼𐌹𐌸 𐌹𐌽 𐌹𐌶𐌰𐌹."
Luke,18,18,"𐌾𐌰𐌷 𐍆𐍂𐌰𐌷 𐌹𐌽𐌰 𐍃𐌿𐌼𐍃 𐍂𐌴𐌹𐌺𐌴 𐌵𐌹𐌸𐌰𐌽𐌳𐍃: 𐌻𐌰𐌹𐍃𐌰𐍂𐌹 𐌸𐌹𐌿𐌸𐌴𐌹𐌲𐌰, 𐍈𐌰 𐍄𐌰𐌿𐌾𐌰𐌽𐌳𐍃 𐌻𐌹𐌱𐌰𐌹𐌽𐌰𐌹𐍃 𐌰𐌹𐍅𐌴𐌹𐌽𐍉𐌽𐍃 𐌰𐍂𐌱𐌾𐌰 𐍅𐌰𐌹𐍂𐌸𐌰𐌿?"
Luke,18,19,𐌵𐌰𐌸 𐌸𐌰𐌽 𐌳𐌿 𐌹𐌼𐌼𐌰 𐌹𐌴𐍃𐌿𐍃: 𐍈𐌰 𐌼𐌹𐌺 𐌵𐌹𐌸𐌹𐍃 𐌸𐌹𐌿𐌸𐌴𐌹𐌲𐌰𐌽𐌰? 𐌽𐌹 𐌰𐌹𐌽𐍃𐌷𐌿𐌽 𐌸𐌹𐌿𐌸𐌴𐌹𐌲𐍃 𐌽𐌹𐌱𐌰 𐌰𐌹𐌽𐍃 𐌲𐌿𐌸.
Luke,18,20,𐌸𐍉𐍃 𐌰𐌽𐌰𐌱𐌿𐍃𐌽𐌹𐌽𐍃 𐌺𐌰𐌽𐍄: 𐌽𐌹 𐌷𐍉𐍂𐌹𐌽𐍉𐍃; 𐌽𐌹 𐌼𐌰𐌿𐍂𐌸𐍂𐌾𐌰𐌹𐍃; 𐌽𐌹 𐌷𐌻𐌹𐍆𐌰𐌹𐍃; 𐌽𐌹 𐌲𐌰𐌻𐌹𐌿𐌲𐌰𐍅𐌴𐌹𐍄𐍅𐍉𐌳𐍃 𐍃𐌹𐌾𐌰𐌹𐍃; 𐍃𐍅𐌴𐍂𐌰𐌹 𐌰𐍄𐍄𐌰𐌽 𐌸𐌴𐌹𐌽𐌰𐌽𐌰 𐌾𐌰𐌷 𐌰𐌹𐌸𐌴𐌹𐌽.
Luke,18,21,𐌹𐌸 𐌹𐍃 𐌵𐌰𐌸𐌿𐌷: 𐌸𐌰𐍄𐌰 𐌰𐌻𐌻𐌰𐍄𐌰 𐌲𐌰𐍆𐌰𐍃𐍄𐌰𐌹𐌳𐌰 𐌿𐍃 𐌾𐌿𐌽𐌳𐌰𐌹 𐌼𐌴𐌹𐌽𐌰𐌹.
Luke,18,22,"𐌲𐌰𐌷𐌰𐌿𐍃𐌾𐌰𐌽𐌳𐍃 𐌸𐌰𐌽 𐌸𐌰𐍄𐌰 𐌹𐌴𐍃𐌿𐍃 𐌵𐌰𐌸 𐌳𐌿 𐌹𐌼𐌼𐌰: 𐌽𐌰𐌿𐌷 𐌰𐌹𐌽𐌹𐍃 𐌸𐌿𐍃 𐍅𐌰𐌽 𐌹𐍃𐍄: 𐌰𐌻𐌻 𐌸𐌰𐍄𐌴𐌹 𐌷𐌰𐌱𐌰𐌹𐍃 𐍆𐍂𐌰𐌱𐌿𐌲𐌴𐌹 𐌾𐌰𐌷 𐌲𐌰𐌳𐌰𐌹𐌻𐌴𐌹 𐌿𐌽𐌻𐌴𐌳𐌰𐌹𐌼, 𐌾𐌰𐌷 𐌷𐌰𐌱𐌰𐌹𐍃 𐌷𐌿𐌶𐌳 𐌹𐌽 𐌷𐌹𐌼𐌹𐌽𐌰, 𐌾𐌰𐌷 𐌷𐌹𐍂𐌹 𐌻𐌰𐌹𐍃𐍄𐌾𐌰𐌽 𐌼𐌹𐌺."
Luke,18,23,𐌹𐌸 𐌹𐍃 𐌲𐌰𐌷𐌰𐌿𐍃𐌾𐌰𐌽𐌳𐍃 𐌸𐌰𐍄𐌰 𐌲𐌰𐌿𐍂𐍃 𐍅𐌰𐍂𐌸; 𐍅𐌰𐍃 𐌰𐌿𐌺 𐌲𐌰𐌱𐌴𐌹𐌲𐍃 𐍆𐌹𐌻𐌿.
Luke,18,24,𐌲𐌰𐍃𐌰𐌹𐍈𐌰𐌽𐌳𐍃 𐌸𐌰𐌽 𐌹𐌽𐌰 𐌹𐌴𐍃𐌿𐍃 𐌲𐌰𐌿𐍂𐌰𐌽𐌰 𐍅𐌰𐌿𐍂𐌸𐌰𐌽𐌰𐌽𐌰 𐌵𐌰𐌸: 𐍈𐌰𐌹𐍅𐌰 𐌰𐌲𐌻𐌿𐌱𐌰 𐌸𐌰𐌹 𐍆𐌰𐌹𐌷𐌿 𐌷𐌰𐌱𐌰𐌽𐌳𐌰𐌽𐍃 𐌹𐌽𐌽𐌲𐌰𐌻𐌴𐌹𐌸𐌰𐌽𐌳 𐌹𐌽 𐌸𐌹𐌿𐌳𐌰𐌽𐌲𐌰𐍂𐌳𐌾𐌰 𐌲𐌿𐌳𐌹𐍃!
Luke,18,25,𐍂𐌰𐌸𐌹𐌶𐍉 𐌰𐌻𐌻𐌹𐍃 𐌹𐍃𐍄 𐌿𐌻𐌱𐌰𐌽𐌳𐌰𐌿 𐌸𐌰𐌹𐍂𐌷 𐌸𐌰𐌹𐍂𐌺𐍉 𐌽𐌴𐌸𐌻𐍉𐍃 𐌸𐌰𐌹𐍂𐌷𐌻𐌴𐌹𐌸𐌰𐌽 𐌸𐌰𐌿 𐌲𐌰𐌱𐌹𐌲𐌰𐌼𐌼𐌰 𐌹𐌽 𐌸𐌹𐌿𐌳𐌰𐌽𐌲𐌰𐍂𐌳𐌾𐌰 𐌲𐌿𐌳𐌹𐍃 𐌲𐌰𐌻𐌴𐌹𐌸𐌰𐌽.
Luke,18,26,𐌵𐌴𐌸𐌿𐌽 𐌸𐌰𐌽 𐌸𐌰𐌹 𐌲𐌰𐌷𐌰𐌿𐍃𐌾𐌰𐌽𐌳𐌰𐌽𐍃: 𐌰𐌽 𐍈𐌰𐍃 𐌼𐌰𐌲 𐌲𐌰𐌽𐌹𐍃𐌰𐌽?
Luke,18,27,𐌹𐌸 𐌹𐍃 𐌵𐌰𐌸: 𐌸𐌰𐍄𐌰 𐌿𐌽𐌼𐌰𐌷𐍄𐌴𐌹𐌲𐍉 𐌰𐍄 𐌼𐌰𐌽𐌽𐌰𐌼 𐌼𐌰𐌷𐍄𐌴𐌹𐌲 𐌹𐍃𐍄 𐌰𐍄 𐌲𐌿𐌳𐌰.
Luke,18,28,"𐌵𐌰𐌸 𐌸𐌰𐌽 𐍀𐌰𐌹𐍄𐍂𐌿𐍃: 𐍃𐌰𐌹, 𐍅𐌴𐌹𐍃 𐌰𐍆𐌻𐌰𐌹𐌻𐍉𐍄𐌿𐌼 𐌰𐌻𐌻𐌰𐍄𐌰 𐌾𐌰𐌷 𐌻𐌰𐌹𐍃𐍄𐌹𐌳𐌴𐌳𐌿𐌼 𐌸𐌿𐌺."
Luke,18,29,"𐌹𐌸 𐌹𐍃 𐌵𐌰𐌸𐌿𐌷 𐌳𐌿 𐌹𐌼: 𐌰𐌼𐌴𐌽, 𐌵𐌹𐌸𐌰 𐌹𐌶𐍅𐌹𐍃 𐌸𐌰𐍄𐌴𐌹 𐌽𐌹 𐌰𐌹𐌽𐍃𐌷𐌿𐌽 𐌹𐍃𐍄 𐌸𐌹𐌶𐌴 𐌰𐍆𐌻𐌴𐍄𐌰𐌽𐌳𐌰𐌽𐌴 𐌲𐌰𐍂𐌳 𐌰𐌹𐌸𐌸𐌰𐌿 𐍆𐌰𐌳𐍂𐌴𐌹𐌽 𐌰𐌹𐌸𐌸𐌰𐌿 𐌱𐍂𐍉𐌸𐍂𐌿𐌽𐍃 𐌰𐌹𐌸𐌸𐌰𐌿 𐌵𐌴𐌽 𐌰𐌹𐌸𐌸𐌰𐌿 𐌱𐌰𐍂𐌽𐌰 𐌹𐌽 𐌸𐌹𐌿𐌳𐌰𐌽𐌲𐌰𐍂𐌳𐌾𐍉𐍃 𐌲𐌿𐌳𐌹𐍃,"
Luke,18,30,𐍃𐌰𐌴𐌹 𐌽𐌹 𐌰𐌽𐌳𐌽𐌹𐌼𐌰𐌹 𐌼𐌰𐌽𐌰𐌲𐍆𐌰𐌻𐌸 𐌹𐌽 𐌸𐌰𐌼𐌼𐌰 𐌼𐌴𐌻𐌰 𐌾𐌰𐌷 𐌹𐌽 𐌰𐌹𐍅𐌰 𐌸𐌰𐌼𐌼𐌰 𐌵𐌹𐌼𐌰𐌽𐌳𐌹𐌽 𐌻𐌹𐌱𐌰𐌹𐌽 𐌰𐌹𐍅𐌴𐌹𐌽𐍉𐌽.
Luke,18,31,"𐌲𐌰𐌽𐌹𐌼𐌰𐌽𐌳𐍃 𐌸𐌰𐌽 𐌸𐌰𐌽𐍃 ·𐌹𐌱· 𐌵𐌰𐌸 𐌳𐌿 𐌹𐌼: 𐍃𐌰𐌹, 𐌿𐍃𐌲𐌰𐌲𐌲𐌰𐌼 𐌹𐌽 𐌹𐌰𐌹𐍂𐌿𐍃𐌰𐌻𐌴𐌼, 𐌾𐌰𐌷 𐌿𐍃𐍄𐌹𐌿𐌷𐌰𐌳𐌰 𐌰𐌻𐌻 𐌸𐌰𐍄𐌰 𐌲𐌰𐌼𐌴𐌻𐌹𐌳𐍉 𐌸𐌰𐌹𐍂𐌷 𐍀𐍂𐌰𐌿𐍆𐌴𐍄𐌿𐌽𐍃 𐌱𐌹 𐍃𐌿𐌽𐌿 𐌼𐌰𐌽𐍃."
Luke,18,32,"𐌰𐍄𐌲𐌹𐌱𐌰𐌳𐌰 𐌰𐌿𐌺 𐌸𐌹𐌿𐌳𐍉𐌼 𐌾𐌰𐌷 𐌱𐌹𐌻𐌰𐌹𐌺𐌰𐌳𐌰 𐌾𐌰𐌷 𐌰𐌽𐌰𐌼𐌰𐌷𐍄𐌾𐌰𐌳𐌰 𐌾𐌰𐌷 𐌱𐌹𐍃𐍀𐌴𐌹𐍅𐌰𐌳𐌰,"
Luke,18,33,"𐌾𐌰𐌷 𐌿𐍃𐌱𐌻𐌹𐌲𐌲𐍅𐌰𐌽𐌳𐌰𐌽𐍃 𐌿𐍃𐌵𐌹𐌼𐌰𐌽𐌳 𐌹𐌼𐌼𐌰, 𐌾𐌰𐌷 𐌸𐍂𐌹𐌳𐌾𐌹𐌽 𐌳𐌰𐌲𐌰 𐌿𐍃𐍃𐍄𐌰𐌽𐌳𐌹𐌸."
Luke,18,34,"𐌾𐌰𐌷 𐌴𐌹𐍃 𐌽𐌹 𐍅𐌰𐌹𐌷𐍄𐌰𐌹 𐌸𐌹𐍃 𐍆𐍂𐍉𐌸𐌿𐌽, 𐌾𐌰𐌷 𐍅𐌰𐍃 𐌸𐌰𐍄𐌰 𐍅𐌰𐌿𐍂𐌳 𐌲𐌰𐍆𐌿𐌻𐌲𐌹𐌽 𐌰𐍆 𐌹𐌼, 𐌾𐌰𐌷 𐌽𐌹 𐍅𐌹𐍃𐍃𐌴𐌳𐌿𐌽 𐌸𐍉 𐌵𐌹𐌸𐌰𐌽𐍉𐌽𐌰."
Luke,18,35,"𐍅𐌰𐍂𐌸 𐌸𐌰𐌽, 𐌼𐌹𐌸𐌸𐌰𐌽𐌴𐌹 𐌽𐌴𐍈𐌰 𐍅𐌰𐍃 𐌹𐍃 𐌹𐌰𐌹𐍂𐌴𐌹𐌺𐍉𐌽, 𐌱𐌻𐌹𐌽𐌳𐌰 𐍃𐌿𐌼𐍃 𐍃𐌰𐍄 𐍆𐌰𐌿𐍂 𐍅𐌹𐌲 𐌳𐌿 𐌰𐌹𐌷𐍄𐍂𐍉𐌽."
Luke,18,36,𐌲𐌰𐌷𐌰𐌿𐍃𐌾𐌰𐌽𐌳𐍃 𐌸𐌰𐌽 𐌼𐌰𐌽𐌰𐌲𐌴𐌹𐌽 𐍆𐌰𐌿𐍂𐌲𐌰𐌲𐌲𐌰𐌽𐌳𐌴𐌹𐌽 𐍆𐍂𐌰𐌷 𐍈𐌰 𐍅𐌴𐍃𐌹 𐌸𐌰𐍄𐌰.
Luke,18,37,𐌲𐌰𐍄𐌰𐌹𐌷𐌿𐌽 𐌸𐌰𐌽 𐌹𐌼𐌼𐌰 𐌸𐌰𐍄𐌴𐌹 𐌹𐌴𐍃𐌿𐍃 𐌽𐌰𐌶𐍉𐍂𐌰𐌹𐌿𐍃 𐌸𐌰𐌹𐍂𐌷𐌲𐌰𐌲𐌲𐌹𐌸.
Luke,18,38,"𐌹𐌸 𐌹𐍃 𐌿𐌱𐌿𐌷𐍅𐍉𐍀𐌹𐌳𐌰 𐌵𐌹𐌸𐌰𐌽𐌳𐍃: 𐌹𐌴𐍃𐌿, 𐍃𐌿𐌽𐌿 𐌳𐌰𐍅𐌴𐌹𐌳𐌹𐍃, 𐌰𐍂𐌼𐌰𐌹 𐌼𐌹𐌺!"
Luke,18,39,"𐌾𐌰𐌷 𐌸𐌰𐌹 𐍆𐌰𐌿𐍂𐌲𐌰𐌲𐌲𐌰𐌽𐌳𐌰𐌽𐍃 𐌰𐌽𐌳𐌱𐌹𐍄𐌿𐌽 𐌹𐌽𐌰 𐌴𐌹 𐌸𐌰𐌷𐌰𐌹𐌳𐌴𐌳𐌹: 𐌹𐌸 𐌹𐍃 𐌿𐌽𐌳 𐍆𐌹𐌻𐌿 𐌼𐌰𐌹𐍃 𐌷𐍂𐍉𐍀𐌹𐌳𐌰: 𐍃𐌿𐌽𐌰𐌿 𐌳𐌰𐍅𐌴𐌹𐌳𐌹𐍃, 𐌰𐍂𐌼𐌰𐌹 𐌼𐌹𐌺!"
Luke,18,40,"𐌲𐌰𐍃𐍄𐌰𐌽𐌳𐌰𐌽𐌳𐍃 𐌸𐌰𐌽 𐌹𐌴𐍃𐌿𐍃 𐌷𐌰𐌹𐌷𐌰𐌹𐍄 𐌹𐌽𐌰 𐍄𐌹𐌿𐌷𐌰𐌽 𐌳𐌿 𐍃𐌹𐍃. 𐌱𐌹𐌸𐌴 𐌽𐌴𐍈𐌰 𐍅𐌰𐍃 𐌸𐌰𐌽 𐌹𐌼𐌼𐌰, 𐍆𐍂𐌰𐌷 𐌹𐌽𐌰"
Luke,18,41,"𐌵𐌹𐌸𐌰𐌽𐌳𐍃: 𐍈𐌰 𐌸𐌿𐍃 𐍅𐌹𐌻𐌴𐌹𐍃 𐌴𐌹 𐍄𐌰𐌿𐌾𐌰𐌿? 𐌹𐌸 𐌹𐍃 𐌵𐌰𐌸: 𐍆𐍂𐌰𐌿𐌾𐌰, 𐌴𐌹 𐌿𐍃𐍃𐌰𐌹𐍈𐌰𐌿."
Luke,18,42,"𐌾𐌰𐌷 𐌹𐌴𐍃𐌿𐍃 𐌵𐌰𐌸 𐌳𐌿 𐌹𐌼𐌼𐌰: 𐌿𐍃𐍃𐌰𐌹𐍈, 𐌲𐌰𐌻𐌰𐌿𐌱𐌴𐌹𐌽𐍃 𐌸𐌴𐌹𐌽𐌰 𐌲𐌰𐌽𐌰𐍃𐌹𐌳𐌰 𐌸𐌿𐌺."
Luke,18,43,𐌾𐌰𐌷 𐍃𐌿𐌽𐍃 𐌿𐍃𐍃𐌰𐍈 𐌾𐌰𐌷 𐌻𐌰𐌹𐍃𐍄𐌹𐌳𐌰 𐌹𐌽𐌰 𐌰𐍅𐌹𐌻𐌹𐌿𐌳𐍉𐌽𐌳𐍃 𐌲𐌿𐌳𐌰. 𐌾𐌰𐌷 𐌰𐌻𐌻𐌰 𐌼𐌰𐌽𐌰𐌲𐌴𐌹 𐌲𐌰𐍃𐌰𐌹𐍈𐌰𐌽𐌳𐌴𐌹 𐌲𐌰𐍆 𐌷𐌰𐌶𐌴𐌹𐌽 𐌲𐌿𐌳𐌰.
Luke,19,1,𐌾𐌰𐌷 𐌹𐌽𐌽𐌲𐌰𐌻𐌴𐌹𐌸𐌰𐌽𐌳𐍃 𐌸𐌰𐌹𐍂𐌷𐌻𐌰𐌹𐌸 𐌹𐌰𐌹𐍂𐌴𐌹𐌺𐍉𐌽.
Luke,19,2,"𐌾𐌰𐌷 𐍃𐌰𐌹, 𐌲𐌿𐌼𐌰 𐌽𐌰𐌼𐌹𐌽 𐌷𐌰𐌹𐍄𐌰𐌽𐍃 𐌶𐌰𐌺𐌺𐌰𐌹𐌿𐍃, 𐍃𐌰𐌷 𐍅𐌰𐍃 𐍆𐌰𐌿𐍂𐌰𐌼𐌰𐌸𐌻𐌴𐌹𐍃 𐌼𐍉𐍄𐌰𐍂𐌾𐌴 𐌾𐌰𐌷 𐍅𐌰𐍃 𐌲𐌰𐌱𐌹𐌲𐍃,"
Luke,19,3,"𐌾𐌰𐌷 𐍃𐍉𐌺𐌹𐌳𐌰 𐌲𐌰𐍃𐌰𐌹𐍈𐌰𐌽 𐌹𐌴𐍃𐌿, 𐍈𐌰𐍃 𐍅𐌴𐍃𐌹, 𐌾𐌰𐌷 𐌽𐌹 𐌼𐌰𐌷𐍄𐌰 𐍆𐌰𐌿𐍂𐌰 𐌼𐌰𐌽𐌰𐌲𐌴𐌹𐌽, 𐌿𐌽𐍄𐌴 𐍅𐌰𐌷𐍃𐍄𐌰𐌿 𐌻𐌴𐌹𐍄𐌹𐌻𐍃 𐍅𐌰𐍃."
Luke,19,4,"𐌾𐌰𐌷 𐌱𐌹𐌸𐍂𐌰𐌲𐌾𐌰𐌽𐌳𐍃 𐍆𐌰𐌿𐍂 𐌿𐍃𐍃𐍄𐌰𐌹𐌲 𐌰𐌽𐌰 𐍃𐌼𐌰𐌺𐌺𐌰𐌱𐌰𐌲𐌼, 𐌴𐌹 𐌲𐌰𐍃𐌴𐍈𐌹 𐌹𐌽𐌰, 𐌿𐌽𐍄𐌴 𐌹𐍃 𐌰𐌽𐌳 𐌸𐌰𐍄𐌰 𐌼𐌿𐌽𐌰𐌹𐌳𐌰 𐌸𐌰𐌹𐍂𐌷𐌲𐌰𐌲𐌲𐌰𐌽."
Luke,19,5,"𐌾𐌰𐌷 𐌱𐌹𐌸𐌴 𐌵𐌰𐌼 𐌰𐌽𐌰 𐌸𐌰𐌼𐌼𐌰 𐍃𐍄𐌰𐌳𐌰, 𐌹𐌽𐍃𐌰𐌹𐍈𐌰𐌽𐌳𐍃 𐌹𐌿𐍀 𐌹𐌴𐍃𐌿𐍃 𐌲𐌰𐍃𐌰𐍈 𐌹𐌽𐌰 𐌾𐌰𐌷 𐌵𐌰𐌸 𐌳𐌿 𐌹𐌼𐌼𐌰: 𐌶𐌰𐌺𐌺𐌰𐌹𐌿, 𐍃𐌽𐌹𐌿𐌼𐌾𐌰𐌽𐌳𐍃 𐌳𐌰𐌻𐌰𐌸 𐌰𐍄𐍃𐍄𐌴𐌹𐌲: 𐌷𐌹𐌼𐌼𐌰 𐌳𐌰𐌲𐌰 𐌰𐌿𐌺 𐌹𐌽 𐌲𐌰𐍂𐌳𐌰 𐌸𐌴𐌹𐌽𐌰𐌼𐌼𐌰 𐍃𐌺𐌰𐌻 𐌹𐌺 𐍅𐌹𐍃𐌰𐌽."
Luke,19,6,𐌾𐌰𐌷 𐍃𐌽𐌹𐌿𐌼𐌾𐌰𐌽𐌳𐍃 𐌰𐍄𐍃𐍄𐌰𐌹𐌲 𐌾𐌰𐌷 𐌰𐌽𐌳𐌽𐌰𐌼 𐌹𐌽𐌰 𐍆𐌰𐌲𐌹𐌽𐍉𐌽𐌳𐍃.
Luke,19,7,"𐌾𐌰𐌷 𐌲𐌰𐍃𐌰𐌹𐍈𐌰𐌽𐌳𐌰𐌽𐍃 𐌰𐌻𐌻𐌰𐌹 𐌱𐌹𐍂𐍉𐌳𐌹𐌳𐌴𐌳𐌿𐌽, 𐌵𐌹𐌸𐌰𐌽𐌳𐌰𐌽𐍃 𐌸𐌰𐍄𐌴𐌹 𐌳𐌿 𐍆𐍂𐌰𐍅𐌰𐌿𐍂𐌷𐍄𐌹𐍃 𐌼𐌰𐌽𐍃 𐌲𐌰𐌻𐌰𐌹𐌸 [𐌹𐌽 𐌲𐌰𐍂𐌳] 𐌿𐍃𐍃𐌰𐌻𐌾𐌰𐌽."
Luke,19,8,"𐍃𐍄𐌰𐌽𐌳𐌰𐌽𐌳𐍃 𐌸𐌰𐌽 𐌶𐌰𐌺𐌺𐌰𐌹𐌿𐍃 𐌵𐌰𐌸 𐌳𐌿 𐍆𐍂𐌰𐌿𐌾𐌹𐌽: 𐍃𐌰𐌹, 𐌷𐌰𐌻𐌱𐌰𐍄𐌰 𐌰𐌹𐌲𐌹𐌽𐌹𐍃 𐌼𐌴𐌹𐌽𐌹𐍃, 𐍆𐍂𐌰𐌿𐌾𐌰, 𐌲𐌰𐌳𐌰𐌹𐌻𐌾𐌰 𐌿𐌽𐌻𐌴𐌳𐌰𐌹𐌼, 𐌾𐌰𐌷 𐌾𐌰𐌱𐌰𐌹 𐍈𐌹𐍃 𐍈𐌰 𐌰𐍆𐌷𐍉𐌻𐍉𐌳𐌰, 𐍆𐌹𐌳𐌿𐍂𐍆𐌰𐌻𐌸 𐍆𐍂𐌰𐌲𐌹𐌻𐌳𐌰."
Luke,19,9,"𐌵𐌰𐌸 𐌸𐌰𐌽 𐌳𐌿 𐌹𐌼𐌼𐌰 𐌹𐌴𐍃𐌿𐍃 𐌸𐌰𐍄𐌴𐌹 𐌷𐌹𐌼𐌼𐌰 𐌳𐌰𐌲𐌰 𐌽𐌰𐍃𐌴𐌹𐌽𐍃 𐌸𐌰𐌼𐌼𐌰 𐌲𐌰𐍂𐌳𐌰 𐍅𐌰𐍂𐌸, 𐌿𐌽𐍄𐌴 𐌾𐌰𐌷 𐍃𐌰 𐍃𐌿𐌽𐌿𐍃 𐌰𐌱𐍂𐌰𐌷𐌰𐌼𐌹𐍃 𐌹𐍃𐍄;"
Luke,19,10,𐌵𐌰𐌼 𐌰𐌿𐌺 𐍃𐌿𐌽𐌿𐍃 𐌼𐌰𐌽𐍃 𐍃𐍉𐌺𐌾𐌰𐌽 𐌾𐌰𐌷 𐌽𐌰𐍃𐌾𐌰𐌽 𐌸𐌰𐌽𐍃 𐍆𐍂𐌰𐌻𐌿𐍃𐌰𐌽𐌰𐌽𐍃.
Luke,19,11,"𐌰𐍄 𐌲𐌰𐌷𐌰𐌿𐍃𐌾𐌰𐌽𐌳𐌰𐌼 𐌸𐌰𐌽 𐌹𐌼 𐌸𐌰𐍄𐌰, 𐌱𐌹𐌰𐌿𐌺𐌰𐌽𐌳𐍃 𐌵𐌰𐌸 𐌲𐌰𐌾𐌿𐌺𐍉𐌽, 𐌱𐌹 𐌸𐌰𐍄𐌴𐌹 𐌽𐌴𐍈𐌰 𐌹𐌰𐌹𐍂𐌿𐍃𐌰𐌻𐌴𐌼 𐍅𐌰𐍃, 𐌾𐌰𐌷 𐌸𐌿𐌷𐍄𐌰 𐌹𐌼 𐌴𐌹 𐍃𐌿𐌽𐍃 𐍃𐌺𐌿𐌻𐌳𐌰 𐍅𐌴𐍃𐌹 𐌸𐌹𐌿𐌳𐌰𐌽𐌲𐌰𐍂𐌳𐌹 𐌲𐌿𐌳𐌹𐍃 𐌲𐌰𐍃𐍅𐌹𐌺𐌿𐌽𐌸𐌾𐌰𐌽."
Luke,19,12,𐌵𐌰𐌸 𐌸𐌰𐌽: 𐌼𐌰𐌽𐌽𐌰 𐍃𐌿𐌼𐍃 𐌲𐍉𐌳𐌰𐌺𐌿𐌽𐌳𐍃 𐌲𐌰𐌲𐌲𐌹𐌳𐌰 𐌻𐌰𐌽𐌳𐌹𐍃 𐍆𐍂𐌰𐌽𐌹𐌼𐌰𐌽 𐍃𐌹𐍃 𐌸𐌹𐌿𐌳𐌰𐌽𐌲𐌰𐍂𐌳𐌾𐌰 𐌾𐌰𐌷 𐌲𐌰𐍅𐌰𐌽𐌳𐌹𐌳𐌰 𐍃𐌹𐌺.
Luke,19,13,"𐌰𐍄𐌷𐌰𐌹𐍄𐌰𐌽𐌳𐍃 𐌸𐌰𐌽 𐍄𐌰𐌹𐌷𐌿𐌽 𐍃𐌺𐌰𐌻𐌺𐌰𐌽𐍃 𐍃𐌴𐌹𐌽𐌰𐌽𐍃 𐌰𐍄𐌲𐌰𐍆 𐌹𐌼 𐍄𐌰𐌹𐌷𐌿𐌽 𐌳𐌰𐌹𐌻𐍉𐍃 𐌾𐌰𐌷 𐌵𐌰𐌸 𐌳𐌿 𐌹𐌼: 𐌺𐌰𐌿𐍀𐍉𐌸, 𐌿𐌽𐍄𐌴 𐌹𐌺 𐌵𐌹𐌼𐌰𐌿."
Luke,19,14,𐌹𐌸 𐌱𐌰𐌿𐍂𐌲𐌾𐌰𐌽𐍃 𐌹𐍃 𐍆𐌹𐌾𐌰𐌹𐌳𐌴𐌳𐌿𐌽 𐌹𐌽𐌰 𐌾𐌰𐌷 𐌹𐌽𐍃𐌰𐌽𐌳𐌹𐌳𐌴𐌳𐌿𐌽 𐌰𐌹𐍂𐌿 𐌰𐍆𐌰𐍂 𐌹𐌼𐌼𐌰 𐌵𐌹𐌸𐌰𐌽𐌳𐌰𐌽𐍃: 𐌽𐌹 𐍅𐌹𐌻𐌴𐌹𐌼𐌰 𐌸𐌰𐌽𐌰 𐌸𐌹𐌿𐌳𐌰𐌽𐍉𐌽 𐌿𐍆𐌰𐍂 𐌿𐌽𐍃𐌹𐍃.
Luke,19,15,"𐌾𐌰𐌷 𐍅𐌰𐍂𐌸, 𐌱𐌹𐌸𐌴 𐌰𐍄𐍅𐌰𐌽𐌳𐌹𐌳𐌰 𐍃𐌹𐌺 𐌰𐍆𐍄𐍂𐌰, 𐌰𐌽𐌳𐌽𐌹𐌼𐌰𐌽𐌳𐍃 𐌸𐌹𐌿𐌳𐌰𐌽𐌲𐌰𐍂𐌳𐌾𐌰 𐌾𐌰𐌷 𐌷𐌰𐌹𐌷𐌰𐌹𐍄 𐍅𐍉𐍀𐌾𐌰𐌽 𐌳𐌿 𐍃𐌹𐍃 𐌸𐌰𐌽𐍃 𐍃𐌺𐌰𐌻𐌺𐌰𐌽𐍃 𐌸𐌰𐌹𐌼𐌴𐌹 𐌰𐍄𐌲𐌰𐍆 𐌸𐌰𐍄𐌰 𐍃𐌹𐌻𐌿𐌱𐍂, 𐌴𐌹 𐌲𐌰𐌺𐌿𐌽𐌽𐌰𐌹𐌳𐌴𐌳𐌹 𐍈𐌰 𐍈𐌰𐍂𐌾𐌹𐌶𐌿𐌷 𐌲𐌰𐍅𐌰𐌿𐍂𐌷𐍄𐌴𐌳𐌹."
Luke,19,16,"𐌵𐌰𐌼 𐌸𐌰𐌽 𐍃𐌰 𐍆𐍂𐌿𐌼𐌹𐍃𐍄𐌰 𐌵𐌹𐌸𐌰𐌽𐌳𐍃: 𐍆𐍂𐌰𐌿𐌾𐌰, 𐍃𐌺𐌰𐍄𐍄𐍃 𐌸𐌴𐌹𐌽𐍃 𐌲𐌰𐍅𐌰𐌿𐍂𐌷𐍄𐌰 𐍄𐌰𐌹𐌷𐌿𐌽 𐍃𐌺𐌰𐍄𐍄𐌰𐌽𐍃."
Luke,19,17,"𐌾𐌰𐌷 𐌵𐌰𐌸 𐌳𐌿 𐌹𐌼𐌼𐌰: 𐍅𐌰𐌹𐌻𐌰, 𐌲𐍉𐌳𐌰 𐍃𐌺𐌰𐌻𐌺, 𐌿𐌽𐍄𐌴 𐌹𐌽 𐌻𐌴𐌹𐍄𐌹𐌻𐌰𐌼𐌼𐌰 𐍅𐌰𐍃𐍄 𐍄𐍂𐌹𐌲𐌲𐍅𐍃, 𐍃𐌹𐌾𐌰𐌹𐍃 𐍅𐌰𐌻𐌳𐌿𐍆𐌽𐌹 𐌷𐌰𐌱𐌰𐌽𐌳𐍃 𐌿𐍆𐌰𐍂 𐍄𐌰𐌹𐌷𐌿𐌽 𐌱𐌰𐌿𐍂𐌲𐌹𐌼."
Luke,19,18,"𐌾𐌰𐌷 𐌵𐌰𐌼 𐌰𐌽𐌸𐌰𐍂 𐌵𐌹𐌸𐌰𐌽𐌳𐍃: 𐍆𐍂𐌰𐌿𐌾𐌰, 𐍃𐌺𐌰𐍄𐍄𐍃 𐌸𐌴𐌹𐌽𐍃 𐌲𐌰𐍅𐌰𐌿𐍂𐌷𐍄𐌰 𐍆𐌹𐌼𐍆 𐍃𐌺𐌰𐍄𐍄𐌰𐌽𐍃."
Luke,19,19,𐌵𐌰𐌸 𐌸𐌰𐌽 𐌾𐌰𐌷 𐌳𐌿 𐌸𐌰𐌼𐌼𐌰: 𐌾𐌰𐌷 𐌸𐌿 𐍃𐌹𐌾𐌰𐌹𐍃 𐌿𐍆𐌰𐍂𐍉 𐍆𐌹𐌼𐍆 𐌱𐌰𐌿𐍂𐌲𐌹𐌼.
Luke,19,20,"𐌾𐌰𐌷 𐍃𐌿𐌼𐍃 𐌵𐌰𐌼 𐌵𐌹𐌸𐌰𐌽𐌳𐍃: 𐍆𐍂𐌰𐌿𐌾𐌰, 𐍃𐌰𐌹, 𐍃𐌰 𐍃𐌺𐌰𐍄𐍄𐍃 𐌸𐌴𐌹𐌽𐍃 𐌸𐌰𐌽𐌴𐌹 𐌷𐌰𐌱𐌰𐌹𐌳𐌰 𐌲𐌰𐌻𐌰𐌲𐌹𐌳𐌰𐌽𐌰 𐌹𐌽 𐍆𐌰𐌽𐌹𐌽;"
Luke,19,21,"𐍉𐌷𐍄𐌰 𐌼𐌹𐍃 𐌰𐌿𐌺 𐌸𐌿𐌺, 𐌿𐌽𐍄𐌴 𐌼𐌰𐌽𐌽𐌰 𐌷𐌰𐍂𐌳𐌿𐍃 𐌹𐍃. 𐌽𐌹𐌼𐌹𐍃 𐌸𐌰𐍄𐌴𐌹 𐌽𐌹 𐌻𐌰𐌲𐌹𐌳𐌴𐍃 𐌾𐌰𐌷 𐍃𐌽𐌴𐌹𐌸𐌹𐍃 𐌸𐌰𐍄𐌴𐌹 𐌽𐌹 𐍃𐌰𐌹𐍃𐍉𐍃𐍄."
Luke,19,22,"𐌾𐌰𐌷 𐌵𐌰𐌸 𐌳𐌿 𐌹𐌼𐌼𐌰: 𐌿𐍃 𐌼𐌿𐌽𐌸𐌰 𐌸𐌴𐌹𐌽𐌰𐌼𐌼𐌰 𐍃𐍄𐍉𐌾𐌰 𐌸𐌿𐌺, 𐌿𐌽𐍃𐌴𐌻𐌾𐌰 𐍃𐌺𐌰𐌻𐌺 𐌾𐌰𐌷 𐌻𐌰𐍄𐌰. 𐍅𐌹𐍃𐍃𐌴𐌹𐍃 𐌸𐌰𐍄𐌴𐌹 𐌹𐌺 𐌼𐌰𐌽𐌽𐌰 𐌷𐌰𐍂𐌳𐌿𐍃 𐌹𐌼, 𐌽𐌹𐌼𐌰𐌽𐌳𐍃 𐌸𐌰𐍄𐌴𐌹 𐌽𐌹 𐌻𐌰𐌲𐌹𐌳𐌰 𐌾𐌰𐌷 𐍃𐌽𐌴𐌹𐌸𐌰𐌽𐌳𐍃 𐌸𐌰𐍄𐌴𐌹 𐌽𐌹 𐍃𐌰𐌹𐍃𐍉;"
Luke,19,23,𐌾𐌰𐌷 𐌳𐌿𐍈𐌴 𐌽𐌹 𐌰𐍄𐌻𐌰𐌲𐌹𐌳𐌴𐍃 𐌸𐌰𐍄𐌰 𐍃𐌹𐌻𐌿𐌱𐍂 𐌼𐌴𐌹𐌽 𐌳𐌿 𐍃𐌺𐌰𐍄𐍄𐌾𐌰𐌼? 𐌾𐌰𐌷 𐌵𐌹𐌼𐌰𐌽𐌳𐍃 𐌼𐌹𐌸 𐍅𐍉𐌺𐍂𐌰 𐌲𐌰𐌻𐌰𐌿𐍃𐌹𐌳𐌴𐌳𐌾𐌰𐌿 𐌸𐌰𐍄𐌰.
Luke,19,24,𐌾𐌰𐌷 𐌳𐌿 𐌸𐌰𐌹𐌼 𐍆𐌰𐌿𐍂𐌰𐍃𐍄𐌰𐌽𐌳𐌰𐌽𐌳𐌰𐌼 𐌵𐌰𐌸: 𐌽𐌹𐌼𐌹𐌸 𐌰𐍆 𐌹𐌼𐌼𐌰 𐌸𐌰𐌽𐌰 𐍃𐌺𐌰𐍄𐍄 𐌾𐌰𐌷 𐌲𐌹𐌱𐌹𐌸 𐌸𐌰𐌼𐌼𐌰 𐌸𐍉𐍃 𐍄𐌰𐌹𐌷𐌿𐌽 𐌳𐌰𐌹𐌻𐍉𐍃 𐌷𐌰𐌱𐌰𐌽𐌳𐌹𐌽.
Luke,19,25,"𐌾𐌰𐌷 𐌵𐌴𐌸𐌿𐌽 𐌳𐌿 𐌹𐌼𐌼𐌰: 𐍆𐍂𐌰𐌿𐌾𐌰, 𐌷𐌰𐌱𐌰𐌹𐌸 𐍄𐌰𐌹𐌷𐌿𐌽 𐌳𐌰𐌹𐌻𐍉𐍃."
Luke,19,26,"𐌵𐌹𐌸𐌰 𐌰𐌻𐌻𐌹𐍃 𐌹𐌶𐍅𐌹𐍃 𐌸𐌰𐍄𐌴𐌹 𐍈𐌰𐍂𐌾𐌰𐌼𐌼𐌴𐌷 𐌷𐌰𐌱𐌰𐌽𐌳𐌰𐌽𐌴 𐌲𐌹𐌱𐌰𐌳𐌰, 𐌹𐌸 𐌰𐍆 𐌸𐌰𐌼𐌼𐌰 𐌿𐌽𐌷𐌰𐌱𐌰𐌽𐌳𐌹𐌽 𐌾𐌰𐌷 𐌸𐌰𐍄𐌴𐌹 𐌷𐌰𐌱𐌰𐌹𐌸 𐌰𐍆𐌽𐌹𐌼𐌰𐌳𐌰 𐌰𐍆 𐌹𐌼𐌼𐌰."
Luke,19,27,"𐌰𐌸𐌸𐌰𐌽 𐍃𐍅𐌴𐌸𐌰𐌿𐌷 𐍆𐌹𐌾𐌰𐌽𐌳𐍃 𐌼𐌴𐌹𐌽𐌰𐌽𐍃 𐌾𐌰𐌹𐌽𐌰𐌽𐍃, 𐌸𐌰𐌹𐌴𐌹 𐌽𐌹 𐍅𐌹𐌻𐌳𐌴𐌳𐌿𐌽 𐌼𐌹𐌺 𐌸𐌹𐌿𐌳𐌰𐌽𐍉𐌽 𐌿𐍆𐌰𐍂 𐍃𐌹𐍃, 𐌱𐍂𐌹𐌲𐌲𐌹𐌸 𐌷𐌴𐍂 𐌾𐌰𐌷 𐌿𐍃𐌵𐌹𐌼𐌹𐌸 𐍆𐌰𐌿𐍂𐌰 𐌼𐌹𐍃."
Luke,19,28,"𐌾𐌰𐌷 𐌵𐌹𐌸𐌰𐌽𐌳𐍃 𐌸𐌰𐍄𐌰 𐌹𐌳𐌳𐌾𐌰 𐍆𐍂𐌰𐌼, 𐌿𐍃𐌲𐌰𐌲𐌲𐌰𐌽𐌳𐍃 𐌹𐌽 𐌹𐌰𐌹𐍂𐌿𐍃𐌰𐌿𐌻𐍅𐌼𐌰."
Luke,19,29,"𐌾𐌰𐌷 𐍅𐌰𐍂𐌸, 𐌱𐌹𐌸𐌴 𐌽𐌴𐍈𐌰 𐍅𐌰𐍃 𐌱𐌴𐌸𐍃𐍆𐌰𐌲𐌴𐌹𐌽 𐌾𐌰𐌷 𐌱𐌴𐌸𐌰𐌽𐌹𐌾𐌹𐌽, 𐌰𐍄 𐍆𐌰𐌹𐍂𐌲𐌿𐌽𐌾𐌰 𐌸𐌰𐍄𐌴𐌹 𐌷𐌰𐌹𐍄𐌰𐌳𐌰 𐌰𐌻𐌴𐍅𐌾𐍉, 𐌹𐌽𐍃𐌰𐌽𐌳𐌹𐌳𐌰 𐍄𐍅𐌰𐌽𐍃 𐍃𐌹𐍀𐍉𐌽𐌾𐌴 𐍃𐌴𐌹𐌽𐌰𐌹𐌶𐌴"
Luke,19,30,"𐌵𐌹𐌸𐌰𐌽𐌳𐍃: 𐌲𐌰𐌲𐌲𐌰𐍄𐍃 𐌹𐌽 𐌸𐍉 𐍅𐌹𐌸𐍂𐌰𐍅𐌰𐌹𐍂𐌸𐍉𐌽 𐌷𐌰𐌹𐌼, 𐌹𐌽 𐌸𐌹𐌶𐌰𐌹𐌴𐌹 𐌹𐌽𐌽𐌲𐌰𐌲𐌲𐌰𐌽𐌳𐌰𐌽𐍃 𐌱𐌹𐌲𐌹𐍄𐌰𐍄𐍃 𐍆𐌿𐌻𐌰𐌽 𐌰𐍃𐌹𐌻𐌰𐌿𐍃 𐌲𐌰𐌱𐌿𐌽𐌳𐌰𐌽𐌰𐌽𐌰, 𐌰𐌽𐌰 𐌸𐌰𐌼𐌼𐌴𐌹 𐌽𐌹 𐌰𐌹𐌽𐍃𐌷𐌿𐌽 𐌰𐌹𐍅 𐌼𐌰𐌽𐌽𐌴 𐍃𐌰𐍄; 𐌰𐌽𐌳𐌱𐌹𐌽𐌳𐌰𐌽𐌳𐌰𐌽𐍃 𐌹𐌽𐌰 𐌰𐍄𐍄𐌹𐌿𐌷𐌹𐌸."
Luke,19,31,𐌾𐌰𐌷 𐌾𐌰𐌱𐌰𐌹 𐍈𐌰𐍃 𐌹𐌽𐌵𐌹𐍃 𐍆𐍂𐌰𐌹𐌷𐌽𐌰𐌹: 𐌳𐌿𐍈𐌴 𐌰𐌽𐌳𐌱𐌹𐌽𐌳𐌹𐌸? 𐍃𐍅𐌰 𐌵𐌹𐌸𐌰𐌹𐍄𐍃 𐌳𐌿 𐌹𐌼𐌼𐌰 𐌸𐌰𐍄𐌴𐌹 𐍆𐍂𐌰𐌿𐌾𐌰 𐌸𐌹𐍃 𐌲𐌰𐌹𐍂𐌽𐌴𐌹𐌸.
Luke,19,32,"𐌲𐌰𐌻𐌴𐌹𐌸𐌰𐌽𐌳𐌰𐌽𐍃 𐌸𐌰𐌽 𐌸𐌰𐌹 𐌹𐌽𐍃𐌰𐌽𐌳𐌹𐌳𐌰𐌽𐍃 𐌱𐌹𐌲𐌴𐍄𐌿𐌽, 𐍃𐍅𐌰𐍃𐍅𐌴 𐌵𐌰𐌸 𐌳𐌿 𐌹𐌼."
Luke,19,33,𐌰𐌽𐌳𐌱𐌹𐌽𐌳𐌰𐌽𐌳𐌰𐌼 𐌸𐌰𐌽 𐌹𐌼 𐌵𐌴𐌸𐌿𐌽 𐌸𐌰𐌹 𐍆𐍂𐌰𐌿𐌾𐌰𐌽𐍃 𐌸𐌹𐍃 𐌳𐌿 𐌹𐌼: 𐌳𐌿𐍈𐌴 𐌰𐌽𐌳𐌱𐌹𐌽𐌳𐌰𐍄𐍃 𐌸𐌰𐌽𐌰 𐍆𐌿𐌻𐌰𐌽?
Luke,19,34,𐌹𐌸 𐌴𐌹𐍃 𐌵𐌴𐌸𐌿𐌽: 𐍆𐍂𐌰𐌿𐌾𐌹𐌽 𐌸𐌰𐌿𐍂𐍆𐍄𐍃 𐌸𐌹𐍃 𐌹𐍃𐍄.
Luke,19,35,𐌾𐌰𐌷 𐌰𐍄𐍄𐌰𐌿𐌷𐌿𐌽 𐌸𐌰𐌽𐌰 𐍆𐌿𐌻𐌰𐌽 𐌹𐌴𐍃𐌿𐌰 𐌾𐌰𐌷 𐌿𐍃𐍅𐌰𐌹𐍂𐍀𐌰𐌽𐌳𐌰𐌽𐍃 𐍅𐌰𐍃𐍄𐌾𐍉𐍃 𐍃𐌴𐌹𐌽𐍉𐍃 𐌰𐌽𐌰 𐌸𐌰𐌽𐌰 𐍆𐌿𐌻𐌰𐌽 𐌿𐍃𐍃𐌰𐍄𐌹𐌳𐌴𐌳𐌿𐌽 𐌹𐌴𐍃𐌿.
Luke,19,36,𐌲𐌰𐌲𐌲𐌰𐌽𐌳𐌹𐌽 𐌸𐌰𐌽 𐌹𐌼𐌼𐌰 𐌿𐍆𐍃𐍄𐍂𐌰𐍅𐌹𐌳𐌴𐌳𐌿𐌽 𐍅𐌰𐍃𐍄𐌾𐍉𐌼 𐍃𐌴𐌹𐌽𐌰𐌹𐌼 𐌰𐌽𐌰 𐍅𐌹𐌲𐌰.
Luke,19,37,"𐌱𐌹𐌸𐌴 𐌸𐌰𐌽 𐌹𐍃 𐌽𐌴𐍈𐌰 𐍅𐌰𐍃, 𐌾𐌿𐌸𐌰𐌽 𐌰𐍄 𐌹𐌱𐌳𐌰𐌻𐌾𐌹𐌽 𐌸𐌹𐍃 𐍆𐌰𐌹𐍂𐌲𐌿𐌽𐌾𐌹𐍃 𐌰𐌻𐌴𐍅𐌰𐌱𐌰𐌲𐌼𐌴, 𐌳𐌿𐌲𐌿𐌽𐌽𐌿𐌽 𐌰𐌻𐌰𐌺𐌾𐍉 𐌼𐌰𐌽𐌰𐌲𐌴𐌹 𐍃𐌹𐍀𐍉𐌽𐌾𐌴 𐍆𐌰𐌲𐌹𐌽𐍉𐌽𐌳𐌰𐌽𐍃 𐌷𐌰𐌶𐌾𐌰𐌽 𐌲𐌿𐌸 𐍃𐍄𐌹𐌱𐌽𐌰𐌹 𐌼𐌹𐌺𐌹𐌻𐌰𐌹 𐌹𐌽 𐌰𐌻𐌻𐌰𐌹𐌶𐍉 𐌸𐍉𐌶𐌴 𐍃𐌴𐍈𐌿𐌽 𐌼𐌰𐌷𐍄𐌴,"
Luke,19,38,𐌵𐌹𐌸𐌰𐌽𐌳𐌰𐌽𐍃: 𐌸𐌹𐌿𐌸𐌹𐌳𐌰 𐍃𐌰 𐌵𐌹𐌼𐌰𐌽𐌳𐌰 𐌸𐌹𐌿𐌳𐌰𐌽𐍃 𐌹𐌽 𐌽𐌰𐌼𐌹𐌽 𐍆𐍂𐌰𐌿𐌾𐌹𐌽𐍃; 𐌲𐌰𐍅𐌰𐌹𐍂𐌸𐌹 𐌹𐌽 𐌷𐌹𐌼𐌹𐌽𐌰 𐌾𐌰𐌷 𐍅𐌿𐌻𐌸𐌿𐍃 𐌹𐌽 𐌷𐌰𐌿𐌷𐌹𐍃𐍄𐌾𐌰𐌼.
Luke,19,39,"𐌾𐌰𐌷 𐍃𐌿𐌼𐌰𐌹 𐍆𐌰𐍂𐌴𐌹𐍃𐌰𐌹𐌴 𐌿𐍃 𐌸𐌹𐌶𐌰𐌹 𐌼𐌰𐌽𐌰𐌲𐌴𐌹𐌽 𐌵𐌴𐌸𐌿𐌽 𐌳𐌿 𐌹𐌼𐌼𐌰: 𐌻𐌰𐌹𐍃𐌰𐍂𐌹, 𐍃𐌰𐌺 𐌸𐌰𐌹𐌼 𐍃𐌹𐍀𐍉𐌽𐌾𐌰𐌼 𐌸𐌴𐌹𐌽𐌰𐌹𐌼."
Luke,19,40,"𐌾𐌰𐌷 𐌰𐌽𐌳𐌷𐌰𐍆𐌾𐌰𐌽𐌳𐍃 𐌵𐌰𐌸 𐌳𐌿 𐌹𐌼: 𐌵𐌹𐌸𐌰 𐌹𐌶𐍅𐌹𐍃 𐌸𐌰𐍄𐌴𐌹 𐌾𐌰𐌱𐌰𐌹 𐌸𐌰𐌹 𐍃𐌻𐌰𐍅𐌰𐌽𐌳, 𐍃𐍄𐌰𐌹𐌽𐍉𐍃 𐌷𐍂𐍉𐍀𐌾𐌰𐌽𐌳."
Luke,19,41,"𐌾𐌰𐌷 𐍃𐌿𐌽𐍃𐌴𐌹 𐌽𐌴𐍈𐌰 𐍅𐌰𐍃, 𐌲𐌰𐍃𐌰𐌹𐍈𐌰𐌽𐌳𐍃 𐌸𐍉 𐌱𐌰𐌿𐍂𐌲 𐌲𐌰𐌹𐌲𐍂𐍉𐍄 𐌱𐌹 𐌸𐍉, 𐌵𐌹𐌸𐌰𐌽𐌳𐍃:"
Luke,19,42,"𐌸𐌰𐍄𐌴𐌹 𐌹𐌸 𐍅𐌹𐍃𐍃𐌴𐌳𐌴𐌹𐍃 𐌾𐌰𐌷 𐌸𐌿 𐌹𐌽 𐌸𐌰𐌼𐌼𐌰 𐌳𐌰𐌲𐌰 𐌸𐌴𐌹𐌽𐌰𐌼𐌼𐌰 𐌸𐍉 𐌳𐌿 𐌲𐌰𐍅𐌰𐌹𐍂𐌸𐌾𐌰 𐌸𐌴𐌹𐌽𐌰𐌼𐌼𐌰! 𐌹𐌸 𐌽𐌿 𐌲𐌰𐍆𐌿𐌻𐌲𐌹𐌽 𐌹𐍃𐍄 𐍆𐌰𐌿𐍂𐌰 𐌰𐌿𐌲𐌰𐌼 𐌸𐌴𐌹𐌽𐌰𐌹𐌼,"
Luke,19,43,"𐌸𐌰𐍄𐌴𐌹 𐌵𐌹𐌼𐌰𐌽𐌳 𐌳𐌰𐌲𐍉𐍃 𐌰𐌽𐌰 𐌸𐌿𐍃, 𐌾𐌰𐌷 𐌱𐌹𐌲𐍂𐌰𐌱𐌰𐌽𐌳 𐍆𐌹𐌾𐌰𐌽𐌳𐍃 𐌸𐌴𐌹𐌽𐌰𐌹 𐌲𐍂𐌰𐌱𐌰𐌹 𐌸𐌿𐌺 𐌾𐌰𐌷 𐌱𐌹𐍃𐍄𐌰𐌽𐌳𐌰𐌽𐌳 𐌸𐌿𐌺 𐌾𐌰𐌷 𐌱𐌹𐍅𐌰𐌹𐌱𐌾𐌰𐌽𐌳 𐌸𐌿𐌺 𐌰𐌻𐌻𐌰𐌸𐍂𐍉."
Luke,19,44,"𐌾𐌰𐌷 𐌰𐌹𐍂𐌸𐌰𐌹 𐌸𐌿𐌺 𐌲𐌰ï𐌱𐌽𐌾𐌰𐌽𐌳 𐌾𐌰𐌷 𐌱𐌰𐍂𐌽𐌰 𐌸𐌴𐌹𐌽𐌰 𐌹𐌽 𐌸𐌿𐍃 𐌾𐌰𐌷 𐌽𐌹 𐌻𐌴𐍄𐌰𐌽𐌳 𐌹𐌽 𐌸𐌿𐍃 𐍃𐍄𐌰𐌹𐌽 𐌰𐌽𐌰 𐍃𐍄𐌰𐌹𐌽𐌰, 𐌹𐌽 𐌸𐌹𐌶𐌴𐌹 𐌽𐌹 𐌿𐍆𐌺𐌿𐌽𐌸𐌴𐍃 𐌸𐌰𐍄𐌰 𐌼𐌴𐌻 𐌽𐌹𐌿𐌷𐍃𐌴𐌹𐌽𐌰𐌹𐍃 𐌸𐌴𐌹𐌽𐌰𐌹𐌶𐍉𐍃."
Luke,19,45,"𐌾𐌰𐌷 𐌲𐌰𐌻𐌴𐌹𐌸𐌰𐌽𐌳𐍃 𐌹𐌽 𐌰𐌻𐌷 𐌳𐌿𐌲𐌰𐌽𐌽 𐌿𐍃𐍅𐌰𐌹𐍂𐍀𐌰𐌽 𐌸𐌰𐌽𐍃 𐍆𐍂𐌰𐌱𐌿𐌲𐌾𐌰𐌽𐌳𐌰𐌽𐍃 𐌹𐌽 𐌹𐌶𐌰𐌹 𐌾𐌰𐌷 𐌱𐌿𐌲𐌾𐌰𐌽𐌳𐌰𐌽𐍃,"
Luke,19,46,𐌵𐌹𐌸𐌰𐌽𐌳𐍃 𐌳𐌿 𐌹𐌼: 𐌲𐌰𐌼𐌴𐌻𐌹𐌸 𐌹𐍃𐍄 𐌸𐌰𐍄𐌴𐌹 𐌲𐌰𐍂𐌳𐍃 𐌼𐌴𐌹𐌽𐍃 𐌲𐌰𐍂𐌳𐍃 𐌱𐌹𐌳𐍉 𐌹𐍃𐍄; 𐌹𐌸 𐌾𐌿𐍃 𐌹𐌽𐌰 𐌲𐌰𐍄𐌰𐍅𐌹𐌳𐌴𐌳𐌿𐌸 𐌳𐌿 𐍆𐌹𐌻𐌴𐌲𐍂𐌾𐌰 𐌸𐌹𐌿𐌱𐌴.
Luke,19,47,𐌾𐌰𐌷 𐍅𐌰𐍃 𐌻𐌰𐌹𐍃𐌾𐌰𐌽𐌳𐍃 𐌳𐌰𐌲𐌰 𐍈𐌰𐌼𐌼𐌴𐌷 𐌹𐌽 𐌸𐌹𐌶𐌰𐌹 𐌰𐌻𐌷: 𐌹𐌸 𐌸𐌰𐌹 𐌰𐌿𐌷𐌼𐌹𐍃𐍄𐌰𐌽𐍃 𐌲𐌿𐌳𐌾𐌰𐌽𐍃 𐌾𐌰𐌷 𐌱𐍉𐌺𐌰𐍂𐌾𐍉𐍃 𐍃𐍉𐌺𐌹𐌳𐌴𐌳𐌿𐌽 𐌹𐌽𐌰 𐌿𐍃𐌵𐌹𐍃𐍄𐌾𐌰𐌽 𐌾𐌰𐌷 𐌸𐌰𐌹 𐍆𐍂𐌿𐌼𐌹𐍃𐍄𐌰𐌽𐍃 𐌼𐌰𐌽𐌰𐌲𐌴𐌹𐌽𐍃.
Luke,19,48,𐌾𐌰𐌷 𐌽𐌹 𐌱𐌹𐌲𐌴𐍄𐌿𐌽 𐍈𐌰 𐌲𐌰𐍄𐌰𐍅𐌹𐌳𐌴𐌳𐌴𐌹𐌽𐌰; 𐌼𐌰𐌽𐌰𐌲𐌴𐌹 𐌰𐌿𐌺 𐌰𐌻𐌰𐌺𐌾𐍉 𐌷𐌰𐌷𐌰𐌹𐌳𐌰 𐌳𐌿 𐌷𐌰𐌿𐍃𐌾𐌰𐌽 𐌹𐌼𐌼𐌰.
Luke,20,1,"𐌾𐌰𐌷 𐍅𐌰𐍂𐌸 𐌹𐌽 𐍃𐌿𐌼𐌰𐌼𐌼𐌰 𐌳𐌰𐌲𐌴 𐌾𐌰𐌹𐌽𐌰𐌹𐌶𐌴 𐌰𐍄 𐌻𐌰𐌹𐍃𐌾𐌰𐌽𐌳𐌹𐌽 𐌹𐌼𐌼𐌰 𐌸𐍉 𐌼𐌰𐌽𐌰𐌲𐌴𐌹𐌽 𐌹𐌽 𐌰𐌻𐌷 𐌾𐌰𐌷 𐍅𐌰𐌹𐌻𐌰𐌼𐌴𐍂𐌾𐌰𐌽𐌳𐌹𐌽, 𐌰𐍄𐍃𐍄𐍉𐌸𐌿𐌽 𐌸𐌰𐌹 𐌲𐌿𐌳𐌾𐌰𐌽𐍃 𐌾𐌰𐌷 𐌱𐍉𐌺𐌰𐍂𐌾𐍉𐍃 𐌼𐌹𐌸 𐌸𐌰𐌹𐌼 𐍃𐌹𐌽𐌹𐍃𐍄𐌰𐌼"
Luke,20,2,"𐌾𐌰𐌷 𐌵𐌴𐌸𐌿𐌽 𐌳𐌿 𐌹𐌼𐌼𐌰 𐌵𐌹𐌸𐌰𐌽𐌳𐌰𐌽𐍃: 𐌵𐌹𐌸 𐌿𐌽𐍃𐌹𐍃, 𐌹𐌽 𐍈𐌰𐌼𐌼𐌰 𐍅𐌰𐌻𐌳𐌿𐍆𐌽𐌾𐌴 𐌸𐌰𐍄𐌰 𐍄𐌰𐌿𐌾𐌹𐍃, 𐌰𐌹𐌸𐌸𐌰𐌿 𐍈𐌰𐍃 𐌹𐍃𐍄 𐍃𐌰𐌴𐌹 𐌲𐌰𐍆 𐌸𐌿𐍃 𐌸𐌰𐍄𐌰 𐍅𐌰𐌻𐌳𐌿𐍆𐌽𐌹?"
Luke,20,3,𐌰𐌽𐌳𐌷𐌰𐍆𐌾𐌰𐌽𐌳𐍃 𐌸𐌰𐌽 𐌵𐌰𐌸 𐌳𐌿 𐌹𐌼: 𐍆𐍂𐌰𐌹𐌷𐌽𐌰 𐌹𐌶𐍅𐌹𐍃 𐌾𐌰𐌷 𐌹𐌺 𐌰𐌹𐌽𐌹𐍃 𐍅𐌰𐌿𐍂𐌳𐌹𐍃 𐌾𐌰𐌷 𐌵𐌹𐌸𐌹𐌸 𐌼𐌹𐍃:
Luke,20,4,𐌳𐌰𐌿𐍀𐌴𐌹𐌽𐍃 𐌹𐍉𐌷𐌰𐌽𐌽𐌹𐍃 𐌿𐌶𐌿𐌷 𐌷𐌹𐌼𐌹𐌽𐌰 𐍅𐌰𐍃 𐌸𐌰𐌿 𐌿𐌶𐌿𐌷 𐌼𐌰𐌽𐌽𐌰𐌼?
Luke,20,5,"𐌹𐌸 𐌴𐌹𐍃 𐌸𐌰𐌷𐍄𐌴𐌳𐌿𐌽 𐌼𐌹𐌸 𐍃𐌹𐍃 𐌼𐌹𐍃𐍃𐍉 𐌵𐌹𐌸𐌰𐌽𐌳𐌰𐌽𐍃 𐌸𐌰𐍄𐌴𐌹 𐌾𐌰𐌱𐌰𐌹 𐌵𐌹𐌸𐌰𐌼: 𐌿𐍃 𐌷𐌹𐌼𐌹𐌽𐌰, 𐌵𐌹𐌸𐌹𐌸: 𐌰𐌸𐌸𐌰𐌽 𐌳𐌿𐍈𐌴 𐌽𐌹 𐌲𐌰𐌻𐌰𐌿𐌱𐌹𐌳𐌴𐌳𐌿𐌸 𐌹𐌼𐌼𐌰?"
Luke,20,6,"𐌹𐌸 𐌾𐌰𐌱𐌰𐌹 𐌵𐌹𐌸𐌰𐌼: 𐌿𐍃 𐌼𐌰𐌽𐌽𐌰𐌼, 𐌰𐌻𐌻𐌰 𐍃𐍉 𐌼𐌰𐌽𐌰𐌲𐌴𐌹 𐍃𐍄𐌰𐌹𐌽𐌰𐌼 𐌰𐍆𐍅𐌰𐌹𐍂𐍀𐌹𐌸 𐌿𐌽𐍃𐌹𐍃; 𐍄𐍂𐌹𐌲𐌲𐍅𐌰𐌱𐌰 𐌲𐌰𐌻𐌰𐌿𐌱𐌾𐌰𐌽𐌳 𐌰𐌿𐌺 𐌰𐌻𐌻𐌰𐌹 𐌹𐍉𐌷𐌰𐌽𐌽𐌴𐌽 𐍀𐍂𐌰𐌿𐍆𐌴𐍄𐌿 𐍅𐌹𐍃𐌰𐌽."
Luke,20,7,𐌾𐌰𐌷 𐌰𐌽𐌳𐌷𐍉𐍆𐌿𐌽 𐌴𐌹 𐌽𐌹 𐍅𐌹𐍃𐍃𐌴𐌳𐌴𐌹𐌽𐌰 𐍈𐌰𐌸𐍂𐍉.
Luke,20,8,"𐌾𐌰𐌷 𐌹𐌴𐍃𐌿𐍃 𐌵𐌰𐌸 𐌹𐌼: 𐌽𐌹 𐌹𐌺 𐌹𐌶𐍅𐌹𐍃 𐌵𐌹𐌸𐌰, 𐌹𐌽 𐍈𐌰𐌼𐌼𐌰 𐍅𐌰𐌻𐌳𐌿𐍆𐌽𐌾𐌴 𐌸𐌰𐍄𐌰 𐍄𐌰𐌿𐌾𐌰."
Luke,20,9,"𐌳𐌿𐌲𐌰𐌽𐌽 𐌸𐌰𐌽 𐌳𐌿 𐌼𐌰𐌽𐌰𐌲𐌴𐌹𐌽 𐌵𐌹𐌸𐌰𐌽 𐌸𐍉 𐌲𐌰𐌾𐌿𐌺𐍉𐌽: 𐌼𐌰𐌽𐌽𐌰 𐌿𐍃𐍃𐌰𐍄𐌹𐌳𐌰 𐍅𐌴𐌹𐌽𐌰𐌲𐌰𐍂𐌳, 𐌾𐌰𐌷 𐌰𐌽𐌰𐍆𐌰𐌻𐌷 𐌹𐌽𐌰 𐍅𐌰𐌿𐍂𐍃𐍄𐍅𐌾𐌰𐌼 𐌾𐌰𐌷 𐌰𐍆𐌻𐌰𐌹𐌸 𐌾𐌴𐍂𐌰 𐌲𐌰𐌽𐍉𐌷𐌰."
Luke,20,10,"𐌾𐌰𐌷 𐌹𐌽 𐌼𐌴𐌻𐌰 𐌹𐌽𐍃𐌰𐌽𐌳𐌹𐌳𐌰 𐌳𐌿 𐌸𐌰𐌹𐌼 𐌰𐌿𐍂𐍄𐌾𐌰𐌼 𐍃𐌺𐌰𐌻𐌺, 𐌴𐌹 𐌰𐌺𐍂𐌰𐌽𐌹𐍃 𐌸𐌹𐍃 𐍅𐌴𐌹𐌽𐌰𐌲𐌰𐍂𐌳𐌹𐍃 𐌲𐌴𐌱𐌴𐌹𐌽𐌰 𐌹𐌼𐌼𐌰. 𐌹𐌸 𐌸𐌰𐌹 𐌰𐌿𐍂𐍄𐌾𐌰𐌽𐍃 𐌿𐍃𐌱𐌻𐌹𐌲𐌲𐍅𐌰𐌽𐌳𐌰𐌽𐍃 𐌹𐌽𐌰 𐌹𐌽𐍃𐌰𐌽𐌳𐌹𐌳𐌴𐌳𐌿𐌽 𐌻𐌰𐌿𐍃𐌰𐌽𐌰."
Luke,20,11,𐌾𐌰𐌷 𐌰𐌽𐌰𐌰𐌹𐌰𐌿𐌺 𐍃𐌰𐌽𐌳𐌾𐌰𐌽 𐌰𐌽𐌸𐌰𐍂𐌰𐌽𐌰 𐍃𐌺𐌰𐌻𐌺; 𐌹𐌸 𐌴𐌹𐍃 𐌾𐌰𐌷 𐌾𐌰𐌹𐌽𐌰𐌽𐌰 𐌱𐌻𐌹𐌲𐌲𐍅𐌰𐌽𐌳𐌰𐌽𐍃 𐌾𐌰𐌷 𐌿𐌽𐍃𐍅𐌴𐍂𐌰𐌽𐌳𐌰𐌽𐍃 𐌹𐌽𐍃𐌰𐌽𐌳𐌹𐌳𐌴𐌳𐌿𐌽 𐌻𐌰𐌿𐍃𐌰𐌽𐌰.
Luke,20,12,𐌾𐌰𐌷 𐌰𐌽𐌰𐌰𐌹𐌰𐌿𐌺 𐍃𐌰𐌽𐌳𐌾𐌰𐌽 𐌸𐍂𐌹𐌳𐌾𐌰𐌽; 𐌹𐌸 𐌴𐌹𐍃 𐌾𐌰𐌷 𐌸𐌰𐌽𐌰 𐌲𐌰𐍅𐍉𐌽𐌳𐍉𐌽𐌳𐌰𐌽𐍃 𐌿𐍃𐍅𐌰𐌿𐍂𐍀𐌿𐌽.
Luke,20,13,𐌵𐌰𐌸 𐌸𐌰𐌽 𐍃𐌰 𐍆𐍂𐌰𐌿𐌾𐌰 𐌸𐌹𐍃 𐍅𐌴𐌹𐌽𐌰𐌲𐌰𐍂𐌳𐌹𐍃: 𐍈𐌰 𐍄𐌰𐌿𐌾𐌰𐌿? 𐍃𐌰𐌽𐌳𐌾𐌰 𐍃𐌿𐌽𐌿 𐌼𐌴𐌹𐌽𐌰𐌽𐌰 𐌸𐌰𐌽𐌰 𐌻𐌹𐌿𐌱𐌰𐌽; 𐌰𐌿𐍆𐍄𐍉 𐌸𐌰𐌽𐌰 𐌲𐌰𐍃𐌰𐌹𐍈𐌰𐌽𐌳𐌰𐌽𐍃 𐌰𐌹𐍃𐍄𐌰𐌽𐌳.
Luke,20,14,"𐌲𐌰𐍃𐌰𐌹𐍈𐌰𐌽𐌳𐌰𐌽𐍃 𐌸𐌰𐌽 𐌹𐌽𐌰 𐌸𐌰𐌹 𐌰𐌿𐍂𐍄𐌾𐌰𐌽𐍃 𐌸𐌰𐌷𐍄𐌴𐌳𐌿𐌽 𐌼𐌹𐌸 𐍃𐌹𐍃 𐌼𐌹𐍃𐍃𐍉 𐌵𐌹𐌸𐌰𐌽𐌳𐌰𐌽𐍃, 𐍃𐌰 𐌹𐍃𐍄 𐍃𐌰 𐌰𐍂𐌱𐌹𐌽𐌿𐌼𐌾𐌰; 𐌰𐍆𐍃𐌻𐌰𐌷𐌰𐌼 𐌹𐌽𐌰, 𐌴𐌹 𐌿𐌽𐍃 𐍅𐌰𐌹𐍂𐌸𐌰𐌹 𐌸𐌰𐍄𐌰 𐌰𐍂𐌱𐌹."
Luke,20,15,𐌾𐌰𐌷 𐌿𐍃𐍅𐌰𐌹𐍂𐍀𐌰𐌽𐌳𐌰𐌽𐍃 𐌹𐌽𐌰 𐌿𐍄 𐌿𐍃 𐌸𐌰𐌼𐌼𐌰 𐍅𐌴𐌹𐌽𐌰𐌲𐌰𐍂𐌳𐌰 𐌿𐍃𐌵𐌴𐌼𐌿𐌽. 𐍈𐌰 𐌽𐌿 𐍄𐌰𐌿𐌾𐌰𐌹 𐌹𐌼 𐍆𐍂𐌰𐌿𐌾𐌰 𐌸𐌹𐍃 𐍅𐌴𐌹𐌽𐌰𐌲𐌰𐍂𐌳𐌹𐍃?
Luke,20,16,𐌵𐌹𐌼𐌹𐌸 𐌾𐌰𐌷 𐌿𐍃𐌵𐌹𐍃𐍄𐌴𐌹𐌸 𐌰𐌿𐍂𐍄𐌾𐌰𐌼 𐌸𐌰𐌹𐌼 𐌾𐌰𐌷 𐌲𐌹𐌱𐌹𐌸 𐌸𐌰𐌽𐌰 𐍅𐌴𐌹𐌽𐌰𐌲𐌰𐍂𐌳 𐌰𐌽𐌸𐌰𐍂𐌰𐌹𐌼. 𐌲𐌰𐌷𐌰𐌿𐍃𐌾𐌰𐌽𐌳𐌰𐌽𐍃 𐌵𐌴𐌸𐌿𐌽 𐌸𐌰𐌽: 𐌽𐌹𐍃~𐍃𐌹𐌾𐌰𐌹.
Luke,20,17,"𐌹𐌸 𐌹𐍃 𐌹𐌽𐍃𐌰𐌹𐍈𐌰𐌽𐌳𐍃 𐌳𐌿 𐌹𐌼 𐌵𐌰𐌸: 𐌰𐌸𐌸𐌰𐌽 𐍈𐌰 𐌹𐍃𐍄 𐌸𐌰𐍄𐌰 𐌲𐌰𐌼𐌴𐌻𐌹𐌳𐍉: 𐍃𐍄𐌰𐌹𐌽𐍃 𐌸𐌰𐌼𐌼𐌴𐌹 𐌿𐍃𐌺𐌿𐍃𐌿𐌽 𐍄𐌹𐌼𐍂𐌾𐌰𐌽𐍃, 𐍃𐌰𐌷 𐍅𐌰𐍂𐌸 𐌳𐌿 𐌷𐌰𐌿𐌱𐌹𐌳𐌰 𐍅𐌰𐌹𐌷𐍃𐍄𐌹𐌽𐍃?"
Luke,20,18,"𐍈𐌰𐌶𐌿𐌷 𐍃𐌰𐌴𐌹 𐌳𐍂𐌹𐌿𐍃𐌹𐌸 𐌰𐌽𐌰 𐌸𐌰𐌽𐌰 𐍃𐍄𐌰𐌹𐌽, 𐌲𐌰𐌺𐍂𐍉𐍄𐌿𐌳𐌰; 𐌹𐌸 𐌰𐌽𐌰 𐌸𐌰𐌽𐌴𐌹 𐌳𐍂𐌹𐌿𐍃𐌹𐌸, 𐌳𐌹𐍃𐍅𐌹𐌽𐌸𐌴𐌹𐌸 𐌹𐌽𐌰."
Luke,20,19,𐌾𐌰𐌷 𐍃𐍉𐌺𐌹𐌳𐌴𐌳𐌿𐌽 𐌸𐌰𐌹 𐌱𐍉𐌺𐌰𐍂𐌾𐍉𐍃 𐌾𐌰𐌷 𐌰𐌿𐌷𐌿𐌼𐌹𐍃𐍄𐌰𐌽𐍃 𐌲𐌿𐌳𐌾𐌰𐌽𐍃 𐌿𐍃𐌻𐌰𐌲𐌾𐌰𐌽 𐌰𐌽𐌰 𐌹𐌽𐌰 𐌷𐌰𐌽𐌳𐌿𐌽𐍃 𐌹𐌽 𐌸𐌹𐌶𐌰𐌹 𐍈𐌴𐌹𐌻𐌰𐌹 𐌾𐌰𐌷 𐍉𐌷𐍄𐌴𐌳𐌿𐌽 𐌸𐍉 𐌼𐌰𐌽𐌰𐌲𐌴𐌹𐌽; 𐍆𐍂𐍉𐌸𐌿𐌽 𐌰𐌿𐌺 𐌸𐌰𐍄𐌴𐌹 𐌳𐌿 𐌹𐌼 𐌸𐍉 𐌲𐌰𐌾𐌿𐌺𐍉𐌽 𐌵𐌰𐌸.
Luke,20,20,"𐌾𐌰𐌷 𐌰𐍆𐌻𐌴𐌹𐌸𐌰𐌽𐌳𐌰𐌽𐍃 𐌹𐌽𐍃𐌰𐌽𐌳𐌹𐌳𐌴𐌳𐌿𐌽 𐍆𐌴𐍂𐌾𐌰𐌽𐍃, 𐌸𐌰𐌽𐍃 𐌿𐍃 𐌻𐌹𐌿𐍄𐌴𐌹𐌽 𐍄𐌰𐌹𐌺𐌽𐌾𐌰𐌽𐌳𐌰𐌽𐍃 𐍃𐌹𐌺 𐌲𐌰𐍂𐌰𐌹𐌷𐍄𐌰𐌽𐍃 𐍅𐌹𐍃𐌰𐌽, 𐌴𐌹 𐌲𐌰𐍆𐌰𐌹𐍆𐌰𐌷𐌴𐌹𐌽𐌰 𐌹𐍃 𐍅𐌰𐌿𐍂𐌳𐌴𐌹 𐌾𐌰𐌷 𐌰𐍄𐌲𐌴𐌱𐌴𐌹𐌽𐌰 𐌹𐌽𐌰 𐍂𐌴𐌹𐌺𐌾𐌰 𐌾𐌰𐌷 𐍅𐌰𐌻𐌳𐌿𐍆𐌽𐌾𐌰 𐌺𐌹𐌽𐌳𐌹𐌽𐌹𐍃."
Luke,20,21,"𐌾𐌰𐌷 𐍆𐍂𐌴𐌷𐌿𐌽 𐌹𐌽𐌰 𐌵𐌹𐌸𐌰𐌽𐌳𐌰𐌽𐍃: 𐌻𐌰𐌹𐍃𐌰𐍂𐌹, 𐍅𐌹𐍄𐌿𐌼 𐌸𐌰𐍄𐌴𐌹 𐍂𐌰𐌹𐌷𐍄𐌰𐌱𐌰 𐍂𐍉𐌳𐌴𐌹𐍃 𐌾𐌰𐌷 𐌻𐌰𐌹𐍃𐌴𐌹𐍃 𐌾𐌰𐌷 𐌽𐌹 𐌰𐌽𐌳𐍃𐌰𐌹𐍈𐌹𐍃 𐌰𐌽𐌳𐍅𐌰𐌹𐍂𐌸𐌹, 𐌰𐌺 𐌱𐌹 𐍃𐌿𐌽𐌾𐌰𐌹 𐍅𐌹𐌲 𐌲𐌿𐌳𐌹𐍃 𐌻𐌰𐌹𐍃𐌴𐌹𐍃:"
Luke,20,22,𐍃𐌺𐌿𐌻𐌳𐌿 𐌹𐍃𐍄 𐌿𐌽𐍃𐌹𐍃 𐌺𐌰𐌹𐍃𐌰𐍂𐌰 𐌲𐌹𐌻𐌳 𐌲𐌹𐌱𐌰𐌽 𐌸𐌰𐌿 𐌽𐌹𐌿?
Luke,20,23,𐌱𐌹𐍃𐌰𐌹𐍈𐌰𐌽𐌳𐍃 𐌸𐌰𐌽 𐌹𐌶𐌴 𐌿𐌽𐍃𐌴𐌻𐌴𐌹𐌽 𐌹𐌴𐍃𐌿𐍃 𐌵𐌰𐌸 𐌳𐌿 𐌹𐌼: 𐍈𐌰 𐌼𐌹𐌺 𐍆𐍂𐌰𐌹𐍃𐌹𐌸?
Luke,20,24,𐌰𐍄𐌰𐌿𐌲𐌴𐌹𐌸 𐌼𐌹𐍃 𐍃𐌺𐌰𐍄𐍄: 𐍈𐌹𐍃 𐌷𐌰𐌱𐌰𐌹𐌸 𐌼𐌰𐌽𐌻𐌴𐌹𐌺𐌰𐌽 𐌾𐌰𐌷 𐌿𐍆𐌰𐍂𐌼𐌴𐌻𐌹? 𐌰𐌽𐌳𐌷𐌰𐍆𐌾𐌰𐌽𐌳𐌰𐌽𐍃 𐌸𐌰𐌽 𐌵𐌴𐌸𐌿𐌽: 𐌺𐌰𐌹𐍃𐌰𐍂𐌹𐍃.
Luke,20,25,𐌹𐌸 𐌹𐍃 𐌵𐌰𐌸𐌿𐌷 𐌳𐌿 𐌹𐌼: 𐌿𐍃~𐌽𐌿~𐌲𐌹𐌱𐌹𐌸 𐌸𐍉 𐌺𐌰𐌹𐍃𐌰𐍂𐌹𐍃 𐌺𐌰𐌹𐍃𐌰𐍂𐌰 𐌾𐌰𐌷 𐌸𐍉 𐌲𐌿𐌳𐌹𐍃 𐌲𐌿𐌳𐌰.
Luke,20,26,𐌾𐌰𐌷 𐌽𐌹 𐌼𐌰𐌷𐍄𐌴𐌳𐌿𐌽 𐌲𐌰𐍆𐌰𐌷𐌰𐌽 𐌹𐍃 𐍅𐌰𐌿𐍂𐌳𐌴 𐌹𐌽 𐌰𐌽𐌳𐍅𐌰𐌹𐍂𐌸𐌾𐌰 𐌼𐌰𐌽𐌰𐌲𐌴𐌹𐌽𐍃 𐌾𐌰𐌷 𐍃𐌹𐌻𐌳𐌰𐌻𐌴𐌹𐌺𐌾𐌰𐌽𐌳𐌰𐌽𐍃 𐌰𐌽𐌳𐌰𐍅𐌰𐌿𐍂𐌳𐌴 𐌹𐍃 𐌲𐌰𐌸𐌰𐌷𐌰𐌹𐌳𐌴𐌳𐌿𐌽.
Luke,20,27,"𐌳𐌿 𐌰𐍄𐌲𐌰𐌲𐌲𐌰𐌽𐌳𐌰𐌽𐍃 𐌸𐌰𐌽 𐍃𐌿𐌼𐌰𐌹 𐍃𐌰𐌳𐌳𐌿𐌺𐌰𐌹𐌴, 𐌸𐌰𐌹𐌴𐌹 𐌵𐌹𐌸𐌰𐌽𐌳 𐌿𐍃𐍃𐍄𐌰𐍃𐍃 𐌽𐌹 𐍅𐌹𐍃𐌰𐌽, 𐍆𐍂𐌴𐌷𐌿𐌽 𐌹𐌽𐌰"
Luke,20,28,"𐌵𐌹𐌸𐌰𐌽𐌳𐌰𐌽𐍃: 𐌻𐌰𐌹𐍃𐌰𐍂𐌹, 𐌼𐍉𐍃𐌴𐍃 𐌲𐌰𐌼𐌴𐌻𐌹𐌳𐌰 𐌿𐌽𐍃, 𐌾𐌰𐌱𐌰𐌹 𐍈𐌹𐍃 𐌱𐍂𐍉𐌸𐌰𐍂 𐌲𐌰𐌳𐌰𐌿𐌸𐌽𐌰𐌹 𐌰𐌹𐌲𐌰𐌽𐌳𐍃 𐌵𐌴𐌽, 𐌾𐌰𐌷 𐍃𐌰 𐌿𐌽𐌱𐌰𐍂𐌽𐌰𐌷𐍃 𐌲𐌰𐌳𐌰𐌿𐌸𐌽𐌰𐌹, 𐌴𐌹 𐌽𐌹𐌼𐌰𐌹 𐌱𐍂𐍉𐌸𐌰𐍂 𐌹𐍃 𐌸𐍉 𐌵𐌴𐌽 𐌾𐌰𐌷 𐌿𐍂𐍂𐌰𐌹𐍃𐌾𐌰𐌹 𐍆𐍂𐌰𐌹𐍅 𐌱𐍂𐍉𐌸𐍂 𐍃𐌴𐌹𐌽𐌰𐌼𐌼𐌰."
Luke,20,29,"𐍃𐌹𐌱𐌿𐌽 𐌽𐌿 𐌱𐍂𐍉𐌸𐍂𐌾𐌿𐍃 𐍅𐌴𐍃𐌿𐌽, 𐌾𐌰𐌷 𐍃𐌰 𐍆𐍂𐌿𐌼𐌹𐍃𐍄𐌰 𐌽𐌹𐌼𐌰𐌽𐌳𐍃 𐌵𐌴𐌽 𐌲𐌰𐌳𐌰𐌿𐌸𐌽𐍉𐌳𐌰 𐌿𐌽𐌱𐌰𐍂𐌽𐌰𐌷𐍃."
Luke,20,30,"𐌾𐌰𐌷 𐌽𐌰𐌼 𐌰𐌽𐌸𐌰𐍂 𐌸𐍉 𐌵𐌴𐌽, 𐌾𐌰𐌷 𐍃𐌰 𐌲𐌰𐍃𐍅𐌰𐌻𐍄 𐌿𐌽𐌱𐌰𐍂𐌽𐌰𐌷𐍃."
Luke,20,31,"𐌾𐌰𐌷 𐌸𐍂𐌹𐌳𐌾𐌰 𐌽𐌰𐌼 𐌸𐍉 𐍃𐌰𐌼𐌰𐌻𐌴𐌹𐌺𐍉; 𐍃𐌰𐌼𐌰𐌻𐌴𐌹𐌺𐍉 𐌸𐌰𐌽 𐌾𐌰𐌷 𐌸𐌰𐌹 𐍃𐌹𐌱𐌿𐌽, 𐌾𐌰𐌷 𐌽𐌹 𐌱𐌹𐌻𐌹𐌸𐌿𐌽 𐌱𐌰𐍂𐌽𐌴 𐌾𐌰𐌷 𐌲𐌰𐍃𐍅𐌿𐌻𐍄𐌿𐌽."
Luke,20,32,𐍃𐍀𐌴𐌳𐌹𐍃𐍄𐌰 𐌰𐌻𐌻𐌰𐌹𐌶𐌴 𐌲𐌰𐌳𐌰𐌿𐌸𐌽𐍉𐌳𐌰 𐌾𐌰𐌷 𐍃𐍉 𐌵𐌴𐌽𐍃.
Luke,20,33,"𐌹𐌽 𐌸𐌹𐌶𐌰𐌹 𐌿𐍃𐍃𐍄𐌰𐍃𐍃𐌰𐌹 𐌽𐌿, 𐍈𐌰𐍂𐌾𐌹𐍃 𐌸𐌹𐌶𐌴 𐍅𐌰𐌹𐍂𐌸𐌹𐌸 𐌵𐌴𐌽𐍃? 𐌸𐌰𐌹 𐌰𐌿𐌺 𐍃𐌹𐌱𐌿𐌽 𐌰𐌹𐌷𐍄𐌴𐌳𐌿𐌽 𐌸𐍉 𐌳𐌿 𐌵𐌴𐌽𐌰𐌹."
Luke,20,34,𐌾𐌰𐌷 𐌰𐌽𐌳𐌷𐌰𐍆𐌾𐌰𐌽𐌳𐍃 𐌵𐌰𐌸 𐌳𐌿 𐌹𐌼 𐌹𐌴𐍃𐌿𐍃: 𐌸𐌰𐌹 𐍃𐌿𐌽𐌾𐌿𐍃 𐌸𐌹𐍃 𐌰𐌹𐍅𐌹𐍃 𐌻𐌹𐌿𐌲𐌰𐌽𐌳 𐌾𐌰𐌷 𐌻𐌹𐌿𐌲𐌰𐌽𐌳𐌰;
Luke,20,35,"𐌹𐌸 𐌸𐌰𐌹𐌴𐌹 𐍅𐌰𐌹𐍂𐌸𐌰𐌹 𐍃𐌹𐌽𐌳 𐌾𐌰𐌹𐌽𐌹𐍃 𐌰𐌹𐍅𐌹𐍃 𐌽𐌹𐌿𐍄𐌰𐌽 𐌾𐌰𐌷 𐌿𐍃𐍃𐍄𐌰𐍃𐍃𐌰𐌹𐍃 𐌿𐍃 𐌳𐌰𐌿𐌸𐌰𐌹𐌼, 𐌽𐌹 𐌻𐌹𐌿𐌲𐌰𐌽𐌳 𐌽𐌹 𐌻𐌹𐌿𐌲𐌰𐌽𐌳𐌰;"
Luke,20,36,"𐌽𐌹𐌷 𐌰𐌻𐌻𐌹𐍃 𐌲𐌰𐍃𐍅𐌹𐌻𐍄𐌰𐌽 𐌸𐌰𐌽𐌰𐍃𐌴𐌹𐌸𐍃 𐌼𐌰𐌲𐌿𐌽, 𐌹𐌱𐌽𐌰𐌽𐍃 𐌰𐌲𐌲𐌹𐌻𐌿𐌼 𐌰𐌿𐌺 𐍃𐌹𐌽𐌳 𐌾𐌰𐌷 𐍃𐌿𐌽𐌾𐌿𐍃 𐍃𐌹𐌽𐌳 𐌲𐌿𐌳𐌹𐍃, 𐌿𐍃𐍃𐍄𐌰𐍃𐍃𐌰𐌹𐍃 𐍃𐌿𐌽𐌾𐌿𐍃 𐍅𐌹𐍃𐌰𐌽𐌳𐌰𐌽𐍃."
Luke,20,37,"𐌰𐌸𐌸𐌰𐌽 𐌸𐌰𐍄𐌴𐌹 𐌿𐍂𐍂𐌴𐌹𐍃𐌰𐌽𐌳 𐌳𐌰𐌿𐌸𐌰𐌽𐍃, 𐌾𐌰𐌷 𐌼𐍉𐍃𐌴𐍃 𐌱𐌰𐌽𐌳𐍅𐌹𐌳𐌰 𐌰𐌽𐌰 𐌰𐌹𐍈𐌰𐍄𐌿𐌽𐌳𐌾𐌰𐌹, 𐍃𐍅𐌴 𐌵𐌹𐌸𐌹𐌸: 𐍃𐌰𐍈 𐍆𐍂𐌰𐌿𐌾𐌰𐌽 𐌲𐌿𐌸 𐌰𐌱𐍂𐌰𐌷𐌰𐌼𐌹𐍃 𐌾𐌰𐌷 𐌲𐌿𐌸 𐌹𐍃𐌰𐌺𐌹𐍃 𐌾𐌰𐌷 𐌲𐌿𐌸 𐌹𐌰𐌺𐍉𐌱𐌹𐍃."
Luke,20,38,"𐌰𐌸𐌸𐌰𐌽 𐌲𐌿𐌸 𐌽𐌹𐍃𐍄 𐌳𐌰𐌿𐌸𐌰𐌹𐌶𐌴, 𐌰𐌺 𐌵𐌹𐍅𐌰𐌹𐌶𐌴; 𐌰𐌻𐌻𐌰𐌹 𐌰𐌿𐌺 𐌹𐌼𐌼𐌰 𐌻𐌹𐌱𐌰𐌽𐌳."
Luke,20,39,"𐌰𐌽𐌳𐌷𐌰𐍆𐌾𐌰𐌽𐌳𐌰𐌽𐍃 𐌸𐌰𐌽 𐍃𐌿𐌼𐌰𐌹 𐌸𐌹𐌶𐌴 𐌱𐍉𐌺𐌰𐍂𐌾𐌴 𐌵𐌴𐌸𐌿𐌽: 𐌻𐌰𐌹𐍃𐌰𐍂𐌹, 𐍅𐌰𐌹𐌻𐌰 𐌵𐌰𐍃𐍄."
Luke,20,40,𐌽𐌹𐌸~𐌸𐌰𐌽 𐌸𐌰𐌽𐌰𐍃𐌴𐌹𐌸𐍃 𐌲𐌰𐌳𐌰𐌿𐍂𐍃𐍄𐌴𐌳𐌿𐌽 𐍆𐍂𐌰𐌹𐌷𐌽𐌰𐌽 𐌹𐌽𐌰 𐌽𐌹 𐍅𐌰𐌹𐌷𐍄𐌰𐌹𐍃.
Luke,20,41,𐌵𐌰𐌸 𐌸𐌰𐌽 𐌳𐌿 𐌹𐌼: 𐍈𐌰𐌹𐍅𐌰 𐌵𐌹𐌸𐌰𐌽𐌳 𐍇𐍂𐌹𐍃𐍄𐌿 𐍃𐌿𐌽𐌿 𐌳𐌰𐍅𐌴𐌹𐌳𐌹𐍃 𐍅𐌹𐍃𐌰𐌽?
Luke,20,42,"𐌾𐌰𐌷 𐍃𐌹𐌻𐌱𐌰 𐌳𐌰𐍅𐌴𐌹𐌳 𐌵𐌹𐌸𐌹𐌸 𐌹𐌽 𐌱𐍉𐌺𐍉𐌼 𐍀𐍃𐌰𐌻𐌼𐍉: 𐌵𐌰𐌸 𐍆𐍂𐌰𐌿𐌾𐌰 𐌳𐌿 𐍆𐍂𐌰𐌿𐌾𐌹𐌽 𐌼𐌴𐌹𐌽𐌰𐌼𐌼𐌰: 𐍃𐌹𐍄 𐌰𐍆 𐍄𐌰𐌹𐌷𐍃𐍅𐍉𐌽 𐌼𐌴𐌹𐌽𐌰𐌹,"
Luke,20,43,𐌿𐌽𐍄𐌴 𐌹𐌺 𐌲𐌰𐌻𐌰𐌲𐌾𐌰 𐍆𐌹𐌾𐌰𐌽𐌳𐍃 𐌸𐌴𐌹𐌽𐌰𐌽𐍃 𐍆𐍉𐍄𐌿𐌱𐌰𐌿𐍂𐌳 𐍆𐍉𐍄𐌹𐍅𐌴 𐌸𐌴𐌹𐌽𐌰𐌹𐌶𐌴.
Luke,20,44,"𐌳𐌰𐍅𐌴𐌹𐌳 𐌹𐌽𐌰 𐍆𐍂𐌰𐌿𐌾𐌰𐌽 𐌷𐌰𐌹𐍄𐌹𐌸, 𐌾𐌰𐌷 𐍈𐌰𐌹𐍅𐌰 𐍃𐌿𐌽𐌿𐍃 𐌹𐌼𐌼𐌰 𐌹𐍃𐍄?"
Luke,20,45,𐌰𐍄 𐌲𐌰𐌷𐌰𐌿𐍃𐌾𐌰𐌽𐌳𐌴𐌹𐌽 𐌸𐌰𐌽 𐌰𐌻𐌻𐌰𐌹 𐌼𐌰𐌽𐌰𐌲𐌴𐌹𐌽 𐌵𐌰𐌸 𐌳𐌿 𐍃𐌹𐍀𐍉𐌽𐌾𐌰𐌼 𐍃𐌴𐌹𐌽𐌰𐌹𐌼:
Luke,20,46,𐌰𐍄𐍃𐌰𐌹𐍈𐌹𐌸 𐍆𐌰𐌿𐍂𐌰 𐌱𐍉𐌺𐌰𐍂𐌾𐌰𐌼 𐌸𐌰𐌹𐌼 𐍅𐌹𐌻𐌾𐌰𐌽𐌳𐌰𐌼 𐌲𐌰𐌲𐌲𐌰𐌽 𐌹𐌽 𐍈𐌴𐌹𐍄𐌰𐌹𐌼....
Luke,20,47,
Luke,21,1,
Luke,21,2,
Luke,21,3,
Luke,21,4,
Luke,21,5,
Luke,21,6,
Luke,21,7,
Luke,21,8,
Luke,21,9,
Luke,21,10,
Luke,21,11,
Luke,21,12,
Luke,21,13,
Luke,21,14,
Luke,21,15,
Luke,21,16,
Luke,21,17,
Luke,21,18,
Luke,21,19,
Luke,21,20,
Luke,21,21,
Luke,21,22,
Luke,21,23,
Luke,21,24,
Luke,21,25,
Luke,21,26,
Luke,21,27,
Luke,21,28,
Luke,21,29,
Luke,21,30,
Luke,21,31,
Luke,21,32,
Luke,21,33,
Luke,21,34,
Luke,21,35,
Luke,21,36,
Luke,21,37,
Luke,21,38,
Luke,22,1,
Luke,22,2,
Luke,22,3,
Luke,22,4,
Luke,22,5,
Luke,22,6,
Luke,22,7,
Luke,22,8,
Luke,22,9,
Luke,22,10,
Luke,22,11,
Luke,22,12,
Luke,22,13,
Luke,22,14,
Luke,22,15,
Luke,22,16,
Luke,22,17,
Luke,22,18,
Luke,22,19,
Luke,22,20,
Luke,22,21,
Luke,22,22,
Luke,22,23,
Luke,22,24,
Luke,22,25,
Luke,22,26,
Luke,22,27,
Luke,22,28,
Luke,22,29,
Luke,22,30,
Luke,22,31,
Luke,22,32,
Luke,22,33,
Luke,22,34,
Luke,22,35,
Luke,22,36,
Luke,22,37,
Luke,22,38,
Luke,22,39,
Luke,22,40,
Luke,22,41,
Luke,22,42,
Luke,22,43,
Luke,22,44,
Luke,22,45,
Luke,22,46,
Luke,22,47,
Luke,22,48,
Luke,22,49,
Luke,22,50,
Luke,22,51,
Luke,22,52,
Luke,22,53,
Luke,22,54,
Luke,22,55,
Luke,22,56,
Luke,22,57,
Luke,22,58,
Luke,22,59,
Luke,22,60,
Luke,22,61,
Luke,22,62,
Luke,22,63,
Luke,22,64,
Luke,22,65,
Luke,22,66,
Luke,22,67,
Luke,22,68,
Luke,22,69,
Luke,22,70,
Luke,22,71,
Luke,23,1,
Luke,23,2,
Luke,23,3,
Luke,23,4,
Luke,23,5,
Luke,23,6,
Luke,23,7,
Luke,23,8,
Luke,23,9,
Luke,23,10,
Luke,23,11,
Luke,23,12,
Luke,23,13,
Luke,23,14,
Luke,23,15,
Luke,23,16,
Luke,23,17,
Luke,23,18,
Luke,23,19,
Luke,23,20,
Luke,23,21,
Luke,23,22,
Luke,23,23,
Luke,23,24,
Luke,23,25,
Luke,23,26,
Luke,23,27,
Luke,23,28,
Luke,23,29,
Luke,23,30,
Luke,23,31,
Luke,23,32,
Luke,23,33,
Luke,23,34,
Luke,23,35,
Luke,23,36,
Luke,23,37,
Luke,23,38,
Luke,23,39,
Luke,23,40,
Luke,23,41,
Luke,23,42,
Luke,23,43,
Luke,23,44,
Luke,23,45,
Luke,23,46,
Luke,23,47,
Luke,23,48,
Luke,23,49,
Luke,23,50,
Luke,23,51,
Luke,23,52,
Luke,23,53,
Luke,23,54,
Luke,23,55,
Luke,23,56,
Luke,24,1,
Luke,24,2,
Luke,24,3,
Luke,24,4,
Luke,24,5,
Luke,24,6,
Luke,24,7,
Luke,24,8,
Luke,24,9,
Luke,24,10,
Luke,24,11,
Luke,24,12,
Luke,24,13,
Luke,24,14,
Luke,24,15,
Luke,24,16,
Luke,24,17,
Luke,24,18,
Luke,24,19,
Luke,24,20,
Luke,24,21,
Luke,24,22,
Luke,24,23,
Luke,24,24,
Luke,24,25,
Luke,24,26,
Luke,24,27,
Luke,24,28,
Luke,24,29,
Luke,24,30,
Luke,24,31,
Luke,24,32,
Luke,24,33,
Luke,24,34,
Luke,24,35,
Luke,24,36,
Luke,24,37,
Luke,24,38,
Luke,24,39,
Luke,24,40,
Luke,24,41,
Luke,24,42,
Luke,24,43,
Luke,24,44,
Luke,24,45,
Luke,24,46,
Luke,24,47,
Luke,24,48,
Luke,24,49,
Luke,24,50,
Luke,24,51,
Luke,24,52,
Luke,24,53,
John,1,1,
John,1,2,
John,1,3,
John,1,4,
John,1,5,
John,1,6,
John,1,7,
John,1,8,
John,1,9,
John,1,10,
John,1,11,
John,1,12,
John,1,13,
John,1,14,
John,1,15,
John,1,16,
John,1,17,
John,1,18,
John,1,19,
John,1,20,
John,1,21,
John,1,22,
John,1,23,
John,1,24,
John,1,25,
John,1,26,
John,1,27,
John,1,28,
John,1,29,
John,1,30,
John,1,31,
John,1,32,
John,1,33,
John,1,34,
John,1,35,
John,1,36,
John,1,37,
John,1,38,
John,1,39,
John,1,40,
John,1,41,
John,1,42,
John,1,43,
John,1,44,
John,1,45,
John,1,46,
John,1,47,
John,1,48,
John,1,49,
John,1,50,
John,1,51,
John,2,1,
John,2,2,
John,2,3,
John,2,4,
John,2,5,
John,2,6,
John,2,7,
John,2,8,
John,2,9,
John,2,10,
John,2,11,
John,2,12,
John,2,13,
John,2,14,
John,2,15,
John,2,16,
John,2,17,
John,2,18,
John,2,19,
John,2,20,
John,2,21,
John,2,22,
John,2,23,
John,2,24,
John,2,25,
John,3,1,
John,3,2,
John,3,3,
John,3,4,
John,3,5,
John,3,6,
John,3,7,
John,3,8,
John,3,9,
John,3,10,
John,3,11,
John,3,12,
John,3,13,
John,3,14,
John,3,15,
John,3,16,
John,3,17,
John,3,18,
John,3,19,
John,3,20,
John,3,21,
John,3,22,
John,3,23,
John,3,24,
John,3,25,
John,3,26,
John,3,27,
John,3,28,
John,3,29,
John,3,30,
John,3,31,
John,3,32,
John,3,33,
John,3,34,
John,3,35,
John,3,36,
John,4,1,
John,4,2,
John,4,3,
John,4,4,
John,4,5,
John,4,6,
John,4,7,
John,4,8,
John,4,9,
John,4,10,
John,4,11,
John,4,12,
John,4,13,
John,4,14,
John,4,15,
John,4,16,
John,4,17,
John,4,18,
John,4,19,
John,4,20,
John,4,21,
John,4,22,
John,4,23,
John,4,24,
John,4,25,
John,4,26,
John,4,27,
John,4,28,
John,4,29,
John,4,30,
John,4,31,
John,4,32,
John,4,33,
John,4,34,
John,4,35,
John,4,36,
John,4,37,
John,4,38,
John,4,39,
John,4,40,
John,4,41,
John,4,42,
John,4,43,
John,4,44,
John,4,45,
John,4,46,
John,4,47,
John,4,48,
John,4,49,
John,4,50,
John,4,51,
John,4,52,
John,4,53,
John,4,54,
John,5,1,
John,5,2,
John,5,3,
John,5,4,
John,5,5,
John,5,6,
John,5,7,
John,5,8,
John,5,9,
John,5,10,
John,5,11,
John,5,12,
John,5,13,
John,5,14,
John,5,15,
John,5,16,
John,5,17,
John,5,18,
John,5,19,
John,5,20,
John,5,21,
John,5,22,
John,5,23,
John,5,24,
John,5,25,
John,5,26,
John,5,27,
John,5,28,
John,5,29,
John,5,30,
John,5,31,
John,5,32,
John,5,33,
John,5,34,
John,5,35,
John,5,36,
John,5,37,
John,5,38,
John,5,39,
John,5,40,
John,5,41,
John,5,42,
John,5,43,
John,5,44,
John,5,45,".... 𐌸𐌰𐍄𐌴𐌹 𐌹𐌺 𐍅𐍂𐍉𐌷𐌹𐌳𐌴𐌳𐌾𐌰𐌿 𐌹𐌶𐍅𐌹𐍃 𐌳𐌿 𐌰𐍄𐍄𐌹𐌽; 𐌹𐍃𐍄 𐍃𐌰𐌴𐌹 𐍅𐍂𐍉𐌷𐌹𐌳𐌰 𐌹𐌶𐍅𐌹𐍃, 𐌼𐍉𐍃𐌴𐍃, 𐌳𐌿 𐌸𐌰𐌼𐌼𐌴𐌹 𐌾𐌿𐍃 𐍅𐌴𐌽𐌴𐌹𐌸."
John,5,46,"𐌾𐌰𐌱𐌰𐌹 𐌰𐌻𐌻𐌹𐍃 𐌼𐍉𐍃𐌴 𐌲𐌰𐌻𐌰𐌿𐌱𐌹𐌳𐌴𐌳𐌴𐌹𐌸, 𐌲𐌰~𐌸𐌰𐌿~𐌻𐌰𐌿𐌱𐌹𐌳𐌴𐌳𐌴𐌹𐌸 𐌼𐌹𐍃; 𐌱𐌹 𐌼𐌹𐌺 𐌰𐌿𐌺 𐌾𐌰𐌹𐌽𐍃 𐌲𐌰𐌼𐌴𐌻𐌹𐌳𐌰."
John,5,47,"𐌸𐌰𐌽𐌳𐌴 𐌽𐌿 𐌾𐌰𐌹𐌽𐌹𐍃 𐌼𐌴𐌻𐌰𐌼 𐌽𐌹 𐌲𐌰𐌻𐌰𐌿𐌱𐌴𐌹𐌸, 𐍈𐌰𐌹𐍅𐌰 𐌼𐌴𐌹𐌽𐌰𐌹𐌼 𐍅𐌰𐌿𐍂𐌳𐌰𐌼 𐌲𐌰𐌻𐌰𐌿𐌱𐌾𐌰𐌹𐌸?"
John,6,1,𐌰𐍆𐌰𐍂 𐌸𐌰𐍄𐌰 𐌲𐌰𐌻𐌰𐌹𐌸 𐌹𐌴𐍃𐌿𐍃 𐌿𐍆𐌰𐍂 𐌼𐌰𐍂𐌴𐌹𐌽 𐌸𐍉 𐌲𐌰𐌻𐌴𐌹𐌻𐌰𐌹𐌴 𐌾𐌰𐌷 𐍄𐌹𐌱𐌰𐌹𐍂𐌹𐌰𐌳𐌴.
John,6,2,"𐌾𐌰𐌷 𐌻𐌰𐌹𐍃𐍄𐌹𐌳𐌰 𐌹𐌽𐌰 𐌼𐌰𐌽𐌰𐌲𐌴𐌹𐌽𐍃 𐍆𐌹𐌻𐌿, 𐌿𐌽𐍄𐌴 𐌲𐌰𐍃𐌴𐍈𐌿𐌽 𐍄𐌰𐌹𐌺𐌽𐌹𐌽𐍃 𐌸𐍉𐌶𐌴𐌹 𐌲𐌰𐍄𐌰𐍅𐌹𐌳𐌰 𐌱𐌹 𐍃𐌹𐌿𐌺𐌰𐌹𐌼."
John,6,3,𐌿𐍃𐌹𐌳𐌳𐌾𐌰 𐌸𐌰𐌽 𐌰𐌽𐌰 𐍆𐌰𐌹𐍂𐌲𐌿𐌽𐌹 𐌹𐌴𐍃𐌿𐍃 𐌾𐌰𐌷 𐌾𐌰𐌹𐌽𐌰𐍂 𐌲𐌰𐍃𐌰𐍄 𐌼𐌹𐌸 𐍃𐌹𐍀𐍉𐌽𐌾𐌰𐌼 𐍃𐌴𐌹𐌽𐌰𐌹𐌼.
John,6,4,"𐍅𐌰𐍃𐌿𐌷 𐌸𐌰𐌽 𐌽𐌴𐍈𐌰 𐍀𐌰𐍃𐍇𐌰, 𐍃𐍉 𐌳𐌿𐌻𐌸𐍃 𐌹𐌿𐌳𐌰𐌹𐌴."
John,6,5,"𐌸𐌰𐍂𐌿𐌷 𐌿𐍃𐌷𐍉𐍆 𐌰𐌿𐌲𐍉𐌽𐌰 𐌹𐌴𐍃𐌿𐍃 𐌾𐌰𐌷 𐌲𐌰𐌿𐌼𐌹𐌳𐌰 𐌸𐌰𐌼𐌼𐌴𐌹 𐌼𐌰𐌽𐌰𐌲𐌴𐌹𐌽𐍃 𐍆𐌹𐌻𐌿 𐌹𐌳𐌳𐌾𐌰 𐌳𐌿 𐌹𐌼𐌼𐌰, 𐌵𐌰𐌸𐌿𐌷 𐌳𐌿 𐍆𐌹𐌻𐌹𐍀𐍀𐌰𐌿: 𐍈𐌰𐌸𐍂𐍉 𐌱𐌿𐌲𐌾𐌰𐌼 𐌷𐌻𐌰𐌹𐌱𐌰𐌽𐍃, 𐌴𐌹 𐌼𐌰𐍄𐌾𐌰𐌹𐌽𐌰 𐌸𐌰𐌹?"
John,6,6,𐌸𐌰𐍄𐌿𐌷 𐌸𐌰𐌽 𐌵𐌰𐌸 𐍆𐍂𐌰𐌹𐍃𐌰𐌽𐌳𐍃 𐌹𐌽𐌰; 𐌹𐌸 𐍃𐌹𐌻𐌱𐌰 𐍅𐌹𐍃𐍃𐌰 𐌸𐌰𐍄𐌴𐌹 𐌷𐌰𐌱𐌰𐌹𐌳𐌰 𐍄𐌰𐌿𐌾𐌰𐌽.
John,6,7,"𐌰𐌽𐌳𐌷𐍉𐍆 𐌹𐌼𐌼𐌰 𐍆𐌹𐌻𐌹𐍀𐍀𐌿𐍃: 𐍄𐍅𐌰𐌹𐌼 𐌷𐌿𐌽𐌳𐌰𐌼 𐍃𐌺𐌰𐍄𐍄𐌴 𐌷𐌻𐌰𐌹𐌱𐍉𐍃 𐌽𐌹 𐌲𐌰𐌽𐍉𐌷𐌰𐌹 𐍃𐌹𐌽𐌳 𐌸𐌰𐌹𐌼, 𐌸𐌴𐌹 𐌽𐌹𐌼𐌰𐌹 𐍈𐌰𐍂𐌾𐌹𐌶𐌿𐌷 𐌻𐌴𐌹𐍄𐌹𐌻."
John,6,8,"𐌵𐌰𐌸 𐌰𐌹𐌽𐍃 𐌸𐌹𐌶𐌴 𐍃𐌹𐍀𐍉𐌽𐌾𐌴 𐌹𐍃, 𐌰𐌽𐌳𐍂𐌰𐌹𐌰𐍃, 𐌱𐍂𐍉𐌸𐌰𐍂 𐍀𐌰𐌹𐍄𐍂𐌰𐌿𐍃 𐍃𐌴𐌹𐌼𐍉𐌽𐌰𐌿𐍃:"
John,6,9,"𐌹𐍃𐍄 𐌼𐌰𐌲𐌿𐌻𐌰 𐌰𐌹𐌽𐍃 𐌷𐌴𐍂, 𐍃𐌰𐌴𐌹 𐌷𐌰𐌱𐌰𐌹𐌸 Â·𐌴Â· 𐌷𐌻𐌰𐌹𐌱𐌰𐌽𐍃 𐌱𐌰𐍂𐌹𐌶𐌴𐌹𐌽𐌰𐌽𐍃 𐌾𐌰𐌷 Â·𐌱Â· 𐍆𐌹𐍃𐌺𐌰𐌽𐍃; 𐌰𐌺𐌴𐌹 𐌸𐌰𐍄𐌰 𐍈𐌰 𐌹𐍃𐍄 𐌳𐌿 𐍃𐍅𐌰 𐌼𐌰𐌽𐌰𐌲𐌰𐌹𐌼?"
John,6,10,𐌹𐌸 𐌹𐌴𐍃𐌿𐍃 𐌵𐌰𐌸: 𐍅𐌰𐌿𐍂𐌺𐌴𐌹𐌸 𐌸𐌰𐌽𐍃 𐌼𐌰𐌽𐍃 𐌰𐌽𐌰𐌺𐌿𐌼𐌱𐌾𐌰𐌽. 𐍅𐌰𐍃𐌿𐌷 𐌸𐌰𐌽 𐌷𐌰𐍅𐌹 𐌼𐌰𐌽𐌰𐌲 𐌰𐌽𐌰 𐌸𐌰𐌼𐌼𐌰 𐍃𐍄𐌰𐌳𐌰. 𐌸𐌰𐍂𐌿𐌷 𐌰𐌽𐌰𐌺𐌿𐌼𐌱𐌹𐌳𐌴𐌳𐌿𐌽 𐍅𐌰𐌹𐍂𐍉𐍃 𐍂𐌰𐌸𐌾𐍉𐌽 𐍃𐍅𐌰𐍃𐍅𐌴 𐍆𐌹𐌼𐍆 𐌸𐌿𐍃𐌿𐌽𐌳𐌾𐍉𐍃.
John,6,11,"𐌽𐌰𐌼𐌿𐌷 𐌸𐌰𐌽 𐌸𐌰𐌽𐍃 𐌷𐌻𐌰𐌹𐌱𐌰𐌽𐍃 𐌹𐌴𐍃𐌿𐍃 𐌾𐌰𐌷 𐌰𐍅𐌹𐌻𐌹𐌿𐌳𐍉𐌽𐌳𐍃 𐌲𐌰𐌳𐌰𐌹𐌻𐌹𐌳𐌰 𐌸𐌰𐌹𐌼 𐌰𐌽𐌰𐌺𐌿𐌼𐌱𐌾𐌰𐌽𐌳𐌰𐌼; 𐍃𐌰𐌼𐌰𐌻𐌴𐌹𐌺𐍉 𐌾𐌰𐌷 𐌸𐌹𐌶𐌴 𐍆𐌹𐍃𐌺𐌴, 𐍃𐍅𐌰 𐍆𐌹𐌻𐌿 𐍃𐍅𐌴 𐍅𐌹𐌻𐌳𐌴𐌳𐌿𐌽."
John,6,12,"𐌸𐌰𐌽𐌿𐌷, 𐌱𐌹𐌸𐌴 𐍃𐌰𐌳𐌰𐌹 𐍅𐌰𐌿𐍂𐌸𐌿𐌽, 𐌵𐌰𐌸 𐌳𐌿 𐍃𐌹𐍀𐍉𐌽𐌾𐌰𐌼 𐍃𐌴𐌹𐌽𐌰𐌹𐌼: 𐌲𐌰𐌻𐌹𐍃𐌹𐌸 𐌸𐍉𐍃 𐌰𐍆𐌻𐌹𐍆𐌽𐌰𐌽𐌳𐌴𐌹𐌽𐍃 𐌳𐍂𐌰𐌿𐌷𐍃𐌽𐍉𐍃, 𐌸𐌴𐌹 𐍅𐌰𐌹𐌷𐍄𐌰𐌹 𐌽𐌹 𐍆𐍂𐌰𐌵𐌹𐍃𐍄𐌽𐌰𐌹."
John,6,13,"𐌸𐌰𐌽𐌿𐌷 𐌲𐌰𐌻𐌴𐍃𐌿𐌽 𐌾𐌰𐌷 𐌲𐌰𐍆𐌿𐌻𐌻𐌹𐌳𐌴𐌳𐌿𐌽 ·𐌹𐌱· 𐍄𐌰𐌹𐌽𐌾𐍉𐌽𐍃 𐌲𐌰𐌱𐍂𐌿𐌺𐍉 𐌿𐍃 𐍆𐌹𐌼𐍆 𐌷𐌻𐌰𐌹𐌱𐌰𐌼 𐌸𐌰𐌹𐌼 𐌱𐌰𐍂𐌹𐌶𐌴𐌹𐌽𐌰𐌼, 𐌸𐌰𐍄𐌴𐌹 𐌰𐍆𐌻𐌹𐍆𐌽𐍉𐌳𐌰 𐌸𐌰𐌹𐌼 𐌼𐌰𐍄𐌾𐌰𐌽𐌳𐌰𐌼."
John,6,14,"𐌸𐌰𐍂𐌿𐌷 𐌸𐌰𐌹 𐌼𐌰𐌽𐍃 𐌲𐌰𐍃𐌰𐌹𐍈𐌰𐌽𐌳𐌰𐌽𐍃 𐌸𐍉𐌴𐌹 𐌲𐌰𐍄𐌰𐍅𐌹𐌳𐌰 𐍄𐌰𐌹𐌺𐌽 𐌹𐌴𐍃𐌿𐍃, 𐌵𐌴𐌸𐌿𐌽 𐌸𐌰𐍄𐌴𐌹 𐍃𐌰 𐌹𐍃𐍄 𐌱𐌹 𐍃𐌿𐌽𐌾𐌰𐌹 𐍀𐍂𐌰𐌿𐍆𐌴𐍄𐌿𐍃 𐍃𐌰 𐌵𐌹𐌼𐌰𐌽𐌳𐌰 𐌹𐌽 𐌸𐍉 𐌼𐌰𐌽𐌰𐍃𐌴𐌸."
John,6,15,"𐌹𐌸 𐌹𐌴𐍃𐌿𐍃 𐌺𐌿𐌽𐌽𐌰𐌽𐌳𐍃 𐌸𐌰𐍄𐌴𐌹 𐌼𐌿𐌽𐌰𐌹𐌳𐌴𐌳𐌿𐌽 𐌿𐍃𐌲𐌰𐌲𐌲𐌰𐌽 𐌾𐌰𐌷 𐍅𐌹𐌻𐍅𐌰𐌽 𐌴𐌹 𐍄𐌰𐍅𐌹𐌳𐌴𐌳𐌴𐌹𐌽𐌰 𐌹𐌽𐌰 𐌳𐌿 𐌸𐌹𐌿𐌳𐌰𐌽𐌰, 𐌰𐍆𐌹𐌳𐌳𐌾𐌰 𐌰𐍆𐍄𐍂𐌰 𐌹𐌽 𐍆𐌰𐌹𐍂𐌲𐌿𐌽𐌹 𐌹𐍃 𐌰𐌹𐌽𐍃."
John,6,16,"𐌹𐌸 𐍃𐍅𐌴 𐍃𐌴𐌹𐌸𐌿 𐍅𐌰𐍂𐌸, 𐌰𐍄𐌹𐌳𐌳𐌾𐌴𐌳𐌿𐌽 𐍃𐌹𐍀𐍉𐌽𐌾𐍉𐍃 𐌹𐍃 𐌰𐌽𐌰 𐌼𐌰𐍂𐌴𐌹𐌽,"
John,6,17,"𐌾𐌰𐌷 𐌿𐍃𐍃𐍄𐌹𐌲𐌿𐌽 𐌹𐌽 𐍃𐌺𐌹𐍀, 𐌹𐌳𐌳𐌾𐌴𐌳𐌿𐌽𐌿𐌷 𐌿𐍆𐌰𐍂 𐌼𐌰𐍂𐌴𐌹𐌽 𐌹𐌽 𐌺𐌰𐍆𐌰𐍂𐌽𐌰𐌿𐌼. 𐌾𐌰𐌷 𐍂𐌹𐌵𐌹𐍃 𐌾𐌿𐌸𐌰𐌽 𐍅𐌰𐍂𐌸 𐌾𐌰𐌷 𐌽𐌹 𐌰𐍄𐌹𐌳𐌳𐌾𐌰 𐌽𐌰𐌿𐌷𐌸𐌰𐌽 𐌳𐌿 𐌹𐌼 𐌹𐌴𐍃𐌿𐍃."
John,6,18,𐌹𐌸 𐌼𐌰𐍂𐌴𐌹 𐍅𐌹𐌽𐌳𐌰 𐌼𐌹𐌺𐌹𐌻𐌰𐌼𐌼𐌰 𐍅𐌰𐌹𐌰𐌽𐌳𐌹𐌽 𐌿𐍂𐍂𐌰𐌹𐍃𐌹𐌳𐌰 𐍅𐌰𐍃.
John,6,19,𐌸𐌰𐍂𐌿𐌷 𐍆𐌰𐍂𐌾𐌰𐌽𐌳𐌰𐌽𐍃 𐍃𐍅𐌴 𐍃𐍀𐌰𐌿𐍂𐌳𐌴 Â·𐌺Â· 𐌾𐌰𐌷 Â·𐌴Â· 𐌰𐌹𐌸𐌸𐌰𐌿 Â·𐌻Â· 𐌲𐌰𐍃𐌰𐌹𐍈𐌰𐌽𐌳 𐌹𐌴𐍃𐌿 𐌲𐌰𐌲𐌲𐌰𐌽𐌳𐌰𐌽 𐌰𐌽𐌰 𐌼𐌰𐍂𐌴𐌹𐌽 𐌾𐌰𐌷 𐌽𐌴𐍈𐌰 𐍃𐌺𐌹𐍀𐌰 𐌵𐌹𐌼𐌰𐌽𐌳𐌰𐌽 𐌾𐌰𐌷 𐍉𐌷𐍄𐌴𐌳𐌿𐌽 𐍃𐌹𐍃.
John,6,20,"𐌸𐌰𐍂𐌿𐌷 𐌹𐍃 𐌵𐌰𐌸: 𐌹𐌺 𐌹𐌼, 𐌽𐌹 𐍉𐌲𐌴𐌹𐌸 𐌹𐌶𐍅𐌹𐍃."
John,6,21,"𐌸𐌰𐍂𐌿𐌷 𐍅𐌹𐌻𐌳𐌴𐌳𐌿𐌽 𐌹𐌽𐌰 𐌽𐌹𐌼𐌰𐌽 𐌹𐌽 𐍃𐌺𐌹𐍀, 𐌾𐌰𐌷 𐍃𐌿𐌽𐍃𐌰𐌹𐍅 𐌸𐌰𐍄𐌰 𐍃𐌺𐌹𐍀 𐍅𐌰𐍂𐌸 𐌰𐌽𐌰 𐌰𐌹𐍂𐌸𐌰𐌹 𐌰𐌽𐌰 𐌸𐍉𐌴𐌹 𐌴𐌹𐍃 𐌹𐌳𐌳𐌾𐌴𐌳𐌿𐌽."
John,6,22,"𐌹𐍆𐍄𐌿𐌼𐌹𐌽 𐌳𐌰𐌲𐌰 𐌼𐌰𐌽𐌰𐌲𐌴𐌹 𐍃𐌴𐌹 𐍃𐍄𐍉𐌸 𐌷𐌹𐌽𐌳𐌰𐍂 𐌼𐌰𐍂𐌴𐌹𐌽, 𐍃𐌴𐍈𐌿𐌽 𐌸𐌰𐍄𐌴𐌹 𐍃𐌺𐌹𐍀 𐌰𐌽𐌸𐌰𐍂 𐌽𐌹 𐍅𐌰𐍃 𐌾𐌰𐌹𐌽𐌰𐍂 𐌰𐌻𐌾𐌰 𐌰𐌹𐌽, 𐌾𐌰𐌷 𐌸𐌰𐍄𐌴𐌹 𐌼𐌹𐌸~𐌽𐌹~𐌵𐌰𐌼 𐍃𐌹𐍀𐍉𐌽𐌾𐌰𐌼 𐍃𐌴𐌹𐌽𐌰𐌹𐌼 𐌹𐌴𐍃𐌿𐍃 𐌹𐌽 𐌸𐌰𐍄𐌰 𐍃𐌺𐌹𐍀, 𐌰𐌺 𐌰𐌹𐌽𐌰𐌹 𐍃𐌹𐍀𐍉𐌽𐌾𐍉𐍃 𐌹𐍃 𐌲𐌰𐌻𐌹𐌸𐌿𐌽."
John,6,23,"𐌰𐌽𐌸𐌰𐍂𐌰 𐌸𐌰𐌽 𐍃𐌺𐌹𐍀𐌰 𐌵𐌴𐌼𐌿𐌽 𐌿𐍃 𐍄𐌹𐌱𐌰𐌹𐍂𐌹𐌰𐌳𐌰𐌿 𐌽𐌴𐍈𐌰 𐌸𐌰𐌼𐌼𐌰 𐍃𐍄𐌰𐌳𐌰, 𐌸𐌰𐍂𐌴𐌹 𐌼𐌰𐍄𐌹𐌳𐌴𐌳𐌿𐌽 𐌷𐌻𐌰𐌹𐍆, 𐌰𐌽𐌰 𐌸𐌰𐌼𐌼𐌴𐌹 𐌰𐍅𐌹𐌻𐌹𐌿𐌳𐍉𐌳𐌰 𐍆𐍂𐌰𐌿𐌾𐌰."
John,6,24,"𐌸𐌰𐍂𐌿𐌷 𐌸𐌰𐌽 𐌲𐌰𐍃𐌰𐍈 𐌼𐌰𐌽𐌰𐌲𐌴𐌹 𐌸𐌰𐍄𐌴𐌹 𐌹𐌴𐍃𐌿𐍃 𐌽𐌹𐍃𐍄 𐌾𐌰𐌹𐌽𐌰𐍂 𐌽𐌹𐌷 𐍃𐌹𐍀𐍉𐌽𐌾𐍉𐍃 𐌹𐍃, 𐌲𐌰𐍃𐍄𐌹𐌲𐌿𐌽 𐌹𐌽 𐍃𐌺𐌹𐍀𐌰 𐌾𐌰𐌷 𐌵𐌴𐌼𐌿𐌽 𐌹𐌽 𐌺𐌰𐍆𐌰𐍂𐌽𐌰𐌿𐌼 𐍃𐍉𐌺𐌾𐌰𐌽𐌳𐌰𐌽𐍃 𐌹𐌴𐍃𐌿."
John,6,25,"𐌾𐌰𐌷 𐌱𐌹𐌲𐌴𐍄𐌿𐌽 𐌹𐌽𐌰 𐌷𐌹𐌽𐌳𐌰𐍂 𐌼𐌰𐍂𐌴𐌹𐌽 𐌵𐌴𐌸𐌿𐌽𐌿𐌷 𐌳𐌿 𐌹𐌼𐌼𐌰: 𐍂𐌰𐌱𐌱𐌴𐌹, 𐍈𐌰𐌽 𐌷𐌴𐍂 𐌵𐌰𐌼𐍄?"
John,6,26,"𐌰𐌽𐌳𐌷𐍉𐍆 𐌹𐌼 𐌹𐌴𐍃𐌿𐍃 𐌾𐌰𐌷 𐌵𐌰𐌸: 𐌰𐌼𐌴𐌽 𐌰𐌼𐌴𐌽 𐌵𐌹𐌸𐌰 𐌹𐌶𐍅𐌹𐍃, 𐍃𐍉𐌺𐌴𐌹𐌸 𐌼𐌹𐌺, 𐌽𐌹 𐌸𐌰𐍄𐌴𐌹 𐍃𐌴𐍈𐌿𐌸 𐍄𐌰𐌹𐌺𐌽𐌹𐌽𐍃 𐌾𐌰𐌷 𐍆𐌰𐌿𐍂𐌰𐍄𐌰𐌽𐌾𐌰, 𐌰𐌺 𐌸𐌰𐍄𐌴𐌹 𐌼𐌰𐍄𐌹𐌳𐌴𐌳𐌿𐌸 𐌸𐌹𐌶𐌴 𐌷𐌻𐌰𐌹𐌱𐌴 𐌾𐌰𐌷 𐍃𐌰𐌳𐌰𐌹 𐍅𐌰𐌿𐍂𐌸𐌿𐌸."
John,6,27,"𐍅𐌰𐌿𐍂𐌺𐌾𐌰𐌹𐌸 𐌽𐌹 𐌸𐌰𐌽𐌰 𐌼𐌰𐍄 𐌸𐌰𐌽𐌰 𐍆𐍂𐌰𐌻𐌿𐍃𐌰𐌽𐌰𐌽, 𐌰𐌺 𐌼𐌰𐍄 𐌸𐌰𐌽𐌰 𐍅𐌹𐍃𐌰𐌽𐌳𐌰𐌽 𐌳𐌿 𐌻𐌹𐌱𐌰𐌹𐌽𐌰𐌹 𐌰𐌹𐍅𐌴𐌹𐌽𐍉𐌽, 𐌸𐌰𐌽𐌴𐌹 𐍃𐌿𐌽𐌿𐍃 𐌼𐌰𐌽𐍃 𐌲𐌹𐌱𐌹𐌸 𐌹𐌶𐍅𐌹𐍃; 𐌸𐌰𐌽𐌿𐌷 𐌰𐌿𐌺 𐌰𐍄𐍄𐌰 𐌲𐌰𐍃𐌹𐌲𐌻𐌹𐌳𐌰 𐌲𐌿𐌸."
John,6,28,"𐌸𐌰𐍂𐌿𐌷 𐌵𐌴𐌸𐌿𐌽 𐌳𐌿 𐌹𐌼𐌼𐌰: 𐍈𐌰 𐍄𐌰𐌿𐌾𐌰𐌹𐌼𐌰, 𐌴𐌹 𐍅𐌰𐌿𐍂𐌺𐌾𐌰𐌹𐌼𐌰 𐍅𐌰𐌿𐍂𐍃𐍄𐍅𐌰 𐌲𐌿𐌳𐌹𐍃?"
John,6,29,"𐌰𐌽𐌳𐌷𐍉𐍆 𐌹𐌴𐍃𐌿𐍃 𐌾𐌰𐌷 𐌵𐌰𐌸 𐌳𐌿 𐌹𐌼: 𐌸𐌰𐍄~𐌹𐍃𐍄 𐍅𐌰𐌿𐍂𐍃𐍄𐍅 𐌲𐌿𐌳𐌹𐍃, 𐌴𐌹 𐌲𐌰𐌻𐌰𐌿𐌱𐌾𐌰𐌹𐌸 𐌸𐌰𐌼𐌼𐌴𐌹 𐌹𐌽𐍃𐌰𐌽𐌳𐌹𐌳𐌰 𐌾𐌰𐌹𐌽𐍃."
John,6,30,"𐌵𐌴𐌸𐌿𐌽 𐌳𐌿 𐌹𐌼𐌼𐌰: 𐌰𐌸𐌸𐌰𐌽 𐍈𐌰 𐍄𐌰𐌿𐌾𐌹𐍃 𐌸𐌿 𐍄𐌰𐌹𐌺𐌽𐌴, 𐌴𐌹 𐍃𐌰𐌹𐍈𐌰𐌹𐌼𐌰 𐌾𐌰𐌷 𐌲𐌰𐌻𐌰𐌿𐌱𐌾𐌰𐌹𐌼𐌰 𐌸𐌿𐍃? 𐍈𐌰 𐍅𐌰𐌿𐍂𐌺𐌴𐌹𐍃?"
John,6,31,"𐌰𐍄𐍄𐌰𐌽𐍃 𐌿𐌽𐍃𐌰𐍂𐌰𐌹 𐌼𐌰𐌽𐌽𐌰 𐌼𐌰𐍄𐌹𐌳𐌴𐌳𐌿𐌽 𐌰𐌽𐌰 𐌰𐌿𐌸𐌹𐌳𐌰𐌹, 𐍃𐍅𐌰𐍃𐍅𐌴 𐌹𐍃𐍄 𐌲𐌰𐌼𐌴𐌻𐌹𐌸: 𐌷𐌻𐌰𐌹𐍆 𐌿𐍃 𐌷𐌹𐌼𐌹𐌽𐌰 𐌲𐌰𐍆 𐌹𐌼 𐌳𐌿 𐌼𐌰𐍄𐌾𐌰𐌽."
John,6,32,"𐌸𐌰𐍂𐌿𐌷 𐌵𐌰𐌸 𐌹𐌼 𐌹𐌴𐍃𐌿𐍃: 𐌰𐌼𐌴𐌽 𐌰𐌼𐌴𐌽 𐌵𐌹𐌸𐌰 𐌹𐌶𐍅𐌹𐍃, 𐌽𐌹 𐌼𐍉𐍃𐌴𐍃 𐌲𐌰𐍆 𐌹𐌶𐍅𐌹𐍃 𐌷𐌻𐌰𐌹𐍆 𐌿𐍃 𐌷𐌹𐌼𐌹𐌽𐌰, 𐌰𐌺 𐌰𐍄𐍄𐌰 𐌼𐌴𐌹𐌽𐍃 𐌲𐌰𐍆 𐌹𐌶𐍅𐌹𐍃 𐌷𐌻𐌰𐌹𐍆 𐌿𐍃 𐌷𐌹𐌼𐌹𐌽𐌰 𐌸𐌰𐌽𐌰 𐍃𐌿𐌽𐌾𐌴𐌹𐌽𐌰𐌽."
John,6,33,"𐍃𐌰 𐌰𐌿𐌺 𐌷𐌻𐌰𐌹𐍆𐍃 𐌲𐌿𐌳𐌹𐍃 𐌹𐍃𐍄, 𐍃𐌰𐌴𐌹 𐌰𐍄𐍃𐍄𐌰𐌹𐌲 𐌿𐍃 𐌷𐌹𐌼𐌹𐌽𐌰 𐌾𐌰𐌷 𐌲𐌰𐍆 𐌻𐌹𐌱𐌰𐌹𐌽 𐌸𐌹𐌶𐌰𐌹 𐌼𐌰𐌽𐌰𐍃𐌴𐌳𐌰𐌹."
John,6,34,"𐌸𐌰𐌽𐌿𐌷 𐌵𐌴𐌸𐌿𐌽 𐌳𐌿 𐌹𐌼𐌼𐌰: 𐍆𐍂𐌰𐌿𐌾𐌰, 𐍆𐍂𐌰𐌼𐍅𐌹𐌲𐌹𐍃 𐌲𐌹𐍆 𐌿𐌽𐍃𐌹𐍃 𐌸𐌰𐌽𐌰 𐌷𐌻𐌰𐌹𐍆."
John,6,35,𐌾𐌰𐌷 𐌵𐌰𐌸 𐌳𐌿 𐌹𐌼 𐌹𐌴𐍃𐌿𐍃: 𐌹𐌺 𐌹𐌼 𐍃𐌰 𐌷𐌻𐌰𐌹𐍆𐍃 𐌻𐌹𐌱𐌰𐌹𐌽𐌰𐌹𐍃; 𐌸𐌰𐌽𐌰 𐌲𐌰𐌲𐌲𐌰𐌽𐌳𐌰𐌽 𐌳𐌿 𐌼𐌹𐍃 𐌽𐌹 𐌷𐌿𐌲𐌲𐍂𐌴𐌹𐌸 𐌾𐌰𐌷 𐌸𐌰𐌽𐌰 𐌲𐌰𐌻𐌰𐌿𐌱𐌾𐌰𐌽𐌳𐌰𐌽 𐌳𐌿 𐌼𐌹𐍃 𐌽𐌹 𐌸𐌰𐌿𐍂𐍃𐌴𐌹𐌸 𐍈𐌰𐌽𐌷𐌿𐌽.
John,6,36,𐌰𐌺𐌴𐌹 𐌵𐌰𐌸 𐌹𐌶𐍅𐌹𐍃 𐌸𐌰𐍄𐌴𐌹 𐌲𐌰𐍃𐌴𐍈𐌿𐌸 𐌼𐌹𐌺 𐌾𐌰𐌷 𐌽𐌹 𐌲𐌰𐌻𐌰𐌿𐌱𐌴𐌹𐌸.
John,6,37,"𐌰𐌻𐌻 𐌸𐌰𐍄𐌴𐌹 𐌲𐌰𐍆 𐌼𐌹𐍃 𐌰𐍄𐍄𐌰, 𐌳𐌿 𐌼𐌹𐍃 𐌵𐌹𐌼𐌹𐌸, 𐌾𐌰𐌷 𐌸𐌰𐌽𐌰 𐌲𐌰𐌲𐌲𐌰𐌽𐌳𐌰𐌽 𐌳𐌿 𐌼𐌹𐍃 𐌽𐌹 𐌿𐍃𐍅𐌰𐌹𐍂𐍀𐌰 𐌿𐍄;"
John,6,38,"𐌿𐌽𐍄𐌴 𐌰𐍄𐍃𐍄𐌰𐌹𐌲 𐌿𐍃 𐌷𐌹𐌼𐌹𐌽𐌰, 𐌽𐌹𐌷 𐌸𐌴𐌴𐌹 𐍄𐌰𐌿𐌾𐌰𐌿 𐍅𐌹𐌻𐌾𐌰𐌽 𐌼𐌴𐌹𐌽𐌰𐌽𐌰, 𐌰𐌺 𐍅𐌹𐌻𐌾𐌰𐌽 𐌸𐌹𐍃 𐍃𐌰𐌽𐌳𐌾𐌰𐌽𐌳𐌹𐌽𐍃 𐌼𐌹𐌺."
John,6,39,....
John,6,40,"𐌸𐌰𐍄𐌿𐌷 𐌸𐌰𐌽 𐌹𐍃𐍄 𐍅𐌹𐌻𐌾𐌰 𐌸𐌹𐍃 𐍃𐌰𐌽𐌳𐌾𐌰𐌽𐌳𐌹𐌽𐍃 𐌼𐌹𐌺, 𐌴𐌹 𐍈𐌰𐌶𐌿𐌷 𐍃𐌰𐌴𐌹 𐍃𐌰𐌹𐍈𐌹𐌸 𐌸𐌰𐌽𐌰 𐍃𐌿𐌽𐌿 𐌾𐌰𐌷 𐌲𐌰𐌻𐌰𐌿𐌱𐌴𐌹𐌸 𐌳𐌿 𐌹𐌼𐌼𐌰, 𐌰𐌹𐌲𐌹 𐌻𐌹𐌱𐌰𐌹𐌽 𐌰𐌹𐍅𐌴𐌹𐌽𐍉𐌽, 𐌾𐌰𐌷 𐌿𐍂𐍂𐌰𐌹𐍃𐌾𐌰 𐌹𐌽𐌰 𐌹𐌺 𐌹𐌽 𐍃𐍀𐌴𐌳𐌹𐍃𐍄𐌹𐌽 𐌳𐌰𐌲𐌰."
John,6,41,"𐌱𐌹𐍂𐍉𐌳𐌹𐌳𐌴𐌳𐌿𐌽 𐌸𐌰𐌽 𐌹𐌿𐌳𐌰𐌹𐌴𐌹𐍃 𐌱𐌹 𐌹𐌽𐌰, 𐌿𐌽𐍄𐌴 𐌵𐌰𐌸: 𐌹𐌺 𐌹𐌼 𐌷𐌻𐌰𐌹𐍆𐍃 𐍃𐌰 𐌰𐍄𐍃𐍄𐌴𐌹𐌲𐌰𐌽𐌳𐍃 𐌿𐍃 𐌷𐌹𐌼𐌹𐌽𐌰,"
John,6,42,"𐌾𐌰𐌷 𐌵𐌴𐌸𐌿𐌽: 𐌽𐌹𐌿 𐍃𐌰 𐌹𐍃𐍄 𐌹𐌴𐍃𐌿𐍃 𐍃𐌰 𐍃𐌿𐌽𐌿𐍃 𐌹𐍉𐍃𐌴𐍆𐌹𐍃, 𐌸𐌹𐌶𐌴𐌹 𐍅𐌴𐌹𐍃 𐌺𐌿𐌽𐌸𐌴𐌳𐌿𐌼 𐌰𐍄𐍄𐌰𐌽 𐌾𐌰𐌷 𐌰𐌹𐌸𐌴𐌹𐌽? 𐍈𐌰𐌹𐍅𐌰 𐌽𐌿 𐌵𐌹𐌸𐌹𐌸 𐍃𐌰 𐌸𐌰𐍄𐌴𐌹 𐌿𐍃 𐌷𐌹𐌼𐌹𐌽𐌰 𐌰𐍄𐍃𐍄𐌰𐌹𐌲?"
John,6,43,𐌰𐌽𐌳𐌷𐍉𐍆 𐌸𐌰𐌽 𐌹𐌴𐍃𐌿𐍃 𐌾𐌰𐌷 𐌵𐌰𐌸 𐌳𐌿 𐌹𐌼: 𐌽𐌹 𐌱𐌹𐍂𐍉𐌳𐌴𐌹𐌸 𐌼𐌹𐌸 𐌹𐌶𐍅𐌹𐍃 𐌼𐌹𐍃𐍃𐍉.
John,6,44,"𐌽𐌹 𐌼𐌰𐌽𐌽𐌰 𐌼𐌰𐌲 𐌵𐌹𐌼𐌰𐌽 𐌰𐍄 𐌼𐌹𐍃, 𐌽𐌹𐌱𐌰𐌹 𐌰𐍄𐍄𐌰 𐍃𐌰𐌴𐌹 𐍃𐌰𐌽𐌳𐌹𐌳𐌰 𐌼𐌹𐌺 𐌰𐍄𐌸𐌹𐌽𐍃𐌹𐌸 𐌹𐌽𐌰, 𐌾𐌰𐌷 𐌹𐌺 𐌿𐍂𐍂𐌰𐌹𐍃𐌾𐌰 𐌹𐌽𐌰 𐌹𐌽 𐌸𐌰𐌼𐌼𐌰 𐍃𐍀𐌴𐌳𐌹𐍃𐍄𐌹𐌽 𐌳𐌰𐌲𐌰."
John,6,45,𐌹𐍃𐍄 𐌲𐌰𐌼𐌴𐌻𐌹𐌸 𐌰𐌽𐌰 𐍀𐍂𐌰𐌿𐍆𐌴𐍄𐌿𐌼: 𐌾𐌰𐌷 𐍅𐌰𐌹𐍂𐌸𐌰𐌽𐌳 𐌰𐌻𐌻𐌰𐌹 𐌻𐌰𐌹𐍃𐌹𐌳𐌰𐌹 𐌲𐌿𐌳𐌹𐍃. 𐍈𐌰𐌶𐌿𐌷 𐌽𐌿 𐍃𐌰 𐌲𐌰𐌷𐌰𐌿𐍃𐌾𐌰𐌽𐌳𐍃 𐌰𐍄 𐌰𐍄𐍄𐌹𐌽 𐌾𐌰𐌷 𐌲𐌰𐌽𐌰𐌼 𐌲𐌰𐌲𐌲𐌹𐌸 𐌳𐌿 𐌼𐌹𐍃.
John,6,46,"𐌽𐌹 𐌸𐌰𐍄𐌴𐌹 𐌰𐍄𐍄𐌰𐌽 𐍃𐌴𐍈𐌹 𐍈𐌰𐍃, 𐌽𐌹𐌱𐌰𐌹 𐍃𐌰𐌴𐌹 𐍅𐌰𐍃 𐍆𐍂𐌰𐌼 𐌰𐍄𐍄𐌹𐌽, 𐍃𐌰 𐍃𐌰𐍈 𐌰𐍄𐍄𐌰𐌽."
John,6,47,𐌰𐌼𐌴𐌽 𐌰𐌼𐌴𐌽 𐌵𐌹𐌸𐌰 𐌹𐌶𐍅𐌹𐍃: 𐍃𐌰𐌴𐌹 𐌲𐌰𐌻𐌰𐌿𐌱𐌴𐌹𐌸 𐌳𐌿 𐌼𐌹𐍃 𐌰𐌹𐌷 𐌻𐌹𐌱𐌰𐌹𐌽 𐌰𐌹𐍅𐌴𐌹𐌽𐍉𐌽.
John,6,48,𐌹𐌺 𐌹𐌼 𐍃𐌰 𐌷𐌻𐌰𐌹𐍆𐍃 𐌻𐌹𐌱𐌰𐌹𐌽𐌰𐌹𐍃.
John,6,49,𐌰𐍄𐍄𐌰𐌽𐍃 𐌹𐌶𐍅𐌰𐍂𐌰𐌹 𐌼𐌰𐍄𐌹𐌳𐌴𐌳𐌿𐌽 𐌼𐌰𐌽𐌽𐌰 𐌹𐌽 𐌰𐌿𐌸𐌹𐌳𐌰𐌹 𐌾𐌰𐌷 𐌲𐌰𐍃𐍅𐌿𐌻𐍄𐌿𐌽.
John,6,50,"𐍃𐌰 𐌹𐍃𐍄 𐌷𐌻𐌰𐌹𐍆𐍃 𐍃𐌰𐌴𐌹 𐌿𐍃 𐌷𐌹𐌼𐌹𐌽𐌰 𐌰𐍄𐍃𐍄𐌰𐌹𐌲, 𐌴𐌹 𐍃𐌰𐌴𐌹 𐌸𐌹𐍃 𐌼𐌰𐍄𐌾𐌰𐌹, 𐌽𐌹 𐌲𐌰𐌳𐌰𐌿𐌸𐌽𐌰𐌹."
John,6,51,"𐌹𐌺 𐌹𐌼 𐌷𐌻𐌰𐌹𐍆𐍃 𐍃𐌰 𐌻𐌹𐌱𐌰𐌽𐌳𐌰, 𐍃𐌰 𐌿𐍃 𐌷𐌹𐌼𐌹𐌽𐌰 𐌵𐌿𐌼𐌰𐌽𐌰; 𐌾𐌰𐌱𐌰𐌹 𐍈𐌰𐍃 𐌼𐌰𐍄𐌾𐌹𐌸 𐌸𐌹𐍃 𐌷𐌻𐌰𐌹𐌱𐌹𐍃, 𐌻𐌹𐌱𐌰𐌹𐌸 𐌹𐌽 𐌰𐌾𐌿𐌺𐌳𐌿𐌸; 𐌾𐌰𐌷 𐌸𐌰𐌽 𐍃𐌰 𐌷𐌻𐌰𐌹𐍆𐍃 𐌸𐌰𐌽𐌴𐌹 𐌹𐌺 𐌲𐌹𐌱𐌰, 𐌻𐌴𐌹𐌺 𐌼𐌴𐌹𐌽 𐌹𐍃𐍄 𐌸𐌰𐍄𐌴𐌹 𐌹𐌺 𐌲𐌹𐌱𐌰 𐌹𐌽 𐌸𐌹𐌶𐍉𐍃 𐌼𐌰𐌽𐌰𐍃𐌴𐌳𐌰𐌹𐍃 𐌻𐌹𐌱𐌰𐌹𐌽𐌰𐌹𐍃."
John,6,52,𐌸𐌰𐌽𐌿𐌷 𐍃𐍉𐌺𐌿𐌽 𐌼𐌹𐌸 𐍃𐌹𐍃 𐌼𐌹𐍃𐍃𐍉 𐌹𐌿𐌳𐌰𐌹𐌴𐌹𐍃 𐌵𐌹𐌸𐌰𐌽𐌳𐌰𐌽𐍃: 𐍈𐌰𐌹𐍅𐌰 𐌼𐌰𐌲 𐍃𐌰 𐌿𐌽𐍃𐌹𐍃 𐌻𐌴𐌹𐌺 𐌲𐌹𐌱𐌰𐌽 𐌳𐌿 𐌼𐌰𐍄𐌾𐌰𐌽?
John,6,53,"𐌸𐌰𐍂𐌿𐌷 𐌵𐌰𐌸 𐌳𐌿 𐌹𐌼 𐌹𐌴𐍃𐌿𐍃: 𐌰𐌼𐌴𐌽 𐌰𐌼𐌴𐌽 𐌵𐌹𐌸𐌰 𐌹𐌶𐍅𐌹𐍃, 𐌽𐌹𐌱𐌰𐌹 𐌼𐌰𐍄𐌾𐌹𐌸 𐌻𐌴𐌹𐌺 𐌸𐌹𐍃 𐍃𐌿𐌽𐌰𐌿𐍃 𐌼𐌰𐌽𐍃 𐌾𐌰𐌷 𐌳𐍂𐌹𐌲𐌲𐌺𐌰𐌹𐌸 𐌹𐍃 𐌱𐌻𐍉𐌸, 𐌽𐌹 𐌷𐌰𐌱𐌰𐌹𐌸 𐌻𐌹𐌱𐌰𐌹𐌽 𐌹𐌽 𐌹𐌶𐍅𐌹𐍃 𐍃𐌹𐌻𐌱𐌰𐌼."
John,6,54,"𐍃𐌰𐌴𐌹 𐌼𐌰𐍄𐌾𐌹𐌸 𐌼𐌴𐌹𐌽 𐌻𐌴𐌹𐌺 𐌾𐌰𐌷 𐌳𐍂𐌹𐌲𐌲𐌺𐌹𐌸 𐌼𐌴𐌹𐌽 𐌱𐌻𐍉𐌸, 𐌰𐌹𐌷 𐌻𐌹𐌱𐌰𐌹𐌽 𐌰𐌹𐍅𐌴𐌹𐌽𐍉𐌽, 𐌾𐌰𐌷 𐌹𐌺 𐌿𐍂𐍂𐌰𐌹𐍃𐌾𐌰 𐌹𐌽𐌰 𐌹𐌽 𐌸𐌰𐌼𐌼𐌰 𐍃𐍀𐌴𐌳𐌹𐍃𐍄𐌹𐌽 𐌳𐌰𐌲𐌰."
John,6,55,"𐌸𐌰𐍄𐌰 𐌰𐌿𐌺 𐌻𐌴𐌹𐌺 𐌼𐌴𐌹𐌽𐌰𐍄𐌰 𐌱𐌹 𐍃𐌿𐌽𐌾𐌰𐌹 𐌹𐍃𐍄 𐌼𐌰𐍄𐍃, 𐌾𐌰𐌷 𐌸𐌰𐍄𐌰 𐌱𐌻𐍉𐌸 𐌼𐌴𐌹𐌽 𐌱𐌹 𐍃𐌿𐌽𐌾𐌰𐌹 𐌹𐍃𐍄 𐌳𐍂𐌰𐌲𐌲𐌺."
John,6,56,"𐍃𐌰𐌴𐌹 𐌼𐌰𐍄𐌾𐌹𐌸 𐌼𐌴𐌹𐌽 𐌻𐌴𐌹𐌺 𐌾𐌰𐌷 𐌳𐍂𐌹𐌲𐌲𐌺𐌹𐌸 𐌼𐌴𐌹𐌽 𐌱𐌻𐍉𐌸, 𐌹𐌽 𐌼𐌹𐍃 𐍅𐌹𐍃𐌹𐌸 𐌾𐌰𐌷 𐌹𐌺 𐌹𐌽 𐌹𐌼𐌼𐌰."
John,6,57,"𐍃𐍅𐌰𐍃𐍅𐌴 𐌹𐌽𐍃𐌰𐌽𐌳𐌹𐌳𐌰 𐌼𐌹𐌺 𐌻𐌹𐌱𐌰𐌽𐌳𐍃 𐌰𐍄𐍄𐌰, 𐌾𐌰𐌷 𐌹𐌺 𐌻𐌹𐌱𐌰 𐌹𐌽 𐌰𐍄𐍄𐌹𐌽𐍃, 𐌾𐌰𐌷 𐍃𐌰𐌴𐌹 𐌼𐌰𐍄𐌾𐌹𐌸 𐌼𐌹𐌺, 𐌾𐌰𐌷 𐍃𐌰 𐌻𐌹𐌱𐌰𐌹𐌸 𐌹𐌽 𐌼𐌴𐌹𐌽𐌰."
John,6,58,"𐍃𐌰 𐌹𐍃𐍄 𐌷𐌻𐌰𐌹𐍆𐍃 𐍃𐌰𐌴𐌹 𐌿𐍃 𐌷𐌹𐌼𐌹𐌽𐌰 𐌰𐍄𐍃𐍄𐌰𐌹𐌲, 𐌽𐌹 𐍃𐍅𐌰𐍃𐍅𐌴 𐌼𐌰𐍄𐌹𐌳𐌴𐌳𐌿𐌽 𐌰𐍄𐍄𐌰𐌽𐍃 𐌹𐌶𐍅𐌰𐍂𐌰𐌹 𐌼𐌰𐌽𐌽𐌰 𐌾𐌰𐌷 𐌲𐌰𐌳𐌰𐌿𐌸𐌽𐍉𐌳𐌴𐌳𐌿𐌽; 𐌹𐌸 𐍃𐌰𐌴𐌹 𐌼𐌰𐍄𐌾𐌹𐌸 𐌸𐌰𐌽𐌰 𐌷𐌻𐌰𐌹𐍆 𐌻𐌹𐌱𐌰𐌹𐌸 𐌹𐌽 𐌰𐌾𐌿𐌺𐌳𐌿𐌸."
John,6,59,𐌸𐌰𐍄𐌰 𐌵𐌰𐌸 𐌹𐌽 𐍃𐍅𐌽𐌰𐌲𐍉𐌲𐌴 𐌻𐌰𐌹𐍃𐌾𐌰𐌽𐌳𐍃 𐌹𐌽 𐌺𐌰𐍆𐌰𐍂𐌽𐌰𐌿𐌼.
John,6,60,"𐌸𐌰𐌽𐌿𐌷 𐌼𐌰𐌽𐌰𐌲𐌰𐌹 𐌲𐌰𐌷𐌰𐌿𐍃𐌾𐌰𐌽𐌳𐌰𐌽𐍃 𐌸𐌹𐌶𐌴 𐍃𐌹𐍀𐍉𐌽𐌾𐌴 𐌹𐍃 𐌵𐌴𐌸𐌿𐌽: 𐌷𐌰𐍂𐌳𐌿 𐌹𐍃𐍄 𐌸𐌰𐍄𐌰 𐍅𐌰𐌿𐍂𐌳, 𐍈𐌰𐍃 𐌼𐌰𐌲 𐌸𐌹𐍃 𐌷𐌰𐌿𐍃𐌾𐍉𐌽?"
John,6,61,"𐌹𐌸 𐍅𐌹𐍄𐌰𐌽𐌳𐍃 𐌹𐌴𐍃𐌿𐍃 𐌹𐌽 𐍃𐌹𐍃 𐍃𐌹𐌻𐌱𐌹𐌽 𐌸𐌰𐍄𐌴𐌹 𐌱𐌹𐍂𐍉𐌳𐌹𐌳𐌴𐌳𐌿𐌽 𐌸𐌰𐍄𐌰 𐌸𐌰𐌹 𐍃𐌹𐍀𐍉𐌽𐌾𐍉𐍃 𐌹𐍃, 𐌵𐌰𐌸 𐌳𐌿 𐌹𐌼: 𐌸𐌰𐍄𐌰 𐌹𐌶𐍅𐌹𐍃 𐌲𐌰𐌼𐌰𐍂𐌶𐌴𐌹𐌸?"
John,6,62,"𐌾𐌰𐌱𐌰𐌹 𐌽𐌿 𐌲𐌰𐍃𐌰𐌹𐍈𐌹𐌸 𐍃𐌿𐌽𐌿 𐌼𐌰𐌽𐍃 𐌿𐍃𐍃𐍄𐌴𐌹𐌲𐌰𐌽, 𐌸𐌰𐌳𐌴𐌹 𐍅𐌰𐍃 𐍆𐌰𐌿𐍂𐌸𐌹𐍃?"
John,6,63,"𐌰𐌷𐌼𐌰 𐌹𐍃𐍄 𐍃𐌰𐌴𐌹 𐌻𐌹𐌱𐌰𐌽 𐍄𐌰𐌿𐌾𐌹𐌸, 𐌸𐌰𐍄𐌰 𐌻𐌴𐌹𐌺 𐌽𐌹 𐌱𐍉𐍄𐌴𐌹𐌸 𐍅𐌰𐌹𐌷𐍄. 𐌸𐍉 𐍅𐌰𐌿𐍂𐌳𐌰 𐌸𐍉𐌴𐌹 𐌹𐌺 𐍂𐍉𐌳𐌹𐌳𐌰 𐌹𐌶𐍅𐌹𐍃, 𐌰𐌷𐌼𐌰 𐌹𐍃𐍄 𐌾𐌰𐌷 𐌻𐌹𐌱𐌰𐌹𐌽𐍃 𐌹𐍃𐍄,"
John,6,64,"𐌰𐌺𐌴𐌹 𐍃𐌹𐌽𐌳 𐌹𐌶𐍅𐌰𐍂𐌰 𐍃𐌿𐌼𐌰𐌹, 𐌸𐌰𐌹𐌴𐌹 𐌽𐌹 𐌲𐌰𐌻𐌰𐌿𐌱𐌾𐌰𐌽𐌳. 𐍅𐌹𐍃𐍃𐌿𐌷 𐌸𐌰𐌽 𐌿𐍃 𐍆𐍂𐌿𐌼𐌹𐍃𐍄𐌾𐌰 𐌹𐌴𐍃𐌿𐍃 𐍈𐌰𐍂𐌾𐌰𐌹 𐍃𐌹𐌽𐌳 𐌸𐌰𐌹 𐌽𐌹 𐌲𐌰𐌻𐌰𐌿𐌱𐌾𐌰𐌽𐌳𐌰𐌽𐍃, 𐌾𐌰𐌷 𐍈𐌰𐍃 𐌹𐍃𐍄 𐍃𐌰𐌴𐌹 𐌲𐌰𐌻𐌴𐌹𐍅𐌴𐌹𐌸 𐌹𐌽𐌰."
John,6,65,"𐌾𐌰𐌷 𐌵𐌰𐌸: 𐌳𐌿𐌸𐌴 𐌵𐌰𐌸 𐌹𐌶𐍅𐌹𐍃 𐌸𐌰𐍄𐌴𐌹 𐌽𐌹 𐌰𐌹𐌽𐍃𐌷𐌿𐌽 𐌼𐌰𐌲 𐌵𐌹𐌼𐌰𐌽 𐌰𐍄 𐌼𐌹𐍃, 𐌽𐌹𐌱𐌰𐌹 𐌹𐍃𐍄 𐌰𐍄𐌲𐌹𐌱𐌰𐌽 𐌹𐌼𐌼𐌰 𐍆𐍂𐌰𐌼 𐌰𐍄𐍄𐌹𐌽 𐌼𐌴𐌹𐌽𐌰𐌼𐌼𐌰."
John,6,66,𐌿𐌶𐌿𐌷 𐌸𐌰𐌼𐌼𐌰 𐌼𐌴𐌻𐌰 𐌼𐌰𐌽𐌰𐌲𐌰𐌹 𐌲𐌰𐌻𐌹𐌸𐌿𐌽 𐍃𐌹𐍀𐍉𐌽𐌾𐌴 𐌹𐍃 𐌹𐌱𐌿𐌺𐌰𐌹 𐌾𐌰𐌷 𐌸𐌰𐌽𐌰𐍃𐌴𐌹𐌸𐍃 𐌼𐌹𐌸 𐌹𐌼𐌼𐌰 𐌽𐌹 𐌹𐌳𐌳𐌾𐌴𐌳𐌿𐌽.
John,6,67,𐌸𐌰𐍂𐌿𐌷 𐌵𐌰𐌸 𐌹𐌴𐍃𐌿𐍃 𐌳𐌿 𐌸𐌰𐌹𐌼 𐍄𐍅𐌰𐌻𐌹𐌱𐌹𐌼: 𐌹𐌱𐌰𐌹 𐌾𐌰𐌷 𐌾𐌿𐍃 𐍅𐌹𐌻𐌴𐌹𐌸 𐌲𐌰𐌻𐌴𐌹𐌸𐌰𐌽?
John,6,68,"𐌸𐌰𐌽𐌿𐌷 𐌰𐌽𐌳𐌷𐍉𐍆 𐌹𐌼𐌼𐌰 𐍃𐌴𐌹𐌼𐍉𐌽 𐍀𐌰𐌹𐍄𐍂𐌿𐍃: 𐍆𐍂𐌰𐌿𐌾𐌰, 𐌳𐌿 𐍈𐌰𐌼𐌼𐌰 𐌲𐌰𐌻𐌴𐌹𐌸𐌰𐌹𐌼𐌰? 𐍅𐌰𐌿𐍂𐌳𐌰 𐌻𐌹𐌱𐌰𐌹𐌽𐌰𐌹𐍃 𐌰𐌹𐍅𐌴𐌹𐌽𐍉𐌽𐍃 𐌷𐌰𐌱𐌰𐌹𐍃."
John,6,69,"𐌾𐌰𐌷 𐍅𐌴𐌹𐍃 𐌲𐌰𐌻𐌰𐌿𐌱𐌹𐌳𐌴𐌳𐌿𐌼 𐌾𐌰𐌷 𐌿𐍆𐌺𐌿𐌽𐌸𐌴𐌳𐌿𐌼 𐌸𐌰𐍄𐌴𐌹 𐌸𐌿 𐌹𐍃 𐍇𐍂𐌹𐍃𐍄𐌿𐍃, 𐍃𐌿𐌽𐌿𐍃 𐌲𐌿𐌳𐌹𐍃 𐌻𐌹𐌱𐌰𐌽𐌳𐌹𐌽𐍃."
John,6,70,𐌰𐌽𐌳𐌷𐍉𐍆 𐌹𐌼 𐌹𐌴𐍃𐌿𐍃: 𐌽𐌹𐌿 𐌹𐌺 𐌹𐌶𐍅𐌹𐍃 ·𐌹𐌱· 𐌲𐌰𐍅𐌰𐌻𐌹𐌳𐌰 𐌾𐌰𐌷 𐌹𐌶𐍅𐌰𐍂𐌰 𐌰𐌹𐌽𐍃 𐌳𐌹𐌰𐌱𐌰𐌿𐌻𐌿𐍃 𐌹𐍃𐍄?
John,6,71,"𐌵𐌰𐌸𐌿𐌷 𐌸𐌰𐌽 𐌸𐌰𐌽𐌰 𐌹𐌿𐌳𐌰𐌽 𐍃𐌴𐌹𐌼𐍉𐌽𐌹𐍃, 𐌹𐍃𐌺𐌰𐍂𐌹𐍉𐍄𐌿, 𐍃𐌰 𐌰𐌿𐌺 𐌷𐌰𐌱𐌰𐌹𐌳𐌰 𐌹𐌽𐌰 𐌲𐌰𐌻𐌴𐍅𐌾𐌰𐌽, 𐌰𐌹𐌽𐍃 𐍅𐌹𐍃𐌰𐌽𐌳𐍃 𐌸𐌹𐌶𐌴 𐍄𐍅𐌰𐌻𐌹𐌱𐌴."
John,7,1,"𐌾𐌰𐌷 𐍈𐌰𐍂𐌱𐍉𐌳𐌰 𐌹𐌴𐍃𐌿𐍃 𐌰𐍆𐌰𐍂 𐌸𐌰𐍄𐌰 𐌹𐌽 𐌲𐌰𐌻𐌴𐌹𐌻𐌰𐌹𐌰; 𐌽𐌹 𐌰𐌿𐌺 𐍅𐌹𐌻𐌳𐌰 𐌹𐌽 𐌹𐌿𐌳𐌰𐌹𐌰 𐌲𐌰𐌲𐌲𐌰𐌽, 𐌿𐌽𐍄𐌴 𐍃𐍉𐌺𐌹𐌳𐌴𐌳𐌿𐌽 𐌹𐌽𐌰 𐌸𐌰𐌹 𐌹𐌿𐌳𐌰𐌹𐌴𐌹𐍃 𐌿𐍃𐌵𐌹𐌼𐌰𐌽."
John,7,2,"𐍅𐌰𐍃𐌿𐌷 𐌸𐌰𐌽 𐌽𐌴𐍈𐌰 𐌳𐌿𐌻𐌸𐍃 𐌹𐌿𐌳𐌰𐌹𐌴, 𐍃𐍉 𐌷𐌻𐌴𐌸𐍂𐌰𐍃𐍄𐌰𐌺𐌴𐌹𐌽𐍃."
John,7,3,"𐌸𐌰𐌽𐌿𐌷 𐌵𐌴𐌸𐌿𐌽 𐌳𐌿 𐌹𐌼𐌼𐌰 𐌱𐍂𐍉𐌸𐍂𐌾𐌿𐍃 𐌹𐍃: 𐌿𐍃𐌻𐌴𐌹𐌸 𐌸𐌰𐌸𐍂𐍉 𐌾𐌰𐌷 𐌲𐌰𐌲𐌲 𐌹𐌽 𐌹𐌿𐌳𐌰𐌹𐌰𐌽, 𐌴𐌹 𐌾𐌰𐌷 𐌸𐌰𐌹 𐍃𐌹𐍀𐍉𐌽𐌾𐍉𐍃 𐍃𐌰𐌹𐍈𐌰𐌹𐌽𐌰 𐍅𐌰𐌿𐍂𐍃𐍄𐍅𐌰 𐌸𐌴𐌹𐌽𐌰 𐌸𐍉𐌴𐌹 𐌸𐌿 𐍄𐌰𐌿𐌾𐌹𐍃."
John,7,4,"𐌽𐌹 𐌼𐌰𐌽𐌽𐌰 𐌰𐌿𐌺 𐌹𐌽 𐌰𐌽𐌰𐌻𐌰𐌿𐌲𐌽𐌴𐌹𐌽 𐍈𐌰 𐍄𐌰𐌿𐌾𐌹𐌸 𐌾𐌰𐌷 𐍃𐍉𐌺𐌴𐌹𐌸 𐍃𐌹𐌺 𐌿𐍃𐌺𐌿𐌽𐌸𐌰𐌽𐌰 𐍅𐌹𐍃𐌰𐌽. 𐌾𐌰𐌱𐌰𐌹 𐌸𐌰𐍄𐌰 𐍄𐌰𐌿𐌾𐌹𐍃, 𐌱𐌰𐌹𐍂𐌷𐍄𐌴𐌹 𐌸𐌿𐌺 𐍃𐌹𐌻𐌱𐌰𐌽 𐌸𐌹𐌶𐌰𐌹 𐌼𐌰𐌽𐌰𐍃𐌴𐌳𐌰𐌹."
John,7,5,𐌽𐌹 𐌰𐌿𐌺 𐌸𐌰𐌹 𐌱𐍂𐍉𐌸𐍂𐌾𐌿𐍃 𐌹𐍃 𐌲𐌰𐌻𐌰𐌿𐌱𐌹𐌳𐌴𐌳𐌿𐌽 𐌹𐌼𐌼𐌰.
John,7,6,"𐌸𐌰𐍂𐌿𐌷 𐌵𐌰𐌸 𐌹𐌼 𐌹𐌴𐍃𐌿𐍃: 𐌼𐌴𐌻 𐌼𐌴𐌹𐌽 𐌽𐌹 𐌽𐌰𐌿𐌷 𐌹𐍃𐍄, 𐌹𐌸 𐌼𐌴𐌻 𐌹𐌶𐍅𐌰𐍂 𐍃𐌹𐌽𐍄𐌴𐌹𐌽𐍉 𐌹𐍃𐍄 𐌼𐌰𐌽𐍅𐌿."
John,7,7,"𐌽𐌹 𐌼𐌰𐌲 𐍃𐍉 𐌼𐌰𐌽𐌰𐍃𐌴𐌸𐍃 𐍆𐌹𐌾𐌰𐌽 𐌹𐌶𐍅𐌹𐍃, 𐌹𐌸 𐌼𐌹𐌺 𐍆𐌹𐌾𐌰𐌹𐌸; 𐌿𐌽𐍄𐌴 𐌹𐌺 𐍅𐌴𐌹𐍄𐍅𐍉𐌳𐌾𐌰 𐌱𐌹 𐌹𐌽𐍃 𐌸𐌰𐍄𐌴𐌹 𐍅𐌰𐌿𐍂𐍃𐍄𐍅𐌰 𐌹𐌶𐌴 𐌿𐌱𐌹𐌻𐌰 𐍃𐌹𐌽𐌳."
John,7,8,"𐌾𐌿𐍃 𐌲𐌰𐌻𐌴𐌹𐌸𐌹𐌸 𐌹𐌽 𐌳𐌿𐌻𐌸 𐌸𐍉, 𐌹𐌸 𐌹𐌺 𐌽𐌹 𐌽𐌰𐌿𐌷 𐌲𐌰𐌻𐌴𐌹𐌸𐌰 𐌹𐌽 𐌸𐍉 𐌳𐌿𐌻𐌸, 𐌿𐌽𐍄𐌴 𐌼𐌴𐌹𐌽𐌰𐍄𐌰 𐌼𐌴𐌻 𐌽𐌹 𐌽𐌰𐌿𐌷 𐌿𐍃𐍆𐌿𐌻𐌻𐌹𐌸 𐌹𐍃𐍄."
John,7,9,𐌸𐌰𐍄𐌿𐌷 𐌸𐌰𐌽 𐌵𐌰𐌸 𐌳𐌿 𐌹𐌼 𐍅𐌹𐍃𐌰𐌽𐌳𐍃 𐌹𐌽 𐌲𐌰𐌻𐌴𐌹𐌻𐌰𐌹𐌰.
John,7,10,"𐌹𐌸 𐌱𐌹𐌸𐌴 𐌲𐌰𐌻𐌹𐌸𐌿𐌽 𐌸𐌰𐌹 𐌱𐍂𐍉𐌸𐍂𐌾𐌿𐍃 𐌹𐍃, 𐌸𐌰𐌽𐌿𐌷 𐌾𐌰𐌷 𐌹𐍃 𐌲𐌰𐌻𐌰𐌹𐌸 𐌹𐌽 𐌸𐍉 𐌳𐌿𐌻𐌸 𐌽𐌹 𐌰𐌽𐌳𐌰𐌿𐌲𐌾𐍉, 𐌰𐌺 𐍃𐍅𐌴 𐌰𐌽𐌰𐌻𐌰𐌿𐌲𐌽𐌹𐌱𐌰."
John,7,11,𐌸𐌰𐌽𐌿𐌷 𐌹𐌿𐌳𐌰𐌹𐌴𐌹𐍃 𐍃𐍉𐌺𐌹𐌳𐌴𐌳𐌿𐌽 𐌹𐌽𐌰 𐌹𐌽 𐌸𐌹𐌶𐌰𐌹 𐌳𐌿𐌻𐌸𐌰𐌹 𐌾𐌰𐌷 𐌵𐌴𐌸𐌿𐌽: 𐍈𐌰𐍂 𐌹𐍃𐍄 𐌾𐌰𐌹𐌽𐍃?
John,7,12,"𐌾𐌰𐌷 𐌱𐌹𐍂𐍉𐌳𐌴𐌹𐌽𐍃 𐌼𐌹𐌺𐌹𐌻𐌰 𐍅𐌰𐍃 𐌹𐌽 𐌼𐌰𐌽𐌰𐌲𐌴𐌹𐌽: 𐍃𐌿𐌼𐌰𐌹𐌷 𐌵𐌴𐌸𐌿𐌽 𐌸𐌰𐍄𐌴𐌹 𐍃𐌿𐌽𐌾𐌴𐌹𐌽𐍃 𐌹𐍃𐍄; 𐌰𐌽𐌸𐌰𐍂𐌰𐌹 𐌵𐌴𐌸𐌿𐌽: 𐌽𐌴, 𐌰𐌺 𐌰𐌹𐍂𐌶𐌴𐌹𐌸 𐌸𐍉 𐌼𐌰𐌽𐌰𐌲𐌴𐌹𐌽."
John,7,13,𐌽𐌹𐌷 𐌸𐌰𐌽 𐌰𐌹𐌽𐍃𐌷𐌿𐌽 𐍃𐍅𐌴𐌸𐌰𐌿𐌷 𐌱𐌰𐌻𐌸𐌰𐌱𐌰 𐍂𐍉𐌳𐌹𐌳𐌰 𐌱𐌹 𐌹𐌽𐌰 𐌹𐌽 𐌰𐌲𐌹𐍃𐌹𐍃 𐌹𐌿𐌳𐌰𐌹𐌴.
John,7,14,𐌹𐌸 𐌾𐌿𐌸𐌰𐌽 𐌰𐌽𐌰 𐌼𐌹𐌳𐌾𐌰𐌹 𐌳𐌿𐌻𐌸 𐌿𐍃𐍃𐍄𐌰𐌹𐌲 𐌹𐌴𐍃𐌿𐍃 𐌹𐌽 𐌰𐌻𐌷 𐌾𐌰𐌷 𐌻𐌰𐌹𐍃𐌹𐌳𐌰.
John,7,15,𐌾𐌰𐌷 𐍃𐌹𐌻𐌳𐌰𐌻𐌴𐌹𐌺𐌹𐌳𐌴𐌳𐌿𐌽 𐌼𐌰𐌽𐌰𐌲𐌴𐌹𐌽𐍃 𐌵𐌹𐌸𐌰𐌽𐌳𐌰𐌽𐍃: 𐍈𐌰𐌹𐍅𐌰 𐍃𐌰 𐌱𐍉𐌺𐍉𐍃 𐌺𐌰𐌽𐌽 𐌿𐌽𐌿𐍃𐌻𐌰𐌹𐍃𐌹𐌸𐍃?
John,7,16,"𐌰𐌽𐌳𐌷𐍉𐍆 𐌸𐌰𐌽 𐌹𐌴𐍃𐌿𐍃 𐌾𐌰𐌷 𐌵𐌰𐌸: 𐍃𐍉 𐌼𐌴𐌹𐌽𐌰 𐌻𐌰𐌹𐍃𐌴𐌹𐌽𐍃 𐌽𐌹𐍃𐍄 𐌼𐌴𐌹𐌽𐌰, 𐌰𐌺 𐌸𐌹𐍃 𐍃𐌰𐌽𐌳𐌾𐌰𐌽𐌳𐌹𐌽𐍃 𐌼𐌹𐌺."
John,7,17,"𐌾𐌰𐌱𐌰𐌹 𐍈𐌰𐍃 𐍅𐌹𐌻𐌹 𐍅𐌹𐌻𐌾𐌰𐌽 𐌹𐍃 𐍄𐌰𐌿𐌾𐌰𐌽, 𐌿𐍆𐌺𐌿𐌽𐌽𐌰𐌹𐌸 𐌱𐌹 𐌸𐍉 𐌻𐌰𐌹𐍃𐌴𐌹𐌽 𐍆𐍂𐌰𐌼𐌿𐌷 𐌲𐌿𐌳𐌰 𐍃𐌹𐌾𐌰𐌹, 𐌸𐌰𐌿 𐌹𐌺𐌿 𐍆𐍂𐌰𐌼 𐌼𐌹𐍃 𐍃𐌹𐌻𐌱𐌹𐌽 𐍂𐍉𐌳𐌾𐌰."
John,7,18,"𐍃𐌰𐌴𐌹 𐍆𐍂𐌰𐌼 𐍃𐌹𐍃 𐍃𐌹𐌻𐌱𐌹𐌽 𐍂𐍉𐌳𐌴𐌹𐌸, 𐌷𐌰𐌿𐌷𐌹𐌸𐌰 𐍃𐌴𐌹𐌽𐌰 𐍃𐍉𐌺𐌴𐌹𐌸; 𐌹𐌸 𐍃𐌰𐌴𐌹 𐍃𐍉𐌺𐌴𐌹𐌸 𐌷𐌰𐌿𐌷𐌹𐌸𐌰 𐌸𐌹𐍃 𐍃𐌰𐌽𐌳𐌾𐌰𐌽𐌳𐌹𐌽𐍃 𐍃𐌹𐌺, 𐍃𐌰𐌷 𐍃𐌿𐌽𐌾𐌴𐌹𐌽𐍃 𐌹𐍃𐍄 𐌾𐌰𐌷 𐌹𐌽𐍅𐌹𐌽𐌳𐌹𐌸𐌰 𐌹𐌽 𐌹𐌼𐌼𐌰 𐌽𐌹𐍃𐍄."
John,7,19,𐌽𐌹𐌿 𐌼𐍉𐍃𐌴𐍃 𐌲𐌰𐍆 𐌹𐌶𐍅𐌹𐍃 𐍅𐌹𐍄𐍉𐌸? 𐌾𐌰𐌷 𐌽𐌹 𐌰𐌹𐌽𐍃𐌷𐌿𐌽 𐌹𐌶𐍅𐌰𐍂𐌰 𐍄𐌰𐌿𐌾𐌹𐌸 𐌸𐌰𐍄𐌰 𐍅𐌹𐍄𐍉𐌸; 𐍈𐌰 𐌼𐌹𐌺 𐍃𐍉𐌺𐌴𐌹𐌸 𐌿𐍃𐌵𐌹𐌼𐌰𐌽?
John,7,20,𐌰𐌽𐌳𐌷𐍉𐍆 𐍃𐍉 𐌼𐌰𐌽𐌰𐌲𐌴𐌹 𐌾𐌰𐌷 𐌵𐌴𐌸𐌿𐌽: 𐌿𐌽𐌷𐌿𐌻𐌸𐍉𐌽 𐌷𐌰𐌱𐌰𐌹𐍃; 𐍈𐌰𐍃 𐌸𐌿𐌺 𐍃𐍉𐌺𐌴𐌹𐌸 𐌿𐍃𐌵𐌹𐌼𐌰𐌽?
John,7,21,"𐌰𐌽𐌳𐌷𐍉𐍆 𐌹𐌴𐍃𐌿𐍃 𐌾𐌰𐌷 𐌵𐌰𐌸 𐌳𐌿 𐌹𐌼: 𐌰𐌹𐌽 𐍅𐌰𐌿𐍂𐍃𐍄𐍅 𐌲𐌰𐍄𐌰𐍅𐌹𐌳𐌰, 𐌾𐌰𐌷 𐌰𐌻𐌻𐌰𐌹 𐍃𐌹𐌻𐌳𐌰𐌻𐌴𐌹𐌺𐌴𐌹𐌸."
John,7,22,"𐌳𐌿𐌸𐌸𐌴 𐌼𐍉𐍃𐌴𐍃 𐌰𐍄𐌲𐌰𐍆 𐌹𐌶𐍅𐌹𐍃 𐌱𐌹𐌼𐌰𐌹𐍄, 𐌽𐌹 𐌸𐌰𐍄𐌴𐌹 𐍆𐍂𐌰𐌼 𐌼𐍉𐍃𐌴 𐍃𐌹𐌾𐌰𐌹, 𐌰𐌺 𐌿𐍃 𐌰𐍄𐍄𐌰𐌼, 𐌾𐌰𐌷 𐌹𐌽 𐍃𐌰𐌱𐌱𐌰𐍄𐍉 𐌱𐌹𐌼𐌰𐌹𐍄𐌹𐌸 𐌼𐌰𐌽𐌽𐌰𐌽."
John,7,23,"𐌾𐌰𐌱𐌰𐌹 𐌱𐌹𐌼𐌰𐌹𐍄 𐌽𐌹𐌼𐌹𐌸 𐌼𐌰𐌽𐌽𐌰 𐌹𐌽 𐍃𐌰𐌱𐌱𐌰𐍄𐍉, 𐌴𐌹 𐌽𐌹 𐌲𐌰𐍄𐌰𐌹𐍂𐌰𐌹𐌳𐌰𐌿 𐍅𐌹𐍄𐍉𐌸 𐌸𐌰𐍄𐌰 𐌼𐍉𐍃𐌴𐌶𐌹𐍃; 𐌹𐌸 𐌼𐌹𐍃 𐌷𐌰𐍄𐌹𐌶𐍉𐌸, 𐌿𐌽𐍄𐌴 𐌰𐌻𐌻𐌰𐌽𐌰 𐌼𐌰𐌽𐌽𐌰𐌽 𐌷𐌰𐌹𐌻𐌰𐌽𐌰 𐌲𐌰𐍄𐌰𐍅𐌹𐌳𐌰 𐌹𐌽 𐍃𐌰𐌱𐌱𐌰𐍄𐍉?"
John,7,24,"𐌽𐌹 𐍃𐍄𐍉𐌾𐌰𐌹𐌸 𐌱𐌹 𐍃𐌹𐌿𐌽𐌰𐌹, 𐌰𐌺 𐌸𐍉 𐌲𐌰𐍂𐌰𐌹𐌷𐍄𐍉𐌽 𐍃𐍄𐌰𐌿𐌰 𐍃𐍄𐍉𐌾𐌰𐌹𐌸."
John,7,25,𐌵𐌴𐌸𐌿𐌽𐌿𐌷 𐌸𐌰𐌽 𐍃𐌿𐌼𐌰𐌹 𐌸𐌹𐌶𐌴 𐌹𐌰𐌹𐍂𐌿𐍃𐌰𐌿𐌻𐍅𐌼𐌴𐌹𐍄𐌴: 𐌽𐌹𐌿 𐍃𐌰 𐌹𐍃𐍄 𐌸𐌰𐌼𐌼𐌴𐌹 𐍃𐍉𐌺𐌾𐌰𐌽𐌳 𐌿𐍃𐌵𐌹𐌼𐌰𐌽?
John,7,26,"𐌾𐌰𐌷 𐍃𐌰𐌹, 𐌰𐌽𐌳𐌰𐌿𐌲𐌹𐌱𐌰 𐍂𐍉𐌳𐌴𐌹𐌸 𐌾𐌰𐌷 𐍅𐌰𐌹𐌷𐍄 𐌳𐌿 𐌹𐌼𐌼𐌰 𐌽𐌹 𐌵𐌹𐌸𐌰𐌽𐌳; 𐌹𐌱𐌰𐌹 𐌰𐌿𐍆𐍄𐍉 𐌱𐌹 𐍃𐌿𐌽𐌾𐌰𐌹 𐌿𐍆𐌺𐌿𐌽𐌸𐌴𐌳𐌿𐌽 𐌸𐌰𐌹 𐍂𐌴𐌹𐌺𐍃 𐌸𐌰𐍄𐌴𐌹 𐍃𐌰 𐌹𐍃𐍄 𐌱𐌹 𐍃𐌿𐌽𐌾𐌰𐌹 𐍇𐍂𐌹𐍃𐍄𐌿𐍃?"
John,7,27,"𐌰𐌺𐌴𐌹 𐌸𐌰𐌽𐌰 𐌺𐌿𐌽𐌽𐌿𐌼, 𐍈𐌰𐌸𐍂𐍉 𐌹𐍃𐍄; 𐌹𐌸 𐍇𐍂𐌹𐍃𐍄𐌿𐍃, 𐌱𐌹𐌸𐌴 𐌵𐌹𐌼𐌹𐌸, 𐌽𐌹 𐌼𐌰𐌽𐌽𐌰 𐍅𐌰𐌹𐍄 𐍈𐌰𐌸𐍂𐍉 𐌹𐍃𐍄."
John,7,28,"𐌷𐍂𐍉𐍀𐌹𐌳𐌰 𐌸𐌰𐌽 𐌹𐌽 𐌰𐌻𐌷 𐌻𐌰𐌹𐍃𐌾𐌰𐌽𐌳𐍃 𐌹𐌴𐍃𐌿𐍃 𐌾𐌰𐌷 𐌵𐌹𐌸𐌰𐌽𐌳𐍃: 𐌾𐌰𐌷 𐌼𐌹𐌺 𐌺𐌿𐌽𐌽𐌿𐌸 𐌾𐌰𐌷 𐍅𐌹𐍄𐌿𐌸 𐍈𐌰𐌸𐍂𐍉 𐌹𐌼; 𐌾𐌰𐌷 𐌰𐍆 𐌼𐌹𐍃 𐍃𐌹𐌻𐌱𐌹𐌽 𐌽𐌹 𐌵𐌰𐌼, 𐌰𐌺 𐌹𐍃𐍄 𐍃𐌿𐌽𐌾𐌴𐌹𐌽𐍃 𐍃𐌰𐌴𐌹 𐍃𐌰𐌽𐌳𐌹𐌳𐌰 𐌼𐌹𐌺, 𐌸𐌰𐌽𐌴𐌹 𐌾𐌿𐍃 𐌽𐌹 𐌺𐌿𐌽𐌽𐌿𐌸."
John,7,29,"𐌹𐌸 𐌹𐌺 𐌺𐌰𐌽𐌽 𐌹𐌽𐌰, 𐌿𐌽𐍄𐌴 𐍆𐍂𐌰𐌼 𐌹𐌼𐌼𐌰 𐌹𐌼, 𐌾𐌰𐌷 𐌹𐍃 𐌼𐌹𐌺 𐌹𐌽𐍃𐌰𐌽𐌳𐌹𐌳𐌰."
John,7,30,"𐍃𐍉𐌺𐌹𐌳𐌴𐌳𐌿𐌽 𐌸𐌰𐌽 𐌹𐌽𐌰 𐌲𐌰𐍆𐌰𐌷𐌰𐌽, 𐌾𐌰𐌷 𐌽𐌹 𐌰𐌹𐌽𐍃𐌷𐌿𐌽 𐌿𐍃𐌻𐌰𐌲𐌹𐌳𐌰 𐌰𐌽𐌰 𐌹𐌽𐌰 𐌷𐌰𐌽𐌳𐌿, 𐌿𐌽𐍄𐌴 𐌽𐌰𐌿𐌷𐌸𐌰𐌽𐌿𐌷 𐌽𐌹 𐌰𐍄𐌹𐌳𐌳𐌾𐌰 𐍈𐌴𐌹𐌻𐌰 𐌹𐍃."
John,7,31,"𐌹𐌸 𐌼𐌰𐌽𐌰𐌲𐌰𐌹 𐌸𐌹𐌶𐍉𐍃 𐌼𐌰𐌽𐌰𐌲𐌴𐌹𐌽𐍃 𐌲𐌰𐌻𐌰𐌿𐌱𐌹𐌳𐌴𐌳𐌿𐌽 𐌹𐌼𐌼𐌰 𐌾𐌰𐌷 𐌵𐌴𐌸𐌿𐌽: 𐍇𐍂𐌹𐍃𐍄𐌿𐍃, 𐌸𐌰𐌽 𐌵𐌹𐌼𐌹𐌸, 𐌹𐌱𐌰𐌹 [𐌴𐌹] 𐌼𐌰𐌽𐌰𐌲𐌹𐌶𐌴𐌹𐌽𐍃 𐍄𐌰𐌹𐌺𐌽𐌹𐌽𐍃 𐍄𐌰𐌿𐌾𐌰𐌹 𐌸𐌰𐌹𐌼𐌴𐌹 𐍃𐌰 𐍄𐌰𐍅𐌹𐌳𐌰?"
John,7,32,"𐌷𐌰𐌿𐍃𐌹𐌳𐌴𐌳𐌿𐌽 𐌸𐌰𐌽 𐍆𐌰𐍂𐌴𐌹𐍃𐌰𐌹𐌴𐌹𐍃 𐌸𐍉 𐌼𐌰𐌽𐌰𐌲𐌴𐌹𐌽 𐌱𐌹𐍂𐍉𐌳𐌾𐌰𐌽𐌳𐌴𐌹𐌽 𐌱𐌹 𐌹𐌽𐌰 𐌸𐌰𐍄𐌰. 𐌹𐌽𐌿𐌷𐍃𐌰𐌽𐌳𐌹𐌳𐌴𐌳𐌿𐌽 𐌰𐌽𐌳𐌱𐌰𐌷𐍄𐌰𐌽𐍃 𐌸𐌰𐌹 𐍆𐌰𐍂𐌴𐌹𐍃𐌰𐌹𐌴𐌹𐍃 𐌾𐌰𐌷 𐌸𐌰𐌹 𐌰𐌿𐌷𐌿𐌼𐌹𐍃𐍄𐌰𐌽𐍃 𐌲𐌿𐌳𐌾𐌰𐌽𐍃, 𐌴𐌹 𐌲𐌰𐍆𐌰𐌹𐍆𐌰𐌷𐌴𐌹𐌽𐌰 𐌹𐌽𐌰."
John,7,33,"𐌸𐌰𐌽𐌿𐌷 𐌵𐌰𐌸 𐌹𐌴𐍃𐌿𐍃: 𐌽𐌰𐌿𐌷 𐌻𐌴𐌹𐍄𐌹𐌻𐌰 𐍈𐌴𐌹𐌻𐌰 𐌼𐌹𐌸 𐌹𐌶𐍅𐌹𐍃 𐌹𐌼, 𐌾𐌰𐌷 𐌸𐌰𐌽 𐌲𐌰𐌲𐌲𐌰 𐌳𐌿 𐌸𐌰𐌼𐌼𐌰 𐍃𐌰𐌽𐌳𐌾𐌰𐌽𐌳𐌹𐌽 𐌼𐌹𐌺."
John,7,34,"𐍃𐍉𐌺𐌴𐌹𐌸 𐌼𐌹𐌺 𐌾𐌰𐌷 𐌽𐌹 𐌱𐌹𐌲𐌹𐍄𐌹𐌸, 𐌾𐌰𐌷 𐌸𐌰𐍂𐌴𐌹 𐌹𐌼 𐌹𐌺, 𐌾𐌿𐍃 𐌽𐌹 𐌼𐌰𐌲𐌿𐌸 𐌵𐌹𐌼𐌰𐌽."
John,7,35,"𐌸𐌰𐍂𐌿𐌷 𐌵𐌴𐌸𐌿𐌽 𐌸𐌰𐌹 𐌹𐌿𐌳𐌰𐌹𐌴𐌹𐍃 𐌳𐌿 𐍃𐌹𐍃 𐌼𐌹𐍃𐍃𐍉: 𐍈𐌰𐌳𐍂𐌴 𐍃𐌰 𐍃𐌺𐌿𐌻𐌹 𐌲𐌰𐌲𐌲𐌰𐌽, 𐌸𐌴𐌹 𐍅𐌴𐌹𐍃 𐌽𐌹 𐌱𐌹𐌲𐌹𐍄𐌰𐌹𐌼𐌰 𐌹𐌽𐌰? 𐌽𐌹𐌱𐌰𐌹 𐌹𐌽 𐌳𐌹𐍃𐍄𐌰𐌷𐌴𐌹𐌽 𐌸𐌹𐌿𐌳𐍉 𐍃𐌺𐌿𐌻𐌹 𐌲𐌰𐌲𐌲𐌰𐌽 𐌾𐌰𐌷 𐌻𐌰𐌹𐍃𐌾𐌰𐌽 𐌸𐌹𐌿𐌳𐍉𐍃?"
John,7,36,"𐍈𐌰 𐍃𐌹𐌾𐌰𐌹 𐌸𐌰𐍄𐌰 𐍅𐌰𐌿𐍂𐌳, 𐌸𐌰𐍄𐌴𐌹 𐌵𐌰𐌸: 𐍃𐍉𐌺𐌴𐌹𐌸 𐌼𐌹𐌺 𐌾𐌰𐌷 𐌽𐌹 𐌱𐌹𐌲𐌹𐍄𐌹𐌸, 𐌾𐌰𐌷 𐌸𐌰𐍂𐌴𐌹 𐌹𐌼 𐌹𐌺, 𐌾𐌿𐍃 𐌽𐌹 𐌼𐌰𐌲𐌿𐌸 𐌵𐌹𐌼𐌰𐌽?"
John,7,37,"𐌹𐌸 𐌹𐌽 𐍃𐍀𐌴𐌳𐌹𐍃𐍄𐌹𐌽 𐌳𐌰𐌲𐌰 𐌸𐌰𐌼𐌼𐌰 𐌼𐌹𐌺𐌹𐌻𐌹𐌽 𐌳𐌿𐌻𐌸𐌰𐌹𐍃 𐍃𐍄𐍉𐌸 𐌹𐌴𐍃𐌿𐍃 𐌾𐌰𐌷 𐌷𐍂𐍉𐍀𐌹𐌳𐌰 𐌵𐌹𐌸𐌰𐌽𐌳𐍃: 𐌾𐌰𐌱𐌰𐌹 𐍈𐌰𐌽𐌰 𐌸𐌰𐌿𐍂𐍃𐌾𐌰𐌹, 𐌲𐌰𐌲𐌲𐌰𐌹 𐌳𐌿 𐌼𐌹𐍃 𐌾𐌰𐌷 𐌳𐍂𐌹𐌲𐌲𐌺𐌰𐌹."
John,7,38,"𐍃𐌰𐌴𐌹 𐌲𐌰𐌻𐌰𐌿𐌱𐌴𐌹𐌸 𐌳𐌿 𐌼𐌹𐍃, 𐍃𐍅𐌰𐍃𐍅𐌴 𐌵𐌰𐌸 𐌲𐌰𐌼𐌴𐌻𐌴𐌹𐌽𐍃, 𐌰𐍈𐍉𐍃 𐌿𐍃 𐍅𐌰𐌼𐌱𐌰𐌹 𐌹𐍃 𐍂𐌹𐌽𐌽𐌰𐌽𐌳 𐍅𐌰𐍄𐌹𐌽𐍃 𐌻𐌹𐌱𐌰𐌽𐌳𐌹𐌽𐍃."
John,7,39,"𐌸𐌰𐍄𐌿𐌷 𐌸𐌰𐌽 𐌵𐌰𐌸 𐌱𐌹 𐌰𐌷𐌼𐌰𐌽 𐌸𐌰𐌽𐌴𐌹 𐍃𐌺𐌿𐌻𐌳𐌴𐌳𐌿𐌽 𐌽𐌹𐌼𐌰𐌽 𐌸𐌰𐌹 𐌲𐌰𐌻𐌰𐌿𐌱𐌾𐌰𐌽𐌳𐌰𐌽𐍃 𐌳𐌿 𐌹𐌼𐌼𐌰; 𐌿𐌽𐍄𐌴 𐌽𐌹 𐌽𐌰𐌿𐌷𐌸𐌰𐌽𐌿𐌷 𐍅𐌰𐍃 𐌰𐌷𐌼𐌰 𐍃𐌰 𐍅𐌴𐌹𐌷𐌰 𐌰𐌽𐌰 𐌹𐌼, 𐌿𐌽𐍄𐌴 𐌹𐌴𐍃𐌿𐍃 𐌽𐌰𐌿𐌷𐌸𐌰𐌽𐌿𐌷 𐌽𐌹 𐌷𐌰𐌿𐌷𐌹𐌸𐍃 𐍅𐌰𐍃."
John,7,40,𐌼𐌰𐌽𐌰𐌲𐌰𐌹 𐌸𐌰𐌽 𐌸𐌹𐌶𐍉𐍃 𐌼𐌰𐌽𐌰𐌲𐌴𐌹𐌽𐍃 𐌷𐌰𐌿𐍃𐌾𐌰𐌽𐌳𐌰𐌽𐍃 𐌸𐌹𐌶𐌴 𐍅𐌰𐌿𐍂𐌳𐌴 𐌵𐌴𐌸𐌿𐌽: 𐍃𐌰 𐌹𐍃𐍄 𐌱𐌹 𐍃𐌿𐌽𐌾𐌰𐌹 𐍃𐌰 𐍀𐍂𐌰𐌿𐍆𐌴𐍄𐌴𐍃.
John,7,41,𐍃𐌿𐌼𐌰𐌹𐌷 𐌵𐌴𐌸𐌿𐌽: 𐍃𐌰 𐌹𐍃𐍄 𐍇𐍂𐌹𐍃𐍄𐌿𐍃. 𐍃𐌿𐌼𐌰𐌹𐌷 𐌵𐌴𐌸𐌿𐌽: 𐌹𐌱𐌰𐌹 𐌸𐌰𐌿 𐌿𐍃 𐌲𐌰𐌻𐌴𐌹𐌻𐌰𐌹𐌰 𐍇𐍂𐌹𐍃𐍄𐌿𐍃 𐌵𐌹𐌼𐌹𐌸?
John,7,42,"𐌽𐌹𐌿 𐌲𐌰𐌼𐌴𐌻𐌴𐌹𐌽𐍃 𐌵𐌰𐌸 𐌸𐌰𐍄𐌴𐌹 𐌿𐍃 𐍆𐍂𐌰𐌹𐍅𐌰 𐌳𐌰𐍅𐌴𐌹𐌳𐌹𐍃 𐌾𐌰𐌷 𐌿𐍃 𐌱𐌴𐌸𐌻𐌰𐌹𐌷𐌰𐌹𐌼 𐍅𐌴𐌹𐌷𐍃𐌰, 𐌸𐌰𐍂𐌴𐌹 𐍅𐌰𐍃 𐌳𐌰𐍅𐌴𐌹𐌳, 𐍇𐍂𐌹𐍃𐍄𐌿𐍃 𐌵𐌹𐌼𐌹𐌸?"
John,7,43,𐌸𐌰𐌽𐌿𐌷 𐌼𐌹𐍃𐍃𐌰𐌵𐌹𐍃𐍃 𐌹𐌽 𐌸𐌹𐌶𐌰𐌹 𐌼𐌰𐌽𐌰𐌲𐌴𐌹𐌽 𐍅𐌰𐍂𐌸 𐌱𐌹 𐌹𐌽𐌰.
John,7,44,𐍃𐌿𐌼𐌰𐌹𐌷 𐌸𐌰𐌽 𐌹𐌶𐌴 𐍅𐌹𐌻𐌳𐌴𐌳𐌿𐌽 𐍆𐌰𐌷𐌰𐌽 𐌹𐌽𐌰; 𐌰𐌺𐌴𐌹 𐌽𐌹 𐌰𐌹𐌽𐍃𐌷𐌿𐌽 𐌿𐍃𐌻𐌰𐌲𐌹𐌳𐌰 𐌰𐌽𐌰 𐌹𐌽𐌰 𐌷𐌰𐌽𐌳𐌿𐌽𐍃.
John,7,45,𐌲𐌰𐌻𐌹𐌸𐌿𐌽 𐌸𐌰𐌽 𐌸𐌰𐌹 𐌰𐌽𐌳𐌱𐌰𐌷𐍄𐍉𐍃 𐌳𐌿 𐌸𐌰𐌹𐌼 𐌰𐌿𐌷𐌿𐌼𐌹𐍃𐍄𐌰𐌼 𐌲𐌿𐌳𐌾𐌰𐌼 𐌾𐌰𐌷 𐍆𐌰𐍂𐌴𐌹𐍃𐌰𐌹𐌿𐌼; 𐌸𐌰𐍂𐌿𐌷 𐌵𐌴𐌸𐌿𐌽 𐌳𐌿 𐌹𐌼 𐌾𐌰𐌹𐌽𐌰𐌹: 𐌳𐌿𐍈𐌴 𐌽𐌹 𐌰𐍄𐍄𐌰𐌿𐌷𐌿𐌸 𐌹𐌽𐌰?
John,7,46,"𐌰𐌽𐌳𐌷𐍉𐍆𐌿𐌽 𐌸𐌰𐌹 𐌰𐌽𐌳𐌱𐌰𐌷𐍄𐍉𐍃: 𐌽𐌹 𐍈𐌰𐌽𐌷𐌿𐌽 𐌰𐌹𐍅 𐍂𐍉𐌳𐌹𐌳𐌰 𐌼𐌰𐌽𐌽𐌰, 𐍃𐍅𐌰𐍃𐍅𐌴 𐍃𐌰 𐌼𐌰𐌽𐌽𐌰."
John,7,47,𐌰𐌽𐌳𐌷𐍉𐍆𐌿𐌽 𐌸𐌰𐌽 𐌹𐌼 𐌸𐌰𐌹 𐍆𐌰𐍂𐌴𐌹𐍃𐌰𐌹𐌴𐌹𐍃: 𐌹𐌱𐌰𐌹 𐌾𐌰𐌷 𐌾𐌿𐍃 𐌰𐍆𐌰𐌹𐍂𐌶𐌹𐌳𐌰𐌹 𐍃𐌹𐌾𐌿𐌸?
John,7,48,"𐍃𐌰𐌹, 𐌾𐌰𐌿 𐌰𐌹𐌽𐍃𐌷𐌿𐌽 𐌸𐌹𐌶𐌴 𐍂𐌴𐌹𐌺𐌴 𐌲𐌰𐌻𐌰𐌿𐌱𐌹𐌳𐌴𐌳𐌹 𐌹𐌼𐌼𐌰 𐌰𐌹𐌸𐌸𐌰𐌿 𐍆𐌰𐍂𐌴𐌹𐍃𐌰𐌹𐌴?"
John,7,49,"𐌰𐌻𐌾𐌰 𐍃𐍉 𐌼𐌰𐌽𐌰𐌲𐌴𐌹, 𐌸𐌰𐌹𐌴𐌹 𐌽𐌹 𐌺𐌿𐌽𐌽𐌿𐌽 𐍅𐌹𐍄𐍉𐌸, 𐍆𐍂𐌰𐌵𐌹𐌸𐌰𐌽𐌰𐌹 𐍃𐌹𐌽𐌳."
John,7,50,"𐌵𐌰𐌸 𐌽𐌹𐌺𐌰𐌿𐌳𐌴𐌼𐌿𐍃 𐌳𐌿 𐌹𐌼, 𐍃𐌰𐌴𐌹 𐌰𐍄𐌹𐌳𐌳𐌾𐌰 𐌳𐌿 𐌹𐌼𐌼𐌰 𐌹𐌽 𐌽𐌰𐌷𐍄, 𐍃𐌿𐌼𐍃 𐍅𐌹𐍃𐌰𐌽𐌳𐍃 𐌹𐌶𐌴𐌹:"
John,7,51,"𐌹𐌱𐌰𐌹 𐍅𐌹𐍄𐍉𐌸 𐌿𐌽𐍃𐌰𐍂 𐍃𐍄𐍉𐌾𐌹𐌸 𐌼𐌰𐌽𐌽𐌰𐌽, 𐌽𐌹𐌱𐌰𐌹 𐍆𐌰𐌿𐍂𐌸𐌹𐍃 𐌷𐌰𐌿𐍃𐌴𐌹𐌸 𐍆𐍂𐌰𐌼 𐌹𐌼𐌼𐌰 𐌾𐌰𐌷 𐌿𐍆𐌺𐌿𐌽𐌽𐌰𐌹𐌸 𐍈𐌰 𐍄𐌰𐌿𐌾𐌰𐌹?"
John,7,52,𐌰𐌽𐌳𐌷𐍉𐍆𐌿𐌽 𐌾𐌰𐌷 𐌵𐌴𐌸𐌿𐌽 𐌳𐌿 𐌹𐌼𐌼𐌰: 𐌹𐌱𐌰𐌹 𐌾𐌰𐌷 𐌸𐌿 𐌿𐍃 𐌲𐌰𐌻𐌴𐌹𐌻𐌰𐌹𐌰 𐌹𐍃? 𐌿𐍃𐍃𐍉𐌺𐌴𐌹 𐌾𐌰𐌷 𐍃𐌰𐌹𐍈 𐌸𐌰𐍄𐌴𐌹 𐍀𐍂𐌰𐌿𐍆𐌴𐍄𐌿𐍃 𐌿𐍃 𐌲𐌰𐌻𐌴𐌹𐌻𐌰𐌹𐌰 𐌽𐌹 𐌿𐍂𐍂𐌴𐌹𐍃𐌹𐌸.
John,7,53,
John,8,1,
John,8,2,
John,8,3,
John,8,4,
John,8,5,
John,8,6,
John,8,7,
John,8,8,
John,8,9,
John,8,10,
John,8,11,
John,8,12,"𐌰𐍆𐍄𐍂𐌰 𐌳𐌿 𐌹𐌼 𐌹𐌴𐍃𐌿𐍃 𐍂𐍉𐌳𐌹𐌳𐌰 𐌵𐌰𐌸𐌿𐌷: 𐌹𐌺 𐌹𐌼 𐌻𐌹𐌿𐌷𐌰𐌸 𐌼𐌰𐌽𐌰𐍃𐌴𐌳𐌰𐌹𐍃; 𐍃𐌰𐌴𐌹 𐌻𐌰𐌹𐍃𐍄𐌴𐌹𐌸 𐌼𐌹𐌺 𐌽𐌹 𐌲𐌰𐌲𐌲𐌹𐌸 𐌹𐌽 𐍂𐌹𐌵𐌹𐌶𐌰, 𐌰𐌺 𐌷𐌰𐌱𐌰𐌹𐌸 𐌻𐌹𐌿𐌷𐌰𐌸 𐌻𐌹𐌱𐌰𐌹𐌽𐌰𐌹𐍃."
John,8,13,𐌸𐌰𐌽𐌿𐌷 𐌵𐌴𐌸𐌿𐌽 𐌳𐌿 𐌹𐌼𐌼𐌰 𐌸𐌰𐌹 𐍆𐌰𐍂𐌴𐌹𐍃𐌰𐌹𐌴𐌹𐍃: 𐌸𐌿 𐌱𐌹 𐌸𐌿𐌺 𐍃𐌹𐌻𐌱𐌰𐌽 𐍅𐌴𐌹𐍄𐍅𐍉𐌳𐌴𐌹𐍃; 𐍃𐍉 𐍅𐌴𐌹𐍄𐍅𐍉𐌳𐌹𐌸𐌰 𐌸𐌴𐌹𐌽𐌰 𐌽𐌹𐍃𐍄 𐍃𐌿𐌽𐌾𐌴𐌹𐌽𐌰.
John,8,14,"𐌰𐌽𐌳𐌷𐍉𐍆 𐌹𐌴𐍃𐌿𐍃 𐌾𐌰𐌷 𐌵𐌰𐌸 𐌳𐌿 𐌹𐌼: 𐌾𐌰𐌷 𐌾𐌰𐌱𐌰𐌹 𐌹𐌺 𐍅𐌴𐌹𐍄𐍅𐍉𐌳𐌾𐌰 𐌱𐌹 𐌼𐌹𐌺 𐍃𐌹𐌻𐌱𐌰𐌽, 𐍃𐌿𐌽𐌾𐌰 𐌹𐍃𐍄 𐍃𐍉 𐍅𐌴𐌹𐍄𐍅𐍉𐌳𐌹𐌸𐌰 𐌼𐌴𐌹𐌽𐌰, 𐌿𐌽𐍄𐌴 𐍅𐌰𐌹𐍄 𐍈𐌰𐌸𐍂𐍉 𐌵𐌰𐌼 𐌾𐌰𐌷 𐍈𐌰𐌸 𐌲𐌰𐌻𐌴𐌹𐌸𐌰, 𐌹𐌸 𐌾𐌿𐍃 𐌽𐌹 𐍅𐌹𐍄𐌿𐌸 𐍈𐌰𐌸𐍂𐍉 𐌵𐌹𐌼𐌰, 𐌰𐌹𐌸𐌸𐌰𐌿 𐍈𐌰𐌸 𐌲𐌰𐌻𐌴𐌹𐌸𐌰."
John,8,15,"𐌾𐌿𐍃 𐌱𐌹 𐌻𐌴𐌹𐌺𐌰 𐍃𐍄𐍉𐌾𐌹𐌸, 𐌹𐌸 𐌹𐌺 𐌽𐌹 𐍃𐍄𐍉𐌾𐌰 𐌰𐌹𐌽𐌽𐍉𐌷𐌿𐌽."
John,8,16,"𐌾𐌰𐌸~𐌸𐌰𐌽 𐌾𐌰𐌱𐌰𐌹 𐍃𐍄𐍉𐌾𐌰 𐌹𐌺, 𐍃𐍄𐌰𐌿𐌰 𐌼𐌴𐌹𐌽𐌰 𐍃𐌿𐌽𐌾𐌴𐌹𐌽𐌰 𐌹𐍃𐍄, 𐌿𐌽𐍄𐌴 𐌰𐌹𐌽𐍃 𐌽𐌹 𐌹𐌼, 𐌰𐌺 𐌹𐌺 𐌾𐌰𐌷 𐍃𐌰𐌴𐌹 𐍃𐌰𐌽𐌳𐌹𐌳𐌰 𐌼𐌹𐌺 𐌰𐍄𐍄𐌰."
John,8,17,𐌾𐌰𐌷 𐌸𐌰𐌽 𐌹𐌽 𐍅𐌹𐍄𐍉𐌳𐌰 𐌹𐌶𐍅𐌰𐍂𐌰𐌼𐌼𐌰 𐌲𐌰𐌼𐌴𐌻𐌹𐌸 𐌹𐍃𐍄 𐌸𐌰𐍄𐌴𐌹 𐍄𐍅𐌰𐌳𐌳𐌾𐌴 𐌼𐌰𐌽𐌽𐌴 𐍅𐌴𐌹𐍄𐍅𐍉𐌳𐌹𐌸𐌰 𐍃𐌿𐌽𐌾𐌰 𐌹𐍃𐍄.
John,8,18,"𐌹𐌺 𐌹𐌼 𐍃𐌰𐌴𐌹 𐍅𐌴𐌹𐍄𐍅𐍉𐌳𐌾𐌰 𐌱𐌹 𐌼𐌹𐌺 𐍃𐌹𐌻𐌱𐌰𐌽, 𐌾𐌰𐌷 𐍅𐌴𐌹𐍄𐍅𐍉𐌳𐌴𐌹𐌸 𐌱𐌹 𐌼𐌹𐌺 𐍃𐌰𐌴𐌹 𐍃𐌰𐌽𐌳𐌹𐌳𐌰 𐌼𐌹𐌺 𐌰𐍄𐍄𐌰."
John,8,19,"𐌵𐌴𐌸𐌿𐌽 𐌸𐌰𐌽 𐌳𐌿 𐌹𐌼𐌼𐌰: 𐍈𐌰𐍂 𐌹𐍃𐍄 𐍃𐌰 𐌰𐍄𐍄𐌰 𐌸𐌴𐌹𐌽𐍃? 𐌰𐌽𐌳𐌷𐍉𐍆 𐌹𐌴𐍃𐌿𐍃: 𐌽𐌹 𐌼𐌹𐌺 𐌺𐌿𐌽𐌽𐌿𐌸 𐌽𐌹𐌷 𐌰𐍄𐍄𐌰𐌽 𐌼𐌴𐌹𐌽𐌰𐌽𐌰; 𐌹𐌸 𐌼𐌹𐌺 𐌺𐌿𐌽𐌸𐌴𐌳𐌴𐌹𐌸, 𐌾𐌰𐌷 𐌸𐌰𐌿 𐌰𐍄𐍄𐌰𐌽 𐌼𐌴𐌹𐌽𐌰𐌽𐌰 𐌺𐌿𐌽𐌸𐌴𐌳𐌴𐌹𐌸."
John,8,20,"𐌸𐍉 𐍅𐌰𐌿𐍂𐌳𐌰 𐍂𐍉𐌳𐌹𐌳𐌰 𐌹𐌽 𐌲𐌰𐌶𐌰𐌿𐍆𐍅𐌻𐌰𐌺𐌹𐍉, 𐌻𐌰𐌹𐍃𐌾𐌰𐌽𐌳𐍃 𐌹𐌽 𐌰𐌻𐌷; 𐌾𐌰𐌷 𐌰𐌹𐌽𐍃𐌷𐌿𐌽 𐌽𐌹 𐍆𐌰𐌹𐍆𐌰𐌷 𐌹𐌽𐌰, 𐌿𐌽𐍄𐌴 𐌽𐌰𐌿𐌷𐌸𐌰𐌽𐌿𐌷 𐌽𐌹 𐌵𐌰𐌼 𐍈𐌴𐌹𐌻𐌰 𐌹𐍃."
John,8,21,"𐌸𐌰𐌽𐌿𐌷 𐌵𐌰𐌸 𐌰𐍆𐍄𐍂𐌰 𐌳𐌿 𐌹𐌼 𐌹𐌴𐍃𐌿𐍃: 𐌹𐌺 𐌲𐌰𐌻𐌴𐌹𐌸𐌰, 𐌾𐌰𐌷 𐍃𐍉𐌺𐌴𐌹𐌸 𐌼𐌹𐌺, 𐌾𐌰𐌷 𐌹𐌽 𐍆𐍂𐌰𐍅𐌰𐌿𐍂𐌷𐍄𐌰𐌹 𐌹𐌶𐍅𐌰𐍂𐌰𐌹 𐌲𐌰𐌳𐌰𐌿𐌸𐌽𐌹𐌸. 𐌸𐌰𐌳𐌴𐌹 𐌹𐌺 𐌲𐌰𐌲𐌲𐌰, 𐌾𐌿𐍃 𐌽𐌹 𐌼𐌰𐌲𐌿𐌸 𐌵𐌹𐌼𐌰𐌽."
John,8,22,"𐌵𐌴𐌸𐌿𐌽 𐌸𐌰𐌽 𐌹𐌿𐌳𐌰𐌹𐌴𐌹𐍃: 𐌽𐌹𐌱𐌰𐌹 𐌿𐍃𐌵𐌹𐌼𐌰𐌹 𐍃𐌹𐍃 𐍃𐌹𐌻𐌱𐌹𐌽, 𐌴𐌹 𐌵𐌹𐌸𐌹𐌸: 𐌸𐌰𐌳𐌴𐌹 𐌹𐌺 𐌲𐌰𐌲𐌲𐌰, 𐌾𐌿𐍃 𐌽𐌹 𐌼𐌰𐌲𐌿𐌸 𐌵𐌹𐌼𐌰𐌽?"
John,8,23,"𐌾𐌰𐌷 𐌵𐌰𐌸 𐌳𐌿 𐌹𐌼 𐌹𐌴𐍃𐌿𐍃: 𐌾𐌿𐍃 𐌿𐍃 𐌸𐌰𐌹𐌼 𐌳𐌰𐌻𐌰𐌸𐍂𐍉 𐍃𐌹𐌾𐌿𐌸, 𐌹𐌸 𐌹𐌺 𐌿𐍃 𐌸𐌰𐌹𐌼 𐌹𐌿𐍀𐌰𐌸𐍂𐍉 𐌹𐌼; 𐌾𐌿𐍃 𐌿𐍃 𐌸𐌰𐌼𐌼𐌰 𐍆𐌰𐌹𐍂𐍈𐌰𐌿 𐍃𐌹𐌾𐌿𐌸, 𐌹𐌸 𐌹𐌺 𐌽𐌹 𐌹𐌼 𐌿𐍃 𐌸𐌰𐌼𐌼𐌰 𐍆𐌰𐌹𐍂𐍈𐌰𐌿."
John,8,24,"𐌵𐌰𐌸 𐌽𐌿 𐌹𐌶𐍅𐌹𐍃 𐌸𐌰𐍄𐌴𐌹 𐌲𐌰𐌳𐌰𐌿𐌸𐌽𐌹𐌸 𐌹𐌽 𐍆𐍂𐌰𐍅𐌰𐌿𐍂𐌷𐍄𐌹𐌼 𐌹𐌶𐍅𐌰𐍂𐌰𐌹𐌼; 𐌾𐌰𐌱𐌰𐌹 𐌰𐌿𐌺 𐌽𐌹 𐌲𐌰𐌻𐌰𐌿𐌱𐌴𐌹𐌸 𐌸𐌰𐍄𐌴𐌹 𐌹𐌺 𐌹𐌼, 𐌲𐌰𐌳𐌰𐌿𐌸𐌽𐌹𐌸 𐌹𐌽 𐍆𐍂𐌰𐍅𐌰𐌿𐍂𐌷𐍄𐌹𐌼 𐌹𐌶𐍅𐌰𐍂𐌰𐌹𐌼."
John,8,25,"𐌸𐌰𐍂𐌿𐌷 𐌵𐌴𐌸𐌿𐌽 𐌳𐌿 𐌹𐌼𐌼𐌰: 𐌸𐌿 𐍈𐌰𐍃 𐌹𐍃? 𐌾𐌰𐌷 𐌵𐌰𐌸 𐌳𐌿 𐌹𐌼 𐌹𐌴𐍃𐌿𐍃: 𐌰𐌽𐌰𐍃𐍄𐍉𐌳𐌴𐌹𐌽𐍃, 𐌸𐌰𐍄𐌴𐌹 𐌾𐌰𐌷 𐍂𐍉𐌳𐌾𐌰 𐌳𐌿 𐌹𐌶𐍅𐌹𐍃."
John,8,26,𐌼𐌰𐌽𐌰𐌲 𐍃𐌺𐌰𐌻 𐌱𐌹 𐌹𐌶𐍅𐌹𐍃 𐍂𐍉𐌳𐌾𐌰𐌽 𐌾𐌰𐌷 𐍃𐍄𐍉𐌾𐌰𐌽; 𐌰𐌺𐌴𐌹 𐍃𐌰𐌴𐌹 𐍃𐌰𐌽𐌳𐌹𐌳𐌰 𐌼𐌹𐌺 𐍃𐌿𐌽𐌾𐌴𐌹𐌽𐍃 𐌹𐍃𐍄; 𐌾𐌰𐌷 𐌹𐌺 𐌸𐌰𐍄𐌴𐌹 𐌷𐌰𐌿𐍃𐌹𐌳𐌰 𐌰𐍄 𐌹𐌼𐌼𐌰 𐌸𐌰𐍄𐌰 𐍂𐍉𐌳𐌾𐌰 𐌹𐌽 𐌸𐌰𐌼𐌼𐌰 𐍆𐌰𐌹𐍂𐍈𐌰𐌿.
John,8,27,𐌽𐌹 𐍆𐍂𐍉𐌸𐌿𐌽 𐌸𐌰𐍄𐌴𐌹 𐌰𐍄𐍄𐌰𐌽 𐌹𐌼 𐌵𐌰𐌸.
John,8,28,"𐌵𐌰𐌸𐌿𐌷 𐌸𐌰𐌽 𐌳𐌿 𐌹𐌼 𐌹𐌴𐍃𐌿𐍃: 𐌸𐌰𐌽 𐌿𐍃𐌷𐌰𐌿𐌷𐌴𐌹𐌸 𐌸𐌰𐌽𐌰 𐍃𐌿𐌽𐌿 𐌼𐌰𐌽𐍃, 𐌸𐌰𐌽𐌿𐌷 𐌿𐍆𐌺𐌿𐌽𐌽𐌰𐌹𐌸 𐌸𐌰𐍄𐌴𐌹 𐌹𐌺 𐌹𐌼, 𐌾𐌰𐌷 𐌰𐍆 𐌼𐌹𐍃 𐍃𐌹𐌻𐌱𐌹𐌽 𐍄𐌰𐌿𐌾𐌰 𐌽𐌹 𐍅𐌰𐌹𐌷𐍄, 𐌰𐌺 𐍃𐍅𐌰𐍃𐍅𐌴 𐌻𐌰𐌹𐍃𐌹𐌳𐌰 𐌼𐌹𐌺 𐌰𐍄𐍄𐌰 𐌼𐌴𐌹𐌽𐍃, 𐌸𐌰𐍄𐌰 𐍂𐍉𐌳𐌾𐌰."
John,8,29,"𐌾𐌰𐌷 𐍃𐌰𐌴𐌹 𐍃𐌰𐌽𐌳𐌹𐌳𐌰 𐌼𐌹𐌺 𐌼𐌹𐌸 𐌼𐌹𐍃 𐌹𐍃𐍄; 𐌽𐌹 𐌱𐌹𐌻𐌰𐌹𐌸 𐌼𐌹𐍃 𐌰𐌹𐌽𐌰𐌼𐌼𐌰 𐌰𐍄𐍄𐌰, 𐌿𐌽𐍄𐌴 𐌹𐌺 𐌸𐌰𐍄𐌴𐌹 𐌻𐌴𐌹𐌺𐌰𐌹𐌸 𐌹𐌼𐌼𐌰 𐍄𐌰𐌿𐌾𐌰 𐍃𐌹𐌽𐍄𐌴𐌹𐌽𐍉."
John,8,30,𐌸𐌰𐍄𐌰 𐌹𐌼𐌼𐌰 𐍂𐍉𐌳𐌾𐌰𐌽𐌳𐌹𐌽 𐌼𐌰𐌽𐌰𐌲𐌰𐌹 𐌲𐌰𐌻𐌰𐌿𐌱𐌹𐌳𐌴𐌳𐌿𐌽 𐌹𐌼𐌼𐌰.
John,8,31,"𐌸𐌰𐌽𐌿𐌷 𐌵𐌰𐌸 𐌹𐌴𐍃𐌿𐍃 𐌳𐌿 𐌸𐌰𐌹𐌼 𐌲𐌰𐌻𐌰𐌿𐌱𐌾𐌰𐌽𐌳𐌰𐌼 𐍃𐌹𐍃 𐌹𐌿𐌳𐌰𐌹𐌿𐌼: 𐌾𐌰𐌱𐌰𐌹 𐌾𐌿𐍃 𐌲𐌰𐍃𐍄𐌰𐌽𐌳𐌹𐌸 𐌹𐌽 𐍅𐌰𐌿𐍂𐌳𐌰 𐌼𐌴𐌹𐌽𐌰𐌼𐌼𐌰, 𐌱𐌹 𐍃𐌿𐌽𐌾𐌰𐌹 𐍃𐌹𐍀𐍉𐌽𐌾𐍉𐍃 𐌼𐌴𐌹𐌽𐌰𐌹 𐍃𐌹𐌾𐌿𐌸,"
John,8,32,"𐌾𐌰𐌷 𐌿𐍆𐌺𐌿𐌽𐌽𐌰𐌹𐌸 𐍃𐌿𐌽𐌾𐌰, 𐌾𐌰𐌷 𐍃𐍉 𐍃𐌿𐌽𐌾𐌰 𐍆𐍂𐌹𐌾𐌰𐌽𐍃 𐌹𐌶𐍅𐌹𐍃 𐌱𐍂𐌹𐌲𐌲𐌹𐌸."
John,8,33,𐌰𐌽𐌳𐌷𐍉𐍆𐌿𐌽 𐌹𐌼𐌼𐌰: 𐍆𐍂𐌰𐌹𐍅 𐌰𐌱𐍂𐌰𐌷𐌰𐌼𐌹𐍃 𐍃𐌹𐌾𐌿𐌼 𐌾𐌰𐌷 𐌽𐌹 𐌼𐌰𐌽𐌽𐌷𐌿𐌽 𐍃𐌺𐌰𐌻𐌺𐌹𐌽𐍉𐌳𐌴𐌳𐌿𐌼 𐌰𐌹𐍅 𐍈𐌰𐌽𐌷𐌿𐌽; 𐍈𐌰𐌹𐍅𐌰 𐌸𐌿 𐌵𐌹𐌸𐌹𐍃 𐌸𐌰𐍄𐌴𐌹 𐍆𐍂𐌹𐌾𐌰𐌹 𐍅𐌰𐌹𐍂𐌸𐌹𐌸?
John,8,34,"𐌰𐌽𐌳𐌷𐍉𐍆 𐌹𐌼 𐌹𐌴𐍃𐌿𐍃: 𐌰𐌼𐌴𐌽 𐌰𐌼𐌴𐌽, 𐌵𐌹𐌸𐌰 𐌹𐌶𐍅𐌹𐍃 𐌸𐌰𐍄𐌴𐌹 𐍈𐌰𐌶𐌿𐌷 𐍃𐌰𐌴𐌹 𐍄𐌰𐌿𐌾𐌹𐌸 𐍆𐍂𐌰𐍅𐌰𐌿𐍂𐌷𐍄, 𐍃𐌺𐌰𐌻𐌺𐍃 𐌹𐍃𐍄 𐍆𐍂𐌰𐍅𐌰𐌿𐍂𐌷𐍄𐌰𐌹."
John,8,35,"𐍃𐌰𐌷 𐌸𐌰𐌽 𐍃𐌺𐌰𐌻𐌺𐍃 𐌽𐌹 𐍅𐌹𐍃𐌹𐌸 𐌹𐌽 𐌲𐌰𐍂𐌳𐌰 𐌳𐌿 𐌰𐌹𐍅𐌰, 𐍃𐌿𐌽𐌿𐍃 𐍅𐌹𐍃𐌹𐌸 𐌳𐌿 𐌰𐌹𐍅𐌰."
John,8,36,"𐌾𐌰𐌱𐌰𐌹 𐌽𐌿 𐍃𐌿𐌽𐌿𐍃 𐌹𐌶𐍅𐌹𐍃 𐍆𐍂𐌹𐌾𐌰𐌽𐍃 𐌱𐍂𐌹𐌲𐌲𐌹𐌸, 𐌱𐌹 𐍃𐌿𐌽𐌾𐌰𐌹 𐍆𐍂𐌹𐌾𐌰𐌹 𐍃𐌹𐌾𐌿𐌸."
John,8,37,"𐍅𐌰𐌹𐍄 𐌸𐌰𐍄𐌴𐌹 𐍆𐍂𐌰𐌹𐍅 𐌰𐌱𐍂𐌰𐌷𐌰𐌼𐌹𐍃 𐍃𐌹𐌾𐌿𐌸; 𐌰𐌺𐌴𐌹 𐍃𐍉𐌺𐌴𐌹𐌸 𐌼𐌹𐍃 𐌿𐍃𐌵𐌹𐌼𐌰𐌽, 𐌿𐌽𐍄𐌴 𐍅𐌰𐌿𐍂𐌳 𐌼𐌴𐌹𐌽 𐌽𐌹 𐌲𐌰𐌼𐍉𐍄 𐌹𐌽 𐌹𐌶𐍅𐌹𐍃."
John,8,38,"𐌹𐌺 𐌸𐌰𐍄𐌴𐌹 𐌲𐌰𐍃𐌰𐍈 𐌰𐍄 𐌰𐍄𐍄𐌹𐌽 𐌼𐌴𐌹𐌽𐌰𐌼𐌼𐌰 𐍂𐍉𐌳𐌾𐌰, 𐌾𐌰𐌷 𐌾𐌿𐍃 𐌸𐌰𐍄𐌴𐌹 𐌷𐌰𐌿𐍃𐌹𐌳𐌴𐌳𐌿𐌸 𐍆𐍂𐌰𐌼 𐌰𐍄𐍄𐌹𐌽 𐌹𐌶𐍅𐌰𐍂𐌰𐌼𐌼𐌰 𐍄𐌰𐌿𐌾𐌹𐌸."
John,8,39,"𐌰𐌽𐌳𐌷𐍉𐍆𐌿𐌽 𐌾𐌰𐌷 𐌵𐌴𐌸𐌿𐌽 𐌳𐌿 𐌹𐌼𐌼𐌰: 𐌰𐍄𐍄𐌰 𐌿𐌽𐍃𐌰𐍂 𐌰𐌱𐍂𐌰𐌷𐌰𐌼 𐌹𐍃𐍄. 𐌵𐌰𐌸 𐌹𐌼 𐌹𐌴𐍃𐌿𐍃: 𐌹𐌸 𐌱𐌰𐍂𐌽𐌰 𐌰𐌱𐍂𐌰𐌷𐌰𐌼𐌹𐍃 𐍅𐌴𐍃𐌴𐌹𐌸, 𐍅𐌰𐌿𐍂𐍃𐍄𐍅𐌰 𐌰𐌱𐍂𐌰𐌷𐌰𐌼𐌹𐍃 𐍄𐌰𐍅𐌹𐌳𐌴𐌳𐌴𐌹𐌸."
John,8,40,"𐌹𐌸 𐌽𐌿 𐍃𐍉𐌺𐌴𐌹𐌸 𐌼𐌹𐌺 𐌿𐍃𐌵𐌹𐌼𐌰𐌽, 𐌼𐌰𐌽𐌽𐌰𐌽 𐌹𐌶𐌴𐌹 𐍃𐌿𐌽𐌾𐌰 𐌹𐌶𐍅𐌹𐍃 𐍂𐍉𐌳𐌹𐌳𐌰, 𐌸𐍉𐌴𐌹 𐌷𐌰𐌿𐍃𐌹𐌳𐌰 𐍆𐍂𐌰𐌼 𐌲𐌿𐌳𐌰; 𐌸𐌰𐍄𐌿𐌷 𐌰𐌱𐍂𐌰𐌷𐌰𐌼 𐌽𐌹 𐍄𐌰𐍅𐌹𐌳𐌰."
John,8,41,"𐌾𐌿𐍃 𐍄𐌰𐌿𐌾𐌹𐌸 𐍄𐍉𐌾𐌰 𐌰𐍄𐍄𐌹𐌽𐍃 𐌹𐌶𐍅𐌰𐍂𐌹𐍃. 𐌸𐌰𐌽𐌿𐌷 𐌵𐌴𐌸𐌿𐌽 𐌹𐌼𐌼𐌰: 𐍅𐌴𐌹𐍃 𐌿𐍃 𐌷𐍉𐍂𐌹𐌽𐌰𐍃𐍃𐌰𐌿 𐌽𐌹 𐍃𐌹𐌾𐌿𐌼 𐌲𐌰𐌱𐌰𐌿𐍂𐌰𐌽𐌰𐌹; 𐌰𐌹𐌽𐌰𐌽𐌰 𐌰𐍄𐍄𐌰𐌽 𐌰𐌹𐌲𐌿𐌼, 𐌲𐌿𐌸."
John,8,42,"𐌵𐌰𐌸 𐌳𐌿 𐌹𐌼 𐌹𐌴𐍃𐌿𐍃: 𐌾𐌰𐌱𐌰𐌹 𐌲𐌿𐌸 𐌰𐍄𐍄𐌰 𐌹𐌶𐍅𐌰𐍂 𐍅𐌴𐍃𐌹, 𐍆𐍂𐌹𐍉𐌳𐌴𐌳𐌴𐌹𐌸 𐌸𐌰𐌿 𐌼𐌹𐌺, 𐌿𐌽𐍄𐌴 𐌹𐌺 𐍆𐍂𐌰𐌼 𐌲𐌿𐌳𐌰 𐌿𐍂𐍂𐌰𐌽𐌽 𐌾𐌰𐌷 𐌵𐌰𐌼; 𐌽𐌹𐌷 𐌸𐌰𐌽 𐌰𐌿𐌺 𐍆𐍂𐌰𐌼 𐌼𐌹𐍃 𐍃𐌹𐌻𐌱𐌹𐌽 𐌽𐌹 𐌵𐌰𐌼, 𐌰𐌺 𐌹𐍃 𐌼𐌹𐌺 𐌹𐌽𐍃𐌰𐌽𐌳𐌹𐌳𐌰."
John,8,43,𐌳𐌿𐍈𐌴 𐌼𐌰𐌸𐌻𐌴𐌹𐌽 𐌼𐌴𐌹𐌽𐌰 𐌽𐌹 𐌺𐌿𐌽𐌽𐌿𐌸? 𐌿𐌽𐍄𐌴 𐌽𐌹 𐌼𐌰𐌲𐌿𐌸 𐌷𐌰𐌿𐍃𐌾𐌰𐌽 𐍅𐌰𐌿𐍂𐌳 𐌼𐌴𐌹𐌽.
John,8,44,"𐌾𐌿𐍃 𐌿𐍃 𐌰𐍄𐍄𐌹𐌽 𐌳𐌹𐌰𐌱𐌰𐌿𐌻𐌰𐌿 𐍃𐌹𐌾𐌿𐌸 𐌾𐌰𐌷 𐌻𐌿𐍃𐍄𐌿𐌽𐍃 𐌸𐌹𐍃 𐌰𐍄𐍄𐌹𐌽𐍃 𐌹𐌶𐍅𐌰𐍂𐌹𐍃 𐍅𐌹𐌻𐌴𐌹𐌸 𐍄𐌰𐌿𐌾𐌰𐌽. 𐌾𐌰𐌹𐌽𐍃 𐌼𐌰𐌽𐌰𐌼𐌰𐌿𐍂𐌸𐍂𐌾𐌰 𐍅𐌰𐍃 𐍆𐍂𐌰𐌼 𐍆𐍂𐌿𐌼𐌹𐍃𐍄𐌾𐌰 𐌾𐌰𐌷 𐌹𐌽 𐍃𐌿𐌽𐌾𐌰𐌹 𐌽𐌹 𐌲𐌰𐍃𐍄𐍉𐌸; 𐌿𐌽𐍄𐌴 𐌽𐌹𐍃𐍄 𐍃𐌿𐌽𐌾𐌰 𐌹𐌽 𐌹𐌼𐌼𐌰. 𐌸𐌰𐌽 𐍂𐍉𐌳𐌴𐌹𐌸 𐌻𐌹𐌿𐌲𐌽, 𐌿𐍃 𐍃𐌴𐌹𐌽𐌰𐌹𐌼 𐍂𐍉𐌳𐌴𐌹𐌸, 𐌿𐌽𐍄𐌴 𐌻𐌹𐌿𐌲𐌽𐌾𐌰 𐌹𐍃𐍄 𐌾𐌰𐌷 𐌰𐍄𐍄𐌰 𐌹𐍃."
John,8,45,"𐌹𐌸 𐌹𐌺, 𐌸𐌰𐍄𐌴𐌹 𐍃𐌿𐌽𐌾𐌰 𐍂𐍉𐌳𐌹𐌳𐌰, 𐌽𐌹 𐌲𐌰𐌻𐌰𐌿𐌱𐌴𐌹𐌸 𐌼𐌹𐍃."
John,8,46,"𐍈𐌰𐍃 𐌹𐌶𐍅𐌰𐍂𐌰 𐌲𐌰𐍃𐌰𐌺𐌹𐌸 𐌼𐌹𐌺 𐌱𐌹 𐍆𐍂𐌰𐍅𐌰𐌿𐍂𐌷𐍄? 𐌸𐌰𐌽𐌳𐌴 𐍃𐌿𐌽𐌾𐌰 𐌵𐌹𐌸𐌰, 𐌳𐌿𐍈𐌴 𐌽𐌹 𐌲𐌰𐌻𐌰𐌿𐌱𐌴𐌹𐌸 𐌼𐌹𐍃?"
John,8,47,"𐍃𐌰 𐍅𐌹𐍃𐌰𐌽𐌳𐍃 𐌿𐍃 𐌲𐌿𐌳𐌰 𐍅𐌰𐌿𐍂𐌳𐌰 𐌲𐌿𐌳𐌹𐍃 𐌷𐌰𐌿𐍃𐌴𐌹𐌸; 𐌳𐌿𐌸𐌴 𐌾𐌿𐍃 𐌽𐌹 𐌷𐌰𐌿𐍃𐌴𐌹𐌸, 𐌿𐌽𐍄𐌴 𐌿𐍃 𐌲𐌿𐌳𐌰 𐌽𐌹 𐍃𐌹𐌾𐌿𐌸."
John,8,48,𐌰𐌽𐌳𐌷𐍉𐍆𐌿𐌽 𐌸𐌰𐌽 𐌸𐌰𐌹 𐌹𐌿𐌳𐌰𐌹𐌴𐌹𐍃 𐌾𐌰𐌷 𐌵𐌴𐌸𐌿𐌽 𐌳𐌿 𐌹𐌼𐌼𐌰: 𐌽𐌹𐌿 𐍅𐌰𐌹𐌻𐌰 𐌵𐌹𐌸𐌰𐌼 𐍅𐌴𐌹𐍃 𐌸𐌰𐍄𐌴𐌹 𐍃𐌰𐌼𐌰𐍂𐌴𐌹𐍄𐌴𐍃 𐌹𐍃 𐌸𐌿 𐌾𐌰𐌷 𐌿𐌽𐌷𐌿𐌻𐌸𐍉𐌽 𐌷𐌰𐌱𐌰𐌹𐍃?
John,8,49,"𐌰𐌽𐌳𐌷𐍉𐍆 𐌹𐌴𐍃𐌿𐍃: 𐌹𐌺 𐌿𐌽𐌷𐌿𐌻𐌸𐍉𐌽 𐌽𐌹 𐌷𐌰𐌱𐌰, 𐌰𐌺 𐍃𐍅𐌴𐍂𐌰 𐌰𐍄𐍄𐌰𐌽 𐌼𐌴𐌹𐌽𐌰𐌽𐌰, 𐌾𐌰𐌷 𐌾𐌿𐍃 𐌿𐌽𐍃𐍅𐌴𐍂𐌰𐌹𐌸 𐌼𐌹𐌺."
John,8,50,𐌹𐌺 𐌽𐌹 𐍃𐍉𐌺𐌾𐌰 𐌷𐌰𐌿𐌷𐌴𐌹𐌽 𐌼𐌴𐌹𐌽𐌰; 𐌹𐍃𐍄 𐍃𐌰𐌴𐌹 𐍃𐍉𐌺𐌴𐌹𐌸 𐌾𐌰𐌷 𐍃𐍄𐍉𐌾𐌹𐌸.
John,8,51,"𐌰𐌼𐌴𐌽 𐌰𐌼𐌴𐌽 𐌵𐌹𐌸𐌰 𐌹𐌶𐍅𐌹𐍃: 𐌾𐌰𐌱𐌰𐌹 𐍈𐌰𐍃 𐍅𐌰𐌿𐍂𐌳 𐌼𐌴𐌹𐌽 𐍆𐌰𐍃𐍄𐌰𐌹𐌸, 𐌳𐌰𐌿𐌸𐌿 𐌽𐌹 𐌲𐌰𐍃𐌰𐌹𐍈𐌹𐌸 𐌰𐌹𐍅𐌰 𐌳𐌰𐌲𐌴."
John,8,52,"𐌸𐌰𐌽𐌿𐌷 𐌵𐌴𐌸𐌿𐌽 𐌳𐌿 𐌹𐌼𐌼𐌰 𐌸𐌰𐌹 𐌹𐌿𐌳𐌰𐌹𐌴𐌹𐍃: 𐌽𐌿 𐌿𐍆𐌺𐌿𐌽𐌸𐌴𐌳𐌿𐌼 𐌸𐌰𐍄𐌴𐌹 𐌿𐌽𐌷𐌿𐌻𐌸𐍉𐌽 𐌷𐌰𐌱𐌰𐌹𐍃. 𐌰𐌱𐍂𐌰𐌷𐌰𐌼 𐌲𐌰𐌳𐌰𐌿𐌸𐌽𐍉𐌳𐌰 𐌾𐌰𐌷 𐍀𐍂𐌰𐌿𐍆𐌴𐍄𐌴𐌹𐍃, 𐌾𐌰𐌷 𐌸𐌿 𐌵𐌹𐌸𐌹𐍃: 𐌾𐌰𐌱𐌰𐌹 𐍈𐌰𐍃 𐌼𐌴𐌹𐌽 𐍅𐌰𐌿𐍂𐌳 𐍆𐌰𐍃𐍄𐌰𐌹, 𐌽𐌹 𐌺𐌰𐌿𐍃𐌾𐌰𐌹 𐌳𐌰𐌿𐌸𐌰𐌿 𐌰𐌹𐍅𐌰 𐌳𐌰𐌲𐌴."
John,8,53,"𐌹𐌱𐌰𐌹 𐌸𐌿 𐌼𐌰𐌹𐌶𐌰 𐌹𐍃 𐌰𐍄𐍄𐌹𐌽 𐌿𐌽𐍃𐌰𐍂𐌰𐌼𐌼𐌰 𐌰𐌱𐍂𐌰𐌷𐌰𐌼𐌰, 𐍃𐌰𐌴𐌹 𐌲𐌰𐌳𐌰𐌿𐌸𐌽𐍉𐌳𐌰? 𐌾𐌰𐌷 𐍀𐍂𐌰𐌿𐍆𐌴𐍄𐌴𐌹𐍃 𐌲𐌰𐌳𐌰𐌿𐌸𐌽𐍉𐌳𐌴𐌳𐌿𐌽. 𐍈𐌰𐌽𐌰 𐌸𐌿𐌺 𐍃𐌹𐌻𐌱𐌰𐌽 𐍄𐌰𐌿𐌾𐌹𐍃 𐌸𐌿?"
John,8,54,"𐌰𐌽𐌳𐌷𐍉𐍆 𐌹𐌴𐍃𐌿𐍃: 𐌾𐌰𐌱𐌰𐌹 𐌹𐌺 𐌷𐌰𐌿𐌷𐌾𐌰 𐌼𐌹𐌺 𐍃𐌹𐌻𐌱𐌰𐌽, 𐍃𐍉 𐌷𐌰𐌿𐌷𐌴𐌹𐌽𐍃 𐌼𐌴𐌹𐌽𐌰 𐌽𐌹 𐍅𐌰𐌹𐌷𐍄𐍃 𐌹𐍃𐍄; 𐌹𐍃𐍄 𐌰𐍄𐍄𐌰 𐌼𐌴𐌹𐌽𐍃 𐍃𐌰𐌴𐌹 𐌷𐌰𐌿𐌷𐌴𐌹𐌸 𐌼𐌹𐌺, 𐌸𐌰𐌽𐌴𐌹 𐌾𐌿𐍃 𐌵𐌹𐌸𐌹𐌸 𐌸𐌰𐍄𐌴𐌹 𐌲𐌿𐌸 𐌿𐌽𐍃𐌰𐍂 𐌹𐍃𐍄."
John,8,55,"𐌾𐌰𐌷 𐌽𐌹 𐌺𐌿𐌽𐌽𐌿𐌸 𐌹𐌽𐌰; 𐌹𐌸 𐌹𐌺 𐌺𐌰𐌽𐌽 𐌹𐌽𐌰; 𐌾𐌰𐌷 𐌾𐌰𐌱𐌰𐌹 𐌵𐌴𐌸𐌾𐌰𐌿 𐌸𐌰𐍄𐌴𐌹 𐌽𐌹 𐌺𐌿𐌽𐌽𐌾𐌰𐌿 𐌹𐌽𐌰, 𐍃𐌹𐌾𐌰𐌿 𐌲𐌰𐌻𐌴𐌹𐌺𐍃 𐌹𐌶𐍅𐌹𐍃 𐌻𐌹𐌿𐌲𐌽𐌾𐌰; 𐌰𐌺 𐌺𐌰𐌽𐌽 𐌹𐌽𐌰 𐌾𐌰𐌷 𐍅𐌰𐌿𐍂𐌳 𐌹𐍃 𐍆𐌰𐍃𐍄𐌰."
John,8,56,"𐌰𐌱𐍂𐌰𐌷𐌰𐌼 𐌰𐍄𐍄𐌰 𐌹𐌶𐍅𐌰𐍂 𐍃𐌹𐍆𐌰𐌹𐌳𐌰 𐌴𐌹 𐌲𐌰𐍃𐌴𐍈𐌹 𐌳𐌰𐌲 𐌼𐌴𐌹𐌽𐌰𐌽𐌰, 𐌾𐌰𐌷 𐌲𐌰𐍃𐌰𐍈 𐌾𐌰𐌷 𐍆𐌰𐌲𐌹𐌽𐍉𐌳𐌰."
John,8,57,𐌸𐌰𐌽𐌿𐌷 𐌵𐌴𐌸𐌿𐌽 𐌸𐌰𐌹 𐌹𐌿𐌳𐌰𐌹𐌴𐌹𐍃 𐌳𐌿 𐌹𐌼𐌼𐌰: 𐍆𐌹𐌼𐍆 𐍄𐌹𐌲𐌿𐌽𐍃 𐌾𐌴𐍂𐌴 𐌽𐌰𐌿𐌷 𐌽𐌹 𐌷𐌰𐌱𐌰𐌹𐍃 𐌾𐌰𐌷 𐌰𐌱𐍂𐌰𐌷𐌰𐌼 𐍃𐌰𐍈𐍄?
John,8,58,"𐌵𐌰𐌸 𐌹𐌼 𐌹𐌴𐍃𐌿𐍃: 𐌰𐌼𐌴𐌽 𐌰𐌼𐌴𐌽 𐌵𐌹𐌸𐌰 𐌹𐌶𐍅𐌹𐍃: 𐍆𐌰𐌿𐍂𐌸𐌹𐌶𐌴𐌹 𐌰𐌱𐍂𐌰𐌷𐌰𐌼 𐍅𐌰𐌿𐍂𐌸𐌹, 𐌹𐌼 𐌹𐌺."
John,8,59,"𐌸𐌰𐌽𐌿𐌷 𐌽𐌴𐌼𐌿𐌽 𐍃𐍄𐌰𐌹𐌽𐌰𐌽𐍃, 𐌴𐌹 𐍅𐌰𐌿𐍂𐍀𐌴𐌹𐌽𐌰 𐌰𐌽𐌰 𐌹𐌽𐌰; 𐌹𐌸 𐌹𐌴𐍃𐌿𐍃 𐌸𐌰𐌽 𐌲𐌰𐍆𐌰𐌻𐌷 𐍃𐌹𐌺 𐌾𐌰𐌷 𐌿𐍃𐌹𐌳𐌳𐌾𐌰 𐌿𐍃 𐌰𐌻𐌷 𐌿𐍃𐌻𐌴𐌹𐌸𐌰𐌽𐌳𐍃 𐌸𐌰𐌹𐍂𐌷 𐌼𐌹𐌳𐌾𐌰𐌽𐍃 𐌹𐌽𐍃, 𐌾𐌰𐌷 𐍈𐌰𐍂𐌱𐍉𐌳𐌰 𐍃𐍅𐌰."
John,9,1,𐌾𐌰𐌷 𐌸𐌰𐌹𐍂𐌷𐌲𐌰𐌲𐌲𐌰𐌽𐌳𐍃 𐌲𐌰𐌿𐌼𐌹𐌳𐌰 𐌼𐌰𐌽𐌽 𐌱𐌻𐌹𐌽𐌳𐌰𐌼𐌼𐌰 𐌿𐍃 𐌲𐌰𐌱𐌰𐌿𐍂𐌸𐌰𐌹.
John,9,2,"𐌸𐌰𐍂𐌿𐌷 𐍆𐍂𐌴𐌷𐌿𐌽 𐌹𐌽𐌰 𐍃𐌹𐍀𐍉𐌽𐌾𐍉𐍃 𐌹𐍃 𐌵𐌹𐌸𐌰𐌽𐌳𐌰𐌽𐍃: 𐍂𐌰𐌱𐌱𐌴𐌹, 𐍈𐌰𐍃 𐍆𐍂𐌰𐍅𐌰𐌿𐍂𐌷𐍄𐌰, 𐍃𐌰𐌿 𐌸𐌰𐌿 𐍆𐌰𐌳𐍂𐌴𐌹𐌽 𐌹𐍃, 𐌴𐌹 𐌱𐌻𐌹𐌽𐌳𐍃 𐌲𐌰𐌱𐌰𐌿𐍂𐌰𐌽𐍃 𐍅𐌰𐍂𐌸?"
John,9,3,"𐌰𐌽𐌳𐌷𐍉𐍆 𐌹𐌴𐍃𐌿𐍃: 𐌽𐌹𐌷 𐍃𐌰 𐍆𐍂𐌰𐍅𐌰𐌿𐍂𐌷𐍄𐌰 𐌽𐌹𐌷 𐍆𐌰𐌳𐍂𐌴𐌹𐌽 𐌹𐍃, 𐌰𐌺 𐌴𐌹 𐌱𐌰𐌹𐍂𐌷𐍄𐌰 𐍅𐌰𐌿𐍂𐌸𐌴𐌹𐌽𐌰 𐍅𐌰𐌿𐍂𐍃𐍄𐍅𐌰 𐌲𐌿𐌳𐌹𐍃 𐌰𐌽𐌰 𐌹𐌼𐌼𐌰."
John,9,4,"𐌹𐌺 𐍃𐌺𐌰𐌻 𐍅𐌰𐌿𐍂𐌺𐌾𐌰𐌽 𐍅𐌰𐌿𐍂𐍃𐍄𐍅𐌰 𐌸𐌹𐍃 𐍃𐌰𐌽𐌳𐌾𐌰𐌽𐌳𐌹𐌽𐍃 𐌼𐌹𐌺, 𐌿𐌽𐍄𐌴 𐌳𐌰𐌲𐍃 𐌹𐍃𐍄; 𐌵𐌹𐌼𐌹𐌸 𐌽𐌰𐌷𐍄𐍃, 𐌸𐌰(𐌽)𐌴𐌹 𐌽𐌹 𐌼𐌰𐌽𐌽𐌰 𐌼𐌰𐌲 𐍅𐌰𐌿𐍂𐌺𐌾𐌰𐌽."
John,9,5,"𐌸𐌰𐌽 𐌹𐌽 𐌸𐌰𐌼𐌼𐌰 𐍆𐌰𐌹𐍂𐍈𐌰𐌿 𐌹𐌼, 𐌻𐌹𐌿𐌷𐌰𐌸 𐌹𐌼 𐌸𐌹𐍃 𐍆𐌰𐌹𐍂𐍈𐌰𐌿𐍃."
John,9,6,"𐌸𐌰𐍄𐌰 𐌵𐌹𐌸𐌰𐌽𐌳𐍃 𐌲𐌰𐍃𐍀𐌰𐌹𐍅 𐌳𐌰𐌻𐌰𐌸, 𐌾𐌰𐌷 𐌲𐌰𐍅𐌰𐌿𐍂𐌷𐍄𐌰 𐍆𐌰𐌽𐌹 𐌿𐍃 𐌸𐌰𐌼𐌼𐌰 𐍃𐍀𐌰𐌹𐍃𐌺𐌿𐌻𐌳𐍂𐌰, 𐌾𐌰𐌷 𐌲𐌰𐍃𐌼𐌰𐌹𐍄 𐌹𐌼𐌼𐌰 𐌰𐌽𐌰 𐌰𐌿𐌲𐍉𐌽𐌰 𐌸𐌰𐍄𐌰 𐍆𐌰𐌽𐌹 𐌸𐌰𐌼𐌼𐌰 𐌱𐌻𐌹𐌽𐌳𐌹𐌽,"
John,9,7,"𐌾𐌰𐌷 𐌵𐌰𐌸 𐌳𐌿 𐌹𐌼𐌼𐌰: 𐌲𐌰𐌲𐌲 𐌸𐍅𐌰𐌷𐌰𐌽 𐌹𐌽 𐍃𐍅𐌿𐌼𐍃𐌻 𐍃𐌹𐌻𐍉𐌰𐌼𐌹𐍃, 𐌸𐌰𐍄𐌴𐌹 𐌲𐌰𐍃𐌺𐌴𐌹𐍂𐌾𐌰𐌳𐌰 𐌹𐌽𐍃𐌰𐌽𐌳𐌹𐌸𐍃. 𐌲𐌰𐌻𐌰𐌹𐌸 𐌾𐌰𐌷 𐌰𐍆𐌸𐍅𐍉𐌷 𐌾𐌰𐌷 𐌵𐌰𐌼 𐍃𐌰𐌹𐍈𐌰𐌽𐌳𐍃."
John,9,8,"𐌸𐌰𐌽𐌿𐌷 𐌲𐌰𐍂𐌰𐌶𐌽𐌰𐌽𐍃 𐌾𐌰𐌷 𐌸𐌰𐌹 𐍃𐌰𐌹𐍈𐌰𐌽𐌳𐌰𐌽𐍃 𐌹𐌽𐌰 𐍆𐌰𐌿𐍂𐌸𐌹𐍃, 𐌸𐌰𐍄𐌴𐌹 𐌹𐍃 𐌱𐌹𐌳𐌰𐌲𐍅𐌰 𐍅𐌰𐍃, 𐌵𐌴𐌸𐌿𐌽: 𐌽𐌹𐌿 𐍃𐌰 𐌹𐍃𐍄 𐍃𐌰𐌴𐌹 𐍃𐌰𐍄 𐌰𐌹𐌷𐍄𐍂𐍉𐌽𐌳𐍃?"
John,9,9,𐍃𐌿𐌼𐌰𐌹𐌷 𐌵𐌴𐌸𐌿𐌽: 𐌸𐌰𐍄𐌴𐌹 𐍃𐌰 𐌹𐍃𐍄; 𐍃𐌿𐌼𐌰𐌹𐌷 𐌸𐌰𐍄𐌴𐌹 𐌲𐌰𐌻𐌴𐌹𐌺𐍃 𐌸𐌰𐌼𐌼𐌰 𐌹𐍃𐍄; 𐌹𐌸 𐌹𐍃 𐌵𐌰𐌸: 𐌸𐌰𐍄𐌴𐌹 𐌹𐌺 𐌹𐌼.
John,9,10,𐌸𐌰𐌽𐌿𐌷 𐌵𐌴𐌸𐌿𐌽 𐌳𐌿 𐌹𐌼𐌼𐌰: 𐍈𐌰𐌹𐍅𐌰 𐌿𐍃𐌻𐌿𐌺𐌽𐍉𐌳𐌴𐌳𐌿𐌽 𐌸𐌿𐍃 𐌸𐍉 𐌰𐌿𐌲𐍉𐌽𐌰?
John,9,11,𐌰𐌽𐌳𐌷𐍉𐍆 𐌾𐌰𐌹𐌽𐍃 𐌾𐌰𐌷 𐌵𐌰𐌸: 𐌼𐌰𐌽𐌽𐌰 𐌷𐌰𐌹𐍄𐌰𐌽𐍃 𐌹𐌴𐍃𐌿𐍃 𐍆𐌰𐌽𐌹 𐌲𐌰𐍅𐌰𐌿𐍂𐌷𐍄𐌰 𐌾𐌰𐌷 𐌱𐌹𐍃𐌼𐌰𐌹𐍄 𐌼𐌹𐍃 𐌰𐌿𐌲𐍉𐌽𐌰 𐌾𐌰𐌷 𐌵𐌰𐌸 𐌼𐌹𐍃: 𐌲𐌰𐌲𐌲 𐌰𐍆𐌸𐍅𐌰𐌷𐌰𐌽 𐌹𐌽 𐌸𐌰𐍄𐌰 𐍃𐍅𐌿𐌼𐍆𐍃𐌻 𐍃𐌹𐌻𐍉𐌰𐌼𐌹𐍃; 𐌹𐌸 𐌹𐌺 𐌲𐌰𐌻𐌰𐌹𐌸 𐌾𐌰𐌷 𐌱𐌹𐌸𐍅𐌰𐌷𐌰𐌽𐌳𐍃 𐌿𐍃𐍃𐌰𐍈.
John,9,12,𐌵𐌴𐌸𐌿𐌽 𐌸𐌰𐌽 𐌳𐌿 𐌹𐌼𐌼𐌰: 𐍈𐌰𐍂 𐌹𐍃𐍄 𐍃𐌰? 𐌹𐌸 𐌹𐍃 𐌵𐌰𐌸: 𐌽𐌹 𐍅𐌰𐌹𐍄.
John,9,13,"𐌲𐌰𐍄𐌹𐌿𐌷𐌰𐌽𐌳 𐌹𐌽𐌰 𐌳𐌿 𐍆𐌰𐍂𐌴𐌹𐍃𐌰𐌹𐌿𐌼, 𐌸𐌰𐌽𐌰 𐍃𐌰𐌴𐌹 𐍅𐌰𐍃 𐌱𐌻𐌹𐌽𐌳𐍃."
John,9,14,"𐍅𐌰𐍃𐌿𐌷 𐌸𐌰𐌽 𐍃𐌰𐌱𐌱𐌰𐍄𐍉, 𐌸𐌰𐌽 𐌸𐌰𐍄𐌰 𐍆𐌰𐌽𐌹 𐌲𐌰𐍅𐌰𐌿𐍂𐌷𐍄𐌰 𐌹𐌴𐍃𐌿𐍃 𐌾𐌰𐌷 𐌿𐍃𐌻𐌰𐌿𐌺 𐌹𐌼𐌼𐌰 𐌰𐌿𐌲𐍉𐌽𐌰."
John,9,15,"𐌰𐍆𐍄𐍂𐌰 𐌸𐌰𐌽 𐍆𐍂𐌴𐌷𐌿𐌽 𐌹𐌽𐌰 𐌾𐌰𐌷 𐌸𐌰𐌹 𐍆𐌰𐍂𐌴𐌹𐍃𐌰𐌹𐌴𐌹𐍃 𐍈𐌰𐌹𐍅𐌰 𐌿𐍃𐍃𐌰𐍈; 𐌹𐌸 𐌹𐍃 𐌵𐌰𐌸 𐌾𐌰𐌷 𐌸𐌰𐌹𐌼: 𐍆𐌰𐌽𐌹 𐌲𐌰𐌻𐌰𐌲𐌹𐌳𐌰 𐌼𐌹𐍃 𐌰𐌽𐌰 𐌰𐌿𐌲𐍉𐌽𐌰 𐌾𐌰𐌷 𐌰𐍆𐌸𐍅𐍉𐌷, 𐌾𐌰𐌷 𐍃𐌰𐌹𐍈𐌰."
John,9,16,"𐌵𐌴𐌸𐌿𐌽 𐌸𐌰𐌽 𐍃𐌿𐌼𐌰𐌹 𐌸𐌹𐌶𐌴 𐍆𐌰𐍂𐌴𐌹𐍃𐌰𐌹𐌴: 𐍃𐌰 𐌼𐌰𐌽𐌽𐌰 𐌽𐌹𐍃𐍄 𐍆𐍂𐌰𐌼 𐌲𐌿𐌳𐌰, 𐌸𐌰𐌽𐌳𐌴 𐍃𐌰𐌱𐌱𐌰𐍄𐌴 𐌳𐌰𐌲𐌰 𐌽𐌹 𐍅𐌹𐍄𐌰𐌹𐌸. 𐍃𐌿𐌼𐌰𐌹𐌷 𐌵𐌴𐌸𐌿𐌽: 𐍈𐌰𐌹𐍅𐌰 𐌼𐌰𐌲 𐌼𐌰𐌽𐌽𐌰 𐍆𐍂𐌰𐍅𐌰𐌿𐍂𐌷𐍄𐍃 𐍃𐍅𐌰𐌻𐌴𐌹𐌺𐍉𐍃 𐍄𐌰𐌹𐌺𐌽𐌹𐌽𐍃 𐍄𐌰𐌿𐌾𐌰𐌽? 𐌾𐌰𐌷 𐌼𐌹𐍃𐍃𐌰𐌵𐌹𐍃𐍃 𐍅𐌰𐍂𐌸 𐌼𐌹𐌸 𐌹𐌼."
John,9,17,𐌵𐌴𐌸𐌿𐌽𐌿𐌷 𐌳𐌿 𐌸𐌰𐌼𐌼𐌰 𐍆𐌰𐌿𐍂𐌸𐌹𐍃 𐌱𐌻𐌹𐌽𐌳𐌹𐌽 𐌰𐍆𐍄𐍂𐌰: 𐌸𐌿 𐍈𐌰 𐌵𐌹𐌸𐌹𐍃 𐌱𐌹 𐌸𐌰𐌽𐌰 𐌴𐌹 𐌿𐍃𐌻𐌰𐌿𐌺 𐌸𐌿𐍃 𐌰𐌿𐌲𐍉𐌽𐌰? 𐌹𐌸 𐌹𐍃 𐌵𐌰𐌸𐌿𐌷: 𐌸𐌰𐍄𐌴𐌹 𐍀𐍂𐌰𐌿𐍆𐌴𐍄𐌿𐍃 𐌹𐍃𐍄.
John,9,18,"𐌽𐌹 𐌲𐌰𐌻𐌰𐌿𐌱𐌹𐌳𐌴𐌳𐌿𐌽 𐌸𐌰𐌽 𐌹𐌿𐌳𐌰𐌹𐌴𐌹𐍃 𐌱𐌹 𐌹𐌽𐌰 𐌸𐌰𐍄𐌴𐌹 𐌹𐍃 𐌱𐌻𐌹𐌽𐌳𐍃 𐍅𐌴𐍃𐌹 𐌾𐌰𐌷 𐌿𐍃𐍃𐌴𐍈𐌹, 𐌿𐌽𐍄𐌴 𐌰𐍄𐍅𐍉𐍀𐌹𐌳𐌴𐌳𐌿𐌽 𐌸𐌰𐌽𐍃 𐍆𐌰𐌳𐍂𐌴𐌹𐌽 𐌹𐍃, 𐌸𐌹𐍃 𐌿𐍃𐍃𐌰𐌹𐍈𐌰𐌽𐌳𐌹𐌽𐍃."
John,9,19,𐌾𐌰𐌷 𐍆𐍂𐌴𐌷𐌿𐌽 𐌹𐌽𐍃 𐌵𐌹𐌸𐌰𐌽𐌳𐌰𐌽𐍃: 𐍃𐌰𐌿 𐌹𐍃𐍄 𐍃𐌰 𐍃𐌿𐌽𐌿𐍃 𐌹𐌶𐍅𐌰𐍂 𐌸𐌰𐌽𐌴𐌹 𐌾𐌿𐍃 𐌵𐌹𐌸𐌹𐌸 𐌸𐌰𐍄𐌴𐌹 𐌱𐌻𐌹𐌽𐌳𐍃 𐌲𐌰𐌱𐌰𐌿𐍂𐌰𐌽𐍃 𐍅𐌰𐌿𐍂𐌸𐌹? 𐍈𐌰𐌹𐍅𐌰 𐌽𐌿 𐍃𐌰𐌹𐍈𐌹𐌸?
John,9,20,"𐌰𐌽𐌳𐌷𐍉𐍆𐌿𐌽 𐌸𐌰𐌽 𐌹𐌼 𐌸𐌰𐌹 𐍆𐌰𐌳𐍂𐌴𐌹𐌽 𐌹𐍃 𐌾𐌰𐌷 𐌵𐌴𐌸𐌿𐌽: 𐍅𐌹𐍄𐌿𐌼 𐌸𐌰𐍄𐌴𐌹 𐍃𐌰 𐌹𐍃𐍄 𐍃𐌿𐌽𐌿𐍃 𐌿𐌽𐍃𐌰𐍂, 𐌾𐌰𐌷 𐌸𐌰𐍄𐌴𐌹 𐌱𐌻𐌹𐌽𐌳𐍃 𐌲𐌰𐌱𐌰𐌿𐍂𐌰𐌽𐍃 𐍅𐌰𐍂𐌸;"
John,9,21,"𐌹𐌸 𐍈𐌰𐌹𐍅𐌰 𐌽𐌿 𐍃𐌰𐌹𐍈𐌹𐌸 𐌽𐌹 𐍅𐌹𐍄𐌿𐌼, 𐌰𐌹𐌸𐌸𐌰𐌿 𐍈𐌰𐍃 𐌿𐍃𐌻𐌰𐌿𐌺 𐌹𐌼𐌼𐌰 𐌸𐍉 𐌰𐌿𐌲𐍉𐌽𐌰 𐍅𐌴𐌹𐍃 𐌽𐌹 𐍅𐌹𐍄𐌿𐌼; 𐍃𐌹𐌻𐌱𐌰 𐌿𐍃𐍅𐌰𐌷𐍃𐌰𐌽𐍃 𐌹𐍃𐍄, 𐌹𐌽𐌰 𐍆𐍂𐌰𐌹𐌷𐌽𐌹𐌸, 𐍃𐌹𐌻𐌱𐌰 𐌱𐌹 𐍃𐌹𐌺 𐍂𐍉𐌳𐌾𐌰𐌹."
John,9,22,"𐌸𐌰𐍄𐌰 𐌵𐌴𐌸𐌿𐌽 𐌸𐌰𐌹 𐍆𐌰𐌳𐍂𐌴𐌹𐌽 𐌹𐍃, 𐌿𐌽𐍄𐌴 𐍉𐌷𐍄𐌴𐌳𐌿𐌽 𐍃𐌹𐍃 𐌹𐌿𐌳𐌰𐌹𐌿𐌽𐍃; 𐌾𐌿𐌸𐌰𐌽 𐌰𐌿𐌺 𐌲𐌰𐌵𐌴𐌸𐌿𐌽 𐍃𐌹𐍃 𐌹𐌿𐌳𐌰𐌹𐌴𐌹𐍃, 𐌴𐌹, 𐌾𐌰𐌱𐌰𐌹 𐍈𐌰𐍃 𐌹𐌽𐌰 𐌰𐌽𐌳𐌷𐌰𐌹𐌷𐌰𐌹𐍄𐌹 𐍇𐍂𐌹𐍃𐍄𐌿, 𐌿𐍄𐌰𐌽𐌰 𐍃𐍅𐌽𐌰𐌲𐍉𐌲𐌰𐌹𐍃 𐍅𐌰𐌹𐍂𐌸𐌰𐌹."
John,9,23,"𐌳𐌿𐌷𐌸𐌴 𐌸𐌰𐌹 𐌱𐌴𐍂𐌿𐍃𐌾𐍉𐍃 𐌹𐍃 𐌵𐌴𐌸𐌿𐌽 𐌸𐌰𐍄𐌴𐌹 𐌿𐍃𐍅𐌰𐌷𐍃𐌰𐌽𐍃 𐌹𐍃𐍄, 𐍃𐌹𐌻𐌱𐌰𐌽 𐍆𐍂𐌰𐌹𐌷𐌽𐌹𐌸."
John,9,24,"𐌰𐍄𐍅𐍉𐍀𐌹𐌳𐌴𐌳𐌿𐌽 𐌸𐌰𐌽 𐌰𐌽𐌸𐌰𐍂𐌰𐌼𐌼𐌰 𐍃𐌹𐌽𐌸𐌰 𐌸𐌰𐌽𐌰 𐌼𐌰𐌽𐌽𐌰𐌽 𐍃𐌰𐌴𐌹 𐍅𐌰𐍃 𐌱𐌻𐌹𐌽𐌳𐍃, 𐌾𐌰𐌷 𐌵𐌴𐌸𐌿𐌽 𐌳𐌿 𐌹𐌼𐌼𐌰: 𐌲𐌹𐍆 𐌷𐌰𐌿𐌷𐌴𐌹𐌽 𐌲𐌿𐌳𐌰! 𐍅𐌴𐌹𐍃 𐍅𐌹𐍄𐌿𐌼 𐌸𐌰𐍄𐌴𐌹 𐍃𐌰 𐌼𐌰𐌽𐌽𐌰 𐍆𐍂𐌰𐍅𐌰𐌿𐍂𐌷𐍄𐍃 𐌹𐍃𐍄."
John,9,25,"𐌸𐌰𐌽𐌿𐌷 𐌰𐌽𐌳𐌷𐍉𐍆 𐌾𐌰𐌹𐌽𐍃: 𐌾𐌰𐌱𐌰𐌹 𐍆𐍂𐌰𐍅𐌰𐌿𐍂𐌷𐍄𐍃 𐌹𐍃𐍄, 𐌹𐌺 𐌽𐌹 𐍅𐌰𐌹𐍄; 𐌸𐌰𐍄~𐌰𐌹𐌽 𐍅𐌰𐌹𐍄 𐌴𐌹 𐌱𐌻𐌹𐌽𐌳𐍃 𐍅𐌰𐍃, 𐌹𐌸 𐌽𐌿 𐍃𐌰𐌹𐍈𐌰."
John,9,26,𐌸𐌰𐌽𐌿𐌷 𐌵𐌴𐌸𐌿𐌽 𐌰𐍆𐍄𐍂𐌰: 𐍈𐌰 𐌲𐌰𐍄𐌰𐍅𐌹𐌳𐌰 𐌸𐌿𐍃? 𐍈𐌰𐌹𐍅𐌰 𐌿𐍃𐌻𐌰𐌿𐌺 𐌸𐌿𐍃 𐌰𐌿𐌲𐍉𐌽𐌰?
John,9,27,𐌰𐌽𐌳𐌷𐍉𐍆 𐌹𐌼: 𐌵𐌰𐌸 𐌹𐌶𐍅𐌹𐍃 𐌾𐌿 𐌾𐌰𐌷 𐌽𐌹 𐌷𐌰𐌿𐍃𐌹𐌳𐌴𐌳𐌿𐌸; 𐍈𐌰 𐌰𐍆𐍄𐍂𐌰 𐍅𐌹𐌻𐌴𐌹𐌸 𐌷𐌰𐌿𐍃𐌾𐌰𐌽? 𐌹𐌱𐌰𐌹 𐌾𐌰𐌷 𐌾𐌿𐍃 𐍅𐌹𐌻𐌴𐌹𐌸 𐌸𐌰𐌼𐌼𐌰 𐍃𐌹𐍀𐍉𐌽𐌾𐍉𐍃 𐍅𐌰𐌹𐍂𐌸𐌰𐌽?
John,9,28,"𐌸𐌰𐌽𐌿𐌷 𐌻𐌰𐌹𐌻𐍉𐌿𐌽 𐌹𐌼𐌼𐌰 𐌾𐌰𐌷 𐌵𐌴𐌸𐌿𐌽: 𐌸𐌿 𐌹𐍃 𐍃𐌹𐍀𐍉𐌽𐌴𐌹𐍃 𐌸𐌰𐌼𐌼𐌰, 𐌹𐌸 𐍅𐌴𐌹𐍃 𐌼𐍉𐍃𐌴 𐍃𐌹𐍀𐍉𐌽𐌾𐍉𐍃 𐍃𐌹𐌾𐌿𐌼."
John,9,29,"𐍅𐌴𐌹𐍃 𐍅𐌹𐍄𐌿𐌼 𐌸𐌰𐍄𐌴𐌹 𐌳𐌿 𐌼𐍉𐍃𐌴 𐍂𐍉𐌳𐌹𐌳𐌰 𐌲𐌿𐌸, 𐌹𐌸 𐌸𐌰𐌽𐌰 𐌽𐌹 𐌺𐌿𐌽𐌽𐌿𐌼, 𐍈𐌰𐌸𐍂𐍉 𐌹𐍃𐍄."
John,9,30,"𐌰𐌽𐌳𐌷𐍉𐍆 𐍃𐌰 𐌼𐌰𐌽𐌽𐌰 𐌾𐌰𐌷 𐌵𐌰𐌸 𐌳𐌿 𐌹𐌼: 𐌰𐌿𐌺 𐌹𐌽 𐌸𐌰𐌼𐌼𐌰 𐍃𐌹𐌻𐌳𐌰𐌻𐌴𐌹𐌺 𐌹𐍃𐍄, 𐌸𐌰𐍄𐌴𐌹 𐌾𐌿𐍃 𐌽𐌹 𐍅𐌹𐍄𐌿𐌸 𐍈𐌰𐌸𐍂𐍉 𐌹𐍃𐍄, 𐌾𐌰𐌷 𐌿𐍃𐌻𐌰𐌿𐌺 𐌼𐌹𐍃 𐌰𐌿𐌲𐍉𐌽𐌰."
John,9,31,"𐍅𐌹𐍄𐌿𐌼𐌿𐌷 𐌸𐌰𐌽 𐌸𐌰𐍄𐌴𐌹 𐌲𐌿𐌸 𐍆𐍂𐌰𐍅𐌰𐌿𐍂𐌷𐍄𐌰𐌹𐌼 𐌽𐌹 𐌰𐌽𐌳𐌷𐌰𐌿𐍃𐌴𐌹𐌸, 𐌰𐌺 𐌾𐌰𐌱𐌰𐌹 𐍈𐌰𐍃 𐌲𐌿𐌳𐌱𐌻𐍉𐍃𐍄𐍂𐌴𐌹𐍃 𐌹𐍃𐍄 𐌾𐌰𐌷 𐍅𐌹𐌻𐌾𐌰𐌽 𐌹𐍃 𐍄𐌰𐌿𐌾𐌹𐌸, 𐌸𐌰𐌼𐌼𐌰 𐌷𐌰𐌿𐍃𐌴𐌹𐌸."
John,9,32,𐍆𐍂𐌰𐌼 𐌰𐌹𐍅𐌰 𐌽𐌹 𐌲𐌰𐌷𐌰𐌿𐍃𐌹𐌸 𐍅𐌰𐍃 𐌸𐌰𐍄𐌴𐌹 𐌿𐍃𐌻𐌿𐌺𐌹𐌸 𐍈𐌰𐍃 𐌰𐌿𐌲𐍉𐌽𐌰 𐌱𐌻𐌹𐌽𐌳𐌰𐌼𐌼𐌰 𐌲𐌰𐌱𐌰𐌿𐍂𐌰𐌽𐌰𐌼𐌼𐌰.
John,9,33,"𐌽𐌹𐌷 𐍅𐌴𐍃𐌹 𐍃𐌰 𐍆𐍂𐌰𐌼 𐌲𐌿𐌳𐌰, 𐌽𐌹 𐌼𐌰𐌷𐍄𐌴𐌳𐌹 𐍄𐌰𐌿𐌾𐌰𐌽 𐌽𐌹 𐍅𐌰𐌹𐌷𐍄."
John,9,34,𐌰𐌽𐌳𐌷𐍉𐍆𐌿𐌽 𐌾𐌰𐌷 𐌵𐌴𐌸𐌿𐌽 𐌳𐌿 𐌹𐌼𐌼𐌰: 𐌹𐌽 𐍆𐍂𐌰𐍅𐌰𐌿𐍂𐌷𐍄𐌹𐌼 𐌸𐌿 𐌲𐌰𐌱𐌰𐌿𐍂𐌰𐌽𐍃 𐍅𐌰𐍂𐍃𐍄 𐌰𐌻𐌻𐍃 𐌾𐌰𐌷 𐌸𐌿 𐌻𐌰𐌹𐍃𐌴𐌹𐍃 𐌿𐌽𐍃𐌹𐍃? 𐌾𐌰𐌷 𐌿𐍃𐍅𐌰𐌿𐍂𐍀𐌿𐌽 𐌹𐌼𐌼𐌰 𐌿𐍄.
John,9,35,"𐌷𐌰𐌿𐍃𐌹𐌳𐌰 𐌹𐌴𐍃𐌿𐍃 𐌸𐌰𐍄𐌴𐌹 𐌿𐍃𐍅𐌰𐌿𐍂𐍀𐌿𐌽 𐌹𐌼𐌼𐌰 𐌿𐍄, 𐌾𐌰𐌷 𐌱𐌹𐌲𐌰𐍄 𐌹𐌽𐌰 𐌵𐌰𐌸𐌿𐌷 𐌳𐌿 𐌹𐌼𐌼𐌰: 𐌸𐌿 𐌲𐌰~𐌿~𐌻𐌰𐌿𐌱𐌴𐌹𐍃 𐌳𐌿 𐍃𐌿𐌽𐌰𐌿 𐌲𐌿𐌳𐌹𐍃?"
John,9,36,"𐌰𐌽𐌳𐌷𐍉𐍆 𐌾𐌰𐌹𐌽𐍃 𐌾𐌰𐌷 𐌵𐌰𐌸: 𐌰𐌽 𐍈𐌰𐍃 𐌹𐍃𐍄, 𐍆𐍂𐌰𐌿𐌾𐌰, 𐌴𐌹 𐌲𐌰𐌻𐌰𐌿𐌱𐌾𐌰𐌿 𐌳𐌿 𐌹𐌼𐌼𐌰?"
John,9,37,"𐌵𐌰𐌸 𐌸𐌰𐌽 𐌹𐌼𐌼𐌰 𐌹𐌴𐍃𐌿𐍃: 𐌾𐌰𐌷 𐌲𐌰𐍃𐌰𐍈𐍄 𐌹𐌽𐌰 𐌾𐌰𐌷 𐍃𐌰𐌴𐌹 𐍂𐍉𐌳𐌴𐌹𐌸 𐌼𐌹𐌸 𐌸𐌿𐍃, 𐍃𐌰 𐌹𐍃𐍄."
John,9,38,"𐌹𐌸 𐌹𐍃 𐌵𐌰𐌸𐌿𐌷: 𐌲𐌰𐌻𐌰𐌿𐌱𐌾𐌰, 𐍆𐍂𐌰𐌿𐌾𐌰; 𐌾𐌰𐌷 𐌹𐌽𐍅𐌰𐌹𐍄 𐌹𐌽𐌰."
John,9,39,"𐌾𐌰𐌷 𐌵𐌰𐌸 𐌹𐌴𐍃𐌿𐍃: 𐌳𐌿 𐍃𐍄𐌰𐌿𐌰𐌹 𐌹𐌺 𐌹𐌽 𐌸𐌰𐌼𐌼𐌰 𐍆𐌰𐌹𐍂𐍈𐌰𐌿 𐌵𐌰𐌼, 𐌴𐌹 𐌸𐌰𐌹 𐌿𐌽𐍃𐌰𐌹𐍈𐌰𐌽𐌳𐌰𐌽𐍃 𐍃𐌰𐌹𐍈𐌰𐌹𐌽𐌰 𐌾𐌰𐌷 𐌸𐌰𐌹 𐍃𐌰𐌹𐍈𐌰𐌽𐌳𐌰𐌽𐍃 𐌱𐌻𐌹𐌽𐌳𐌰𐌹 𐍅𐌰𐌹𐍂𐌸𐌰𐌹𐌽𐌰."
John,9,40,"𐌾𐌰𐌷 𐌷𐌰𐌿𐍃𐌹𐌳𐌴𐌳𐌿𐌽 𐌸𐌹𐌶𐌴 𐍆𐌰𐍂𐌴𐌹𐍃𐌰𐌹𐌴 𐍃𐌿𐌼𐌰𐌹 𐌸𐌰𐍄𐌰, 𐌸𐌰𐌹 𐍅𐌹𐍃𐌰𐌽𐌳𐌰𐌽𐍃 𐌼𐌹𐌸 𐌹𐌼𐌼𐌰, 𐌾𐌰𐌷 𐌵𐌴𐌸𐌿𐌽 𐌳𐌿 𐌹𐌼𐌼𐌰: 𐌹𐌱𐌰𐌹 𐌾𐌰𐌷 𐍅𐌴𐌹𐍃 𐌱𐌻𐌹𐌽𐌳𐌰𐌹 𐍃𐌹𐌾𐌿𐌼?"
John,9,41,"𐌵𐌰𐌸 𐌹𐌼 𐌹𐌴𐍃𐌿𐍃: 𐌹𐌸 𐌱𐌻𐌹𐌽𐌳𐌰𐌹 𐍅𐌴𐍃𐌴𐌹𐌸, 𐌽𐌹 𐌸𐌰𐌿 𐌷𐌰𐌱𐌰𐌹𐌳𐌴𐌳𐌴𐌹𐌸 𐍆𐍂𐌰𐍅𐌰𐌿𐍂𐌷𐍄𐌰𐌹𐍃; 𐌹𐌸 𐌽𐌿 𐌵𐌹𐌸𐌹𐌸 𐌸𐌰𐍄𐌴𐌹 𐌲𐌰𐍃𐌰𐌹𐍈𐌰𐌼; 𐌴𐌹𐌸𐌰𐌽 𐍆𐍂𐌰𐍅𐌰𐌿𐍂𐌷𐍄𐍃 𐌹𐌶𐍅𐌰𐍂𐌰 𐌸𐌰𐌹𐍂𐌷𐍅𐌹𐍃𐌹𐌸."
John,10,1,"𐌰𐌼𐌴𐌽 𐌰𐌼𐌴𐌽 𐌵𐌹𐌸𐌰 𐌹𐌶𐍅𐌹𐍃, 𐍃𐌰𐌴𐌹 𐌹𐌽𐌽 𐌽𐌹 𐌰𐍄𐌲𐌰𐌲𐌲𐌹𐌸 𐌸𐌰𐌹𐍂𐌷 𐌳𐌰𐌿𐍂 𐌹𐌽 𐌲𐌰𐍂𐌳𐌰𐌽 𐌻𐌰𐌼𐌱𐌴, 𐌰𐌺 𐍃𐍄𐌴𐌹𐌲𐌹𐌸 𐌰𐌻𐌾𐌰𐌸𐍂𐍉, 𐍃𐌰𐌷 𐌷𐌻𐌹𐍆𐍄𐌿𐍃 𐌹𐍃𐍄 𐌾𐌰𐌷 𐍅𐌰𐌹𐌳𐌴𐌳𐌾𐌰."
John,10,2,𐌹𐌸 𐍃𐌰 𐌹𐌽𐌽𐌲𐌰𐌲𐌲𐌰𐌽𐌳𐍃 𐌸𐌰𐌹𐍂𐌷 𐌳𐌰𐌿𐍂 𐌷𐌰𐌹𐍂𐌳𐌴𐌹𐍃 𐌹𐍃𐍄 𐌻𐌰𐌼𐌱𐌴.
John,10,3,"𐌸𐌰𐌼𐌼𐌿𐌷 𐌳𐌰𐌿𐍂𐌰𐍅𐌰𐍂𐌳𐍃 𐌿𐍃𐌻𐌿𐌺𐌹𐌸, 𐌾𐌰𐌷 𐌸𐍉 𐌻𐌰𐌼𐌱𐌰 𐍃𐍄𐌹𐌱𐌽𐌰𐌹 𐌹𐍃 𐌷𐌰𐌿𐍃𐌾𐌰𐌽𐌳, 𐌾𐌰𐌷 𐌸𐍉 𐍃𐍅𐌴𐍃𐍉𐌽𐌰 𐌻𐌰𐌼𐌱𐌰 𐌷𐌰𐌹𐍄𐌹𐌸 𐌱𐌹 𐌽𐌰𐌼𐌹𐌽 𐌾𐌰𐌷 𐌿𐍃𐍄𐌹𐌿𐌷𐌹𐌸 𐌸𐍉."
John,10,4,"𐌾𐌰𐌷 𐌸𐌰𐌽 𐌸𐍉 𐍃𐍅𐌴𐍃𐍉𐌽𐌰 𐌿𐍃𐍄𐌹𐌿𐌷𐌹𐌸, 𐍆𐌰𐌿𐍂𐌰 𐌹𐌼 𐌲𐌰𐌲𐌲𐌹𐌸, 𐌾𐌰𐌷 𐌸𐍉 𐌻𐌰𐌼𐌱𐌰 𐌹𐌽𐌰 𐌻𐌰𐌹𐍃𐍄𐌾𐌰𐌽𐌳, 𐌿𐌽𐍄𐌴 𐌺𐌿𐌽𐌽𐌿𐌽 𐍃𐍄𐌹𐌱𐌽𐌰 𐌹𐍃."
John,10,5,"𐌹𐌸 𐍆𐍂𐌰𐌼𐌰𐌸𐌾𐌰𐌽𐌰 𐌽𐌹 𐌻𐌰𐌹𐍃𐍄𐌾𐌰𐌽𐌳, 𐌰𐌺 𐌸𐌻𐌹𐌿𐌷𐌰𐌽𐌳 𐍆𐌰𐌿𐍂𐌰 𐌹𐌼𐌼𐌰, 𐌿𐌽𐍄𐌴 𐌽𐌹 𐌺𐌿𐌽𐌽𐌿𐌽 𐌸𐌹𐌶𐌴 𐍆𐍂𐌰𐌼𐌰𐌸𐌾𐌰𐌽𐌴 𐍃𐍄𐌹𐌱𐌽𐌰."
John,10,6,"𐌸𐍉 𐌲𐌰𐌾𐌿𐌺𐍉𐌽 𐌵𐌰𐌸 𐌹𐌼 𐌹𐌴𐍃𐌿𐍃: 𐌹𐌸 𐌾𐌰𐌹𐌽𐌰𐌹 𐌽𐌹 𐍆𐍂𐍉𐌸𐌿𐌽 𐍈𐌰 𐍅𐌰𐍃, 𐌸𐌰𐍄𐌴𐌹 𐍂𐍉𐌳𐌹𐌳𐌰 𐌳𐌿 𐌹𐌼."
John,10,7,"𐌸𐌰𐌽𐌿𐌷 𐌵𐌰𐌸 𐌰𐍆𐍄𐍂𐌰 𐌳𐌿 𐌹𐌼 𐌹𐌴𐍃𐌿𐍃: 𐌰𐌼𐌴𐌽 𐌰𐌼𐌴𐌽, 𐌵𐌹𐌸𐌰 𐌹𐌶𐍅𐌹𐍃 𐌸𐌰𐍄𐌴𐌹 𐌹𐌺 𐌹𐌼 𐌳𐌰𐌿𐍂 𐌸𐌹𐌶𐌴 𐌻𐌰𐌼𐌱𐌴."
John,10,8,"𐌰𐌻𐌻𐌰𐌹 𐍃𐍅𐌰 𐌼𐌰𐌽𐌰𐌲𐌰𐌹 𐍃𐍅𐌴 𐌵𐌴𐌼𐌿𐌽, 𐌸𐌹𐌿𐌱𐍉𐍃 𐍃𐌹𐌽𐌳 𐌾𐌰𐌷 𐍅𐌰𐌹𐌳𐌴𐌳𐌾𐌰𐌽𐍃; 𐌰𐌺𐌴𐌹 𐌽𐌹 𐌷𐌰𐌿𐍃𐌹𐌳𐌴𐌳𐌿𐌽 𐌹𐌼 𐌸𐍉 𐌻𐌰𐌼𐌱𐌰."
John,10,9,"𐌹𐌺 𐌹𐌼 𐌸𐌰𐍄𐌰 𐌳𐌰𐌿𐍂. 𐌸𐌰𐌹𐍂𐌷 𐌼𐌹𐌺 𐌾𐌰𐌱𐌰𐌹 𐍈𐌰𐍃 𐌹𐌽𐌽𐌲𐌰𐌲𐌲𐌹𐌸, 𐌲𐌰𐌽𐌹𐍃𐌹𐌸, 𐌾𐌰𐌷 𐌹𐌽𐌽𐌲𐌰𐌲𐌲𐌹𐌸 𐌾𐌰𐌷 𐌿𐍄𐌲𐌰𐌲𐌲𐌹𐌸 𐌾𐌰𐌷 𐍅𐌹𐌽𐌾𐌰 𐌱𐌹𐌲𐌹𐍄𐌹𐌸."
John,10,10,"𐌸𐌹𐌿𐌱𐍃 𐌽𐌹 𐌵𐌹𐌼𐌹𐌸, 𐌽𐌹𐌱𐌰𐌹 𐌴𐌹 𐍃𐍄𐌹𐌻𐌰𐌹 𐌾𐌰𐌷 𐌿𐍆𐍃𐌽𐌴𐌹𐌸𐌰𐌹 𐌾𐌰𐌷 𐍆𐍂𐌰𐌵𐌹𐍃𐍄𐌾𐌰𐌹; 𐌹𐌸 𐌹𐌺 𐌵𐌰𐌼, 𐌴𐌹 𐌻𐌹𐌱𐌰𐌹𐌽 𐌰𐌹𐌲𐌴𐌹𐌽𐌰 𐌾𐌰𐌷 𐌼𐌰𐌽𐌰𐌲𐌹𐌶𐍉 𐌰𐌹𐌲𐌴𐌹𐌽𐌰."
John,10,11,𐌹𐌺 𐌹𐌼 𐌷𐌰𐌹𐍂𐌳𐌴𐌹𐍃 𐌲𐍉𐌳𐍃. 𐌷𐌰𐌹𐍂𐌳𐌴𐌹𐍃 𐍃𐌰 𐌲𐍉𐌳𐌰 𐍃𐌰𐌹𐍅𐌰𐌻𐌰 𐍃𐌴𐌹𐌽𐌰 𐌻𐌰𐌲𐌾𐌹𐌸 𐍆𐌰𐌿𐍂 𐌻𐌰𐌼𐌱𐌰.
John,10,12,"𐌹𐌸 𐌰𐍃𐌽𐌴𐌹𐍃 𐌾𐌰𐌷 𐍃𐌰𐌴𐌹 𐌽𐌹𐍃𐍄 𐌷𐌰𐌹𐍂𐌳𐌴𐌹𐍃, 𐌸𐌹𐌶𐌴𐌹 𐌽𐌹 𐍃𐌹𐌽𐌳 𐌻𐌰𐌼𐌱𐌰 𐍃𐍅𐌴𐍃𐌰, 𐌲𐌰𐍃𐌰𐌹𐍈𐌹𐌸 𐍅𐌿𐌻𐍆 𐌵𐌹𐌼𐌰𐌽𐌳𐌰𐌽 𐌾𐌰𐌷 𐌱𐌹𐌻𐌴𐌹𐌸𐌹𐌸 𐌸𐌰𐌹𐌼 𐌻𐌰𐌼𐌱𐌰𐌼 𐌾𐌰𐌷 𐌸𐌻𐌹𐌿𐌷𐌹𐌸, 𐌾𐌰𐌷 𐍃𐌰 𐍅𐌿𐌻𐍆𐍃 𐍆𐍂𐌰𐍅𐌹𐌻𐍅𐌹𐌸 𐌸𐍉 𐌾𐌰𐌷 𐌳𐌹𐍃𐍄𐌰𐌷𐌾𐌹𐌸 𐌸𐍉 𐌻𐌰𐌼𐌱𐌰."
John,10,13,"𐌹𐌸 𐍃𐌰 𐌰𐍃𐌽𐌴𐌹𐍃 𐌰𐍆𐌸𐌻𐌹𐌿𐌷𐌹𐌸, 𐌿𐌽𐍄𐌴 𐌰𐍃𐌽𐌴𐌹𐍃 𐌹𐍃𐍄 𐌾𐌰𐌷 𐌽𐌹 𐌺𐌰𐍂~𐌹𐍃𐍄 𐌹𐌽𐌰 𐌸𐌹𐌶𐌴 𐌻𐌰𐌼𐌱𐌴."
John,10,14,"𐌹𐌺 𐌹𐌼 𐌷𐌰𐌹𐍂𐌳𐌴𐌹𐍃 𐍃𐌰 𐌲𐍉𐌳𐌰 𐌾𐌰𐌷 𐌺𐌰𐌽𐌽 𐌼𐌴𐌹𐌽𐌰 𐌾𐌰𐌷 𐌺𐌿𐌽𐌽𐌿𐌽 𐌼𐌹𐌺 𐌸𐍉 𐌼𐌴𐌹𐌽𐌰,"
John,10,15,"𐍃𐍅𐌰𐍃𐍅𐌴 𐌺𐌰𐌽𐌽 𐌼𐌹𐌺 𐌰𐍄𐍄𐌰 𐌾𐌰𐌷 𐌹𐌺 𐌺𐌰𐌽𐌽 𐌰𐍄𐍄𐌰𐌽, 𐌾𐌰𐌷 𐍃𐌰𐌹𐍅𐌰𐌻𐌰 𐌼𐌴𐌹𐌽𐌰 𐌻𐌰𐌲𐌾𐌰 𐍆𐌰𐌿𐍂 𐌸𐍉 𐌻𐌰𐌼𐌱𐌰."
John,10,16,"𐌾𐌰𐌷 𐌰𐌽𐌸𐌰𐍂𐌰 𐌻𐌰𐌼𐌱𐌰 𐌰𐌹𐌷 𐌸𐍉𐌴𐌹 𐌽𐌹 𐍃𐌹𐌽𐌳 𐌸𐌹𐍃 𐌰𐍅𐌹𐍃𐍄𐍂𐌹𐍃, 𐌾𐌰𐌷 𐌸𐍉 𐍃𐌺𐌰𐌻 𐌱𐍂𐌹𐌲𐌲𐌰𐌽, 𐌾𐌰𐌷 𐍃𐍄𐌹𐌱𐌽𐍉𐍃 𐌼𐌴𐌹𐌽𐌰𐌹𐌶𐍉𐍃 𐌷𐌰𐌿𐍃𐌾𐌰𐌽𐌳, 𐌾𐌰𐌷 𐍅𐌰𐌹𐍂𐌸𐌰𐌽𐌳 𐌰𐌹𐌽 𐌰𐍅𐌴𐌸𐌹, 𐌰𐌹𐌽𐍃 𐌷𐌰𐌹𐍂𐌳𐌴𐌹𐍃."
John,10,17,"𐌳𐌿𐌷𐌸𐌴 𐌰𐍄𐍄𐌰 𐌼𐌹𐌺 𐍆𐍂𐌹𐌾𐍉𐌸, 𐌿𐌽𐍄𐌴 𐌹𐌺 𐌻𐌰𐌲𐌾𐌰 𐍃𐌰𐌹𐍅𐌰𐌻𐌰 𐌼𐌴𐌹𐌽𐌰, 𐌴𐌹 𐌰𐍆𐍄𐍂𐌰 𐌽𐌹𐌼𐌰𐌿 𐌸𐍉."
John,10,18,"𐌽𐌹 𐍈𐌰𐍃𐌷𐌿𐌽 𐌽𐌹𐌼𐌹𐌸 𐌸𐍉 𐌰𐍆 𐌼𐌹𐍃 𐍃𐌹𐌻𐌱𐌹𐌽; 𐍅𐌰𐌻𐌳𐌿𐍆𐌽𐌹 𐌷𐌰𐌱𐌰 𐌰𐍆𐌻𐌰𐌲𐌾𐌰𐌽 𐌸𐍉, 𐌾𐌰𐌷 𐍅𐌰𐌻𐌳𐌿𐍆𐌽𐌹 𐌷𐌰𐌱𐌰 𐌰𐍆𐍄𐍂𐌰 𐌽𐌹𐌼𐌰𐌽 𐌸𐍉. 𐌸𐍉 𐌰𐌽𐌰𐌱𐌿𐍃𐌽 𐌽𐌰𐌼 𐌰𐍄 𐌰𐍄𐍄𐌹𐌽 𐌼𐌴𐌹𐌽𐌰𐌼𐌼𐌰."
John,10,19,𐌸𐌰𐌽𐌿𐌷 𐌼𐌹𐍃𐍃𐌰𐌵𐌹𐍃𐍃 𐌰𐍆𐍄𐍂𐌰 𐍅𐌰𐍂𐌸 𐌼𐌹𐌸 𐌹𐌿𐌳𐌰𐌹𐌿𐌼 𐌹𐌽 𐌸𐌹𐌶𐌴 𐍅𐌰𐌿𐍂𐌳𐌴.
John,10,20,𐌵𐌴𐌸𐌿𐌽𐌿𐌷 𐌼𐌰𐌽𐌰𐌲𐌰𐌹 𐌹𐌶𐌴: 𐌿𐌽𐌷𐌿𐌻𐌸𐍉𐌽 𐌷𐌰𐌱𐌰𐌹𐌸 𐌾𐌰𐌷 𐌳𐍅𐌰𐌻𐌼𐍉𐌸; 𐍈𐌰 𐌸𐌰𐌼𐌼𐌰 𐌷𐌰𐌿𐍃𐌴𐌹𐌸?
John,10,21,𐍃𐌿𐌼𐌰𐌹𐌷 𐌵𐌴𐌸𐌿𐌽: 𐌸𐍉 𐍅𐌰𐌿𐍂𐌳𐌰 𐌽𐌹 𐍃𐌹𐌽𐌳 𐌿𐌽𐌷𐌿𐌻𐌸𐍉𐌽 𐌷𐌰𐌱𐌰𐌽𐌳𐌹𐌽𐍃; 𐌹𐌱𐌰𐌹 𐌼𐌰𐌲 𐌿𐌽𐌷𐌿𐌻𐌸𐍉 𐌱𐌻𐌹𐌽𐌳𐌰𐌹𐌼 𐌰𐌿𐌲𐍉𐌽𐌰 𐌿𐍃𐌻𐌿𐌺𐌰𐌽?
John,10,22,"𐍅𐌰𐍂𐌸 𐌸𐌰𐌽 𐌹𐌽𐌽𐌹𐌿𐌾𐌹𐌸𐌰 𐌹𐌽 𐌹𐌰𐌹𐍂𐌿𐍃𐌰𐌿𐌻𐍅𐌼𐌰𐌹, 𐌾𐌰𐌷 𐍅𐌹𐌽𐍄𐍂𐌿𐍃 𐍅𐌰𐍃."
John,10,23,𐌾𐌰𐌷 𐍈𐌰𐍂𐌱𐍉𐌳𐌰 𐌹𐌴𐍃𐌿𐍃 𐌹𐌽 𐌰𐌻𐌷 𐌹𐌽 𐌿𐌱𐌹𐌶𐍅𐌰𐌹 𐍃𐌰𐌿𐌻𐌰𐌿𐌼𐍉𐌽𐌹𐍃.
John,10,24,"𐌸𐌰𐌽𐌿𐌷 𐌱𐌹𐍂𐌿𐌽𐌽𐌿𐌽 𐌹𐌽𐌰 𐌹𐌿𐌳𐌰𐌹𐌴𐌹𐍃 𐌾𐌰𐌷 𐌵𐌴𐌸𐌿𐌽 𐌳𐌿 𐌹𐌼𐌼𐌰: 𐌿𐌽𐌳 𐍈𐌰 𐍃𐌰𐌹𐍅𐌰𐌻𐌰 𐌿𐌽𐍃𐌰𐍂𐌰 𐌷𐌰𐌷𐌹𐍃? 𐌾𐌰𐌱𐌰𐌹 𐌸𐌿 𐍃𐌹𐌾𐌰𐌹𐍃 𐍇𐍂𐌹𐍃𐍄𐌿𐍃, 𐌵𐌹𐌸 𐌿𐌽𐍃𐌹𐍃 𐌰𐌽𐌳𐌰𐌿𐌲𐌹𐌱𐌰."
John,10,25,"𐌰𐌽𐌳𐌷𐍉𐍆 𐌹𐌴𐍃𐌿𐍃: 𐌵𐌰𐌸 𐌹𐌶𐍅𐌹𐍃, 𐌾𐌰𐌷 𐌽𐌹 𐌲𐌰𐌻𐌰𐌿𐌱𐌴𐌹𐌸; 𐍅𐌰𐌿𐍂𐍃𐍄𐍅𐌰 𐌸𐍉𐌴𐌹 𐌹𐌺 𐍄𐌰𐌿𐌾𐌰 𐌹𐌽 𐌽𐌰𐌼𐌹𐌽 𐌰𐍄𐍄𐌹𐌽𐍃 𐌼𐌴𐌹𐌽𐌹𐍃, 𐌸𐍉 𐍅𐌴𐌹𐍄𐍅𐍉𐌳𐌾𐌰𐌽𐌳 𐌱𐌹 𐌼𐌹𐌺;"
John,10,26,"𐌰𐌺𐌴𐌹 𐌾𐌿𐍃 𐌽𐌹 𐌲𐌰𐌻𐌰𐌿𐌱𐌴𐌹𐌸, 𐌿𐌽𐍄𐌴 𐌽𐌹 𐍃𐌹𐌾𐌿𐌸 𐌻𐌰𐌼𐌱𐌴 𐌼𐌴𐌹𐌽𐌰𐌹𐌶𐌴, 𐍃𐍅𐌰𐍃𐍅𐌴 𐌵𐌰𐌸 𐌹𐌶𐍅𐌹𐍃."
John,10,27,"𐌻𐌰𐌼𐌱𐌰 𐌼𐌴𐌹𐌽𐌰 𐍃𐍄𐌹𐌱𐌽𐌰𐌹 𐌼𐌴𐌹𐌽𐌰𐌹 𐌷𐌰𐌿𐍃𐌾𐌰𐌽𐌳, 𐌾𐌰𐌷 𐌹𐌺 𐌺𐌰𐌽𐌽 𐌸𐍉, 𐌾𐌰𐌷 𐌻𐌰𐌹𐍃𐍄𐌾𐌰𐌽𐌳 𐌼𐌹𐌺."
John,10,28,"𐌾𐌰𐌷 𐌹𐌺 𐌻𐌹𐌱𐌰𐌹𐌽 𐌰𐌹𐍅𐌴𐌹𐌽𐍉𐌽 𐌲𐌹𐌱𐌰 𐌹𐌼, 𐌾𐌰𐌷 𐌽𐌹 𐍆𐍂𐌰𐌵𐌹𐍃𐍄𐌽𐌰𐌽𐌳 𐌰𐌹𐍅; 𐌾𐌰𐌷 𐌽𐌹 𐍆𐍂𐌰𐍅𐌹𐌻𐍅𐌹𐌸 𐍈𐌰𐍃𐌷𐌿𐌽 𐌸𐍉 𐌿𐍃 𐌷𐌰𐌽𐌳𐌰𐌿 𐌼𐌴𐌹𐌽𐌰𐌹."
John,10,29,"𐌰𐍄𐍄𐌰 𐌼𐌴𐌹𐌽𐍃 𐌸𐌰𐍄𐌴𐌹 𐍆𐍂𐌰𐌲𐌰𐍆 𐌼𐌹𐍃, 𐌼𐌰𐌹𐌶𐍉 𐌰𐌻𐌻𐌰𐌹𐌼 𐌹𐍃𐍄, 𐌾𐌰𐌷 𐌽𐌹 𐌰𐌹𐍅 𐌰𐌹𐌽𐍃𐌷𐌿𐌽 𐌼𐌰𐌲 𐍆𐍂𐌰𐍅𐌹𐌻𐍅𐌰𐌽 𐌸𐍉 𐌿𐍃 𐌷𐌰𐌽𐌳𐌰𐌿 𐌰𐍄𐍄𐌹𐌽𐍃 𐌼𐌴𐌹𐌽𐌹𐍃."
John,10,30,𐌹𐌺 𐌾𐌰𐌷 𐌰𐍄𐍄𐌰 𐌼𐌴𐌹𐌽𐍃 𐌰𐌹𐌽 𐍃𐌹𐌾𐌿.
John,10,31,"𐌽𐌴𐌼𐌿𐌽 𐌰𐍆𐍄𐍂𐌰 𐍃𐍄𐌰𐌹𐌽𐌰𐌽𐍃 𐌸𐌰𐌹 𐌹𐌿𐌳𐌰𐌹𐌴𐌹𐍃, 𐌴𐌹 𐍅𐌰𐌿𐍂𐍀𐌴𐌹𐌽𐌰 𐌰𐌽𐌰 𐌹𐌽𐌰."
John,10,32,"𐌰𐌽𐌳𐌷𐍉𐍆 𐌹𐌼 𐌹𐌴𐍃𐌿𐍃: 𐌼𐌰𐌽𐌰𐌲𐌰 𐌲𐍉𐌳𐌰 𐍅𐌰𐌿𐍂𐍃𐍄𐍅𐌰 𐌰𐍄𐌰𐌿𐌲𐌹𐌳𐌰 𐌹𐌶𐍅𐌹𐍃 𐌿𐍃 𐌰𐍄𐍄𐌹𐌽 𐌼𐌴𐌹𐌽𐌰𐌼𐌼𐌰, 𐌹𐌽 𐍈𐌰𐍂𐌾𐌹𐍃 𐌸𐌹𐌶𐌴 𐍅𐌰𐌿𐍂𐍃𐍄𐍅𐌴 𐍃𐍄𐌰𐌹𐌽𐌴𐌹𐌸 𐌼𐌹𐌺?"
John,10,33,"𐌰𐌽𐌳𐌷𐍉𐍆𐌿𐌽 𐌹𐌼𐌼𐌰 𐌸𐌰𐌹 𐌹𐌿𐌳𐌰𐌹𐌴𐌹𐍃: 𐌹𐌽 𐌲𐍉𐌳𐌹𐍃 𐍅𐌰𐌿𐍂𐍃𐍄𐍅𐌹𐍃 𐌽𐌹 𐍃𐍄𐌰𐌹𐌽𐌾𐌰𐌼 𐌸𐌿𐌺, 𐌰𐌺 𐌹𐌽 𐍅𐌰𐌾𐌰𐌼𐌴𐍂𐌴𐌹𐌽𐍃, 𐌾𐌰𐌷 𐌸𐌰𐍄𐌴𐌹 𐌸𐌿 𐌼𐌰𐌽𐌽𐌰 𐍅𐌹𐍃𐌰𐌽𐌳𐍃 𐍄𐌰𐌿𐌾𐌹𐍃 𐌸𐌿𐌺 𐍃𐌹𐌻𐌱𐌰𐌽 𐌳𐌿 𐌲𐌿𐌳𐌰."
John,10,34,"𐌰𐌽𐌳𐌷𐍉𐍆 𐌹𐌼 𐌹𐌴𐍃𐌿𐍃: 𐌽𐌹𐌿 𐌹𐍃𐍄 𐌲𐌰𐌼𐌴𐌻𐌹𐌸 𐌹𐌽 𐍅𐌹𐍄𐍉𐌳𐌰 𐌹𐌶𐍅𐌰𐍂𐌰𐌼𐌼𐌰: 𐌹𐌺 𐌵𐌰𐌸, 𐌲𐌿𐌳𐌰 𐍃𐌹𐌾𐌿𐌸?"
John,10,35,"𐌾𐌰𐌱𐌰𐌹 𐌾𐌰𐌹𐌽𐌰𐌽𐍃 𐌵𐌰𐌸 𐌲𐌿𐌳𐌰, 𐌳𐌿 𐌸𐌰𐌹𐌼𐌴𐌹 𐍅𐌰𐌿𐍂𐌳 𐌲𐌿𐌳𐌹𐍃 𐍅𐌰𐍂𐌸, 𐌾𐌰𐌷 𐌽𐌹 𐌼𐌰𐌷𐍄 𐌹𐍃𐍄 𐌲𐌰𐍄𐌰𐌹𐍂𐌰𐌽 𐌸𐌰𐍄𐌰 𐌲𐌰𐌼𐌴𐌻𐌹𐌳𐍉;"
John,10,36,"𐌸𐌰𐌽𐌴𐌹 𐌰𐍄𐍄𐌰 𐌲𐌰𐍅𐌴𐌹𐌷𐌰𐌹𐌳𐌰 𐌾𐌰𐌷 𐌹𐌽𐍃𐌰𐌽𐌳𐌹𐌳𐌰 𐌹𐌽 𐌸𐌰𐌽𐌰 𐍆𐌰𐌹𐍂𐍈𐌿, 𐌾𐌿𐍃 𐌵𐌹𐌸𐌹𐌸 𐌸𐌰𐍄𐌴𐌹 𐍅𐌰𐌾𐌰𐌼𐌴𐍂𐌾𐌰𐌿, 𐌿𐌽𐍄𐌴 𐌵𐌰𐌸: 𐍃𐌿𐌽𐌿𐍃 𐌲𐌿𐌳𐌹𐍃 𐌹𐌼?"
John,10,37,"𐌽𐌹𐌱𐌰 𐍄𐌰𐌿𐌾𐌰𐌿 𐍅𐌰𐌿𐍂𐍃𐍄𐍅𐌰 𐌰𐍄𐍄𐌹𐌽𐍃 𐌼𐌴𐌹𐌽𐌹𐍃, 𐌽𐌹 𐌲𐌰𐌻𐌰𐌿𐌱𐌴𐌹𐌸 𐌼𐌹𐍃;"
John,10,38,"𐌹𐌸 𐌾𐌰𐌱𐌰𐌹 𐍄𐌰𐌿𐌾𐌰𐌿, 𐌽𐌹𐌱𐌰 𐌼𐌹𐍃 𐌲𐌰𐌻𐌰𐌿𐌱𐌾𐌰𐌹𐌸, 𐌸𐌰𐌹𐌼 𐍅𐌰𐌿𐍂𐍃𐍄𐍅𐌰𐌼 𐌲𐌰𐌻𐌰𐌿𐌱𐌾𐌰𐌹𐌸, 𐌴𐌹 𐌿𐍆𐌺𐌿𐌽𐌽𐌰𐌹𐌸 𐌾𐌰𐌷 𐌲𐌰𐌻𐌰𐌿𐌱𐌾𐌰𐌹𐌸 𐌸𐌰𐍄𐌴𐌹 𐌹𐌽 𐌼𐌹𐍃 𐌰𐍄𐍄𐌰 𐌾𐌰𐌷 𐌹𐌺 𐌹𐌽 𐌹𐌼𐌼𐌰."
John,10,39,"𐍃𐍉𐌺𐌹𐌳𐌴𐌳𐌿𐌽 𐌹𐌽𐌰 𐌰𐍆𐍄𐍂𐌰 𐌲𐌰𐍆𐌰𐌷𐌰𐌽, 𐌾𐌰𐌷 𐌿𐍃𐌹𐌳𐌳𐌾𐌰 𐌿𐍃 𐌷𐌰𐌽𐌳𐌿𐌼 𐌹𐌶𐌴."
John,10,40,"𐌾𐌰𐌷 𐌲𐌰𐌻𐌰𐌹𐌸 𐌰𐍆𐍄𐍂𐌰 𐌿𐍆𐌰𐍂 𐌹𐌰𐌿𐍂𐌳𐌰𐌽𐌿 𐌹𐌽 𐌸𐌰𐌽𐌰 𐍃𐍄𐌰𐌳 𐌸𐌰𐍂𐌴𐌹 𐍅𐌰𐍃 𐌹𐍉𐌷𐌰𐌽𐌽𐌴𐍃 𐍆𐍂𐌿𐌼𐌹𐍃𐍄 𐌳𐌰𐌿𐍀𐌾𐌰𐌽𐌳𐍃, 𐌾𐌰𐌷 𐍃𐌰𐌻𐌹𐌳𐌰 𐌾𐌰𐌹𐌽𐌰𐍂."
John,10,41,"𐌾𐌰𐌷 𐌼𐌰𐌽𐌰𐌲𐌰𐌹 𐌵𐌴𐌼𐌿𐌽 𐌰𐍄 𐌹𐌼𐌼𐌰 𐌾𐌰𐌷 𐌵𐌴𐌸𐌿𐌽 𐌸𐌰𐍄𐌴𐌹 𐌹𐍉𐌷𐌰𐌽𐌽𐌴𐍃 𐌲𐌰𐍄𐌰𐍅𐌹𐌳𐌰 𐍄𐌰𐌹𐌺𐌽𐌴 𐌽𐌹 𐌰𐌹𐌽𐍉𐌷𐌿𐌽; 𐌹𐌸 𐌰𐌻𐌻𐌰𐍄𐌰 𐌸𐌰𐍄𐌴𐌹 𐌵𐌰𐌸 𐌹𐍉𐌷𐌰𐌽𐌽𐌴𐍃 𐌱𐌹 𐌸𐌰𐌽𐌰, 𐍃𐌿𐌽𐌾𐌰 𐍅𐌰𐍃."
John,10,42,𐌾𐌰𐌷 𐌲𐌰𐌻𐌰𐌿𐌱𐌹𐌳𐌴𐌳𐌿𐌽 𐌼𐌰𐌽𐌰𐌲𐌰𐌹 𐌳𐌿 𐌹𐌼𐌼𐌰 𐌾𐌰𐌹𐌽𐌰𐍂.
John,11,1,"𐍅𐌰𐍃𐌿𐌷 𐌸𐌰𐌽 𐍃𐌿𐌼𐍃 𐍃𐌹𐌿𐌺𐍃, 𐌻𐌰𐌶𐌰𐍂𐌿𐍃 𐌰𐍆 𐌱𐌴𐌸𐌰𐌽𐌹𐌰𐍃, 𐌿𐍃 𐌷𐌰𐌹𐌼𐌰𐌹 𐌼𐌰𐍂𐌾𐌹𐌽𐍃 𐌾𐌰𐌷 𐌼𐌰𐍂𐌸𐌹𐌽𐍃, 𐍃𐍅𐌹𐍃𐍄𐍂𐍃 𐌹𐌶𐍉𐍃."
John,11,2,"𐍅𐌰𐍃𐌿𐌷 𐌸𐌰𐌽 𐌼𐌰𐍂𐌾𐌰, 𐍃𐍉𐌴𐌹 𐍃𐌰𐌻𐌱𐍉𐌳𐌰 𐍆𐍂𐌰𐌿𐌾𐌰𐌽 𐌱𐌰𐌻𐍃𐌰𐌽𐌰 𐌾𐌰𐌷 𐌱𐌹𐍃𐍅𐌰𐍂𐌱 𐍆𐍉𐍄𐌿𐌽𐍃 𐌹𐍃 𐍃𐌺𐌿𐍆𐍄𐌰 𐍃𐌴𐌹𐌽𐌰𐌼𐌼𐌰, 𐌸𐌹𐌶𐍉𐌶𐌴𐌹 𐌱𐍂𐍉𐌸𐌰𐍂 𐌻𐌰𐌶𐌰𐍂𐌿𐍃 𐍃𐌹𐌿𐌺𐍃 𐍅𐌰𐍃."
John,11,3,"𐌹𐌽𐍃𐌰𐌽𐌳𐌹𐌳𐌴𐌳𐌿𐌽 𐌸𐌰𐌽 𐌸𐍉𐍃 𐍃𐍅𐌹𐍃𐍄𐍂𐌾𐌿𐍃 𐌹𐍃 𐌳𐌿 𐌹𐌼𐌼𐌰 𐌵𐌹𐌸𐌰𐌽𐌳𐌴𐌹𐌽𐍃: 𐍆𐍂𐌰𐌿𐌾𐌰, 𐍃𐌰𐌹, 𐌸𐌰𐌽𐌴𐌹 𐍆𐍂𐌹𐌾𐍉𐍃 𐍃𐌹𐌿𐌺𐍃 𐌹𐍃𐍄."
John,11,4,"𐌹𐌸 𐌹𐍃 𐌲𐌰𐌷𐌰𐌿𐍃𐌾𐌰𐌽𐌳𐍃 𐌵𐌰𐌸: 𐍃𐍉 𐍃𐌹𐌿𐌺𐌴𐌹 𐌽𐌹𐍃𐍄 𐌳𐌿 𐌳𐌰𐌿𐌸𐌰𐌿, 𐌰𐌺 𐌹𐌽 𐌷𐌰𐌿𐌷𐌴𐌹𐌽𐌰𐌹𐍃 𐌲𐌿𐌳𐌹𐍃, 𐌴𐌹 𐌷𐌰𐌿𐌷𐌾𐌰𐌹𐌳𐌰𐌿 𐍃𐌿𐌽𐌿𐍃 𐌲𐌿𐌳𐌹𐍃 𐌸𐌰𐌹𐍂𐌷 𐌸𐌰𐍄𐌰."
John,11,5,𐍆𐍂𐌹𐌾𐍉𐌳𐌿𐌷 𐌸𐌰𐌽 𐌹𐌴𐍃𐌿𐍃 𐌼𐌰𐍂𐌸𐌰𐌽 𐌾𐌰𐌷 𐍃𐍅𐌹𐍃𐍄𐌰𐍂 𐌹𐌶𐍉𐍃 𐌾𐌰𐌷 𐌻𐌰𐌶𐌰𐍂𐌿.
John,11,6,"𐍃𐍅𐌴 𐌷𐌰𐌿𐍃𐌹𐌳𐌰 𐌸𐌰𐍄𐌴𐌹 𐍃𐌹𐌿𐌺𐍃 𐍅𐌰𐍃, 𐌸𐌰𐌽𐌿𐌷 𐌸𐌰𐌽 𐍃𐌰𐌻𐌹𐌳𐌰 𐌹𐌽 𐌸𐌰𐌼𐌼𐌴𐌹 𐍅𐌰𐍃 𐍃𐍄𐌰𐌳𐌰 𐍄𐍅𐌰𐌽𐍃 𐌳𐌰𐌲𐌰𐌽𐍃."
John,11,7,𐌸𐌰𐌸𐍂𐍉𐌷 𐌸𐌰𐌽 𐌰𐍆𐌰𐍂 𐌸𐌰𐍄𐌰 𐌵𐌰𐌸 𐌳𐌿 𐍃𐌹𐍀𐍉𐌽𐌾𐌰𐌼: 𐌲𐌰𐌲𐌲𐌰𐌼 𐌹𐌽 𐌹𐌿𐌳𐌰𐌹𐌰𐌽 𐌰𐍆𐍄𐍂𐌰.
John,11,8,"𐌵𐌴𐌸𐌿𐌽 𐌳𐌿 𐌹𐌼𐌼𐌰 𐌸𐌰𐌹 𐍃𐌹𐍀𐍉𐌽𐌾𐍉𐍃: 𐍂𐌰𐌱𐌱𐌴𐌹, 𐌽𐌿 𐍃𐍉𐌺𐌹𐌳𐌴𐌳𐌿𐌽 𐌸𐌿𐌺 𐌰𐍆𐍅𐌰𐌹𐍂𐍀𐌰𐌽 𐍃𐍄𐌰𐌹𐌽𐌰𐌼 𐌹𐌿𐌳𐌰𐌹𐌴𐌹𐍃, 𐌾𐌰𐌷 𐌰𐍆𐍄𐍂𐌰 𐌲𐌰𐌲𐌲𐌹𐍃 𐌾𐌰𐌹𐌽𐌳?"
John,11,9,"𐌰𐌽𐌳𐌷𐍉𐍆 𐌹𐌴𐍃𐌿𐍃: 𐌽𐌹𐌿 𐍄𐍅𐌰𐌻𐌹𐍆 𐍃𐌹𐌽𐌳 𐍈𐌴𐌹𐌻𐍉𐍃 𐌳𐌰𐌲𐌹𐍃? 𐌾𐌰𐌱𐌰𐌹 𐍈𐌰𐍃 𐌲𐌰𐌲𐌲𐌹𐌸 𐌹𐌽 𐌳𐌰𐌲, 𐌽𐌹 𐌲𐌰𐍃𐍄𐌹𐌲𐌲𐌵𐌹𐌸, 𐌿𐌽𐍄𐌴 𐌻𐌹𐌿𐌷𐌰𐌸 𐌸𐌹𐍃 𐍆𐌰𐌹𐍂𐍈𐌰𐌿𐍃 𐌲𐌰𐍃𐌰𐌹𐍈𐌹𐌸;"
John,11,10,"𐌰𐌸𐌸𐌰𐌽 𐌾𐌰𐌱𐌰𐌹 𐍈𐌰𐍃 𐌲𐌰𐌲𐌲𐌹𐌸 𐌹𐌽 𐌽𐌰𐌷𐍄, 𐌲𐌰𐍃𐍄𐌹𐌲𐌲𐌵𐌹𐌸, 𐌿𐌽𐍄𐌴 𐌻𐌹𐌿𐌷𐌰𐌳 𐌽𐌹𐍃𐍄 𐌹𐌽 𐌹𐌼𐌼𐌰."
John,11,11,"𐌸𐍉 𐌵𐌰𐌸 𐌾𐌰𐌷 𐌰𐍆𐌰𐍂 𐌸𐌰𐍄𐌰 𐌵𐌹𐌸𐌹𐌸 𐌳𐌿 𐌹𐌼: 𐌻𐌰𐌶𐌰𐍂𐌿𐍃, 𐍆𐍂𐌹𐌾𐍉𐌽𐌳𐍃 𐌿𐌽𐍃𐌰𐍂, 𐌲𐌰𐍃𐌰𐌹𐌶𐌻𐌴𐍀; 𐌰𐌺𐌴𐌹 𐌲𐌰𐌲𐌲𐌰𐌼, 𐌴𐌹 𐌿𐍃𐍅𐌰𐌺𐌾𐌰𐌿 𐌹𐌽𐌰."
John,11,12,"𐌸𐌰𐌽𐌿𐌷 𐌵𐌴𐌸𐌿𐌽 𐌸𐌰𐌹 𐍃𐌹𐍀𐍉𐌽𐌾𐍉𐍃 𐌹𐍃: 𐍆𐍂𐌰𐌿𐌾𐌰, 𐌾𐌰𐌱𐌰𐌹 𐍃𐌻𐌴𐍀𐌹𐌸, 𐌷𐌰𐌹𐌻𐍃 𐍅𐌰𐌹𐍂𐌸𐌹𐌸."
John,11,13,𐌵𐌰𐌸𐌿𐌷 𐌸𐌰𐌽 𐌹𐌴𐍃𐌿𐍃 𐌱𐌹 𐌳𐌰𐌿𐌸𐌿 𐌹𐍃; 𐌹𐌸 𐌾𐌰𐌹𐌽𐌰𐌹 𐌷𐌿𐌲𐌹𐌳𐌴𐌳𐌿𐌽 𐌸𐌰𐍄𐌴𐌹 𐌹𐍃 𐌱𐌹 𐍃𐌻𐌴𐍀 𐌵𐌴𐌸𐌹.
John,11,14,"𐌸𐌰𐌽𐌿𐌷 𐌸𐌰𐌽 𐌵𐌰𐌸 𐌳𐌿 𐌹𐌼 𐌹𐌴𐍃𐌿𐍃 𐍃𐍅𐌹𐌺𐌿𐌽𐌸𐌰𐌱𐌰: 𐌻𐌰𐌶𐌰𐍂𐌿𐍃 𐌲𐌰𐍃𐍅𐌰𐌻𐍄,"
John,11,15,"𐌾𐌰𐌷 𐍆𐌰𐌲𐌹𐌽𐍉 𐌹𐌽 𐌹𐌶𐍅𐌰𐍂𐌰, 𐌴𐌹 𐌲𐌰𐌻𐌰𐌿𐌱𐌾𐌰𐌹𐌸, 𐌿𐌽𐍄𐌴 𐌽𐌹 𐍅𐌰𐍃 𐌾𐌰𐌹𐌽𐌰𐍂; 𐌰𐌺𐌴𐌹 𐌲𐌰𐌲𐌲𐌰𐌼 𐌳𐌿 𐌹𐌼𐌼𐌰."
John,11,16,"𐌸𐌰𐌽𐌿𐌷 𐌵𐌰𐌸 Þ𐍉𐌼𐌰𐍃 𐍃𐌰𐌴𐌹 𐌷𐌰𐌹𐍄𐌰𐌳𐌰 𐌳𐌹𐌳𐌹𐌼𐌿𐍃 𐌸𐌰𐌹𐌼 𐌲𐌰𐌷𐌻𐌰𐌹𐌱𐌰𐌼 𐍃𐌴𐌹𐌽𐌰𐌹𐌼: 𐌲𐌰𐌲𐌲𐌰𐌼 𐌾𐌰𐌷 𐍅𐌴𐌹𐍃, 𐌴𐌹 𐌲𐌰𐍃𐍅𐌹𐌻𐍄𐌰𐌹𐌼𐌰 𐌼𐌹𐌸 𐌹𐌼𐌼𐌰."
John,11,17,𐌵𐌹𐌼𐌰𐌽𐌳𐍃 𐌸𐌰𐌽 𐌹𐌴𐍃𐌿𐍃 𐌱𐌹𐌲𐌰𐍄 𐌹𐌽𐌰 𐌾𐌿𐌸𐌰𐌽 𐍆𐌹𐌳𐍅𐍉𐍂 𐌳𐌰𐌲𐌰𐌽𐍃 𐌷𐌰𐌱𐌰𐌽𐌳𐌰𐌽 𐌹𐌽 𐌷𐌻𐌰𐌹𐍅𐌰.
John,11,18,"𐍅𐌰𐍃𐌿𐌷 𐌸𐌰𐌽 𐌱𐌴𐌸𐌰𐌽𐌹𐌰 𐌽𐌴𐍈𐌰 𐌹𐌰𐌹𐍂𐌿𐍃𐌰𐌿𐌻𐍅𐌼𐌹[𐌰]𐌼, 𐍃𐍅𐌰𐍃𐍅𐌴 𐌰𐌽𐌰 𐍃𐍀𐌰𐌿𐍂𐌳𐌹𐌼 𐍆𐌹𐌼𐍆𐍄𐌰𐌹𐌷𐌿𐌽𐌹𐌼."
John,11,19,"𐌾𐌰𐌷 𐌼𐌰𐌽𐌰𐌲𐌰𐌹 𐌹𐌿𐌳𐌰𐌹𐌴 𐌲𐌰𐌵𐌴𐌼𐌿𐌽 𐌱𐌹 𐌼𐌰𐍂𐌸𐌰𐌽 𐌾𐌰𐌷 𐌼𐌰𐍂𐌾𐌰𐌽, 𐌴𐌹 𐌲𐌰𐌸𐍂𐌰𐍆𐍃𐍄𐌹𐌳𐌴𐌳𐌴𐌹𐌽𐌰 𐌹𐌾𐍉𐍃 𐌱𐌹 𐌸𐌰𐌽𐌰 𐌱𐍂𐍉𐌸𐌰𐍂 𐌹𐌶𐍉."
John,11,20,"𐌹𐌸 𐌼𐌰𐍂𐌸𐌰, 𐍃𐌿𐌽𐍃𐌴𐌹 𐌷𐌰𐌿𐍃𐌹𐌳𐌰 𐌸𐌰𐍄𐌴𐌹 𐌹𐌴𐍃𐌿𐍃 𐌵𐌹𐌼𐌹𐌸, 𐍅𐌹𐌸𐍂𐌰ï𐌳𐌳𐌾𐌰 𐌹𐌽𐌰; 𐌹𐌸 𐌼𐌰𐍂𐌾𐌰 𐌹𐌽 𐌲𐌰𐍂𐌳𐌰 𐍃𐌰𐍄."
John,11,21,"𐌸𐌰𐌽𐌿𐌷 𐌵𐌰𐌸 𐌼𐌰𐍂𐌸𐌰 𐌳𐌿 𐌹𐌴𐍃𐌿𐌰: 𐍆𐍂𐌰𐌿𐌾𐌰, 𐌹𐌸 𐍅𐌴𐍃𐌴𐌹𐍃 𐌷𐌴𐍂, 𐌽𐌹 𐌸𐌰𐌿 𐌲𐌰𐌳𐌰𐌿𐌸𐌽𐍉𐌳𐌴𐌳𐌹 𐌱𐍂𐍉𐌸𐌰𐍂 𐌼𐌴𐌹𐌽𐍃."
John,11,22,"𐌰𐌺𐌴𐌹 𐌾𐌰𐌷 𐌽𐌿 𐍅𐌰𐌹𐍄, 𐌴𐌹 𐌸𐌹𐍃𐍈𐌰𐌷 𐌸𐌴𐌹 𐌱𐌹𐌳𐌾𐌹𐍃 𐌲𐌿𐌸, 𐌲𐌹𐌱𐌹𐌸 𐌸𐌿𐍃 𐌲𐌿𐌸."
John,11,23,𐌵𐌰𐌸 𐌹𐌶𐌰𐌹 𐌹𐌴𐍃𐌿𐍃: 𐌿𐍃𐍃𐍄𐌰𐌽𐌳𐌹𐌸 𐌱𐍂𐍉𐌸𐌰𐍂 𐌸𐌴𐌹𐌽𐍃.
John,11,24,𐌵𐌰𐌸 𐌳𐌿 𐌹𐌼𐌼𐌰 𐌼𐌰𐍂𐌸𐌰: 𐍅𐌰𐌹𐍄 𐌸𐌰𐍄𐌴𐌹 𐌿𐍃𐍃𐍄𐌰𐌽𐌳𐌹𐌸 𐌹𐌽 𐌿𐍃𐍃𐍄𐌰𐍃𐍃𐌰𐌹 𐌹𐌽 𐌸𐌰𐌼𐌼𐌰 𐍃𐍀𐌴𐌳𐌹𐍃𐍄𐌹𐌽 𐌳𐌰𐌲𐌰.
John,11,25,"𐌵𐌰𐌸 𐌸𐌰𐌽 𐌹𐌴𐍃𐌿𐍃: 𐌹𐌺 𐌹𐌼 𐍃𐍉 𐌿𐍃𐍃𐍄𐌰𐍃𐍃 𐌾𐌰𐌷 𐌻𐌹𐌱𐌰𐌹𐌽𐍃; 𐍃𐌰𐌴𐌹 𐌲𐌰𐌻𐌰𐌿𐌱𐌴𐌹𐌸 𐌳𐌿 𐌼𐌹𐍃, 𐌸𐌰𐌿𐌷 𐌲𐌰~𐌱𐌰~𐌳𐌰𐌿𐌸𐌽𐌹𐌸, 𐌻𐌹𐌱𐌰𐌹𐌳;"
John,11,26,"𐌾𐌰𐌷 𐍈𐌰𐌶𐌿𐌷 𐍃𐌰𐌴𐌹 𐌻𐌹𐌱𐌰𐌹𐌸 𐌾𐌰𐌷 𐌲𐌰𐌻𐌰𐌿𐌱𐌴𐌹𐌸 𐌳𐌿 𐌼𐌹𐍃, 𐌽𐌹 𐌲𐌰𐌳𐌰𐌿𐌸𐌽𐌹𐌸 𐌰𐌹𐍅. 𐌲𐌰𐌻𐌰𐌿𐌱𐌴𐌹𐍃 𐌸𐌰𐍄𐌰?"
John,11,27,"𐌵𐌰𐌸 𐌹𐌼𐌼𐌰: 𐌾𐌰𐌹, 𐍆𐍂𐌰𐌿𐌾𐌰, 𐌹𐌺 𐌲𐌰𐌻𐌰𐌿𐌱𐌹𐌳𐌰 𐌸𐌰𐍄𐌴𐌹 𐌸𐌿 𐌹𐍃 𐍇𐍂𐌹𐍃𐍄𐌿𐍃, 𐍃𐌿𐌽𐌿𐍃 𐌲𐌿𐌳𐌹𐍃, 𐍃𐌰 𐌹𐌽 𐌸𐌰𐌽𐌰 𐍆𐌰𐌹𐍂𐍈𐌿 𐌵𐌹𐌼𐌰𐌽𐌳𐌰."
John,11,28,"𐌾𐌰𐌷 𐌸𐌰𐍄𐌰 𐌵𐌹𐌸𐌰𐌽𐌳𐌴𐌹 𐌲𐌰𐌻𐌰𐌹𐌸 𐌾𐌰𐌷 𐍅𐍉𐍀𐌹𐌳𐌰 𐌼𐌰𐍂𐌾𐌰𐌽, 𐍃𐍅𐌹𐍃𐍄𐌰𐍂 𐍃𐌴𐌹𐌽𐌰, 𐌸𐌹𐌿𐌱𐌾𐍉 𐌵𐌹𐌸𐌰𐌽𐌳𐌴𐌹: 𐌻𐌰𐌹𐍃𐌰𐍂𐌴𐌹𐍃 𐌵𐌰𐌼 𐌾𐌰𐌷 𐌷𐌰𐌹𐍄𐌹𐌸 𐌸𐌿𐌺."
John,11,29,"𐌹𐌸 𐌾𐌰𐌹𐌽𐌰, 𐍃𐌿𐌽𐍃𐌴𐌹 𐌷𐌰𐌿𐍃𐌹𐌳𐌰, 𐌿𐍂𐍂𐌰𐌹𐍃 𐍃𐍀𐍂𐌰𐌿𐍄𐍉 𐌾𐌰𐌷 𐌹𐌳𐌳𐌾𐌰 𐌳𐌿 𐌹𐌼𐌼𐌰."
John,11,30,"𐌽𐌹𐌸~𐌸𐌰𐌽 𐌽𐌰𐌿𐌷𐌸𐌰𐌽𐌿𐌷 𐌵𐌰𐌼 𐌹𐌴𐍃𐌿𐍃 𐌹𐌽 𐍅𐌴𐌹𐌷𐍃𐌰, 𐌰𐌺 𐍅𐌰𐍃 𐌽𐌰𐌿𐌷𐌸𐌰𐌽𐌿𐌷 𐌹𐌽 𐌸𐌰𐌼𐌼𐌰 𐍃𐍄𐌰𐌳𐌰 𐌸𐌰𐍂𐌴𐌹 𐌲𐌰𐌼𐍉𐍄𐌹𐌳𐌰 𐌹𐌼𐌼𐌰 𐌼𐌰𐍂𐌸𐌰."
John,11,31,"𐌹𐌿𐌳𐌰𐌹𐌴𐌹𐍃 𐌸𐌰𐌽 𐌸𐌰𐌹 𐍅𐌹𐍃𐌰𐌽𐌳𐌰𐌽𐍃 𐌼𐌹𐌸 𐌹𐌶𐌰𐌹 𐌹𐌽 𐌲𐌰𐍂𐌳𐌰 𐌸𐍂𐌰𐍆𐍃𐍄𐌾𐌰𐌽𐌳𐌰𐌽𐍃 𐌹𐌾𐌰, 𐌲𐌰𐍃𐌰𐌹𐍈𐌰𐌽𐌳𐌰𐌽𐍃 𐌼𐌰𐍂𐌾𐌰𐌽 𐌸𐌰𐍄𐌴𐌹 𐍃𐍀𐍂𐌰𐌿𐍄𐍉 𐌿𐍃𐍃𐍄𐍉𐌸 𐌾𐌰𐌷 𐌿𐍃𐌹𐌳𐌳𐌾𐌰, 𐌹𐌳𐌳𐌾𐌴𐌳𐌿𐌽𐌿𐌷 𐌰𐍆𐌰𐍂 𐌹𐌶𐌰𐌹 𐌵𐌹𐌸𐌰𐌽𐌳𐌰𐌽𐍃 𐌸𐌰𐍄𐌴𐌹 𐌲𐌰𐌲𐌲𐌹𐌸 𐌳𐌿 𐌷𐌻𐌰𐌹𐍅𐌰, 𐌴𐌹 𐌲𐍂𐌴𐌹𐍄𐌰𐌹 𐌾𐌰𐌹𐌽𐌰𐍂."
John,11,32,"𐌹𐌸 𐌼𐌰𐍂𐌾𐌰, 𐍃𐌿𐌽𐍃𐌴𐌹 𐌵𐌰𐌼 𐌸𐌰𐍂𐌴𐌹 𐍅𐌰𐍃 𐌹𐌴𐍃𐌿𐍃, 𐌲𐌰𐍃𐌰𐌹𐍈𐌰𐌽𐌳𐌴𐌹 𐌹𐌽𐌰 𐌳𐍂𐌰𐌿𐍃 𐌹𐌼𐌼𐌰 𐌳𐌿 𐍆𐍉𐍄𐌿𐌼 𐌵𐌹𐌸𐌰𐌽𐌳𐌴𐌹 𐌳𐌿 𐌹𐌼𐌼𐌰: 𐍆𐍂𐌰𐌿𐌾𐌰, 𐌹𐌸 𐍅𐌴𐌹𐍃𐌴𐌹𐍃 𐌷𐌴𐍂, 𐌽𐌹 𐌸𐌰𐌿𐌷 𐌲𐌰𐍃𐍅𐌿𐌻𐍄𐌹 𐌼𐌴𐌹𐌽𐍃 𐌱𐍂𐍉𐌸𐌰𐍂."
John,11,33,"𐌸𐌰𐌽𐌿𐌷 𐌹𐌴𐍃𐌿𐍃, 𐍃𐌿𐌽𐍃𐌴𐌹 𐌲𐌰𐍃𐌰𐍈 𐌹𐌾𐌰 𐌲𐍂𐌴𐌹𐍄𐌰𐌽𐌳𐌴𐌹𐌽 𐌾𐌰𐌷 𐌹𐌿𐌳𐌰𐌹𐌿𐌽𐍃 𐌸𐌰𐌹𐌴𐌹 𐌵𐌴𐌼𐌿𐌽 𐌼𐌹𐌸 𐌹𐌶𐌰𐌹 𐌲𐍂𐌴𐍄𐌰𐌽𐌳𐌰𐌽𐍃, 𐌹𐌽𐍂𐌰𐌿𐌷𐍄𐌹𐌳𐌰 𐌰𐌷𐌼𐌹𐌽 𐌾𐌰𐌷 𐌹𐌽𐍅𐌰𐌲𐌹𐌳𐌰 𐍃𐌹𐌺 𐍃𐌹𐌻𐌱𐌰𐌽."
John,11,34,"𐌾𐌰𐌷 𐌵𐌰𐌸: 𐍈𐌰𐍂 𐌻𐌰𐌲𐌹𐌳𐌴𐌳𐌿𐌸 𐌹𐌽𐌰? 𐌵𐌴𐌸𐌿𐌽 𐌳𐌿 𐌹𐌼𐌼𐌰: 𐍆𐍂𐌰𐌿𐌾𐌰, 𐌷𐌹𐍂𐌹 𐌾𐌰𐌷 𐍃𐌰𐌹𐍈."
John,11,35,𐌾𐌰𐌷 𐍄𐌰𐌲𐍂𐌹𐌳𐌰 𐌹𐌴𐍃𐌿𐍃.
John,11,36,"𐌸𐌰𐍂𐌿𐌷 𐌵𐌴𐌸𐌿𐌽 𐌸𐌰𐌹 𐌹𐌿𐌳𐌰𐌹𐌴𐌹𐍃: 𐍃𐌰𐌹, 𐍈𐌰𐌹𐍅𐌰 𐍆𐍂𐌹𐍉𐌳𐌰 𐌹𐌽𐌰."
John,11,37,𐍃𐌿𐌼𐌰𐌹 𐌸𐌰𐌽 𐌹𐌶𐌴 𐌵𐌴𐌸𐌿𐌽: 𐌽𐌹𐌿 𐌼𐌰𐌷𐍄𐌰 𐍃𐌰 𐌹𐌶𐌴𐌹 𐌿𐍃𐌻𐌰𐌿𐌺 𐌰𐌿𐌲𐍉𐌽𐌰 𐌸𐌰𐌼𐌼𐌰 𐌱𐌻𐌹𐌽𐌳𐌹𐌽 𐌲𐌰𐍄𐌰𐌿𐌾𐌰𐌽 𐌴𐌹 𐌾𐌰𐌷 𐍃𐌰 𐌽𐌹 𐌲𐌰𐌳𐌰𐌿𐌸𐌽𐍉𐌳𐌴𐌳𐌹?
John,11,38,𐌸𐌰𐌽𐌿𐌷 𐌹𐌴𐍃𐌿𐍃 𐌰𐍆𐍄𐍂𐌰 𐌹𐌽𐍂𐌰𐌿𐌷𐍄𐌹𐌸𐍃 𐌹𐌽 𐍃𐌹𐍃 𐍃𐌹𐌻𐌱𐌹𐌽 𐌲𐌰𐌲𐌲𐌹𐌸 𐌳𐌿 𐌸𐌰𐌼𐌼𐌰 𐌷𐌻𐌰𐌹𐍅𐌰. 𐍅𐌰𐍃𐌿𐌷 𐌸𐌰𐌽 𐌷𐌿𐌻𐌿𐌽𐌳𐌹 𐌾𐌰𐌷 𐍃𐍄𐌰𐌹𐌽𐌰 𐌿𐍆𐌰𐍂𐌻𐌰𐌲𐌹𐌳𐌰 𐍅𐌰𐍃 𐌿𐍆𐌰𐍂𐍉.
John,11,39,"𐌵𐌰𐌸 𐌹𐌴𐍃𐌿𐍃: 𐌰𐍆𐌽𐌹𐌼𐌹𐌸 𐌸𐌰𐌽𐌰 𐍃𐍄𐌰𐌹𐌽. 𐌵𐌰𐌸 𐌳𐌿 𐌹𐌼𐌼𐌰 𐍃𐍅𐌹𐍃𐍄𐌰𐍂 𐌸𐌹𐍃 𐌳𐌰𐌿𐌸𐌹𐌽𐍃 𐌼𐌰𐍂𐌸𐌰: 𐍆𐍂𐌰𐌿𐌾𐌰, 𐌾𐌿 𐍆𐌿𐌻𐍃 𐌹𐍃𐍄; 𐍆𐌹𐌳𐌿𐍂𐌳𐍉𐌲𐍃 𐌰𐌿𐌺 𐌹𐍃𐍄."
John,11,40,"𐌵𐌰𐌸 𐌹𐌶𐌰𐌹 𐌹𐌴𐍃𐌿𐍃: 𐌽𐌹𐌿 𐌵𐌰𐌸 𐌸𐌿𐍃 𐌸𐌰𐍄𐌴𐌹 𐌾𐌰𐌱𐌰𐌹 𐌲𐌰𐌻𐌰𐌿𐌱𐌴𐌹𐍃, 𐌲𐌰𐍃𐌰𐌹𐍈𐌹𐍃 𐍅𐌿𐌻𐌸𐌿 𐌲𐌿𐌳𐌹𐍃?"
John,11,41,"𐌿𐍃𐌷𐍉𐍆𐌿𐌽 𐌸𐌰𐌽 𐌸𐌰𐌽𐌰 𐍃𐍄𐌰𐌹𐌽 𐌸𐌰𐍂𐌴𐌹 𐍅𐌰𐍃. 𐌹𐌸 𐌹𐌴𐍃𐌿𐍃 𐌿𐌶𐌿𐌷𐌷𐍉𐍆 𐌰𐌿𐌲𐍉𐌽𐌰 𐌹𐌿𐍀 𐌾𐌰𐌷 𐌵𐌰𐌸: 𐌰𐍄𐍄𐌰, 𐌰𐍅𐌹𐌻𐌹𐌿𐌳𐍉 𐌸𐌿𐍃, 𐌿𐌽𐍄𐌴 𐌰𐌽𐌳𐌷𐌰𐌿𐍃𐌹𐌳𐌴𐍃 𐌼𐌹𐍃;"
John,11,42,"𐌾𐌰𐌷 𐌸𐌰𐌽 𐌹𐌺 𐍅𐌹𐍃𐍃𐌰 𐌸𐌰𐍄𐌴𐌹 𐍃𐌹𐌽𐍄𐌴𐌹𐌽𐍉 𐌼𐌹𐍃 𐌰𐌽𐌳𐌷𐌰𐌿𐍃𐌴𐌹𐍃; 𐌰𐌺𐌴𐌹 𐌹𐌽 𐌼𐌰𐌽𐌰𐌲𐌴𐌹𐌽𐍃 𐌸𐌹𐌶𐍉𐍃 𐌱𐌹𐍃𐍄𐌰𐌽𐌳𐌰𐌽𐌳𐌴𐌹𐌽𐍃 𐌵𐌰𐌸, 𐌴𐌹 𐌲𐌰𐌻𐌰𐌿𐌱𐌾𐌰𐌹𐌽𐌰 𐌸𐌰𐍄𐌴𐌹 𐌸𐌿 𐌼𐌹𐌺 𐌹𐌽𐍃𐌰𐌽𐌳𐌹𐌳𐌴𐍃."
John,11,43,"𐌾𐌰𐌷 𐌸𐌰𐍄𐌰 𐌵𐌹𐌸𐌰𐌽𐌳𐍃 𐍃𐍄𐌹𐌱𐌽𐌰𐌹 𐌼𐌹𐌺𐌹𐌻𐌰𐌹 𐌷𐍂𐍉𐍀𐌹𐌳𐌰: 𐌻𐌰𐌶𐌰𐍂𐌿, 𐌷𐌹𐍂𐌹 𐌿𐍄!"
John,11,44,"𐌾𐌰𐌷 𐌿𐍂𐍂𐌰𐌽𐌽 𐍃𐌰 𐌳𐌰𐌿𐌸𐌰 𐌲𐌰𐌱𐌿𐌽𐌳𐌰𐌽𐍃 𐌷𐌰𐌽𐌳𐌿𐌽𐍃 𐌾𐌰𐌷 𐍆𐍉𐍄𐌿𐌽𐍃 𐍆𐌰𐍃𐌺𐌾𐌰𐌼, 𐌾𐌰𐌷 𐍅𐌻𐌹𐍄𐍃 𐌹𐍃 𐌰𐌿𐍂𐌰𐌻𐌾𐌰 𐌱𐌹𐌱𐌿𐌽𐌳𐌰𐌽𐍃. 𐌵𐌰𐌸 𐌳𐌿 𐌹𐌼 𐌹𐌴𐍃𐌿𐍃: 𐌰𐌽𐌳𐌱𐌹𐌽𐌳𐌹𐌸 𐌹𐌽𐌰 𐌾𐌰𐌷 𐌻𐌴𐍄𐌹𐌸 𐌲𐌰𐌲𐌲𐌰𐌽."
John,11,45,"𐌸𐌰𐌽𐌿𐌷 𐌼𐌰𐌽𐌰𐌲𐌰𐌹 𐌸𐌹𐌶𐌴 𐌾𐌿𐌳𐌰𐌹𐌴𐌹 𐌸𐌰𐌹 𐌵𐌹𐌼𐌰𐌽𐌳𐌰𐌽𐍃 𐌰𐍄 𐌼𐌰𐍂𐌾𐌹𐌽 𐌾𐌰𐌷 𐍃𐌰𐌹𐍈𐌰𐌽𐌳𐌰𐌽𐍃 𐌸𐌰𐍄𐌴𐌹 𐌲𐌰𐍄𐌰𐍅𐌹𐌳𐌰, 𐌲𐌰𐌻𐌰𐌿𐌱𐌹𐌳𐌴𐌳𐌿𐌽 𐌹𐌼𐌼𐌰."
John,11,46,𐍃𐌿𐌼𐌰𐌹𐌸~𐌸𐌰𐌽 𐌹𐌶𐌴 𐌲𐌰𐌻𐌹𐌸𐌿𐌽 𐌳𐌿 𐍆𐌰𐍂𐌴𐌹𐍃𐌰𐌹𐌿𐌼 𐌾𐌰𐌷 𐌵𐌴𐌸𐌿𐌽 𐌳𐌿 𐌹𐌼 𐌸𐌰𐍄𐌴𐌹 𐌲𐌰𐍄𐌰𐍅𐌹𐌳𐌰 𐌹𐌴𐍃𐌿𐍃.
John,11,47,𐌲𐌰𐌻𐌴𐍃𐌿𐌽 𐌸𐌰𐌽 𐌸𐌰𐌹 𐌰𐌿𐌷𐌿𐌼𐌹𐍃𐍄𐌰𐌽𐍃 𐌲𐌿𐌳𐌾𐌰𐌽𐍃 𐌾𐌰𐌷 𐌸𐌰𐌹 𐍆𐌰𐍂𐌴𐌹(𐍃𐌰𐌹𐌴𐌹𐍃)....
John,11,48,
John,11,49,
John,11,50,
John,11,51,
John,11,52,
John,11,53,
John,11,54,
John,11,55,
John,11,56,
John,11,57,
John,12,1,".... 𐌹𐌽 𐌱𐌴𐌸𐌰𐌽𐌹𐌾𐌹𐌽, 𐌸𐌰𐍂𐌴𐌹 𐍅𐌰𐍃 𐌻𐌰𐌶𐌰𐍂𐌿𐍃 𐍃𐌰 𐌳𐌰𐌿𐌸𐌰, 𐌸𐌰𐌽𐌴𐌹 𐌿𐍂𐍂𐌰𐌹𐍃𐌹𐌳𐌰 𐌿𐍃 𐌳𐌰𐌿𐌸𐌰𐌹𐌼 𐌹𐌴𐍃𐌿𐍃."
John,12,2,"𐌸𐌰𐍂𐌿𐌷 𐌲𐌰𐍅𐌰𐌿𐍂𐌷𐍄𐌴𐌳𐌿𐌽 𐌹𐌼𐌼𐌰 𐌽𐌰𐌷𐍄𐌰𐌼𐌰𐍄 𐌾𐌰𐌹𐌽𐌰𐍂, 𐌾𐌰𐌷 𐌼𐌰𐍂𐌸𐌰 𐌰𐌽𐌳𐌱𐌰𐌷𐍄𐌹𐌳𐌰; 𐌹𐌸 𐌻𐌰𐌶𐌰𐍂𐌿𐍃 𐍅𐌰𐍃 𐍃𐌿𐌼𐍃 𐌸𐌹𐌶𐌴 𐌰𐌽𐌰𐌺𐌿𐌼𐌱𐌾𐌰𐌽𐌳𐌰𐌽𐌴 𐌼𐌹𐌸 𐌹𐌼𐌼𐌰."
John,12,3,𐌹𐌸 𐌼𐌰𐍂𐌾𐌰 𐌽𐌰𐌼 𐍀𐌿𐌽𐌳 𐌱𐌰𐌻𐍃𐌰𐌽𐌹𐍃 𐌽𐌰𐍂𐌳𐌰𐌿𐍃 𐍀𐌹𐍃𐍄𐌹𐌺𐌴𐌹𐌽𐌹𐍃 𐍆𐌹𐌻𐌿𐌲𐌰𐌻𐌰𐌿𐌱𐌹𐍃 𐌾𐌰𐌷 𐌲𐌰𐍃𐌰𐌻𐌱𐍉𐌳𐌰 𐍆𐍉𐍄𐌿𐌽𐍃 𐌹𐌴𐍃𐌿𐌰 𐌾𐌰𐌷 𐌱𐌹𐍃𐍅𐌰𐍂𐌱 𐍆𐍉𐍄𐌿𐌽𐍃 𐌹𐍃 𐍃𐌺𐌿𐍆𐍄𐌰 𐍃𐌴𐌹𐌽𐌰𐌼𐌼𐌰; 𐌹𐌸 𐍃𐌰 𐌲𐌰𐍂𐌳𐍃 𐍆𐌿𐌻𐌻𐍃 𐍅𐌰𐍂𐌸 𐌳𐌰𐌿𐌽𐌰𐌹𐍃 𐌸𐌹𐌶𐍉𐍃 𐍃𐌰𐌻𐌱𐍉𐌽𐌰𐌹𐍃.
John,12,4,"𐌵𐌰𐌸 𐌸𐌰𐌽 𐌰𐌹𐌽𐍃 𐌸𐌹𐌶𐌴 𐍃𐌹𐍀𐍉𐌽𐌾𐌴 𐌹𐍃, 𐌾𐌿𐌳𐌰𐍃 𐍃𐌴𐌹𐌼𐍉𐌽𐌹𐍃 𐍃𐌰 𐌹𐍃𐌺𐌰𐍂𐌹𐍉𐍄𐌴𐍃, 𐌹𐌶𐌴𐌹 𐍃𐌺𐌰𐍆𐍄𐌹𐌳𐌰 𐍃𐌹𐌺 𐌳𐌿 𐌲𐌰𐌻𐌴𐍅𐌾𐌰𐌽 𐌹𐌽𐌰:"
John,12,5,𐌳𐌿𐍈𐌴 𐌸𐌰𐍄𐌰 𐌱𐌰𐌻𐍃𐌰𐌽 𐌽𐌹 𐍆𐍂𐌰𐌱𐌰𐌿𐌷𐍄 𐍅𐌰𐍃 𐌹𐌽 ·𐍄· 𐍃𐌺𐌰𐍄𐍄𐌴 𐌾𐌰𐌷 𐍆𐍂𐌰𐌳𐌰𐌹𐌻𐌹𐌸 𐍅𐌴𐍃𐌹 𐌸𐌰𐍂𐌱𐌰𐌼?
John,12,6,"𐌸𐌰𐍄𐌿𐌸~𐌸𐌰𐌽 𐌵𐌰𐌸, 𐌽𐌹 𐌸𐌴𐌴𐌹 𐌹𐌽𐌰 𐌸𐌹𐌶𐌴 𐌸𐌰𐍂𐌱𐌰𐌽𐌴 𐌺𐌰𐍂𐌰 𐍅𐌴𐍃𐌹, 𐌰𐌺 𐌿𐌽𐍄𐌴 𐌸𐌹𐌿𐌱𐍃 𐍅𐌰𐍃 𐌾𐌰𐌷 𐌰𐍂𐌺𐌰 𐌷𐌰𐌱𐌰𐌹𐌳𐌰 𐌾𐌰𐌷 𐌸𐌰𐍄𐌰 𐌹𐌽𐌽𐍅𐌰𐌿𐍂𐍀𐌰𐌽𐍉 𐌱𐌰𐍂."
John,12,7,𐌵𐌰𐌸 𐌸𐌰𐌽 𐌹𐌴𐍃𐌿𐍃: 𐌻𐌴𐍄 𐌹𐌾𐌰; 𐌹𐌽 𐌳𐌰𐌲 𐌲𐌰𐍆𐌹𐌻𐌷𐌹𐍃 𐌼𐌴𐌹𐌽𐌹𐍃 𐍆𐌰𐍃𐍄𐌰𐌹𐌳𐌰 𐌸𐌰𐍄𐌰.
John,12,8,"𐌹𐌸 𐌸𐌰𐌽𐍃 𐌿𐌽𐌻𐌴𐌳𐌰𐌽𐍃 𐍃𐌹𐌽𐍄𐌴𐌹𐌽𐍉 𐌷𐌰𐌱𐌰𐌹𐌸 𐌼𐌹𐌸 𐌹𐌶𐍅𐌹𐍃, 𐌹𐌸 𐌼𐌹𐌺 𐌽𐌹 𐍃𐌹𐌽𐍄𐌴𐌹𐌽𐍉 𐌷𐌰𐌱𐌰𐌹𐌸."
John,12,9,"𐍆𐌰𐌽𐌸 𐌸𐌰𐌽 𐌼𐌰𐌽𐌰𐌲𐌴𐌹𐌽𐍃 𐍆𐌹𐌻𐌿 𐌹𐌿𐌳𐌰𐌹𐌴 𐌸𐌰𐍄𐌴𐌹 𐌹𐌴𐍃𐌿𐍃 𐌾𐌰𐌹𐌽𐌰𐍂 𐌹𐍃𐍄, 𐌾𐌰𐌷 𐌵𐌴𐌼𐌿𐌽, 𐌽𐌹 𐌹𐌽 𐌹𐌴𐍃𐌿𐌹𐍃 𐌰𐌹𐌽𐌹𐍃, 𐌰𐌺 𐌴𐌹 𐌾𐌰𐌷 𐌻𐌰𐌶𐌰𐍂𐌿 𐍃𐌴𐍈𐌴𐌹𐌽𐌰, 𐌸𐌰𐌽𐌴𐌹 𐌿𐍂𐍂𐌰𐌹𐍃𐌹𐌳𐌰 𐌿𐍃 𐌳𐌰𐌿𐌸𐌰𐌹𐌼."
John,12,10,"𐌼𐌿𐌽𐌰𐌹𐌳𐌴𐌳𐌿𐌽𐌿𐌸~𐌸𐌰𐌽 𐌰𐌿𐌺 𐌸𐌰𐌹 𐌰𐌿𐌷𐌿𐌼𐌹𐍃𐍄𐌰𐌽𐍃 𐌲𐌿𐌳𐌾𐌰𐌽𐍃, 𐌴𐌹 𐌾𐌰𐌷 𐌻𐌰𐌶𐌰𐍂𐌰𐌿 𐌿𐍃𐌵𐌴𐌼𐌴𐌹𐌽𐌰,"
John,12,11,𐌿𐌽𐍄𐌴 𐌼𐌰𐌽𐌰𐌲𐌰𐌹 𐌹𐌽 𐌸𐌹𐍃 𐌲𐌰𐍂𐌿𐌽𐌽𐌿𐌽 𐌹𐌿𐌳𐌰𐌹𐌴𐌹 𐌾𐌰𐌷 𐌲𐌰𐌻𐌰𐌿𐌱𐌹𐌳𐌴𐌳𐌿𐌽 𐌹𐌴𐍃𐌿𐌰.
John,12,12,"𐌹𐍆𐍄𐌿𐌼𐌹𐌽 𐌳𐌰𐌲𐌰 𐌼𐌰𐌽𐌰𐌲𐌴𐌹𐌽𐍃 𐍆𐌹𐌻𐌿 𐍃𐌴𐌹 𐌵𐌰𐌼 𐌰𐍄 𐌳𐌿𐌻𐌸𐌰𐌹, 𐌲𐌰𐌷𐌰𐌿𐍃𐌾𐌰𐌽𐌳𐌰𐌽𐍃 𐌸𐌰𐍄𐌴𐌹 𐌵𐌹𐌼𐌹𐌸 𐌹𐌴𐍃𐌿𐍃 𐌹𐌽 𐌹𐌰𐌹𐍂𐌰𐌿𐍃𐌰𐌿𐌻𐍅𐌼𐌰𐌹,"
John,12,13,"𐌽𐌴𐌼𐌿𐌽 𐌰𐍃𐍄𐌰𐌽𐍃 𐍀𐌴𐌹𐌺𐌰𐌱𐌰𐌲𐌼𐌴 𐌾𐌰𐌷 𐌿𐍂𐍂𐌿𐌽𐌽𐌿𐌽 𐍅𐌹𐌸𐍂𐌰𐌲𐌰𐌼𐍉𐍄𐌾𐌰𐌽 𐌹𐌼𐌼𐌰 𐌾𐌰𐌷 𐌷𐍂𐍉𐍀𐌹𐌳𐌴𐌳𐌿𐌽: 𐍉𐍃𐌰𐌽𐌽𐌰, 𐌸𐌹𐌿𐌸𐌹𐌳𐌰 𐍃𐌰 𐌵𐌹𐌼𐌰𐌽𐌳𐌰 𐌹𐌽 𐌽𐌰𐌼𐌹𐌽 𐍆𐍂𐌰𐌿𐌾𐌹𐌽𐍃, 𐌸𐌹𐌿𐌳𐌰𐌽𐍃 𐌹𐍃𐍂𐌰𐌴𐌻𐌹𐍃."
John,12,14,"𐌱𐌹𐌲𐌰𐍄 𐌸𐌰𐌽 𐌹𐌴𐍃𐌿𐍃 𐌰𐍃𐌹𐌻𐌿, 𐌲𐌰𐍃𐌰𐍄 𐌰𐌽𐌰 𐌹𐌽𐌰, 𐍃𐍅𐌰𐍃𐍅𐌴 𐌹𐍃𐍄 𐌲𐌰𐌼𐌴𐌻𐌹𐌸:"
John,12,15,"𐌽𐌹 𐍉𐌲𐍃 𐌸𐌿𐍃, 𐌳𐌰𐌿𐌷𐍄𐌰𐍂 𐍃𐌹𐍉𐌽, 𐍃𐌰𐌹, 𐌸𐌹𐌿𐌳𐌰𐌽𐍃 𐌸𐌴𐌹𐌽𐍃 𐌵𐌹𐌼𐌹𐌸 𐍃𐌹𐍄𐌰𐌽𐌳𐍃 𐌰𐌽𐌰 𐍆𐌿𐌻𐌹𐌽 𐌰𐍃𐌹𐌻𐌰𐌿𐍃."
John,12,16,"𐌸𐌰𐍄𐌿𐌸~𐌸𐌰𐌽 𐌽𐌹 𐌺𐌿𐌽𐌸𐌴𐌳𐌿𐌽 𐍃𐌹𐍀𐍉𐌽𐌾𐍉𐍃 𐌹𐍃 𐍆𐍂𐌿𐌼𐌹𐍃𐍄; 𐌰𐌺 𐌱𐌹𐌸𐌴 𐌲𐌰𐍃𐍅𐌴𐍂𐌰𐌹𐌸𐍃 𐍅𐌰𐍃 𐌹𐌴𐍃𐌿𐍃, 𐌸𐌰𐌽𐌿𐌷 𐌲𐌰𐌼𐌿𐌽𐌳𐌴𐌳𐌿𐌽 𐌸𐌰𐍄𐌴𐌹 𐌸𐌰𐍄𐌰 𐍅𐌰𐍃 𐌳𐌿 𐌸𐌰𐌼𐌼𐌰 𐌲𐌰𐌼𐌴𐌻𐌹𐌸, 𐌾𐌰𐌷 𐌸𐌰𐍄𐌰 𐌲𐌰𐍄𐌰𐍅𐌹𐌳𐌴𐌳𐌿𐌽 𐌹𐌼𐌼𐌰."
John,12,17,"𐍅𐌴𐌹𐍄𐍅𐍉𐌳𐌹𐌳𐌰 𐌸𐌰𐌽 𐍃𐍉 𐌼𐌰𐌽𐌰𐌲𐌴𐌹, 𐍃𐌴𐌹 𐍅𐌰𐍃 𐌼𐌹𐌸 𐌹𐌼𐌼𐌰, 𐌸𐌰𐌽 𐌻𐌰𐌶𐌰𐍂𐌿 𐍅𐍉𐍀𐌹𐌳𐌰 𐌿𐍃 𐌷𐌻𐌰𐌹𐍅𐌰 𐌾𐌰𐌷 𐌿𐍂𐍂𐌰𐌹𐍃𐌹𐌳𐌰 𐌹𐌽𐌰 𐌿𐍃 𐌳𐌰𐌿𐌸𐌰𐌹𐌼."
John,12,18,"𐌳𐌿𐌸𐌸𐌴 𐌹𐌳𐌳𐌾𐌴𐌳𐌿𐌽 𐌲𐌰𐌼𐍉𐍄𐌾𐌰𐌽 𐌹𐌼𐌼𐌰 𐌼𐌰𐌽𐌰𐌲𐌴𐌹, 𐌿𐌽𐍄𐌴 𐌷𐌰𐌿𐍃𐌹𐌳𐌴𐌳𐌿𐌽 𐌴𐌹 𐌲𐌰𐍄𐌰𐍅𐌹𐌳𐌴𐌳𐌹 𐌸𐍉 𐍄𐌰𐌹𐌺𐌽."
John,12,19,"𐌸𐌰𐌽𐌿𐌷 𐌸𐌰𐌹 𐍆𐌰𐍂𐌴𐌹𐍃𐌰𐌹𐌴𐌹𐍃 𐌵𐌴𐌸𐌿𐌽 𐌳𐌿 𐍃𐌹𐍃 𐌼𐌹𐍃𐍃𐍉: 𐍃𐌰𐌹𐍈𐌹𐌸 𐌸𐌰𐍄𐌴𐌹 𐌽𐌹 𐌱𐍉𐍄𐌴𐌹𐌸 𐍅𐌰𐌹𐌷𐍄; 𐍃𐌰𐌹, 𐍃𐍉 𐌼𐌰𐌽𐌰𐍃𐌴𐌳𐍃 𐌰𐍆𐌰𐍂 𐌹𐌼𐌼𐌰 𐌲𐌰𐌻𐌰𐌹𐌸."
John,12,20,"𐍅𐌴𐍃𐌿𐌽𐌿𐌸~𐌸𐌰𐌽 𐍃𐌿𐌼𐌰𐌹 𐌸𐌹𐌿𐌳𐍉 𐌸𐌹𐌶𐌴 𐌿𐍂𐍂𐌹𐌽𐌽𐌰𐌽𐌳𐌰𐌽𐌴, 𐌴𐌹 𐌹𐌽𐍅𐌹𐍄𐌴𐌹𐌽𐌰 𐌹𐌽 𐌸𐌹𐌶𐌰𐌹 𐌳𐌿𐌻𐌸𐌰𐌹."
John,12,21,"𐌸𐌰𐌹 𐌰𐍄𐌹𐌳𐌳𐌾𐌴𐌳𐌿𐌽 𐌳𐌿 𐍆𐌹𐌻𐌹𐍀𐍀𐌰𐌿, 𐌸𐌰𐌼𐌼𐌰 𐍆𐍂𐌰𐌼 𐌱𐌴𐌸𐍃𐌰𐌴𐌹𐌳𐌰 𐌲𐌰𐌻𐌴𐌹𐌻𐌰𐌹𐌴, 𐌾𐌰𐌷 𐌱𐌴𐌳𐌿𐌽 𐌹𐌽𐌰 𐌵𐌹𐌸𐌰𐌽𐌳𐌰𐌽𐍃: 𐍆𐍂𐌰𐌿𐌾𐌰, 𐍅𐌹𐌻𐌴𐌹𐌼𐌰 𐌹𐌴𐍃𐌿 𐌲𐌰𐍃𐌰𐌹𐍈𐌰𐌽."
John,12,22,"𐌲𐌰𐌲𐌲𐌹𐌸 𐍆𐌹𐌻𐌹𐍀𐍀𐌿𐍃 𐌾𐌰𐌷 𐌵𐌹𐌸𐌹𐌸 𐌳𐌿 𐌰𐌽𐌳𐍂𐌰𐌹𐌹𐌽, 𐌾𐌰𐌷 𐌰𐍆𐍄𐍂𐌰 𐌰𐌽𐌳𐍂𐌰𐌹𐌰𐍃 𐌾𐌰𐌷 𐍆𐌹𐌻𐌹𐍀𐍀𐌿𐍃 𐌵𐌴𐌸𐌿𐌽 𐌳𐌿 𐌹𐌴𐍃𐌿𐌰."
John,12,23,𐌹𐌸 𐌹𐌴𐍃𐌿𐍃 𐌰𐌽𐌳𐌷𐍉𐍆 𐌹𐌼 𐌵𐌹𐌸𐌰𐌽𐌳𐍃: 𐌵𐌰𐌼 𐍈𐌴𐌹𐌻𐌰 𐌴𐌹 𐍃𐍅𐌴𐍂𐌰𐌹𐌳𐌰𐌿 𐍃𐌿𐌽𐌿𐍃 𐌼𐌰𐌽𐍃.
John,12,24,"𐌰𐌼𐌴𐌽 𐌰𐌼𐌴𐌽 𐌵𐌹𐌸𐌰 𐌹𐌶𐍅𐌹𐍃: 𐌽𐌹𐌱𐌰𐌹 𐌺𐌰𐌿𐍂𐌽𐍉 𐍈𐌰𐌹𐍄𐌴𐌹𐍃 𐌲𐌰𐌳𐍂𐌹𐌿𐍃𐌰𐌽𐌳𐍉 𐌹𐌽 𐌰𐌹𐍂𐌸𐌰 𐌲𐌰𐍃𐍅𐌹𐌻𐍄𐌹𐌸, 𐍃𐌹𐌻𐌱𐍉 𐌰𐌹𐌽𐌰𐍄𐌰 𐌰𐍆𐌻𐌹𐍆𐌽𐌹𐌸: 𐌹𐌸 𐌾𐌰𐌱𐌰𐌹 𐌲𐌰𐍃𐍅𐌹𐌻𐍄𐌹𐌸, 𐌼𐌰𐌽𐌰𐌲 𐌰𐌺𐍂𐌰𐌽 𐌱𐌰𐌹𐍂𐌹𐌸."
John,12,25,"𐍃𐌰𐌴𐌹 𐍆𐍂𐌹𐌾𐍉𐌸 𐍃𐌰𐌹𐍅𐌰𐌻𐌰 𐍃𐌴𐌹𐌽𐌰, 𐍆𐍂𐌰𐌵𐌹𐍃𐍄𐌴𐌹𐌸 𐌹𐌶𐌰𐌹, 𐌾𐌰𐌷 𐍃𐌰𐌴𐌹 𐍆𐌹𐌰𐌹𐌸 𐍃𐌰𐌹𐍅𐌰𐌻𐌰 𐍃𐌴𐌹𐌽𐌰 𐌹𐌽 𐌸𐌰𐌼𐌼𐌰 𐍆𐌰𐌹𐍂𐍈𐌰𐌿, 𐌹𐌽 𐌻𐌹𐌱𐌰𐌹𐌽𐌰𐌹 𐌰𐌹𐍅𐌴𐌹𐌽𐍉𐌽 𐌱𐌰𐌹𐍂𐌲𐌹𐌸 𐌹𐌶𐌰𐌹."
John,12,26,"𐌾𐌰𐌱𐌰𐌹 𐌼𐌹𐍃 𐍈𐌰𐍃 𐌰𐌽𐌳𐌱𐌰𐌷𐍄𐌾𐌰𐌹, 𐌼𐌹𐌺 𐌻𐌰𐌹𐍃𐍄𐌾𐌰𐌹: 𐌾𐌰𐌷 𐌸𐌰𐍂𐌴𐌹 𐌹𐌼 𐌹𐌺, 𐌸𐌰𐍂𐌿𐌷 𐍃𐌰 𐌰𐌽𐌳𐌱𐌰𐌷𐍄𐍃 𐌼𐌴𐌹𐌽𐍃 𐍅𐌹𐍃𐌰𐌽 𐌷𐌰𐌱𐌰𐌹𐌸; 𐌾𐌰𐌷 𐌾𐌰𐌱𐌰𐌹 𐍈𐌰𐍃 𐌼𐌹𐍃 𐌰𐌽𐌳𐌱𐌰𐌷𐍄𐌹𐌸, 𐍃𐍅𐌴𐍂𐌰𐌹𐌸 𐌹𐌽𐌰 𐌰𐍄𐍄𐌰."
John,12,27,"𐌽𐌿 𐍃𐌰𐌹𐍅𐌰𐌻𐌰 𐌼𐌴𐌹𐌽𐌰 𐌲𐌰𐌳𐍂𐍉𐌱𐌽𐍉𐌳𐌰, 𐌾𐌰𐌷 𐍈𐌰 𐌵𐌹𐌸𐌰𐌿? 𐌰𐍄𐍄𐌰, 𐌽𐌰𐍃𐌴𐌹 𐌼𐌹𐌺 𐌿𐍃 𐌸𐌹𐌶𐌰𐌹 𐍈𐌴𐌹𐌻𐌰𐌹. 𐌰𐌺𐌴𐌹 𐌳𐌿𐌸𐌸𐌴 𐌵𐌰𐌼 𐌹𐌽 𐌸𐌹𐌶𐌰𐌹 𐍈𐌴𐌹𐌻𐌰𐌹."
John,12,28,"𐌰𐍄𐍄𐌰, 𐌷𐌰𐌿𐌷𐌴𐌹 𐌽𐌰𐌼𐍉 𐌸𐌴𐌹𐌽𐌰𐍄𐌰! 𐌵𐌰𐌼 𐌸𐌰𐌽 𐍃𐍄𐌹𐌱𐌽𐌰 𐌿𐍃 𐌷𐌹𐌼𐌹𐌽𐌰: 𐌾𐌰𐌷 𐌷𐌰𐌿𐌷𐌹𐌳𐌰 𐌾𐌰𐌷 𐌰𐍆𐍄𐍂𐌰 𐌷𐌰𐌿𐌷𐌾𐌰."
John,12,29,"𐌼𐌰𐌽𐌰𐌲𐌴𐌹 𐌸𐌰𐌽 𐍃𐌴𐌹 𐍃𐍄𐍉𐌸 𐌲𐌰𐌷𐌰𐌿𐍃𐌾𐌰𐌽𐌳𐌴𐌹, 𐌵𐌴𐌸𐌿𐌽 𐌸𐌴𐌹𐍈𐍉𐌽 𐍅𐌰𐌹𐍂𐌸𐌰𐌽; 𐍃𐌿𐌼𐌰𐌹𐌷 𐌵𐌴𐌸𐌿𐌽: 𐌰𐌲𐌲𐌹𐌻𐌿𐍃 𐌳𐌿 𐌹𐌼𐌼𐌰 𐍂𐍉𐌳𐌹𐌳𐌰."
John,12,30,"𐌰𐌽𐌳𐌷𐍉𐍆 𐌹𐌴𐍃𐌿𐍃 𐌾𐌰𐌷 𐌵𐌰𐌸: 𐌽𐌹 𐌹𐌽 𐌼𐌴𐌹𐌽𐌰 𐍃𐍉 𐍃𐍄𐌹𐌱𐌽𐌰 𐍅𐌰𐍂𐌸, 𐌰𐌺 𐌹𐌽 𐌹𐌶𐍅𐌰𐍂𐌰."
John,12,31,"𐌽𐌿 𐍃𐍄𐌰𐌿𐌰 𐌹𐍃𐍄 𐌸𐌹𐌶𐌰𐌹 𐌼𐌰𐌽𐌰𐍃𐌴𐌳𐌰𐌹, 𐌽𐌿 𐍃𐌰 𐍂𐌴𐌹𐌺𐍃 𐌸𐌹𐍃 𐍆𐌰𐌹𐍂𐍈𐌰𐌿𐍃 𐌿𐍃𐍅𐌰𐌹𐍂𐍀𐌰𐌳𐌰 𐌿𐍄."
John,12,32,"𐌾𐌰𐌷 𐌹𐌺 𐌾𐌰𐌱𐌰𐌹 𐌿𐍃𐌷𐌰𐌿𐌷𐌾𐌰𐌳𐌰 𐌰𐍆 𐌰𐌹𐍂𐌸𐌰𐌹, 𐌰𐌻𐌻𐌰 𐌰𐍄𐌸𐌹𐌽𐍃𐌰 𐌳𐌿 𐌼𐌹𐍃."
John,12,33,𐌸𐌰𐍄𐌿𐌸~𐌸𐌰𐌽 𐌵𐌰𐌸 𐌱𐌰𐌽𐌳𐍅𐌾𐌰𐌽𐌳𐍃 𐍈𐌹𐌻𐌴𐌹𐌺𐌰𐌼𐌼𐌰 𐌳𐌰𐌿𐌸𐌰𐌿 𐍃𐌺𐌿𐌻𐌳𐌰 𐌲𐌰𐌳𐌰𐌿𐌸𐌽𐌰𐌽.
John,12,34,𐌰𐌽𐌳𐌷𐍉𐍆 𐌹𐌼𐌼𐌰 𐍃𐍉 𐌼𐌰𐌽𐌰𐌲𐌴𐌹: 𐍅𐌴𐌹𐍃 𐌷𐌰𐌿𐍃𐌹𐌳𐌴𐌳𐌿𐌼 𐌰𐌽𐌰 𐍅𐌹𐍄𐍉𐌳𐌰 𐌸𐌰𐍄𐌴𐌹 𐍇𐍂𐌹𐍃𐍄𐌿𐍃 𐍃𐌹𐌾𐌰𐌹 𐌳𐌿 𐌰𐌹𐍅𐌰; 𐌾𐌰𐌷 𐍈𐌰𐌹𐍅𐌰 𐌸𐌿 𐌵𐌹𐌸𐌹𐍃 𐌸𐌰𐍄𐌴𐌹 𐍃𐌺𐌿𐌻𐌳𐍃 𐌹𐍃𐍄 𐌿𐍃𐌷𐌰𐌿𐌷𐌾𐌰𐌽 𐍃𐌰 𐍃𐌿𐌽𐌿𐍃 𐌼𐌰𐌽𐍃? 𐍈𐌰𐍃 𐌹𐍃𐍄 𐍃𐌰 𐍃𐌿𐌽𐌿𐍃 𐌼𐌰𐌽𐍃?
John,12,35,"𐌵𐌰𐌸 𐌸𐌰𐌽 𐌳𐌿 𐌹𐌼 𐌹𐌴𐍃𐌿𐍃: 𐌽𐌰𐌿𐌷 𐌻𐌴𐌹𐍄𐌹𐌻 𐌼𐌴𐌻 𐌻𐌹𐌿𐌷𐌰𐌸 𐌹𐌽 𐌹𐌶𐍅𐌹𐍃 𐌹𐍃𐍄. 𐌲𐌰𐌲𐌲𐌹𐌸 𐌸𐌰𐌽𐌳𐌴 𐌻𐌹𐌿𐌷𐌰𐌸 𐌷𐌰𐌱𐌰𐌹𐌸, 𐌴𐌹 𐍂𐌹𐌵𐌹𐌶 𐌹𐌶𐍅𐌹𐍃 𐌽𐌹 𐌲𐌰𐍆𐌰𐌷𐌰𐌹; 𐌾𐌰𐌷 𐍃𐌰𐌴𐌹 𐌲𐌰𐌲𐌲𐌹𐌸 𐌹𐌽 𐍂𐌹𐌵𐌹𐌶𐌰, 𐌽𐌹 𐍅𐌰𐌹𐍄 𐍈𐌰𐌸 𐌲𐌰𐌲𐌲𐌹𐌸."
John,12,36,"𐌸𐌰𐌽𐌳𐌴 𐌻𐌹𐌿𐌷𐌰𐌸 𐌷𐌰𐌱𐌰𐌹𐌸, 𐌲𐌰𐌻𐌰𐌿𐌱𐌴𐌹𐌸 𐌳𐌿 𐌻𐌹𐌿𐌷𐌰𐌳𐌰, 𐌴𐌹 𐍃𐌿𐌽𐌾𐌿𐍃 𐌻𐌹𐌿𐌷𐌰𐌳𐌹𐍃 𐍅𐌰𐌹𐍂𐌸𐌰𐌹𐌸. 𐌸𐌰𐍄𐌰 𐍂𐍉𐌳𐌹𐌳𐌰 𐌹𐌴𐍃𐌿𐍃, 𐌾𐌰𐌷 𐌲𐌰𐌻𐌰𐌹𐌸 𐌾𐌰𐌷 𐌲𐌰𐍆𐌰𐌻𐌷 𐍃𐌹𐌺 𐍆𐌰𐌿𐍂𐌰 𐌹𐌼."
John,12,37,"𐍃𐍅𐌰 𐍆𐌹𐌻𐌿 𐌹𐌼𐌼𐌰 𐍄𐌰𐌹𐌺𐌽𐌴 𐌲𐌰𐍄𐌰𐌿𐌾𐌰𐌽𐌳𐌹𐌽 𐌹𐌽 𐌰𐌽𐌳𐍅𐌰𐌹𐍂𐌸𐌾𐌰 𐌹𐌶𐌴, 𐌽𐌹 𐌲𐌰𐌻𐌰𐌿𐌱𐌹𐌳𐌴𐌳𐌿𐌽 𐌹𐌼𐌼𐌰,"
John,12,38,"𐌴𐌹 𐌸𐌰𐍄𐌰 𐍅𐌰𐌿𐍂𐌳 𐌴𐍃𐌰𐌴𐌹𐌹𐌽𐍃 𐍀𐍂𐌰𐌿𐍆𐌴𐍄𐌰𐌿𐍃 𐌿𐍃𐍆𐌿𐌻𐌻𐌽𐍉𐌳𐌴𐌳𐌹 𐌸𐌰𐍄𐌴𐌹 𐌵𐌰𐌸: 𐍆𐍂𐌰𐌿𐌾𐌰, 𐍈𐌰𐍃 𐌲𐌰𐌻𐌰𐌿𐌱𐌹𐌳𐌰 𐌷𐌰𐌿𐍃𐌴𐌹𐌽𐌰𐌹 𐌿𐌽𐍃𐌰𐍂𐌰𐌹? 𐌾𐌰𐌷 𐌰𐍂𐌼𐍃 𐍆𐍂𐌰𐌿𐌾𐌹𐌽𐍃 𐍈𐌰𐌼𐌼𐌰 𐌰𐌽𐌳𐌷𐌿𐌻𐌹𐌸𐍃 𐍅𐌰𐍂𐌸?"
John,12,39,𐌳𐌿𐌸𐌸𐌴 𐌽𐌹 𐌼𐌰𐌷𐍄𐌴𐌳𐌿𐌽 𐌲𐌰𐌻𐌰𐌿𐌱𐌾𐌰𐌽; 𐌿𐌽𐍄𐌴 𐌰𐍆𐍄𐍂𐌰 𐌵𐌰𐌸 𐌴𐍃𐌰𐌴𐌹𐌰𐍃:
John,12,40,"𐌲𐌰𐌱𐌻𐌹𐌽𐌳𐌹𐌳𐌰 𐌹𐌶𐌴 𐌰𐌿𐌲𐍉𐌽𐌰 𐌾𐌰𐌷 𐌲𐌰𐌳𐌰𐌿𐌱𐌹𐌳𐌰 𐌹𐌶𐌴 𐌷𐌰𐌹𐍂𐍄𐍉𐌽𐌰, 𐌴𐌹 𐌽𐌹 𐌲𐌰𐌿𐌼𐌹𐌳𐌴𐌳𐌴𐌹𐌽𐌰 𐌰𐌿𐌲𐌰𐌼 𐌾𐌰𐌷 𐍆𐍂𐍉𐌸𐌴𐌹𐌽𐌰 𐌷𐌰𐌹𐍂𐍄𐌹𐌽 𐌾𐌰𐌷 𐌲𐌰𐍅𐌰𐌽𐌳𐌹𐌳𐌴𐌳𐌴𐌹𐌽𐌰 𐌾𐌰𐌷 𐌲𐌰𐌽𐌰𐍃𐌹𐌳𐌴𐌳𐌾𐌰𐌿 𐌹𐌽𐍃."
John,12,41,"𐌸𐌰𐍄𐌰 𐌵𐌰𐌸 𐌴𐍃𐌰𐌴𐌹𐌰𐍃, 𐌸𐌰𐌽 𐍃𐌰𐍈 𐍅𐌿𐌻𐌸𐌿 𐌹𐍃 𐌾𐌰𐌷 𐍂𐍉𐌳𐌹𐌳𐌰 𐌱𐌹 𐌹𐌽𐌰."
John,12,42,"𐌸𐌰𐌽𐌿𐌷 𐌸𐌰𐌽 𐍃𐍅𐌴𐌸𐌰𐌿𐌷 𐌾𐌰𐌷 𐌿𐍃 𐌸𐌰𐌹𐌼 𐍂𐌴𐌹𐌺𐌰𐌼 𐌼𐌰𐌽𐌰𐌲𐌰𐌹 𐌲𐌰𐌻𐌰𐌿𐌱𐌹𐌳𐌴𐌳𐌿𐌽 𐌳𐌿 𐌹𐌼𐌼𐌰, 𐌰𐌺𐌴𐌹 𐍆𐌰𐌿𐍂𐌰 𐍆𐌰𐍂𐌴𐌹𐍃𐌰𐌹𐌿𐌼 𐌽𐌹 𐌰𐌽𐌳𐌷𐌰𐌹𐌷𐌰𐌹𐍄𐌿𐌽, 𐌴𐌹 𐌿𐍃 𐍃𐍅𐌽𐌰𐌲𐍉𐌲𐌴𐌹 𐌽𐌹 𐌿𐍃𐍅𐌰𐌿𐍂𐍀𐌰𐌽𐌰𐌹 𐍅𐌰𐌿𐍂𐌸𐌴𐌹𐌽𐌰."
John,12,43,𐍆𐍂𐌹𐌾𐍉𐌳𐌴𐌳𐌿𐌽 𐌰𐌿𐌺 𐌼𐌰𐌹𐍃 𐌷𐌰𐌿𐌷𐌴𐌹𐌽 𐌼𐌰𐌽𐌽𐌹𐍃𐌺𐌰 𐌸𐌰𐌿 𐌷𐌰𐌿𐌷𐌴𐌹𐌽 𐌲𐌿𐌳𐌹𐍃.
John,12,44,"𐌹𐌸 𐌹𐌴𐍃𐌿𐍃 𐌷𐍂𐍉𐍀𐌹𐌳𐌰 𐌾𐌰𐌷 𐌵𐌰𐌸: 𐍃𐌰𐌴𐌹 𐌲𐌰𐌻𐌰𐌿𐌱𐌴𐌹𐌸 𐌳𐌿 𐌼𐌹𐍃 𐌽𐌹 𐌲𐌰𐌻𐌰𐌿𐌱𐌴𐌹𐌸 𐌳𐌿 𐌼𐌹𐍃, 𐌰𐌺 𐌳𐌿 𐌸𐌰𐌼𐌼𐌰 𐍃𐌰𐌽𐌳𐌾𐌰𐌽𐌳𐌹𐌽 𐌼𐌹𐌺."
John,12,45,"𐌾𐌰𐌷 𐍃𐌰𐌴𐌹 𐍃𐌰𐌹𐍈𐌹𐌸 𐌼𐌹𐌺, 𐍃𐌰𐌹𐍈𐌹𐌸 𐌸𐌰𐌽𐌰 𐍃𐌰𐌽𐌳𐌾𐌰𐌽𐌳𐌰𐌽 𐌼𐌹𐌺."
John,12,46,"𐌹𐌺 𐌻𐌹𐌿𐌷𐌰𐌳 𐌹𐌽 𐌸𐌰𐌼𐌼𐌰 𐍆𐌰𐌹𐍂𐍈𐌰𐌿 𐌵𐌰𐌼, 𐌴𐌹 𐍈𐌰𐌶𐌿𐌷 𐍃𐌰𐌴𐌹 𐌲𐌰𐌻𐌰𐌿𐌱𐌾𐌰𐌹 𐌳𐌿 𐌼𐌹𐍃, 𐌹𐌽 𐍂𐌹𐌵𐌹𐌶𐌰 𐌽𐌹 𐍅𐌹𐍃𐌰𐌹."
John,12,47,"𐌾𐌰𐌷 𐌾𐌰𐌱𐌰𐌹 𐍈𐌰𐍃 𐌼𐌴𐌹𐌽𐌰𐌹𐌼 𐌷𐌰𐌿𐍃𐌾𐌰𐌹 𐍅𐌰𐌿𐍂𐌳𐌰𐌼 𐌾𐌰𐌷 𐌲𐌰𐌻𐌰𐌿𐌱𐌾𐌰𐌹, 𐌹𐌺 𐌽𐌹 𐍃𐍄𐍉𐌾𐌰 𐌹𐌽𐌰; 𐌽𐌹𐌷 𐌸𐌰𐌽 𐌵𐌰𐌼 𐌴𐌹 𐍃𐍄𐍉𐌾𐌰𐌿 𐌼𐌰𐌽𐌰𐍃𐌴𐌳, 𐌰𐌺 𐌴𐌹 𐌲𐌰𐌽𐌰𐍃𐌾𐌰𐌿 𐌼𐌰𐌽𐌰𐍃𐌴𐌳."
John,12,48,"𐍃𐌰𐌴𐌹 𐍆𐍂𐌰𐌺𐌰𐌽𐌽 𐌼𐌹𐍃 𐌾𐌰𐌷 𐌽𐌹 𐌰𐌽𐌳𐌽𐌹𐌼𐌹𐌸 𐍅𐌰𐌿𐍂𐌳𐌰 𐌼𐌴𐌹𐌽𐌰, 𐌷𐌰𐌱𐌰𐌹𐌳 𐌸𐌰𐌽𐌰 𐍃𐍄𐍉𐌾𐌰𐌽𐌳𐌰𐌽 𐍃𐌹𐌺. 𐍅𐌰𐌿𐍂𐌳 𐌸𐌰𐍄𐌴𐌹 𐍂𐍉𐌳𐌹𐌳𐌰, 𐌸𐌰𐍄𐌰 𐍃𐍄𐍉𐌾𐌹𐌸 𐌹𐌽𐌰 𐌹𐌽 𐍃𐍀𐌴𐌳𐌹𐍃𐍄𐌹𐌽 𐌳𐌰𐌲𐌰."
John,12,49,"𐌿𐌽𐍄𐌴 𐌹𐌺 𐌿𐍃 𐌼𐌹𐍃 𐍃𐌹𐌻𐌱𐌹𐌽 𐌽𐌹 𐍂𐍉𐌳𐌹𐌳𐌰, 𐌰𐌺 𐍃𐌰𐌴𐌹 𐍃𐌰𐌽𐌳𐌹𐌳𐌰 𐌼𐌹𐌺 𐌰𐍄𐍄𐌰, 𐍃𐌰𐌷 𐌼𐌹𐍃 𐌰𐌽𐌰𐌱𐌿𐍃𐌽 𐌰𐍄(𐌲𐌰𐍆)...."
John,12,50,
John,13,1,
John,13,2,
John,13,3,
John,13,4,
John,13,5,
John,13,6,
John,13,7,
John,13,8,
John,13,9,
John,13,10,
John,13,11,.... 𐌵𐌰𐌸: 𐌽𐌹 𐌰𐌻𐌻𐌰𐌹 𐌷𐍂𐌰𐌹𐌽𐌾𐌰𐌹 𐍃𐌹𐌾𐌿𐌸.
John,13,12,"𐌱𐌹𐌸𐌴𐌷 𐌸𐌰𐌽 𐌿𐍃𐌸𐍅𐍉𐌷 𐍆𐍉𐍄𐌿𐌽𐍃 𐌹𐌶𐌴 𐌾𐌰𐌷 𐌽𐌰𐌼 𐍅𐌰𐍃𐍄𐌾𐍉𐍃 𐍃𐌴𐌹𐌽𐍉𐍃, 𐌰𐌽𐌰𐌺𐌿𐌼𐌱𐌾𐌰𐌽𐌳𐍃 𐌰𐍆𐍄𐍂𐌰 𐌵𐌰𐌸 𐌳𐌿 𐌹𐌼: 𐍅𐌹𐍄𐌿𐌳𐌿 𐍈𐌰 𐌲𐌰𐍄𐌰𐍅𐌹𐌳𐌰 𐌹𐌶𐍅𐌹𐍃?"
John,13,13,"𐌾𐌿𐍃 𐍅𐍉𐍀𐌴𐌹𐌳 𐌼𐌹𐌺: 𐌻𐌰𐌹𐍃𐌰𐍂𐌴𐌹𐍃 𐌾𐌰𐌷 𐍆𐍂𐌰𐌿𐌾𐌰. 𐍅𐌰𐌹𐌻𐌰 𐌵𐌹𐌸𐌹𐌸, 𐌹𐌼 𐌰𐌿𐌺."
John,13,14,"𐌾𐌰𐌱𐌰𐌹 𐌽𐌿 𐌿𐍃𐌸𐍅𐍉𐌷 𐌹𐌶𐍅𐌹𐍃 𐍆𐍉𐍄𐌿𐌽𐍃, 𐍆𐍂𐌰𐌿𐌾𐌰 𐌾𐌰𐌷 𐌻𐌰𐌹𐍃𐌰𐍂𐌴𐌹𐍃, 𐌾𐌰𐌷 𐌾𐌿𐍃 𐍃𐌺𐌿𐌻𐌿𐌸 𐌹𐌶𐍅𐌹𐍃 𐌼𐌹𐍃𐍃𐍉 𐌸𐍅𐌰𐌷𐌰𐌽 𐍆𐍉𐍄𐌿𐌽𐍃."
John,13,15,"𐌳𐌿 𐍆𐍂𐌹𐍃𐌰𐌷𐍄𐌰𐌹 𐌰𐌿𐌺 𐌰𐍄𐌲𐌰𐍆 𐌹𐌶𐍅𐌹𐍃, 𐌴𐌹 𐍃𐍅𐌰𐍃𐍅𐌴 𐌹𐌺 𐌲𐌰𐍄𐌰𐍅𐌹𐌳𐌰 𐌹𐌶𐍅𐌹𐍃, 𐍃𐍅𐌰 𐌾𐌿𐍃 𐍄𐌰𐌿𐌾𐌰𐌹𐌸."
John,13,16,"𐌰𐌼𐌴𐌽 𐌰𐌼𐌴𐌽 𐌵𐌹𐌸𐌰 𐌹𐌶𐍅𐌹𐍃: 𐌽𐌹𐍃𐍄 𐍃𐌺𐌰𐌻𐌺𐍃 𐌼𐌰𐌹𐌶𐌰 𐍆𐍂𐌰𐌿𐌾𐌹𐌽 𐍃𐌴𐌹𐌽𐌰𐌼𐌼𐌰, 𐌽𐌹𐌷 𐌰𐍀𐌰𐌿𐍃𐍄𐌰𐌿𐌻𐌿𐍃 𐌼𐌰𐌹𐌶𐌰 𐌸𐌰𐌼𐌼𐌰 𐍃𐌰𐌽𐌳𐌾𐌰𐌽𐌳𐌹𐌽 𐍃𐌹𐌺."
John,13,17,"𐌸𐌰𐌽𐌳𐌴 𐌸𐌰𐍄𐌰 𐍅𐌹𐍄𐌿𐌸, 𐌰𐌿𐌳𐌰𐌲𐌰𐌹 𐍃𐌹𐌾𐌿𐌸, 𐌾𐌰𐌱𐌰𐌹 𐍄𐌰𐌿𐌾𐌹𐌸 𐌸𐌰𐍄𐌰."
John,13,18,"𐌽𐌹 𐌱𐌹 𐌰𐌻𐌻𐌰𐌽𐍃 𐌹𐌶𐍅𐌹𐍃 𐌵𐌹𐌸𐌰. 𐌹𐌺 𐍅𐌰𐌹𐍄 𐍈𐌰𐍂𐌾𐌰𐌽𐍃 𐌲𐌰𐍅𐌰𐌻𐌹𐌳𐌰; 𐌰𐌺 𐌴𐌹 𐌿𐍃𐍆𐌿𐌻𐌻𐌹𐌸 𐍅𐌰𐌿𐍂𐌸𐌹 𐌸𐌰𐍄𐌰 𐌲𐌰𐌼𐌴𐌻𐌹𐌳𐍉: 𐍃𐌰𐌴𐌹 𐌼𐌰𐍄𐌹𐌳𐌰 𐌼𐌹𐌸 𐌼𐌹𐍃 𐌷𐌻𐌰𐌹𐌱, 𐌿𐍃𐌷𐍉𐍆 𐌰𐌽𐌰 𐌼𐌹𐌺 𐍆𐌰𐌹𐍂𐌶𐌽𐌰 𐍃𐌴𐌹𐌽𐌰."
John,13,19,"𐍆𐍂𐌰𐌼 𐌷𐌹𐌼𐌼𐌰 𐌵𐌹𐌸𐌰 𐌹𐌶𐍅𐌹𐍃, 𐍆𐌰𐌿𐍂𐌸𐌹𐌶𐌴𐌹 𐍅𐌰𐌿𐍂𐌸𐌹, 𐌴𐌹 𐌱𐌹𐌸𐌴 𐍅𐌰𐌹𐍂𐌸𐌰𐌹, 𐌲𐌰𐌻𐌰𐌿𐌱𐌾𐌰𐌹𐌸 𐌸𐌰𐍄𐌴𐌹 𐌹𐌺 𐌹𐌼."
John,13,20,"𐌰𐌼𐌴𐌽 𐌰𐌼𐌴𐌽 𐌵𐌹𐌸𐌰 𐌹𐌶𐍅𐌹𐍃: 𐍃𐌰𐌴𐌹 𐌰𐌽𐌳𐌽𐌹𐌼𐌹𐌸 𐌸𐌰𐌽𐌰 𐌸𐌰𐌽𐌴𐌹 𐌹𐌺 𐌹𐌽𐍃𐌰𐌽𐌳𐌾𐌰, 𐌼𐌹𐌺 𐌰𐌽𐌳𐌽𐌹𐌼𐌹𐌸; 𐌹𐌸 𐍃𐌰𐌴𐌹 𐌼𐌹𐌺 𐌰𐌽𐌳𐌽𐌹𐌼𐌹𐌸, 𐌰𐌽𐌳𐌽𐌹𐌼𐌹𐌸 𐌸𐌰𐌽𐌰 𐍃𐌰𐌽𐌳𐌾𐌰𐌽𐌳𐌰𐌽 𐌼𐌹𐌺."
John,13,21,"𐌸𐌰𐍄𐌰 𐌵𐌹𐌸𐌰𐌽𐌳𐍃 𐌹𐌴𐍃𐌿𐍃 𐌹𐌽𐌳𐍂𐍉𐌱𐌽𐍉𐌳𐌰 𐌰𐌷𐌼𐌹𐌽 𐌾𐌰𐌷 𐍅𐌴𐌹𐍄𐍅𐍉𐌳𐌹𐌳𐌰 𐌾𐌰𐌷 𐌵𐌰𐌸: 𐌰𐌼𐌴𐌽 𐌰𐌼𐌴𐌽, 𐌵𐌹𐌸𐌰 𐌹𐌶𐍅𐌹𐍃 𐌸𐌰𐍄𐌴𐌹 𐌰𐌹𐌽𐍃 𐌹𐌶𐍅𐌰𐍂𐌰 𐌲𐌰𐌻𐌴𐍅𐌴𐌹𐌸 𐌼𐌹𐌺."
John,13,22,"𐌸𐌰𐌽𐌿𐌷 𐍃𐌴𐍈𐌿𐌽 𐌳𐌿 𐍃𐌹𐍃 𐌼𐌹𐍃𐍃𐍉 𐌸𐌰𐌹 𐍃𐌹𐍀𐍉𐌽𐌾𐍉𐍃, 𐌸𐌰𐌲𐌺𐌾𐌰𐌽𐌳𐌰𐌽𐍃 𐌱𐌹 𐍈𐌰𐍂𐌾𐌰𐌽𐌰 𐌵𐌴𐌸𐌹."
John,13,23,"𐍅𐌰𐍃𐌿𐌷 𐌸𐌰𐌽 𐌰𐌽𐌰𐌺𐌿𐌼𐌱𐌾𐌰𐌽𐌳𐍃 𐌰𐌹𐌽𐍃 𐌸𐌹𐌶𐌴 𐍃𐌹𐍀𐍉𐌽𐌾𐌴 𐌹𐍃 𐌹𐌽 𐌱𐌰𐍂𐌼𐌰 𐌹𐌴𐍃𐌿𐌹𐍃, 𐌸𐌰𐌽𐌴𐌹 𐍆𐍂𐌹𐌾𐍉𐌳𐌰 𐌹𐌴𐍃𐌿𐍃."
John,13,24,"𐌱𐌰𐌽𐌳𐍅𐌹𐌳𐌿𐌷 𐌸𐌰𐌽 𐌸𐌰𐌼𐌼𐌰 𐍃𐌴𐌹𐌼𐍉𐌽 𐍀𐌰𐌹𐍄𐍂𐌿𐍃 𐌳𐌿 𐍆𐍂𐌰𐌹𐌷𐌽𐌰𐌽 𐍈𐌰𐍃 𐍅𐌴𐍃𐌹, 𐌱𐌹 𐌸𐌰𐌽𐌴𐌹 𐌵𐌰𐌸."
John,13,25,"𐌰𐌽𐌰𐌺𐌿𐌼𐌱𐌹𐌳𐌰 𐌸𐌰𐌽 𐌾𐌰𐌹𐌽𐍃 𐍃𐍅𐌰 𐌰𐌽𐌰 𐌱𐌰𐍂𐌼𐌰 𐌹𐌴𐍃𐌿𐌹𐍃 𐌵𐌰𐌸𐌿𐌷 𐌹𐌼𐌼𐌰: 𐍆𐍂𐌰𐌿𐌾𐌰, 𐍈𐌰𐍃 𐌹𐍃𐍄?"
John,13,26,"𐌰𐌽𐌳𐌷𐍉𐍆 𐌹𐌴𐍃𐌿𐍃: 𐍃𐌰 𐌹𐍃𐍄 𐌸𐌰𐌼𐌼𐌴𐌹 𐌹𐌺 𐌿𐍆𐌳𐌰𐌿𐍀𐌾𐌰𐌽𐌳𐍃 𐌸𐌰𐌽𐌰 𐌷𐌻𐌰𐌹𐍆 𐌲𐌹𐌱𐌰. 𐌾𐌰𐌷 𐌿𐍆𐌳𐌰𐌿𐍀𐌾𐌰𐌽𐌳𐍃 𐌸𐌰𐌽𐌰 𐌷𐌻𐌰𐌹𐍆 𐌲𐌰𐍆 𐌹𐌿𐌳𐌹𐌽 𐍃𐌴𐌹𐌼𐍉𐌽𐌹𐍃, 𐍃𐌺𐌰𐍂𐌹𐍉𐍄𐌰𐌿."
John,13,27,"𐌾𐌰𐌷 𐌰𐍆𐌰𐍂 𐌸𐌰𐌼𐌼𐌰 𐌷𐌻𐌰𐌹𐌱𐌰 𐌸𐌰𐌽 𐌲𐌰𐌻𐌰𐌹𐌸 𐌹𐌽 𐌾𐌰𐌹𐌽𐌰𐌽𐌰 𐍃𐌰𐍄𐌰𐌽𐌰. 𐌵𐌰𐌸 𐌸𐌰𐌽 𐌳𐌿 𐌹𐌼𐌼𐌰 𐌹𐌴𐍃𐌿𐍃: 𐌸𐌰𐍄𐌴𐌹 𐍄𐌰𐌿𐌾𐌹𐍃, 𐍄𐌰𐍅𐌴𐌹 𐍃𐍀𐍂𐌰𐌿𐍄𐍉."
John,13,28,"𐌸𐌰𐍄𐌿𐌷 𐌸𐌰𐌽 𐌰𐌹𐌽𐍃𐌷𐌿𐌽 𐌽𐌹 𐍅𐌹𐍃𐍃𐌰 𐌸𐌹𐌶𐌴 𐌰𐌽𐌰𐌺𐌿𐌼𐌱𐌾𐌰𐌽𐌳𐌰𐌽𐌴, 𐌳𐌿𐍈𐌴 𐌵𐌰𐌸 𐌹𐌼𐌼𐌰."
John,13,29,"𐍃𐌿𐌼𐌰𐌹 𐌼𐌿𐌽𐌳𐌴𐌳𐌿𐌽, 𐌴𐌹 𐌿𐌽𐍄𐌴 𐌰𐍂𐌺𐌰 𐌷𐌰𐌱𐌰𐌹𐌳𐌰 𐌹𐌿𐌳𐌰𐍃, 𐌸𐌰𐍄𐌴𐌹 𐌵𐌴𐌸𐌹 𐌹𐌼𐌼𐌰 𐌹𐌴𐍃𐌿𐍃: 𐌱𐌿𐌲𐌴𐌹 𐌸𐌹𐌶𐌴𐌹 𐌸𐌰𐌿𐍂𐌱𐌴𐌹𐌼𐌰 𐌳𐌿 𐌳𐌿𐌻𐌸𐌰𐌹, 𐌰𐌹𐌸𐌸𐌰𐌿 𐌸𐌰𐌹𐌼 𐌿𐌽𐌻𐌴𐌳𐌰𐌼 𐌴𐌹 𐍈𐌰 𐌲𐌹𐌱𐌰𐌿."
John,13,30,"𐌱𐌹𐌸𐌴 𐌰𐌽𐌳𐌽𐌰𐌼 𐌸𐌰𐌽𐌰 𐌷𐌻𐌰𐌹𐌱 𐌾𐌰𐌹𐌽𐍃, 𐍃𐌿𐌽𐍃 𐌲𐌰𐌻𐌰𐌹𐌸 𐌿𐍄. 𐍅𐌰𐍃𐌿𐌷 𐌸𐌰𐌽 𐌽𐌰𐌷𐍄𐍃, 𐌸𐌰𐌽 𐌲𐌰𐌻𐌰𐌹𐌸 𐌿𐍄."
John,13,31,"𐌵𐌰𐌸 𐌸𐌰𐌽 𐌹𐌴𐍃𐌿𐍃: 𐌽𐌿 𐌲𐌰𐍃𐍅𐌴𐍂𐌰𐌹𐌳𐍃 𐍅𐌰𐍂𐌸 𐍃𐌿𐌽𐌿𐍃 𐌼𐌰𐌽𐍃, 𐌾𐌰𐌷 𐌲𐌿𐌸 𐌷𐌰𐌿𐌷𐌹𐌸𐍃 𐌹𐍃𐍄 𐌹𐌽 𐌹𐌼𐌼𐌰."
John,13,32,"𐌾𐌰𐌱𐌰𐌹 𐌽𐌿 𐌲𐌿𐌸 𐌷𐌰𐌿𐌷𐌹𐌸𐍃 𐌹𐍃𐍄 𐌹𐌽 𐌹𐌼𐌼𐌰, 𐌾𐌰𐌷 𐌲𐌿𐌸 𐌷𐌰𐌿𐌷𐌴𐌹𐌸 𐌹𐌽𐌰 𐌹𐌽 𐍃𐌹𐍃 𐌾𐌰𐌷 𐍃𐌿𐌽𐍃 𐌷𐌰𐌿𐌷𐌹𐌳𐌰 𐌹𐌽𐌰."
John,13,33,"𐌱𐌰𐍂𐌽𐌹𐌻𐍉𐌽𐌰, 𐌽𐌰𐌿𐌷 𐌻𐌴𐌹𐍄𐌹𐌻 𐌼𐌴𐌻 𐌼𐌹𐌸 𐌹𐌶𐍅𐌹𐍃 𐌹𐌼. 𐍃𐍉𐌺𐌴𐌹𐌸 𐌼𐌹𐌺, 𐌾𐌰𐌷 𐍃𐍅𐌰𐍃𐍅𐌴 𐌵𐌰𐌸 𐌳𐌿 𐌹𐌿𐌳𐌰𐌹𐌿𐌼, 𐌴𐌹 𐌸𐌰𐌳𐌴𐌹 𐌹𐌺 𐌲𐌰𐌲𐌲𐌰, 𐌾𐌿𐍃 𐌽𐌹 𐌼𐌰𐌲𐌿𐌸 𐌵𐌹𐌼𐌰𐌽, 𐌾𐌰𐌷 𐌹𐌶𐍅𐌹𐍃 𐌵𐌹𐌸𐌰 𐌽𐌿."
John,13,34,"𐌰𐌽𐌰𐌱𐌿𐍃𐌽 𐌽𐌹𐌿𐌾𐌰 𐌲𐌹𐌱𐌰 𐌹𐌶𐍅𐌹𐍃, 𐌴𐌹 𐍆𐍂𐌹𐌾𐍉𐌸 𐌹𐌶𐍅𐌹𐍃 𐌼𐌹𐍃𐍃𐍉 𐍃𐍅𐌴 𐌹𐌺 𐍆𐍂𐌹𐌾𐍉𐌳𐌰 𐌹𐌶𐍅𐌹𐍃, 𐌸𐌴𐌹 𐌾𐌰𐌷 𐌾𐌿𐍃 𐍆𐍂𐌹𐌾𐍉𐌸 𐌼𐌹𐍃𐍃𐍉 𐌹𐌶𐍅𐌹𐍃."
John,13,35,"𐌱𐌹 𐌸𐌰𐌼𐌼𐌰 𐌿𐍆𐌺𐌿𐌽𐌽𐌰𐌽𐌳 𐌰𐌻𐌻𐌰𐌹, 𐌸𐌴𐌹 𐌼𐌴𐌹𐌽𐌰𐌹 𐍃𐌹𐍀𐍉𐌽𐌾𐍉𐍃 𐍃𐌹𐌾𐌿𐌸, 𐌾𐌰𐌱𐌰𐌹 𐍆𐍂𐌹𐌰𐌸𐍅𐌰 𐌷𐌰𐌱𐌰𐌹𐌳 𐌼𐌹𐌸 𐌹𐌶𐍅𐌹𐍃 𐌼𐌹𐍃𐍃𐍉."
John,13,36,"𐌸𐌰𐌽𐌿𐌷 𐌵𐌰𐌸 𐌳𐌿 𐌹𐌼𐌼𐌰 𐍃𐌴𐌹𐌼𐍉𐌽 𐍀𐌰𐌹𐍄𐍂𐌿𐍃: 𐍆𐍂𐌰𐌿𐌾𐌰, 𐍈𐌰𐌳 𐌲𐌰𐌲𐌲𐌹𐍃? 𐌰𐌽𐌳𐌷𐌰𐍆𐌾𐌰𐌽𐌳𐍃 𐌹𐌴𐍃𐌿𐍃 𐌵𐌰𐌸: 𐌸𐌰𐌳𐌴𐌹 𐌹𐌺 𐌲𐌰𐌲𐌲𐌰, 𐌽𐌹 𐌼𐌰𐌲𐍄 𐌼𐌹𐌺 𐌽𐌿 𐌻𐌰𐌹𐍃𐍄𐌾𐌰𐌽; 𐌹𐌸 𐌱𐌹𐌸𐌴 𐌻𐌰𐌹𐍃𐍄𐌴𐌹𐍃."
John,13,37,"𐌸𐌰𐍂𐌿𐌷 𐍀𐌰𐌹𐍄𐍂𐌿𐍃 𐌵𐌰𐌸 𐌳𐌿 𐌹𐌼𐌼𐌰: 𐍆𐍂𐌰𐌿𐌾𐌰, 𐌳𐌿𐍈𐌴 𐌽𐌹 𐌼𐌰𐌲 𐌸𐌿𐌺 𐌻𐌰𐌹𐍃𐍄𐌾𐌰𐌽 𐌽𐌿? 𐍃𐌰𐌹𐍅𐌰𐌻𐌰 𐌼𐌴𐌹𐌽𐌰 𐍆𐌰𐌿𐍂 𐌸𐌿𐌺 𐌻𐌰𐌲𐌾𐌰."
John,13,38,"𐌰𐌽𐌳𐌷𐍉𐍆 𐌹𐌴𐍃𐌿𐍃: 𐍃𐌰𐌹𐍅𐌰𐌻𐌰 𐌸𐌴𐌹𐌽𐌰 𐍆𐌰𐌿𐍂 𐌼𐌹𐌺 𐌻𐌰𐌲𐌾𐌹𐍃? 𐌰𐌼𐌴𐌽 𐌰𐌼𐌴𐌽 𐌵𐌹𐌸𐌰 𐌸𐌿𐍃, 𐌸𐌴𐌹 𐌷𐌰𐌽𐌰 𐌽𐌹 𐌷𐍂𐌿𐌺𐌴𐌹𐌸, 𐌿𐌽𐍄𐌴 𐌸𐌿 𐌼𐌹𐌺 𐌰𐍆𐌰𐌹𐌺𐌹𐍃 𐌺𐌿𐌽𐌽𐌰𐌽 𐌸𐍂𐌹𐌼 𐍃𐌹𐌽𐌸𐌰𐌼."
John,14,1,𐌽𐌹 𐌹𐌽𐌳𐍂𐍉𐌱𐌽𐌰𐌹 𐌹𐌶𐍅𐌰𐍂 𐌷𐌰𐌹𐍂𐍄𐍉; 𐌲𐌰𐌻𐌰𐌿𐌱𐌴𐌹𐌸 𐌳𐌿 𐌲𐌿𐌳𐌰 𐌾𐌰𐌷 𐌳𐌿 𐌼𐌹𐍃 𐌲𐌰𐌻𐌰𐌿𐌱𐌴𐌹𐌸.
John,14,2,"𐌹𐌽 𐌲𐌰𐍂𐌳𐌰 𐌰𐍄𐍄𐌹𐌽𐍃 𐌼𐌴𐌹𐌽𐌹𐍃 𐍃𐌰𐌻𐌹𐌸𐍅𐍉𐍃 𐌼𐌰𐌽𐌰𐌲𐍉𐍃 𐍃𐌹𐌽𐌳; 𐌰𐌸𐌸𐌰𐌽 𐌽𐌹𐌱𐌰 𐍅𐌴𐍃𐌴𐌹𐌽𐌰, 𐌰𐌹𐌸𐌸𐌰𐌿 𐌵𐌴𐌸𐌾𐌰𐌿 𐌳𐌿 𐌹𐌶𐍅𐌹𐍃: 𐌲𐌰𐌲𐌲𐌰 𐌼𐌰𐌽𐍅𐌾𐌰𐌽 𐍃𐍄𐌰𐌳 𐌹𐌶𐍅𐌹𐍃."
John,14,3,"𐌾𐌰𐌷 𐌸𐌰𐌽 𐌾𐌰𐌱𐌰𐌹 𐌲𐌰𐌲𐌲𐌰, 𐌼𐌰𐌽𐍅𐌾𐌰 𐌹𐌶𐍅𐌹𐍃 𐍃𐍄𐌰𐌳, 𐌰𐍆𐍄𐍂𐌰 𐌵𐌹𐌼𐌰 𐌾𐌰𐌷 𐍆𐍂𐌰𐌽𐌹𐌼𐌰 𐌹𐌶𐍅𐌹𐍃 𐌳𐌿 𐌼𐌹𐍃 𐍃𐌹𐌻𐌱𐌹𐌽, 𐌴𐌹 𐌸𐌰𐍂𐌴𐌹 𐌹𐌼 𐌹𐌺, 𐌸𐌰𐍂𐌿𐌷 𐍃𐌹𐌾𐌿𐌸 𐌾𐌰𐌷 𐌾𐌿𐍃."
John,14,4,𐌾𐌰𐌷 𐌸𐌰𐌳𐌴𐌹 𐌹𐌺 𐌲𐌰𐌲𐌲𐌰 𐌺𐌿𐌽𐌽𐌿𐌸 𐌾𐌰𐌷 𐌸𐌰𐌽𐌰 𐍅𐌹𐌲 𐌺𐌿𐌽𐌽𐌿𐌸.
John,14,5,"𐌸𐌰𐍂𐌿𐌷 𐌵𐌰𐌸 𐌹𐌼𐌼𐌰 Ã𐍉𐌼𐌰𐍃: 𐍆𐍂𐌰𐌿𐌾𐌰, 𐌽𐌹 𐍅𐌹𐍄𐌿𐌼 𐍈𐌰𐌸 𐌲𐌰𐌲𐌲𐌹𐍃, 𐌾𐌰𐌷 𐍈𐌰𐌹𐍅𐌰 𐌼𐌰𐌲𐌿𐌼 𐌸𐌰𐌽𐌰 𐍅𐌹𐌲 𐌺𐌿𐌽𐌽𐌰𐌽?"
John,14,6,"𐌵𐌰𐌸 𐌹𐌼𐌼𐌰 𐌹𐌴𐍃𐌿𐍃: 𐌹𐌺 𐌹𐌼 𐍃𐌰 𐍅𐌹𐌲𐍃 𐌾𐌰𐌷 𐍃𐌿𐌽𐌾𐌰 𐌾𐌰𐌷 𐌻𐌹𐌱𐌰𐌹𐌽𐍃. 𐌰𐌹𐌽𐍃𐌷𐌿𐌽 𐌽𐌹 𐌵𐌹𐌼𐌹𐌸 𐌰𐍄 𐌰𐍄𐍄𐌹𐌽, 𐌽𐌹𐌱𐌰 𐌸𐌰𐌹𐍂𐌷 𐌼𐌹𐌺."
John,14,7,"𐌹𐌸 𐌺𐌿𐌽𐌸𐌴𐌳𐌴𐌹𐌸 𐌼𐌹𐌺, 𐌰𐌹𐌸𐌸𐌰𐌿 𐌺𐌿𐌽𐌸𐌴𐌳𐌴𐌹𐌸 𐌾𐌰𐌷 𐌰𐍄𐍄𐌰𐌽 𐌼𐌴𐌹𐌽𐌰𐌽𐌰; 𐌾𐌰𐌷 𐌸𐌰𐌽 𐍆𐍂𐌰𐌼 𐌷𐌹𐌼𐌼𐌰 𐌺𐌿𐌽𐌽𐌿𐌸 𐌹𐌽𐌰 𐌾𐌰𐌷 𐌲𐌰𐍃𐌰𐌹𐍈𐌹𐌸 𐌹𐌽𐌰."
John,14,8,"𐌹𐌸 𐍆𐌹𐌻𐌹𐍀𐍀𐌿𐍃 𐌵𐌰𐌸𐌿𐌷 𐌳𐌿 𐌹𐌼𐌼𐌰: 𐍆𐍂𐌰𐌿𐌾𐌰, 𐌰𐌿𐌲𐌴𐌹 𐌿𐌽𐍃𐌹𐍃 𐌸𐌰𐌽𐌰 𐌰𐍄𐍄𐌰𐌽; 𐌸𐌰𐍄𐌿𐌷 𐌲𐌰𐌽𐌰𐌷 𐌿𐌽𐍃𐌹𐍃."
John,14,9,"𐌸𐌰𐍂𐌿𐌷 𐌵𐌰𐌸 𐌹𐌼𐌼𐌰 𐌹𐌴𐍃𐌿𐍃: 𐍃𐍅𐌰𐌻𐌰𐌿𐌳 𐌼𐌴𐌻𐌹𐍃 𐌼𐌹𐌸 𐌹𐌶𐍅𐌹𐍃 𐍅𐌰𐍃, 𐌾𐌰𐌷 𐌽𐌹 𐌿𐍆𐌺𐌿𐌽𐌸𐌴𐍃 𐌼𐌹𐌺, 𐍆𐌹𐌻𐌹𐍀𐍀𐌿? 𐍃𐌰𐌴𐌹 𐌲𐌰𐍃𐌰𐍈 𐌼𐌹𐌺, 𐌲𐌰𐍃𐌰𐍈 𐌰𐍄𐍄𐌰𐌽, 𐌾𐌰𐌷 𐍈𐌰𐌹𐍅𐌰 𐌸𐌿 𐌵𐌹𐌸𐌹𐍃: 𐌰𐌿𐌲𐌴𐌹 𐌿𐌽𐍃𐌹𐍃 𐌸𐌰𐌽𐌰 𐌰𐍄𐍄𐌰𐌽?"
John,14,10,"𐌽𐌹𐌿 𐌲𐌰𐌻𐌰𐌿𐌱𐌴𐌹𐍃 𐌸𐌰𐍄𐌴𐌹 𐌹𐌺 𐌹𐌽 𐌰𐍄𐍄𐌹𐌽 𐌾𐌰𐌷 𐌰𐍄𐍄𐌰 𐌹𐌽 𐌼𐌹𐍃 𐌹𐍃𐍄? 𐌸𐍉 𐍅𐌰𐌿𐍂𐌳𐌰 𐌸𐍉𐌴𐌹 𐌹𐌺 𐍂𐍉𐌳𐌾𐌰 𐌹𐌶𐍅𐌹𐍃, 𐌰𐍆 𐌼𐌹𐍃 𐍃𐌹𐌻𐌱𐌹𐌽 𐌽𐌹 𐍂𐍉𐌳𐌾𐌰, 𐌰𐌺 𐌰𐍄𐍄𐌰 𐍃𐌰𐌴𐌹 𐌹𐌽 𐌼𐌹𐍃 𐌹𐍃𐍄, 𐍃𐌰 𐍄𐌰𐌿𐌾𐌹𐌸 𐌸𐍉 𐍅𐌰𐌿𐍂𐍃𐍄𐍅𐌰."
John,14,11,"𐌲𐌰𐌻𐌰𐌿𐌱𐌴𐌹𐌸 𐌼𐌹𐍃 𐌸𐌰𐍄𐌴𐌹 𐌹𐌺 𐌹𐌽 𐌰𐍄𐍄𐌹𐌽 𐌾𐌰𐌷 𐌰𐍄𐍄𐌰 𐌹𐌽 𐌼𐌹𐍃; 𐌹𐌸 𐌾𐌰𐌱𐌰𐌹, 𐌹𐌽 𐌸𐌹𐌶𐌴 𐍅𐌰𐌿𐍂𐍃𐍄𐍅𐌴 [𐌽𐌹] 𐌲𐌰𐌻𐌰𐌿𐌱𐌴𐌹𐌸 𐌼𐌹𐍃."
John,14,12,"𐌰𐌼𐌴𐌽 𐌰𐌼𐌴𐌽 𐌵𐌹𐌸𐌰 𐌹𐌶𐍅𐌹𐍃, 𐍃𐌰𐌴𐌹 𐌲𐌰𐌻𐌰𐌿𐌱𐌴𐌹𐌳 𐌼𐌹𐍃: 𐌸𐍉 𐍅𐌰𐌿𐍂𐍃𐍄𐍅𐌰 𐌸𐍉𐌴𐌹 𐌹𐌺 𐍄𐌰𐌿𐌾𐌰, 𐌾𐌰𐌷 𐌹𐍃 𐍄𐌰𐌿𐌾𐌹𐌸 𐌾𐌰𐌷 𐌼𐌰𐌹𐌶𐍉𐌽𐌰 𐌸𐌰𐌹𐌼 𐍄𐌰𐌿𐌾𐌹𐌸; 𐌿𐌽𐍄𐌴 𐌹𐌺 𐌳𐌿 𐌰𐍄𐍄𐌹𐌽 𐌲𐌰𐌲𐌲𐌰."
John,14,13,"𐌾𐌰𐌷 𐌸𐌰𐍄𐌴𐌹 𐍈𐌰 𐌱𐌹𐌳𐌾𐌹𐌸 𐌹𐌽 𐌽𐌰𐌼𐌹𐌽 𐌼𐌴𐌹𐌽𐌰𐌼𐌼𐌰, 𐌸𐌰𐍄𐌰 𐍄𐌰𐌿𐌾𐌰, 𐌴𐌹 𐌷𐌰𐌿𐌷𐌾𐌰𐌹𐌳𐌰𐌿 𐌰𐍄𐍄𐌰 𐌹𐌽 𐍃𐌿𐌽𐌰𐌿."
John,14,14,"𐌾𐌰𐌱𐌰𐌹 𐍈𐌹𐍃 𐌱𐌹𐌳𐌾𐌹𐌸 𐌼𐌹𐌺 𐌹𐌽 𐌽𐌰𐌼𐌹𐌽 𐌼𐌴𐌹𐌽𐌰𐌼𐌼𐌰, 𐌹𐌺 𐍄𐌰𐌿𐌾𐌰."
John,14,15,"𐌾𐌰𐌱𐌰𐌹 𐌼𐌹𐌺 𐍆𐍂𐌹𐌾𐍉𐌸, 𐌰𐌽𐌰𐌱𐌿𐍃𐌽𐌹𐌽𐍃 𐌼𐌴𐌹𐌽𐍉𐍃 𐍆𐌰𐍃𐍄𐌰𐌹𐌳."
John,14,16,"𐌾𐌰𐌷 𐌹𐌺 𐌱𐌹𐌳𐌾𐌰 𐌰𐍄𐍄𐌰𐌽, 𐌾𐌰𐌷 𐌰𐌽𐌸𐌰𐍂𐌰𐌽𐌰 𐍀𐌰𐍂𐌰𐌺𐌻𐌴𐍄𐌿 𐌲𐌹𐌱𐌹𐌸 𐌹𐌶𐍅𐌹𐍃, 𐌴𐌹 𐍃𐌹𐌾𐌰𐌹 𐌼𐌹𐌸 𐌹𐌶𐍅𐌹𐍃 𐌳𐌿 𐌰𐌹𐍅𐌰,"
John,14,17,"𐌰𐌷𐌼𐌰 𐍃𐌿𐌽𐌾𐍉𐍃, 𐌸𐌰𐌽𐌴𐌹 𐍃𐍉 𐌼𐌰𐌽𐌰𐍃𐌴𐌹𐌸𐍃 𐌽𐌹 𐌼𐌰𐌲 𐌽𐌹𐌼𐌰𐌽, 𐌿𐌽𐍄𐌴 𐌽𐌹 𐍃𐌰𐌹𐍈𐌹𐌸 𐌹𐌽𐌰, 𐌽𐌹𐌷 𐌺𐌰𐌽𐌽 𐌹𐌽𐌰; 𐌹𐌸 𐌾𐌿𐍃 𐌺𐌿𐌽𐌽𐌿𐌸 𐌹𐌽𐌰, 𐌿𐌽𐍄𐌴 𐌹𐍃 𐌼𐌹𐌸 𐌹𐌶𐍅𐌹𐍃 𐍅𐌹𐍃𐌹𐌸 𐌾𐌰𐌷 𐌹𐌽 𐌹𐌶𐍅𐌹𐍃 𐌹𐍃𐍄."
John,14,18,𐌽𐌹 𐌻𐌴𐍄𐌰 𐌹𐌶𐍅𐌹𐍃 𐍅𐌹𐌳𐌿𐍅𐌰𐌹𐍂𐌽𐌰𐌽𐍃; 𐌵𐌹𐌼𐌰 𐌰𐍄 𐌹𐌶𐍅𐌹𐍃.
John,14,19,"𐌽𐌰𐌿𐌷 𐌻𐌴𐌹𐍄𐌹𐌻, 𐌾𐌰𐌷 𐍃𐍉 𐌼𐌰𐌽𐌰𐍃𐌴𐌹𐌸𐍃 𐌼𐌹𐌺 𐌽𐌹 𐌸𐌰𐌽𐌰𐍃𐌴𐌹𐌸𐍃 𐍃𐌰𐌹𐍈𐌹𐌸; 𐌹𐌸 𐌾𐌿𐍃 𐍃𐌰𐌹𐍈𐌹𐌸 𐌼𐌹𐌺, 𐌸𐌰𐍄𐌴𐌹 𐌹𐌺 𐌻𐌹𐌱𐌰, 𐌾𐌰𐌷 𐌾𐌿𐍃 𐌻𐌹𐌱𐌰𐌹𐌸."
John,14,20,𐌹𐌽 𐌾𐌰𐌹𐌽𐌰𐌼𐌼𐌰 𐌳𐌰𐌲𐌰 𐌿𐍆𐌺𐌿𐌽𐌽𐌰𐌹𐌸 𐌾𐌿𐍃 𐌸𐌰𐍄𐌴𐌹 𐌹𐌺 𐌹𐌽 𐌰𐍄𐍄𐌹𐌽 𐌼𐌴𐌹𐌽𐌰𐌼𐌼𐌰 𐌾𐌰𐌷 𐌾𐌿𐍃 𐌹𐌽 𐌼𐌹𐍃 𐌾𐌰𐌷 𐌹𐌺 𐌹𐌽 𐌹𐌶𐍅𐌹𐍃.
John,14,21,"𐍃𐌰𐌴𐌹 𐌷𐌰𐌱𐌰𐌹𐌳 𐌰𐌽𐌰𐌱𐌿𐍃𐌽𐌹𐌽𐍃 𐌼𐌴𐌹𐌽𐍉𐍃 𐌾𐌰𐌷 𐍆𐌰𐍃𐍄𐌰𐌹𐌸 𐌸𐍉𐍃, 𐍃𐌰 𐌹𐍃𐍄 𐍃𐌰𐌴𐌹 𐍆𐍂𐌹𐌾𐍉𐌸 𐌼𐌹𐌺: 𐌾𐌰𐌷 𐌸𐌰𐌽 𐍃𐌰𐌴𐌹 𐍆𐍂𐌹𐌾𐍉𐌸 𐌼𐌹𐌺, 𐍆𐍂𐌹𐌾𐍉𐌳𐌰 𐍆𐍂𐌰𐌼 𐌰𐍄𐍄𐌹𐌽 𐌼𐌴𐌹𐌽𐌰𐌼𐌼𐌰, 𐌾𐌰𐌷 𐌹𐌺 𐍆𐍂𐌹𐌾𐍉 𐌹𐌽𐌰 𐌾𐌰𐌷 𐌲𐌰𐌱𐌰𐌹𐍂𐌷𐍄𐌾𐌰 𐌹𐌼𐌼𐌰 𐌼𐌹𐌺 𐍃𐌹𐌻𐌱𐌰𐌽."
John,14,22,"𐌸𐌰𐍂𐌿𐌷 𐌵𐌰𐌸 𐌹𐌼𐌼𐌰 𐌹𐌿𐌳𐌰𐍃, 𐌽𐌹 𐍃𐌰 𐌹𐍃𐌺𐌰𐍂𐌾𐍉𐍄𐌴𐍃: 𐍆𐍂𐌰𐌿𐌾𐌰, 𐍈𐌰 𐍅𐌰𐍂𐌸, 𐌴𐌹 𐌿𐌽𐍃𐌹𐍃 𐌼𐌿𐌽𐌰𐌹𐍃 𐌲𐌰𐌱𐌰𐌹𐍂𐌷𐍄𐌾𐌰𐌽 𐌸𐌿𐌺 𐍃𐌹𐌻𐌱𐌰𐌽, 𐌹𐌸 𐌸𐌹𐌶𐌰𐌹 𐌼𐌰𐌽𐌰𐍃𐌴𐌳𐌰𐌹 𐌽𐌹?"
John,14,23,"𐌰𐌽𐌳𐌷𐍉𐍆 𐌹𐌴𐍃𐌿𐍃 𐌾𐌰𐌷 𐌵𐌰𐌸 𐌳𐌿 𐌹𐌼𐌼𐌰: 𐌾𐌰𐌱𐌰𐌹 𐍈𐌰𐍃 𐌼𐌹𐌺 𐍆𐍂𐌹𐌾𐍉𐌸, [𐌾𐌰𐌷] 𐍅𐌰𐌿𐍂𐌳 𐌼𐌴𐌹𐌽 𐍆𐌰𐍃𐍄𐌰𐌹𐌸, 𐌾𐌰𐌷 𐌰𐍄𐍄𐌰 𐌼𐌴𐌹𐌽𐍃 𐍆𐍂𐌹𐌾𐍉𐌸 𐌹𐌽𐌰, 𐌾𐌰𐌷 𐌳𐌿 𐌹𐌼𐌼𐌰 𐌲𐌰𐌻𐌴𐌹𐌸𐍉𐍃 𐌾𐌰𐌷 𐍃𐌰𐌻𐌹𐌸𐍅𐍉𐍃 𐌰𐍄 𐌹𐌼𐌼𐌰 𐌲𐌰𐍄𐌰𐌿𐌾𐍉𐍃."
John,14,24,"𐌹𐌸 𐍃𐌰𐌴𐌹 𐌽𐌹 𐍆𐍂𐌹𐍉𐌸 𐌼𐌹𐌺, 𐌸𐍉 𐍅𐌰𐌿𐍂𐌳𐌰 𐌼𐌴𐌹𐌽𐌰 𐌽𐌹 𐍆𐌰𐍃𐍄𐌰𐌹𐌸; 𐌾𐌰𐌷 𐌸𐌰𐍄𐌰 𐍅𐌰𐌿𐍂𐌳 𐌸𐌰𐍄𐌴𐌹 𐌷𐌰𐌿𐍃𐌴𐌹𐌸 𐌽𐌹𐍃𐍄 𐌼𐌴𐌹𐌽, 𐌰𐌺 𐌸𐌹𐍃 𐍃𐌰𐌽𐌳𐌾𐌰𐌽𐌳𐌹𐌽𐍃 𐌼𐌹𐌺 𐌰𐍄𐍄𐌹𐌽𐍃."
John,14,25,𐌸𐌰𐍄𐌰 𐍂𐍉𐌳𐌹𐌳𐌰 𐌹𐌶𐍅𐌹𐍃 𐌰𐍄 𐌹𐌶𐍅𐌹𐍃 𐍅𐌹𐍃𐌰𐌽𐌳𐍃.
John,14,26,"𐌰𐌸𐌸𐌰𐌽 𐍃𐌰 𐍀𐌰𐍂𐌰𐌺𐌻𐌴𐍄𐌿𐍃, 𐌰𐌷𐌼𐌰 𐍃𐌰 𐍅𐌴𐌹𐌷𐌰, 𐌸𐌰𐌽𐌴𐌹 𐍃𐌰𐌽𐌳𐌴𐌹𐌸 𐌰𐍄𐍄𐌰 𐌹𐌽 𐌽𐌰𐌼𐌹𐌽 𐌼𐌴𐌹𐌽𐌰𐌼𐌼𐌰, 𐍃𐌰 𐌹𐌶𐍅𐌹𐍃 𐌻𐌰𐌹𐍃𐌴𐌹𐌸 𐌰𐌻𐌻𐌰𐍄𐌰 𐌾𐌰𐌷 𐌲𐌰𐌼𐌰𐌿𐌳𐌴𐌹𐌸 𐌹𐌶𐍅𐌹𐍃 𐌰𐌻𐌻𐌹𐍃 𐌸𐌰𐍄𐌴𐌹 𐌵𐌰𐌸 𐌳𐌿 𐌹𐌶𐍅𐌹𐍃."
John,14,27,"𐌲𐌰𐍅𐌰𐌹𐍂𐌸𐌹 𐌱𐌹𐌻𐌴𐌹𐌸𐌰 𐌹𐌶𐍅𐌹𐍃, 𐌲𐌰𐍅𐌰𐌹𐍂𐌸𐌹 𐌼𐌴𐌹𐌽 𐌲𐌹𐌱𐌰 𐌹𐌶𐍅𐌹𐍃; 𐌽𐌹 𐍃𐍅𐌰𐍃𐍅𐌴 𐍃𐍉 𐌼𐌰𐌽𐌰𐍃𐌴𐌸𐍃 𐌲𐌹𐌱𐌹𐌸, 𐌹𐌺 𐌲𐌹𐌱𐌰 𐌹𐌶𐍅𐌹𐍃. 𐌽𐌹 𐌹𐌽𐌳𐍂𐍉𐌱𐌽𐌰𐌹𐌽𐌰 𐌹𐌶𐍅𐌰𐍂𐌰 𐌷𐌰𐌹𐍂𐍄𐍉𐌽𐌰 𐌽𐌹𐌷 𐍆𐌰𐌿𐍂𐌷𐍄𐌾𐌰𐌹𐌽𐌰."
John,14,28,"𐌷𐌰𐌿𐍃𐌹𐌳𐌴𐌳𐌿𐌸 𐌴𐌹 𐌹𐌺 𐌵𐌰𐌸 𐌹𐌶𐍅𐌹𐍃: 𐌲𐌰𐌻𐌴𐌹𐌸𐌰 𐌾𐌰𐌷 𐌵𐌹𐌼𐌰 𐌰𐍄 𐌹𐌶𐍅𐌹𐍃; 𐌾𐌰𐌱𐌰𐌹 𐍆𐍂𐌹𐌾𐍉𐌳𐌴𐌳𐌴𐌹𐌸 𐌼𐌹𐌺, 𐌰𐌹𐌸𐌸𐌰𐌿 𐌾𐌿𐍃 𐍆𐌰𐌲𐌹𐌽𐍉𐌳𐌴𐌳𐌴𐌹𐌸 𐌴𐌹 𐌹𐌺 𐌲𐌰𐌲𐌲𐌰 𐌳𐌿 𐌰𐍄𐍄𐌹𐌽: 𐌿𐌽𐍄𐌴 𐌰𐍄𐍄𐌰 𐌼𐌴𐌹𐌽𐍃 𐌼𐌰𐌹𐌶𐌰 𐌼𐌹𐍃 𐌹𐍃𐍄."
John,14,29,"𐌾𐌰𐌷 𐌽𐌿 𐌵𐌰𐌸 𐌹𐌶𐍅𐌹𐍃, 𐍆𐌰𐌿𐍂𐌸𐌹𐌶𐌴𐌹 𐍅𐌰𐌿𐍂𐌸𐌹, 𐌴𐌹 𐌱𐌹𐌸𐌴 𐍅𐌰𐌹𐍂𐌸𐌰𐌹, 𐌲𐌰𐌻𐌰𐌿𐌱𐌾𐌰𐌹𐌸."
John,14,30,"𐌸𐌰𐌽𐌰𐍃𐌴𐌹𐌸𐍃 𐍆𐌹𐌻𐌿 𐌽𐌹 𐌼𐌰𐌸𐌻𐌾𐌰 𐌼𐌹𐌸 𐌹𐌶𐍅𐌹𐍃; 𐌵𐌹𐌼𐌹𐌸 𐍃𐌰𐌴𐌹 𐌸𐌹𐌶𐌰𐌹 𐌼𐌰𐌽𐌰𐍃𐌴𐌳𐌰𐌹 𐍂𐌴𐌹𐌺𐌹𐌽𐍉𐌸, 𐌾𐌰𐌷 𐌹𐌽 𐌼𐌹𐍃 𐌽𐌹 𐌱𐌹𐌲𐌹𐍄𐌹𐌸 𐍅𐌰𐌹𐌷𐍄."
John,14,31,"𐌰𐌺 𐌴𐌹 𐌿𐍆𐌺𐌿𐌽𐌽𐌰𐌹 𐍃𐍉 𐌼𐌰𐌽𐌰𐍃𐌴𐌸𐍃 𐌸𐌰𐍄𐌴𐌹 𐌹𐌺 𐍆𐍂𐌹𐌾𐍉𐌳𐌰 𐌰𐍄𐍄𐌰𐌽 𐌼𐌴𐌹𐌽𐌰𐌽𐌰, 𐌾𐌰𐌷 𐍃𐍅𐌰𐍃𐍅𐌴 𐌰𐌽𐌰𐌱𐌰𐌿𐌳 𐌼𐌹𐍃 𐌰𐍄𐍄𐌰, 𐍃𐍅𐌰 𐍄𐌰𐌿𐌾𐌰. 𐌿𐍂𐍂𐌴𐌹𐍃𐌹𐌸, 𐌲𐌰𐌲𐌲𐌰𐌼 𐌸𐌰𐌸𐍂𐍉."
John,15,1,"𐌹𐌺 𐌹𐌼 𐍅𐌴𐌹𐌽𐌰𐍄𐍂𐌹𐌿 𐌸𐌰𐍄𐌰 𐍃𐌿𐌽𐌾𐌴𐌹𐌽𐍉, 𐌾𐌰𐌷 𐌰𐍄𐍄𐌰 𐌼𐌴𐌹𐌽𐍃 𐍅𐌰𐌿𐍂𐍃𐍄𐍅𐌾𐌰 𐌹𐍃𐍄."
John,15,2,"𐌰𐌻𐌻 𐍄𐌰𐌹𐌽𐌴 𐌹𐌽 𐌼𐌹𐍃 𐌿𐌽𐌱𐌰𐌹𐍂𐌰𐌽𐌳𐌰𐌽𐌴 𐌰𐌺𐍂𐌰𐌽 𐌲𐍉𐌸, 𐌿𐍃𐌽𐌹𐌼𐌹𐌸 𐌹𐍄𐌰: 𐌾𐌰𐌷 𐌰𐌻𐌻 𐌰𐌺𐍂𐌰𐌽 𐌱𐌰𐌹𐍂𐌰𐌽𐌳𐌰𐌽𐌴, 𐌲𐌰𐌷𐍂𐌰𐌹𐌽𐌴𐌹𐌸 𐌹𐍄𐌰, 𐌴𐌹 𐌼𐌰𐌽𐌰𐌲𐌹𐌶𐍉 𐌰𐌺𐍂𐌰𐌽 𐌱𐌰𐌹𐍂𐌰𐌹𐌽𐌰."
John,15,3,𐌾𐌿 𐌾𐌿𐍃 𐌷𐍂𐌰𐌹𐌽𐌾𐌰𐌹 𐍃𐌹𐌾𐌿𐌸 𐌹𐌽 𐌸𐌹𐍃 𐍅𐌰𐌿𐍂𐌳𐌹𐍃 𐌸𐌰𐍄𐌴𐌹 𐍂𐍉𐌳𐌹𐌳𐌰 𐌳𐌿 𐌹𐌶𐍅𐌹𐍃.
John,15,4,"𐍅𐌹𐍃𐌰𐌹𐌸 𐌹𐌽 𐌼𐌹𐍃 𐌾𐌰𐌷 𐌹𐌺 𐌹𐌽 𐌹𐌶𐍅𐌹𐍃. 𐍃𐍅𐌴 𐍃𐌰 𐍅𐌴𐌹𐌽𐌰𐍄𐌰𐌹𐌽𐍃 𐌽𐌹 𐌼𐌰𐌲 𐌰𐌺𐍂𐌰𐌽 𐌱𐌰𐌹𐍂𐌰𐌽 𐌰𐍆 𐍃𐌹𐍃 𐍃𐌹𐌻𐌱𐌹𐌽, 𐌽𐌹𐌱𐌰 𐌹𐍃𐍄 𐌰𐌽𐌰 𐍅𐌴𐌹𐌽𐌰𐍄𐍂𐌹𐍅𐌰, 𐍃𐍅𐌰𐌷 𐌽𐌹𐌷 𐌾𐌿𐍃, 𐌽𐌹𐌱𐌰 𐌹𐌽 𐌼𐌹𐍃 𐍃𐌹𐌾𐌿𐌸."
John,15,5,"𐌹𐌺 𐌹𐌼 𐌸𐌰𐍄𐌰 𐍅𐌴𐌹𐌽𐌰𐍄𐍂𐌹𐌿, 𐌹𐌸 𐌾𐌿𐍃 𐍅𐌴𐌹𐌽𐌰𐍄𐌰𐌹𐌽𐍉𐍃; 𐍃𐌰𐌴𐌹 𐍅𐌹𐍃𐌹𐌸 𐌹𐌽 𐌼𐌹𐍃 𐌾𐌰𐌷 𐌹𐌺 𐌹𐌽 𐌹𐌼𐌼𐌰, 𐍃𐍅𐌰 𐌱𐌰𐌹𐍂𐌹𐌸 𐌰𐌺𐍂𐌰𐌽 𐌼𐌰𐌽𐌰𐌲, 𐌸𐌰𐍄𐌴𐌹 𐌹𐌽𐌿𐌷 𐌼𐌹𐌺 𐌽𐌹 𐌼𐌰𐌲𐌿𐌸 𐍄𐌰𐌿𐌾𐌰𐌽 𐌽𐌹 𐍅𐌰𐌹𐌷𐍄."
John,15,6,"𐌽𐌹𐌱𐌰 𐍃𐌰𐌴𐌹 𐍅𐌹𐍃𐌹𐌸 𐌹𐌽 𐌼𐌹𐍃, 𐌿𐍃𐍅𐌰𐌹𐍂𐍀𐌰𐌳𐌰 𐌿𐍄 𐍃𐍅𐌴 𐍅𐌴𐌹𐌽𐌰𐍄𐌰𐌹𐌽𐍃, 𐌾𐌰𐌷 𐌲𐌰𐌸𐌰𐌿𐍂𐍃𐌽𐌹𐌸 𐌾𐌰𐌷 𐌲𐌰𐌻𐌹𐍃𐌰𐌳𐌰, 𐌾𐌰𐌷 𐌹𐌽 𐍆𐍉𐌽 𐌲𐌰𐌻𐌰𐌲𐌾𐌰𐌽𐌳 𐌾𐌰𐌷 𐌹𐌽𐌱𐍂𐌰𐌽𐌽𐌾𐌰𐌳𐌰."
John,15,7,"𐌰𐌸𐌸𐌰𐌽 𐌾𐌰𐌱𐌰𐌹 𐍃𐌹𐌾𐌿𐌸 𐌹𐌽 𐌼𐌹𐍃, 𐌾𐌰𐌷 𐍅𐌰𐌿𐍂𐌳𐌰 𐌼𐌴𐌹𐌽𐌰 𐌹𐌽 𐌹𐌶𐍅𐌹𐍃 𐍃𐌹𐌽𐌳, 𐌸𐌰𐍄𐌰𐍈𐌰𐌷 𐌸𐌴𐌹 𐍅𐌹𐌻𐌴𐌹𐌸 𐌱𐌹𐌳𐌾𐌹𐌸, 𐌾𐌰𐌷 𐍅𐌰𐌹𐍂𐌸𐌹𐌸 𐌹𐌶𐍅𐌹𐍃."
John,15,8,"𐌹𐌽 𐌸𐌰𐌼𐌼𐌰 𐌷𐌰𐌿𐌷𐌹𐌸𐍃 𐌹𐍃𐍄 𐌰𐍄𐍄𐌰 𐌼𐌴𐌹𐌽𐍃, 𐌴𐌹 𐌰𐌺𐍂𐌰𐌽 𐌼𐌰𐌽𐌰𐌲 𐌱𐌰𐌹𐍂𐌰𐌹𐌸 𐌾𐌰𐌷 𐍅𐌰𐌹𐍂𐌸𐌰𐌹𐌸 𐌼𐌴𐌹𐌽𐌰𐌹 𐍃𐌹𐍀𐍉𐌽𐌾𐍉𐍃."
John,15,9,"𐍃𐍅𐌰𐍃𐍅𐌴 𐍆𐍂𐌹𐌾𐍉𐌳𐌰 𐌼𐌹𐌺 𐌰𐍄𐍄𐌰, 𐍃𐍅𐌰𐌷 𐌹𐌺 𐍆𐍂𐌹𐌾𐍉𐌳𐌰 𐌹𐌶𐍅𐌹𐍃; 𐍅𐌹𐍃𐌰𐌹𐌸 𐌹𐌽 𐍆𐍂𐌹𐌰𐌸𐍅𐌰𐌹 𐌼𐌴𐌹𐌽𐌰𐌹."
John,15,10,"𐌾𐌰𐌱𐌰𐌹 𐌰𐌽𐌰𐌱𐌿𐍃𐌽𐌹𐌽𐍃 𐌼𐌴𐌹𐌽𐍉𐍃 𐍆𐌰𐍃𐍄𐌰𐌹𐌳, 𐍃𐌹𐌾𐌿𐌸 𐌹𐌽 𐍆𐍂𐌹𐌰𐌸𐍅𐌰𐌹 𐌼𐌴𐌹𐌽𐌰𐌹, 𐍃𐍅𐌰𐍃𐍅𐌴 𐌹𐌺 𐌰𐌽𐌰𐌱𐌿𐍃𐌽𐌹𐌽𐍃 𐌰𐍄𐍄𐌹𐌽𐍃 𐌼𐌴𐌹𐌽𐌹𐍃 𐍆𐌰𐍃𐍄𐌰𐌹𐌳𐌰, 𐌾𐌰𐌷 𐍅𐌹𐍃𐌰 𐌹𐌽 𐍆𐍂𐌹𐌰𐌸𐍅𐌰𐌹 𐌹𐍃."
John,15,11,"𐌸𐌰𐍄𐌰 𐍂𐍉𐌳𐌹𐌳𐌰 𐌹𐌶𐍅𐌹𐍃, 𐌴𐌹 𐍆𐌰𐌷𐌴𐌸𐍃 𐌼𐌴𐌹𐌽𐌰 𐌹𐌽 𐌹𐌶𐍅𐌹𐍃 𐍃𐌹𐌾𐌰𐌹, 𐌾𐌰𐌷 𐍆𐌰𐌷𐌴𐌳𐍃 𐌹𐌶𐍅𐌰𐍂𐌰 𐌿𐍃𐍆𐌿𐌻𐌻𐌾𐌰𐌹𐌳𐌰𐌿."
John,15,12,"𐌸𐌰𐍄𐌰 𐌹𐍃𐍄 𐌰𐌽𐌰𐌱𐌿𐍃𐌽𐍃 𐌼𐌴𐌹𐌽𐌰, 𐌴𐌹 𐍆𐍂𐌹𐌾𐍉𐌸 𐌹𐌶𐍅𐌹𐍃 𐌼𐌹𐍃𐍃𐍉, 𐍃𐍅𐌰𐍃𐍅𐌴 𐌹𐌺 𐍆𐍂𐌹𐌾𐍉𐌳𐌰 𐌹𐌶𐍅𐌹𐍃."
John,15,13,"𐌼𐌰𐌹𐌶𐌴𐌹𐌽 𐌸𐌹𐌶𐌰𐌹 𐍆𐍂𐌹𐌰𐌸𐍅𐌰[𐌹] 𐌼𐌰𐌽𐌽𐌰 𐌽𐌹 𐌷𐌰𐌱𐌰𐌹𐌸, 𐌴𐌹 𐍈𐌰𐍃 𐍃𐌰𐌹𐍅𐌰𐌻𐌰 𐍃𐌴𐌹𐌽𐌰 𐌻𐌰𐌲𐌾𐌹𐌸 𐍆𐌰𐌿𐍂 𐍆𐍂𐌹𐌾𐍉𐌽𐌳𐍃 𐍃𐌴𐌹𐌽𐌰𐌽𐍃."
John,15,14,"𐌾𐌿𐍃 𐍆𐍂𐌹𐌾𐍉𐌽𐌳𐍃 𐌼𐌴𐌹𐌽𐌰𐌹 𐍃𐌹𐌾𐌿𐌸, 𐌾𐌰𐌱𐌰𐌹 𐍄𐌰𐌿𐌾𐌹𐌸 𐌸𐌰𐍄𐌴𐌹 𐌹𐌺 𐌰𐌽𐌰𐌱𐌹𐌿𐌳𐌰 𐌹𐌶𐍅𐌹𐍃."
John,15,15,"𐌸𐌰𐌽𐌰𐍃𐌴𐌹𐌸𐍃 𐌹𐌶𐍅𐌹𐍃 𐌽𐌹 𐌵𐌹𐌸𐌰 𐍃𐌺𐌰𐌻𐌺𐌰𐌽𐍃; 𐌿𐌽𐍄𐌴 𐍃𐌺𐌰𐌻𐌺𐍃 𐌽𐌹 𐍅𐌰𐌹𐍄 𐍈𐌰 𐍄𐌰𐌿𐌾𐌹𐌸 𐌹𐍃 𐍆𐍂𐌰𐌿𐌾𐌰, 𐌹𐌸 𐌹𐌺 𐌹𐌶𐍅𐌹𐍃 𐌵𐌰𐌸 𐍆𐍂𐌹𐌾𐍉𐌽𐌳𐍃, 𐌿𐌽𐍄𐌴 𐌰𐌻𐌻 𐌸𐌰𐍄𐌴𐌹 𐌷𐌰𐌿𐍃𐌹𐌳𐌰 𐌰𐍄 𐌰𐍄𐍄𐌹𐌽 𐌼𐌴𐌹𐌽𐌰𐌼𐌼𐌰, 𐌲𐌰𐌺𐌰𐌽𐌽𐌹𐌳𐌰 𐌹𐌶𐍅𐌹𐍃."
John,15,16,"𐌽𐌹 𐌾𐌿𐍃 𐌼𐌹𐌺 𐌲𐌰𐍅𐌰𐌻𐌹𐌳𐌴𐌳𐌿𐌸, 𐌰𐌺 𐌹𐌺 𐌲𐌰𐍅𐌰𐌻𐌹𐌳𐌰 𐌹𐌶𐍅𐌹𐍃 𐌴𐌹 𐌾𐌿𐍃 𐍃𐌽𐌹𐍅𐌰𐌹𐌸 𐌾𐌰𐌷 𐌰𐌺𐍂𐌰𐌽 𐌱𐌰𐌹𐍂𐌰𐌹𐌸, 𐌾𐌰𐌷 𐌰𐌺𐍂𐌰𐌽 𐌹𐌶𐍅𐌰𐍂 𐌳𐌿 𐌰𐌹𐍅𐌰 𐍃𐌹𐌾𐌰𐌹, 𐌴𐌹 𐌸𐌰𐍄𐌰𐍈𐌰𐌷 𐌸𐌴𐌹 𐌱𐌹𐌳𐌾𐌰𐌹𐌸 𐌰𐍄𐍄𐌰𐌽 𐌹𐌽 𐌽𐌰𐌼𐌹𐌽 𐌼𐌴𐌹𐌽𐌰𐌼𐌼𐌰, 𐌲𐌹𐌱𐌹𐌸 𐌹𐌶𐍅𐌹𐍃."
John,15,17,𐌸𐌰𐍄𐌰 𐌰𐌽𐌰𐌱𐌹𐌿𐌳𐌰 𐌹𐌶𐍅𐌹𐍃 𐌴𐌹 𐍆𐍂𐌹𐌾𐍉𐌸 𐌹𐌶𐍅𐌹𐍃 𐌼𐌹𐍃𐍃𐍉.
John,15,18,"𐌾𐌰𐌱𐌰𐌹 𐍃𐍉 𐌼𐌰𐌽𐌰𐍃𐌴𐌳𐍃 𐌹𐌶𐍅𐌹𐍃 𐍆𐌹𐌾𐌰𐌹, 𐌺𐌿𐌽𐌽𐌴𐌹𐌸 𐌴𐌹 𐌼𐌹𐌺 𐍆𐍂𐌿𐌼𐌰𐌽 𐌹𐌶𐍅𐌹𐍃 𐍆𐌹𐌾𐌰𐌹𐌳𐌰."
John,15,19,"𐌾𐌰𐌱𐌰𐌹 𐌸𐌹𐍃 𐍆𐌰𐌹𐍂𐍈𐌰𐌿𐍃 𐍅𐌴𐍃𐌴𐌹𐌸, 𐌰𐌹𐌸𐌸𐌰𐌿 𐍃𐍉 𐌼𐌰𐌽𐌰𐍃𐌴𐌳𐍃 𐍃𐍅𐌴𐍃𐌰𐌽𐍃 𐍆𐍂𐌹𐌾𐍉𐌳𐌴𐌳𐌹; 𐌰𐌸𐌸𐌰𐌽 𐌿𐌽𐍄𐌴 𐌿𐍃 𐌸𐌰𐌼𐌼𐌰 𐍆𐌰𐌹𐍂𐍈𐌰𐌿 𐌽𐌹 𐍃𐌹𐌾𐌿𐌸, 𐌰𐌺 𐌹𐌺 𐌲𐌰𐍅𐌰𐌻𐌹𐌳𐌰 𐌹𐌶𐍅𐌹𐍃 𐌿𐍃 𐌸𐌰𐌼𐌼𐌰 𐍆𐌰𐌹𐍂𐍈𐌰𐌿, 𐌳𐌿𐌸𐌸𐌴 𐍆𐌹𐌾𐌰𐌹𐌳 𐌹𐌶𐍅𐌹𐍃 𐍃𐍉 𐌼𐌰𐌽𐌰𐍃𐌴𐌸𐍃."
John,15,20,"𐌲𐌰𐌼𐌿𐌽𐌴𐌹𐌸 𐌸𐌹𐍃 𐍅𐌰𐌿𐍂𐌳𐌹𐍃 𐌸𐌰𐍄𐌴𐌹 𐌹𐌺 𐌵𐌰𐌸 𐌳𐌿 𐌹𐌶𐍅𐌹𐍃: 𐌽𐌹𐍃𐍄 𐍃𐌺𐌰𐌻𐌺𐍃 𐌼𐌰𐌹𐌶𐌰 𐍆𐍂𐌰𐌿𐌾𐌹𐌽 𐍃𐌴𐌹𐌽𐌰𐌼𐌼𐌰. 𐌾𐌰𐌱𐌰𐌹 𐌼𐌹𐌺 𐍅𐍂𐌴𐌺𐌿𐌽, 𐌾𐌰𐌷 𐌹𐌶𐍅𐌹𐍃 𐍅𐍂𐌹𐌺𐌰𐌽𐌳; 𐌾𐌰𐌱𐌰𐌹 𐌼𐌴𐌹𐌽 𐍅𐌰𐌿𐍂𐌳 𐍆𐌰𐍃𐍄𐌰𐌹𐌳𐌴𐌳𐌴𐌹𐌽𐌰, 𐌾𐌰𐌷 𐌹𐌶𐍅𐌰𐍂 𐍆𐌰𐍃𐍄𐌰𐌹𐌽𐌰."
John,15,21,"𐌰𐌺 𐌸𐌰𐍄𐌰 𐌰𐌻𐌻𐌰𐍄𐌰 𐍄𐌰𐌿𐌾𐌰𐌽𐌳 𐌹𐌶𐍅𐌹𐍃 𐌹𐌽 𐌽𐌰𐌼𐌹𐌽𐍃 𐌼𐌴𐌹𐌽𐌹𐍃, 𐌿𐌽𐍄𐌴 𐌽𐌹 𐌺𐌿𐌽𐌽𐌿𐌽 𐌸𐌰𐌽𐌰 𐍃𐌰𐌽𐌳𐌾𐌰𐌽𐌳𐌰𐌽 𐌼𐌹𐌺."
John,15,22,"𐌽𐌹𐌷 𐌵𐌴𐌼𐌾𐌰𐌿 𐌾𐌰𐌷 𐍂𐍉𐌳𐌹𐌳𐌴𐌳𐌾𐌰𐌿 𐌳𐌿 𐌹𐌼, 𐍆𐍂𐌰𐍅𐌰𐌿𐍂𐌷𐍄 𐌽𐌹 𐌷𐌰𐌱𐌰𐌹𐌳𐌴𐌳𐌴𐌹𐌽𐌰: 𐌹𐌸 𐌽𐌿 𐌹𐌽𐌹𐌻𐍉𐌽𐍃 𐌽𐌹 𐌷𐌰𐌱𐌰𐌽𐌳 𐌱𐌹 𐍆𐍂𐌰𐍅𐌰𐌿𐍂𐌷𐍄 𐍃𐌴𐌹𐌽𐌰."
John,15,23,"𐍃𐌰𐌴𐌹 𐌼𐌹𐌺 𐍆𐌹𐌾𐌰𐌹𐌸, 𐌾𐌰𐌷 𐌰𐍄𐍄𐌰𐌽 𐌼𐌴𐌹𐌽𐌰𐌽𐌰 𐍆𐌹𐌾𐌰𐌹𐌸."
John,15,24,"𐌹𐌸 𐌸𐍉 𐍅𐌰𐌿𐍂𐍃𐍄𐍅𐌰 𐌽𐌹 𐌲𐌰𐍄𐌰𐍅𐌹𐌳𐌴𐌳𐌾𐌰𐌿 𐌹𐌽 𐌹𐌼 𐌸𐍉𐌴𐌹 𐌰𐌽𐌸𐌰𐍂 𐌰𐌹𐌽𐍃𐌷𐌿𐌽 𐌽𐌹 𐌲𐌰𐍄𐌰𐍅𐌹𐌳𐌰, 𐍆𐍂𐌰𐍅𐌰𐌿𐍂𐌷𐍄 𐌽𐌹 𐌷𐌰𐌱𐌰𐌹𐌳𐌴𐌳𐌴𐌹𐌽𐌰; 𐌹𐌸 𐌽𐌿 𐌾𐌰𐌷 𐌲𐌰𐍃𐌴𐍈𐌿𐌽 𐌼𐌹𐌺 𐌾𐌰𐌷 𐍆𐌹𐌾𐌰𐌹𐌳𐌴𐌳𐌿𐌽 𐌾𐌰𐌷 𐌼𐌹𐌺 𐌾𐌰𐌷 𐌰𐍄𐍄𐌰𐌽 𐌼𐌴𐌹𐌽𐌰𐌽𐌰."
John,15,25,𐌰𐌺 𐌴𐌹 𐌿𐍃𐍆𐌿𐌻𐌻𐌽𐍉𐌳𐌴𐌳𐌹 𐍅𐌰𐌿𐍂𐌳 𐌸𐌰𐍄𐌰 𐌲𐌰𐌼𐌴𐌻𐌹𐌳𐍉 𐌹𐌽 𐍅𐌹𐍄𐍉𐌳𐌰 𐌹𐌶𐌴: 𐌴𐌹 𐍆𐌹𐌾𐌰𐌹𐌳𐌴𐌳𐌿𐌽 𐌼𐌹𐌺 𐌰𐍂𐍅𐌾𐍉.
John,15,26,"𐌰𐌸𐌸𐌰𐌽 𐌸𐌰𐌽 𐌵𐌹𐌼𐌹𐌸 𐍀𐌰𐍂𐌰𐌺𐌻𐌴𐍄𐌿𐍃 𐌸𐌰𐌽𐌴𐌹 𐌹𐌺 𐌹𐌽𐍃𐌰𐌽𐌳𐌾𐌰 𐌹𐌶𐍅𐌹𐍃 𐍆𐍂𐌰𐌼 𐌰𐍄𐍄𐌹𐌽, 𐌰𐌷𐌼𐌰𐌽 𐍃𐌿𐌽𐌾𐍉𐍃 𐌹𐌶𐌴𐌹 𐍆𐍂𐌰𐌼 𐌰𐍄𐍄𐌹𐌽 𐌿𐍂𐍂𐌹𐌽𐌽𐌹𐌸, 𐍃𐌰 𐍅𐌴𐌹𐍄𐍅𐍉𐌳𐌴𐌹𐌸 𐌱𐌹 𐌼𐌹𐌺."
John,15,27,"𐌾𐌰𐌷 𐌸𐌰𐌽 𐌾𐌿𐍃 𐍅𐌴𐌹𐍄𐍅𐍉𐌳𐌴𐌹𐌸, 𐌿𐌽𐍄𐌴 𐍆𐍂𐌰𐌼 𐍆𐍂𐌿𐌼𐌰 𐌼𐌹𐌸 𐌼𐌹𐍃 𐍃𐌹𐌾𐌿𐌸."
John,16,1,"Ã𐌰𐍄𐌰 𐍂𐍉𐌳𐌹𐌳𐌰 𐌹𐌶𐍅𐌹𐍃, 𐌴𐌹 𐌽𐌹 𐌰𐍆𐌼𐌰𐍂𐌶𐌾𐌰𐌹𐌽𐌳𐌰𐌿."
John,16,2,"𐌿𐍃 𐌲𐌰𐌵𐌿𐌼𐌸𐌹𐌼 𐌳𐍂𐌴𐌹𐌱𐌰𐌽𐌳 𐌹𐌶𐍅𐌹𐍃; 𐌰𐌺𐌴𐌹 𐌵𐌹𐌼𐌹𐌸 𐍈𐌴𐌹𐌻𐌰, 𐌴𐌹 𐍃𐌰𐍈𐌰𐌶𐌿𐌷 𐌹𐌶𐌴𐌹 𐌿𐍃𐌵𐌹𐌼𐌹𐌸 𐌹𐌶𐍅𐌹𐍃, 𐌸𐌿𐌲𐌲𐌺𐌴𐌹𐌸 𐌷𐌿𐌽𐍃𐌻𐌰 𐍃𐌰𐌻𐌾𐌰𐌽 𐌲𐌿𐌳𐌰."
John,16,3,"𐌾𐌰𐌷 𐌸𐌰𐍄𐌰 𐍄𐌰𐌿𐌾𐌰𐌽𐌳, 𐌿𐌽𐍄𐌴 𐌽𐌹 𐌿𐍆𐌺𐌿𐌽𐌸𐌴𐌳𐌿𐌽 𐌰𐍄𐍄𐌰𐌽 𐌽𐌹𐌷 𐌼𐌹𐌺."
John,16,4,"𐌰𐌺𐌴𐌹 𐌸𐌰𐍄𐌰 𐍂𐍉𐌳𐌹𐌳𐌰 𐌹𐌶𐍅𐌹𐍃, 𐌴𐌹 𐌱𐌹𐌸𐌴 𐌵𐌹𐌼𐌰𐌹 𐍃𐍉 𐍈𐌴𐌹𐌻𐌰 𐌹𐌶𐌴, 𐌲𐌰𐌼𐌿𐌽𐌴𐌹𐌸 𐌸𐌹𐌶𐌴 𐌸𐌰𐍄𐌴𐌹 𐌹𐌺 𐌵𐌰𐌸 𐌹𐌶𐍅𐌹𐍃. 𐌹𐌸 𐌸𐌰𐍄𐌰 𐌹𐌶𐍅𐌹𐍃 𐍆𐍂𐌰𐌼 𐍆𐍂𐌿𐌼𐌰 𐌽𐌹 𐌵𐌰𐌸, 𐌿𐌽𐍄𐌴 𐌼𐌹𐌸 𐌹𐌶𐍅𐌹𐍃 𐍅𐌰𐍃."
John,16,5,"𐌹𐌸 𐌽𐌿 𐌲𐌰𐌲𐌲𐌰 𐌳𐌿 𐌸𐌰𐌼𐌼𐌰 𐍃𐌰𐌽𐌳𐌾𐌰𐌽𐌳𐌹𐌽 𐌼𐌹𐌺, 𐌾𐌰𐌷 𐌰𐌹𐌽𐍃𐌷𐌿𐌽 𐌿𐍃 𐌹𐌶𐍅𐌹𐍃 𐌽𐌹 𐍆𐍂𐌰𐌹𐌷𐌽𐌹𐌸 𐌼𐌹𐌺: 𐍈𐌰𐌸 𐌲𐌰𐌲𐌲𐌹𐍃?"
John,16,6,"𐌰𐌺𐌴𐌹 𐌿𐌽𐍄𐌴 𐌸𐌰𐍄𐌰 𐍂𐍉𐌳𐌹𐌳𐌰 𐌹𐌶𐍅𐌹𐍃, 𐌲𐌰𐌿𐍂𐌹𐌸𐌰 𐌲𐌰𐌳𐌰𐌿𐌱𐌹𐌳𐌰 𐌹𐌶𐍅𐌰𐍂 𐌷𐌰𐌹𐍂𐍄𐍉."
John,16,7,"𐌰𐌺𐌴𐌹 𐌹𐌺 𐍃𐌿𐌽𐌾𐌰 𐌹𐌶𐍅𐌹𐍃 𐌵𐌹𐌸𐌰: 𐌱𐌰𐍄𐌹𐌶𐍉 𐌹𐍃𐍄 𐌹𐌶𐍅𐌹𐍃 𐌴𐌹 𐌹𐌺 𐌲𐌰𐌻𐌴𐌹𐌸𐌰𐌿; 𐌿𐌽𐍄𐌴 𐌾𐌰𐌱𐌰𐌹 𐌹𐌺 𐌽𐌹 𐌲𐌰𐌻𐌴𐌹𐌸𐌰, 𐍀𐌰𐍂𐌰𐌺𐌻𐌴𐍄𐌿𐍃 𐌽𐌹 𐌵𐌹𐌼𐌹𐌸 𐌰𐍄 𐌹𐌶𐍅𐌹𐍃; 𐌰𐌸𐌸𐌰𐌽 𐌾𐌰𐌱𐌰𐌹 𐌲𐌰𐌲𐌲𐌰, 𐍃𐌰𐌽𐌳𐌾𐌰 𐌹𐌽𐌰 𐌳𐌿 𐌹𐌶𐍅𐌹𐍃."
John,16,8,𐌾𐌰𐌷 𐌵𐌹𐌼𐌰𐌽𐌳𐍃 𐌹𐍃 𐌲𐌰𐍃𐌰𐌺𐌹𐌸 𐌸𐍉 𐌼𐌰𐌽𐌰𐍃𐌴𐌸 𐌱𐌹 𐍆𐍂𐌰𐍅𐌰𐌿𐍂𐌷𐍄 𐌾𐌰𐌷 𐌱𐌹 𐌲𐌰𐍂𐌰𐌹𐌷𐍄𐌹𐌸𐌰 𐌾𐌰𐌷 𐌱𐌹 𐍃𐍄𐌰𐌿𐌰;
John,16,9,"𐌱𐌹 𐍆𐍂𐌰𐍅𐌰𐌿𐍂𐌷𐍄 𐍂𐌰𐌹𐌷𐍄𐌹𐍃, [𐌸𐌰𐍄𐌰] 𐌸𐌰𐍄𐌴𐌹 𐌽𐌹 𐌲𐌰𐌻𐌰𐌿𐌱𐌾𐌰𐌽𐌳 𐌳𐌿 𐌼𐌹𐍃;"
John,16,10,"𐌹𐌸 𐌱𐌹 𐌲𐌰𐍂𐌰𐌹𐌷𐍄𐌹𐌸𐌰, 𐌸𐌰𐍄𐌴𐌹 𐌳𐌿 𐌰𐍄𐍄𐌹𐌽 𐌼𐌴𐌹𐌽𐌰𐌼𐌼𐌰 𐌲𐌰𐌲𐌲𐌰, 𐌾𐌰𐌷 𐌽𐌹 𐌸𐌰𐌽𐌰𐍃𐌴𐌹𐌸𐍃 𐍃𐌰𐌹𐍈𐌹𐌸 𐌼𐌹𐌺;"
John,16,11,"𐌹𐌸 𐌱𐌹 𐍃𐍄𐌰𐌿𐌰, 𐌸𐌰𐍄𐌴𐌹 𐍃𐌰 𐍂𐌴𐌹𐌺𐍃 𐌸𐌹𐍃 𐍆𐌰𐌹𐍂𐍈𐌰𐌿𐍃 𐌰𐍆𐌳𐍉𐌼𐌹𐌸𐍃 𐍅𐌰𐍂𐌸."
John,16,12,"𐌽𐌰𐌿𐌷 𐌲𐌰𐌽𐍉𐌷 𐍃𐌺𐌰𐌻 𐌵𐌹𐌸𐌰𐌽 𐌹𐌶𐍅𐌹𐍃, 𐌰𐌺𐌴𐌹 𐌽𐌹 𐌼𐌰𐌲𐌿𐌸 𐍆𐍂𐌰𐌱𐌰𐌹𐍂𐌰𐌽 𐌽𐌿."
John,16,13,"𐌹𐌸 𐌸𐌰𐌽 𐌵𐌹𐌼𐌹𐌸 𐌾𐌰𐌹𐌽𐍃, 𐌰𐌷𐌼𐌰 𐍃𐌿𐌽𐌾𐍉𐍃, 𐌱𐍂𐌹𐌲𐌲𐌹𐌸 𐌹𐌶𐍅𐌹𐍃 𐌹𐌽 𐌰𐌻𐌻𐌰𐌹 𐍃𐌿𐌽𐌾𐌰𐌹; 𐌽𐌹𐌷 𐌸𐌰𐌽 𐍂𐍉𐌳𐌴𐌹𐌸 𐌰𐍆 𐍃𐌹𐍃 𐍃𐌹𐌻𐌱𐌹𐌽 𐌰𐌺 𐍃𐍅𐌰 𐍆𐌹𐌻𐌿 𐍃𐍅𐌴 𐌷𐌰𐌿𐍃𐌴𐌹𐌸 𐍂𐍉𐌳𐌴𐌹𐌸, 𐌾𐌰𐌷 𐌸𐌰𐍄𐌰 𐌰𐌽𐌰𐍅𐌰𐌹𐍂𐌸𐍉 𐌲𐌰𐍄𐌴𐌹𐌷𐌹𐌸 𐌹𐌶𐍅𐌹𐍃."
John,16,14,"𐌾𐌰𐌹𐌽𐍃 𐌼𐌹𐌺 𐌷𐌰𐌿𐌷𐌴𐌹𐌸, 𐌿𐌽𐍄𐌴 𐌿𐍃 𐌼𐌴𐌹𐌽𐌰𐌼𐌼𐌰 𐌽𐌹𐌼𐌹𐌸 𐌾𐌰𐌷 𐌲𐌰𐍄𐌴𐌹𐌷𐌹𐌸 𐌹𐌶𐍅𐌹𐍃."
John,16,15,"𐌰𐌻𐌻 𐌸𐌰𐍄𐌴𐌹 𐌰𐌹𐌷 𐌰𐍄𐍄𐌰, 𐌼𐌴𐌹𐌽 𐌹𐍃𐍄; 𐌳𐌿𐌷𐌸𐌴 𐌵𐌰𐌸 𐌸𐌰𐍄𐌴𐌹 𐌿𐍃 𐌼𐌴𐌹𐌽𐌰𐌼𐌼𐌰 𐌽𐌹𐌼𐌹𐌸 𐌾𐌰𐌷 𐌲𐌰𐍄𐌴𐌹𐌷𐌹𐌸 𐌹𐌶𐍅𐌹𐍃."
John,16,16,"𐌻𐌴𐌹𐍄𐌹𐌻 𐌽𐌰𐌿𐌷 𐌾𐌰𐌷 𐌽𐌹 𐍃𐌰𐌹𐍈𐌹𐌸 𐌼𐌹𐌺; 𐌾𐌰𐌷 𐌰𐍆𐍄𐍂𐌰 𐌻𐌴𐌹𐍄𐌹𐌻 𐌾𐌰𐌷 𐌲𐌰𐍃𐌰𐌹𐍈𐌹𐌸 𐌼𐌹𐌺, 𐌿𐌽𐍄𐌴 𐌹𐌺 𐌲𐌰𐌲𐌲𐌰 𐌳𐌿 𐌰𐍄𐍄𐌹𐌽."
John,16,17,"𐌸𐌰𐍂𐌿𐌷 𐌵𐌴𐌸𐌿𐌽 𐌿𐍃 𐌸𐌰𐌹𐌼 𐍃𐌹𐍀𐍉𐌽𐌾𐌰𐌼 𐌳𐌿 𐍃𐌹𐍃 𐌼𐌹𐍃𐍃𐍉: 𐍈𐌰 𐌹𐍃𐍄 𐌸𐌰𐍄𐌰 𐌸𐌰𐍄𐌴𐌹 𐌵𐌹𐌸𐌹𐌸 𐌿𐌽𐍃𐌹𐍃: 𐌻𐌴𐌹𐍄𐌹𐌻 𐌴𐌹 𐌽𐌹 𐍃𐌰𐌹𐍈𐌹𐌸 𐌼𐌹𐌺, 𐌾𐌰𐌷 𐌰𐍆𐍄𐍂𐌰 𐌻𐌴𐌹𐍄𐌹𐌻 𐌾𐌰𐌷 𐌲𐌰𐍃𐌰𐌹𐍈𐌹𐌸 𐌼𐌹𐌺, 𐌾𐌰𐌷 𐌸𐌰𐍄𐌴𐌹 𐌹𐌺 𐌲𐌰𐌲𐌲𐌰 𐌳𐌿 𐌰𐍄𐍄𐌹𐌽?"
John,16,18,"𐌵𐌴𐌸𐌿𐌽𐌿𐌷: 𐌸𐌰𐍄𐌰 𐍈𐌰 𐍃𐌹𐌾𐌰𐌹 𐌸𐌰𐍄𐌴𐌹 𐌵𐌹𐌸𐌹𐌸: 𐌻𐌴𐌹𐍄𐌹𐌻, 𐌽𐌹 𐍅𐌹𐍄𐌿𐌼 𐍈𐌰 𐌵𐌹𐌸𐌹𐌸."
John,16,19,"𐌹𐌸 𐌹𐌴𐍃𐌿𐍃 𐍅𐌹𐍃𐍃𐌿𐌷 𐌸𐌰𐍄𐌴𐌹 𐍅𐌹𐌻𐌳𐌴𐌳𐌿𐌽 𐌹𐌽𐌰 𐍆𐍂𐌰𐌹𐌷𐌽𐌰𐌽 𐌾𐌰𐌷 𐌵𐌰𐌸 𐌹𐌼: 𐌱𐌹 𐌸𐌰𐍄𐌰 𐍃𐍉𐌺𐌴𐌹𐌸 𐌼𐌹𐌸 𐌹𐌶𐍅𐌹𐍃 𐌼𐌹𐍃𐍃𐍉 𐌸𐌰𐍄𐌴𐌹 𐌵𐌰𐌸: 𐌻𐌴𐌹𐍄𐌹𐌻 𐌾𐌰𐌷 𐌽𐌹 𐍃𐌰𐌹𐍈𐌹𐌸 𐌼𐌹𐌺, 𐌾𐌰𐌷 𐌰𐍆𐍄𐍂𐌰 𐌻𐌴𐌹𐍄𐌹𐌻 𐌾𐌰𐌷 𐌲𐌰𐍃𐌰𐌹𐍈𐌹𐌸 𐌼𐌹𐌺."
John,16,20,"𐌰𐌼𐌴𐌽, 𐌰𐌼𐌴𐌽, 𐌵𐌹𐌸𐌰 𐌹𐌶𐍅𐌹𐍃 𐌸𐌴𐌹 𐌲𐍂𐌴𐌹𐍄𐌹𐌸 𐌾𐌰𐌷 𐌲𐌰𐌿𐌽𐍉𐌸 𐌾𐌿𐍃, 𐌹𐌸 𐌼𐌰𐌽𐌰𐍃𐌴𐌸𐍃 𐍆𐌰𐌲𐌹𐌽𐍉𐌸; 𐌾𐌿𐍃 𐍃𐌰𐌿𐍂𐌲𐌰𐌽𐌳𐌰𐌽𐍃 𐍅𐌰𐌹𐍂𐌸𐌹𐌸, 𐌰𐌺𐌴𐌹 𐍃𐍉 𐍃𐌰𐌿𐍂𐌲𐌰 𐌹𐌶𐍅𐌰𐍂𐌰 𐌳𐌿 𐍆𐌰𐌷𐌴𐌳𐌰𐌹 𐍅𐌰𐌹𐍂𐌸𐌹𐌸."
John,16,21,"𐌵𐌹𐌽𐍉, 𐌸𐌰𐌽 𐌱𐌰𐌹𐍂𐌹𐌸, 𐍃𐌰𐌿𐍂𐌲𐌰 𐌷𐌰𐌱𐌰𐌹𐌳, 𐌿𐌽𐍄𐌴 𐌵𐌰𐌼 𐍈𐌴𐌹𐌻𐌰 𐌹𐌶𐍉𐍃; 𐌹𐌸 𐌱𐌹𐌸𐌴 𐌲𐌰𐌱𐌰𐌿𐍂𐌰𐌽 𐌹𐍃𐍄 𐌱𐌰𐍂𐌽, 𐌽𐌹 𐌸𐌰𐌽𐌰𐍃𐌴𐌹𐌸𐍃 𐌽𐌹 𐌲𐌰𐌼𐌰𐌽 𐌸𐌹𐌶𐍉𐍃 𐌰𐌲𐌻𐍉𐌽𐍃 𐍆𐌰𐌿𐍂𐌰 𐍆𐌰𐌷𐌴𐌳𐌰𐌹, 𐌿𐌽𐍄𐌴 𐌲𐌰𐌱𐌰𐌿𐍂𐌰𐌽𐍃 𐍅𐌰𐍂𐌸 𐌼𐌰𐌽𐌽𐌰 𐌹𐌽 𐍆𐌰𐌹𐍂𐍈𐌰𐌿."
John,16,22,"𐌾𐌰𐌷 𐌸𐌰𐌽 𐌾𐌿𐍃 𐌰𐌿𐌺 𐌽𐌿 𐍃𐌰𐌿𐍂𐌲𐌰 𐌷𐌰𐌱𐌰𐌹𐌸, 𐌹𐌸 𐌰𐍆𐍄𐍂𐌰 𐍃𐌰𐌹𐍈𐌰 𐌹𐌶𐍅𐌹𐍃 𐌾𐌰𐌷 𐍆𐌰𐌲𐌹𐌽𐍉𐌸 𐌹𐌶𐍅𐌰𐍂 𐌷𐌰𐌹𐍂𐍄𐍉, 𐌾𐌰𐌷 𐌸𐍉 𐍆𐌰𐌷𐌴𐌳 𐌹𐌶𐍅𐌰𐍂𐌰 𐌽𐌹 𐌰𐌹𐌽𐍃𐌷𐌿𐌽 𐌽𐌹𐌼𐌹𐌸 𐌰𐍆 𐌹𐌶𐍅𐌹𐍃."
John,16,23,"𐌾𐌰𐌷 𐌹𐌽 𐌾𐌰𐌹𐌽𐌰𐌼𐌼𐌰 𐌳𐌰𐌲𐌰 𐌼𐌹𐌺 𐌽𐌹 𐍆𐍂𐌰𐌹𐌷𐌽𐌹𐌸 𐍅𐌰𐌹𐌷𐍄𐌰𐌹𐍃. 𐌰𐌼𐌴𐌽 𐌰𐌼𐌴𐌽, 𐌵𐌹𐌸𐌰 𐌹𐌶𐍅𐌹𐍃 𐌸𐌰𐍄𐌴𐌹 𐌸𐌹𐍃𐍈𐌰𐌷 𐌸𐌴𐌹 𐌱𐌹𐌳𐌾𐌹𐌸 𐌰𐍄𐍄𐌰𐌽 𐌹𐌽 𐌽𐌰𐌼𐌹𐌽 𐌼𐌴𐌹𐌽𐌰𐌼𐌼𐌰, 𐌲𐌹𐌱𐌹𐌸 𐌹𐌶𐍅𐌹𐍃."
John,16,24,"𐌿𐌽𐌳 𐌷𐌹𐍄𐌰 𐌽𐌹 𐌱𐌴𐌳𐌿𐌸 𐌽𐌹 𐍅𐌰𐌹𐌷𐍄𐌰𐌹𐍃 𐌹𐌽 𐌽𐌰𐌼𐌹𐌽 𐌼𐌴𐌹𐌽𐌰𐌼𐌼𐌰; 𐌱𐌹𐌳𐌾𐌰𐌹𐌸 𐌾𐌰𐌷 𐌽𐌹𐌼𐌹𐌸, 𐌴𐌹 𐍆𐌰𐌷𐌴𐌸𐍃 𐌹𐌶𐍅𐌰𐍂𐌰 𐍃𐌹𐌾𐌰𐌹 𐌿𐍃𐍆𐌿𐌻𐌻𐌹𐌳𐌰."
John,16,25,"𐌸𐌰𐍄𐌰 𐌹𐌽 𐌲𐌰𐌾𐌿𐌺𐍉𐌼 𐍂𐍉𐌳𐌹𐌳𐌰 𐌹𐌶𐍅𐌹𐍃; 𐌰𐌺𐌴𐌹 𐌵𐌹𐌼𐌹𐌸 𐍈𐌴𐌹𐌻𐌰, 𐌸𐌰𐌽𐌿𐌷 𐌹𐌶𐍅𐌹𐍃 𐌽𐌹 𐌸𐌰𐌽𐌰𐍃𐌴𐌹𐌸𐍃 𐌹𐌽 𐌲𐌰𐌾𐌿𐌺𐍉𐌼 𐍂𐍉𐌳𐌾𐌰, 𐌰𐌺 𐌰𐌽𐌳𐌰𐌿𐌲𐌹𐌱𐌰 𐌱𐌹 𐌰𐍄𐍄𐌰𐌽 𐌲𐌰𐍄𐌴𐌹𐌷𐌰 𐌹𐌶𐍅𐌹𐍃."
John,16,26,"𐌹𐌽 𐌾𐌰𐌹𐌽𐌰𐌼𐌼𐌰 𐌳𐌰𐌲𐌰 𐌹𐌽 𐌽𐌰𐌼𐌹𐌽 𐌼𐌴𐌹𐌽𐌰𐌼𐌼𐌰 𐌱𐌹𐌳𐌾𐌹𐌸, 𐌾𐌰𐌷 𐌽𐌹 𐌵𐌹𐌸𐌰 𐌹𐌶𐍅𐌹𐍃 𐌸𐌴𐌹 𐌹𐌺 𐌱𐌹𐌳𐌾𐌰𐌿 𐌰𐍄𐍄𐌰𐌽 𐌱𐌹 𐌹𐌶𐍅𐌹𐍃;"
John,16,27,"𐌰𐌺 𐍃𐌹𐌻𐌱𐌰 𐌰𐍄𐍄𐌰 𐍆𐍂𐌹𐌾𐍉𐌸 𐌹𐌶𐍅𐌹𐍃, 𐌿𐌽𐍄𐌴 𐌾𐌿𐍃 𐌼𐌹𐌺 𐍆𐍂𐌹𐌾𐍉𐌳𐌴𐌳𐌿𐌸 𐌾𐌰𐌷 𐌲𐌰𐌻𐌰𐌿𐌱𐌹𐌳𐌴𐌳𐌿𐌸 𐌸𐌰𐍄𐌴𐌹 𐌹𐌺 𐍆𐍂𐌰𐌼 𐌲𐌿𐌳𐌰 𐌿𐍂𐍂𐌰𐌽𐌽."
John,16,28,𐌿𐌶𐌿𐌷𐌹𐌳𐌳𐌾𐌰 𐍆𐍂𐌰𐌼 𐌰𐍄𐍄𐌹𐌽 𐌾𐌰𐌷 𐌰𐍄𐌹𐌳𐌳𐌾𐌰 𐌹𐌽 𐌸𐌰𐌽𐌰 𐍆𐌰𐌹𐍂𐍈𐌿; 𐌰𐍆𐍄𐍂𐌰 𐌱𐌹𐌻𐌴𐌹𐌸𐌰 𐌸𐌰𐌼𐌼𐌰 𐍆𐌰𐌹𐍂𐍈𐌰𐌿 𐌾𐌰𐌷 𐌲𐌰𐌲𐌲𐌰 𐌳𐌿 𐌰𐍄𐍄𐌹𐌽.
John,16,29,"𐌸𐌰𐍂𐌿𐌷 𐌵𐌴𐌸𐌿𐌽 𐌸𐌰𐌹 𐍃𐌹𐍀𐍉𐌽𐌾𐍉𐍃 𐌹𐍃: 𐍃𐌰𐌹, 𐌽𐌿 𐌰𐌽𐌳𐌰𐌿𐌲𐌹𐌱𐌰 𐍂𐍉𐌳𐌴𐌹𐍃 𐌾𐌰𐌷 𐌲𐌰𐌾𐌿𐌺𐍉𐌽𐍉 𐌽𐌹 𐌰𐌹𐌽𐍉𐌷𐌿𐌽 𐌵𐌹𐌸𐌹𐍃."
John,16,30,"𐌽𐌿 𐍅𐌹𐍄𐌿𐌼 𐌴𐌹 𐌸𐌿 𐌺𐌰𐌽𐍄 𐌰𐌻𐌻𐌰, 𐌾𐌰𐌷 𐌽𐌹 𐌸𐌰𐍂𐍆𐍄 𐌴𐌹 𐌸𐌿𐌺 𐍈𐌰𐍃 𐍆𐍂𐌰𐌹𐌷𐌽𐌰𐌹; 𐌱𐌹 𐌸𐌰𐌼𐌼𐌰 𐌲𐌰𐌻𐌰𐌿𐌱𐌾𐌰𐌼 𐌸𐌰𐍄𐌴𐌹 𐌸𐌿 𐍆𐍂𐌰𐌼 𐌲𐌿𐌳𐌰 𐌿𐍂𐍂𐌰𐌽𐍄."
John,16,31,𐌰𐌽𐌳𐌷𐍉𐍆 𐌹𐌼 𐌹𐌴𐍃𐌿𐍃: 𐌽𐌿 𐌲𐌰𐌻𐌰𐌿𐌱𐌴𐌹𐌸?
John,16,32,"𐍃𐌰𐌹, 𐌵𐌹𐌼𐌹𐌸 𐍈𐌴𐌹𐌻𐌰 𐌾𐌰𐌷 𐌽𐌿 𐌵𐌰𐌼, 𐌴𐌹 𐌳𐌹𐍃𐍄𐌰𐌷𐌾𐌰𐌳𐌰 𐍈𐌰𐍂𐌾𐌹𐌶𐌿𐌷 𐌳𐌿 𐍃𐌴𐌹𐌽𐌰𐌹𐌼, 𐌾𐌰𐌷 𐌼𐌹𐌺 𐌰𐌹𐌽𐌰𐌽𐌰 𐌱𐌹𐌻𐌴𐌹𐌸𐌹𐌸; 𐌾𐌰𐌷 𐌽𐌹 𐌹𐌼 𐌰𐌹𐌽𐍃, 𐌿𐌽𐍄𐌴 𐌰𐍄𐍄𐌰 𐌼𐌹𐌸 𐌼𐌹𐍃 𐌹𐍃𐍄."
John,16,33,"𐌸𐌰𐍄𐌰 𐍂𐍉𐌳𐌹𐌳𐌰 𐌹𐌶𐍅𐌹𐍃, 𐌸𐌴𐌹 𐌹𐌽 𐌼𐌹𐍃 𐌲𐌰𐍅𐌰𐌹𐍂𐌸𐌹 𐌰𐌹𐌲𐌴𐌹𐌸. 𐌹𐌽 𐌸𐌰𐌼𐌼𐌰 𐍆𐌰𐌹𐍂𐍈𐌰𐌿 𐌰𐌲𐌻𐍉𐌽𐍃 𐌷𐌰𐌱𐌰𐌹𐌳; 𐌰𐌺𐌴𐌹 𐌸𐍂𐌰𐍆𐍃𐍄𐌴𐌹𐌸 𐌹𐌶𐍅𐌹𐍃, 𐌹𐌺 𐌲𐌰𐌾𐌹𐌿𐌺𐌰𐌹𐌳𐌰 𐌸𐌰𐌽𐌰 𐍆𐌰𐌹𐍂𐍈𐌿."
John,17,1,"Ã𐌰𐍄𐌰 𐍂𐍉𐌳𐌹𐌳𐌰 𐌹𐌴𐍃𐌿𐍃 𐌿𐌶𐌿𐌷𐌷𐍉𐍆 𐌰𐌿𐌲𐍉𐌽𐌰 𐍃𐌴𐌹𐌽𐌰 𐌳𐌿 𐌷𐌹𐌼𐌹𐌽𐌰 𐌾𐌰𐌷 𐌵𐌰𐌸: 𐌰𐍄𐍄𐌰, 𐌵𐌰𐌼 𐍈𐌴𐌹𐌻𐌰, 𐌷𐌰𐌿𐌷𐌴𐌹 𐌸𐌴𐌹𐌽𐌰𐌽𐌰 𐍃𐌿𐌽𐌿, 𐌴𐌹 𐍃𐌿𐌽𐌿𐍃 𐌸𐌴𐌹𐌽𐍃 𐌷𐌰𐌿𐌷𐌾𐌰𐌹 𐌸𐌿𐌺;"
John,17,2,"𐍃𐍅𐌰𐍃𐍅𐌴 𐌰𐍄𐌲𐌰𐍆𐍄 𐌹𐌼𐌼𐌰 𐍅𐌰𐌻𐌳𐌿𐍆𐌽𐌹 𐌰𐌻𐌻𐌰𐌹𐌶𐌴 𐌻𐌴𐌹𐌺𐌴, 𐌴𐌹 𐌰𐌻𐌻 𐌸𐌰𐍄𐌴𐌹 𐌰𐍄𐌲𐌰𐍆𐍄 𐌹𐌼𐌼𐌰, 𐌲𐌹𐌱𐌰𐌹 𐌹𐌼 𐌻𐌹𐌱𐌰𐌹𐌽 𐌰𐌹𐍅𐌴𐌹𐌽𐍉𐌽."
John,17,3,"𐍃𐍉𐌷 𐌸𐌰𐌽 𐌹𐍃𐍄 𐍃𐍉 𐌰𐌹𐍅𐌴𐌹𐌽𐍉 𐌻𐌹𐌱𐌰𐌹𐌽𐍃, 𐌴𐌹 𐌺𐌿𐌽𐌽𐌴𐌹𐌽𐌰 𐌸𐌿𐌺 𐌰𐌹𐌽𐌰𐌽𐌰 𐍃𐌿𐌽𐌾𐌰𐌽𐌰 𐌲𐌿𐌸 𐌾𐌰𐌷 𐌸𐌰𐌽𐌴𐌹 𐌹𐌽𐍃𐌰𐌽𐌳𐌹𐌳𐌴𐍃, 𐌹𐌴𐍃𐌿 𐍇𐍂𐌹𐍃𐍄𐌿."
John,17,4,𐌹𐌺 𐌸𐌿𐌺 𐌷𐌰𐌿𐌷𐌹𐌳𐌰 𐌰𐌽𐌰 𐌰𐌹𐍂𐌸𐌰𐌹; 𐍅𐌰𐌿𐍂𐍃𐍄𐍅 𐌿𐍃𐍄𐌰𐌿𐌷 𐌸𐌰𐍄𐌴𐌹 𐌰𐍄𐌲𐌰𐍆𐍄 𐌼𐌹𐍃 𐌳𐌿 𐍅𐌰𐌿𐍂𐌺𐌾𐌰𐌽.
John,17,5,"𐌾𐌰𐌷 𐌽𐌿 𐌷𐌰𐌿𐌷𐌴𐌹 𐌼𐌹𐌺, 𐌸𐌿 𐌰𐍄𐍄𐌰, 𐌰𐍄 𐌸𐌿𐍃 𐍃𐌹𐌻𐌱𐌹𐌽 𐌸𐌰𐌼𐌼𐌰 𐍅𐌿𐌻𐌸𐌰𐌿, 𐌸𐌰𐌽𐌴𐌹 𐌷𐌰𐌱𐌰𐌹𐌳𐌰 𐌰𐍄 𐌸𐌿𐍃, 𐍆𐌰𐌿𐍂𐌸𐌹𐌶𐌴𐌹 𐍃𐌰 𐍆𐌰𐌹𐍂𐍈𐌿𐍃 𐍅𐌴𐍃𐌹."
John,17,6,"𐌲𐌰𐌱𐌰𐌹𐍂𐌷𐍄𐌹𐌳𐌰 𐌸𐌴𐌹𐌽𐌰𐍄𐌰 𐌽𐌰𐌼𐍉 𐌼𐌰𐌽𐌽𐌰𐌼 𐌸𐌰𐌽𐌶𐌴𐌹 𐌰𐍄𐌲𐌰𐍆𐍄 𐌼𐌹𐍃 𐌿𐍃 𐌸𐌰𐌼𐌼𐌰 𐍆𐌰𐌹𐍂𐍈𐌰𐌿. 𐌸𐌴𐌹𐌽𐌰𐌹 𐍅𐌴𐍃𐌿𐌽 𐌾𐌰𐌷 𐌼𐌹𐍃 𐌰𐍄𐌲𐌰𐍆𐍄 𐌹𐌽𐍃, 𐌾𐌰𐌷 𐌸𐌰𐍄𐌰 𐍅𐌰𐌿𐍂𐌳 𐌸𐌴𐌹𐌽𐌰𐍄𐌰 𐌲𐌰𐍆𐌰𐍃𐍄𐌰𐌹𐌳𐌴𐌳𐌿𐌽."
John,17,7,"𐌽𐌿 𐌿𐍆𐌺𐌿𐌽𐌸𐌰 𐌴𐌹 𐌰𐌻𐌻𐌰 𐌸𐍉𐌴𐌹 𐌰𐍄𐌲𐌰𐍆𐍄 𐌼𐌹𐍃, 𐌰𐍄 𐌸𐌿𐍃 𐍃𐌹𐌽𐌳;"
John,17,8,"𐌿𐌽𐍄𐌴 𐌸𐍉 𐍅𐌰𐌿𐍂𐌳𐌰 𐌸𐍉𐌴𐌹 𐌰𐍄𐌲𐌰𐍆𐍄 𐌼𐌹𐍃, 𐌰𐍄𐌲𐌰𐍆 𐌹𐌼, 𐌾𐌰𐌷 𐌴𐌹𐍃 𐌽𐌴𐌼𐌿𐌽 𐌱𐌹 𐍃𐌿𐌽𐌾𐌰𐌹 𐌸𐌰𐍄𐌴𐌹 𐍆𐍂𐌰𐌼 𐌸𐌿𐍃 𐌿𐍂𐍂𐌰𐌽𐌽, 𐌾𐌰𐌷 𐌲𐌰𐌻𐌰𐌿𐌱𐌹𐌳𐌴𐌳𐌿𐌽 𐌸𐌰𐍄𐌴𐌹 𐌸𐌿 𐌼𐌹𐌺 𐌹𐌽𐍃𐌰𐌽𐌳𐌹𐌳𐌴𐍃."
John,17,9,"𐌹𐌺 𐌱𐌹 𐌹𐌽𐍃 𐌱𐌹𐌳𐌾𐌰; 𐌽𐌹 𐌱𐌹 𐌸𐍉 𐌼𐌰𐌽𐌰𐍃𐌴𐌸 𐌱𐌹𐌳𐌾𐌰, 𐌰𐌺 𐌱𐌹 𐌸𐌰𐌽𐍃 𐌸𐌰𐌽𐌶𐌴𐌹 𐌰𐍄𐌲𐌰𐍆𐍄 𐌼𐌹𐍃, 𐌿𐌽𐍄𐌴 𐌸𐌴𐌹𐌽𐌰𐌹 𐍃𐌹𐌽𐌳."
John,17,10,"𐌾𐌰𐌷 𐌼𐌴𐌹𐌽𐌰 𐌰𐌻𐌻𐌰 𐌸𐌴𐌹𐌽𐌰 𐍃𐌹𐌽𐌳 𐌾𐌰𐌷 𐌸𐌴𐌹𐌽𐌰 𐌼𐌴𐌹𐌽𐌰, 𐌾𐌰𐌷 𐌷𐌰𐌿𐌷𐌹𐌸𐍃 𐌹𐌼 𐌹𐌽 𐌸𐌰𐌹𐌼."
John,17,11,"𐌽𐌹 𐌸𐌰𐌽𐌰𐍃𐌴𐌹𐌸𐍃 𐌹𐌼 𐌹𐌽 𐌸𐌰𐌼𐌼𐌰 𐍆𐌰𐌹𐍂𐍈𐌰𐌿; 𐌹𐌸 𐌸𐌰𐌹 𐌹𐌽 𐌸𐌰𐌼𐌼𐌰 𐍆𐌰𐌹𐍂𐍈𐌰𐌿 𐍃𐌹𐌽𐌳, 𐌾𐌰𐌷 𐌹𐌺 𐌳𐌿 𐌸𐌿𐍃 𐌲𐌰𐌲𐌲𐌰. 𐌰𐍄𐍄𐌰 𐍅𐌴𐌹𐌷𐌰, 𐍆𐌰𐍃𐍄𐌰𐌹 𐌹𐌽𐍃 𐌹𐌽 𐌽𐌰𐌼𐌹𐌽 𐌸𐌴𐌹𐌽𐌰𐌼𐌼𐌰, 𐌸𐌰𐌽𐌶𐌴𐌹 𐌰𐍄𐌲𐌰𐍆𐍄 𐌼𐌹𐍃, 𐌴𐌹 𐍃𐌹𐌾𐌰𐌹𐌽𐌰 𐌰𐌹𐌽 𐍃𐍅𐌰𐍃𐍅𐌴 𐍅𐌹𐍄."
John,17,12,"𐌸𐌰𐌽 𐍅𐌰𐍃 𐌼𐌹𐌸 𐌹𐌼 𐌹𐌽 𐌸𐌰𐌼𐌼𐌰 𐍆𐌰𐌹𐍂𐍈𐌰𐌿, 𐌹𐌺 𐍆𐌰𐍃𐍄𐌰𐌹𐌳𐌰 𐌹𐌽𐍃 𐌹𐌽 𐌽𐌰𐌼𐌹𐌽 𐌸𐌴𐌹𐌽𐌰𐌼𐌼𐌰. 𐌸𐌰𐌽𐌶𐌴𐌹 𐌰𐍄𐌲𐌰𐍆𐍄 𐌼𐌹𐍃 𐌲𐌰𐍆𐌰𐍃𐍄𐌰𐌹𐌳𐌰, 𐌾𐌰𐌷 𐌰𐌹𐌽𐍃𐌷𐌿𐌽 𐌿𐍃 𐌹𐌼 𐌽𐌹 𐍆𐍂𐌰𐌵𐌹𐍃𐍄𐌽𐍉𐌳𐌰, 𐌽𐌹𐌱𐌰 𐍃𐌰 𐍃𐌿𐌽𐌿𐍃 𐍆𐍂𐌰𐌻𐌿𐍃𐍄𐌰𐌹𐍃, 𐌴𐌹 𐌸𐌰𐍄𐌰 𐌲𐌰𐌼𐌴𐌻𐌹𐌳𐍉 𐌿𐍃𐍆𐌿𐌻𐌻𐌹𐌸 𐍅𐌰𐌿𐍂𐌸𐌹."
John,17,13,"𐌹𐌸 𐌽𐌿 𐌳𐌿 𐌸𐌿𐍃 𐌲𐌰𐌲𐌲𐌰, 𐌾𐌰𐌷 𐌸𐌰𐍄𐌰 𐍂𐍉𐌳𐌾𐌰 𐌹𐌽 𐌼𐌰𐌽𐌰𐍃𐌴𐌳𐌰𐌹, 𐌴𐌹 𐌷𐌰𐌱𐌰𐌹𐌽𐌰 𐍆𐌰𐌷𐌴𐌳 𐌼𐌴𐌹𐌽𐌰 𐌿𐍃𐍆𐌿𐌻𐌻𐌹𐌳𐌰 𐌹𐌽 𐍃𐌹𐍃."
John,17,14,"𐌹𐌺 𐌰𐍄𐌲𐌰𐍆 𐌹𐌼 𐍅𐌰𐌿𐍂𐌳 𐌸𐌴𐌹𐌽𐌰𐍄𐌰; 𐌾𐌰𐌷 𐍃𐍉 𐌼𐌰𐌽𐌰𐍃𐌴𐌸𐍃 𐍆𐌹𐌾𐌰𐌹𐌳𐌰 𐌹𐌽𐍃, 𐌿𐌽𐍄𐌴 𐌽𐌹 𐍃𐌹𐌽𐌳 𐌿𐍃 𐌸𐌰𐌼𐌼𐌰 𐍆𐌰𐌹𐍂𐍈𐌰𐌿, 𐍃𐍅𐌰𐍃𐍅𐌴 𐌹𐌺 𐌿𐍃 𐌸𐌰𐌼𐌼𐌰 𐍆𐌰𐌹𐍂𐍈𐌰𐌿 𐌽𐌹 𐌹𐌼."
John,17,15,"𐌽𐌹 𐌱𐌹𐌳𐌾𐌰 𐌴𐌹 𐌿𐍃𐌽𐌹𐌼𐌰𐌹𐍃 𐌹𐌽𐍃 𐌿𐍃 𐌸𐌰𐌼𐌼𐌰 𐍆𐌰𐌹𐍂𐍈𐌰𐌿, 𐌰𐌺 𐌴𐌹 𐌱𐌰𐌹𐍂𐌲𐌰𐌹𐍃 𐌹𐌼 𐍆𐌰𐌿𐍂𐌰 𐌸𐌰𐌼𐌼𐌰 𐌿𐌽𐍃𐌴𐌻𐌾𐌹𐌽."
John,17,16,"𐌿𐍃 𐌸𐌰𐌼𐌼𐌰 𐍆𐌰𐌹𐍂𐍈𐌰𐌿 𐌽𐌹 𐍃𐌹𐌽𐌳, 𐍃𐍅𐌰𐍃𐍅𐌴 𐌹𐌺 𐌿𐍃 𐌸𐌰𐌼𐌼𐌰 𐍆𐌰𐌹𐍂𐍈𐌰𐌿 𐌽𐌹 𐌹𐌼."
John,17,17,𐍅𐌴𐌹𐌷𐌰𐌹 𐌹𐌽𐍃 𐌹𐌽 𐍃𐌿𐌽𐌾𐌰𐌹; 𐍅𐌰𐌿𐍂𐌳 𐌸𐌴𐌹𐌽𐌰𐍄𐌰 𐍃𐌿𐌽𐌾𐌰 𐌹𐍃𐍄.
John,17,18,"𐍃𐍅𐌰𐍃𐍅𐌴 𐌼𐌹𐌺 𐌹𐌽𐍃𐌰𐌽𐌳𐌹𐌳𐌴𐍃 𐌹𐌽 𐌼𐌰𐌽𐌰𐍃𐌴𐌸, 𐍃𐍅𐌰𐌷 𐌹𐌺 𐌹𐌽𐍃𐌰𐌽𐌳𐌹𐌳𐌰 𐌹𐌽𐍃 𐌹𐌽 𐌸𐍉 𐌼𐌰𐌽𐌰𐍃𐌴𐌳."
John,17,19,"𐌾𐌰𐌷 𐍆𐍂𐌰𐌼 𐌹𐌼 𐌹𐌺 𐍅𐌴𐌹𐌷𐌰 𐌼𐌹𐌺 𐍃𐌹𐌻𐌱𐌰𐌽, 𐌴𐌹 𐍃𐌹𐌾𐌰𐌹𐌽𐌰 𐌾𐌰𐌷 𐌴𐌹𐍃 𐍅𐌴𐌹𐌷𐌰𐌹 𐌹𐌽 𐍃𐌿𐌽𐌾𐌰𐌹."
John,17,20,"𐌰𐌸𐌸𐌰𐌽 𐌽𐌹 𐌱𐌹 𐌸𐌰𐌽𐍃 𐌱𐌹𐌳𐌾𐌰 𐌰𐌹𐌽𐌰𐌽𐍃, 𐌰𐌺 𐌱𐌹 𐌸𐌰𐌽𐍃 𐌲𐌰𐌻𐌰𐌿𐌱𐌾𐌰𐌽𐌳𐌰𐌽𐍃 𐌸𐌰𐌹𐍂𐌷 𐍅𐌰𐌿𐍂𐌳𐌰 𐌹𐌶𐌴 𐌳𐌿 𐌼𐌹𐍃,"
John,17,21,"𐌴𐌹 𐌰𐌻𐌻𐌰𐌹 𐌰𐌹𐌽 𐍃𐌹𐌾𐌰𐌹𐌽𐌰, 𐍃𐍅𐌰𐍃𐍅𐌴 𐌸𐌿, 𐌰𐍄𐍄𐌰, 𐌹𐌽 𐌼𐌹𐍃 𐌾𐌰𐌷 𐌹𐌺 𐌹𐌽 𐌸𐌿𐍃, 𐌴𐌹 𐌾𐌰𐌷 𐌸𐌰𐌹 𐌹𐌽 𐌿𐌲𐌲𐌺𐌹𐍃 𐌰𐌹𐌽 𐍃𐌹𐌾𐌰𐌹𐌽𐌰, 𐌴𐌹 𐍃𐍉 𐌼𐌰𐌽𐌰𐍃𐌴𐌸𐍃 𐌲𐌰𐌻𐌰𐌿𐌱𐌾𐌰𐌹 𐌸𐌰𐍄𐌴𐌹 𐌸𐌿 𐌼𐌹𐌺 𐌹𐌽𐍃𐌰𐌽𐌳𐌹𐌳𐌴𐍃."
John,17,22,"𐌾𐌰𐌷 𐌹𐌺 𐍅𐌿𐌻𐌸𐌿 𐌸𐌰𐌽𐌴𐌹 𐌲𐌰𐍆𐍄 𐌼𐌹𐍃, 𐌲𐌰𐍆 𐌹𐌼, 𐌴𐌹 𐍃𐌹𐌾𐌰𐌹𐌽𐌰 𐌰𐌹𐌽, 𐍃𐍅𐌰𐍃𐍅𐌴 𐍅𐌹𐍄 𐌰𐌹𐌽 𐍃𐌹𐌾𐌿."
John,17,23,"𐌹𐌺 𐌹𐌽 𐌹𐌼 𐌾𐌰𐌷 𐌸𐌿 𐌹𐌽 𐌼𐌹𐍃, 𐌴𐌹 𐍃𐌹𐌾𐌰𐌹𐌽𐌰 𐌿𐍃𐍄𐌰𐌿𐌷𐌰𐌽𐌰𐌹 𐌳𐌿 𐌰𐌹𐌽𐌰𐌼𐌼𐌰, 𐌾𐌰𐌷 𐌺𐌿𐌽𐌽𐌴𐌹 𐍃𐍉 𐌼𐌰𐌽𐌰𐍃𐌴𐌸𐍃 𐌸𐌰𐍄𐌴𐌹 𐌸𐌿 𐌼𐌹𐌺 𐌹𐌽𐍃𐌰𐌽𐌳𐌹𐌳𐌴𐍃 𐌾𐌰𐌷 𐍆𐍂𐌹𐌾𐍉𐌳𐌴𐍃 𐌹𐌽𐍃, 𐍃𐍅𐌰𐍃𐍅𐌴 𐌼𐌹𐌺 𐍆𐍂𐌹𐌾𐍉𐌳𐌴𐍃."
John,17,24,"𐌰𐍄𐍄𐌰, 𐌸𐌰𐍄𐌴𐌹 𐌰𐍄𐌲𐌰𐍆𐍄 𐌼𐌹𐍃, 𐍅𐌹𐌻𐌾𐌰𐌿 𐌴𐌹 𐌸𐌰𐍂𐌴𐌹 𐌹𐌼 𐌹𐌺, 𐌾𐌰𐌷 𐌸𐌰𐌹 𐍃𐌹𐌾𐌰𐌹𐌽𐌰 𐌼𐌹𐌸 𐌼𐌹𐍃, 𐌴𐌹 𐍃𐌰𐌹𐍈𐌰𐌹𐌽𐌰 𐍅𐌿𐌻𐌸𐌿 𐌼𐌴𐌹𐌽𐌰𐌽𐌰 𐌸𐌰𐌽𐌴𐌹 𐌲𐌰𐍆𐍄 𐌼𐌹𐍃, 𐌿𐌽𐍄𐌴 𐍆𐍂𐌹𐌾𐍉𐌳𐌴𐍃 𐌼𐌹𐌺 𐍆𐌰𐌿𐍂 𐌲𐌰𐍃𐌺𐌰𐍆𐍄 𐍆𐌰𐌹𐍂𐍈𐌰𐌿𐍃."
John,17,25,"𐌰𐍄𐍄𐌰 𐌲𐌰𐍂𐌰𐌹𐌷𐍄𐌰, 𐌾𐌰𐌷 𐍃𐍉 𐌼𐌰𐌽𐌰𐍃𐌴𐌸𐍃 𐌸𐌿𐌺 𐌽𐌹 𐌿𐍆𐌺𐌿𐌽𐌸𐌰; 𐌹𐌸 𐌹𐌺 𐌸𐌿𐌺 𐌺𐌿𐌽𐌸𐌰. 𐌾𐌰𐌷 𐌸𐌰𐌹 𐌿𐍆𐌺𐌿𐌽𐌸𐌴𐌳𐌿𐌽 𐌸𐌰𐍄𐌴𐌹 𐌸𐌿 𐌼𐌹𐌺 𐌹𐌽𐍃𐌰𐌽𐌳𐌹𐌳𐌴𐍃."
John,17,26,"𐌾𐌰𐌷 𐌲𐌰𐌺𐌰𐌽𐌽𐌹𐌳𐌰 𐌹𐌼 𐌽𐌰𐌼𐍉 𐌸𐌴𐌹𐌽𐌰𐍄𐌰 𐌾𐌰𐌷 𐌺𐌰𐌽𐌽𐌾𐌰, 𐌴𐌹 𐍆𐍂𐌹𐌰𐌸𐍅𐌰 𐌸𐍉𐌴𐌹 𐍆𐍂𐌹𐌾𐍉𐌳𐌴𐍃 𐌼𐌹𐌺, 𐌹𐌽 𐌹𐌼 𐍃𐌹𐌾𐌰𐌹 𐌾𐌰𐌷 𐌹𐌺 𐌹𐌽 𐌹𐌼."
John,18,1,"Ã𐌰𐍄𐌰 𐌵𐌹𐌸𐌰𐌽𐌳𐍃 𐌹𐌴𐍃𐌿𐍃 𐌿𐍃𐌹𐌳𐌳𐌾𐌰 𐌼𐌹𐌸 𐍃𐌹𐍀𐍉𐌽𐌾𐌰𐌼 𐍃𐌴𐌹𐌽𐌰𐌹𐌼 𐌿𐍆𐌰𐍂 𐍂𐌹𐌽𐌽𐍉𐌽 𐌸𐍉 𐌺𐌰𐌹𐌳𐍂𐍉𐌽, 𐌸𐌰𐍂𐌴𐌹 𐍅𐌰𐍃 𐌰𐌿𐍂𐍄𐌹𐌲𐌰𐍂𐌳𐍃, 𐌹𐌽 𐌸𐌰𐌽𐌴𐌹 𐌲𐌰𐌻𐌰𐌹𐌸 𐌹𐌴𐍃𐌿𐍃 𐌾𐌰𐌷 𐍃𐌹𐍀𐍉𐌽𐌾𐍉𐍃 𐌹𐍃."
John,18,2,"𐍅𐌹𐍃𐍃𐌿𐌷 𐌸𐌰𐌽 𐌾𐌰𐌷 𐌹𐌿𐌳𐌰𐍃 𐍃𐌰 𐌲𐌰𐌻𐌴𐍅𐌾𐌰𐌽𐌳𐍃 𐌹𐌽𐌰 𐌸𐌰𐌽𐌰 𐍃𐍄𐌰𐌳, 𐌸𐌰𐍄𐌴𐌹 𐌿𐍆𐍄𐌰 𐌲𐌰ï𐌳𐌳𐌾𐌰 𐌹𐌴𐍃𐌿𐍃 𐌾𐌰𐌹𐌽𐌰𐍂 𐌼𐌹𐌸 𐍃𐌹𐍀𐍉𐌽𐌾𐌰𐌼 𐍃𐌴𐌹𐌽𐌰𐌹𐌼."
John,18,3,"𐌹𐌸 𐌹𐌿𐌳𐌰𐍃 𐌽𐌰𐌼 𐌷𐌰𐌽𐍃𐌰 𐌾𐌰𐌷 𐌸𐌹𐌶𐌴 𐌲𐌿𐌳𐌾𐌰𐌽𐌴 𐌾𐌰𐌷 𐍆𐌰𐍂𐌴𐌹𐍃𐌰𐌹𐌴 𐌰𐌽𐌳𐌱𐌰𐌷𐍄𐌰𐌽𐍃, 𐌹𐌳𐌳𐌾𐌿𐌷 𐌾𐌰𐌹𐌽𐌳𐍅𐌰𐌹𐍂𐌸𐍃 𐌼𐌹𐌸 𐍃𐌺𐌴𐌹𐌼𐌰𐌼 𐌾𐌰𐌷 𐌷𐌰𐌹𐌶𐌰𐌼 𐌾𐌰𐌷 𐍅𐌴𐍀𐌽𐌰𐌼."
John,18,4,"𐌹𐌸 𐌹𐌴𐍃𐌿𐍃 𐍅𐌹𐍄𐌰𐌽𐌳𐍃 𐌰𐌻𐌻𐌰 𐌸𐍉𐌴𐌹 𐌵𐌴𐌼𐌿𐌽 𐌰𐌽𐌰 𐌹𐌽𐌰, 𐌿𐍃𐌲𐌰𐌲𐌲𐌰𐌽𐌳𐍃 𐌿𐍄 𐌵𐌰𐌸 𐌹𐌼: 𐍈𐌰𐌽𐌰 𐍃𐍉𐌺𐌴𐌹𐌸?"
John,18,5,"𐌰𐌽𐌳𐌷𐌰𐍆𐌾𐌰𐌽𐌳𐌰𐌽𐍃 𐌹𐌼𐌼𐌰 𐌵𐌴𐌸𐌿𐌽: 𐌹𐌴𐍃𐌿, 𐌸𐌰𐌽𐌰 𐌽𐌰𐌶𐍉𐍂𐌰𐌹𐌿. 𐌸𐌰𐍂𐌿𐌷 𐌵𐌰𐌸 𐌹𐌼 𐌹𐌴𐍃𐌿𐍃: 𐌹𐌺 𐌹𐌼. 𐍃𐍄𐍉𐌸𐌿𐌷 𐌸𐌰𐌽 𐌾𐌰𐌷 𐌹𐌿𐌳𐌰𐍃 𐍃𐌰 𐌻𐌴𐍅𐌾𐌰𐌽𐌳𐍃 𐌹𐌽𐌰 𐌼𐌹𐌸 𐌹𐌼."
John,18,6,"𐌸𐌰𐍂𐌿𐌷 𐍃𐍅𐌴 𐌵𐌰𐌸 𐌹𐌼 𐌸𐌰𐍄𐌴𐌹 𐌹𐌺 𐌹𐌼, 𐌲𐌰𐌻𐌹𐌸𐌿𐌽 𐌹𐌱𐌿𐌺𐌰𐌹 𐌾𐌰𐌷 𐌲𐌰𐌳𐍂𐌿𐍃𐌿𐌽 𐌳𐌰𐌻𐌰𐌸."
John,18,7,"𐌸𐌰𐌸𐍂𐍉𐌷 𐌸𐌰𐌽 𐌹𐌽𐍃 𐌰𐍆𐍄𐍂𐌰 𐍆𐍂𐌰𐌷: 𐍈𐌰𐌽𐌰 𐍃𐍉𐌺𐌴𐌹𐌸? 𐌹𐌸 𐌴𐌹𐍃 𐌵𐌴𐌸𐌿𐌽: 𐌹𐌴𐍃𐌿, 𐌸𐌰𐌽𐌰 𐌽𐌰𐌶𐍉𐍂𐌰𐌹𐌿."
John,18,8,"𐌰𐌽𐌳𐌷𐍉𐍆 𐌹𐌴𐍃𐌿𐍃: 𐌵𐌰𐌸 𐌹𐌶𐍅𐌹𐍃 𐌸𐌰𐍄𐌴𐌹 𐌹𐌺 𐌹𐌼; 𐌾𐌰𐌱𐌰𐌹 𐌽𐌿 𐌼𐌹𐌺 𐍃𐍉𐌺𐌴𐌹𐌸, 𐌻𐌴𐍄𐌹𐌸 𐌸𐌰𐌽𐍃 𐌲𐌰𐌲𐌲𐌰𐌽."
John,18,9,"𐌴𐌹 𐌿𐍃𐍆𐌿𐌻𐌻𐌽𐍉𐌳𐌴𐌳𐌹 𐌸𐌰𐍄𐌰 𐍅𐌰𐌿𐍂𐌳 𐌸𐌰𐍄𐌴𐌹 𐌵𐌰𐌸, 𐌴𐌹 𐌸𐌰𐌽𐌶𐌴𐌹 𐌰𐍄𐌲𐌰𐍆𐍄 𐌼𐌹𐍃, 𐌽𐌹 𐍆𐍂𐌰𐌵𐌹𐍃𐍄𐌹𐌳𐌰 𐌹𐌶𐌴 𐌰𐌹𐌽𐌿𐌼𐌼𐌴𐌷𐌿𐌽."
John,18,10,"𐌹𐌸 𐍃𐌴𐌹𐌼𐍉𐌽 𐍀𐌰𐌹𐍄𐍂𐌿𐍃 𐌷𐌰𐌱𐌰𐌽𐌳𐍃 𐌷𐌰𐌹𐍂𐌿, 𐌿𐍃𐌻𐌰𐌿𐌺 𐌹𐌽𐌰 𐌾𐌰𐌷 𐍃𐌻𐍉𐌷 𐌸𐌹𐍃 𐌰𐌿𐌷𐌿𐌼𐌹𐍃𐍄𐌹𐌽𐍃 𐌲𐌿𐌳𐌾𐌹𐌽𐍃 𐍃𐌺𐌰𐌻𐌺 𐌾𐌰𐌷 𐌰𐍆𐌼𐌰𐌹𐌼𐌰𐌹𐍄 𐌹𐌼𐌼𐌰 𐌰𐌿𐍃𐍉 𐍄𐌰𐌹𐌷𐍃𐍅𐍉; 𐍃𐌰𐌷 𐌸𐌰𐌽 𐌷𐌰𐌹𐍄𐌰𐌽𐍃 𐍅𐌰𐍃 𐌽𐌰𐌼𐌹𐌽 𐌼𐌰𐌻𐌺𐌿𐍃."
John,18,11,"𐌸𐌰𐍂𐌿𐌷 𐌵𐌰𐌸 𐌹𐌴𐍃𐌿𐍃 𐌳𐌿 𐍀𐌰𐌹𐍄𐍂𐌰𐌿: 𐌻𐌰𐌲𐌴𐌹 𐌸𐌰𐌽𐌰 𐌷𐌰𐌹𐍂𐌿 𐌹𐌽 𐍆𐍉𐌳𐍂. 𐍃𐍄𐌹𐌺𐌻 𐌸𐌰𐌽𐌴𐌹 𐌲𐌰𐍆 𐌼𐌹𐍃 𐌰𐍄𐍄𐌰, 𐌽𐌹𐌿 𐌳𐍂𐌹𐌲𐌺𐌰𐌿 𐌸𐌰𐌽𐌰?"
John,18,12,"𐌸𐌰𐍂𐌿𐌷 𐌷𐌰𐌽𐍃𐌰 𐌾𐌰𐌷 𐍃𐌰 𐌸𐌿𐍃𐌿𐌽𐌳𐌹𐍆𐌰𐌸𐍃 𐌾𐌰𐌷 𐌰𐌽𐌳𐌱𐌰𐌷𐍄𐍉𐍃 𐌹𐌿𐌳𐌰𐌹𐌴 𐌿𐌽𐌳𐌲𐍂𐌹𐍀𐌿𐌽 𐌹𐌴𐍃𐌿 𐌾𐌰𐌷 𐌲𐌰𐌱𐌿𐌽𐌳𐌿𐌽 𐌹𐌽𐌰,"
John,18,13,"𐌾𐌰𐌷 𐌲𐌰𐍄𐌰𐌿𐌷𐌿𐌽 𐌹𐌽𐌰 𐌳𐌿 𐌰𐌽𐌽𐌹𐌽 𐍆𐍂𐌿𐌼𐌹𐍃𐍄; 𐍃𐌰 𐍅𐌰𐍃 𐌰𐌿𐌺 𐍃𐍅𐌰𐌹𐌷𐍂𐌰 𐌺𐌰𐌾𐌰𐍆𐌹𐌽, 𐍃𐌰𐌴𐌹 𐍅𐌰𐍃 𐌰𐌿𐌷𐌿𐌼𐌹𐍃𐍄𐍃 𐍅𐌴𐌹𐌷𐌰 𐌸𐌹𐍃 𐌰𐍄𐌰𐌸𐌽𐌾𐌹𐍃."
John,18,14,"𐍅𐌰𐍃𐌿𐌷 𐌸𐌰𐌽 𐌺𐌰𐌾𐌰𐍆𐌰, 𐍃𐌰𐌴𐌹 𐌲𐌰𐍂𐌰𐌲𐌹𐌽𐍉𐌳𐌰 𐌹𐌿𐌳𐌰𐌹𐌿𐌼 𐌸𐌰𐍄𐌴𐌹 𐌱𐌰𐍄𐌹𐌶𐍉 𐌹𐍃𐍄 𐌰𐌹𐌽𐌰𐌽𐌰 𐌼𐌰𐌽𐌽𐌰𐌽 𐍆𐍂𐌰𐌵𐌹𐍃𐍄𐌾𐌰𐌽 𐍆𐌰𐌿𐍂 𐌼𐌰𐌽𐌰𐌲𐌴𐌹𐌽."
John,18,15,𐌸𐌰𐍂𐌿𐌷 𐌻𐌰𐌹𐍃𐍄𐌹𐌳𐌰 𐌹𐌴𐍃𐌿 𐍃𐌴𐌹𐌼𐍉𐌽 𐍀𐌰𐌹𐍄𐍂𐌿𐍃 𐌾𐌰𐌷 𐌰𐌽𐌸𐌰𐍂 𐍃𐌹𐍀𐍉𐌽𐌴𐌹𐍃. 𐍃𐌰𐌷 𐌸𐌰𐌽 𐍃𐌹𐍀𐍉𐌽𐌴𐌹𐍃 𐍅𐌰𐍃 𐌺𐌿𐌽𐌸𐍃 𐌸𐌰𐌼𐌼𐌰 𐌲𐌿𐌳𐌾𐌹𐌽 𐌾𐌰𐌷 𐌼𐌹𐌸𐌹𐌽𐌽𐌲𐌰𐌻𐌰𐌹𐌸 𐌼𐌹𐌸 𐌹𐌴𐍃𐌿𐌰 𐌹𐌽 𐍂𐍉𐌷𐍃𐌽 𐌸𐌹𐍃 𐌲𐌿𐌳𐌾𐌹𐌽𐍃.
John,18,16,"𐌹𐌸 𐍀𐌰𐌹𐍄𐍂𐌿𐍃 𐍃𐍄𐍉𐌸 𐌰𐍄 𐌳𐌰𐌿𐍂𐍉𐌼 𐌿𐍄𐌰. 𐌸𐌰𐍂𐌿𐌷 𐌿𐍃𐌹𐌳𐌳𐌾𐌰 𐌿𐍄 𐍃𐌰 𐍃𐌹𐍀𐍉𐌽𐌴𐌹𐍃 𐌰𐌽𐌸𐌰𐍂, 𐍃𐌰𐌴𐌹 𐍅𐌰𐍃 𐌺𐌿𐌽𐌸𐍃 𐌸𐌰𐌼𐌼𐌰 𐌲𐌿𐌳𐌾𐌹𐌽, 𐌾𐌰𐌷 𐌵𐌰𐌸 𐌳𐌰𐌿𐍂𐌰𐍅𐌰𐍂𐌳𐌰𐌹 𐌾𐌰𐌷 𐌰𐍄𐍄𐌰𐌿𐌷 𐌹𐌽𐌽 𐍀𐌰𐌹𐍄𐍂𐌿."
John,18,17,"𐌸𐌰𐍂𐌿𐌷 𐌵𐌰𐌸 𐌾𐌰𐌹𐌽𐌰 𐌸𐌹𐍅𐌹, 𐍃𐍉 𐌳𐌰𐌿𐍂𐌰𐍅𐌰𐍂𐌳𐍉, 𐌳𐌿 𐍀𐌰𐌹𐍄𐍂𐌰𐌿: 𐌹𐌱𐌰𐌹 𐌾𐌰𐌷 𐌸𐌿 𐌸𐌹𐌶𐌴 𐍃𐌹𐍀𐍉𐌽𐌾𐌴 𐌹𐍃 𐌸𐌹𐍃 𐌼𐌰𐌽𐍃? 𐌹𐌸 𐌹𐍃 𐌵𐌰𐌸: 𐌽𐌹 𐌹𐌼."
John,18,18,"𐌸𐌰𐍂𐌿𐌷 𐍃𐍄𐍉𐌸𐌿𐌽 𐍃𐌺𐌰𐌻𐌺𐍉𐍃 𐌾𐌰𐌷 𐌰𐌽𐌳𐌱𐌰𐌷𐍄𐍉𐍃 𐌷𐌰𐌿𐍂𐌾𐌰 𐍅𐌰𐌿𐍂𐌺𐌾𐌰𐌽𐌳𐌰𐌽𐍃, 𐌿𐌽𐍄𐌴 𐌺𐌰𐌻𐌳 𐍅𐌰𐍃, 𐌾𐌰𐌷 𐍅𐌰𐍂𐌼𐌹𐌳𐌴𐌳𐌿𐌽 𐍃𐌹𐌺; 𐌾𐌰𐌷 𐌸𐌰𐌽 𐍅𐌰𐍃 𐌼𐌹𐌸 𐌹𐌼 𐍀𐌰𐌹𐍄𐍂𐌿𐍃 𐍃𐍄𐌰𐌽𐌳𐌰𐌽𐌳𐍃 𐌾𐌰𐌷 𐍅𐌰𐍂𐌼𐌾𐌰𐌽𐌳𐍃 𐍃𐌹𐌺."
John,18,19,𐌹𐌸 𐍃𐌰 𐌰𐌿𐌷𐌿𐌼𐌹𐍃𐍄𐌰 𐌲𐌿𐌳𐌾𐌰 𐍆𐍂𐌰𐌷 𐌹𐌴𐍃𐌿 𐌱𐌹 𐍃𐌹𐍀𐍉𐌽𐌾𐌰𐌽𐍃 𐌹𐍃 𐌾𐌰𐌷 𐌱𐌹 𐌻𐌰𐌹𐍃𐌴𐌹𐌽 𐌹𐍃.
John,18,20,"𐌰𐌽𐌳𐌷𐍉𐍆 𐌹𐌼𐌼𐌰 𐌹𐌴𐍃𐌿𐍃: 𐌹𐌺 𐌰𐌽𐌳𐌰𐌿𐌲𐌾𐍉 𐍂𐍉𐌳𐌹𐌳𐌰 𐌼𐌰𐌽𐌰𐍃𐌴𐌳𐌰𐌹; 𐌹𐌺 𐍃𐌹𐌽𐍄𐌴𐌹𐌽𐍉 𐌻𐌰𐌹𐍃𐌹𐌳𐌰 𐌹𐌽 𐌲𐌰𐌵𐌿𐌼𐌸𐌰𐌹 𐌾𐌰𐌷 𐌹𐌽 𐌲𐌿𐌳𐌷𐌿𐍃𐌰, 𐌸𐌰𐍂𐌴𐌹 𐍃𐌹𐌽𐍄𐌴𐌹𐌽𐍉 𐌹𐌿𐌳𐌰𐌹𐌴𐌹𐍃 𐌲𐌰𐌵𐌹𐌼𐌰𐌽𐌳, 𐌾𐌰𐌷 𐌸𐌹𐌿𐌱𐌾𐍉 𐌽𐌹 𐍂𐍉𐌳𐌹𐌳𐌰 𐍅𐌰𐌹𐌷𐍄."
John,18,21,"𐍈𐌹𐍃 𐌼𐌹𐌺 𐍆𐍂𐌰𐌹𐌷𐌽𐌹𐍃? 𐍆𐍂𐌰𐌹𐌷𐌽 𐌸𐌰𐌽𐍃 𐌷𐌰𐌿𐍃𐌾𐌰𐌽𐌳𐌰𐌽𐍃 𐍈𐌰 𐍂𐍉𐌳𐌹𐌳𐌴𐌳𐌾𐌰𐌿 𐌳𐌿 𐌹𐌼; 𐍃𐌰𐌹, 𐌸𐌰𐌹 𐍅𐌹𐍄𐌿𐌽 𐌸𐌰𐍄𐌴𐌹 𐌵𐌰𐌸 𐌹𐌺."
John,18,22,"𐌹𐌸 𐌸𐌰𐍄𐌰 𐌵𐌹𐌸𐌰𐌽𐌳𐌹𐌽 𐌹𐌼𐌼𐌰, 𐍃𐌿𐌼𐍃 𐌰𐌽𐌳𐌱𐌰𐌷𐍄𐌴 𐍃𐍄𐌰𐌽𐌳𐌰𐌽𐌳𐍃 𐌲𐌰𐍆 𐍃𐌻𐌰𐌷 𐌻𐍉𐍆𐌹𐌽 𐌹𐌴𐍃𐌿𐌰 𐌵𐌰𐌸𐌿𐌷: 𐍃𐍅𐌰𐌿 𐌰𐌽𐌳𐌷𐌰𐍆𐌾𐌹𐍃 𐌸𐌰𐌼𐌼𐌰 𐍂𐌴𐌹𐌺𐌹𐍃𐍄𐌹𐌽 𐌲𐌿𐌳𐌾𐌹𐌽?"
John,18,23,"𐌰𐌽𐌳𐌷𐍉𐍆 𐌹𐌴𐍃𐌿𐍃: 𐌾𐌰𐌱𐌰𐌹 𐌿𐌱𐌹𐌻𐌰𐌱𐌰 𐍂𐍉𐌳𐌹𐌳𐌰, 𐍅𐌴𐌹𐍄𐍅𐍉𐌳𐌴𐌹 𐌱𐌹 𐌸𐌰𐍄𐌰 𐌿𐌱𐌹𐌻, 𐌰𐌹𐌸𐌸𐌰𐌿 𐌾𐌰𐌱𐌰𐌹 𐍅𐌰𐌹𐌻𐌰, 𐌳𐌿𐍈𐌴 𐌼𐌹𐌺 𐍃𐌻𐌰𐌷𐌹𐍃?"
John,18,24,"𐌸𐌰𐌽𐌿𐌷 𐌹𐌽𐍃𐌰𐌽𐌳𐌹𐌳𐌰 𐌹𐌽𐌰 𐌰𐌽𐌽𐌰𐍃 𐌲𐌰𐌱𐌿𐌽𐌳𐌰𐌽𐌰𐌽𐌰 𐌳𐌿 𐌺𐌰𐌾𐌰𐍆𐌹𐌽, 𐌸𐌰𐌼𐌼𐌰 𐌼𐌰𐌹𐍃𐍄𐌹𐌽 𐌲𐌿𐌳𐌾𐌹𐌽."
John,18,25,"𐌹𐌸 𐍃𐌴𐌹𐌼𐍉𐌽 𐍀𐌰𐌹𐍄𐍂𐌿𐍃 𐍅𐌰𐍃 𐍃𐍄𐌰𐌽𐌳𐌰𐌽𐌳𐍃 𐌾𐌰𐌷 𐍅𐌰𐍂𐌼𐌾𐌰𐌽𐌳𐍃 𐍃𐌹𐌺. 𐌸𐌰𐍂𐌿𐌷 𐌵𐌴𐌸𐌿𐌽 𐌳𐌿 𐌹𐌼𐌼𐌰: 𐌽𐌹𐌿 𐌾𐌰𐌷 𐌸𐌿 𐌸𐌹𐌶𐌴 𐍃𐌹𐍀𐍉𐌽𐌾𐌴 𐌸𐌹𐍃 𐌹𐍃? 𐌹𐌸 𐌹𐍃 𐌰𐍆𐌰𐌹𐌰𐌹𐌺 𐌾𐌰𐌷 𐌵𐌰𐌸: 𐌽𐌴, 𐌽𐌹 𐌹𐌼."
John,18,26,"𐌵𐌰𐌸 𐍃𐌿𐌼𐍃 𐌸𐌹𐌶𐌴 𐍃𐌺𐌰𐌻𐌺𐌴 𐌸𐌹𐍃 𐌼𐌰𐌹𐍃𐍄𐌹𐌽𐍃 𐌲𐌿𐌳𐌾𐌹𐌽𐍃, 𐍃𐌰𐌷 𐌽𐌹𐌸𐌾𐌹𐍃 𐍅𐌰𐍃 𐌸𐌰𐌼𐌼𐌴𐌹 𐌰𐍆𐌼𐌰𐌹𐌼𐌰𐌹𐍄 𐍀𐌰𐌹𐍄𐍂𐌿𐍃 𐌰𐌿𐍃𐍉: 𐌽𐌹𐌿 𐌸𐌿𐌺 𐍃𐌰𐍈 𐌹𐌺 𐌹𐌽 𐌰𐌿𐍂𐍄𐌹𐌲𐌰𐍂𐌳𐌰 𐌼𐌹𐌸 𐌹𐌼𐌼𐌰?"
John,18,27,"𐌸𐌰𐍂𐌿𐌷 𐌰𐍆𐍄𐍂𐌰 𐌰𐍆𐌰𐌹𐌰𐌹𐌺 𐍀𐌰𐌹𐍄𐍂𐌿𐍃, 𐌾𐌰𐌷 𐍃𐌿𐌽𐍃 𐌷𐌰𐌽𐌰 𐌷𐍂𐌿𐌺𐌹𐌳𐌰."
John,18,28,"𐌹𐌸 𐌴𐌹𐍃 𐍄𐌰𐌿𐌷𐌿𐌽 𐌹𐌴𐍃𐌿 𐍆𐍂𐌰𐌼 𐌺𐌰𐌾𐌰𐍆𐌹𐌽 𐌹𐌽 𐍀𐍂𐌰𐌹𐍄𐍉𐍂𐌹𐌰𐌿𐌽. 𐌸𐌰𐌽𐌿𐌷 𐍅𐌰𐍃 𐌼𐌰𐌿𐍂𐌲𐌹𐌽𐍃. 𐌹𐌸 𐌴𐌹𐍃 𐌽𐌹 𐌹𐌳𐌳𐌾𐌴𐌳𐌿𐌽 𐌹𐌽 𐍀𐍂𐌰𐌹𐍄𐍉𐍂𐌹𐌰, 𐌴𐌹 𐌽𐌹 𐌱𐌹𐍃𐌰𐌿𐌻𐌽𐍉𐌳𐌴𐌳𐌴𐌹𐌽𐌰, 𐌰𐌺 𐌼𐌰𐍄𐌹𐌳𐌴𐌳𐌴𐌹𐌽𐌰 𐍀𐌰𐍃𐍇𐌰."
John,18,29,𐌸𐌰𐍂𐌿𐌷 𐌰𐍄𐌹𐌳𐌳𐌾𐌰 𐌿𐍄 𐍀𐌴𐌹𐌻𐌰𐍄𐌿𐍃 𐌳𐌿 𐌹𐌼 𐌾𐌰𐌷 𐌵𐌰𐌸: 𐍈𐍉 𐍅𐍂𐍉𐌷𐌴 𐌱𐌰𐌹𐍂𐌹𐌸 𐌰𐌽𐌰 𐌸𐌰𐌽𐌰 𐌼𐌰𐌽𐌽𐌰𐌽?
John,18,30,"𐌰𐌽𐌳𐌷𐍉𐍆𐌿𐌽 𐌾𐌰𐌷 𐌵𐌴𐌸𐌿𐌽 𐌳𐌿 𐌹𐌼𐌼𐌰: 𐌽𐌹𐌷 𐍅𐌴𐍃𐌹 𐍃𐌰 𐌿𐌱𐌹𐌻𐍄𐍉𐌾𐌹𐍃, 𐌽𐌹 𐌸𐌰𐌿 𐍅𐌴𐌹𐍃 𐌰𐍄𐌲𐌴𐌱𐌴𐌹𐌼𐌰 𐌸𐌿𐍃 𐌹𐌽𐌰."
John,18,31,𐌸𐌰𐍂𐌿𐌷 𐌵𐌰𐌸 𐌹𐌼 𐍀𐌴𐌹𐌻𐌰𐍄𐌿𐍃: 𐌽𐌹𐌼𐌹𐌸 𐌹𐌽𐌰 𐌾𐌿𐍃 𐌾𐌰𐌷 𐌱𐌹 𐍅𐌹𐍄𐍉𐌳𐌰 𐌹𐌶𐍅𐌰𐍂𐌰𐌼𐌼𐌰 𐍃𐍄𐍉𐌾𐌹𐌸 𐌹𐌽𐌰. 𐌹𐌸 𐌴𐌹𐍃 𐌵𐌴𐌸𐌿𐌽𐌿𐌷 𐌳𐌿 𐌹𐌼𐌼𐌰 𐌹𐌿𐌳𐌰𐌹𐌴𐌹𐍃: 𐌿𐌽𐍃𐌹𐍃 𐌽𐌹 𐍃𐌺𐌿𐌻𐌳 𐌹𐍃𐍄 𐌿𐍃𐌵𐌹𐌼𐌰𐌽 𐌼𐌰𐌽𐌽𐌴 𐌰𐌹𐌽𐌿𐌼𐌼𐌴𐌷𐌿𐌽.
John,18,32,"𐌴𐌹 𐍅𐌰𐌿𐍂𐌳 𐍆𐍂𐌰𐌿𐌾𐌹𐌽𐍃 𐌿𐍃𐍆𐌿𐌻𐌻𐌽𐍉𐌳𐌴𐌳𐌹, 𐌸𐌰𐍄𐌴𐌹 𐌵𐌰𐌸, 𐌱𐌰𐌽𐌳𐍅𐌾𐌰𐌽𐌳𐍃 𐍈𐌹𐌻𐌴𐌹𐌺𐌰𐌼𐌼𐌰 𐌳𐌰𐌿𐌸𐌰𐌿 𐍃𐌺𐌿𐌻𐌳𐌰 𐌲𐌰𐍃𐍅𐌹𐌻𐍄𐌰𐌽."
John,18,33,𐌲𐌰𐌻𐌰𐌹𐌸 𐌹𐌽 𐍀𐍂𐌰𐌹𐍄𐌰𐌿𐍂𐌹𐌰 𐌰𐍆𐍄𐍂𐌰 𐍀𐌴𐌹𐌻𐌰𐍄𐌿𐍃 𐌾𐌰𐌷 𐍅𐍉𐍀𐌹𐌳𐌰 𐌹𐌴𐍃𐌿 𐌵𐌰𐌸𐌿𐌷 𐌹𐌼𐌼𐌰: 𐌸𐌿 𐌹𐍃 𐌸𐌹𐌿𐌳𐌰𐌽𐍃 𐌹𐌿𐌳𐌰𐌹𐌴?
John,18,34,𐌰𐌽𐌳𐌷𐍉𐍆 𐌹𐌴𐍃𐌿𐍃: 𐌰𐌱𐌿 𐌸𐌿𐍃 𐍃𐌹𐌻𐌱𐌹𐌽 𐌸𐌿 𐌸𐌰𐍄𐌰 𐌵𐌹𐌸𐌹𐍃 𐌸𐌰𐌿 𐌰𐌽𐌸𐌰𐍂𐌰𐌹 𐌸𐌿𐍃 𐌵𐌴𐌸𐌿𐌽 𐌱𐌹 𐌼𐌹𐌺?
John,18,35,𐌰𐌽𐌳𐌷𐍉𐍆 𐍀𐌴𐌹𐌻𐌰𐍄𐌿𐍃: 𐍅𐌰𐌹𐍄𐌴𐌹 𐌹𐌺 𐌹𐌿𐌳𐌰𐌹𐌿𐍃 𐌹𐌼? 𐍃𐍉 𐌸𐌹𐌿𐌳𐌰 𐌸𐌴𐌹𐌽𐌰 𐌾𐌰𐌷 𐌲𐌿𐌳𐌾𐌰𐌽𐍃 𐌰𐌽𐌰𐍆𐌿𐌻𐌷𐌿𐌽 𐌸𐌿𐌺 𐌼𐌹𐍃; 𐍈𐌰 𐌲𐌰𐍄𐌰𐍅𐌹𐌳𐌴𐍃?
John,18,36,"𐌰𐌽𐌳𐌷𐍉𐍆 𐌹𐌴𐍃𐌿𐍃: 𐌸𐌹𐌿𐌳𐌰𐌽𐌲𐌰𐍂𐌳𐌹 𐌼𐌴𐌹𐌽𐌰 𐌽𐌹𐍃𐍄 𐌿𐍃 𐌸𐌰𐌼𐌼𐌰 𐍆𐌰𐌹𐍂𐍈𐌰𐌿; 𐌹𐌸 𐌿𐍃 𐌸𐌰𐌼𐌼𐌰 𐍆𐌰𐌹𐍂𐍈𐌰𐌿 𐍅𐌴𐍃𐌹 𐌼𐌴𐌹𐌽𐌰 𐌸𐌹𐌿𐌳𐌰𐌽𐌲𐌰𐍂𐌳𐌹, 𐌰𐌹𐌸𐌸𐌰𐌿 𐌰𐌽𐌳𐌱𐌰𐌷𐍄𐍉𐍃 𐌼𐌴𐌹𐌽𐌰𐌹 𐌿𐍃𐌳𐌰𐌿𐌳𐌹𐌳𐌴𐌳𐌴𐌹𐌽𐌰, 𐌴𐌹 𐌽𐌹 𐌲𐌰𐌻𐌴𐍅𐌹𐌸𐍃 𐍅𐌴𐍃𐌾𐌰𐌿 𐌹𐌿𐌳𐌰𐌹𐌿𐌼. 𐌹𐌸 𐌽𐌿 𐌸𐌹𐌿𐌳𐌰𐌽𐌲𐌰𐍂𐌳𐌹 𐌼𐌴𐌹𐌽𐌰 𐌽𐌹𐍃𐍄 𐌸𐌰𐌸𐍂𐍉."
John,18,37,"𐌸𐌰𐍂𐌿𐌷 𐌵𐌰𐌸 𐌹𐌼𐌼𐌰 𐍀𐌴𐌹𐌻𐌰𐍄𐌿𐍃: 𐌰𐌽 𐌽𐌿𐌷 𐌸𐌹𐌿𐌳𐌰𐌽𐍃 𐌹𐍃 𐌸𐌿? 𐌰𐌽𐌳𐌷𐌰𐍆𐌾𐌰𐌽𐌳𐍃 𐌹𐌴𐍃𐌿𐍃: 𐌸𐌿 𐌵𐌹𐌸𐌹𐍃 𐌴𐌹 𐌸𐌹𐌿𐌳𐌰𐌽𐍃 𐌹𐌼 𐌹𐌺. 𐌹𐌺 𐌳𐌿 𐌸𐌰𐌼𐌼𐌰 𐌲𐌰𐌱𐌰𐌿𐍂𐌰𐌽𐍃 𐌹𐌼 𐌾𐌰𐌷 𐌳𐌿 𐌸𐌰𐌼𐌼𐌰 𐌵𐌰𐌼 𐌹𐌽 𐌸𐌰𐌼𐌼𐌰 𐍆𐌰𐌹𐍂𐍈𐌰𐌿 𐌴𐌹 𐍅𐌴𐌹𐍄𐍅𐍉𐌳𐌾𐌰𐌿 𐍃𐌿𐌽𐌾𐌰𐌹. 𐍈𐌰𐌶𐌿𐌷 𐍃𐌰𐌴𐌹 𐌹𐍃𐍄 𐍃𐌿𐌽𐌾𐍉𐍃, 𐌷𐌰𐌿𐍃𐌴𐌹𐌸 𐍃𐍄𐌹𐌱𐌽𐍉𐍃 𐌼𐌴𐌹𐌽𐌰𐌹𐌶𐍉𐍃."
John,18,38,𐌸𐌰𐌽𐌿𐌷 𐌵𐌰𐌸 𐌹𐌼𐌼𐌰 𐍀𐌴𐌹𐌻𐌰𐍄𐌿𐍃: 𐍈𐌰 𐌹𐍃𐍄 𐍃𐍉 𐍃𐌿𐌽𐌾𐌰! 𐌾𐌰𐌷 𐌸𐌰𐍄𐌰 𐌵𐌹𐌸𐌰𐌽𐌳𐍃 𐌲𐌰𐌻𐌰𐌹𐌸 𐌿𐍄 𐌳𐌿 𐌹𐌿𐌳𐌰𐌹𐌿𐌼 𐌾𐌰𐌷 𐌵𐌰𐌸 𐌹𐌼: 𐌹𐌺 𐌰𐌹𐌽𐍉𐌷𐌿𐌽 𐍆𐌰𐌹𐍂𐌹𐌽𐍉 𐌽𐌹 𐌱𐌹𐌲𐌹𐍄𐌰 𐌹𐌽 𐌸𐌰𐌼𐌼𐌰.
John,18,39,𐌹𐌸 𐌹𐍃𐍄 𐌱𐌹𐌿𐌷𐍄𐌹 𐌹𐌶𐍅𐌹𐍃 𐌴𐌹 𐌰𐌹𐌽𐌰𐌽𐌰 𐌹𐌶𐍅𐌹𐍃 𐍆𐍂𐌰𐌻𐌴𐍄𐌰𐌿 𐌹𐌽 𐍀𐌰𐍃𐍇𐌰; 𐍅𐌹𐌻𐌴𐌹𐌳𐌿 𐌽𐌿 𐌴𐌹 𐍆𐍂𐌰𐌻𐌴𐍄𐌰𐌿 𐌹𐌶𐍅𐌹𐍃 𐌸𐌰𐌽𐌰 𐌸𐌹𐌿𐌳𐌰𐌽 𐌹𐌿𐌳𐌰𐌹𐌴?
John,18,40,"𐌹𐌸 𐌴𐌹𐍃 𐌷𐍂𐍉𐍀𐌹𐌳𐌴𐌳𐌿𐌽 𐌰𐍆𐍄𐍂𐌰 𐌰𐌻𐌻𐌰𐌹 𐌵𐌹𐌸𐌰𐌽𐌳𐌰𐌽𐍃: 𐌽𐌴 𐌸𐌰𐌽𐌰, 𐌰𐌺 𐌱𐌰𐍂𐌰𐌱𐌱𐌰𐌽; 𐍃𐌰𐌷 𐌸𐌰𐌽 𐍅𐌰𐍃 𐍃𐌰 𐌱𐌰𐍂𐌰𐌱𐌱𐌰 𐍅𐌰𐌹𐌳𐌴𐌳𐌾𐌰."
John,19,1,Ã𐌰𐌽𐌿𐌷 𐌸𐌰𐌽 𐌽𐌰𐌼 𐍀𐌴𐌹𐌻𐌰𐍄𐌿𐍃 𐌹𐌴𐍃𐌿 𐌾𐌰𐌷 𐌿𐍃𐌱𐌻𐌰𐌲𐌲𐍅.
John,19,2,"𐌾𐌰𐌷 𐌸𐌰𐌹 𐌲𐌰𐌳𐍂𐌰𐌿𐌷𐍄𐌴𐌹𐍃 𐌿𐍃𐍅𐌿𐌽𐌳𐌿𐌽 𐍅𐌹𐍀𐌾𐌰 𐌿𐍃 𐌸𐌰𐌿𐍂𐌽𐌿𐌼 𐌾𐌰𐌷 𐌲𐌰𐌻𐌰𐌲𐌹𐌳𐌴𐌳𐌿𐌽 𐌹𐌼𐌼𐌰 𐌰𐌽𐌰 𐌷𐌰𐌿𐌱𐌹𐌳 𐌾𐌰𐌷 𐍅𐌰𐍃𐍄𐌾𐌰𐌹 𐍀𐌰𐌿𐍂𐍀𐌿𐍂𐍉𐌳𐌰𐌹 𐌲𐌰𐍅𐌰𐍃𐌹𐌳𐌴𐌳𐌿𐌽 𐌹𐌽𐌰,"
John,19,3,𐌾𐌰𐌷 𐌵𐌴𐌸𐌿𐌽: 𐌷𐌰𐌹𐌻𐍃 𐌸𐌹𐌿𐌳𐌰𐌽𐍃 𐌹𐌿𐌳𐌰𐌹𐌴! 𐌾𐌰𐌷 𐌲𐌴𐌱𐌿𐌽 𐌹𐌼𐌼𐌰 𐍃𐌻𐌰𐌷𐌹𐌽𐍃 𐌻𐍉𐍆𐌹𐌽.
John,19,4,"𐌰𐍄𐌹𐌳𐌳𐌾𐌰 𐌰𐍆𐍄𐍂𐌰 𐌿𐍄 𐍀𐌴𐌹𐌻𐌰𐍄𐌿𐍃 𐌾𐌰𐌷 𐌵𐌰𐌸 𐌹𐌼: 𐍃𐌰𐌹, 𐌰𐍄𐍄𐌹𐌿𐌷𐌰 𐌹𐌶𐍅𐌹𐍃 𐌹𐌽𐌰 𐌿𐍄, 𐌴𐌹 𐍅𐌹𐍄𐌴𐌹𐌸 𐌸𐌰𐍄𐌴𐌹 𐌹𐌽 𐌹𐌼𐌼𐌰 𐌽𐌹 𐌰𐌹𐌽𐍉𐌷𐌿𐌽 𐍆𐌰𐌹𐍂𐌹𐌽𐍉 𐌱𐌹𐌲𐌰𐍄."
John,19,5,𐌸𐌰𐍂𐌿𐌷 𐌿𐍃𐌹𐌳𐌳𐌾𐌰 𐌿𐍄 𐌹𐌴𐍃𐌿𐍃 𐌱𐌰𐌹𐍂𐌰𐌽𐌳𐍃 𐌸𐌰𐌽𐌰 𐌸𐌰𐌿𐍂𐌽𐌴𐌹𐌽𐌰𐌽 𐍅𐌰𐌹𐍀 𐌾𐌰𐌷 𐌸𐍉 𐍀𐌰𐌿𐍂𐍀𐌿𐍂𐍉𐌳𐍉𐌽 𐍅𐌰𐍃𐍄𐌾𐌰. 𐌾𐌰𐌷 𐌵𐌰𐌸 𐌹𐌼: 𐍃𐌰 𐌹𐍃𐍄 𐍃𐌰 𐌼𐌰𐌽𐌽𐌰.
John,19,6,"𐌸𐌰𐍂𐌿𐌷 𐌱𐌹𐌸𐌴 𐍃𐌴𐍈𐌿𐌽 𐌹𐌽𐌰 𐌸𐌰𐌹 𐌼𐌰𐌹𐍃𐍄𐌰𐌽𐍃 𐌲𐌿𐌳𐌾𐌰𐌽𐍃 𐌾𐌰𐌷 𐌰𐌽𐌳𐌱𐌰𐌷𐍄𐍉𐍃, 𐌷𐍂𐍉𐍀𐌹𐌳𐌴𐌳𐌿𐌽 𐌵𐌹𐌸𐌰𐌽𐌳𐌰𐌽𐍃: 𐌿𐍃𐌷𐍂𐌰𐌼𐌴𐌹, 𐌿𐍃𐌷𐍂𐌰𐌼𐌴𐌹 𐌹𐌽𐌰! 𐌵𐌰𐌸 𐌹𐌼 𐍀𐌴𐌹𐌻𐌰𐍄𐌿𐍃: 𐌽𐌹𐌼𐌹𐌸 𐌹𐌽𐌰 𐌾𐌿𐍃 𐌾𐌰𐌷 𐌷𐍂𐌰𐌼𐌾𐌹𐌸. 𐌹𐌸 𐌹𐌺 𐍆𐌰𐌹𐍂𐌹𐌽𐌰 𐌹𐌽 𐌹𐌼𐌼𐌰 𐌽𐌹 𐌱𐌹𐌲𐌹𐍄𐌰."
John,19,7,"𐌰𐌽𐌳𐌷𐍉𐍆𐌿𐌽 𐌹𐌼𐌼𐌰 𐌹𐌿𐌳𐌰𐌹𐌴𐌹𐍃: 𐍅𐌴𐌹𐍃 𐍅𐌹𐍄𐍉𐌸 𐌰𐌹𐌷𐌿𐌼, 𐌾𐌰𐌷 𐌱𐌹 𐌸𐌰𐌼𐌼𐌰 𐍅𐌹𐍄𐍉𐌳𐌰 𐌿𐌽𐍃𐌰𐍂𐌰𐌼𐌼𐌰 𐍃𐌺𐌰𐌻 𐌲𐌰𐍃𐍅𐌹𐌻𐍄𐌰𐌽, 𐌿𐌽𐍄𐌴 𐍃𐌹𐌺 𐍃𐌹𐌻𐌱𐌰𐌽 𐌲𐌿𐌳𐌹𐍃 𐍃𐌿𐌽𐌿 𐌲𐌰𐍄𐌰𐍅𐌹𐌳𐌰."
John,19,8,"𐌱𐌹𐌸𐌴 𐌲𐌰𐌷𐌰𐌿𐍃𐌹𐌳𐌰 𐍀𐌴𐌹𐌻𐌰𐍄𐌿𐍃 𐌸𐌰𐍄𐌰 𐍅𐌰𐌿𐍂𐌳, 𐌼𐌰𐌹𐍃 𐍉𐌷𐍄𐌰 𐍃𐌹𐍃."
John,19,9,𐌾𐌰𐌷 𐌲𐌰𐌻𐌰𐌹𐌸 𐌹𐌽 𐍀𐍂𐌰𐌹𐍄𐌰𐌿𐍂𐌹𐌰 𐌰𐍆𐍄𐍂𐌰 𐌾𐌰𐌷 𐌵𐌰𐌸 𐌳𐌿 𐌹𐌴𐍃𐌿𐌰: 𐍈𐌰𐌸𐍂𐍉 𐌹𐍃 𐌸𐌿? 𐌹𐌸 𐌹𐌴𐍃𐌿𐍃 𐌰𐌽𐌳𐌰𐍅𐌰𐌿𐍂𐌳𐌹 𐌽𐌹 𐌲𐌰𐍆 𐌹𐌼𐌼𐌰.
John,19,10,𐌸𐌰𐍂𐌿𐌷 𐌵𐌰𐌸 𐌹𐌼𐌼𐌰 𐍀𐌴𐌹𐌻𐌰𐍄𐌿𐍃: 𐌳𐌿 𐌼𐌹𐍃 𐌽𐌹 𐍂𐍉𐌳𐌴𐌹𐍃? 𐌽𐌹𐌿 𐍅𐌰𐌹𐍃𐍄 𐌸𐌰𐍄𐌴𐌹 𐍅𐌰𐌻𐌳𐌿𐍆𐌽𐌹 𐌰𐌹𐌷 𐌿𐍃𐌷𐍂𐌰𐌼𐌾𐌰𐌽 𐌸𐌿𐌺 𐌾𐌰𐌷 𐍅𐌰𐌻𐌳𐌿𐍆𐌽𐌹 𐌰𐌹𐌷 𐍆𐍂𐌰𐌻𐌴𐍄𐌰𐌽 𐌸𐌿𐌺?
John,19,11,"𐌰𐌽𐌳𐌷𐍉𐍆 𐌹𐌴𐍃𐌿𐍃: 𐌽𐌹 𐌰𐌹𐌷𐍄𐌴𐌳𐌴𐌹𐍃 𐍅𐌰𐌻𐌳𐌿𐍆𐌽𐌾𐌴 𐌰𐌹𐌽𐌷𐌿𐌽 𐌰𐌽𐌰 𐌼𐌹𐌺, 𐌽𐌹𐌷 𐍅𐌴𐍃𐌹 𐌸𐌿𐍃 𐌰𐍄𐌲𐌹𐌱𐌰𐌽 𐌹𐌿𐍀𐌰𐌸𐍂𐍉; 𐌳𐌿𐌷𐌸𐌴 𐍃𐌰 𐌲𐌰𐌻𐌴𐍅𐌾𐌰𐌽𐌳𐍃 𐌼𐌹𐌺 𐌸𐌿𐍃 𐌼𐌰𐌹𐌶𐌴𐌹𐌽 𐍆𐍂𐌰𐍅𐌰𐌿𐍂𐌷𐍄 𐌷𐌰𐌱𐌰𐌹𐌳."
John,19,12,"𐍆𐍂𐌰𐌼𐌿𐌷 𐌸𐌰𐌼𐌼𐌰 𐍃𐍉𐌺𐌹𐌳𐌰 𐍀𐌴𐌹𐌻𐌰𐍄𐌿𐍃 𐍆𐍂𐌰𐌻𐌴𐍄𐌰𐌽 𐌹𐌽𐌰. 𐌹𐌸 𐌹𐌿𐌳𐌰𐌹𐌴𐌹𐍃 𐌷𐍂𐍉𐍀𐌹𐌳𐌴𐌳𐌿𐌽 𐌵𐌹𐌸𐌰𐌽𐌳𐌰𐌽𐍃: 𐌾𐌰𐌱𐌰𐌹 𐌸𐌰𐌽𐌰 𐍆𐍂𐌰𐌻𐌴𐍄𐌹𐍃, 𐌽𐌹 𐌹𐍃 𐍆𐍂𐌹𐌾𐍉𐌽𐌳𐍃 𐌺𐌰𐌹𐍃𐌰𐍂𐌰; 𐍃𐌰𐍈𐌰𐌶𐌿𐌷 𐌹𐌶𐌴𐌹 𐌸𐌹𐌿𐌳𐌰𐌽 𐍃𐌹𐌺 𐍃𐌹𐌻𐌱𐌰𐌽 𐍄𐌰𐌿𐌾𐌹𐌸, 𐌰𐌽𐌳𐍃𐍄𐌰𐌽𐌳𐌹𐌸 𐌺𐌰𐌹𐍃𐌰𐍂𐌰."
John,19,13,𐌸𐌰𐌽𐌿𐌷 𐍀𐌴𐌹𐌻𐌰𐍄𐌿𐍃 𐌷𐌰𐌿𐍃𐌾𐌰𐌽𐌳𐍃 𐌸𐌹𐌶𐌴....
John,19,14,
John,19,15,
John,19,16,
John,19,17,
John,19,18,
John,19,19,
John,19,20,
John,19,21,
John,19,22,
John,19,23,
John,19,24,
John,19,25,
John,19,26,
John,19,27,
John,19,28,
John,19,29,
John,19,30,
John,19,31,
John,19,32,
John,19,33,
John,19,34,
John,19,35,
John,19,36,
John,19,37,
John,19,38,
John,19,39,
John,19,40,
John,19,41,
John,19,42,
John,20,1,
John,20,2,
John,20,3,
John,20,4,
John,20,5,
John,20,6,
John,20,7,
John,20,8,
John,20,9,
John,20,10,
John,20,11,
John,20,12,
John,20,13,
John,20,14,
John,20,15,
John,20,16,
John,20,17,
John,20,18,
John,20,19,
John,20,20,
John,20,21,
John,20,22,
John,20,23,
John,20,24,
John,20,25,
John,20,26,
John,20,27,
John,20,28,
John,20,29,
John,20,30,
John,20,31,
John,21,1,
John,21,2,
John,21,3,
John,21,4,
John,21,5,
John,21,6,
John,21,7,
John,21,8,
John,21,9,
John,21,10,
John,21,11,
John,21,12,
John,21,13,
John,21,14,
John,21,15,
John,21,16,
John,21,17,
John,21,18,
John,21,19,
John,21,20,
John,21,21,
John,21,22,
John,21,23,
John,21,24,
John,21,25,
Acts,1,1,
Acts,1,2,
Acts,1,3,
Acts,1,4,
Acts,1,5,
Acts,1,6,
Acts,1,7,
Acts,1,8,
Acts,1,9,
Acts,1,10,
Acts,1,11,
Acts,1,12,
Acts,1,13,
Acts,1,14,
Acts,1,15,
Acts,1,16,
Acts,1,17,
Acts,1,18,
Acts,1,19,
Acts,1,20,
Acts,1,21,
Acts,1,22,
Acts,1,23,
Acts,1,24,
Acts,1,25,
Acts,1,26,
Acts,2,1,
Acts,2,2,
Acts,2,3,
Acts,2,4,
Acts,2,5,
Acts,2,6,
Acts,2,7,
Acts,2,8,
Acts,2,9,
Acts,2,10,
Acts,2,11,
Acts,2,12,
Acts,2,13,
Acts,2,14,
Acts,2,15,
Acts,2,16,
Acts,2,17,
Acts,2,18,
Acts,2,19,
Acts,2,20,
Acts,2,21,
Acts,2,22,
Acts,2,23,
Acts,2,24,
Acts,2,25,
Acts,2,26,
Acts,2,27,
Acts,2,28,
Acts,2,29,
Acts,2,30,
Acts,2,31,
Acts,2,32,
Acts,2,33,
Acts,2,34,
Acts,2,35,
Acts,2,36,
Acts,2,37,
Acts,2,38,
Acts,2,39,
Acts,2,40,
Acts,2,41,
Acts,2,42,
Acts,2,43,
Acts,2,44,
Acts,2,45,
Acts,2,46,
Acts,2,47,
Acts,3,1,
Acts,3,2,
Acts,3,3,
Acts,3,4,
Acts,3,5,
Acts,3,6,
Acts,3,7,
Acts,3,8,
Acts,3,9,
Acts,3,10,
Acts,3,11,
Acts,3,12,
Acts,3,13,
Acts,3,14,
Acts,3,15,
Acts,3,16,
Acts,3,17,
Acts,3,18,
Acts,3,19,
Acts,3,20,
Acts,3,21,
Acts,3,22,
Acts,3,23,
Acts,3,24,
Acts,3,25,
Acts,3,26,
Acts,4,1,
Acts,4,2,
Acts,4,3,
Acts,4,4,
Acts,4,5,
Acts,4,6,
Acts,4,7,
Acts,4,8,
Acts,4,9,
Acts,4,10,
Acts,4,11,
Acts,4,12,
Acts,4,13,
Acts,4,14,
Acts,4,15,
Acts,4,16,
Acts,4,17,
Acts,4,18,
Acts,4,19,
Acts,4,20,
Acts,4,21,
Acts,4,22,
Acts,4,23,
Acts,4,24,
Acts,4,25,
Acts,4,26,
Acts,4,27,
Acts,4,28,
Acts,4,29,
Acts,4,30,
Acts,4,31,
Acts,4,32,
Acts,4,33,
Acts,4,34,
Acts,4,35,
Acts,4,36,
Acts,4,37,
Acts,5,1,
Acts,5,2,
Acts,5,3,
Acts,5,4,
Acts,5,5,
Acts,5,6,
Acts,5,7,
Acts,5,8,
Acts,5,9,
Acts,5,10,
Acts,5,11,
Acts,5,12,
Acts,5,13,
Acts,5,14,
Acts,5,15,
Acts,5,16,
Acts,5,17,
Acts,5,18,
Acts,5,19,
Acts,5,20,
Acts,5,21,
Acts,5,22,
Acts,5,23,
Acts,5,24,
Acts,5,25,
Acts,5,26,
Acts,5,27,
Acts,5,28,
Acts,5,29,
Acts,5,30,
Acts,5,31,
Acts,5,32,
Acts,5,33,
Acts,5,34,
Acts,5,35,
Acts,5,36,
Acts,5,37,
Acts,5,38,
Acts,5,39,
Acts,5,40,
Acts,5,41,
Acts,5,42,
Acts,6,1,
Acts,6,2,
Acts,6,3,
Acts,6,4,
Acts,6,5,
Acts,6,6,
Acts,6,7,
Acts,6,8,
Acts,6,9,
Acts,6,10,
Acts,6,11,
Acts,6,12,
Acts,6,13,
Acts,6,14,
Acts,6,15,
Acts,7,1,
Acts,7,2,
Acts,7,3,
Acts,7,4,
Acts,7,5,
Acts,7,6,
Acts,7,7,
Acts,7,8,
Acts,7,9,
Acts,7,10,
Acts,7,11,
Acts,7,12,
Acts,7,13,
Acts,7,14,
Acts,7,15,
Acts,7,16,
Acts,7,17,
Acts,7,18,
Acts,7,19,
Acts,7,20,
Acts,7,21,
Acts,7,22,
Acts,7,23,
Acts,7,24,
Acts,7,25,
Acts,7,26,
Acts,7,27,
Acts,7,28,
Acts,7,29,
Acts,7,30,
Acts,7,31,
Acts,7,32,
Acts,7,33,
Acts,7,34,
Acts,7,35,
Acts,7,36,
Acts,7,37,
Acts,7,38,
Acts,7,39,
Acts,7,40,
Acts,7,41,
Acts,7,42,
Acts,7,43,
Acts,7,44,
Acts,7,45,
Acts,7,46,
Acts,7,47,
Acts,7,48,
Acts,7,49,
Acts,7,50,
Acts,7,51,
Acts,7,52,
Acts,7,53,
Acts,7,54,
Acts,7,55,
Acts,7,56,
Acts,7,57,
Acts,7,58,
Acts,7,59,
Acts,7,60,
Acts,8,1,
Acts,8,2,
Acts,8,3,
Acts,8,4,
Acts,8,5,
Acts,8,6,
Acts,8,7,
Acts,8,8,
Acts,8,9,
Acts,8,10,
Acts,8,11,
Acts,8,12,
Acts,8,13,
Acts,8,14,
Acts,8,15,
Acts,8,16,
Acts,8,17,
Acts,8,18,
Acts,8,19,
Acts,8,20,
Acts,8,21,
Acts,8,22,
Acts,8,23,
Acts,8,24,
Acts,8,25,
Acts,8,26,
Acts,8,27,
Acts,8,28,
Acts,8,29,
Acts,8,30,
Acts,8,31,
Acts,8,32,
Acts,8,33,
Acts,8,34,
Acts,8,35,
Acts,8,36,
Acts,8,37,
Acts,8,38,
Acts,8,39,
Acts,8,40,
Acts,9,1,
Acts,9,2,
Acts,9,3,
Acts,9,4,
Acts,9,5,
Acts,9,6,
Acts,9,7,
Acts,9,8,
Acts,9,9,
Acts,9,10,
Acts,9,11,
Acts,9,12,
Acts,9,13,
Acts,9,14,
Acts,9,15,
Acts,9,16,
Acts,9,17,
Acts,9,18,
Acts,9,19,
Acts,9,20,
Acts,9,21,
Acts,9,22,
Acts,9,23,
Acts,9,24,
Acts,9,25,
Acts,9,26,
Acts,9,27,
Acts,9,28,
Acts,9,29,
Acts,9,30,
Acts,9,31,
Acts,9,32,
Acts,9,33,
Acts,9,34,
Acts,9,35,
Acts,9,36,
Acts,9,37,
Acts,9,38,
Acts,9,39,
Acts,9,40,
Acts,9,41,
Acts,9,42,
Acts,9,43,
Acts,10,1,
Acts,10,2,
Acts,10,3,
Acts,10,4,
Acts,10,5,
Acts,10,6,
Acts,10,7,
Acts,10,8,
Acts,10,9,
Acts,10,10,
Acts,10,11,
Acts,10,12,
Acts,10,13,
Acts,10,14,
Acts,10,15,
Acts,10,16,
Acts,10,17,
Acts,10,18,
Acts,10,19,
Acts,10,20,
Acts,10,21,
Acts,10,22,
Acts,10,23,
Acts,10,24,
Acts,10,25,
Acts,10,26,
Acts,10,27,
Acts,10,28,
Acts,10,29,
Acts,10,30,
Acts,10,31,
Acts,10,32,
Acts,10,33,
Acts,10,34,
Acts,10,35,
Acts,10,36,
Acts,10,37,
Acts,10,38,
Acts,10,39,
Acts,10,40,
Acts,10,41,
Acts,10,42,
Acts,10,43,
Acts,10,44,
Acts,10,45,
Acts,10,46,
Acts,10,47,
Acts,10,48,
Acts,11,1,
Acts,11,2,
Acts,11,3,
Acts,11,4,
Acts,11,5,
Acts,11,6,
Acts,11,7,
Acts,11,8,
Acts,11,9,
Acts,11,10,
Acts,11,11,
Acts,11,12,
Acts,11,13,
Acts,11,14,
Acts,11,15,
Acts,11,16,
Acts,11,17,
Acts,11,18,
Acts,11,19,
Acts,11,20,
Acts,11,21,
Acts,11,22,
Acts,11,23,
Acts,11,24,
Acts,11,25,
Acts,11,26,
Acts,11,27,
Acts,11,28,
Acts,11,29,
Acts,11,30,
Acts,12,1,
Acts,12,2,
Acts,12,3,
Acts,12,4,
Acts,12,5,
Acts,12,6,
Acts,12,7,
Acts,12,8,
Acts,12,9,
Acts,12,10,
Acts,12,11,
Acts,12,12,
Acts,12,13,
Acts,12,14,
Acts,12,15,
Acts,12,16,
Acts,12,17,
Acts,12,18,
Acts,12,19,
Acts,12,20,
Acts,12,21,
Acts,12,22,
Acts,12,23,
Acts,12,24,
Acts,12,25,
Acts,13,1,
Acts,13,2,
Acts,13,3,
Acts,13,4,
Acts,13,5,
Acts,13,6,
Acts,13,7,
Acts,13,8,
Acts,13,9,
Acts,13,10,
Acts,13,11,
Acts,13,12,
Acts,13,13,
Acts,13,14,
Acts,13,15,
Acts,13,16,
Acts,13,17,
Acts,13,18,
Acts,13,19,
Acts,13,20,
Acts,13,21,
Acts,13,22,
Acts,13,23,
Acts,13,24,
Acts,13,25,
Acts,13,26,
Acts,13,27,
Acts,13,28,
Acts,13,29,
Acts,13,30,
Acts,13,31,
Acts,13,32,
Acts,13,33,
Acts,13,34,
Acts,13,35,
Acts,13,36,
Acts,13,37,
Acts,13,38,
Acts,13,39,
Acts,13,40,
Acts,13,41,
Acts,13,42,
Acts,13,43,
Acts,13,44,
Acts,13,45,
Acts,13,46,
Acts,13,47,
Acts,13,48,
Acts,13,49,
Acts,13,50,
Acts,13,51,
Acts,13,52,
Acts,14,1,
Acts,14,2,
Acts,14,3,
Acts,14,4,
Acts,14,5,
Acts,14,6,
Acts,14,7,
Acts,14,8,
Acts,14,9,
Acts,14,10,
Acts,14,11,
Acts,14,12,
Acts,14,13,
Acts,14,14,
Acts,14,15,
Acts,14,16,
Acts,14,17,
Acts,14,18,
Acts,14,19,
Acts,14,20,
Acts,14,21,
Acts,14,22,
Acts,14,23,
Acts,14,24,
Acts,14,25,
Acts,14,26,
Acts,14,27,
Acts,14,28,
Acts,15,1,
Acts,15,2,
Acts,15,3,
Acts,15,4,
Acts,15,5,
Acts,15,6,
Acts,15,7,
Acts,15,8,
Acts,15,9,
Acts,15,10,
Acts,15,11,
Acts,15,12,
Acts,15,13,
Acts,15,14,
Acts,15,15,
Acts,15,16,
Acts,15,17,
Acts,15,18,
Acts,15,19,
Acts,15,20,
Acts,15,21,
Acts,15,22,
Acts,15,23,
Acts,15,24,
Acts,15,25,
Acts,15,26,
Acts,15,27,
Acts,15,28,
Acts,15,29,
Acts,15,30,
Acts,15,31,
Acts,15,32,
Acts,15,33,
Acts,15,34,
Acts,15,35,
Acts,15,36,
Acts,15,37,
Acts,15,38,
Acts,15,39,
Acts,15,40,
Acts,15,41,
Acts,16,1,
Acts,16,2,
Acts,16,3,
Acts,16,4,
Acts,16,5,
Acts,16,6,
Acts,16,7,
Acts,16,8,
Acts,16,9,
Acts,16,10,
Acts,16,11,
Acts,16,12,
Acts,16,13,
Acts,16,14,
Acts,16,15,
Acts,16,16,
Acts,16,17,
Acts,16,18,
Acts,16,19,
Acts,16,20,
Acts,16,21,
Acts,16,22,
Acts,16,23,
Acts,16,24,
Acts,16,25,
Acts,16,26,
Acts,16,27,
Acts,16,28,
Acts,16,29,
Acts,16,30,
Acts,16,31,
Acts,16,32,
Acts,16,33,
Acts,16,34,
Acts,16,35,
Acts,16,36,
Acts,16,37,
Acts,16,38,
Acts,16,39,
Acts,16,40,
Acts,17,1,
Acts,17,2,
Acts,17,3,
Acts,17,4,
Acts,17,5,
Acts,17,6,
Acts,17,7,
Acts,17,8,
Acts,17,9,
Acts,17,10,
Acts,17,11,
Acts,17,12,
Acts,17,13,
Acts,17,14,
Acts,17,15,
Acts,17,16,
Acts,17,17,
Acts,17,18,
Acts,17,19,
Acts,17,20,
Acts,17,21,
Acts,17,22,
Acts,17,23,
Acts,17,24,
Acts,17,25,
Acts,17,26,
Acts,17,27,
Acts,17,28,
Acts,17,29,
Acts,17,30,
Acts,17,31,
Acts,17,32,
Acts,17,33,
Acts,17,34,
Acts,18,1,
Acts,18,2,
Acts,18,3,
Acts,18,4,
Acts,18,5,
Acts,18,6,
Acts,18,7,
Acts,18,8,
Acts,18,9,
Acts,18,10,
Acts,18,11,
Acts,18,12,
Acts,18,13,
Acts,18,14,
Acts,18,15,
Acts,18,16,
Acts,18,17,
Acts,18,18,
Acts,18,19,
Acts,18,20,
Acts,18,21,
Acts,18,22,
Acts,18,23,
Acts,18,24,
Acts,18,25,
Acts,18,26,
Acts,18,27,
Acts,18,28,
Acts,19,1,
Acts,19,2,
Acts,19,3,
Acts,19,4,
Acts,19,5,
Acts,19,6,
Acts,19,7,
Acts,19,8,
Acts,19,9,
Acts,19,10,
Acts,19,11,
Acts,19,12,
Acts,19,13,
Acts,19,14,
Acts,19,15,
Acts,19,16,
Acts,19,17,
Acts,19,18,
Acts,19,19,
Acts,19,20,
Acts,19,21,
Acts,19,22,
Acts,19,23,
Acts,19,24,
Acts,19,25,
Acts,19,26,
Acts,19,27,
Acts,19,28,
Acts,19,29,
Acts,19,30,
Acts,19,31,
Acts,19,32,
Acts,19,33,
Acts,19,34,
Acts,19,35,
Acts,19,36,
Acts,19,37,
Acts,19,38,
Acts,19,39,
Acts,19,40,
Acts,19,41,
Acts,20,1,
Acts,20,2,
Acts,20,3,
Acts,20,4,
Acts,20,5,
Acts,20,6,
Acts,20,7,
Acts,20,8,
Acts,20,9,
Acts,20,10,
Acts,20,11,
Acts,20,12,
Acts,20,13,
Acts,20,14,
Acts,20,15,
Acts,20,16,
Acts,20,17,
Acts,20,18,
Acts,20,19,
Acts,20,20,
Acts,20,21,
Acts,20,22,
Acts,20,23,
Acts,20,24,
Acts,20,25,
Acts,20,26,
Acts,20,27,
Acts,20,28,
Acts,20,29,
Acts,20,30,
Acts,20,31,
Acts,20,32,
Acts,20,33,
Acts,20,34,
Acts,20,35,
Acts,20,36,
Acts,20,37,
Acts,20,38,
Acts,21,1,
Acts,21,2,
Acts,21,3,
Acts,21,4,
Acts,21,5,
Acts,21,6,
Acts,21,7,
Acts,21,8,
Acts,21,9,
Acts,21,10,
Acts,21,11,
Acts,21,12,
Acts,21,13,
Acts,21,14,
Acts,21,15,
Acts,21,16,
Acts,21,17,
Acts,21,18,
Acts,21,19,
Acts,21,20,
Acts,21,21,
Acts,21,22,
Acts,21,23,
Acts,21,24,
Acts,21,25,
Acts,21,26,
Acts,21,27,
Acts,21,28,
Acts,21,29,
Acts,21,30,
Acts,21,31,
Acts,21,32,
Acts,21,33,
Acts,21,34,
Acts,21,35,
Acts,21,36,
Acts,21,37,
Acts,21,38,
Acts,21,39,
Acts,21,40,
Acts,22,1,
Acts,22,2,
Acts,22,3,
Acts,22,4,
Acts,22,5,
Acts,22,6,
Acts,22,7,
Acts,22,8,
Acts,22,9,
Acts,22,10,
Acts,22,11,
Acts,22,12,
Acts,22,13,
Acts,22,14,
Acts,22,15,
Acts,22,16,
Acts,22,17,
Acts,22,18,
Acts,22,19,
Acts,22,20,
Acts,22,21,
Acts,22,22,
Acts,22,23,
Acts,22,24,
Acts,22,25,
Acts,22,26,
Acts,22,27,
Acts,22,28,
Acts,22,29,
Acts,22,30,
Acts,23,1,
Acts,23,2,
Acts,23,3,
Acts,23,4,
Acts,23,5,
Acts,23,6,
Acts,23,7,
Acts,23,8,
Acts,23,9,
Acts,23,10,
Acts,23,11,
Acts,23,12,
Acts,23,13,
Acts,23,14,
Acts,23,15,
Acts,23,16,
Acts,23,17,
Acts,23,18,
Acts,23,19,
Acts,23,20,
Acts,23,21,
Acts,23,22,
Acts,23,23,
Acts,23,24,
Acts,23,25,
Acts,23,26,
Acts,23,27,
Acts,23,28,
Acts,23,29,
Acts,23,30,
Acts,23,31,
Acts,23,32,
Acts,23,33,
Acts,23,34,
Acts,23,35,
Acts,24,1,
Acts,24,2,
Acts,24,3,
Acts,24,4,
Acts,24,5,
Acts,24,6,
Acts,24,7,
Acts,24,8,
Acts,24,9,
Acts,24,10,
Acts,24,11,
Acts,24,12,
Acts,24,13,
Acts,24,14,
Acts,24,15,
Acts,24,16,
Acts,24,17,
Acts,24,18,
Acts,24,19,
Acts,24,20,
Acts,24,21,
Acts,24,22,
Acts,24,23,
Acts,24,24,
Acts,24,25,
Acts,24,26,
Acts,24,27,
Acts,25,1,
Acts,25,2,
Acts,25,3,
Acts,25,4,
Acts,25,5,
Acts,25,6,
Acts,25,7,
Acts,25,8,
Acts,25,9,
Acts,25,10,
Acts,25,11,
Acts,25,12,
Acts,25,13,
Acts,25,14,
Acts,25,15,
Acts,25,16,
Acts,25,17,
Acts,25,18,
Acts,25,19,
Acts,25,20,
Acts,25,21,
Acts,25,22,
Acts,25,23,
Acts,25,24,
Acts,25,25,
Acts,25,26,
Acts,25,27,
Acts,26,1,
Acts,26,2,
Acts,26,3,
Acts,26,4,
Acts,26,5,
Acts,26,6,
Acts,26,7,
Acts,26,8,
Acts,26,9,
Acts,26,10,
Acts,26,11,
Acts,26,12,
Acts,26,13,
Acts,26,14,
Acts,26,15,
Acts,26,16,
Acts,26,17,
Acts,26,18,
Acts,26,19,
Acts,26,20,
Acts,26,21,
Acts,26,22,
Acts,26,23,
Acts,26,24,
Acts,26,25,
Acts,26,26,
Acts,26,27,
Acts,26,28,
Acts,26,29,
Acts,26,30,
Acts,26,31,
Acts,26,32,
Acts,27,1,
Acts,27,2,
Acts,27,3,
Acts,27,4,
Acts,27,5,
Acts,27,6,
Acts,27,7,
Acts,27,8,
Acts,27,9,
Acts,27,10,
Acts,27,11,
Acts,27,12,
Acts,27,13,
Acts,27,14,
Acts,27,15,
Acts,27,16,
Acts,27,17,
Acts,27,18,
Acts,27,19,
Acts,27,20,
Acts,27,21,
Acts,27,22,
Acts,27,23,
Acts,27,24,
Acts,27,25,
Acts,27,26,
Acts,27,27,
Acts,27,28,
Acts,27,29,
Acts,27,30,
Acts,27,31,
Acts,27,32,
Acts,27,33,
Acts,27,34,
Acts,27,35,
Acts,27,36,
Acts,27,37,
Acts,27,38,
Acts,27,39,
Acts,27,40,
Acts,27,41,
Acts,27,42,
Acts,27,43,
Acts,27,44,
Acts,28,1,
Acts,28,2,
Acts,28,3,
Acts,28,4,
Acts,28,5,
Acts,28,6,
Acts,28,7,
Acts,28,8,
Acts,28,9,
Acts,28,10,
Acts,28,11,
Acts,28,12,
Acts,28,13,
Acts,28,14,
Acts,28,15,
Acts,28,16,
Acts,28,17,
Acts,28,18,
Acts,28,19,
Acts,28,20,
Acts,28,21,
Acts,28,22,
Acts,28,23,
Acts,28,24,
Acts,28,25,
Acts,28,26,
Acts,28,27,
Acts,28,28,
Acts,28,29,
Acts,28,30,
Acts,28,31,
Romans,1,1,
Romans,1,2,
Romans,1,3,
Romans,1,4,
Romans,1,5,
Romans,1,6,
Romans,1,7,
Romans,1,8,
Romans,1,9,
Romans,1,10,
Romans,1,11,
Romans,1,12,
Romans,1,13,
Romans,1,14,
Romans,1,15,
Romans,1,16,
Romans,1,17,
Romans,1,18,
Romans,1,19,
Romans,1,20,
Romans,1,21,
Romans,1,22,
Romans,1,23,
Romans,1,24,
Romans,1,25,
Romans,1,26,
Romans,1,27,
Romans,1,28,
Romans,1,29,
Romans,1,30,
Romans,1,31,
Romans,1,32,
Romans,2,1,
Romans,2,2,
Romans,2,3,
Romans,2,4,
Romans,2,5,
Romans,2,6,
Romans,2,7,
Romans,2,8,
Romans,2,9,
Romans,2,10,
Romans,2,11,
Romans,2,12,
Romans,2,13,
Romans,2,14,
Romans,2,15,
Romans,2,16,
Romans,2,17,
Romans,2,18,
Romans,2,19,
Romans,2,20,
Romans,2,21,
Romans,2,22,
Romans,2,23,
Romans,2,24,
Romans,2,25,
Romans,2,26,
Romans,2,27,
Romans,2,28,
Romans,2,29,
Romans,3,1,
Romans,3,2,
Romans,3,3,
Romans,3,4,
Romans,3,5,
Romans,3,6,
Romans,3,7,
Romans,3,8,
Romans,3,9,
Romans,3,10,
Romans,3,11,
Romans,3,12,
Romans,3,13,
Romans,3,14,
Romans,3,15,
Romans,3,16,
Romans,3,17,
Romans,3,18,
Romans,3,19,
Romans,3,20,
Romans,3,21,
Romans,3,22,
Romans,3,23,
Romans,3,24,
Romans,3,25,
Romans,3,26,
Romans,3,27,
Romans,3,28,
Romans,3,29,
Romans,3,30,
Romans,3,31,
Romans,4,1,
Romans,4,2,
Romans,4,3,
Romans,4,4,
Romans,4,5,
Romans,4,6,
Romans,4,7,
Romans,4,8,
Romans,4,9,
Romans,4,10,
Romans,4,11,
Romans,4,12,
Romans,4,13,
Romans,4,14,
Romans,4,15,
Romans,4,16,
Romans,4,17,
Romans,4,18,
Romans,4,19,
Romans,4,20,
Romans,4,21,
Romans,4,22,
Romans,4,23,
Romans,4,24,
Romans,4,25,
Romans,5,1,
Romans,5,2,
Romans,5,3,
Romans,5,4,
Romans,5,5,
Romans,5,6,
Romans,5,7,
Romans,5,8,
Romans,5,9,
Romans,5,10,
Romans,5,11,
Romans,5,12,
Romans,5,13,
Romans,5,14,
Romans,5,15,
Romans,5,16,
Romans,5,17,
Romans,5,18,
Romans,5,19,
Romans,5,20,
Romans,5,21,
Romans,6,1,
Romans,6,2,
Romans,6,3,
Romans,6,4,
Romans,6,5,
Romans,6,6,
Romans,6,7,
Romans,6,8,
Romans,6,9,
Romans,6,10,
Romans,6,11,
Romans,6,12,
Romans,6,13,
Romans,6,14,
Romans,6,15,
Romans,6,16,
Romans,6,17,
Romans,6,18,
Romans,6,19,
Romans,6,20,
Romans,6,21,
Romans,6,22,
Romans,6,23,"𐌸𐍉 𐌰𐌿𐌺 𐌻𐌰𐌿𐌽𐌰 𐍆𐍂𐌰𐍅𐌰𐌿𐍂𐌷𐍄𐌰𐌹𐍃 𐌳𐌰𐌿𐌸𐌿𐍃; 𐌹𐌸 𐌰𐌽𐍃𐍄𐍃 𐌲𐌿𐌳𐌹𐍃 𐌻𐌹𐌱𐌰𐌹𐌽𐍃 𐌰𐌹𐍅𐌴𐌹𐌽𐍉 𐌹𐌽 𐍇𐍂𐌹𐍃𐍄𐌰𐌿 𐌹𐌴𐍃𐌿, 𐍆𐍂𐌰𐌿𐌾𐌹𐌽 𐌿𐌽𐍃𐌰𐍂𐌰𐌼𐌼𐌰."
Romans,7,1,"Ã𐌰𐌿 𐌽𐌹𐌿 𐍅𐌹𐍄𐌿𐌸, 𐌱𐍂𐍉𐌸𐍂𐌾𐌿𐍃 𐌺𐌿𐌽𐌽𐌰𐌽𐌳𐌰𐌼 𐌰𐌿𐌺 𐍅𐌹𐍄𐍉𐌸 𐍂𐍉𐌳𐌾𐌰, 𐌸𐌰𐍄𐌴𐌹 𐍅𐌹𐍄𐍉𐌸 𐍆𐍂𐌰𐌿𐌾𐌹𐌽𐍉𐌸 𐌼𐌰𐌽𐌽, 𐍃 𐌻𐌰𐌲𐌲𐌰 𐍈𐌴𐌹𐌻𐌰 𐍃𐍅𐌴 𐌻𐌹𐌱𐌰𐌹𐌸?"
Romans,7,2,"𐌾𐌰𐌷 𐌰𐌿𐌺 𐌿𐍆𐍅𐌰𐌹𐍂𐌰 𐌵𐌴𐌽𐍃 𐌰𐍄 𐌻𐌹𐌱𐌰𐌽𐌳𐌹𐌽 𐌰𐌱𐌹𐌽 𐌲𐌰𐌱𐌿𐌽𐌳𐌰𐌽𐌰 𐌹𐍃𐍄 𐍅𐌹𐍄𐍉𐌳𐌰; 𐌰𐌸𐌸𐌰𐌽 𐌾𐌰𐌱𐌰𐌹 𐌲𐌰𐍃𐍅𐌹𐌻𐍄𐌹𐌸 𐌰𐌱𐌰, 𐌲𐌰𐌻𐌰𐌿𐍃𐌾𐌰𐌳𐌰 𐌰𐍆 𐌸𐌰𐌼𐌼𐌰 𐍅𐌹𐍄𐍉𐌳𐌰 𐌰𐌱𐌹𐌽𐍃."
Romans,7,3,"𐌸𐌰𐌽𐌽𐌿 𐌸𐌰𐌽 𐌰𐍄 𐌻𐌹𐌱𐌰𐌽𐌳𐌹𐌽 𐌰𐌱𐌹𐌽 𐌷𐌰𐌹𐍄𐌰𐌳𐌰 𐌷𐍉𐍂𐌹𐌽𐍉𐌽𐌳𐌴𐌹, 𐌾𐌰𐌱𐌰𐌹 𐍅𐌰𐌹𐍂𐌸𐌹𐌸 𐍅𐌰𐌹𐍂𐌰 𐌰𐌽𐌸𐌰𐍂𐌰𐌼𐌼𐌰; (𐌹𐌸) 𐌾𐌰𐌱𐌰𐌹 𐌲𐌰𐍃𐍅𐌹𐌻𐍄𐌹𐌸 𐍅𐌰𐌹𐍂, 𐍆𐍂𐌹𐌾𐌰 𐌹𐍃𐍄 𐌸𐌹𐍃 𐍅𐌹𐍄𐍉𐌳𐌹𐍃, 𐌴𐌹 𐌽𐌹 𐍃𐌹𐌾𐌰𐌹 𐌷𐍉𐍂𐌹𐌽𐍉𐌽𐌳𐌴𐌹 𐍅𐌰𐌿𐍂𐌸𐌰𐌽𐌰 𐌰𐌱𐌹𐌽 𐌰𐌽𐌸𐌰𐍂𐌰𐌼𐌼𐌰."
Romans,7,4,"𐍃𐍅𐌰𐌴𐌹 𐌽𐌿 𐌾𐌰𐌷 𐌾𐌿𐍃, 𐌱𐍂𐍉𐌸𐍂𐌾𐌿𐍃 𐌼𐌴𐌹𐌽𐌰𐌹, 𐌰𐍆𐌳𐌰𐌿𐌸𐌹𐌳𐌰𐌹 𐍅𐌰𐌿𐍂𐌸𐌿𐌸 𐍅𐌹𐍄𐍉𐌳𐌰 𐌸𐌰𐌹𐍂𐌷 𐌻𐌴𐌹𐌺 𐍇𐍂𐌹𐍃𐍄𐌰𐌿𐍃, 𐌴𐌹 𐍅𐌰𐌹𐍂𐌸𐌰𐌹𐌸 𐌰𐌽𐌸𐌰𐍂𐌰𐌼𐌼𐌰, 𐌸𐌰𐌼𐌼𐌰 𐌿𐍃 𐌳𐌰𐌿𐌸𐌰𐌹𐌼 𐌿𐍂𐍂𐌴𐌹𐍃𐌰𐌽𐌳𐌹𐌽, 𐌴𐌹 𐌰𐌺𐍂𐌰𐌽 𐌱𐌰𐌹𐍂𐌰𐌹𐌼𐌰 𐌲𐌿𐌳𐌰."
Romans,7,5,"𐌸𐌰𐌽 𐌰𐌿𐌺 𐍅𐌴𐍃𐌿𐌼 𐌹𐌽 𐌻𐌴𐌹𐌺𐌰, 𐍅𐌹𐌽𐌽𐍉𐌽𐍃 𐍆𐍂𐌰𐍅𐌰𐌿𐍂𐌷𐍄𐌹 𐌸𐍉𐍃 𐌸𐌰𐌹𐍂𐌷 𐍅𐌹𐍄𐍉𐌸 𐍅𐌰𐌿𐍂𐌷𐍄𐌴𐌳𐌿𐌽 𐌹𐌽 𐌻𐌹𐌸𐌿𐌼 𐌿𐌽𐍃𐌰𐍂𐌰𐌹𐌼 𐌳𐌿 𐌰𐌺𐍂𐌰𐌽 𐌱𐌰𐌹𐍂𐌰𐌽 𐌳𐌰𐌿𐌸𐌰𐌿;"
Romans,7,6,"𐌹𐌸 𐌽𐌿, 𐍃𐌰𐌹, 𐌰𐌽𐌳𐌱𐌿𐌽𐌳𐌰𐌽𐌰𐌹 𐍅𐌰𐌿𐍂𐌸𐌿𐌼 𐌰𐍆 𐍅𐌹𐍄𐍉𐌳𐌰, 𐌲𐌰𐌳𐌰𐌿𐌸𐌽𐌰𐌽𐌳𐌰𐌽𐍃 𐌹𐌽 𐌸𐌰𐌼𐌼𐌴𐌹 𐌲𐌰𐌷𐌰𐌱𐌰𐌹𐌳𐌰𐌹 𐍅𐌴𐍃𐌿𐌼, 𐍃𐍅𐌰𐌴𐌹 𐍃𐌺𐌰𐌻𐌺𐌹𐌽𐍉𐌼𐌰 𐌹𐌽 𐌽𐌹𐌿𐌾𐌹𐌸𐌰𐌹 𐌰𐌷𐌼𐌹𐌽𐍃 𐌾𐌰𐌷 𐌽𐌹 𐍆𐌰𐌹𐍂𐌽𐌹𐌸𐌰𐌹 𐌱𐍉𐌺𐍉𐍃."
Romans,7,7,"𐍈𐌰 𐌽𐌿 𐌵𐌹𐌸𐌰𐌼? 𐍅𐌹𐍄𐍉𐌸 𐍆𐍂𐌰𐍅𐌰𐌿𐍂𐌷𐍄𐍃 𐌹𐍃𐍄? 𐌽𐌹𐍃~𐍃𐌹𐌾𐌰𐌹! 𐌰𐌺 𐍆𐍂𐌰𐍅𐌰𐌿𐍂𐌷𐍄 𐌽𐌹 𐌿𐍆𐌺𐌿𐌽𐌸𐌴𐌳𐌾𐌰𐌿 𐌽𐌹𐌷 𐌸𐌰𐌹𐍂𐌷 𐍅𐌹𐍄𐍉𐌸, 𐌿𐌽𐍄𐌴 𐌻𐌿𐍃𐍄𐌿 𐌽𐌹𐌷 𐍅𐌹𐍃𐍃𐌴𐌳𐌾𐌰𐌿, 𐌽𐌹𐌷 𐍅𐌹𐍄𐍉𐌸 𐌵𐌴𐌸𐌹: 𐌽𐌹 𐌲𐌰𐌹𐍂𐌽𐌾𐌰𐌹𐍃."
Romans,7,8,𐌹𐌸 𐌻𐌴𐍅 𐌽𐌹𐌼𐌰𐌽𐌳𐌴𐌹 𐍆𐍂𐌰𐍅𐌰𐌿𐍂𐌷𐍄𐍃 𐌸𐌰𐌹𐍂𐌷 𐌰𐌽𐌰𐌱𐌿𐍃𐌽 𐌲𐌰𐍅𐌰𐌿𐍂𐌷𐍄𐌰 𐌹𐌽 𐌼𐌹𐍃 𐌰𐌻𐌻𐌰𐌽𐌰 𐌻𐌿𐍃𐍄𐌿; 𐌿𐌽𐍄𐌴 𐌹𐌽𐌿 𐍅𐌹𐍄𐍉𐌸 𐍆𐍂𐌰𐍅𐌰𐌿𐍂𐌷𐍄𐍃 𐍅𐌰𐍃 𐌽𐌰𐍅𐌹𐍃.
Romans,7,9,"𐌹𐌸 𐌹𐌺 𐌵𐌹𐌿𐍃 𐌹𐌽𐌿 𐍅𐌹𐍄𐍉𐌸 𐍃𐌹𐌼𐌻(𐌴), 𐌹𐌸 𐌵𐌹𐌼𐌰𐌽𐌳𐌴𐌹𐌽 𐌰𐌽𐌰𐌱𐌿𐍃𐌽𐌰𐌹 𐍆𐍂𐌰𐍅𐌰𐌿𐍂𐌷𐍄𐍃 𐌲𐌰𐌵𐌹𐌿𐌽𐍉𐌳𐌰;"
Romans,7,10,"𐌹𐌸 𐌹𐌺 𐌲𐌰𐌳𐌰𐌿𐌸(𐌽𐍉𐌳𐌰), 𐌾𐌰𐌷 𐌱𐌹𐌲𐌹𐍄𐌰𐌽𐌰 𐍅𐌰𐍂𐌸 𐌼𐌹𐍃 𐌰𐌽𐌰𐌱𐌿𐍃𐌽𐍃, 𐍃𐌴𐌹 𐍅𐌰𐍃 𐌳𐌿 𐌻𐌹𐌱𐌰𐌹𐌽𐌰𐌹, 𐍅𐌹𐍃𐌰𐌽 𐌳𐌿 𐌳𐌰𐌿𐌸𐌰𐌿."
Romans,7,11,"𐌿𐌽𐍄𐌴 𐍆𐍂𐌰𐍅𐌰𐌿𐍂𐌷𐍄𐍃 𐌻𐌴𐍅 𐌽𐌹𐌼𐌰𐌽𐌳𐌴𐌹 𐌸𐌰𐌹𐍂𐌷 𐌰𐌽𐌰𐌱𐌿𐍃𐌽 𐌿𐍃𐌻𐌿𐍄𐍉𐌳𐌰 𐌼𐌹𐌺, 𐌾𐌰𐌷 𐌸𐌰𐌹𐍂𐌷 𐌸𐍉 𐌿𐍃𐌵𐌰𐌼."
Romans,7,12,𐌰𐌸𐌸𐌰𐌽 𐌽𐌿 𐍃𐍅𐌴𐌸𐌰𐌿𐌷 𐍅𐌹𐍄𐍉𐌸 𐍅𐌴𐌹𐌷𐌰𐍄𐌰 𐌾𐌰𐌷 𐌰𐌽𐌰𐌱𐌿𐍃𐌽𐍃 𐍅𐌴𐌹𐌷𐌰 𐌾𐌰𐌷 𐌲𐌰𐍂𐌰𐌹𐌷𐍄𐌰 𐌾𐌰𐌷 𐌸𐌹𐌿𐌸𐌴𐌹𐌲𐌰.
Romans,7,13,"𐌸𐌰𐍄𐌰 𐌽𐌿 𐌸𐌹𐌿𐌸𐌴𐌹𐌲𐍉 𐍅𐌰𐍂𐌸 𐌼𐌹𐍃 𐌳𐌰𐌿𐌸𐌿𐍃? 𐌽𐌹𐍃~𐍃𐌹𐌾𐌰𐌹! 𐌰𐌺 𐍆𐍂𐌰𐍅𐌰𐌿𐍂𐌷𐍄𐍃 𐌴𐌹 𐌿𐍃𐌺𐌿𐌽𐌸𐌰 𐍅𐌰𐌿𐍂𐌸𐌹 𐍆𐍂𐌰𐍅𐌰𐌿𐍂𐌷𐍄𐍃, 𐌸𐌰𐌹𐍂𐌷 𐌸𐌰𐍄𐌰 𐌸𐌹𐌿𐌸𐌴𐌹𐌲𐍉 𐌼𐌹𐍃 𐌲𐌰𐍅𐌰𐌿𐍂𐌺𐌾𐌰𐌽𐌳𐌴𐌹 𐌳𐌰𐌿𐌸𐌿, 𐌴𐌹 𐍅𐌰𐌿𐍂𐌸𐌹 𐌿𐍆𐌰𐍂𐌰𐍃𐍃𐌰𐌿 𐍆𐍂𐌰𐍅𐌰𐌿𐍂𐌷𐍄𐌰 𐍆𐍂𐌰𐍅𐌰𐌿𐍂𐌷𐍄𐍃 𐌸𐌰𐌹𐍂𐌷 𐌰𐌽𐌰𐌱𐌿𐍃𐌽."
Romans,7,14,"𐍅𐌹𐍄𐌿𐌼 𐌰𐌿𐌺 𐌸𐌰𐍄𐌴𐌹 𐍅𐌹𐍄𐍉𐌸 𐌰𐌷𐌼𐌴𐌹𐌽 𐌹𐍃𐍄; 𐌹𐌸 𐌹𐌺 𐌻𐌴𐌹𐌺𐌴𐌹𐌽𐍃 𐌹𐌼, 𐍆𐍂𐌰𐌱𐌰𐌿𐌷𐍄𐍃 𐌿𐍆 𐍆𐍂𐌰𐍅𐌰𐌿𐍂𐌷𐍄."
Romans,7,15,"𐌸𐌰𐍄𐌴𐌹 𐍅𐌰𐌿𐍂𐌺𐌾𐌰, 𐌽𐌹 𐍆𐍂𐌰𐌸𐌾𐌰; 𐌿𐌽𐍄𐌴 𐌽𐌹 𐌸𐌰𐍄𐌴𐌹 𐍅𐌹𐌻𐌾𐌰𐌿 𐍄𐌰𐌿𐌾𐌰, 𐌰𐌺 𐌸𐌰𐍄𐌴𐌹 𐍆𐌹𐌾𐌰 𐌸𐌰𐍄𐌰 𐍄𐌰𐌿𐌾𐌰."
Romans,7,16,"𐌹𐌸 𐌾𐌰𐌱𐌰𐌹 𐌸𐌰𐍄𐌴𐌹 𐌽𐌹 𐍅𐌹𐌻𐌾𐌰𐌿 𐌸𐌰𐍄𐌰 𐍄𐌰𐌿𐌾𐌰, 𐌲𐌰𐌵𐌹𐍃𐍃 𐌹𐌼 𐍅𐌹𐍄𐍉𐌳𐌰 𐌸𐌰𐍄𐌴𐌹 𐌲𐍉𐌸."
Romans,7,17,"𐌹𐌸 𐌽𐌿 𐌾𐌿 𐌽𐌹 𐌹𐌺 𐍅𐌰𐌿𐍂𐌺𐌾𐌰 𐌸𐌰𐍄𐌰, 𐌰𐌺 𐍃𐍉 𐌱𐌰𐌿𐌰𐌽𐌳𐌴𐌹 𐌹𐌽 𐌼𐌹𐍃 𐍆𐍂𐌰𐍅𐌰𐌿𐍂𐌷𐍄𐍃."
Romans,7,18,"𐍅𐌰𐌹𐍄 𐌰𐌿𐌺 𐌸𐌰𐍄𐌴𐌹 𐌽𐌹 𐌱𐌰𐌿𐌹𐌸 𐌹𐌽 𐌼𐌹𐍃, 𐌸𐌰𐍄~𐌹𐍃𐍄 𐌹𐌽 𐌻𐌴𐌹𐌺𐌰 𐌼𐌴𐌹𐌽𐌰𐌼𐌼𐌰, 𐌸𐌹𐌿𐌸; 𐌿𐌽𐍄𐌴 𐍅𐌹𐌻𐌾𐌰𐌽 𐌰𐍄𐌻𐌹𐌲𐌹𐌸 𐌼𐌹𐍃, 𐌹𐌸 𐌲𐌰𐍅𐌰𐌿𐍂𐌺𐌾𐌰𐌽 𐌲𐍉𐌸 𐌽𐌹."
Romans,7,19,"𐌿𐌽𐍄𐌴 𐌽𐌹 𐌸𐌰𐍄𐌴𐌹 𐍅𐌹𐌻𐌾𐌰𐌿 𐍅𐌰𐌿𐍂𐌺𐌾𐌰 𐌲𐍉𐌸, 𐌰𐌺 𐌸𐌰𐍄𐌴𐌹 𐌽𐌹 𐍅𐌹𐌻𐌾𐌰𐌿 𐌿𐌱𐌹𐌻 𐍄𐌰𐌿𐌾𐌰."
Romans,7,20,"𐌾𐌰𐌱𐌰𐌹 𐌽𐌿 𐌸𐌰𐍄𐌴𐌹 𐌽𐌹 𐍅𐌹𐌻𐌾𐌰𐌿 𐌹𐌺 𐌸𐌰𐍄𐌰 𐍄𐌰𐌿𐌾𐌰, 𐌾𐌿 𐌽𐌹 𐌹𐌺 𐍅𐌰𐌿𐍂𐌺𐌾𐌰 𐌹𐍄𐌰, 𐌰𐌺 𐍃𐌴𐌹 𐌱𐌰𐌿𐌹𐌸 𐌹𐌽 𐌼𐌹𐍃 𐍆𐍂𐌰𐍅𐌰𐌿𐍂𐌷𐍄𐍃."
Romans,7,21,"𐌱𐌹𐌲𐌹𐍄𐌰 𐌽𐌿 𐍅𐌹𐍄𐍉𐌸, 𐍅𐌹𐌻𐌾𐌰𐌽𐌳𐌹𐌽 𐌼𐌹𐍃 𐌲𐍉𐌸 𐍄𐌰𐌿𐌾𐌰𐌽, 𐌿𐌽𐍄𐌴 𐌼𐌹𐍃 𐌰𐍄𐌹𐍃𐍄 𐌿𐌱𐌹𐌻."
Romans,7,22,𐌲𐌰𐍅𐌹𐌶𐌽𐌴𐌹𐌲𐍃 𐌹𐌼 𐌰𐌿𐌺 𐍅𐌹𐍄𐍉𐌳𐌰 𐌲𐌿𐌳𐌹𐍃 𐌱𐌹 𐌸𐌰𐌼𐌼𐌰 𐌹𐌽𐌽𐌿𐌼𐌹𐌽 𐌼𐌰𐌽𐌽;
Romans,7,23,"𐌰𐌸𐌸𐌰𐌽 𐌲𐌰𐍃𐌰𐌹𐍈𐌰 𐌰𐌽𐌸𐌰𐍂 𐍅𐌹𐍄𐍉𐌸 𐌹𐌽 𐌻𐌹𐌸𐌿𐌼 𐌼𐌴𐌹𐌽𐌰𐌹𐌼, 𐌰𐌽𐌳𐍅𐌰𐌹𐌷𐌰𐌽𐌳𐍉 𐍅𐌹𐍄𐍉𐌳𐌰 𐌰𐌷𐌼𐌹𐌽𐍃 𐌼𐌴𐌹𐌽𐌹𐍃 𐌾𐌰𐌷 𐍆𐍂𐌰𐌷𐌹𐌽𐌸𐌰𐌽𐌳𐍉 𐌼𐌹𐌺 𐌹𐌽 𐍅𐌹𐍄𐍉𐌳𐌰 𐍆𐍂𐌰𐍅𐌰𐌿𐍂𐌷𐍄𐌰𐌹𐍃 𐌸𐌰𐌼𐌼𐌰 𐍅𐌹𐍃𐌰𐌽𐌳𐌹𐌽 𐌹𐌽 𐌻𐌹𐌸𐌿𐌼 𐌼𐌴𐌹𐌽𐌰𐌹𐌼."
Romans,7,24,𐍅𐌰𐌹𐌽𐌰(𐌷)𐍃 𐌹𐌺 𐌼𐌰𐌽𐌽𐌰! 𐍈𐌰𐍃 𐌼𐌹𐌺 𐌻𐌰𐌿𐍃𐌴𐌹𐌸 𐌿𐍃 𐌸𐌰𐌼𐌼𐌰 𐌻𐌴𐌹𐌺𐌰 𐌳𐌰𐌿𐌸𐌰𐌿𐍃 𐌸𐌹𐍃?
Romans,7,25,"𐌰𐍅𐌹𐌻𐌹𐌿𐌳𐍉 𐌲𐌿𐌳𐌰 𐌸𐌰𐌹𐍂𐌷 𐌹𐌴𐍃𐌿 𐍇𐍂𐌹𐍃𐍄𐌿, 𐍆𐍂𐌰𐌿𐌾𐌰𐌽 𐌿𐌽𐍃𐌰𐍂𐌰𐌽𐌰; 𐌾𐌰𐌿 𐌽𐌿 𐍃𐌹𐌻𐌱𐌰 𐌹(𐌺) 𐍃𐌺𐌰𐌻𐌺𐌹𐌽𐍉 𐌲𐌰𐌷𐌿𐌲𐌳𐌰𐌹 𐍅𐌹𐍄𐍉𐌳𐌰 𐌲𐌿𐌳𐌹𐍃, 𐌹𐌸 𐌻𐌴𐌹𐌺𐌰 𐍅𐌹𐍄𐍉𐌳𐌰 𐍆𐍂𐌰𐍅𐌰𐌿𐍂𐌷𐍄𐌰𐌹𐍃."
Romans,8,1,𐌽𐌹 𐍅𐌰𐌹𐌷𐍄 𐌸𐌰𐌽𐌽𐌿 𐌽𐌿 𐍅𐌰𐍂𐌲𐌹𐌸𐍉𐍃 𐌸𐌰𐌹𐌼 𐌹𐌽 𐍇𐍂𐌹𐍃𐍄𐌰𐌿 𐌹𐌴𐍃𐌿 𐌽𐌹 𐌲𐌰𐌲𐌲𐌰𐌽𐌳𐌰𐌼 𐌱𐌹 𐌻𐌴𐌹𐌺𐌰.
Romans,8,2,𐌿𐌽𐍄𐌴 𐍅𐌹𐍄𐍉𐌸 𐌰𐌷𐌼𐌹𐌽𐍃 𐌻𐌹𐌱𐌰𐌹𐌽𐌰𐌹𐍃 𐌹𐌽 𐍇𐍂𐌹𐍃𐍄𐌰𐌿 𐌹𐌴𐍃𐌿 𐍆𐍂𐌹𐌾𐌰𐌽𐌰 𐌱𐍂𐌰𐌷𐍄𐌰 𐌼𐌹𐌺 𐍅𐌹𐍄𐍉𐌳𐌹𐍃 𐍆𐍂𐌰𐍅𐌰𐌿𐍂𐌷𐍄𐌰𐌹𐍃 𐌾𐌰𐌷 𐌳𐌰𐌿𐌸𐌰𐌿𐍃.
Romans,8,3,"𐌿𐌽𐍄𐌴 𐌸𐌰𐍄𐌰 𐌿𐌽𐌼𐌰𐌷𐍄𐌴𐌹𐌲𐍉 𐍅𐌹𐍄𐍉𐌳𐌹𐍃, 𐌹𐌽 𐌸𐌰𐌼𐌼𐌴𐌹 𐍃𐌹𐌿𐌺𐍃 𐍅𐌰𐍃 𐌸𐌰𐌹𐍂𐌷 𐌻𐌴𐌹𐌺, 𐌲𐌿𐌸 𐍃𐌴𐌹𐌽𐌰𐌽𐌰 𐍃𐌿𐌽𐌿 𐌹𐌽𐍃𐌰𐌽𐌳𐌾𐌰𐌽𐌳𐍃 𐌹𐌽 𐌲𐌰𐌻𐌴𐌹𐌺𐌾𐌰 𐌻𐌴𐌹𐌺𐌹𐍃 𐍆𐍂𐌰𐍅𐌰𐌿𐍂𐌷𐍄𐌰𐌹𐍃 𐌾𐌰𐌷 𐌱𐌹 𐍆𐍂𐌰𐍅𐌰𐌿𐍂𐌷𐍄 𐌲𐌰𐍅𐌰𐍂𐌲𐌹𐌳𐌰 𐍆𐍂𐌰𐍅𐌰𐌿𐍂𐌷𐍄 𐌹𐌽 𐌻𐌴𐌹𐌺𐌰,"
Romans,8,4,"𐌴𐌹 𐌲𐌰𐍂𐌰𐌹𐌷𐍄𐌴𐌹 𐍅𐌹𐍄𐍉𐌳𐌹𐍃 𐌿𐍃𐍆𐌿𐌻𐌻𐌾𐌰𐌹𐌳𐌰𐌿 𐌹𐌽 𐌿𐌽𐍃 𐌸𐌰𐌹𐌼 𐌽𐌹 𐌱𐌹 𐌻𐌴𐌹𐌺𐌰 𐌲𐌰𐌲𐌲𐌰𐌽𐌳𐌰𐌼, 𐌰𐌺 𐌱𐌹 𐌰𐌷𐌼𐌹𐌽."
Romans,8,5,"𐌿𐌽𐍄𐌴 𐌸𐌰𐌹 𐌱𐌹 𐌻𐌴𐌹𐌺𐌰 𐍅𐌹𐍃𐌰𐌽𐌳𐌰𐌽𐍃 𐌸𐍉 𐌸𐍉𐌴𐌹 𐌻𐌴𐌹𐌺𐌹𐍃 𐍃𐌹𐌽𐌳, 𐌼𐌹𐍄𐍉𐌽𐌳; 𐌹𐌸 𐌸𐌰𐌹 𐌱𐌹 𐌰𐌷𐌼𐌹𐌽 𐌸𐍉 𐌸𐍉𐌴𐌹 𐌰𐌷𐌼𐌹𐌽𐍃."
Romans,8,6,"𐌰𐌸𐌸𐌰𐌽 𐍆𐍂𐌰𐌸𐌹 𐌻𐌴𐌹𐌺𐌹𐍃 𐌳𐌰𐌿𐌸𐌿𐍃, 𐌹𐌸 𐍆𐍂𐌰𐌸𐌹 𐌰𐌷𐌼𐌹𐌽𐍃 𐌻𐌹𐌱𐌰𐌹𐌽𐍃 𐌾𐌰𐌷 𐌲𐌰𐍅𐌰𐌹𐍂𐌸𐌹;"
Romans,8,7,"𐌿𐌽𐍄𐌴 𐍆𐍂𐌰𐌸𐌹 𐌻𐌴𐌹𐌺𐌹𐍃 𐍆𐌹𐌾𐌰𐌽𐌳𐍃 𐌳𐌿 𐌲𐌿𐌳𐌰; 𐍅𐌹𐍄𐍉𐌳𐌰 𐌲𐌿𐌳𐌹𐍃 𐌽𐌹 𐌿𐍆𐌷𐌰𐌿𐍃𐌴𐌹𐌸, 𐌹𐌸 𐌽𐌹 𐌼𐌰𐌲:"
Romans,8,8,𐌰𐌸𐌸𐌰𐌽 𐌸𐌰𐌹 𐌹𐌽 𐌻𐌴𐌹𐌺𐌰 𐍅𐌹𐍃𐌰𐌽𐌳𐌰𐌽𐍃 𐌲𐌿𐌳𐌰 𐌲𐌰𐌻𐌴𐌹𐌺𐌰𐌽 𐌽𐌹 𐌼𐌰𐌲𐌿𐌽.
Romans,8,9,"𐌹𐌸 𐌾𐌿𐍃 𐌽𐌹 𐍃𐌹𐌾𐌿𐌸 𐌹𐌽 𐌻𐌴𐌹𐌺𐌰, 𐌰𐌺 𐌹𐌽 𐌰𐌷𐌼𐌹𐌽, 𐍃𐍅𐌴𐌸𐌰𐌿𐌷 𐌾𐌰𐌱𐌰𐌹 𐌰𐌷𐌼𐌰 𐌲𐌿𐌳𐌹𐍃 𐌱𐌰𐌿𐌹𐌸 𐌹𐌽 𐌹𐌶𐍅𐌹𐍃. 𐌹𐌸 𐌾𐌰𐌱𐌰𐌹 𐍈𐌰𐍃 𐌰𐌷𐌼𐌰𐌽 𐍇𐍂𐌹𐍃𐍄𐌰𐌿𐍃 𐌽𐌹 𐌷𐌰𐌱𐌰𐌹𐌸, 𐍃𐌰 𐌽𐌹𐍃𐍄 𐌹𐍃."
Romans,8,10,"𐌾𐌰𐌱𐌰𐌹 𐌰𐌿𐌺 𐍇𐍂𐌹𐍃𐍄𐌿𐍃 𐌹𐌽 𐌹𐌶𐍅𐌹𐍃, 𐌻𐌴𐌹𐌺 𐍂𐌰𐌹𐌷𐍄𐌹𐍃...."
Romans,8,11,
Romans,8,12,
Romans,8,13,
Romans,8,14,
Romans,8,15,
Romans,8,16,
Romans,8,17,
Romans,8,18,
Romans,8,19,
Romans,8,20,
Romans,8,21,
Romans,8,22,
Romans,8,23,
Romans,8,24,
Romans,8,25,
Romans,8,26,
Romans,8,27,
Romans,8,28,
Romans,8,29,
Romans,8,30,
Romans,8,31,
Romans,8,32,
Romans,8,33,
Romans,8,34,".... 𐍃𐌰𐌴𐌹 𐌹𐍃𐍄 𐌹𐌽 𐍄𐌰𐌹𐌷𐍃𐍅𐍉𐌽 𐌲𐌿𐌳𐌹𐍃, 𐍃𐌰𐌴𐌹 𐌾𐌰𐌷 𐌱𐌹𐌳𐌾𐌹𐌸 𐍆𐌰𐌿𐍂 𐌿𐌽𐍃."
Romans,8,35,𐍈𐌰𐍃 𐌿𐌽𐍃 𐌰𐍆𐍃𐌺𐌰𐌹𐌳𐌰𐌹 𐌰𐍆 𐍆𐍂𐌹𐌰𐌸𐍅𐌰𐌹 𐍇𐍂𐌹𐍃𐍄𐌰𐌿𐍃? 𐌰𐌲𐌻𐍉? 𐌸𐌰𐌿 𐌰𐌲𐌲𐍅𐌹𐌸𐌰? 𐌸𐌰𐌿 𐍅𐍂𐌰𐌺𐌾𐌰? 𐌸𐌰𐌿 𐌷𐌿𐌷𐍂𐌿𐍃? 𐌸𐌰𐌿 𐌽𐌰𐌵𐌰𐌳𐌴𐌹? 𐌸𐌰𐌿 𐍃𐌻𐌴𐌹𐌸𐌴𐌹? 𐌸𐌰𐌿 𐌷𐌰𐌹𐍂𐌿𐍃?
Romans,8,36,"𐍃𐍅𐌰𐍃𐍅𐌴 𐌲𐌰𐌼𐌴𐌻𐌹𐌸 𐌹𐍃𐍄 𐌸𐌰𐍄𐌴𐌹 𐌹𐌽 𐌸𐌿𐌺 𐌲𐌰𐌳𐌰𐌿𐌸𐌾𐌰𐌽𐌳𐌰 𐌰𐌻𐌻 𐌳𐌰𐌲𐌹𐍃, 𐍂𐌰𐌷𐌽𐌹𐌳𐌰𐌹 𐍅𐌴𐍃𐌿𐌼 𐍃𐍅𐌴 𐌻𐌰𐌼𐌱𐌰 𐍃𐌻𐌰𐌿𐌷𐍄𐌰𐌹𐍃."
Romans,8,37,𐌰𐌺𐌴𐌹 𐌹𐌽 𐌸𐌰𐌹𐌼 𐌰𐌻𐌻𐌰𐌹𐌼 𐌾𐌹𐌿𐌺𐌰𐌼 𐌸𐌰𐌹𐍂𐌷 𐌸𐌰𐌽𐌰 𐍆𐍂𐌹𐌾𐍉𐌽𐌳𐌰𐌽 𐌿𐌽𐍃.
Romans,8,38,"𐌲𐌰𐍄𐍂𐌰𐌿𐌰 𐌰𐌿𐌺 𐌸𐌰𐍄𐌴𐌹 𐌽𐌹 𐌳𐌰𐌿𐌸𐌿𐍃 𐌽𐌹𐌷 𐌰𐌲𐌲𐌴𐌻𐌾𐌿𐍃 𐌽𐌹 (𐍂𐌴𐌹𐌺𐌾𐌰) 𐌽𐌹 𐌼𐌰𐌷𐍄𐌴𐌹𐍃 𐌽𐌹𐌷 𐌰𐌽𐌳𐍅𐌰𐌹𐍂𐌸𐍉 𐌽𐌹𐌷 𐌰𐌽𐌰𐍅𐌰𐌹𐍂𐌸𐍉,"
Romans,8,39,"𐌽𐌹𐌷 𐌷𐌰𐌿𐌷𐌹𐌸𐌰 𐌽𐌹𐌷 𐌳𐌹𐌿𐍀𐌹𐌸𐌰 𐌽𐌹𐌷 𐌲𐌰𐍃𐌺𐌰𐍆𐍄𐍃 (𐌰𐌽𐌸𐌰𐍂𐌰) 𐌼𐌰𐌲𐌹 𐌿𐌽𐍃 𐌰𐍆𐍃𐌺𐌰𐌹𐌳𐌰𐌽 𐌰𐍆 𐍆𐍂𐌹𐌰𐌸𐍅𐌰𐌹 𐌲𐌿𐌳𐌹𐍃 𐌸𐌹𐌶𐌰𐌹 𐌹𐌽 𐍇𐍂𐌹𐍃𐍄𐌰𐌿 𐌹𐌴𐍃𐌿, 𐍆𐍂𐌰𐌿𐌾𐌹𐌽 𐌿𐌽𐍃𐌰𐍂𐌰𐌼𐌼𐌰."
Romans,9,1,"𐍃𐌿𐌽𐌾𐌰 𐌵𐌹𐌸𐌰 𐌽𐌹 𐍅𐌰𐌹𐌷𐍄 𐌻𐌹𐌿𐌲𐌰, 𐌼𐌹𐌸𐍅𐌴𐌹𐍄𐍅𐍉𐌳𐌾𐌰𐌽𐌳𐌴𐌹𐌽 𐌼𐌹𐍃 𐌼𐌹𐌸𐍅𐌹𐍃𐍃𐌴𐌹𐌽 𐌼𐌴𐌹𐌽𐌰𐌹 𐌹𐌽 𐌰𐌷𐌼𐌹𐌽 𐍅𐌴𐌹𐌷𐌰𐌼𐌼𐌰,"
Romans,9,2,𐌸𐌰𐍄𐌴𐌹 𐍃𐌰𐌿𐍂𐌲𐌰 𐌼𐌹𐍃 𐌹𐍃𐍄 𐌼𐌹𐌺𐌹𐌻𐌰 𐌾𐌰𐌷 𐌿𐌽𐍈𐌴𐌹𐌻𐍉 𐌰𐌲𐌻𐍉 𐌷𐌰𐌹𐍂𐍄𐌹𐌽 𐌼𐌴𐌹𐌽𐌰𐌼𐌼𐌰.
Romans,9,3,"𐌿𐍃𐌱𐌹𐌳𐌰 𐌰𐌿𐌺 𐌰𐌽𐌰𐌸𐌰𐌹𐌼𐌰 𐍅𐌹𐍃𐌰𐌽 𐍃𐌹𐌻𐌱𐌰 𐌹𐌺 𐌰𐍆 𐍇𐍂𐌹𐍃𐍄𐌰𐌿 𐍆𐌰𐌿𐍂 𐌱𐍂𐍉𐌸𐍂𐌿𐌽𐍃 𐌼𐌴𐌹𐌽𐌰𐌽𐍃 𐌸𐌰𐌽𐍃 𐍃𐌰𐌼𐌰𐌺𐌿𐌽𐌾𐌰𐌽𐍃 𐌱𐌹 𐌻𐌴𐌹𐌺𐌰,"
Romans,9,4,"𐌸𐌰𐌹𐌴𐌹 𐍃𐌹𐌽𐌳 𐌹𐍃𐍂𐌰𐌴𐌻𐌴𐌹𐍄𐌰𐌹, 𐌸𐌹𐌶𐌴𐌴𐌹 𐌹𐍃𐍄 𐍆𐍂𐌰𐍃𐍄𐌹𐍃𐌹𐌱𐌾𐌰 𐌾𐌰𐌷 𐍅𐌿𐌻𐌸𐌿𐍃 𐌾𐌰𐌷 𐍅𐌹𐍄𐍉𐌳𐌹𐍃 𐌲𐌰𐍂𐌰𐌹𐌳𐌴𐌹𐌽𐍃 𐌾𐌰𐌷 𐍄𐍂𐌹𐌲𐌲𐍅𐍉𐍃 𐌾𐌰𐌷 𐍃𐌺𐌰𐌻𐌺𐌹𐌽𐌰𐍃𐍃𐌿𐍃 𐌾𐌰𐌷 𐌲𐌰𐌷𐌰𐌹𐍄𐌰,"
Romans,9,5,"𐌸𐌹𐌶𐌴𐌴𐌹 𐌰𐍄𐍄𐌰𐌽𐍃, 𐌾𐌰𐌷 𐌿𐍃 𐌸𐌰𐌹𐌼𐌴𐌹 𐍇𐍂𐌹𐍃𐍄𐌿𐍃 𐌱𐌹 𐌻𐌴𐌹𐌺𐌰, 𐍃𐌰𐌴𐌹 𐌹𐍃𐍄 𐌿𐍆𐌰𐍂 𐌰𐌻𐌻𐌰𐌹𐌼 𐌲𐌿𐌸 𐌸𐌹𐌿𐌸𐌹𐌸𐍃 𐌹𐌽 𐌰𐌹𐍅𐌰𐌼, 𐌰𐌼𐌴𐌽."
Romans,9,6,"𐌰𐌸𐌸𐌰𐌽 𐍃𐍅𐌴𐌸𐌰𐌿𐌷 𐌽𐌹 𐌿𐍃𐌳𐍂𐌰𐌿𐍃 𐍅𐌰𐌿𐍂𐌳 𐌲𐌿𐌳𐌹𐍃; 𐌽𐌹 𐌰𐌿𐌺 𐌰𐌻𐌻𐌰𐌹 𐌸𐌰𐌹 𐌿𐍃 𐌹𐍃𐍂𐌰𐌴𐌻𐌰 𐍃𐌹𐌽𐌳 𐌹𐍃𐍂𐌰𐌴𐌻,"
Romans,9,7,"𐌽𐌹𐌸~𐌸𐌰𐍄𐌴𐌹 𐍃𐌹𐌾𐌰𐌹𐌽𐌰 𐍆𐍂𐌰𐌹𐍅 𐌰𐌱𐍂𐌰𐌷𐌰𐌼𐌹𐍃, 𐌰𐌻𐌻𐌰𐌹 𐌱𐌰𐍂𐌽𐌰, 𐌰𐌺: 𐌹𐌽 𐌹𐍃𐌰𐌺𐌰 𐌷𐌰𐌹𐍄𐌰𐌳𐌰 𐌸𐌿𐍃 𐍆𐍂𐌰𐌹𐍅,"
Romans,9,8,"𐌸𐌰𐍄~𐌹𐍃𐍄: 𐌽𐌹 𐌸𐍉 𐌱𐌰𐍂𐌽𐌰 𐌻𐌴𐌹𐌺𐌹𐍃 𐌱𐌰𐍂𐌽𐌰 𐌲𐌿𐌳𐌹𐍃, 𐌰𐌺 𐌱𐌰𐍂𐌽𐌰 𐌲𐌰𐌷𐌰𐌹𐍄𐌹𐍃 𐍂𐌰𐌷𐌽𐌾𐌰𐌽𐌳𐌰 𐌳𐌿 𐍆𐍂𐌰𐌹𐍅𐌰."
Romans,9,9,"𐌲𐌰𐌷𐌰𐌹𐍄𐌹𐍃 𐌰𐌿𐌺 𐍅𐌰𐌿𐍂𐌳 𐌸𐌰𐍄~𐌹𐍃𐍄: 𐌱𐌹 𐌸𐌰𐌼𐌼𐌰 𐌼𐌴𐌻𐌰 𐌵𐌹𐌼𐌰, 𐌾𐌰𐌷 𐍅𐌰𐌹𐍂𐌸𐌹𐌸 𐍃𐌰𐍂𐍂𐌹𐌽 𐍃𐌿𐌽𐌿𐍃;"
Romans,9,10,"𐌰𐌸𐌸𐌰𐌽 𐌽𐌹 𐌸𐌰𐍄~𐌰𐌹𐌽, 𐌰𐌺 𐌾𐌰𐌷 𐍂𐌰𐌹𐌱𐌰𐌹𐌺𐌺𐌰 𐌿𐍃 𐌰𐌹𐌽𐌰𐌼𐌼𐌰 𐌲𐌰𐌻𐌹𐌲𐍂𐌾𐌰 𐌷𐌰𐌱𐌰𐌽𐌳𐌴𐌹 𐌹𐍃𐌰𐌺𐌹𐍃, 𐌰𐍄𐍄𐌹𐌽𐍃 𐌿𐌽𐍃𐌰𐍂𐌹𐍃."
Romans,9,11,"𐌰𐌸𐌸𐌰𐌽 𐌽𐌰𐌿𐌷𐌸𐌰𐌽𐌿𐌷 𐌲𐌰𐌱𐌰𐌿𐍂𐌰𐌽𐌰𐌹 𐍅𐌴𐍃𐌿𐌽, 𐌰𐌹𐌸𐌸𐌰𐌿 𐍄𐌰𐍅𐌹𐌳𐌴𐌳𐌴𐌹𐌽𐌰 𐍈𐌰 𐌸𐌹𐌿𐌸𐌹𐍃 𐌰𐌹𐌸𐌸𐌰𐌿 𐌿𐌽𐌸𐌹𐌿𐌸𐌹𐍃, 𐌴𐌹 𐌱𐌹 𐌲𐌰𐍅𐌰𐌻𐌴𐌹𐌽𐌰𐌹 𐌼𐌿𐌽𐍃 𐌲𐌿𐌳𐌹𐍃 𐍅𐌹𐍃𐌰𐌹,"
Romans,9,12,"𐌽𐌹 𐌿𐍃 𐍅𐌰𐌿𐍂𐍃𐍄𐍅𐌰𐌼, 𐌰𐌺 𐌿𐍃 𐌸𐌰𐌼𐌼𐌰 𐌻𐌰𐌸𐍉𐌽𐌳𐌹𐌽 𐌵𐌹𐌸𐌰𐌽 𐌹𐍃𐍄 𐌹𐌶𐌰𐌹 𐌸𐌰𐍄𐌴𐌹 𐍃𐌰 𐌼𐌰𐌹𐌶𐌰 𐍃𐌺𐌰𐌻𐌺𐌹𐌽𐍉𐌸 𐌸𐌰𐌼𐌼𐌰 𐌼𐌹𐌽𐌽𐌹𐌶𐌹𐌽,"
Romans,9,13,"𐍃𐍅𐌰𐍃𐍅𐌴 𐌲𐌰𐌼𐌴𐌻𐌹𐌸 𐌹𐍃𐍄: 𐌹𐌰𐌺𐍉𐌱 𐍆𐍂𐌹𐌾𐍉𐌳𐌰, 𐌹𐌸 𐌴𐍃𐌰𐍅 𐍆𐌹𐌾𐌰𐌹𐌳𐌰."
Romans,9,14,𐍈𐌰 𐌽𐌿 𐌵𐌹𐌸𐌰𐌼? 𐌹𐌱𐌰𐌹 𐌹𐌽𐍅𐌹𐌽𐌳𐌹𐌸𐌰 𐍆𐍂𐌰𐌼 𐌲𐌿𐌳𐌰? 𐌽𐌹𐍃~𐍃𐌹𐌾𐌰𐌹!
Romans,9,15,"𐌳𐌿 𐌼𐍉𐍃𐌴 𐌰𐌿𐌺 𐌵𐌹𐌸𐌹𐌸: 𐌲𐌰𐌰𐍂𐌼𐌰 𐌸𐌰𐌽𐌴𐌹 𐌰𐍂𐌼𐌰, 𐌾𐌰𐌷 𐌲𐌰𐌱𐌻𐌴𐌹𐌸𐌾𐌰 (𐌸𐌰𐌽𐌴𐌹 𐌱𐌻𐌴𐌹𐌸𐌾𐌰)."
Romans,9,16,"𐌸𐌰𐌽𐌽𐌿 𐌽𐌿 𐌽𐌹 𐍅𐌹𐌻𐌾𐌰𐌽𐌳𐌹𐌽𐍃 𐌽𐌹 𐍂𐌹𐌽𐌽𐌰𐌽𐌳𐌹𐌽𐍃, 𐌰𐌺 𐌰𐍂𐌼𐌰𐌽𐌳𐌹𐌽𐍃 𐌲𐌿𐌳𐌹𐍃."
Romans,9,17,"𐌵𐌹𐌸𐌹𐌸 𐌰𐌿𐌺 𐌸𐌰𐍄𐌰 𐌲𐌰𐌼𐌴𐌻𐌹𐌳𐍉 𐌳𐌿 𐍆𐌰𐍂𐌰𐍉𐌽𐌹, (𐌿𐌽𐍄𐌴 𐌹𐌽 𐌸𐌹𐌶𐌴 𐌾𐌰𐌷 𐍂𐌰𐌹𐍃𐌹𐌳𐌰) 𐌸𐌿𐌺, 𐌴𐌹 𐌲𐌰𐌱𐌰𐌹𐍂𐌷𐍄𐌾𐌰𐌿 𐌱𐌹 𐌸𐌿𐍃 𐌼𐌰𐌷𐍄 𐌼𐌴𐌹𐌽𐌰 𐌾𐌰𐌷 𐌲𐌰𐍄𐌴𐌹𐌷𐌰𐌹𐌳𐌰𐌿 𐌽𐌰𐌼𐍉 𐌼𐌴𐌹𐌽 𐌰𐌽𐌳 𐌰𐌻𐌻𐌰 𐌰𐌹𐍂𐌸𐌰."
Romans,9,18,"𐌸𐌰𐌽𐌽𐌿 𐌽𐌿 𐌾𐌰𐌹 𐌸𐌰𐌽𐌴𐌹 𐍅𐌹𐌻𐌹 𐌰𐍂𐌼𐌰𐌹𐌸, 𐌹𐌸 𐌸𐌰𐌽𐌴𐌹 𐍅𐌹𐌻𐌹 𐌲𐌰𐌷𐌰𐍂𐌳𐌴𐌹𐌸."
Romans,9,19,𐌵𐌹𐌸𐌹𐍃 𐌼𐌹𐍃 𐌽𐌿: 𐌰𐌸𐌸𐌰𐌽 𐍈𐌰 𐌽𐌰𐌿𐌷 𐍆𐌰𐌹𐌰𐌽𐌳𐌰? 𐌿𐌽𐍄𐌴 𐍅𐌹𐌻𐌾𐌹𐌽 𐌹𐍃 𐍈𐌰𐍃 𐌰𐌽𐌳𐍃𐍄𐌰𐌽𐌳𐌹𐌸?
Romans,9,20,"𐌸𐌰𐌽𐌽𐌿 𐌽𐌿 𐌾𐌰𐌹, 𐌼𐌰𐌽𐌽𐌰, 𐌸𐌿 𐍈𐌰𐍃 𐌹𐍃, 𐌴𐌹 𐌰𐌽𐌳𐍅𐌰𐌿𐍂𐌳𐌾𐌰𐌹𐍃 𐌲𐌿𐌳𐌰? 𐌹𐌱𐌰𐌹 𐌵𐌹𐌸𐌹𐌸 𐌲𐌰𐌳𐌹𐌺𐌹𐍃 𐌳𐌿 𐌸𐌰𐌼𐌼𐌰 𐌳𐌹𐌲𐌰𐌽𐌳𐌹𐌽: 𐍈𐌰 𐌼𐌹𐌺 𐌲𐌰𐍄𐌰𐍅𐌹𐌳𐌴𐍃 𐍃𐍅𐌰?"
Romans,9,21,"𐌸𐌰𐌿 𐌽𐌹𐌿 𐌷𐌰𐌱𐌰𐌹𐌸 𐌺𐌰𐍃𐌾𐌰 𐍅𐌰𐌻𐌳𐌿𐍆𐌽𐌹 𐌸𐌰𐌷𐍉𐌽𐍃 𐌿𐍃 𐌸𐌰𐌼𐌼𐌰 𐍃𐌰𐌼𐌹𐌽 𐌳𐌰𐌹𐌲𐌰 𐍄𐌰𐌿(𐌾𐌰𐌽) 𐍃𐌿𐌼 𐌳𐌿 𐌲𐌰𐌻𐌰𐌿𐌱𐌰𐌼𐌼𐌰 𐌺𐌰𐍃𐌰, 𐍃𐌿𐌼𐌿𐌸~𐌸𐌰𐌽 𐌳𐌿 𐌿𐌽𐌲𐌰𐌻𐌿𐌱𐌰𐌼𐌼𐌰?"
Romans,9,22,"𐌹𐌸 𐌾𐌰𐌱𐌰𐌹 𐍅𐌹𐌻𐌾𐌰𐌽𐌳𐍃 𐌲𐌿𐌸 𐌿𐍃𐍄𐌰𐌹𐌺𐌽𐌾𐌰𐌽 𐌸𐍅𐌰𐌹𐍂𐌷𐌴𐌹𐌽 𐌾𐌰𐌷 𐌿𐍃𐌺𐌰𐌽𐌽𐌾𐌰𐌽 𐌸𐌰𐍄𐌰 𐌼𐌰𐌷𐍄𐌴𐌹𐌲𐍉 𐌿𐍃𐌱𐌴𐌹𐌳𐌰𐌽𐌳𐍃 𐌹𐌽 𐌼𐌰𐌽𐌰𐌲𐌰𐌹 𐌻𐌰𐌲𐌲𐌰𐌼𐍉𐌳𐌴𐌹𐌽 𐌱𐌹 𐌺𐌰𐍃𐌰𐌼 𐌸𐍅𐌰𐌹𐍂𐌷𐌴𐌹𐌽𐍃 𐌲𐌰𐌼𐌰𐌽𐍅𐌹𐌳𐌰𐌹𐌼 𐌳𐌿 𐍆𐍂𐌰𐌻𐌿𐍃𐍄𐌰𐌹,"
Romans,9,23,𐌴𐌹 𐌲𐌰𐌺𐌰𐌽𐌽𐌹𐌳𐌴𐌳𐌹 𐌲𐌰𐌱𐌴𐌹𐌽 𐍅𐌿𐌻𐌸(𐌰)𐌿𐍃 𐍃𐌴𐌹𐌽𐌹𐍃 𐌱𐌹 𐌺𐌰𐍃𐌰𐌼 𐌰𐍂𐌼𐌰𐌹𐍉𐌽𐍃 𐌸𐍉𐌴𐌹 𐍆𐌰𐌿𐍂𐌰𐌲𐌰𐌼𐌰𐌽𐍅𐌹𐌳𐌰 𐌳𐌿 𐍅𐌿𐌻𐌸𐌰𐌿;
Romans,9,24,"𐌸𐌰𐌽𐌶𐌴𐌹 𐌾𐌰𐌷 𐌻𐌰𐌸𐍉𐌳𐌰 𐌿𐌽𐍃 𐌽𐌹 𐌸𐌰𐍄𐌰𐌹𐌽𐌴(𐌹) 𐌿𐍃 𐌹𐌿𐌳𐌰𐌹𐌿𐌼, 𐌰𐌺 𐌾𐌰𐌷 𐌿𐍃 𐌸𐌹𐌿𐌳𐍉𐌼,"
Romans,9,25,"𐍃𐍅𐌰𐍃𐍅𐌴 𐌾𐌰𐌷 𐌹𐌽 𐍉𐍃𐌰𐌹𐌹𐌽 𐌵𐌹𐌸𐌹𐌸: 𐌷𐌰𐌹𐍄𐌰 𐌸𐍉 𐌽𐌹 𐌼𐌰𐌽𐌰𐌲𐌴𐌹𐌽 𐌼𐌴𐌹𐌽𐌰 𐌼𐌰𐌽𐌰𐌲𐌴𐌹𐌽 𐌼𐌴𐌹𐌽𐌰, 𐌾𐌰𐌷 𐌸𐍉 𐌿𐌽𐌻𐌹𐌿𐌱𐍉𐌽 𐌻𐌹𐌿𐌱𐍉𐌽;"
Romans,9,26,"𐌾𐌰𐌷 𐍅𐌰𐌹𐍂𐌸𐌹𐌸 𐌹𐌽 𐌸𐌰𐌼𐌼𐌰 𐍃𐍄𐌰𐌳𐌰 𐌸𐌰𐍂𐌴𐌹 𐌵𐌹𐌸𐌰𐌳𐌰 𐌹𐌼: 𐌽𐌹 𐌼𐌰𐌽𐌰𐌲𐌴𐌹 𐌼𐌴𐌹𐌽𐌰 𐌾𐌿𐍃, 𐌸𐌰𐌹 𐌷𐌰𐌹𐍄𐌰𐌽𐌳𐌰 𐍃𐌿𐌽𐌾𐌿𐍃 𐌲𐌿𐌳𐌹𐍃 𐌻𐌹𐌱𐌰𐌽𐌳𐌹𐌽𐍃."
Romans,9,27,"𐌹𐌸 𐌴𐍃𐌰ï𐌰𐍃 𐌷𐍂𐍉𐍀𐌴𐌹𐌸 𐌱𐌹 𐌹𐍃𐍂𐌰𐌴𐌻: 𐌾𐌰𐌱𐌰𐌹 𐍅𐌴𐍃𐌹 𐍂𐌰𐌸𐌾𐍉 𐍃𐌿𐌽𐌹𐍅𐌴 𐌹𐍃𐍂𐌰𐌴𐌻𐌹𐍃 𐍃𐍅𐌰𐍃𐍅𐌴 𐌼𐌰𐌻𐌼𐌰 𐌼𐌰𐍂𐌴𐌹𐌽𐍃, 𐌻𐌰𐌹𐌱𐍉𐍃 𐌲𐌰𐌽𐌹𐍃𐌰𐌽𐌳."
Romans,9,28,"𐍅𐌰𐌿𐍂𐌳 𐌰𐌿𐌺 𐌿𐍃𐍄𐌹𐌿𐌷𐌰𐌽𐌳𐍃 𐌾𐌰𐌷 𐌲𐌰𐌼𐌰𐌿𐍂𐌲𐌾𐌰𐌽𐌳𐍃 𐌹𐌽 𐌲𐌰𐍂𐌰𐌹𐌷𐍄𐌴𐌹𐌽, 𐌿𐌽𐍄𐌴 𐍅𐌰𐌿𐍂𐌳 𐌲𐌰𐌼𐌰𐌿𐍂𐌲𐌹𐌸 𐍄𐌰𐌿𐌾𐌹𐌸 𐍆𐍂𐌰𐌿𐌾𐌰 𐌰𐌽𐌰 𐌰𐌹𐍂𐌸𐌰𐌹."
Romans,9,29,"𐌾𐌰𐌷 𐍃𐍅𐌰𐍃𐍅𐌴 𐍆𐌰𐌿𐍂𐌰𐌵𐌰𐌸 𐌴𐍃𐌰ï𐌰𐍃: 𐌽𐌹𐌷 𐍆𐍂𐌰𐌿𐌾𐌰 𐍃𐌰𐌱𐌰𐍉𐌸 𐌱𐌹𐌻𐌹𐌸𐌹 𐌿𐌽𐍃𐌹𐍃 𐍆𐍂𐌰𐌹𐍅𐌰, 𐍃𐍅𐌴 𐍃𐌰𐌿𐌳𐌰𐌿𐌼𐌰 𐌸𐌰𐌿 𐍅𐌰𐌿𐍂𐌸𐌴𐌹𐌼𐌰 𐌾𐌰𐌷 𐍃𐍅𐌴 𐌲𐌰𐌿𐌼𐌰𐌿𐍂𐍂𐌰 𐌸𐌰𐌿 𐌲𐌰𐌻𐌴𐌹𐌺𐌰𐌹 𐍅𐌰𐌿𐍂𐌸𐌴𐌹𐌼𐌰."
Romans,9,30,"𐍈𐌰 𐌽𐌿 𐌵𐌹𐌸𐌰𐌼? 𐌸𐌰𐍄𐌴𐌹 𐌸𐌹𐌿𐌳𐍉𐍃 𐌸𐍉𐍃 𐌽𐌹 𐌻𐌰𐌹𐍃𐍄𐌾𐌰𐌽𐌳𐌴𐌹𐌽𐍃 𐌲𐌰𐍂𐌰𐌹𐌷𐍄𐌴𐌹𐌽 𐌲𐌰𐍆𐌰𐌹𐍆𐌰𐌷𐌿𐌽 𐌲𐌰𐍂𐌰𐌹𐌷𐍄𐌴𐌹𐌽, 𐌰𐌸𐌸𐌰𐌽 𐌲𐌰𐍂𐌰𐌹𐌷𐍄𐌴𐌹𐌽 𐌸𐍉 𐌿𐍃 𐌲𐌰𐌻𐌰𐌿𐌱𐌴𐌹(𐌽𐌰𐌹);"
Romans,9,31,𐌹𐌸 𐌹𐍃𐍂𐌰𐌴𐌻 𐌻𐌰𐌹𐍃𐍄𐌾𐌰𐌽𐌳𐍃 𐍅𐌹𐍄𐍉𐌸 𐌲𐌰𐍂𐌰𐌹𐌷𐍄𐌴𐌹𐌽𐍃 𐌱𐌹 𐍅𐌹𐍄𐍉𐌸 𐌲𐌰𐍂𐌰𐌹𐌷𐍄𐌴𐌹𐌽𐍃 𐌽𐌹 𐌲𐌰𐍃𐌽𐌰𐌿.
Romans,9,32,"𐌳𐌿𐍈𐌴? 𐌿𐌽𐍄𐌴 𐌽𐌹 𐌿𐍃 𐌲𐌰𐌻𐌰𐌿𐌱𐌴𐌹𐌽𐌰𐌹, 𐌰𐌺 𐌿𐍃 𐍅𐌰𐌿𐍂𐍃𐍄𐍅𐌰𐌼 𐍅𐌹𐍄𐍉𐌳𐌹𐍃; 𐌱𐌹𐍃𐍄𐌿𐌲𐌲𐌵𐌿𐌽 𐌳𐌿 𐍃𐍄𐌰𐌹𐌽𐌰 𐌱𐌹𐍃𐍄𐌿𐌲𐌲𐌵𐌹𐍃,"
Romans,9,33,"𐍃𐍅𐌰𐍃𐍅𐌴 𐌲𐌰𐌼𐌴𐌻𐌹𐌸 𐌹𐍃𐍄: 𐍃𐌰𐌹, 𐌲𐌰𐌻𐌰𐌲𐌾𐌰 𐌹𐌽 𐍃𐌹𐍉𐌽 𐍃𐍄𐌰𐌹𐌽 𐌱𐌹𐍃𐍄𐌿𐌲𐌲𐌵𐌹𐍃 𐌾𐌰𐌷 𐌷𐌰𐌻𐌻𐌿 𐌲𐌰𐌼𐌰𐍂𐌶𐌴𐌹𐌽𐌰𐌹𐍃, 𐌾𐌰𐌷 𐌲𐌰𐌻𐌰𐌿𐌱𐌾𐌰𐌽𐌳𐍃 𐌳𐌿 𐌹𐌼𐌼𐌰 𐌽𐌹 𐌲𐌰𐌰𐌹𐍅𐌹𐍃𐌺𐍉𐌳𐌰."
Romans,10,1,"𐌱𐍂𐍉𐌸𐍂𐌾𐌿𐍃, 𐍃𐌰 𐍂𐌰𐌹𐌷𐍄𐌹𐍃 𐍅𐌹𐌻𐌾𐌰 𐌼𐌴𐌹𐌽𐌹𐍃 𐌷𐌰𐌹𐍂𐍄𐌹𐌽𐍃 𐌾𐌰𐌷 𐌱𐌹𐌳𐌰 𐌳𐌿 𐌲𐌿𐌳𐌰 𐌱𐌹 𐌹𐌽𐍃 𐌳𐌿 𐌽𐌰𐍃𐌴𐌹𐌽𐌰𐌹."
Romans,10,2,"𐍅𐌴𐌹𐍄𐍅𐍉𐌳𐌾𐌰 𐌰𐌿𐌺 𐌹𐌼 𐌸𐌰𐍄𐌴𐌹 𐌰𐌻𐌾𐌰𐌽 𐌲𐌿𐌳𐌹𐍃 𐌷𐌰𐌱𐌰𐌽𐌳, 𐌰𐌺𐌴𐌹 𐌽𐌹 𐌱𐌹 𐌺𐌿𐌽𐌸𐌾𐌰."
Romans,10,3,"𐌿𐌽𐌺𐌿𐌽𐌽𐌰𐌽𐌳𐌰𐌽𐍃 𐌰𐌿𐌺 𐌲𐌿𐌳𐌹𐍃 𐌲𐌰𐍂𐌰𐌹𐌷𐍄𐌴𐌹𐌽 𐌾𐌰𐌷 𐍃𐌴𐌹𐌽𐌰 𐌲𐌰𐍂𐌰𐌹𐌷𐍄𐌴𐌹𐌽 𐍃𐍉𐌺𐌾𐌰𐌽𐌳𐌰𐌽𐍃 𐍃𐍄𐌹𐌿𐍂𐌾𐌰𐌽, 𐌲𐌰𐍂𐌰𐌹𐌷𐍄𐌴𐌹𐌽 𐌲𐌿𐌳𐌹𐍃 𐌽𐌹 𐌿𐍆𐌷𐌰𐌿𐍃𐌹𐌳𐌴𐌳𐌿𐌽."
Romans,10,4,𐌿𐍃𐍄𐌰𐌿𐌷𐍄𐍃 𐌰𐌿𐌺 𐍅𐌹𐍄𐍉𐌳𐌹𐍃 𐍇𐍂𐌹𐍃𐍄𐌿𐍃 𐌳𐌿 𐌲𐌰𐍂𐌰𐌹𐌷𐍄𐌴𐌹𐌽 𐌰𐌻𐌻𐌰𐌹𐌼 𐌸𐌰𐌹𐌼 𐌲𐌰𐌻𐌰𐌿𐌱𐌾𐌰𐌽𐌳𐌰𐌼.
Romans,10,5,"𐌼𐍉𐍃𐌴𐍃 𐌰𐌿𐌺 𐌼𐌴𐌻𐌴𐌹𐌸 𐌸𐍉 𐌲𐌰𐍂𐌰𐌹𐌷𐍄𐌴𐌹𐌽 𐌿𐍃 𐍅𐌹𐍄𐍉𐌳𐌰, 𐌸𐌰𐍄𐌴𐌹 𐍃𐌰 𐍄𐌰𐌿𐌾𐌰𐌽𐌳𐍃 𐌸𐍉 𐌼𐌰𐌽𐌽𐌰 𐌻𐌹𐌱𐌰𐌹𐌸 𐌹𐌽 𐌹𐌶𐌰𐌹."
Romans,10,6,𐌹𐌸 𐍃𐍉 𐌿𐍃 𐌲𐌰𐌻𐌰𐌿𐌱𐌴𐌹𐌽𐌰𐌹 𐌲𐌰𐍂𐌰𐌹𐌷𐍄𐌴𐌹 𐍃𐍅𐌰 𐌵𐌹𐌸𐌹𐌸: 𐌽𐌹 𐌵𐌹𐌸𐌰𐌹𐍃 𐌹𐌽 𐌷𐌰𐌹𐍂𐍄𐌹𐌽 𐌸𐌴𐌹𐌽𐌰𐌼𐌼𐌰: 𐍈𐌰𐍃 𐌿𐍃𐍃𐍄𐌴𐌹𐌲𐌹𐌸 𐌹𐌽 𐌷𐌹𐌼𐌹𐌽? 𐌸𐌰𐍄~𐌹𐍃𐍄 𐍇𐍂𐌹𐍃𐍄𐌿 𐌳𐌰𐌻𐌰𐌸 𐌰𐍄𐍄𐌹𐌿𐌷𐌰𐌽;
Romans,10,7,𐌰𐌹𐌸𐌸𐌰𐌿: 𐍈𐌰𐍃 𐌲𐌰𐍃𐍄𐌴𐌹𐌲𐌹𐌸 𐌹𐌽 𐌰𐍆𐌲𐍂𐌿𐌽𐌳𐌹𐌸𐌰? 𐌸𐌰𐍄~𐌹𐍃𐍄 𐍇𐍂𐌹𐍃𐍄𐌿 𐌿𐍃 𐌳𐌰𐌿𐌸𐌰𐌹𐌼 𐌹𐌿𐍀 𐌿𐍃𐍄𐌹𐌿𐌷𐌰𐌽.
Romans,10,8,"𐌰𐌺𐌴𐌹 𐍈𐌰 𐌵𐌹𐌸𐌹𐌸? 𐌽𐌴𐍈𐌰 𐌸𐌿𐍃 𐌸𐌰𐍄𐌰 𐍅𐌰𐌿𐍂𐌳 𐌹𐍃𐍄 𐌹𐌽 𐌼𐌿𐌽𐌸𐌰 𐌸𐌴𐌹𐌽𐌰𐌼𐌼𐌰 𐌾𐌰𐌷 𐌹𐌽 𐌷𐌰𐌹𐍂𐍄𐌹𐌽 𐌸𐌴𐌹𐌽𐌰𐌼𐌼𐌰, 𐌸𐌰𐍄~𐌹𐍃𐍄 𐍅𐌰𐌿𐍂𐌳 𐌲𐌰𐌻𐌰𐌿𐌱𐌴𐌹𐌽𐌰𐌹𐍃 𐌸𐌰𐍄𐌴𐌹 𐌼𐌴𐍂𐌾𐌰𐌼."
Romans,10,9,"𐌸𐌴𐌹 𐌾𐌰𐌱𐌰𐌹 𐌰𐌽𐌳𐌷𐌰𐌹𐍄𐌹𐍃 𐌹𐌽 𐌼𐌿𐌽𐌸𐌰 𐌸𐌴𐌹𐌽𐌰𐌼𐌼𐌰 𐍆𐍂𐌰𐌿𐌾𐌹𐌽 𐌹𐌴𐍃𐌿 𐌾𐌰𐌷 𐌲𐌰𐌻𐌰𐌿𐌱𐌴𐌹𐍃 𐌹𐌽 𐌷𐌰𐌹𐍂𐍄𐌹𐌽 𐌸𐌴𐌹𐌽𐌰𐌼𐌼𐌰 𐌸𐌰𐍄𐌴𐌹 𐌲𐌿𐌸 𐌹𐌽𐌰 𐌿𐍂𐍂𐌰𐌹𐍃𐌹𐌳𐌰 𐌿𐍃 𐌳𐌰𐌿𐌸𐌰𐌹𐌼, 𐌲𐌰𐌽𐌹𐍃𐌹(𐍃)."
Romans,10,10,"𐌷𐌰𐌹𐍂𐍄𐍉 𐌰𐌿𐌺 𐌲𐌰𐌻𐌰𐌿𐌱𐌴𐌹𐌸 𐌳𐌿 𐌲𐌰𐍂𐌰𐌹𐌷𐍄𐌹𐌸𐌰𐌹, 𐌹𐌸 𐌼𐌿𐌽𐌸𐌰 𐌰𐌽𐌳𐌷𐌰𐌹𐍄𐌰𐌳𐌰 𐌳𐌿 𐌲𐌰𐌽𐌹𐍃𐍄𐌰𐌹."
Romans,10,11,𐌵𐌹𐌸𐌹𐌸 𐌰𐌿𐌺 𐌸𐌰𐍄𐌰 𐌲𐌰𐌼𐌴𐌻𐌹𐌸: 𐍈𐌰𐌶𐌿𐌷 𐍃𐌰 𐌲𐌰𐌻𐌰𐌿𐌱𐌾𐌰𐌽𐌳𐍃 𐌳𐌿 𐌹𐌼𐌼𐌰 𐌽𐌹 𐌲𐌰𐌰𐌹𐍅𐌹𐍃𐌺𐍉𐌳𐌰.
Romans,10,12,"𐌽𐌹 𐌰𐌿𐌺 𐌹𐍃𐍄 𐌲𐌰𐍃𐌺𐌰𐌹𐌳𐌴𐌹𐌽𐍃 𐌹𐌿𐌳𐌰𐌹𐌰𐌿𐍃 𐌾𐌰𐌷 𐌺𐍂𐌴𐌺𐌹𐍃; 𐍃𐌰 𐍃𐌰𐌼𐌰 𐌰𐌿𐌺 𐍆𐍂𐌰𐌿𐌾𐌰 𐌰𐌻𐌻𐌰𐌹𐌶𐌴, 𐌲𐌰𐌱𐌹𐌲𐍃 𐌹𐌽 𐌰𐌻𐌻𐌰𐌽𐍃 𐌸𐌰𐌽𐍃 𐌱𐌹𐌳𐌾𐌰𐌽𐌳𐌰𐌽𐍃 𐍃𐌹𐌺."
Romans,10,13,"𐍈𐌰𐌶𐌿𐌷 𐌰𐌿𐌺 𐍃𐌰𐌴𐌹 𐌰𐌽𐌰𐌷𐌰𐌹𐍄𐌹𐌸 𐌱𐌹𐌳𐌰𐌹 𐌽𐌰𐌼𐍉 𐍆𐍂𐌰𐌿𐌾𐌹𐌽𐍃, 𐌲𐌰𐌽𐌹𐍃𐌹𐌸."
Romans,10,14,𐍈𐌰𐌹𐍅𐌰 𐌽𐌿 𐌱𐌹𐌳𐌾𐌰𐌽𐌳 𐌳𐌿 𐌸𐌰𐌼𐌼𐌴𐌹 𐌽𐌹 𐌲𐌰𐌻𐌰𐌿𐌱𐌹𐌳𐌴𐌳𐌿𐌽? 𐌰𐌹𐌸𐌸𐌰𐌿 𐍈𐌰𐌹𐍅𐌰 𐌲𐌰𐌻𐌰𐌿𐌱𐌾𐌰𐌽𐌳 𐌸𐌰𐌼𐌼𐌴𐌹 𐌽𐌹 𐌷𐌰𐌿𐍃𐌹𐌳𐌴𐌳𐌿𐌽? 𐌹𐌸 𐍈𐌰𐌹𐍅𐌰 𐌷𐌰𐌿𐍃𐌾𐌰𐌽𐌳 𐌹𐌽𐌿 𐌼𐌴𐍂𐌾𐌰𐌽𐌳𐌰𐌽?
Romans,10,15,"𐌹𐌸 𐍈𐌰𐌹𐍅𐌰 𐌼𐌴𐍂𐌾𐌰𐌽𐌳, 𐌽𐌹𐌱𐌰 𐌹𐌽𐍃𐌰𐌽𐌳𐌾𐌰𐌽𐌳𐌰? 𐍃𐍅𐌰𐍃𐍅𐌴 𐌲𐌰𐌼𐌴𐌻𐌹𐌸 𐌹𐍃𐍄: 𐍈𐌰𐌹𐍅𐌰 𐍃𐌺𐌰𐌿𐌽𐌾𐌰𐌹 𐍆𐍉𐍄𐌾𐌿𐍃 𐌸𐌹𐌶𐌴 𐍃𐍀𐌹𐌻𐌻𐍉𐌽𐌳𐌰𐌽𐌴 𐌲𐌰𐍅𐌰𐌹𐍂𐌸𐌹, 𐌸𐌹𐌶𐌴 𐍃𐍀𐌹𐌻𐌻𐍉𐌽𐌳𐌰𐌽𐌴 𐌸𐌹𐌿𐌸."
Romans,10,16,"𐌰𐌺𐌴𐌹 𐌽𐌹 𐌰𐌻𐌻𐌰𐌹 𐌿𐍆𐌷𐌰𐌿𐍃𐌹𐌳𐌴𐌳𐌿𐌽 𐌰𐌹𐍅𐌰𐌲𐌲𐌴𐌻𐌾𐍉𐌽: 𐌴𐍃𐌰Ã¯𐌰𐍃 𐌰𐌿𐌺 𐌵𐌹𐌸𐌹𐌸: 𐍆𐍂𐌰𐌿𐌾𐌰, 𐍈𐌰𐍃 𐌲𐌰𐌻𐌰𐌿𐌱𐌹𐌳𐌰 𐌷𐌰𐌿𐍃𐌴𐌹𐌽𐌰𐌹 𐌿𐌽𐍃𐌰𐍂𐌰𐌹?"
Romans,10,17,"𐌸𐌰𐌽𐌽𐌿 𐌲𐌰𐌻𐌰𐌿𐌱𐌴𐌹𐌽𐍃 𐌿𐍃 𐌲𐌰𐌷𐌰𐌿𐍃𐌴𐌹𐌽𐌰𐌹, 𐌹𐌸 𐌲𐌰𐌷𐌰𐌿𐍃𐌴𐌹𐌽𐍃 𐌸𐌰𐌹𐍂𐌷 𐍅𐌰𐌿𐍂𐌳 𐍇𐍂𐌹𐍃𐍄𐌰𐌿𐍃."
Romans,10,18,𐌰𐌺𐌴𐌹 𐌵𐌹𐌸𐌰: 𐌹𐌱𐌰𐌹 𐌽𐌹 𐌷𐌰𐌿𐍃𐌹𐌳𐌴𐌳𐌿𐌽? 𐍂𐌰𐌹𐌷𐍄𐌹𐍃: 𐌰𐌽𐌳 𐌰𐌻𐌻𐌰 𐌰𐌹𐍂𐌸𐌰 𐌲𐌰𐌻𐌰𐌹𐌸 𐌳𐍂𐌿𐌽𐌾𐌿𐍃 𐌹𐌶𐌴 𐌾𐌰𐌷 𐌰𐌽𐌳 𐌰𐌽𐌳𐌹𐌽𐍃 𐌼𐌹𐌳𐌾𐌿𐌽𐌲𐌰𐍂𐌳𐌹𐍃 𐍅𐌰𐌿𐍂𐌳𐌰 𐌹𐌶𐌴.
Romans,10,19,"𐌰𐌺𐌴𐌹 𐌵𐌹𐌸𐌰: 𐌹𐌱𐌰𐌹 𐌹𐍃𐍂𐌰𐌴𐌻 𐌽𐌹 𐍆𐌰𐌽𐌸? 𐍆𐍂𐌿𐌼𐌹𐍃𐍄 𐌼𐍉𐍃𐌴𐍃 𐌵𐌹𐌸𐌹𐌸: 𐌹𐌺 𐌹𐌽 𐌰𐌻𐌾𐌰𐌽𐌰 𐌹𐌶𐍅𐌹𐍃 𐌱𐍂𐌹𐌲𐌲𐌰 𐌹𐌽 𐌿𐌽𐌸𐌹𐌿𐌳𐍉𐌼, 𐌹𐌽 𐌸𐌹𐌿𐌳𐌰𐌹 𐌿𐌽𐍆𐍂𐌰𐌸𐌾𐌰𐌽𐌳𐌴𐌹𐌽 𐌹𐌽 𐌸𐍅𐌰𐌹𐍂𐌷𐌴𐌹𐌽 𐌹𐌶𐍅𐌹𐍃 𐌱𐍂𐌹𐌲𐌲𐌰."
Romans,10,20,"𐌹𐌸 𐌴𐍃𐌰ï𐌰𐍃 𐌰𐌽𐌰𐌽𐌰𐌽𐌸𐌴𐌹𐌸 𐌾𐌰𐌷 𐌵𐌹𐌸𐌹𐌸: 𐌱𐌹𐌲𐌹𐍄𐌰𐌽𐍃 𐍅𐌰𐍂𐌸 𐌸𐌰𐌹𐌼 𐌼𐌹𐌺 𐌽𐌹 𐌲𐌰𐍃𐍉𐌺𐌾𐌰𐌽𐌳𐌰𐌼, 𐍃𐍅𐌹𐌺𐌿𐌽𐌸𐍃 𐍅𐌰𐍂𐌸 𐌸𐌰𐌹𐌼 𐌼𐌹𐌺 𐌽𐌹 𐌲𐌰𐍆𐍂𐌰𐌹𐌷𐌽𐌰𐌽𐌳𐌰𐌼."
Romans,10,21,𐌹𐌸 𐌳𐌿 𐌹𐍃𐍂𐌰𐌴𐌻𐌰 𐌵𐌹𐌸𐌹𐌸: 𐌰𐌻𐌻𐌰𐌽𐌰 𐌳𐌰𐌲 𐌿𐍃𐌱𐍂𐌰𐌹𐌳𐌹𐌳𐌰 (𐌸𐍉𐍃) 𐌷𐌰𐌽𐌳𐌿𐌽𐍃 𐌼𐌴𐌹𐌽𐍉𐍃 𐌳𐌿 𐌼𐌰𐌽𐌰𐌲𐌴𐌹𐌽 𐌿𐌽𐌲𐌰𐌻𐌰𐌿𐌱𐌾𐌰𐌽𐌳𐌴𐌹𐌽 𐌾𐌰𐌷 𐌰𐌽𐌳𐍃𐍄𐌰𐌽𐌳𐌰𐌽𐌳𐌴𐌹𐌽.
Romans,11,1,𐌵𐌹𐌸𐌰 𐌽𐌿: 𐌹𐌱𐌰𐌹 𐌰𐍆𐍃𐌺𐌰𐌿𐍆 𐌲𐌿𐌸 𐌰(𐍂)𐌱𐌾𐌰 𐍃𐌴𐌹𐌽𐌰𐌼𐌼𐌰? 𐌽𐌹𐍃~𐍃𐌹𐌾𐌰𐌹! 𐌾𐌰𐌷 𐌰𐌿𐌺 𐌹𐌺 𐌹𐍃𐍂𐌰𐌴𐌻𐌴𐌹𐍄𐌴𐍃 𐌹𐌼....
Romans,11,2,
Romans,11,3,
Romans,11,4,
Romans,11,5,
Romans,11,6,
Romans,11,7,
Romans,11,8,
Romans,11,9,
Romans,11,10,
Romans,11,11,.... 𐌴𐌹 𐌲𐌰𐌳𐍂𐌿𐍃𐌴𐌹𐌽𐌰? 𐌽𐌹𐍃~𐍃𐌹𐌾𐌰𐌹! 𐌰𐌺 𐌸𐌹𐌶𐌰𐌹 𐌹𐌶𐌴 𐌼𐌹𐍃𐍃𐌰𐌳𐌴𐌳𐌰𐌹 𐌲𐌰𐌽𐌹𐍃𐍄𐍃 𐌸𐌹𐌿𐌳𐍉𐌼 𐌳𐌿 𐌹𐌽 𐌰𐌻𐌾𐌰𐌽𐌰 𐌱𐍂𐌹𐌲𐌲𐌰𐌽 𐌹𐌽𐍃.
Romans,11,12,"𐌹𐌸 𐌾𐌰𐌱𐌰𐌹 𐌼𐌹𐍃𐍃𐌰𐌳𐌴𐌳𐍃 𐌹𐌶𐌴 𐌲𐌰𐌱𐌴𐌹 𐍆𐌰𐌹𐍂𐍈𐌰𐌿 𐌾𐌰𐌷 𐍅𐌰𐌽𐌰𐌹𐌽𐍃 𐌹𐌶𐌴 𐌲𐌰𐌱𐌴𐌹 𐌸𐌹𐌿𐌳𐍉𐌼, 𐍈𐌰𐌽 𐌼𐌰𐌹𐍃 𐍆𐌿𐌻𐌻𐍉 𐌹𐌶𐌴?"
Romans,11,13,"𐌹𐌶𐍅𐌹𐍃 𐌰𐌿𐌺 𐌵𐌹𐌸𐌰 𐌸𐌹𐌿𐌳𐍉𐌼: 𐍃𐍅𐌰 𐌻𐌰𐌲𐌲𐌰 𐍃𐍅𐌴 𐌹𐌺 𐌹𐌼 𐌸𐌹𐌿𐌳𐍉 𐌰𐍀𐌰𐌿𐍃𐍄𐌰𐌿𐌻𐌿𐍃, 𐌰𐌽𐌳𐌱𐌰𐌷𐍄𐌹 𐌼𐌴𐌹𐌽 𐌼𐌹𐌺𐌹𐌻𐌾𐌰,"
Romans,11,14,𐌴𐌹 𐍈𐌰𐌹𐍅𐌰 𐌹𐌽 𐌰𐌻𐌾𐌰𐌽𐌰 𐌱𐍂𐌹𐌲𐌲𐌰𐌿 𐌻𐌴𐌹𐌺 𐌼𐌴𐌹𐌽 𐌾𐌰𐌷 𐌲𐌰𐌽𐌰𐍃𐌾𐌰𐌿 𐍃𐌿𐌼𐌰𐌽𐍃 𐌿𐍃 𐌹𐌼.
Romans,11,15,"𐌾𐌰𐌱𐌰𐌹 𐌰𐌿𐌺 𐌿𐍃𐍅𐌰𐌿𐍂𐍀𐌰 𐌹𐌶𐌴 𐌲𐌰𐌱𐌴𐌹 𐍆𐌰𐌹𐍂𐍈𐌰𐌿𐍃, 𐍈𐌰 𐍃𐍉 𐌰𐌽𐌳𐌰𐌽𐌿𐌼𐍄𐍃, 𐌽𐌹𐌱𐌰𐌹 𐌻𐌹𐌱𐌰𐌹𐌽𐍃 𐌿𐍃 𐌳𐌰𐌿𐌸𐌰𐌹𐌼?"
Romans,11,16,"𐌸𐌰𐌽𐌳𐌴𐌹 𐌿𐍆𐌰𐍂𐍃𐌺𐌰𐍆𐍄𐍃 𐍅𐌴𐌹𐌷𐌰, 𐌾𐌰𐌷 𐌳𐌰𐌹𐌲𐍃, 𐌾𐌰𐌷 𐌾𐌰𐌱𐌰𐌹 𐍅𐌰𐌿𐍂𐍄𐍃 𐍅𐌴𐌹𐌷𐌰, 𐌾𐌰𐌷 𐌰𐍃𐍄𐍉𐍃."
Romans,11,17,"𐌹𐌸 𐌾𐌰𐌱𐌰𐌹 𐍃𐌿𐌼𐌰𐌹 𐌸𐌹𐌶𐌴 𐌰𐍃𐍄𐌴 𐌿𐍃𐌱𐍂𐌿𐌺𐌽𐍉𐌳𐌴𐌳𐌿𐌽, 𐌹𐌸 𐌸𐌿 𐍅𐌹𐌻𐌸𐌴𐌹𐍃 𐌰𐌻𐌴𐍅𐌰𐌱𐌰𐌲𐌼𐍃 𐍅𐌹𐍃𐌰𐌽𐌳𐍃 𐌹𐌽𐍄𐍂𐌿𐍃𐌲𐌹𐌸𐍃 𐍅𐌰𐍂𐍃𐍄 𐌹𐌽 𐌹𐌽𐍃 𐌾𐌰𐌷 𐌲𐌰𐌼𐌰𐌹𐌽𐍃 𐌸𐌹𐌶𐌰𐌹 𐍅𐌰𐌿𐍂(𐌷𐍄𐌰𐌹) 𐌾𐌰𐌷 𐍃𐌼𐌰𐌹𐍂𐌸𐍂𐌰 𐌰𐌻𐌴𐍅𐌰𐌱𐌰𐌲𐌼𐌹𐍃 𐍅𐌰𐍂𐍃𐍄,"
Romans,11,18,"𐌽𐌹 𐍈𐍉𐍀 𐌰𐌽𐌰 𐌸𐌰𐌽𐍃 𐌰[𐌽]𐍃𐍄𐌰𐌽𐍃; 𐌹𐌸 𐌾𐌰𐌱𐌰𐌹 𐍈𐍉𐍀𐌹𐍃, 𐌽𐌹 𐌸𐌿 𐌸𐍉 𐍅𐌰𐌿𐍂𐍄[𐍃] 𐌱𐌰𐌹𐍂𐌹𐍃, 𐌰𐌺 𐍃𐍉 𐍅𐌰𐌿𐍂𐍄𐍃 𐌸𐌿𐌺."
Romans,11,19,"𐌵𐌹𐌸𐌰𐌹𐍃 𐌽𐌿: 𐌿𐍃𐌱𐍂𐌿𐌺𐌽𐍉𐌳𐌴𐌳𐌿𐌽 𐌰𐍃𐍄𐍉𐍃, 𐌴𐌹 𐌹𐌺 𐌹𐌽𐍄𐍂𐌿𐍃𐌲𐌾𐌰𐌹𐌳𐌰𐌿."
Romans,11,20,"𐍅𐌰𐌹𐌻𐌰! 𐌿𐌽𐌲𐌰𐌻𐌰𐌿𐌱𐌴𐌹𐌽𐌰𐌹 𐌿𐍃𐌱𐍂𐌿𐌺𐌽𐍉𐌳𐌴𐌳𐌿𐌽, 𐌹𐌸 𐌸𐌿 𐌲𐌰𐌻𐌰𐌿𐌱𐌴𐌹𐌽𐌰𐌹 𐌲𐌰𐍃𐍄𐍉𐍃𐍄; 𐌽𐌹 𐌷𐌿𐌲𐌴𐌹 𐌷𐌰𐌿𐌷𐌰𐌱𐌰, 𐌰𐌺 𐍉𐌲𐍃."
Romans,11,21,"𐌸𐌰𐌽𐌳𐌴𐌹 𐌲𐌿𐌸 𐌸𐌰𐌽𐍃 𐌿𐍃 𐌲𐌰𐌱𐌰𐌿𐍂𐌸𐌰𐌹 𐌰𐍃𐍄𐌰𐌽𐍃 𐌽𐌹 𐍆𐍂𐌴𐌹𐌳𐌹𐌳𐌰, 𐌹𐌱𐌰𐌹 𐌰𐌿𐍆𐍄𐍉 𐌽𐌹 𐌸𐌿𐌺 𐍆𐍂𐌴𐌹𐌳𐌾𐌰𐌹."
Romans,11,22,"𐍃𐌰𐌹 𐌽𐌿 𐍃𐌴𐌻𐌴𐌹𐌽 𐌾𐌰𐌷 𐍈𐌰𐍃𐍃𐌴𐌹𐌽 [𐌲𐌰𐍂𐌰𐌹𐌷𐍄𐌰] 𐌲𐌿𐌳𐌹𐍃; 𐌰𐌸𐌸𐌰𐌽 𐌰𐌽𐌰 𐌸𐌰𐌹𐌼 𐌸𐌰𐌹𐌴𐌹 𐌲𐌰𐌳𐍂𐌿𐍃𐌿𐌽, 𐍈𐌰𐍃𐍃𐌴𐌹𐌽, 𐌹𐌸 𐌰𐌽𐌰 𐌸𐌿𐍃 𐍃𐌴𐌻𐌴𐌹𐌽, 𐌾𐌰𐌱𐌰𐌹 𐌸𐌰𐌹𐍂𐌷𐍅𐌹𐍃𐌹𐍃 𐌹𐌽 𐍃𐌴𐌻𐌴𐌹𐌽; 𐌰𐌹𐌸𐌸𐌰𐌿 𐌾𐌰𐌷 𐌸𐌿 𐌿𐍃𐌼𐌰𐌹𐍄𐌰𐌶𐌰,"
Romans,11,23,"𐌾𐌰𐌷 𐌾𐌰𐌹𐌽𐌰𐌹, 𐌽𐌹𐌱𐌰 𐌲𐌰𐍄𐌿𐌻𐌲𐌾𐌰𐌽𐌳 𐍃𐌹𐌺 𐌹𐌽 𐌿𐌽𐌲𐌰𐌻𐌰𐌿𐌱𐌴𐌹𐌽𐌰𐌹, 𐌹𐌽𐍄𐍂𐌿𐍃𐌲𐌾𐌰𐌽𐌳𐌰; 𐌼𐌰𐌷𐍄𐌴𐌹𐌲𐍃 𐌰𐌿𐌺 𐌹𐍃𐍄 𐌲𐌿𐌸 𐌰𐍆𐍄𐍂𐌰 𐌹𐌽𐍄𐍂𐌿𐍃𐌲𐌾𐌰𐌽 𐌹𐌽𐍃."
Romans,11,24,"𐌾𐌰𐌱𐌰𐌹 𐌰𐌿𐌺 𐌸𐌿 𐌿𐍃 𐍅𐌹𐍃𐍄𐌰𐌹 𐌿𐍃𐌼𐌰𐌹𐍄𐌰𐌽𐍃 𐌸𐌹𐍃 𐍅𐌹𐌻𐌸𐌴𐌹𐍃 𐌰𐌻𐌴𐍅𐌰𐌱𐌰𐌲𐌼𐌹𐍃 𐌾𐌰𐌷 𐌰𐌻𐌾𐌰𐌺𐌿𐌽𐍃 𐍅𐌹𐍃𐌰𐌽𐌳𐍃, 𐌹𐌽𐍄𐍂𐌿𐍃𐌲𐌰𐌽𐍃 𐍅𐌰𐍂𐍃𐍄 𐌹𐌽 𐌲(𐍉)𐌳𐌰𐌽𐌰 𐌰𐌻𐌴𐍅𐌰𐌱𐌰𐌲𐌼, 𐍈𐌰𐌽 𐍆𐌹𐌻𐌿 𐌼𐌰𐌹𐍃 𐌸𐌰𐌹 𐌱𐌹 𐍅𐌹𐍃𐍄𐌰𐌹 𐌹𐌽𐍄𐍂𐌿𐍃𐌲𐌾𐌰𐌽𐌳𐌰 𐌹𐌽 𐍃𐍅𐌴𐍃𐌰𐌽𐌰 𐌰𐌻𐌴𐍅𐌰𐌱𐌰𐌲𐌼?"
Romans,11,25,"𐌽𐌹 𐌰𐌿𐌺 𐍅𐌹𐌻𐌾𐌰𐌿 𐌹𐌶𐍅𐌹𐍃 𐌿𐌽𐍅(𐌴𐌹𐍃𐌰)𐌽𐍃, 𐌱𐍂𐍉𐌸𐍂𐌾𐌿𐍃, 𐌸𐌹𐌶𐍉𐍃 𐍂𐌿𐌽𐍉𐍃, 𐌴𐌹 𐌽𐌹 𐍃𐌹𐌾𐌰𐌹𐌸 𐌹𐌽 𐌹𐌶𐍅𐌹𐍃 𐍃𐌹𐌻𐌱𐌰𐌼 𐍆𐍂𐍉𐌳𐌰𐌹, 𐌿𐌽𐍄𐌴 𐌳𐌰𐌿𐌱𐌴𐌹 𐍃𐌿𐌼𐌰𐍄𐌰 𐌹𐍃𐍂𐌰𐌴𐌻𐌰 𐍅𐌰𐍂𐌸, 𐌿𐌽𐌳 𐌸𐌰𐍄𐌴𐌹 𐍆𐌿𐌻𐌻𐍉 𐌸𐌹𐌿𐌳𐍉 𐌹𐌽𐌽𐌲𐌰𐌻𐌴𐌹𐌸𐌰𐌹."
Romans,11,26,"𐌾𐌰𐌷 𐍃𐍅𐌰 𐌰𐌻𐌻𐌰𐌹 𐌹𐍃𐍂𐌰𐌴𐌻 𐌲𐌰𐌽𐌹𐍃𐌰𐌽𐌳, 𐍃𐍅𐌰𐍃𐍅𐌴 𐌲𐌰𐌼𐌴𐌻𐌹𐌸 𐌹𐍃𐍄: 𐌿𐍂𐍂𐌹𐌽𐌽𐌹𐌸 𐌿𐍃 𐍃𐌹𐍉𐌽 𐍃𐌰 𐌻𐌰𐌿𐍃𐌾𐌰𐌽𐌳𐍃 𐌳𐌿 𐌰𐍆𐍅𐌰𐌽𐌳𐌾𐌰𐌽 𐌰𐍆𐌲𐌿𐌳𐌴𐌹𐌽 𐌰𐍆 𐌹𐌰𐌺𐍉𐌱𐌰."
Romans,11,27,"𐌾𐌰𐌷 𐍃𐍉 𐌹𐌼 𐍆𐍂𐌰𐌼 𐌼𐌹𐍃 𐍄𐍂𐌹𐌲𐌲𐍅𐌰, 𐌸𐌰𐌽 𐌰𐍆𐌽𐌹𐌼𐌰 𐍆𐍂𐌰𐍅𐌰𐌿𐍂𐌷𐍄𐌹𐌽𐍃 𐌹𐌶𐌴."
Romans,11,28,"𐌰𐌸𐌸𐌰𐌽 𐌱𐌹 𐌰𐌹𐍅𐌰𐌲𐌲𐌴𐌻𐌾𐍉𐌽 𐍆𐌹𐌾𐌰𐌽𐌳𐌰𐌽𐍃 𐌹𐌽 𐌹𐌶𐍅𐌰𐍂𐌰, 𐌹𐌸 𐌱𐌹 𐌲𐌰𐍅𐌰𐌻𐌴𐌹𐌽𐌰𐌹 𐌻𐌹𐌿𐌱𐌰𐌹 𐌰𐌽𐌰 𐌰𐍄𐍄𐌰𐌽𐍃."
Romans,11,29,𐌹𐌽𐌿 𐌹𐌳𐍂𐌴𐌹𐌲𐌰 𐍃𐌹𐌽𐌳 𐌰𐌿𐌺 𐌲𐌹𐌱𐍉𐍃 𐌾𐌰𐌷 𐌻𐌰𐌸𐍉𐌽𐍃 𐌲𐌿𐌳𐌹𐍃.
Romans,11,30,"𐍃𐍅𐌰𐍃𐍅𐌴 𐍂𐌰𐌹𐌷𐍄𐌹𐍃 𐌾𐌿𐍃 𐍃𐌿𐌼𐌰𐌽 𐌽𐌹 𐌲𐌰𐌻𐌰𐌿𐌱𐌹𐌳𐌴𐌳𐌿𐌸 𐌲𐌿𐌳𐌰, 𐌹𐌸 𐌽𐌿 𐌲𐌰𐌰𐍂𐌼𐌰𐌹𐌳𐌰𐌹 𐍅𐌰𐌿𐍂𐌸𐌿𐌸 𐌸𐌹𐌶𐌰𐌹 𐌹𐌶𐌴 𐌿𐌽𐌲𐌰𐌻𐌰𐌿𐌱𐌴𐌹𐌽𐌰𐌹,"
Romans,11,31,"𐍃𐍅𐌰 𐌾𐌰𐌷 𐌸𐌰𐌹 𐌽𐌿 𐌽𐌹 𐌲𐌰𐌻𐌰𐌿𐌱𐌹𐌳𐌴𐌳𐌿𐌽 𐌹𐌶𐍅𐌰𐍂𐌰𐌹 𐌰𐍂𐌼𐌰𐌹𐍉𐌽, 𐌴𐌹 𐌾𐌰𐌷 𐌴𐌹𐍃 𐌲𐌰𐌰𐍂𐌼𐌰𐌹𐌽𐌳𐌰𐌿."
Romans,11,32,"𐌲𐌰𐌻𐌰𐌿𐌺 𐌰𐌿𐌺 𐌲𐌿𐌸 𐌰𐌻𐌻𐌰𐌽𐍃 𐌹𐌽 𐌿𐌽𐌲𐌰𐌻𐌰𐌿𐌱𐌴𐌹𐌽𐌰𐌹, 𐌴𐌹 𐌰𐌻𐌻𐌰𐌽𐍃 𐌲𐌰𐌰𐍂𐌼𐌰𐌹."
Romans,11,33,𐍉 𐌳𐌹𐌿𐍀𐌹𐌸𐌰 𐌲𐌰𐌱𐌴𐌹𐌽𐍃 𐌷𐌰𐌽𐌳𐌿𐌲𐌴𐌹𐌽𐍃........ 𐌾𐌰𐌷 𐍅𐌹𐍄𐌿𐌱𐌽𐌾𐌹𐍃 𐌲𐌿𐌳𐌹𐍃! 𐍈𐌰𐌹𐍅𐌰 𐌿𐌽𐌿𐍃𐍃𐍀𐌹𐌻𐌻𐍉𐌳𐌰 𐍃𐌹𐌽𐌳 𐍃𐍄𐌰𐌿𐍉𐍃 𐌹𐍃 𐌾𐌰𐌷 𐌿𐌽𐌱𐌹𐌻𐌰𐌹𐍃𐍄𐌹𐌳𐌰𐌹 𐍅𐌹𐌲𐍉𐍃 𐌹𐍃!
Romans,11,34,𐍈𐌰𐍃 𐌰𐌿𐌺 𐌿𐍆𐌺𐌿𐌽𐌸𐌰 𐍆𐍂𐌰𐌸𐌹 𐍆𐍂𐌰𐌿𐌾𐌹𐌽𐍃 𐌰𐌹𐌸𐌸𐌰𐌿 𐍈𐌰𐍃 𐌹𐌼𐌼𐌰 𐍂𐌰𐌲𐌹𐌽𐌴𐌹𐍃 𐍅𐌰𐍃?
Romans,11,35,"𐌰𐌹𐌸𐌸𐌰𐌿 𐍈𐌰𐍃 𐌹𐌼𐌼𐌰 𐍆𐍂𐌿𐌼𐌰 𐌲𐌰𐍆, 𐌾𐌰𐌷 𐍆𐍂𐌰𐌲𐌹𐌻𐌳𐌰𐌹𐌳𐌰𐌿 𐌹𐌼𐌼𐌰?"
Romans,11,36,"𐌿𐌽𐍄𐌴 𐌿𐍃 𐌹𐌼𐌼𐌰 𐌾𐌰𐌷 𐌸𐌰𐌹𐍂𐌷 𐌹𐌽𐌰 𐌾𐌰𐌷 𐌹𐌽 𐌹𐌼𐌼𐌰 𐌰𐌻𐌻𐌰; 𐌹𐌼𐌼𐌿𐌷 𐍅𐌿𐌻𐌸𐌿𐍃 𐌳𐌿 𐌰𐌹𐍅𐌰𐌼, 𐌰𐌼𐌴𐌽."
Romans,12,1,"𐌱𐌹𐌳𐌾𐌰 𐌽𐌿 𐌹𐌶𐍅𐌹𐍃, 𐌱𐍂𐍉𐌸𐍂𐌾𐌿𐍃, 𐌸𐌰𐌹𐍂𐌷 𐌱𐌻𐌴𐌹𐌸𐌴𐌹𐌽 𐌲𐌿𐌳𐌹𐍃, 𐌿𐍃𐌲𐌹𐌱𐌰𐌽 𐌻𐌴𐌹𐌺𐌰 𐌹𐌶𐍅𐌰𐍂𐌰 𐍃𐌰𐌿𐌳 𐌵𐌹𐍅𐌰𐌽𐌰, 𐍅𐌴𐌹𐌷𐌰𐌽𐌰, 𐍅𐌰𐌹𐌻𐌰 𐌲𐌰𐌻𐌴𐌹𐌺𐌰𐌹𐌳𐌰𐌽𐌰 𐌲𐌿𐌳𐌰, 𐌰𐌽𐌳𐌰𐌸𐌰𐌷𐍄𐌰𐌽𐌰 𐌱𐌻𐍉𐍄𐌹𐌽𐌰𐍃𐍃𐌿 𐌹𐌶𐍅𐌰𐍂𐌰𐌽𐌰."
Romans,12,2,"𐌽𐌹 𐌲𐌰𐌻𐌴𐌹𐌺𐍉𐌸 𐌹𐌶𐍅𐌹𐍃 𐌸𐌰𐌼𐌼𐌰 𐌰𐌹𐍅𐌰, 𐌰𐌽𐌰𐌽𐌹𐌿𐌾𐌹𐌸𐌰𐌹 𐍆𐍂𐌰𐌸𐌾𐌹𐍃 𐌹𐌶𐍅𐌰𐍂𐌹𐍃 𐌳𐌿 𐌲𐌰𐌺𐌹𐌿𐍃𐌰𐌽 𐍈𐌰 𐍃𐌹𐌾𐌰𐌹 𐍅𐌹𐌻𐌾𐌰 𐌲𐌿𐌳𐌹𐍃, 𐌸𐌰𐍄𐌴𐌹 𐌲𐍉𐌸 𐌾𐌰𐌷 𐌲𐌰𐌻𐌴𐌹𐌺𐌰𐌹𐌸 𐌾𐌰𐌷 𐌿𐍃𐍄𐌰𐌿𐌷𐌰𐌽."
Romans,12,3,"𐌵𐌹𐌸𐌰 𐌰𐌿𐌺 𐌸𐌰𐌹𐍂𐌷 𐌰𐌽𐍃𐍄 𐌲𐌿𐌳𐌹𐍃 𐍃𐌴𐌹 𐌲𐌹𐌱𐌰𐌽𐌰 𐌹𐍃𐍄 𐌼𐌹𐍃, 𐌰𐌻𐌻𐌰𐌹𐌼 𐍅𐌹𐍃𐌰𐌽𐌳𐌰𐌼 𐌹𐌽 𐌹𐌶𐍅𐌹𐍃, 𐌽𐌹 𐌼𐌰𐌹𐍃 𐍆𐍂𐌰𐌸𐌾𐌰𐌽 𐌸𐌰𐌿 𐍃𐌺𐌿𐌻𐌹 𐍆𐍂𐌰𐌸𐌾𐌰𐌽, 𐌰𐌺 𐍆𐍂𐌰𐌸𐌾𐌰𐌽 𐌳𐌿 𐍅𐌰𐌹𐌻𐌰 𐍆𐍂𐌰𐌸𐌾𐌰𐌽, 𐍈𐌰𐍂𐌾𐌰𐌼𐌼𐌴𐌷 𐍃𐍅𐌰𐍃𐍅𐌴 𐌲𐌿𐌸 𐌲𐌰𐌳𐌰𐌹𐌻𐌹𐌳𐌰 𐌼𐌹𐍄𐌰𐌸 𐌲𐌰𐌻𐌰𐌿𐌱𐌴𐌹𐌽𐌰𐌹𐍃."
Romans,12,4,"𐍃𐍅𐌰𐍃𐍅𐌴 𐍂𐌰𐌹𐌷𐍄𐌹𐍃 𐌹𐌽 𐌰𐌹𐌽𐌰𐌼𐌼𐌰 𐌻𐌴𐌹𐌺𐌰 𐌻𐌹𐌸𐌿𐌽𐍃 𐌼𐌰𐌽𐌰𐌲𐌰𐌽𐍃 𐌷𐌰𐌱𐌰𐌼, 𐌸𐌰𐌹𐌸~𐌸𐌰𐌽 𐌻𐌹𐌸𐌾𐌿𐍃 𐌰𐌻𐌻𐌰𐌹 𐌽𐌹 𐌸𐌰𐍄𐌰 𐍃𐌰𐌼𐍉 𐍄𐌰𐌿𐌹 𐌷𐌰𐌱𐌰𐌽𐌳;"
Romans,12,5,"𐍃𐍅𐌰 𐌼𐌰𐌽𐌰𐌲𐌰𐌹 𐌰𐌹𐌽 𐌻𐌴𐌹𐌺 𐍃𐌹𐌾𐌿𐌼 𐌹𐌽 𐍇𐍂𐌹𐍃𐍄𐌰𐌿, 𐌰𐌸𐌸𐌰𐌽 𐌰𐌹𐌽𐍈𐌰𐍂𐌾𐌹𐌶𐌿𐌷 𐌰𐌽𐌸𐌰𐍂...."
Romans,12,6,
Romans,12,7,
Romans,12,8,".... 𐍃𐌰 𐌳𐌰𐌹𐌻𐌾𐌰𐌽𐌳𐍃 𐌹𐌽 𐌰𐌻𐌻𐌰𐍅𐌴𐍂𐌴𐌹𐌽, 𐍃𐌰 𐍆𐌰𐌿𐍂𐌰𐍃𐍄𐌰𐌽𐌳𐌰𐌽𐌳𐍃 𐌹𐌽 𐌿𐍃𐌳𐌰𐌿𐌳𐌴𐌹𐌽, 𐍃𐌰 𐌰𐍂𐌼𐌰𐌽𐌳𐍃 𐌹𐌽 𐌷𐌻𐌰𐍃𐌴𐌹𐌽."
Romans,12,9,"𐍆𐍂𐌹𐌰𐌸𐍅𐌰 𐌿𐌽𐌻𐌹𐌿𐍄𐌰; 𐍆𐌹𐌰𐌽𐌳𐌰𐌽𐍃 𐌿(𐌱)𐌹(𐌻)𐌰, 𐌷𐌰𐍆𐍄𐌾𐌰𐌽𐌳𐌰𐌽𐍃 𐌲𐍉𐌳𐌰𐌼𐌼𐌰;"
Romans,12,10,𐌱𐍂𐍉𐌸𐍂𐌰𐌻𐌿𐌱𐍉𐌽 𐌹𐌽 𐌹𐌶𐍅𐌹𐍃 𐌼𐌹𐍃𐍃𐍉 𐍆𐍂𐌹𐌰𐌸𐍅𐌰𐌼𐌹𐌻𐌳𐌾𐌰𐌹; 𐍃𐍅𐌴𐍂𐌹𐌸𐌰𐌹 𐌹𐌶𐍅𐌹𐍃 𐌼𐌹𐍃𐍃𐍉 𐍆𐌰𐌿𐍂𐌰𐍂𐌰𐌷𐌽𐌾𐌰𐌽𐌳𐌰𐌽𐍃;
Romans,12,11,𐌿𐍃𐌳𐌰𐌿𐌳𐌴𐌹𐌽 𐌽𐌹 𐌻𐌰𐍄𐌰𐌹; 𐌰𐌷𐌼𐌹𐌽 𐍅𐌿𐌻𐌰𐌽𐌳𐌰𐌽𐍃; 𐍆𐍂𐌰𐌿𐌾𐌹𐌽 𐍃𐌺𐌰𐌻𐌺𐌹𐌽𐍉𐌽𐌳𐌰𐌽𐍃;
Romans,12,12,𐍅𐌴𐌽𐌰𐌹 𐍆𐌰𐌲𐌹𐌽𐍉𐌽𐌳𐌰𐌽𐍃; 𐌰𐌲𐌻𐍉𐌽𐍃 𐌿𐍃𐌸𐌿𐌻𐌰𐌽𐌳𐌰𐌽𐍃; 𐌱𐌹𐌳𐌰𐌹 𐌷𐌰𐍆𐍄𐌾𐌰𐌽𐌳𐌰𐌽𐍃;
Romans,12,13,𐌰𐌽𐌳𐌰𐍅𐌹𐌶𐌽𐌹𐌼 𐍅𐌴𐌹𐌷𐌰𐌹𐌶𐌴 𐌲𐌰𐌼𐌰𐌹𐌽𐌾𐌰𐌽𐌳𐌰𐌽𐍃; 𐌲𐌰𐍃𐍄𐌹𐌲𐍉𐌳𐌴𐌹𐌽 𐌲𐌰𐌻𐌰𐌹𐍃𐍄𐌾𐌰𐌽𐌳𐌰𐌽𐍃;
Romans,12,14,𐌸𐌹𐌿𐌸𐌾𐌰𐌹𐌸 𐌸𐌰𐌽𐍃 𐍅𐍂𐌹𐌺𐌰𐌽𐌳𐌰𐌽𐍃 𐌹𐌶𐍅𐌹𐍃: 𐌸𐌹𐌿𐌸𐌾𐌰𐌹𐌸 𐌾𐌰𐌷 𐌽𐌹 𐌿𐌽𐌸𐌹𐌿𐌸𐌾𐌰𐌹𐌸;
Romans,12,15,"𐍆𐌰𐌲𐌹𐌽𐍉𐌽 𐌼𐌹𐌸 𐍆𐌰𐌲𐌹𐌽𐍉𐌽𐌳𐌰𐌼, 𐌲𐍂𐌴𐍄𐌰𐌽 𐌼𐌹𐌸 𐌲𐍂𐌴𐍄𐌰𐌽𐌳𐌰𐌼."
Romans,12,16,"𐌸𐌰𐍄𐌰 𐍃𐌰𐌼𐍉 𐌹𐌽 𐌹𐌶𐍅𐌹𐍃 𐌼𐌹𐍃𐍃𐍉 𐍆𐍂𐌰𐌸𐌾𐌰𐌽𐌳𐌰𐌽𐍃; 𐌽𐌹 𐌷𐌰𐌿𐌷𐌰𐌱𐌰 𐌷𐌿𐌲𐌾𐌰𐌽𐌳𐌰𐌽𐍃, 𐌰𐌺 𐌸𐌰𐌹𐌼 𐌷𐌽𐌰𐌹𐍅𐌰𐌼 𐌼𐌹𐌸𐌲𐌰𐍅𐌹𐍃𐌰𐌽𐌳𐌰𐌽𐍃; 𐌽𐌹 𐍅𐌰𐌹𐍂𐌸𐌰𐌹𐌸 𐌹𐌽𐌰𐌷𐌰𐌹 𐌱𐌹 𐌹𐌶𐍅𐌹𐍃 𐍃𐌹𐌻𐌱𐌰𐌼."
Romans,12,17,"𐌽𐌹 𐌰𐌹𐌽𐌿𐌼𐌼𐌴𐌷𐌿𐌽 𐌿𐌱𐌹𐌻 𐌿𐌽𐌳 𐌿𐌱𐌹𐌻𐌰𐌼𐌼𐌰 𐌿𐍃𐌲𐌹𐌱𐌰𐌽𐌳𐌰𐌽𐍃; 𐌱𐌹𐍃𐌰𐌹𐍈𐌰𐌽𐌳𐌰𐌽𐍃 𐌲𐍉𐌳𐌹𐍃 𐌽𐌹 𐌸𐌰𐍄𐌰𐌹𐌽𐌴𐌹 𐌹𐌽 𐌰𐌽𐌳𐍅𐌰𐌹𐍂𐌸𐌾𐌰 𐌲𐌿𐌳𐌹𐍃, 𐌰𐌺 𐌾𐌰𐌷 𐌹𐌽 𐌰𐌽𐌳𐍅𐌰𐌹𐍂𐌸𐌾𐌰 𐌼𐌰𐌽𐌽𐌴 𐌰𐌻𐌻𐌰𐌹𐌶𐌴..... 𐌹𐌽 𐌰𐌽𐌳𐍅𐌰𐌹𐍂𐌸𐌾𐌰 𐌲𐌿𐌳𐌹𐍃, 𐌰𐌺 𐌾𐌰𐌷 𐌹𐌽 𐌰𐌽𐌳𐍅𐌰𐌹𐍂𐌸𐌾𐌰 𐌼𐌰𐌽𐌽𐌴 𐌰𐌻𐌻𐌰𐌹𐌶𐌴."
Romans,12,18,"𐌾𐌰𐌱𐌰𐌹 𐌼𐌰𐌲𐌹 𐍅𐌰𐌹𐍂𐌸𐌰𐌽 𐌿𐍃 𐌹𐌶𐍅𐌹𐍃, 𐌼𐌹𐌸 𐌰𐌻𐌻𐌰𐌹𐌼 𐌼𐌰𐌽𐌽𐌰𐌼 𐌲𐌰𐍅𐌰𐌹𐍂𐌸𐌹 𐌷𐌰𐌱𐌰𐌽𐌳𐌰𐌽𐍃. 𐌾𐌰𐌱𐌰𐌹 𐌼𐌰𐌲𐌹 𐍅𐌰𐌹𐍂𐌸𐌰𐌽 𐌿𐍃 𐌹𐌶𐍅𐌹𐍃, 𐌼𐌹𐌸 𐌰𐌻𐌻𐌰𐌹𐌼 𐌼𐌰𐌽𐌽𐌰𐌼 𐌲𐌰𐍅𐌰𐌹𐍂𐌸𐌹 𐌷𐌰𐌱𐌰𐌽𐌳𐌰𐌽𐍃."
Romans,12,19,"𐌽𐌹 𐌹𐌶𐍅𐌹𐍃 𐍃𐌹𐌻𐌱𐌰𐌽𐍃 𐌲𐌰𐍅𐍂𐌹𐌺𐌰𐌽𐌳𐌰𐌽𐍃, 𐌻𐌹𐌿𐌱𐌰𐌽𐍃, 𐌰𐌺 𐌲𐌹𐌱𐌹𐌸 𐍃𐍄𐌰𐌸 𐌸𐍅𐌰𐌹𐍂𐌷𐌴𐌹𐌽; 𐌲𐌰𐌼𐌴𐌻𐌹𐌸 𐌹𐍃𐍄 𐌰𐌿𐌺: 𐌼𐌹𐍃 𐍆𐍂𐌰𐍅𐌴𐌹𐍄 𐌻𐌴𐌹𐍄𐌰𐌹𐌳𐌰𐌿, 𐌹𐌺 𐍆𐍂𐌰𐌲𐌹𐌻𐌳𐌰, 𐌵𐌹𐌸𐌹𐌸 𐍆𐍂𐌰𐌿𐌾𐌰. 𐌽𐌹 𐌹𐌶𐍅𐌹𐍃 𐍃𐌹𐌻𐌱𐌰𐌽𐍃 𐌲𐌰𐍅𐍂𐌹𐌺𐌰𐌽𐌳𐌰𐌽𐍃, 𐌻𐌹𐌿𐌱𐌰𐌽𐍃, 𐌰𐌺 𐌲𐌹𐌱𐌹𐌸 𐍃𐍄𐌰𐌸 𐌸𐍅𐌰𐌹𐍂𐌷𐌴𐌹𐌽; 𐌲𐌰𐌼𐌴𐌻𐌹𐌸 𐌹𐍃𐍄 𐌰𐌿𐌺: 𐌼𐌹𐍃 𐍆𐍂𐌰𐍅𐌴𐌹𐍄 𐌻𐌴𐌹𐍄𐌰𐌹𐌳𐌰𐌿, 𐌹𐌺 𐍆𐍂𐌰𐌲𐌹𐌻𐌳𐌰, 𐌵𐌹𐌸𐌹𐌸 𐍆𐍂𐌰𐌿𐌾𐌰."
Romans,12,20,"𐌾𐌰𐌱𐌰𐌹 𐌲𐍂𐌴𐌳𐍉 𐍆𐌹𐌾𐌰𐌽𐌳 𐌸𐌴𐌹𐌽𐌰𐌽𐌰, 𐌼𐌰𐍄 𐌲𐌹𐍆 𐌹𐌼𐌼𐌰; 𐌹𐌸 𐌾𐌰𐌱𐌰𐌹 𐌸𐌰𐌿𐍂𐍃𐌾𐌰𐌹, 𐌳𐍂𐌰𐌲𐌺𐌴𐌹 𐌹𐌽𐌰; 𐌸𐌰𐍄𐌰 𐌰𐌿𐌺 𐍄𐌰𐌿𐌾𐌰𐌽𐌳𐍃 𐌷𐌰𐌿𐍂𐌾𐌰 𐍆𐌿𐌽𐌹𐌽𐍃 𐍂𐌹𐌺𐌹𐍃 𐌰𐌽𐌰 𐌷𐌰𐌿𐌱𐌹𐌸 𐌹𐍃. 𐌾𐌰𐌱𐌰𐌹 𐌲𐍂𐌴𐌳𐍉 𐍆𐌹𐌾𐌰𐌽𐌳 𐌸𐌴𐌹𐌽𐌰𐌽𐌰, 𐌼𐌰𐍄 𐌲𐌹𐍆 𐌹𐌼𐌼𐌰; 𐌹𐌸 𐌾𐌰𐌱𐌰𐌹 𐌸𐌰𐌿𐍂𐍃𐌾𐌰𐌹, 𐌳𐍂𐌰𐌲𐌺𐌴𐌹 𐌹𐌽𐌰; 𐌸𐌰𐍄𐌰 𐌰𐌿𐌺 𐍄𐌰𐌿𐌾𐌰𐌽𐌳𐍃 𐌷𐌰𐌿𐍂𐌾𐌰 𐍆𐌿𐌽𐌹𐌽𐍃 𐍂𐌹𐌺𐌹𐍃 𐌰𐌽𐌰 𐌷𐌰𐌿𐌱𐌹𐌸 𐌹𐍃."
Romans,12,21,"𐌽𐌹 𐌲𐌰𐌾𐌹𐌿𐌺𐌰𐌹𐌶𐌰𐌿 𐌰𐍆 𐌿𐌽𐌸𐌹𐌿𐌸𐌰, 𐌰𐌺 𐌲𐌰𐌾𐌹𐌿𐌺𐌰𐌹𐍃 [𐌰𐍆] 𐌸𐌹𐌿𐌸𐌰 𐌿𐌽𐌸𐌹𐌿𐌸. 𐌽𐌹 𐌲𐌰𐌾𐌹𐌿𐌺𐌰𐌹𐌶𐌰𐌿 𐌰𐍆 𐌿𐌽𐌸𐌹𐌿𐌸𐌰, 𐌰𐌺 𐌲𐌰𐌾𐌹𐌿𐌺𐌰𐌹𐍃 [𐌰𐍆] 𐌸𐌹𐌿𐌸𐌰 𐌿𐌽𐌸𐌹𐌿𐌸."
Romans,13,1,"𐌰𐌻𐌻 𐍃𐌰𐌹𐍅𐌰𐌻𐍉 𐍅𐌰𐌻𐌳𐌿𐍆𐌽𐌾𐌰𐌼 𐌿𐍆𐌰𐍂𐍅𐌹𐍃𐌰𐌽𐌳𐌰𐌼 𐌿𐍆𐌷𐌰𐌿𐍃𐌾𐌰𐌹; 𐌿𐌽𐍄𐌴 𐌽𐌹𐍃𐍄 𐍅𐌰𐌻𐌳𐌿𐍆𐌽𐌹 𐌰𐌻𐌾𐌰 𐍆𐍂𐌰𐌼 𐌲𐌿𐌳𐌰, 𐌹𐌸 𐌸𐍉 𐍅𐌹𐍃𐌰𐌽𐌳𐍉𐌽𐌰 𐍆𐍂𐌰𐌼 𐌲𐌿𐌳𐌰 𐌲𐌰𐍃𐌰𐍄𐌹𐌳𐌰 𐍃𐌹𐌽𐌳. 𐌰𐌻𐌻 𐍃𐌰𐌹𐍅𐌰𐌻𐍉 𐍅𐌰𐌻𐌳𐌿𐍆𐌽𐌾𐌰𐌼 𐌿𐍆𐌰𐍂𐍅𐌹𐍃𐌰𐌽𐌳𐌰𐌼 𐌿𐍆𐌷𐌰𐌿𐍃𐌾𐌰𐌹; 𐌿𐌽𐍄𐌴 𐌽𐌹𐍃𐍄 𐍅𐌰𐌻𐌳𐌿𐍆𐌽𐌹 𐌰𐌻𐌾𐌰 𐍆𐍂𐌰𐌼 𐌲𐌿𐌳𐌰, 𐌹𐌸 𐌸𐍉 𐍅𐌹𐍃𐌰𐌽𐌳𐍉𐌽𐌰 𐍆𐍂𐌰𐌼 𐌲𐌿𐌳𐌰 𐌲𐌰𐍃𐌰𐍄𐌹𐌳𐌰 𐍃𐌹𐌽𐌳."
Romans,13,2,𐍃𐍅𐌰𐌴𐌹 𐍃𐌰 𐌰𐌽𐌳𐍃𐍄𐌰𐌽𐌳𐌰𐌽𐌳𐍃 𐍅𐌰𐌻𐌳𐌿𐍆𐌽𐌾𐌰 𐌲𐌿𐌳𐌹𐍃 𐌲𐌰𐍂𐌰𐌹𐌳𐌴𐌹𐌽𐌰𐌹 𐌰𐌽𐌳𐍃𐍄𐍉𐌸; 𐌹𐌸 𐌸𐌰𐌹 𐌰𐌽𐌳𐍃𐍄𐌰𐌽𐌳𐌰𐌽𐌳𐌰𐌽𐍃 𐍃𐌹𐌻𐌱𐌰𐌽𐍃 𐍃𐌹𐍃 𐍅𐌰𐍂𐌲𐌹𐌸𐌰 𐌽𐌹𐌼𐌰𐌽𐌳. 𐍃𐍅𐌰𐌴𐌹 𐍃𐌰 𐌰𐌽𐌳𐍃𐍄𐌰𐌽𐌳𐌰𐌽𐌳𐍃 𐍅𐌰𐌻𐌳𐌿𐍆𐌽𐌾𐌰 𐌲𐌿𐌳𐌹𐍃 𐌲𐌰𐍂𐌰𐌹𐌳𐌴𐌹𐌽𐌰𐌹 𐌰𐌽𐌳𐍃𐍄𐍉𐌸; 𐌹𐌸 𐌸𐌰𐌹 𐌰𐌽𐌳𐍃𐍄𐌰𐌽𐌳𐌰𐌽𐌳𐌰𐌽𐍃 𐍃𐌹𐌻𐌱𐌰𐌽𐍃 𐍃𐌹𐍃 𐍅𐌰𐍂𐌲𐌹𐌸𐌰 𐌽𐌹𐌼𐌰𐌽𐌳.
Romans,13,3,"𐌸𐌰𐌹 𐌰𐌿𐌺 𐍂𐌴𐌹𐌺𐍃 𐌽𐌹 𐍃𐌹𐌽𐌳 𐌰𐌲𐌹𐍃 𐌲𐍉𐌳𐌰𐌼𐌼𐌰 𐍅𐌰𐌿𐍂𐍃𐍄𐍅𐌰, 𐌰𐌺 𐌿𐌱𐌹𐌻𐌰𐌼𐌼𐌰; 𐌰𐌸𐌸𐌰𐌽 𐍅𐌹𐌻𐌴𐌹𐍃 𐌴𐌹 𐌽𐌹 𐍉𐌲𐌴𐌹𐍃 𐍅𐌰𐌻𐌳𐌿𐍆𐌽𐌹, 𐌸𐌹𐌿𐌸 𐍄𐌰𐌿𐌾𐌰𐌹𐍃 𐌾𐌰𐌷 𐌷𐌰𐌱𐌰𐌹𐍃 𐌷𐌰𐌶𐌴𐌹𐌽 𐌿𐍃 𐌸𐌰𐌼𐌼𐌰; 𐌸𐌰𐌹 𐌰𐌿𐌺 𐍂𐌴𐌹𐌺𐍃 𐌽𐌹 𐍃𐌹𐌽𐌳 𐌰𐌲𐌹𐍃 𐌲𐍉𐌳𐌰𐌼𐌼𐌰 𐍅𐌰𐌿𐍂𐍃𐍄𐍅𐌰, 𐌰𐌺 𐌿𐌱𐌹𐌻𐌰𐌼𐌼𐌰; 𐌰𐌸𐌸𐌰𐌽 𐍅𐌹𐌻𐌴𐌹𐍃 𐌴𐌹 𐌽𐌹 𐍉𐌲𐌴𐌹𐍃 𐍅𐌰𐌻𐌳𐌿𐍆𐌽𐌹, 𐌸𐌹𐌿𐌸 𐍄𐌰𐌿𐌾𐌰𐌹𐍃 𐌾𐌰𐌷 𐌷𐌰𐌱𐌰𐌹𐍃 𐌷𐌰𐌶𐌴𐌹𐌽 𐌿𐍃 𐌸𐌰𐌼𐌼𐌰;"
Romans,13,4,"𐌿𐌽𐍄𐌴 𐌲𐌿𐌳𐌹𐍃 𐌰𐌽𐌳𐌱𐌰𐌷𐍄𐍃 𐌹𐍃𐍄 𐌸𐌿𐍃 𐌹𐌽 𐌲𐍉𐌳𐌰𐌼𐌼𐌰. 𐌹𐌸 𐌾𐌰𐌱𐌰𐌹 𐌿𐌱𐌹𐌻 𐍄𐌰𐌿𐌾𐌹𐍃, 𐍉𐌲𐍃; 𐌿𐌽𐍄𐌴 𐌽𐌹 𐍃𐍅𐌰𐍂𐌴 𐌸𐌰𐌽𐌰 𐌷𐌰𐌹𐍂𐌰𐌿 𐌱𐌰𐌹𐍂𐌹𐌸; 𐌲𐌿𐌳𐌹𐍃 𐌰𐌿𐌺 𐌰𐌽𐌳𐌱𐌰𐌷𐍄𐍃 𐌹𐍃𐍄, 𐍆𐍂𐌰𐍅𐌴𐌹𐍄𐌰𐌽𐌳𐍃 𐌹𐌽 𐌸𐍅𐌰𐌹𐍂𐌷𐌴𐌹𐌽 𐌸𐌰𐌼𐌼𐌰 𐌿𐌱𐌹𐌻 𐍄𐌰𐌿𐌾𐌰𐌽𐌳𐌹𐌽. 𐌿𐌽𐍄𐌴 𐌲𐌿𐌳𐌹𐍃 𐌰𐌽𐌳𐌱𐌰𐌷𐍄𐍃 𐌹𐍃𐍄 𐌸𐌿𐍃 𐌹𐌽 𐌲𐍉𐌳𐌰𐌼𐌼𐌰. 𐌹𐌸 𐌾𐌰𐌱𐌰𐌹 𐌿𐌱𐌹𐌻 𐍄𐌰𐌿𐌾𐌹𐍃, 𐍉𐌲𐍃; 𐌿𐌽𐍄𐌴 𐌽𐌹 𐍃𐍅𐌰𐍂𐌴 𐌸𐌰𐌽𐌰 𐌷𐌰𐌹𐍂𐌿 𐌱𐌰𐌹𐍂𐌹𐌸; 𐌲𐌿𐌳𐌹𐍃 𐌰𐌿𐌺 𐌰𐌽𐌳𐌱𐌰𐌷𐍄𐍃 𐌹𐍃𐍄, 𐍆𐍂𐌰𐍅𐌴𐌹𐍄𐌰𐌽𐌳𐍃 𐌹𐌽 𐌸𐍅𐌰𐌹𐍂𐌷𐌴𐌹𐌽 𐌸𐌰𐌼𐌼𐌰 𐌿𐌱𐌹𐌻 𐍄𐌰𐌿𐌾𐌰𐌽𐌳𐌹𐌽."
Romans,13,5,"𐌳𐌿𐌸𐌸𐌴 𐌿𐍆𐌷𐌰𐌿𐍃𐌾𐌰𐌹𐌸 𐌽𐌹 𐌸𐌰𐍄𐌰𐌹𐌽𐌴𐌹 𐌹𐌽 𐌸𐍅𐌰𐌹𐍂𐌷𐌴𐌹𐌽𐍃, 𐌰𐌺 𐌾𐌰𐌷 𐌹𐌽 𐌼𐌹𐌸𐍅𐌹𐍃𐍃𐌴𐌹𐌽𐍃. 𐌳𐌿𐌸𐌸𐌴 𐌿𐍆𐌷𐌰𐌿𐍃𐌾𐌰𐌹𐌸...."
Romans,13,6,𐌹𐌽𐌿𐌸~𐌸𐌹𐍃 𐌰𐌿𐌺 𐌾𐌰𐌷 𐌲𐌹𐌻𐍃𐍄𐍂𐌰 𐌿𐍃𐍄𐌹𐌿𐌷𐌰𐌹𐌸; 𐌿𐌽𐍄𐌴 𐌰𐌽𐌳𐌱𐌰𐌷𐍄𐍉𐍃 𐌲𐌿𐌳𐌹𐍃 𐍃𐌹𐌽𐌳 𐌹𐌽 𐌸𐌰𐌼𐌼𐌰 𐍃𐌹𐌻𐌱𐌹𐌽 𐍃𐌺𐌰𐌻𐌺𐌹𐌽𐍉𐌽𐌳𐌰𐌽𐍃.
Romans,13,7,"𐌿𐍃𐌲𐌹𐌱𐌹𐌸 𐌽𐌿 𐌰𐌻𐌻𐌰𐌹𐌼 𐍃𐌺𐌿𐌻𐌳𐍉: 𐌸𐌰𐌼𐌼𐌴𐌹 𐌲𐌰𐌱𐌰𐌿𐍂 𐌲𐌰𐌱𐌰𐌿𐍂, 𐌸𐌰𐌼𐌼𐌴𐌹 𐌼𐍉𐍄𐌰 𐌼𐍉𐍄𐌰, 𐌸𐌰𐌼𐌼𐌴𐌹 𐌰𐌲𐌹𐍃 𐌰𐌲𐌹𐍃, 𐌸𐌰𐌼𐌼𐌴𐌹 𐍃𐍅𐌴𐍂𐌹𐌸𐌰 𐍃𐍅𐌴𐍂𐌹𐌸𐌰."
Romans,13,8,"𐌽𐌹 𐌰𐌹𐌽𐌿𐌼𐌼𐌴𐌷𐌿𐌽 𐍅𐌰𐌹𐌷𐍄𐌰𐌹𐍃 𐍃𐌺𐌿𐌻𐌰𐌽𐍃 𐍃𐌹𐌾𐌰𐌹𐌸, 𐌽𐌹𐌱𐌰 𐌸𐌰𐍄𐌴𐌹 𐌹(𐌶)𐍅𐌹(𐍃) 𐌼𐌹𐍃𐍃𐍉 𐍆𐍂𐌹𐌾𐍉𐌸; 𐌿𐌽𐍄𐌴 𐍃𐌰𐌴𐌹 𐍆𐍂𐌹𐌾𐍉𐌸 𐌽𐌴𐍈𐌿𐌽𐌳𐌾𐌰𐌽, 𐍅𐌹𐍄𐍉𐌸 𐌿𐍃𐍆𐌿𐌻𐌻𐌹𐌳𐌰."
Romans,13,9,"𐌸𐌰𐍄𐌰 𐌰𐌿𐌺: 𐌽𐌹 𐌷𐍉𐍂𐌹𐌽𐍉𐍃, 𐌽𐌹 𐌼𐌰𐌿𐍂𐌸𐍂𐌾𐌰𐌹𐍃, 𐌽𐌹 𐌷𐌻𐌹𐍆𐌰𐌹𐍃, 𐌽𐌹𐌷 𐍆𐌰𐌹𐌷𐌿𐌲𐌴𐌹𐌲𐌰𐌹𐍃, 𐌾𐌰𐌷 𐌾𐌰𐌱𐌰𐌹 𐍈𐍉 𐌰𐌽𐌸𐌰𐍂𐌰𐌹𐌶𐍉 𐌰𐌽𐌰𐌱𐌿𐍃𐌽𐌴 𐌹𐍃𐍄, 𐌹𐌽 𐌸𐌰𐌼𐌼𐌰 𐍅𐌰𐌿𐍂𐌳𐌰 𐌿𐍃𐍆𐌿𐌻𐌻𐌾𐌰𐌳𐌰, 𐌸𐌰𐌼𐌼𐌰: 𐍆𐍂𐌹𐌾𐍉𐍃 𐌽𐌴𐍈𐌿𐌽𐌳𐌾𐌰𐌽 𐌸𐌴𐌹𐌽𐌰𐌽𐌰 𐍃𐍅𐌴 𐌸𐌿𐌺 𐍃𐌹𐌻𐌱𐌰𐌽."
Romans,13,10,𐍆𐍂𐌹𐌰𐌸𐍅𐌰 𐌽𐌴𐍈𐌿𐌽𐌳𐌾𐌹𐌽𐍃 𐌿𐌱𐌹𐌻 𐌽𐌹 𐍅𐌰𐌿𐍂𐌺𐌴𐌹𐌸; 𐌿𐍃𐍆𐌿𐌻𐌻𐌴𐌹𐌽𐍃 𐌽𐌿 𐍅𐌹𐍄𐍉𐌳𐌹𐍃 𐌹𐍃𐍄 𐍆𐍂𐌹𐌰𐌸𐍅𐌰.
Romans,13,11,"𐌾𐌰𐌷 𐌸𐌰𐍄𐌰 𐍅𐌹𐍄𐌰𐌽𐌳𐌰𐌽𐍃 𐌸𐌰𐍄𐌰 𐌸𐌴𐌹𐌷𐍃, 𐌸𐌰𐍄𐌴𐌹 𐌼𐌴𐌻 𐌹𐍃𐍄 𐌿𐌽𐍃 𐌾𐌿 𐌿𐍃 𐍃𐌻𐌴𐍀𐌰 𐌿𐍂𐍂𐌴𐌹𐍃𐌰𐌽; 𐌿𐌽𐍄𐌴 𐌽𐌿 𐌽𐌴𐍈𐌹𐍃 𐌹𐍃𐍄 𐌽𐌰𐍃𐌴𐌹𐌽𐍃 𐌿𐌽𐍃𐌰𐍂𐌰 𐌸𐌰𐌿 𐌸𐌰𐌽 𐌲𐌰𐌻𐌰𐌿𐌱𐌹𐌳𐌴𐌳𐌿𐌼."
Romans,13,12,"𐌽𐌰𐌷𐍄𐍃 𐍆𐍂𐌰𐌼𐌹𐍃 𐌲𐌰𐌻𐌰𐌹𐌸, 𐌹𐌸 𐌳𐌰𐌲𐍃 𐌰𐍄𐌽𐌴𐍈𐌹𐌳𐌰; 𐌿𐍃𐍅𐌰𐌹𐍂𐍀𐌰𐌼 𐌽𐌿 𐍅𐌰𐌿𐍂𐍃𐍄𐍅𐌰𐌼 𐍂𐌹𐌵𐌹𐌶𐌹𐍃, 𐌹𐌸 𐌲𐌰𐍅𐌰𐍃𐌾𐌰𐌼 𐍃𐌰𐍂𐍅𐌰𐌼 𐌻𐌹𐌿𐌷𐌰𐌳𐌹𐍃."
Romans,13,13,"𐍃𐍅𐌴 𐌹𐌽 𐌳𐌰𐌲𐌰 𐌲𐌰𐍂𐌴𐌳𐌰𐌱𐌰 𐌲𐌰𐌲𐌲𐌰𐌹𐌼𐌰, 𐌽𐌹 𐌲𐌰𐌱𐌰𐌿𐍂𐌰𐌼 𐌾𐌰𐌷 𐌳𐍂𐌿𐌲𐌺𐌰𐌽𐌴𐌹𐌼, 𐌽𐌹 𐌻𐌹𐌲𐍂𐌰𐌼 𐌾𐌰𐌷 𐌰𐌲𐌻𐌰𐌹𐍄𐌾𐌰𐌼 𐌽𐌹 𐌷𐌰𐌹𐍆𐍃𐍄𐌰𐌹 𐌾𐌰𐌷 𐌰𐌻𐌾𐌰𐌽𐌰;"
Romans,13,14,𐌰𐌺 𐌲𐌰𐌷𐌰𐌼𐍉𐌸 𐍆𐍂𐌰𐌿𐌾𐌹𐌽 𐌿𐌽𐍃𐌰𐍂𐌰𐌼𐌼𐌰 𐍇𐍂𐌹𐍃𐍄𐌰𐌿 𐌹𐌴𐍃𐌿𐌰 𐌾𐌰𐌷 𐌻𐌴𐌹𐌺𐌹𐍃 𐌼𐌿𐌽 𐌽𐌹 𐍄𐌰𐌿𐌾𐌰𐌹𐌸 𐌹𐌽 𐌻𐌿𐍃𐍄𐌿𐌽𐍃.
Romans,14,1,"𐌹𐌸 𐌿𐌽𐌼𐌰𐌷𐍄𐌴𐌹𐌲𐌰𐌽𐌰 𐌲𐌰𐌻𐌰𐌿𐌱𐌴𐌹𐌽𐌰𐌹 𐌰𐌽𐌳𐌽𐌹𐌼𐌰𐌹𐌸, 𐌽𐌹 𐌳𐌿 𐍄𐍅𐌴𐌹𐍆𐌻𐌴𐌹𐌽𐌰𐌹 𐌼𐌹𐍄𐍉𐌽𐌴."
Romans,14,2,"𐍃𐌿𐌼𐍃 𐍂𐌰𐌹𐌷𐍄𐌹𐍃 𐌲𐌰𐌻𐌰𐌿𐌱𐌴𐌹𐌸 𐌼𐌰𐍄𐌾𐌰𐌽 𐌰𐌻𐌻𐌰𐍄𐌰; 𐌹𐌸 𐍃𐌰𐌴𐌹 𐌿𐌽𐌼𐌰𐌷𐍄𐌴𐌹𐌲𐍃 𐌹𐍃𐍄, 𐌲𐍂𐌰𐍃 𐌼𐌰𐍄𐌾𐌹𐌸."
Romans,14,3,"𐍃𐌰 𐌼𐌰𐍄𐌾𐌰𐌽𐌳𐍃 𐌸𐌰𐌼𐌼𐌰 𐌽𐌹 𐌼𐌰𐍄𐌾𐌰𐌽𐌳𐌹𐌽 𐌽𐌹 𐍆𐍂𐌰𐌺𐌿𐌽𐌹, 𐌹𐌸 𐍃𐌰 𐌽𐌹 𐌼𐌰𐍄𐌾𐌰𐌽𐌳𐍃 𐌸𐌰𐌽𐌰 𐌼𐌰𐍄𐌾𐌰𐌽𐌳𐌰𐌽 𐌽𐌹 𐍃𐍄𐍉𐌾𐌰𐌹; 𐌲𐌿𐌸 𐌰𐌿𐌺 𐌹𐌽𐌰 𐌰𐌽𐌳𐌽𐌰𐌼."
Romans,14,4,"𐌸𐌿 𐍈𐌰𐍃 𐌹𐍃, 𐌸𐌿𐌴𐌹 𐍃𐍄𐍉𐌾𐌹𐍃 𐍆𐍂𐌰𐌼𐌰𐌸𐌾𐌰𐌽𐌰 𐍃𐌺𐌰𐌻𐌺? 𐍃𐌴𐌹𐌽𐌰𐌼𐌼𐌰 𐍆𐍂𐌰𐌿𐌾𐌹𐌽 𐍃𐍄𐌰𐌽𐌳𐌹𐌸 𐌰𐌹𐌸𐌸𐌰𐌿 𐌳𐍂𐌹𐌿𐍃𐌹𐌸; 𐌰𐌸𐌸𐌰𐌽 𐍃𐍄𐌰𐌽𐌳𐌹𐌸; 𐌼𐌰𐌷𐍄𐌴𐌹𐌲𐍃 𐌰𐌿𐌺 𐌹𐍃𐍄 𐍆𐍂𐌰𐌿𐌾𐌰 𐌲𐌰𐍃𐍄𐍉𐌸[𐌰𐌽]𐌰𐌽 𐌹𐌽𐌰."
Romans,14,5,𐍃𐌿𐌼𐍃 𐍂𐌰𐌹𐌷𐍄𐌹𐍃 𐍃𐍄𐍉𐌾𐌹𐌸 𐌳𐌰𐌲 𐌷𐌹𐌽𐌳𐌰𐍂 𐌳𐌰𐌲𐌰....
Romans,14,6,
Romans,14,7,
Romans,14,8,
Romans,14,9,.... 𐌾𐌰𐌷 𐌵𐌹𐍅𐌰𐌹𐌼 𐌾𐌰𐌷 𐌳𐌰𐌿𐌸𐌰𐌹𐌼 𐍆𐍂𐌰𐌿𐌾𐌹𐌽𐍉𐌸.
Romans,14,10,"𐌹𐌸 𐌸𐌿, 𐍈𐌰 𐍃𐍄𐍉𐌾𐌹𐍃 𐌱𐍂𐍉𐌸𐌰𐍂 𐌸𐌴𐌹𐌽𐌰𐌽𐌰? 𐌰𐌹𐌸𐌸𐌰𐌿 𐌾𐌰𐌷 𐌸𐌿, 𐍈𐌰 𐍆𐍂𐌰𐌺𐌰𐌽𐍄 𐌱𐍂𐍉𐌸𐍂 𐌸𐌴𐌹𐌽𐌰𐌼𐌼𐌰? 𐌰𐌻𐌻𐌰𐌹 𐌰𐌿𐌺 𐌲𐌰𐍃𐌰𐍄𐌾𐌰𐌽𐌳𐌰 𐍆𐌰𐌿𐍂𐌰 𐍃𐍄𐌰𐌿𐌰𐍃𐍄𐍉𐌻𐌰 𐍇𐍂𐌹𐍃𐍄𐌰𐌿𐍃."
Romans,14,11,"𐌲𐌰𐌼𐌴𐌻𐌹𐌸 𐌹𐍃𐍄 𐌰𐌿𐌺: 𐌻𐌹𐌱𐌰 𐌹𐌺, 𐌵𐌹𐌸𐌹𐌸 𐍆𐍂𐌰𐌿𐌾𐌰, 𐌸𐌰𐍄𐌴𐌹 𐌼𐌹𐍃 𐌰𐌻𐌻 𐌺𐌽𐌹𐍅𐌴 𐌱𐌹𐌿𐌲𐌹𐌸 𐌾𐌰𐌷 𐌰𐌽𐌳𐌷𐌰𐌹𐍄𐌹𐌸 𐌰𐌻𐌻 𐍂𐌰𐌶𐌳𐍉 𐌲𐌿𐌳𐌰."
Romans,14,12,𐌸𐌰𐌽𐌽𐌿 𐌽𐌿 𐍈𐌰𐍂𐌾𐌹𐌶𐌿𐌷 𐌿𐌽𐍃𐌰𐍂𐌰 𐍆𐍂𐌰𐌼 𐍃𐌹𐍃 𐍂𐌰𐌸𐌾𐍉𐌽 𐌿𐍃𐌲𐌹𐌱𐌹𐌸 𐌲𐌿𐌳𐌰.
Romans,14,13,"𐌽𐌹 𐌸𐌰𐌽𐌰𐌼𐌰𐌹𐍃 𐌽𐌿 𐌿𐌽𐍃 𐌼𐌹𐍃𐍃𐍉 𐍃𐍄𐍉𐌾𐌰𐌹𐌼𐌰, 𐌰𐌺 𐌸𐌰𐍄𐌰 𐍃𐍄𐍉𐌾𐌰𐌹𐌸 𐌼𐌰𐌹𐍃, 𐌴𐌹 𐌽𐌹 𐍃𐌰𐍄𐌾𐌰𐌹𐌸 𐌱𐌹𐍃𐍄𐌿𐌲𐌵 𐌱𐍂𐍉𐌸𐍂 𐌰𐌹𐌸𐌸𐌰𐌿 𐌲𐌰𐌼𐌰𐍂𐌶𐌴𐌹𐌽."
Romans,14,14,"𐍅𐌰𐌹𐍄 𐌾𐌰𐌲~𐌲𐌰𐍄𐍂𐌰𐌿𐌰 𐌹𐌽 𐍆𐍂𐌰𐌿𐌾𐌹𐌽 𐌹𐌴𐍃𐌿𐌰, 𐌸𐌰𐍄𐌴𐌹 𐌽𐌹 𐍅𐌰𐌹𐌷𐍄 𐌲𐌰𐍅𐌰𐌼𐌼 𐌸𐌰𐌹𐍂𐌷 𐍃𐌹𐌺 𐍃𐌹𐌻𐌱𐍉, 𐌽𐌹𐌱𐌰 𐌸𐌰𐌼𐌼𐌰 𐌼𐌿𐌽𐌰𐌽𐌳𐌹𐌽, 𐌸𐌰𐌼𐌼𐌰 𐌲𐌰𐌼𐌰𐌹𐌽 𐌹𐍃𐍄."
Romans,14,15,"𐌹𐌸 𐌾𐌰𐌱𐌰𐌹 𐌹𐌽 𐌼𐌰𐍄𐌹𐍃 𐌱𐍂𐍉𐌸𐌰𐍂 𐌸𐌴𐌹𐌽𐍃 𐌲𐌰𐌿𐍂𐌾𐌰𐌳𐌰, 𐌾𐌿 𐌽𐌹 𐌱𐌹 𐍆𐍂𐌹𐌰𐌸𐍅𐌰𐌹 𐌲𐌰𐌲𐌲𐌹𐍃. 𐌽𐌹 𐌽𐌿𐌽𐌿 𐌼𐌰𐍄𐌰 𐌸𐌴𐌹𐌽𐌰𐌼𐌼𐌰 𐌾𐌰𐌹𐌽𐌰𐌼𐌼𐌰 𐍆𐍂𐌰𐌵𐌹𐍃𐍄𐌾𐌰𐌹𐍃, 𐍆𐌰𐌿𐍂 𐌸𐌰𐌽𐌴𐌹 𐍇𐍂𐌹𐍃𐍄𐌿𐍃 𐌲𐌰𐍃𐍅𐌰𐌻𐍄."
Romans,14,16,𐌽𐌹 𐍅𐌰𐌾𐌰𐌼𐌴𐍂𐌾𐌰𐌹𐌳𐌰𐌿 𐌿𐌽𐍃𐌰𐍂 𐌸𐌹𐌿𐌸.
Romans,14,17,"𐌽𐌹𐍃𐍄 𐌰𐌿𐌺 𐌸𐌹𐌿𐌳𐌰𐌽𐌲𐌰𐍂𐌳𐌹 𐌲𐌿𐌳𐌹𐍃 𐌼𐌰𐍄𐍃 𐌾𐌰𐌷 𐌳𐍂𐌰𐌲𐌺, 𐌰𐌺 𐌲𐌰𐍂𐌰𐌹𐌷𐍄𐌴𐌹 𐌾𐌰𐌷 𐌲𐌰𐍅𐌰𐌹𐍂𐌸𐌹 𐌾𐌰𐌷 𐍆𐌰𐌷𐌴𐌸𐍃 𐌹𐌽 𐌰𐌷𐌼𐌹𐌽 𐍅𐌴𐌹𐌷𐌰𐌼𐌼𐌰."
Romans,14,18,"𐍃𐌰𐌴𐌹 𐌰𐌿𐌺 𐌹𐌽 𐌸𐌰𐌹𐌼 𐍃𐌺𐌰𐌻𐌺𐌹𐌽𐍉𐌸 𐍇𐍂𐌹𐍃𐍄𐌰𐌿, 𐍅𐌰𐌹𐌻𐌰 𐌲𐌰𐌻𐌴𐌹𐌺𐌰𐌹𐌸 𐌲𐌿𐌳𐌰 𐌾𐌰𐌷 𐌲𐌰𐌺𐌿𐍃𐌰𐌽𐍃 𐌹𐍃𐍄 𐌼𐌰𐌽𐌽𐌰𐌼."
Romans,14,19,"𐌸𐌰𐌽𐌽𐌿 𐌽𐌿 𐌸𐍉𐌴𐌹 𐌲𐌰𐍅𐌰𐌹𐍂𐌸𐌾𐌹𐍃 𐍃𐌹𐌽𐌳, 𐌻𐌰𐌹𐍃𐍄𐌾𐌰𐌹𐌼𐌰, 𐌾𐌰𐌷 𐌸𐍉𐌴𐌹 𐍄𐌹𐌼𐍂𐌴𐌹𐌽𐌰𐌹𐍃 𐍃𐌹𐌽𐌳 𐌹𐌽 𐌿𐌽𐍃 𐌼𐌹𐍃𐍃𐍉."
Romans,14,20,𐌽𐌹 𐌽𐌿𐌽𐌿 𐌹𐌽 𐌼𐌰𐍄𐌹𐍃 𐌲𐌰𐍄𐌰𐌹𐍂 𐍅𐌰𐌿𐍂𐍃𐍄𐍅 𐌲𐌿𐌳𐌹𐍃....
Romans,14,21,
Romans,14,22,
Romans,14,23,
Romans,15,1,
Romans,15,2,
Romans,15,3,.... 𐌸𐌹𐌶𐌴 𐌹𐌳𐍅𐌴𐌹𐍄𐌾𐌰𐌽𐌳𐌰𐌽𐌴 𐌸𐌿𐌺 𐌲𐌰𐌳𐍂𐌿𐍃𐌿𐌽 𐌰𐌽𐌰 𐌼𐌹𐌺.
Romans,15,4,"𐍃𐍅𐌰 𐍆𐌹𐌻𐌿 𐌰𐌿𐌺 𐍃𐍅𐌴 𐍆𐌰𐌿𐍂𐌰𐌲𐌰𐌼𐌴𐌻𐌹𐌸 𐍅𐌰𐍂𐌸, 𐌳𐌿 𐌿𐌽𐍃𐌰𐍂𐌰𐌹 𐌻𐌰𐌹𐍃𐌴𐌹𐌽𐌰𐌹 𐌲𐌰𐌼𐌴𐌻𐌹𐌸 𐍅𐌰𐍂𐌸, 𐌴𐌹 𐌸𐌰𐌹𐍂𐌷 𐌸𐌿𐌻𐌰𐌹𐌽 𐌾𐌰𐌷 𐌲𐌰𐌸𐍂𐌰𐍆𐍃𐍄𐌴𐌹𐌽 𐌱𐍉𐌺𐍉 𐍅𐌴𐌽 𐌷𐌰𐌱𐌰𐌹𐌼𐌰."
Romans,15,5,"𐌹𐌸 𐌲𐌿𐌸 𐌸𐌿𐌻𐌰𐌹𐌽𐌰𐌹𐍃 𐌾𐌰𐌷 𐌸𐍂𐌰𐍆𐍃𐍄𐌴𐌹𐌽𐌰𐌹𐍃 𐌲𐌹𐌱𐌰𐌹 𐌹𐌶𐍅𐌹𐍃 𐌸𐌰𐍄𐌰 𐍃𐌰𐌼𐍉 𐍆𐍂𐌰𐌸𐌾𐌰𐌽 𐌹𐌽 𐌹𐌶𐍅𐌹𐍃 𐌼𐌹𐍃𐍃𐍉 𐌱𐌹 𐍇𐍂𐌹𐍃𐍄𐌿 𐌹𐌴𐍃𐌿,"
Romans,15,6,𐌴𐌹 𐌲𐌰𐍅𐌹𐌻𐌾𐌰𐌹 𐌰𐌹𐌽𐌰𐌼𐌼𐌰 𐌼𐌿𐌽𐌸𐌰 𐌷𐌰𐌿𐌷𐌾𐌰𐌹𐌸 𐌲𐌿𐌸 𐌾𐌰𐌷 𐌰𐍄𐍄𐌰𐌽 𐍆𐍂𐌰𐌿𐌾𐌹𐌽𐍃 𐌿𐌽𐍃𐌰𐍂𐌹𐍃 𐌹𐌴𐍃𐌿𐌹𐍃 𐍇𐍂𐌹𐍃𐍄𐌰𐌿𐍃.
Romans,15,7,"𐌹𐌽 𐌸𐌹𐌶𐌴𐌹 𐌰𐌽𐌳𐌽𐌹𐌼𐌰𐌹𐌸 𐌹𐌶𐍅𐌹𐍃 𐌼𐌹𐍃𐍃𐍉, 𐍃𐍅𐌰𐍃𐍅𐌴 𐌾𐌰𐌷 𐍇𐍂𐌹𐍃𐍄𐌿𐍃 𐌰𐌽𐌳𐌽𐌰𐌼 𐌹𐌶𐍅𐌹𐍃 𐌳𐌿 𐍅𐌿𐌻𐌸𐌰𐌿 𐌲𐌿𐌳𐌹𐍃."
Romans,15,8,"𐌵𐌹𐌸𐌰 𐌰𐌿𐌺 𐍇𐍂𐌹𐍃𐍄𐌿 𐌹𐌴𐍃𐌿 𐌰𐌽𐌳𐌱𐌰𐌷𐍄 𐍅𐌰𐌿𐍂𐌸𐌰𐌽𐌰𐌽𐌰 𐍆𐍂𐌰𐌼 𐍃𐌿𐌽𐌾𐌰𐌹 𐌲𐌿𐌳𐌹𐍃 𐌳𐌿 𐌲𐌰𐍄𐌿𐌻𐌲𐌾𐌰𐌽 𐌲𐌰𐌷𐌰𐌹𐍄𐌰 𐌰𐍄𐍄𐌰𐌽𐌴,"
Romans,15,9,"𐌹𐌸 𐌸𐌹𐌿𐌳𐍉𐍃 𐌹𐌽 𐌰𐍂𐌼𐌰𐌷𐌰𐌹𐍂𐍄𐌴𐌹𐌽𐍃 𐌷𐌰𐌿𐌷𐌾𐌰𐌽 𐌲𐌿𐌸, 𐍃𐍅𐌰𐍃𐍅𐌴 𐌲𐌰𐌼𐌴𐌻𐌹𐌸 𐌹𐍃𐍄: 𐌳𐌿𐌸𐌸𐌴 𐌰𐌽𐌳𐌷𐌰𐌹𐍄𐌰 𐌸𐌿𐍃 𐌹𐌽 𐌸𐌹𐌿𐌳𐍉𐌼, 𐍆𐍂𐌰𐌿𐌾𐌰, 𐌾𐌰𐌷 𐌽𐌰𐌼𐌹𐌽 𐌸𐌴𐌹𐌽𐌰𐌼𐌼𐌰 𐌻𐌹𐌿𐌸𐍉."
Romans,15,10,𐌾𐌰𐌷 𐌰𐍆𐍄𐍂𐌰 𐌵𐌹𐌸𐌹𐌸: 𐍃𐌹𐍆𐌰𐌹𐌸 𐌸𐌹𐌿𐌳𐍉𐍃 𐌼𐌹𐌸 𐌼𐌰𐌽𐌰𐌲𐌴𐌹𐌽 𐌹𐍃.
Romans,15,11,𐌾𐌰𐌷 𐌰𐍆𐍄𐍂𐌰 𐌵𐌹𐌸𐌹𐌸: 𐌷𐌰𐌶𐌾𐌹𐌸 𐌰𐌻𐌻𐍉𐍃 𐌸𐌹𐌿𐌳𐍉𐍃 𐍆𐍂𐌰𐌿𐌾𐌰𐌽 𐌾𐌰𐌷 𐌷𐌰𐌶𐌾𐌰𐌹𐌽𐌰 𐌹𐌽𐌰 𐌰𐌻𐌻𐍉𐍃 𐌼𐌰𐌽𐌰𐌲𐌴𐌹𐌽𐍃.
Romans,15,12,"𐌾𐌰𐌷 𐌰𐍆𐍄𐍂𐌰 𐌴𐍃𐌰𐌴𐌹𐌰𐍃 𐌵𐌹𐌸𐌹𐌸: 𐍅𐌰𐌹𐍂𐌸𐌹𐌸 𐍅𐌰𐌿𐍂𐍄𐍃 𐌹𐌰𐌹𐍃𐍃𐌰𐌹𐌶𐌹𐍃, 𐌾𐌰𐌷 𐍃𐌰 𐌿𐍃𐍃𐍄𐌰𐌽𐌳𐌰𐌽𐌳𐍃 𐍂𐌴𐌹𐌺𐌹𐌽𐍉𐌸 𐌸𐌹𐌿𐌳𐍉𐌼; 𐌳𐌿 𐌹𐌼𐌼𐌰 𐌸𐌹𐌿𐌳𐍉𐍃 𐍅𐌴𐌽𐌾𐌰𐌽𐌳."
Romans,15,13,𐌹𐌸 𐌲𐌿𐌸 𐌻𐌿𐌱𐌰𐌹𐌽𐌰𐌹𐍃 𐍆𐌿𐌻𐌻𐌾𐌰𐌹 𐌹𐌶𐍅𐌹𐍃 𐌰𐌻𐌻𐌰𐌹𐌶𐍉𐍃 𐍆𐌰𐌷𐌴𐌳𐌰𐌹𐍃....
Romans,15,14,
Romans,15,15,
Romans,15,16,
Romans,15,17,
Romans,15,18,
Romans,15,19,
Romans,15,20,
Romans,15,21,
Romans,15,22,
Romans,15,23,
Romans,15,24,
Romans,15,25,
Romans,15,26,
Romans,15,27,
Romans,15,28,
Romans,15,29,
Romans,15,30,
Romans,15,31,
Romans,15,32,
Romans,15,33,
Romans,16,1,
Romans,16,2,
Romans,16,3,
Romans,16,4,
Romans,16,5,
Romans,16,6,
Romans,16,7,
Romans,16,8,
Romans,16,9,
Romans,16,10,
Romans,16,11,
Romans,16,12,
Romans,16,13,
Romans,16,14,
Romans,16,15,
Romans,16,16,
Romans,16,17,
Romans,16,18,
Romans,16,19,
Romans,16,20,
Romans,16,21,".... 𐌾𐌰𐌷 𐌻𐌿𐌺𐌹𐌿𐍃 𐌾𐌰𐌷 𐌹𐌰𐍃𐍃𐍉𐌽 𐌾𐌰𐌷 𐍃𐍉𐍃𐌴𐌹𐍀𐌰𐍄𐍂𐌿𐍃, 𐌸𐌰𐌹 𐌽𐌹𐌸𐌾𐍉𐍃 𐌼𐌴𐌹𐌽𐌰𐌹;"
Romans,16,22,𐌲𐍉𐌻𐌾𐌰 𐌹𐌶𐍅𐌹𐍃 𐌹𐌺 𐍄𐌰𐌹𐍂𐍄𐌹𐌿𐍃 𐍃𐌰 𐌼𐌴𐌻𐌾𐌰𐌽𐌳𐍃 𐌸𐍉 𐌰𐌹𐍀𐌹𐍃𐍄𐌰𐌿𐌻𐌴𐌹𐌽 𐌹𐌽 𐍆𐍂𐌰𐌿𐌾𐌹𐌽;
Romans,16,23,"𐌲𐍉𐌻𐌴𐌹𐌸 𐌹𐌶𐍅𐌹𐍃 𐌲𐌰ï𐌿𐍃, 𐍅𐌰𐌹𐍂𐌳𐌿𐍃 𐌼𐌴𐌹𐌽𐍃 𐌾𐌰𐌷 𐌰𐌻𐌻𐌰𐌹𐌶𐍉𐍃 𐌰𐌹𐌺𐌺𐌻𐌴𐍃𐌾𐍉𐌽𐍃. 𐌲𐍉𐌻𐌴𐌹𐌸 𐌹𐌶𐍅𐌹𐍃 𐌰𐌹𐍂𐌰𐍃𐍄𐌿𐍃, 𐍆𐌰𐌿𐍂𐌰𐌲𐌰𐌲𐌲𐌾𐌰 𐌱𐌰𐌿𐍂𐌲𐍃, 𐌾𐌰𐌷 𐌵𐌰𐍂𐍄𐌿𐍃 𐍃𐌰 𐌱𐍂𐍉𐌸𐌰𐍂."
Romans,16,24,𐌰𐌽𐍃𐍄𐍃 𐍆𐍂𐌰𐌿𐌾𐌹𐌽𐍃 𐌿𐌽𐍃𐌰𐍂𐌹𐍃 𐌹𐌴𐍃𐌿𐌹𐍃 𐍇𐍂𐌹𐍃𐍄𐌰𐌿𐍃 𐌼𐌹𐌸 𐌰𐌷𐌼𐌹𐌽 𐌹𐌶𐍅𐌰𐍂𐌰𐌼𐌼𐌰. 𐌰𐌼𐌴𐌽.
Romans,16,25,𐌳𐌿 𐍂𐌿𐌼𐍉𐌽𐌹𐌼 𐌿𐍃𐍄𐌰𐌿𐌷. 𐌳𐌿 𐍂𐌿𐌼𐍉𐌽𐌹𐌼 𐌼𐌴𐌻𐌹𐌸 𐌹𐍃𐍄 𐌿𐍃 𐌺𐌰𐌿𐍂𐌹𐌽𐌸𐍉𐌽.
Romans,16,26,
Romans,16,27,
I Corinthians,1,1,
I Corinthians,1,2,
I Corinthians,1,3,
I Corinthians,1,4,
I Corinthians,1,5,
I Corinthians,1,6,
I Corinthians,1,7,
I Corinthians,1,8,
I Corinthians,1,9,
I Corinthians,1,10,
I Corinthians,1,11,
I Corinthians,1,12,".... 𐌹𐌺 𐌹𐌼 𐍀𐌰𐍅𐌻𐌿𐍃, 𐌹𐌸 𐌹𐌺 𐌰𐍀𐌰𐌿𐌻𐌻𐍉𐌽𐍃, 𐌹𐌸 𐌹𐌺 𐌺𐌴𐍆𐌹𐌽𐍃, 𐌹𐌸 𐌹𐌺 𐍇𐍂𐌹𐍃𐍄𐌰𐌿𐍃."
I Corinthians,1,13,"𐌳𐌹𐍃𐌳𐌰𐌹𐌻𐌹𐌸𐍃 𐌹𐍃𐍄 𐍇𐍂𐌹𐍃𐍄𐌿𐍃? 𐌹𐌱𐌰𐌹 𐍀𐌰𐍅𐌻𐌿𐍃 𐌿𐍃𐌷𐍂𐌰𐌼𐌹𐌸𐍃 𐍅𐌰𐍂𐌸 𐌹𐌽 𐌹𐌶𐍅𐌰𐍂𐌰, 𐌰𐌹𐌸𐌸𐌰𐌿 𐌹𐌽 𐌽𐌰𐌼𐌹𐌽 𐍀𐌰𐍅𐌻𐌿𐍃 𐌳𐌰𐌿𐍀𐌹𐌳𐌰𐌹 𐍅𐌴𐍃𐌴𐌹𐌸?"
I Corinthians,1,14,"𐌰𐍅𐌹𐌻𐌹𐌿𐌳𐍉 𐌲𐌿𐌳𐌰 𐌴𐌹 𐌰𐌹𐌽𐌽𐍉𐌷𐌿𐌽 𐌹𐌶𐍅𐌰𐍂𐌰 𐌽𐌹 𐌳𐌰𐌿𐍀𐌹𐌳𐌰 𐌽𐌹𐌱𐌰 𐌺𐍂𐌹𐍃𐍀𐌿 𐌾𐌰𐌷 𐌲𐌰ï𐌿,"
I Corinthians,1,15,𐌴𐌹 𐍈𐌰𐍃 𐌽𐌹 𐌵𐌹𐌸𐌰𐌹 𐌸𐌰𐍄𐌴𐌹 𐌹𐌽 𐌼𐌴𐌹𐌽𐌰𐌼𐌼𐌰 𐌽𐌰𐌼𐌹𐌽 𐌳𐌰𐌿𐍀𐌹𐌳𐌴𐌳𐌾𐌰𐌿.
I Corinthians,1,16,𐌹𐌺 𐌳𐌰𐌿𐍀𐌹𐌳𐌰 𐌰𐌿𐌺 𐌾𐌰𐌸~𐌸𐌰𐌽𐍃 𐍃𐍄𐌰𐌹𐍆𐌰𐌽𐌰𐌿𐍃 𐌲𐌰𐌳𐌰𐌿𐌺𐌰𐌽𐍃; 𐌸𐌰𐍄𐌰 𐌰𐌽𐌸𐌰𐍂 𐌽𐌹 𐍅𐌰𐌹𐍄 𐌴𐌹 𐌰𐌹𐌽𐌽𐍉𐌷𐌿𐌽 𐌳𐌰𐌿𐍀𐌹𐌳𐌴𐌳𐌾𐌰𐌿.
I Corinthians,1,17,"𐌽𐌹𐌸~𐌸𐌰𐌽 𐌹𐌽𐍃𐌰𐌽𐌳𐌹𐌳𐌰 𐌼𐌹𐌺 𐍇𐍂𐌹𐍃𐍄𐌿𐍃 𐌳𐌰𐌿𐍀𐌾𐌰𐌽, 𐌰𐌺 𐍅𐌰𐌹𐌻𐌰𐌼𐌴𐍂𐌾𐌰𐌽; 𐌽𐌹 𐌹𐌽 𐍃𐌽𐌿𐍄𐍂𐌴𐌹𐌽 𐍅𐌰𐌿𐍂𐌳𐌹𐍃, 𐌴𐌹 𐌽𐌹 𐌻𐌰𐌿𐍃𐌾𐌰𐌹𐌳𐌰𐌿 𐌲𐌰𐌻𐌲𐌰 𐍇𐍂𐌹𐍃𐍄𐌰𐌿𐍃."
I Corinthians,1,18,"𐌿𐌽𐍄𐌴 𐌸𐌰𐍄𐌰 𐍅𐌰𐌿𐍂𐌳 𐌲𐌰𐌻𐌲𐌹𐌽𐍃 𐌸𐌰𐌹𐌼 𐍆𐍂𐌰𐌻𐌿𐍃𐌽𐌰𐌽𐌳𐌰𐌼 𐌳𐍅𐌰𐌻𐌹𐌸𐌰 𐌹𐍃𐍄, 𐌹𐌸 𐌸𐌰𐌹𐌼 𐌲𐌰𐌽𐌹𐍃𐌰𐌽𐌳𐌰𐌼 𐌼𐌰𐌷𐍄𐍃 𐌲𐌿𐌳𐌹𐍃 𐌹𐍃𐍄."
I Corinthians,1,19,𐌲𐌰𐌼𐌴𐌻𐌹𐌸 𐌹𐍃𐍄 𐌰𐌿𐌺: 𐍆𐍂𐌰𐌵𐌹𐍃𐍄𐌾𐌰 𐍃𐌽𐌿𐍄𐍂𐌴𐌹𐌽 𐌸𐌹𐌶𐌴 𐍃𐌽𐌿𐍄𐍂𐌰𐌽𐌴 𐌾𐌰𐌷 𐍆𐍂𐍉𐌳𐌴𐌹𐌽 𐌸𐌹𐌶𐌴 𐍆𐍂𐍉𐌳𐌰𐌽𐌴 𐌿𐍃𐌺𐌹𐌿𐍃𐌰.
I Corinthians,1,20,𐍈𐌰𐍂 𐌷𐌰𐌽𐌳𐌿𐌲𐍃? 𐍈𐌰𐍂 𐌱𐍉𐌺𐌰𐍂𐌴𐌹𐍃? 𐍈𐌰𐍂 𐍃𐍉𐌺𐌰𐍂𐌴𐌹𐍃 𐌸𐌹𐍃 𐌰𐌹𐍅𐌹𐍃? 𐌽𐌹𐌷 𐌳𐍅𐌰𐌻𐌰 𐌲𐌰𐍄𐌰𐍅𐌹𐌳𐌰 𐌲𐌿𐌸 𐌷𐌰𐌽𐌳𐌿𐌲𐌴𐌹𐌽 𐌸𐌹𐍃 𐍆𐌰𐌹𐍂𐍈𐌰𐌿𐍃?
I Corinthians,1,21,"𐌿𐌽𐍄𐌴 𐌰𐌿𐌺 𐌹𐌽 𐌷𐌰𐌽𐌳𐌿𐌲𐌴𐌹𐌽 𐌲𐌿𐌳𐌹𐍃 𐌽𐌹 𐌿𐍆𐌺𐌿𐌽𐌽𐌰𐌹𐌳𐌰 𐍃𐌰 𐍆𐌰𐌹𐍂𐍈𐌿𐍃 𐌸𐌰𐌹𐍂𐌷 𐌷𐌰𐌽𐌳𐌿𐌲𐌴𐌹𐌽 𐌲𐌿𐌸, 𐌲𐌰𐌻𐌴𐌹𐌺𐌰𐌹𐌳𐌰 𐌲𐌿𐌳𐌰 𐌸𐌰𐌹𐍂𐌷 𐌸𐍉 𐌳𐍅𐌰𐌻𐌹𐌸𐌰 𐌸𐌹𐌶𐍉𐍃 𐍅𐌰𐌹𐌻𐌰𐌼𐌴𐍂𐌴𐌹𐌽𐌰𐌹𐍃 𐌲𐌰𐌽𐌰𐍃𐌾𐌰𐌽 𐌸𐌰𐌽𐍃 𐌲𐌰𐌻𐌰𐌿𐌱𐌾𐌰𐌽𐌳𐌰𐌽𐍃."
I Corinthians,1,22,"𐌿𐌽𐍄𐌴 𐌹𐌿𐌳𐌰𐌹𐌴𐌹𐍃 𐍄𐌰𐌹𐌺𐌽𐌴 𐌱𐌹𐌳𐌾𐌰𐌽𐌳, 𐌹𐌸 𐌺𐍂𐌴𐌺𐍉𐍃 𐌷𐌰𐌽𐌳𐌿𐌲𐌴𐌹𐌽 𐍃𐍉𐌺𐌾𐌰𐌽𐌳;"
I Corinthians,1,23,"𐌹𐌸 𐍅𐌴𐌹𐍃 𐌼𐌴𐍂𐌾𐌰𐌼 𐌹𐌴𐍃𐌿 𐌿𐍃𐌷𐍂𐌰𐌼𐌹𐌳𐌰𐌽𐌰, 𐌹𐌿𐌳𐌰𐌹𐌿𐌼 𐌲𐌰𐌼𐌰𐍂𐌶𐌴𐌹𐌽, 𐌹𐌸 𐌸𐌹𐌿𐌳𐍉𐌼 𐌳𐍅𐌰𐌻𐌹𐌸𐌰;"
I Corinthians,1,24,"𐌹𐌸 𐌸𐌰𐌹𐌼 𐌲𐌰𐌻𐌰𐌸𐍉𐌳𐌰𐌼 𐌹𐌿𐌳𐌰𐌹𐌴 𐌾𐌰𐌷 𐌸𐌹𐌿𐌳𐍉 𐍇𐍂𐌹𐍃𐍄𐌿, 𐌲𐌿𐌳𐌹𐍃 𐌼𐌰𐌷𐍄 𐌾𐌰𐌷 𐌲𐌿𐌳𐌹𐍃 𐌷𐌰𐌽𐌳𐌿𐌲𐌴𐌹𐌽."
I Corinthians,1,25,𐌿𐌽𐍄𐌴 𐍃𐍉 𐌳𐍅𐌰𐌻𐌹𐌸𐌰 𐌲𐌿𐌳𐌹𐍃 𐌷𐌰𐌽𐌳𐌿𐌲𐍉(𐌶𐌴)𐌹 𐌼𐌰𐌽𐌽𐌰𐌼....
I Corinthians,1,26,
I Corinthians,1,27,
I Corinthians,1,28,
I Corinthians,1,29,
I Corinthians,1,30,
I Corinthians,1,31,
I Corinthians,2,1,
I Corinthians,2,2,
I Corinthians,2,3,
I Corinthians,2,4,
I Corinthians,2,5,
I Corinthians,2,6,
I Corinthians,2,7,
I Corinthians,2,8,
I Corinthians,2,9,
I Corinthians,2,10,
I Corinthians,2,11,
I Corinthians,2,12,
I Corinthians,2,13,
I Corinthians,2,14,
I Corinthians,2,15,
I Corinthians,2,16,
I Corinthians,3,1,
I Corinthians,3,2,
I Corinthians,3,3,
I Corinthians,3,4,
I Corinthians,3,5,
I Corinthians,3,6,
I Corinthians,3,7,
I Corinthians,3,8,
I Corinthians,3,9,
I Corinthians,3,10,
I Corinthians,3,11,
I Corinthians,3,12,
I Corinthians,3,13,
I Corinthians,3,14,
I Corinthians,3,15,
I Corinthians,3,16,
I Corinthians,3,17,
I Corinthians,3,18,
I Corinthians,3,19,
I Corinthians,3,20,
I Corinthians,3,21,
I Corinthians,3,22,
I Corinthians,3,23,
I Corinthians,4,1,
I Corinthians,4,2,.... 𐌴𐌹 𐍈𐌰𐍃 𐍄𐍂𐌹𐌲𐌲𐍅𐍃 𐌱𐌹𐌲𐌹𐍄𐌰𐌹𐌳𐌰𐌿.
I Corinthians,4,3,"𐌰𐌸𐌸𐌰𐌽 𐌼𐌹𐍃 𐌹𐌽 𐌼𐌹𐌽𐌽𐌹𐍃𐍄𐌹𐌽 𐌹𐍃𐍄, 𐌴𐌹 𐍆𐍂𐌰𐌼 𐌹𐌶𐍅𐌹𐍃 𐌿𐍃𐍃𐍉𐌺𐌾𐌰𐌹𐌳𐌰𐌿 𐌰𐌹𐌸𐌸𐌰𐌿 𐍆𐍂𐌰𐌼 𐌼𐌰𐌽𐌽𐌹𐍃𐌺𐌰𐌼𐌼𐌰 𐌳𐌰𐌲𐌰; 𐌰𐌺𐌴𐌹 𐌽𐌹𐌷 𐌼𐌹𐌺 𐍃𐌹𐌻𐌱𐌰𐌽 𐌿𐍃𐍃𐍉𐌺𐌾𐌰."
I Corinthians,4,4,"𐌽𐌹𐌷 𐍅𐌰𐌹𐌷𐍄 𐌰𐌿𐌺 𐌼𐌹𐍃 𐍃𐌹𐌻𐌱𐌹𐌽 𐌼𐌹𐌸𐍅𐌰𐌹𐍄; 𐌰𐌺𐌴𐌹 𐌽𐌹 𐌹𐌽 𐌸𐌰𐌼𐌼𐌰 𐌲𐌰𐍂𐌰𐌹𐌷𐍄𐌹𐌸𐍃 𐌹𐌼, 𐌹𐌸 𐍃𐌰𐌴𐌹 𐌿𐍃𐍃𐍉𐌺𐌴𐌹𐌸 𐌼𐌹𐌺, 𐍆𐍂𐌰𐌿𐌾𐌰 𐌹𐍃𐍄."
I Corinthians,4,5,"𐌸𐌰𐌽𐌽𐌿 𐌽𐌿 𐌴𐌹 𐍆𐌰𐌿𐍂 𐌼𐌴𐌻 𐌽𐌹 𐍃𐍄𐍉𐌾𐌰𐌹𐌸, 𐌿𐌽𐍄𐌴 𐌵𐌹𐌼𐌰𐌹 𐍆𐍂𐌰𐌿𐌾𐌰, 𐍃𐌰𐌴𐌹 𐌾𐌰𐌷 𐌲𐌰𐌻𐌹𐌿𐌷𐍄𐌴𐌹𐌸 𐌰𐌽𐌰𐌻𐌰𐌿𐌲𐌽 𐍂𐌹𐌵𐌹𐌶𐌹𐍃 𐌾𐌰𐌷 𐌲𐌰𐌱𐌰𐌹𐍂𐌷𐍄𐌴𐌹𐌸 𐍂𐌿𐌽𐍉𐍃 𐌷𐌰𐌹𐍂𐍄𐌰𐌽𐌴; 𐌾𐌰𐌸~𐌸𐌰𐌽 𐌷𐌰𐌶𐌴𐌹𐌽𐍃 𐍅𐌰𐌹𐍂𐌸𐌹𐌸 𐍈𐌰𐍂𐌾𐌰𐌼𐌼𐌴𐌷 𐍆𐍂𐌰𐌼 𐌲𐌿𐌳𐌰."
I Corinthians,4,6,"𐌰𐌸𐌸𐌰𐌽, 𐌱𐍂𐍉𐌸𐍂𐌾𐌿𐍃, 𐌸𐌰𐌹𐍂𐌷𐌲𐌰𐌻𐌴𐌹𐌺𐍉[𐌽]𐌳𐌰 𐌹𐌽 𐌼𐌹𐍃 𐌾𐌰𐌷 𐌰𐍀𐌰𐌿𐌻𐌻𐍉𐌽 𐌹𐌽 𐌹𐌶𐍅𐌰𐍂𐌰, 𐌴𐌹 𐌹𐌽 𐌿𐌲𐌺𐌹𐍃 𐌲𐌰𐌽𐌹𐌼𐌰𐌹𐌸 𐌽𐌹 𐌿𐍆𐌰𐍂 𐌸𐌰𐍄𐌴𐌹 𐌲𐌰𐌼𐌴𐌻𐌹𐌸 𐌹𐍃𐍄 𐍆𐍂𐌰𐌸𐌾𐌰𐌽, 𐌴𐌹 𐌰𐌹𐌽𐍃 𐍆𐌰𐌿𐍂 𐌰𐌹𐌽𐌰𐌽𐌰 𐌰𐌽𐌰 𐌰𐌽𐌸𐌰𐍂𐌰𐌽𐌰 𐌿𐍆𐌱𐌻𐌴𐍃𐌰𐌽𐍃 𐌽𐌹 𐍃𐌹𐌾𐌰𐌹."
I Corinthians,4,7,"𐍈𐌰𐍃 𐌰𐌿𐌺 𐌸𐌿𐌺 𐌿𐍃𐍃𐍉𐌺𐌴𐌹𐌸? 𐍈𐌰𐌿𐌸~𐌸𐌰𐌽 𐌷𐌰𐌱𐌰𐌹𐍃 𐌸𐌰𐍄𐌴𐌹 𐌽𐌹 𐌽𐌰𐌼𐍄? 𐌰𐌹𐌸𐌸𐌰𐌿 𐌾𐌰𐌱𐌰𐌹 𐌰𐌽𐌳𐌽𐌰𐌼𐍄, 𐍈𐌰 𐍈𐍉𐍀𐌹𐍃 𐍃𐍅𐌴 𐌽𐌹 𐌽𐌴𐌼𐌴𐌹𐍃?"
I Corinthians,4,8,"𐌾𐌿 𐍃𐌰𐌳𐌰𐌹 𐍃𐌹𐌾𐌿𐌸, 𐌾𐌿 𐌲𐌰𐌱𐌹𐌲𐌰𐌹 𐍅𐌰𐌿𐍂𐌸𐌿𐌸, 𐌹𐌽𐌿 𐌿𐌽𐍃 𐌸𐌹𐌿𐌳𐌰𐌽𐍉𐌳𐌴𐌳𐌿𐌸; 𐌾𐌰𐌷 𐍅𐌰𐌹𐌽𐌴𐌹 𐌸𐌹𐌿𐌳𐌰𐌽𐍉𐌳𐌴𐌳𐌴𐌹𐌸, 𐌴𐌹 𐌾𐌰𐌷 𐍅𐌴𐌹𐍃 𐌹𐌶𐍅𐌹𐍃 𐌼𐌹𐌸𐌸𐌹𐌿𐌳𐌰𐌽𐍉𐌼𐌰."
I Corinthians,4,9,"𐌼𐌰𐌽 𐌰𐌿𐌺 𐌸𐌴𐌹 𐌲𐌿𐌸 𐌿𐌽𐍃 𐌰𐍀𐌰𐌿𐍃𐍄𐌰𐌿𐌻𐌿𐌽𐍃 𐍃𐍀𐌴𐌳𐌹𐍃𐍄𐌰𐌽𐍃 𐌿𐍃𐍄𐌰𐌹𐌺𐌽𐌹𐌳𐌰, 𐍃𐍅𐌰𐍃𐍅𐌴 𐌳𐌰𐌿𐌸𐌿𐌱𐌻𐌾𐌰𐌽𐍃, 𐌿𐌽𐍄𐌴 𐍆𐌰𐌹𐍂𐍅𐌴𐌹𐍄𐌻 𐍅𐌰𐌿𐍂𐌸𐌿𐌼 𐌸𐌹𐌶𐌰𐌹 𐌼𐌰𐌽𐌰𐍃𐌴𐌳𐌰𐌹 𐌾𐌰𐌷 𐌰𐌲𐌲𐌹𐌻𐌿𐌼 𐌾𐌰𐌷 𐌼𐌰𐌽𐌽𐌰𐌼."
I Corinthians,4,10,"𐍅𐌴𐌹𐍃 𐌳𐍅𐌰𐌻𐌰𐌹 𐌹𐌽 𐍇𐍂𐌹𐍃𐍄𐌰𐌿𐍃, 𐌹𐌸 𐌾𐌿𐍃 𐍆𐍂𐍉𐌳𐌰𐌹 𐌹𐌽 𐍇𐍂𐌹𐍃𐍄𐌰𐌿; 𐍅𐌴𐌹𐌶𐌿𐌸~𐌸𐌰𐌽 𐌿𐌽𐌼𐌰𐌷𐍄𐌴𐌹𐌲𐌰𐌹, 𐌹𐌸 𐌾𐌿𐍃 𐍃𐍅𐌹𐌽𐌸𐌰𐌹; 𐌾𐌿𐌶𐌿𐌸~𐌸𐌰𐌽 𐍅𐌿𐌻𐌸𐌰𐌲𐌰𐌹, 𐌹𐌸 𐍅𐌴𐌹𐍃 𐌿𐌽𐍃𐍅𐌴𐍂𐌰𐌹."
I Corinthians,4,11,𐌿𐌽𐌳 𐌸𐍉 𐌽𐌿 𐍈𐌴𐌹𐌻𐌰 𐌾𐌰𐌷 𐌷𐌿𐌲𐌲𐍂𐌹𐌳𐌰𐌹 𐌾𐌰𐌷 𐌸𐌰𐌿𐍂𐍃𐌹𐌳𐌰𐌹 𐌾𐌰𐌷 𐌽𐌰𐌵𐌰𐌳𐌰𐌹 𐌾𐌰𐌷 𐌺𐌰𐌿𐍀𐌰𐍄𐌹𐌳𐌰𐌹 𐌾𐌰𐌷 𐌿𐌽𐌲𐌰𐍃𐍄𐍉𐌸𐌰𐌹.
I Corinthians,4,12,𐌾𐌰𐌷....
I Corinthians,4,13,
I Corinthians,4,14,
I Corinthians,4,15,
I Corinthians,4,16,
I Corinthians,4,17,
I Corinthians,4,18,
I Corinthians,4,19,
I Corinthians,4,20,
I Corinthians,4,21,
I Corinthians,5,1,
I Corinthians,5,2,
I Corinthians,5,3,".... 𐌾𐌿 𐌲𐌰𐍃𐍄𐌰𐌿𐌹𐌳𐌰 𐍃𐍅𐌴 𐌰𐌽𐌳𐍅𐌰𐌹𐍂𐌸𐍃 𐌸𐌰𐌽𐌰 𐍃𐍅𐌰 𐌸𐌰𐍄𐌰 𐌲𐌰𐍄𐌰𐌿𐌾𐌰𐌽𐌳𐌰𐌽,"
I Corinthians,5,4,"𐌹𐌽 𐌽𐌰𐌼𐌹𐌽 𐍆𐍂𐌰𐌿𐌾𐌹𐌽𐍃 𐌿𐌽𐍃𐌰𐍂𐌹𐍃 𐌹𐌴𐍃𐌿𐌹𐍃 𐍇𐍂𐌹𐍃𐍄𐌰𐌿𐍃, 𐍃𐌰𐌼𐌰𐌸 𐌲𐌰𐌲𐌰𐌲𐌲𐌰𐌽𐌳𐌰𐌼 𐌹𐌶𐍅𐌹𐍃 𐌾𐌰𐌷 𐌼𐌴𐌹𐌽𐌰𐌼𐌼𐌰 𐌰𐌷𐌼𐌹𐌽, 𐌼𐌹𐌸 𐌼𐌰𐌷𐍄𐌰𐌹 𐍆𐍂𐌰𐌿𐌾𐌹𐌽𐍃 𐌿𐌽𐍃𐌰𐍂𐌹𐍃 𐌹𐌴𐍃𐌿𐌹𐍃 𐍇𐍂𐌹𐍃𐍄𐌰𐌿𐍃,"
I Corinthians,5,5,"𐌰𐍄𐌲𐌹𐌱𐌰𐌽 𐌸𐌰𐌽𐌰 𐍃𐍅𐌰𐌻𐌴𐌹𐌺𐌰𐌽𐌰 𐌿𐌽𐌷𐌿𐌻𐌸𐌹𐌽 𐌳𐌿 𐌵𐌹𐍃𐍄𐌴𐌹𐌽𐌰𐌹 𐌻𐌴𐌹𐌺𐌹𐍃, 𐌴𐌹 𐌰𐌷𐌼𐌰 𐌲𐌰𐌽𐌹𐍃𐌰𐌹 𐌹𐌽 𐌳𐌰𐌲𐌰 𐍆𐍂𐌰𐌿𐌾𐌹𐌽𐍃 𐌹𐌴𐍃𐌿𐌹𐍃."
I Corinthians,5,6,𐌽𐌹 𐌲𐍉𐌳𐌰 𐍃𐍉 𐍈𐍉𐍆𐍄𐌿𐌻𐌹 𐌹𐌶𐍅𐌰𐍂𐌰; 𐌽𐌹𐌿 𐍅𐌹𐍄𐌿𐌸 𐌸𐌰𐍄𐌴𐌹 𐌻𐌴𐌹𐍄𐌹𐌻 𐌱𐌴𐌹𐍃𐍄𐌹𐍃 𐌰𐌻𐌻𐌰𐌽𐌰 𐌳𐌰𐌹𐌲 𐌲𐌰𐌱𐌴𐌹𐍃𐍄𐌴𐌹𐌸?
I Corinthians,5,7,"𐌿𐍃𐌷𐍂𐌰𐌹𐌽𐌴𐌹𐌸 𐌸𐌰𐍄𐌰 𐍆𐌰𐌹𐍂𐌽𐌾𐍉 𐌱𐌴𐌹𐍃𐍄, 𐌴𐌹 𐍃𐌹𐌾𐌰𐌹𐌸 𐌽𐌹𐌿𐌾𐌹𐍃 𐌳𐌰𐌹𐌲𐍃, 𐍃𐍅𐌰𐍃𐍅𐌴 𐍃𐌹𐌾𐌰𐌹𐌸 𐌿𐌽𐌱𐌴𐌹𐍃𐍄𐌾𐍉𐌳𐌰𐌹; 𐌾𐌰𐌷 𐌰𐌿𐌺 𐍀𐌰𐍃𐌺𐌰 𐌿𐌽𐍃𐌰𐍂𐌰 𐌿𐍆𐍃𐌽𐌹𐌸𐌰𐌽𐍃 𐌹𐍃𐍄 𐍆𐌰𐌿𐍂 𐌿𐌽𐍃 𐍇𐍂𐌹𐍃𐍄𐌿𐍃."
I Corinthians,5,8,"𐌸𐌰𐌽𐌽𐌿 𐌳𐌿𐌻𐌸𐌾𐌰𐌼 𐌽𐌹 𐌹𐌽 𐌱𐌴𐌹𐍃𐍄𐌰 𐍆𐌰𐌹𐍂𐌽𐌾𐌰𐌼𐌼𐌰 𐌽𐌹𐌸~𐌸𐌰𐌽 𐌹𐌽 𐌱𐌴𐌹𐍃𐍄𐌰 𐌱𐌰𐌻𐍅𐌰𐍅𐌴𐍃𐌴𐌹𐌽𐍃 𐌾𐌰𐌷 𐌿𐌽𐍃𐌴𐌻𐌴𐌹𐌽𐍃, 𐌰𐌺 𐌹𐌽 𐌿𐌽𐌱𐌴𐌹𐍃𐍄𐌴𐌹𐌽 𐌿𐌽𐍅𐌰𐌼𐌼𐌴𐌹𐌽𐍃 𐌾𐌰𐍃~𐍃𐌿𐌽𐌾𐍉𐍃."
I Corinthians,5,9,"𐌲𐌰𐌼𐌴𐌻𐌹𐌳𐌰 𐌹𐌶𐍅𐌹𐍃 𐌰𐌽𐌰 𐌸𐌹𐌶𐌰𐌹 𐌰𐌹𐍀𐌹𐍃𐍄𐌰𐌿𐌻𐌴𐌹𐌽: 𐌽𐌹 𐌱𐌻𐌰𐌽𐌳𐌰𐌹𐌸 𐌹𐌶𐍅𐌹𐍃 𐌷𐍉𐍂𐌰𐌼,"
I Corinthians,5,10,"𐌽𐌹 𐌸𐌰𐌹𐌼 𐌷𐍉𐍂𐌰𐌼 𐌸𐌹𐍃 𐍆𐌰𐌹𐍂𐍈𐌰𐌿𐍃, 𐌰𐌹𐌸𐌸𐌰𐌿 [𐌾𐌰𐌱𐌰𐌹] 𐌸𐌰𐌹𐌼 𐍆𐌰𐌹𐌷𐌿𐍆𐍂𐌹𐌺𐌰𐌼 𐌾𐌰𐌷 𐍅𐌹𐌻𐍅𐌰𐌼 𐌰𐌹𐌸𐌸𐌰𐌿 𐌲𐌰𐌻𐌹𐌿𐌲𐌰𐌼 𐍃𐌺𐌰𐌻𐌺𐌹𐌽𐍉𐌽𐌳𐌰𐌼, 𐌿𐌽𐍄𐌴 𐍃𐌺𐌿𐌻𐌳𐌴𐌳𐌴𐌹𐌸 𐌸𐌰𐌽 𐌿𐍃 𐌸𐌰𐌼𐌼𐌰 𐍆𐌰𐌹𐍂𐍈𐌰𐌿 𐌿𐍃𐌲𐌰𐌲𐌲𐌰𐌽."
I Corinthians,5,11,"𐌹𐌸 𐌽𐌿 𐌲𐌰𐌼𐌴𐌻𐌹𐌳𐌰 𐌹𐌶𐍅𐌹𐍃 𐌽𐌹 𐌱𐌻𐌰𐌽𐌳𐌰𐌽, 𐌾𐌰𐌱𐌰𐌹 𐍈𐌰𐍃 𐌱𐍂𐍉𐌸𐌰𐍂 𐌽𐌰𐌼𐌽𐌹𐌳𐍃 𐍃𐌹𐌾𐌰𐌹 𐌷𐍉𐍂𐍃 𐌰𐌹𐌸𐌸𐌰𐌿 𐍆𐌰𐌹𐌷𐌿𐍆𐍂𐌹𐌺𐍃 𐌰𐌹𐌸𐌸𐌰𐌿 𐌲𐌰𐌻𐌹𐌿𐌲𐌰𐌼 𐍃𐌺𐌰𐌻𐌺𐌹𐌽𐍉𐌽𐌳𐍃 𐌰𐌹𐌸𐌸𐌰𐌿 𐌿𐌱𐌹𐌻𐍅𐌰𐌿𐍂𐌳𐍃 𐌰𐌹𐌸𐌸𐌰𐌿 𐌰𐍆𐌳𐍂𐌿𐌲𐌺𐌾𐌰 𐌰𐌹𐌸𐌸𐌰𐌿 𐍅𐌹𐌻𐍅𐌰, 𐌸𐌰𐌼𐌼𐌰 𐍃𐍅𐌰𐌻𐌴𐌹𐌺𐌰𐌼𐌼𐌰 𐌽𐌹 𐌼𐌹𐌸𐌼𐌰𐍄𐌾𐌰𐌽."
I Corinthians,5,12,𐍈𐌰 𐌼𐌹𐌺 𐌾𐌰𐌷 𐌸𐌰𐌽𐍃 𐌿𐍄𐌰 𐍃𐍄𐍉𐌾𐌰𐌽? 𐌽𐌹𐌿 𐌸𐌰𐌽𐍃 𐌹𐌽𐌽𐌰 𐌾𐌿𐍃 𐍃𐍄𐍉𐌾𐌹𐌸?
I Corinthians,5,13,𐌹𐌸 𐌸𐌰𐌽𐍃 𐌿𐍄𐌰 𐌲𐌿𐌸 𐍃𐍄𐍉𐌾𐌹𐌸. 𐌿𐍃𐌽𐌹𐌼𐌹𐌸 𐌸𐌰𐌽𐌰 𐌿𐌱𐌹𐌻𐌰𐌽 𐌿𐍃 𐌹𐌶𐍅𐌹𐍃 𐍃𐌹𐌻𐌱𐌰𐌼.
I Corinthians,6,1,"𐌲𐌰𐌳𐌰𐍂𐍃 𐍈𐌰𐍃 𐌹𐌶𐍅𐌰𐍂𐌰, 𐍅𐌹𐌸𐍂𐌰 𐌰𐌽𐌸𐌰𐍂𐌰𐌽𐌰 𐍃𐍄𐌰𐌿𐌰 𐌷𐌰𐌱𐌰𐌽𐌳𐍃 𐍃𐍄𐍉𐌾𐌰𐌽 𐍆𐍂𐌰𐌼 𐌹𐌽𐍅𐌹𐌽𐌳𐌰𐌹𐌼 𐌾𐌰𐌷 𐌽𐌹 𐍆𐍂𐌰𐌼...."
I Corinthians,6,2,
I Corinthians,6,3,
I Corinthians,6,4,
I Corinthians,6,5,
I Corinthians,6,6,
I Corinthians,6,7,
I Corinthians,6,8,
I Corinthians,6,9,
I Corinthians,6,10,
I Corinthians,6,11,
I Corinthians,6,12,
I Corinthians,6,13,
I Corinthians,6,14,
I Corinthians,6,15,
I Corinthians,6,16,
I Corinthians,6,17,
I Corinthians,6,18,
I Corinthians,6,19,
I Corinthians,6,20,
I Corinthians,7,1,
I Corinthians,7,2,
I Corinthians,7,3,
I Corinthians,7,4,
I Corinthians,7,5,".... 𐌹𐌶𐍅𐌰𐍂𐌰 𐌼𐌹𐍃𐍃𐍉, 𐌽𐌹𐌱𐌰 𐌸𐌰𐌿 𐌿𐍃 𐌲𐌰𐌵𐌹𐍃𐍃𐌰𐌹 𐍈𐍉 𐍈𐌴𐌹𐌻𐍉, 𐌴𐌹 𐌿𐌷𐍄𐌴𐌹𐌲𐌰𐌹 𐍃𐌹𐌾𐌰𐌹𐌸 𐍆𐌰𐍃𐍄𐌰𐌽 𐌾𐌰𐌷 𐌱𐌹𐌳𐌰𐌽; 𐌸𐌰𐌸𐍂𐍉𐌸~𐌸𐌰𐌽 𐍃𐌰𐌼𐌰𐌸 𐌲𐌰𐍅𐌰𐌽𐌳𐌾𐌰𐌹𐌸, 𐌴𐌹 𐌽𐌹 𐍆𐍂𐌰𐌹𐍃𐌰𐌹 𐌹𐌶𐍅𐌰𐍂𐌰 𐍃𐌰𐍄𐌰𐌽𐌰 𐌹𐌽 𐌿𐌽𐌲𐌰𐌷𐍉𐌱𐌰𐌹𐌽𐌰𐌹𐍃 𐌹𐌶𐍅𐌰𐍂𐌰𐌹𐌶𐍉𐍃."
I Corinthians,7,6,"𐌸𐌰𐍄𐌿𐌸~𐌸𐌰𐌽 𐌵𐌹𐌸𐌰 𐌲𐌰𐌺𐌿𐌽𐌽𐌰𐌽𐌳𐍃, 𐌽𐌹 𐌱𐌹 𐌷𐌰𐌹𐍄𐌾𐌰𐌹."
I Corinthians,7,7,"𐌹𐌸 𐍅𐌹𐌻𐌾𐌰𐌿 𐌰𐌻𐌻𐌰𐌽𐍃 𐌼𐌰𐌽𐍃 𐍅𐌹𐍃𐌰𐌽 𐍃𐍅𐌴 𐌼𐌹𐌺 𐍃𐌹𐌻𐌱𐌰𐌽; 𐌰𐌺𐌴𐌹 𐍈𐌰𐍂𐌾𐌹𐌶𐌿𐌷 𐍃𐍅𐌴𐍃𐌰 𐌲𐌹𐌱𐌰 𐌷𐌰𐌱𐌰𐌹𐌸 𐍆𐍂𐌰𐌼 𐌲𐌿𐌳𐌰, 𐍃𐌿𐌼𐍃 𐍃𐍅𐌰, 𐍃𐌿𐌼𐍃𐌿𐌷 𐍃𐍅𐌰."
I Corinthians,7,8,"𐌰𐌸𐌸𐌰𐌽 𐌵𐌹𐌸𐌰 𐌸𐌰𐌹𐌼 𐌿𐌽𐌵𐌴𐌽𐌹𐌳𐌰𐌼 𐌾𐌰𐌷 𐍅𐌹𐌳𐌿𐍅𐍉𐌼: 𐌲𐍉𐌸 𐌹𐍃𐍄 𐌹𐌼, 𐌾𐌰𐌱𐌰𐌹 𐍃𐌹𐌽𐌳 𐍃𐍅𐌴 𐌹𐌺."
I Corinthians,7,9,"𐌹𐌸 𐌾𐌰𐌱𐌰𐌹 𐌽𐌹 𐌲𐌰𐌷𐌰𐌱𐌰𐌹𐌽𐌰 𐍃𐌹𐌺, 𐌻𐌹𐌿𐌲𐌰𐌽𐌳𐌰𐌿; 𐌱𐌰𐍄𐌹𐌶𐍉 𐌹𐍃𐍄 𐌰𐌿𐌺 𐌻𐌹𐌿𐌲𐌰𐌽 𐌸𐌰𐌿 𐌹𐌽𐍄𐌿𐌽𐌳𐌽𐌰𐌽."
I Corinthians,7,10,"𐌹𐌸 𐌸𐌰𐌹𐌼 𐌻𐌹𐌿𐌲𐍉𐌼 𐌷𐌰𐍆𐍄𐌰𐌼 𐌰𐌽𐌰𐌱𐌹𐌿𐌳𐌰, 𐌽𐌹 𐌹𐌺, 𐌰𐌺 𐍆𐍂𐌰𐌿𐌾𐌰, 𐌵𐌴𐌽𐌰𐌹 𐍆𐌰𐌹𐍂𐍂𐌰 𐌰𐌱𐌹𐌽 𐌽𐌹 𐍃𐌺𐌰𐌹𐌳𐌰𐌽."
I Corinthians,7,11,"𐌹𐌸 𐌾𐌰𐌱𐌰𐌹 𐌲𐌰𐍃𐌺𐌰𐌹𐌳𐌽𐌰𐌹, 𐍅𐌹𐍃𐌰𐌽 𐌿𐌽𐌻𐌹𐌿𐌲𐌰𐌹𐌳𐌰[𐌹], 𐌰𐌹𐌸𐌸𐌰𐌿 𐌳𐌿 𐌰𐌱𐌹𐌽 𐍃𐌴𐌹𐌽𐌰𐌼𐌼𐌰 𐌰𐍆𐍄𐍂𐌰 𐌲𐌰𐌲𐌰𐍅𐌰𐌹𐍂𐌸𐌾𐌰𐌽, 𐌾𐌰𐌷 𐌰𐌱𐌰𐌽 𐌵𐌴𐌽 𐌽𐌹 𐍆𐍂𐌰𐌻𐌴𐍄𐌰𐌽."
I Corinthians,7,12,"𐌹𐌸 𐌸𐌰𐌹𐌼 𐌰𐌽𐌸𐌰𐍂𐌰𐌹𐌼 𐌹𐌺 𐌵𐌹𐌸𐌰, 𐌽𐌹 𐍆𐍂𐌰𐌿𐌾𐌰: 𐌾𐌰𐌱𐌰𐌹 𐍈𐌰𐍃 𐌱𐍂𐍉𐌸𐌰𐍂 𐌵𐌴𐌽 𐌰𐌹𐌲𐌹 𐌿𐌽𐌲𐌰𐌻𐌰𐌿𐌱𐌾𐌰𐌽𐌳𐌴𐌹𐌽, 𐌾𐌰𐌷 𐍃𐍉 𐌲𐌰𐍅𐌹𐌻𐌾𐌰 𐌹𐍃𐍄 𐌱𐌰𐌿𐌰𐌽 𐌼𐌹𐌸 𐌹𐌼𐌼𐌰, 𐌽𐌹 𐌰𐍆𐌻𐌴𐍄𐌰𐌹 𐌸𐍉 𐌵𐌴𐌽;"
I Corinthians,7,13,"𐌾𐌰𐌷 𐌵𐌴𐌽𐍃 𐍃𐍉𐌴𐌹 𐌰𐌹𐌲𐌹 𐌰𐌱𐌰𐌽 𐌿𐌽𐌲𐌰𐌻𐌰𐌿𐌱𐌾𐌰𐌽𐌳𐌰𐌽, 𐌾𐌰𐌷 𐍃𐌰 𐌲𐌰𐍅𐌹𐌻𐌾𐌰 𐌹𐍃𐍄 𐌱𐌰𐌿𐌰𐌽 𐌼𐌹𐌸 𐌹𐌶𐌰𐌹, 𐌽𐌹 𐌰𐍆𐌻𐌴𐍄𐌰𐌹 𐌸𐌰𐌽𐌰 𐌰𐌱𐌰𐌽."
I Corinthians,7,14,"𐍅𐌴𐌹𐌷𐌰𐌹𐌳𐌰 𐌹𐍃𐍄 𐌵𐌴𐌽𐍃 𐍃𐍉 𐌿𐌽𐌲𐌰𐌻𐌰𐌿𐌱𐌾𐌰𐌽𐌳𐌴𐌹 𐌹𐌽 𐌰𐌱𐌹𐌽, 𐌾𐌰𐌷 𐌲𐌰𐍅𐌴𐌹𐌷𐌰𐌹𐌳𐍃 𐌹𐍃𐍄 𐌰𐌱𐌰 𐍃𐌰 𐌿𐌽𐌲𐌰𐌻𐌰𐌿𐌱𐌾𐌰𐌽𐌳𐍃 𐌹𐌽 𐌵𐌴𐌽𐌰𐌹; 𐌰𐌹𐌸𐌸𐌰𐌿 𐌱𐌰𐍂𐌽𐌰 𐌹𐌶𐍅𐌰𐍂𐌰 𐌿𐌽𐌷𐍂𐌰𐌹𐌽𐌾𐌰 𐍅𐌴𐍃𐌴𐌹𐌽𐌰, 𐌹𐌸 𐌽𐌿 𐍅𐌴𐌹𐌷𐌰 𐍃𐌹𐌽𐌳."
I Corinthians,7,15,"𐌹𐌸 𐌾𐌰𐌱𐌰𐌹 𐍃𐌰 𐌿𐌽𐌲𐌰𐌻𐌰𐌿𐌱𐌾𐌰𐌽𐌳𐍃 𐍃𐌺𐌰𐌹𐌳𐌹𐌸 𐍃𐌹𐌺, 𐍃𐌺𐌰𐌹𐌳𐌰𐌹; 𐌽𐌹𐍃𐍄 𐌲𐌰𐌸𐌹𐍅𐌰𐌹𐌳𐍃 𐌱𐍂𐍉𐌸𐌰𐍂 𐌰𐌹𐌸𐌸𐌰𐌿 𐍃𐍅𐌹𐍃𐍄𐌰𐍂 𐌹𐌽 𐌸𐌰𐌹𐌼 𐍃𐍅𐌰𐌻𐌴𐌹𐌺𐌰𐌹𐌼; 𐌰𐌸𐌸𐌰𐌽 𐌹𐌽 𐌲𐌰𐍅𐌰𐌹𐍂𐌸𐌾𐌰 𐌻𐌰𐌸𐍉𐌳𐌰 𐌿𐌽𐍃 𐌲𐌿𐌸."
I Corinthians,7,16,"𐍈𐌰 𐌽𐌿𐌺~𐌺𐌰𐌽𐌽𐍄 𐌸𐌿, 𐌵𐌹𐌽𐍉[𐌽], 𐌴𐌹 𐌰𐌱𐌰𐌽 𐌲𐌰𐌽𐌰𐍃𐌾𐌰𐌹𐍃? 𐌰𐌹𐌸𐌸𐌰𐌿 𐍈𐌰 𐌺𐌰𐌽𐌽𐍄, 𐌲𐌿𐌼𐌰, 𐌸𐌰𐍄𐌴𐌹 𐌵𐌴𐌽 𐌸𐌴𐌹𐌽𐌰 𐌲𐌰𐌽𐌰𐍃𐌾𐌰𐌹𐍃?"
I Corinthians,7,17,"𐌽𐌹 𐌴𐌹, 𐍈𐌰𐍂𐌾𐌰𐌼𐌼𐌴𐌷 𐍃𐍅𐌰𐍃𐍅𐌴 𐌲𐌰𐌳𐌰𐌹𐌻𐌹𐌳𐌰 𐌲𐌿𐌸, 𐌰𐌹𐌽𐍈𐌰𐍂𐌾𐌰𐍄𐍉𐌷 𐍃𐍅𐌰𐍃𐍅𐌴 𐌲𐌰𐌻𐌰𐌸𐍉𐌳𐌰 𐌲𐌿𐌸, 𐍃𐍅𐌰 𐌲𐌰𐌲𐌲𐌰𐌹; 𐌾𐌰𐌷 𐍃𐍅𐌰 𐌹𐌽 𐌰𐌻𐌻𐌰𐌹𐌼 𐌰𐌹𐌺𐌺𐌻𐌴𐍃𐌾𐍉𐌼 𐌰𐌽𐌰𐌱𐌹𐌿𐌳𐌰."
I Corinthians,7,18,"𐌱𐌹𐌼𐌰𐌹𐍄𐌰𐌽𐍃 𐌲𐌰𐌻𐌰𐌸𐍉𐌳𐌰 𐍅𐌰𐍂𐌸 𐍈𐌰𐍃, 𐌽𐌹 𐌿𐍆𐍂𐌰𐌺𐌾𐌰𐌹; 𐌼𐌹𐌸 𐍆𐌰𐌿𐍂𐌰𐍆𐌹𐌻𐌻𐌾𐌰 𐌲𐌰𐌻𐌰𐌸𐍉𐌸𐍃 𐍅𐌰𐍂𐌸 𐍈𐌰𐍃, 𐌽𐌹 𐌱𐌹𐌼𐌰𐌹𐍄𐌰𐌹."
I Corinthians,7,19,"𐌸𐌰𐍄𐌰 𐌱𐌹𐌼𐌰𐌹𐍄 𐌽𐌹 𐍅𐌰𐌹𐌷𐍄𐍃 𐌹𐍃𐍄 𐌾𐌰𐌷 𐌸𐌰𐍄𐌰 𐍆𐌰𐌿𐍂𐌰𐍆𐌹𐌻𐌻𐌹 𐌽𐌹 𐍅𐌰𐌹𐌷𐍄𐍃 𐌹𐍃𐍄, 𐌰𐌺 𐍆𐌰𐍃𐍄𐌿𐌱𐌽𐌾𐌰 𐌰𐌽𐌰𐌱𐌿𐍃𐌽𐌴 𐌲𐌿𐌳𐌹𐍃."
I Corinthians,7,20,"𐍈𐌰𐍂𐌾𐌹𐌶𐌿𐌷 𐌹𐌽 𐌻𐌰𐌸𐍉𐌽𐌰𐌹 𐌸𐌹𐌶𐌰𐌹𐌴𐌹 𐌻𐌰𐌸𐍉𐌸𐍃 𐍅𐌰𐍃, 𐌹𐌽 𐌸𐌹𐌶𐌰𐌹 𐍃𐌹𐌾𐌰𐌹."
I Corinthians,7,21,"𐍃𐌺𐌰𐌻𐌺𐍃 𐌲𐌰𐌻𐌰𐌸𐍉𐌸𐍃 𐍅𐌰𐍃𐍄, 𐌽𐌹 𐌺𐌰𐍂𐍉𐍃; 𐌰𐌺𐌴𐌹 𐌸𐌰𐌿𐌷𐌾𐌰𐌱𐌰𐌹 𐌼𐌰𐌲𐍄 𐍆𐍂𐌴𐌹𐍃 𐍅𐌰𐌹𐍂𐌸𐌰𐌽, 𐌼𐌰𐌹𐍃 𐌱𐍂𐌿𐌺𐌴𐌹."
I Corinthians,7,22,"𐍃𐌰𐌴𐌹 𐌰𐌿𐌺 𐌹𐌽 𐍆𐍂𐌰𐌿𐌾𐌹𐌽 𐌷𐌰𐌹𐍄𐌰𐌽𐍃 𐌹𐍃𐍄 𐍃𐌺𐌰𐌻𐌺𐍃, 𐍆𐍂𐌰𐌻𐌴𐍄𐍃 𐍆𐍂𐌰𐌿𐌾𐌹𐌽𐍃 𐌹𐍃𐍄; 𐍃𐌰𐌼𐌰𐌻𐌴𐌹𐌺𐍉 𐍃𐌰𐌴𐌹 𐍆𐍂𐌴𐌹𐍃 𐌷𐌰𐌹𐍄𐌰𐌳𐌰, 𐍃𐌺𐌰𐌻𐌺𐍃 𐌹𐍃𐍄 𐍇𐍂𐌹𐍃𐍄𐌰𐌿𐍃."
I Corinthians,7,23,𐍅𐌰𐌹𐍂𐌸𐌰 𐌲𐌰𐌻𐌰𐌿𐌱𐌰𐌼𐌼𐌰 𐌿𐍃𐌱𐌰𐌿𐌷𐍄𐌰𐌹 𐍃𐌹𐌾𐌿𐌸; 𐌽𐌹 𐍅𐌰𐌹𐍂𐌸𐌰𐌹𐌸 𐍃𐌺𐌰𐌻𐌺𐍉𐍃 𐌼𐌰𐌽𐌽𐌰𐌼.
I Corinthians,7,24,"𐍈𐌰𐍂𐌾𐌹𐌶𐌿𐌷 𐌹𐌽 𐌸𐌰𐌼𐌼𐌴𐌹 𐌰𐍄𐌻𐌰𐌸𐍉𐌸𐍃 𐍅𐌰𐍃, 𐌱𐍂𐍉𐌸𐍂𐌾𐌿𐍃, 𐌹𐌽 𐌸𐌰𐌼𐌼𐌰 𐌲𐌰𐍃𐍄𐌰𐌽𐌳𐌰𐌹 𐌰𐍄 𐌲𐌿𐌳𐌰."
I Corinthians,7,25,𐌰𐌸𐌸𐌰𐌽 𐌱𐌹 𐌼𐌰𐌿𐌾𐍉𐍃 𐌰𐌽𐌰𐌱𐌿𐍃𐌽 𐍆𐍂𐌰𐌿𐌾𐌹𐌽𐍃 𐌽𐌹 𐌷𐌰𐌱𐌰; 𐌹𐌸 𐍂𐌰𐌲𐌹𐌽 𐌲𐌹𐌱𐌰 𐍃𐍅𐌴 𐌲𐌰𐌰𐍂𐌼𐌰𐌹𐌸𐍃 𐍆𐍂𐌰𐌼 𐍆𐍂𐌰𐌿𐌾𐌹𐌽 𐌳𐌿 𐍄𐍂𐌹𐌲𐌲𐍅𐍃 𐍅𐌹𐍃𐌰𐌽.
I Corinthians,7,26,"𐌼𐌰𐌽 𐌽𐌿 𐌸𐌰𐍄𐌰 𐌲𐍉𐌸 𐍅𐌹𐍃𐌰𐌽 𐌹𐌽 𐌸𐌹𐌶𐍉𐍃 𐌰𐌽𐌳𐍅𐌰𐌹𐍂𐌸𐍉𐌽𐍃 𐌸𐌰𐌿𐍂𐍆𐍄𐌰𐌹𐍃, 𐌸𐌰𐍄𐌴𐌹 𐌲𐍉𐌸 𐌹𐍃𐍄 𐌼𐌰𐌽𐌽 𐍃𐍅𐌰 𐍅𐌹𐍃𐌰𐌽:"
I Corinthians,7,27,"𐌲𐌰𐌱𐌿𐌽𐌳𐌰𐌽𐍃 𐌹𐍃 𐌵𐌴𐌽𐌰𐌹, 𐌽𐌹 𐍃𐍉𐌺𐌴𐌹 𐌻𐌰𐌿𐍃𐌾𐌰𐌽; 𐌲𐌰𐌻𐌰𐌿𐍃𐌹𐌸𐍃 𐌹𐍃 𐌵𐌴𐌽𐌰𐌹, 𐌽𐌹 𐍃𐍉𐌺𐌴𐌹 𐌵𐌴𐌽."
I Corinthians,7,28,"𐌰𐌸𐌸𐌰𐌽 𐌾𐌰𐌱𐌰𐌹 𐌽𐌹𐌼𐌹𐍃 𐌵𐌴𐌽, 𐌽𐌹 𐍆𐍂𐌰𐍅𐌰𐌿𐍂𐌷𐍄𐌴𐍃, 𐌾𐌰𐌷 𐌾𐌰𐌱𐌰𐌹 𐌻𐌹𐌿𐌲𐌰𐌳𐌰 𐌼𐌰𐍅𐌹, 𐌽𐌹 𐍆𐍂𐌰𐍅𐌰𐌿𐍂𐌷𐍄𐌰, 𐌹𐌸 𐌰𐌲𐌻𐍉𐌽 𐌻𐌴𐌹𐌺𐌹𐍃 𐌲𐌰𐍃𐍄𐌰𐌻𐌳𐌰𐌽𐌳 𐌸𐍉 𐍃𐍅𐌰𐌻𐌴𐌹𐌺𐌰. 𐌹𐌸 𐌹𐌺 𐌹𐌶𐍅𐌹𐍃 𐍆𐍂𐌴𐌹𐌳𐌾𐌰...."
I Corinthians,7,29,
I Corinthians,7,30,
I Corinthians,7,31,
I Corinthians,7,32,
I Corinthians,7,33,
I Corinthians,7,34,
I Corinthians,7,35,
I Corinthians,7,36,
I Corinthians,7,37,
I Corinthians,7,38,
I Corinthians,7,39,
I Corinthians,7,40,
I Corinthians,8,1,
I Corinthians,8,2,
I Corinthians,8,3,
I Corinthians,8,4,
I Corinthians,8,5,
I Corinthians,8,6,
I Corinthians,8,7,
I Corinthians,8,8,
I Corinthians,8,9,.... 𐍅𐌰𐌹𐍂𐌸𐌰𐌹 𐌸𐌰𐌹𐌼 𐌿𐌽𐌼𐌰𐌷𐍄𐌴𐌹𐌲𐌰𐌼.
I Corinthians,8,10,"𐌾𐌰𐌱𐌰𐌹 𐌰𐌿𐌺 𐍈𐌰𐍃 𐌲𐌰𐍃𐌰𐌹𐍈𐌹𐌸 𐌸𐌿𐌺 𐌸𐌰𐌽𐌰 𐌷𐌰𐌱𐌰𐌽𐌳𐌰𐌽 𐌺𐌿𐌽𐌸𐌹 𐌹𐌽 𐌲𐌰𐌻𐌹𐌿𐌲𐌴 𐍃𐍄𐌰𐌳𐌰 𐌰𐌽𐌰𐌺𐌿𐌼𐌱𐌾𐌰𐌽𐌳𐌰𐌽, 𐌽𐌹𐌿 𐌼𐌹𐌸𐍅𐌹𐍃𐍃𐌴𐌹 𐌹𐍃 𐍃𐌹𐌿𐌺𐌹𐍃 𐍅𐌹𐍃𐌰𐌽𐌳𐌹𐌽𐍃 𐍄𐌹𐌼𐍂𐌾𐌰𐌳𐌰 𐌳𐌿 𐌲𐌰𐌻𐌹𐌿𐌲𐌰𐌲𐌿𐌳𐌰𐌼 𐌲𐌰𐍃𐌰𐌻𐌹𐌸 𐌼𐌰𐍄𐌾𐌰𐌽?"
I Corinthians,8,11,𐍆𐍂𐌰𐌵𐌹𐍃𐍄𐌽𐌹𐌸 𐌰𐌿𐌺 𐍃𐌰 𐌿𐌽𐌼𐌰𐌷𐍄𐌴𐌹𐌲𐌰 𐌰𐌽𐌰 𐌸𐌴𐌹𐌽𐌰𐌼𐌼𐌰 𐍅𐌹𐍄𐌿𐌱𐌽𐌾𐌰 𐌱𐍂𐍉𐌸𐌰𐍂 𐌹𐌽 𐌸𐌹𐌶𐌴 𐍇𐍂𐌹𐍃𐍄𐌿𐍃 𐌲𐌰𐍃𐍅𐌰𐌻𐍄.
I Corinthians,8,12,"𐍃𐍅𐌰𐌸~𐌸𐌰𐌽 𐍆𐍂𐌰𐍅𐌰𐌿𐍂𐌺𐌾𐌰𐌽𐌳𐌰𐌽𐍃 𐍅𐌹𐌸𐍂𐌰 𐌱𐍂𐍉𐌸𐍂𐌿𐌽𐍃, 𐍃𐌻𐌰𐌷𐌰𐌽𐌳𐌰𐌽𐍃 𐌹𐌶𐌴 𐌲𐌰𐌷𐌿𐌲𐌳 𐍃𐌹𐌿𐌺𐌰, 𐌳𐌿 𐍇𐍂𐌹𐍃𐍄𐌰𐌿 𐍆𐍂𐌰𐍅𐌰𐌿𐍂𐌺𐌴𐌹𐌸."
I Corinthians,8,13,"𐌳𐌿𐌸𐌸𐌴 𐌾𐌰𐌱𐌰𐌹 𐌼𐌰𐍄𐍃 𐌲𐌰𐌼𐌰𐍂𐌶𐌴𐌹𐌸 𐌱𐍂𐍉𐌸𐌰𐍂, 𐌽𐌹 𐌼𐌰𐍄𐌾𐌰 𐌼𐌹𐌼𐌶 𐌰𐌹𐍅, 𐌴𐌹 𐌽𐌹 𐌲𐌰𐌼𐌰𐍂𐌶𐌾𐌰𐌿 𐌱𐍂𐍉𐌸𐌰𐍂 𐌼𐌴𐌹𐌽𐌰𐌽𐌰."
I Corinthians,9,1,𐌽𐌹𐌿 𐌹𐌼 𐌰𐍀𐌰𐌿𐍃𐍄𐌰𐌿𐌻𐌿𐍃? 𐌽𐌹𐌿 𐌹𐌼 𐍆𐍂𐌴𐌹𐍃? 𐌽𐌹𐌿 𐌹𐌴𐍃𐌿 𐍇𐍂𐌹𐍃𐍄𐌰𐌿 𐍆𐍂𐌰𐌿𐌾𐌰𐌽 𐌿𐌽𐍃𐌰𐍂𐌰𐌽𐌰 𐍃𐌰𐍈? 𐌽𐌹𐌿 𐍅𐌰𐌿𐍂𐍃𐍄𐍅 𐌼𐌴𐌹𐌽𐌰𐍄𐌰 𐌾𐌿𐍃 𐍃𐌹𐌾𐌿𐌸 𐌹𐌽 𐍆𐍂𐌰𐌿𐌾𐌹𐌽?
I Corinthians,9,2,"𐌾𐌰𐌱𐌰𐌹 𐌰𐌽𐌸𐌰𐍂𐌰𐌹𐌼 𐌽𐌹 𐌹𐌼 𐌰𐍀𐌰𐌿𐍃𐍄𐌰𐌿𐌻𐌿𐍃, 𐌰𐌹𐌸𐌸𐌰𐌿 𐌹𐌶𐍅𐌹𐍃 𐌹𐌼; 𐌿𐌽𐍄𐌴 𐍃𐌹𐌲𐌻𐌾𐍉 𐌼𐌴𐌹𐌽𐌰𐌹𐌶𐍉𐍃 𐌰𐍀𐌰𐌿𐍃𐍄𐌰𐌿𐌻𐌴𐌹𐌽𐍃 𐌾𐌿𐍃 𐍃𐌹𐌾𐌿𐌸."
I Corinthians,9,3,𐌼𐌴𐌹𐌽𐌰 𐌰𐌽𐌳𐌰𐌷𐌰𐍆𐍄𐍃 𐍅𐌹𐌸𐍂𐌰 𐌸𐌰𐌽𐍃 𐌼𐌹𐌺 𐌿𐍃𐍃𐍉𐌺𐌾𐌰𐌽𐌳𐌰𐌽𐍃 𐌸𐌰𐍄~𐌹𐍃𐍄.
I Corinthians,9,4,𐌹𐌱𐌰𐌹 𐌽𐌹 𐌷𐌰𐌱𐌰𐌼 𐍅𐌰𐌻𐌳𐌿𐍆𐌽𐌹 𐌼𐌰𐍄𐌾𐌰𐌽 𐌾𐌰𐌷 𐌳𐍂𐌹𐌲𐌺𐌰𐌽?
I Corinthians,9,5,"𐌹𐌱𐌰𐌹 𐌽𐌹 𐌷𐌰𐌱𐌰𐌼 𐍅𐌰𐌻𐌳𐌿𐍆𐌽𐌹 𐍃𐍅𐌹𐍃𐍄𐌰𐍂 𐌵𐌹𐌽𐍉𐌽 𐌱𐌹𐍄𐌹𐌿𐌷𐌰𐌽, 𐍃𐍅𐌰𐍃𐍅𐌴 𐌸𐌰𐌹 𐌰𐌽𐌸𐌰𐍂𐌰𐌹 𐌰𐍀𐌰𐌿𐍃𐍄𐌰𐌿𐌻𐌴𐌹𐍃 𐌾𐌰𐌷 𐌱𐍂𐍉𐌸𐍂𐌾𐌿𐍃 𐍆𐍂𐌰𐌿𐌾𐌹𐌽𐍃 𐌾𐌰𐌷 𐌺𐌴𐍆𐌰𐍃?"
I Corinthians,9,6,𐌸𐌰𐌿 𐌰𐌹𐌽𐌶𐌿 𐌹𐌺 𐌾𐌰𐌷 𐌱𐌰𐍂𐌽𐌰𐌱𐌰𐍃 𐌽𐌹 𐌷𐌰𐌱𐍉𐍃 𐍅𐌰𐌻𐌳𐌿𐍆𐌽𐌹 𐌳𐌿 𐌽𐌹 𐍅𐌰𐌿𐍂𐌺𐌾𐌰𐌽?
I Corinthians,9,7,𐍈𐌰𐍃 𐌳𐍂𐌰𐌿𐌷𐍄𐌹𐌽𐍉𐌸 𐍃𐍅𐌴𐍃𐌰𐌹𐌼 𐌰𐌽𐌽𐍉𐌼 𐍈𐌰𐌽? 𐍈𐌰𐍃 𐍃𐌰𐍄𐌾𐌹𐌸 𐍅𐌴𐌹𐌽𐌰𐍄𐍂𐌹𐍅𐌰 𐌾𐌰𐌷 𐌰𐌺𐍂𐌰𐌽 𐌸𐌹𐌶𐌴 𐌽𐌹 𐌼𐌰𐍄𐌾𐌰𐌹? 𐍈𐌰𐍃 𐌷𐌰𐌻𐌳𐌹𐌸 𐌰𐍅𐌴𐌸𐌹 𐌾𐌰𐌷 𐌼𐌹𐌻𐌿𐌺𐍃 𐌸𐌹𐍃 𐌰𐍅𐌴𐌸𐌾𐌹𐍃 𐌽𐌹 𐌼𐌰𐍄𐌾𐌰𐌹?
I Corinthians,9,8,"𐌹𐌱𐌰𐌹 𐌱𐌹 𐌼𐌰𐌽𐌽𐌰𐌼 𐌸𐌰𐍄𐌰 𐌵𐌹𐌸𐌰, 𐌰𐌹𐌸𐌸𐌰𐌿 𐌾𐌰𐌷 𐍅𐌹𐍄𐍉𐌸 𐌸𐌰𐍄𐌰 𐌵𐌹𐌸𐌹𐌸?"
I Corinthians,9,9,𐌹𐌽 𐍅𐌹𐍄𐍉𐌳𐌰 𐌰𐌿𐌺 𐌼𐍉𐍃𐌴𐌶𐌹𐍃 𐌲𐌰𐌼𐌴𐌻𐌹𐌸 𐌹𐍃𐍄: 𐌽𐌹 𐍆𐌰𐌿𐍂𐌼𐌿𐌻𐌾𐌰𐌹𐍃 𐌰𐌿𐌷𐍃𐌰𐌿 𐌸𐍂𐌹𐍃𐌺𐌰𐌽𐌳𐌰𐌽. 𐌽𐌹 𐌸𐌰𐍄𐌴𐌹 𐌱𐌹 𐌰𐌿𐌷𐍃𐌿𐌼 𐌿𐍃....
I Corinthians,9,10,
I Corinthians,9,11,
I Corinthians,9,12,
I Corinthians,9,13,
I Corinthians,9,14,
I Corinthians,9,15,
I Corinthians,9,16,
I Corinthians,9,17,
I Corinthians,9,18,
I Corinthians,9,19,.... 𐌴𐌹 𐌼𐌰𐌽𐌰𐌲𐌹𐌶𐌰𐌽𐍃 𐌲𐌰𐌲𐌴𐌹𐌲𐌰𐌹𐌳𐌴𐌳𐌾𐌰𐌿.
I Corinthians,9,20,"𐌾𐌰𐌷 𐍅𐌰𐍂𐌸 𐌹𐌿𐌳𐌰𐌹𐌿𐌼 𐍃𐍅𐌴 𐌾𐌿𐌳𐌰𐌹𐌿𐍃, 𐌴𐌹 𐌾𐌿𐌳𐌰𐌹𐌿𐌽𐍃 𐌲𐌰𐌲𐌴𐌹𐌲𐌰𐌹𐌳𐌰𐌿; 𐌸𐌰𐌹𐌼 𐌿𐍆 𐍅𐌹𐍄𐍉𐌳𐌰 𐍃𐍅𐌴 𐌿𐍆 𐍅𐌹𐍄𐍉𐌳𐌰, 𐌽𐌹 𐍅𐌹𐍃𐌰𐌽𐌳𐍃 𐍃𐌹𐌻𐌱𐌰 𐌿𐍆 𐍅𐌹𐍄𐍉𐌳𐌰, 𐌰𐌺 𐌿𐍆 𐌰𐌽𐍃𐍄𐌰𐌹, 𐌴𐌹 𐌸𐌰𐌽𐍃 𐌿𐍆 𐍅𐌹𐍄𐍉𐌳𐌰 𐌲𐌰𐌲𐌴𐌹𐌲[𐌲]𐌰𐌹𐌳𐌴𐌳𐌾𐌰𐌿;"
I Corinthians,9,21,"𐌸𐌰𐌹𐌼 𐍅𐌹𐍄𐍉𐌳𐌰𐌻𐌰𐌿𐍃𐌰𐌼 𐍃𐍅𐌴 𐍅𐌹𐍄𐍉𐌳𐌰𐌻𐌰𐌿𐍃, 𐌽𐌹 𐍅𐌹𐍃𐌰𐌽𐌳𐍃 𐍅𐌹𐍄𐍉𐌳𐌹𐍃 𐌻𐌰𐌿𐍃 𐌲𐌿𐌳𐌹𐍃, 𐌰𐌺 𐌹𐌽𐍅𐌹𐍄𐍉𐌸 𐍇𐍂𐌹𐍃𐍄𐌰𐌿𐍃, 𐌴𐌹 𐌲𐌰𐌲𐌴𐌹𐌲[𐌲]𐌰𐌿 𐍅𐌹𐍄𐍉𐌳𐌰𐌻𐌰𐌿𐍃𐌰𐌽𐍃."
I Corinthians,9,22,"𐍅𐌰𐍃 𐌸𐌰𐌹𐌼 𐌿𐌽𐌼𐌰𐌷𐍄𐌴𐌹𐌲𐌰𐌼 𐍃𐍅𐌴 𐌿𐌽𐌼𐌰𐌷𐍄𐌴𐌹𐌲𐍃, 𐌴𐌹 𐌿𐌽𐌼𐌰𐌷𐍄𐌴𐌹𐌲𐌰𐌽𐍃 𐌲𐌰𐌲𐌴𐌹𐌲[𐌲]𐌰𐌹𐌳𐌴𐌳𐌾𐌰𐌿; 𐌰𐌻𐌻𐌰𐌹𐌼 𐍅𐌰𐍃 𐌰𐌻𐌻, 𐌴𐌹 𐍈𐌰𐌹𐍅𐌰 𐍃𐌿𐌼𐌰𐌽𐍃 𐌲𐌰𐌽𐌰𐍃𐌾𐌰𐌿."
I Corinthians,9,23,"𐌸𐌰𐍄𐌿𐌸~𐌸𐌰𐌽 𐍄𐌰𐌿𐌾𐌰 𐌹𐌽 𐌰𐌹𐍅𐌰𐌲𐌲𐌴𐌻𐌾𐌹𐍃, 𐌴𐌹 𐌲𐌰𐌳𐌰𐌹𐌻𐌰 𐌹𐍃 𐍅𐌰𐌹𐍂𐌸𐌰𐌿."
I Corinthians,9,24,"𐌽𐌹𐌿 𐍅𐌹𐍄𐌿𐌸 𐌸𐌰𐍄𐌴𐌹 𐌸𐌰𐌹 𐌹𐌽 𐍃𐍀𐌰𐌿𐍂𐌳 𐍂𐌹𐌽𐌽𐌰𐌽𐌳𐌰𐌽𐍃 𐌰𐌻𐌻𐌰𐌹 𐍂𐌹𐌽𐌽𐌰𐌽𐌳, 𐌹𐌸 𐌰𐌹𐌽𐍃 𐌽𐌹𐌼𐌹𐌸 𐍃𐌹𐌲𐌹𐍃𐌻𐌰𐌿𐌽? 𐍃𐍅𐌰 𐍂𐌹𐌽𐌽𐌰𐌹𐌸, 𐌴𐌹 𐌲𐌰𐍂𐌹𐌽𐌽𐌰𐌹𐌸."
I Corinthians,9,25,"𐌹𐌸 𐍈𐌰𐌶𐌿𐌷 𐍃𐌰𐌴𐌹 𐌷𐌰𐌹𐍆𐍃𐍄𐌾𐌰𐌽 𐍃𐌽𐌹𐍅𐌹𐌸, 𐌰𐌻𐌻𐌹𐍃 𐍃𐌹𐌺 𐌲𐌰𐌸𐌰𐍂𐌱𐌹𐌸; 𐌰𐌸𐌸𐌰𐌽 𐌴𐌹𐍃, 𐌴𐌹 𐍂𐌹𐌿𐍂𐌾𐌰𐌽𐌰 𐍅𐌰𐌹𐍀 𐌽𐌹𐌼𐌰𐌹𐌽𐌰, 𐌹𐌸 𐍅𐌴𐌹𐍃 𐌿𐌽𐍂𐌹𐌿𐍂𐌾𐌰𐌽𐌰."
I Corinthians,9,26,"𐌰𐌸𐌸𐌰𐌽 𐌹𐌺 𐌽𐌿 𐍃𐍅𐌰 𐍂𐌹𐌽𐌽𐌰, 𐌽𐌹 𐌳𐌿 𐌿𐌽𐍅𐌹𐍃𐌰𐌼𐌼𐌰; 𐍃𐍅𐌰 𐌾𐌹𐌿𐌺𐌰, 𐌽𐌹 𐍃𐍅𐌴 𐌻𐌿𐍆𐍄𐌿 𐌱𐌻𐌹𐌲𐌲𐍅𐌰𐌽𐌳𐍃;"
I Corinthians,9,27,"𐌰𐌺 𐌻𐌴𐌹𐌺 𐌼𐌴𐌹𐌽 𐍅𐌻𐌹𐌶𐌾𐌰 𐌾𐌰𐌷 𐌰𐌽𐌰𐌸𐌹𐍅𐌰, 𐌹𐌱𐌰𐌹 𐌰𐌽𐌸𐌰𐍂𐌰𐌹𐌼 𐌼𐌴𐍂𐌾𐌰𐌽𐌳𐍃 𐍃𐌹𐌻𐌱𐌰 𐌿𐍃𐌺𐌿𐍃𐌰𐌽𐍃 𐍅𐌰𐌹𐍂𐌸𐌰𐌿."
I Corinthians,10,1,"𐌽𐌹 𐍅𐌹𐌻𐌾𐌰𐌿 𐌹𐌶𐍅𐌹𐍃 𐌿𐌽𐍅𐌹𐍄𐌰𐌽𐍃, 𐌱𐍂𐍉𐌸𐍂𐌾𐌿𐍃, 𐌸𐌰𐍄𐌴𐌹 𐌰𐍄𐍄𐌰𐌽𐍃 𐌿𐌽𐍃𐌰𐍂𐌰𐌹 𐌰𐌻𐌻𐌰𐌹 𐌿𐍆 𐌼𐌹𐌻𐌷𐌼𐌹𐌽 𐍅𐌴𐍃𐌿𐌽, 𐌾𐌰𐌷 𐌰𐌻𐌻𐌰𐌹 𐌼𐌰𐍂𐌴𐌹𐌽 𐌸𐌰𐌹𐍂𐌷𐌹𐌳𐌳𐌾𐌴𐌳𐌿𐌽,"
I Corinthians,10,2,"𐌾𐌰𐌷 𐌰𐌻𐌻𐌰𐌹 𐌹𐌽 𐌼𐍉𐍃𐌴 𐌳𐌰𐌿𐍀𐌹𐌳𐌰𐌹 𐍅𐌴𐍃𐌿𐌽, 𐌹𐌽 𐌼𐌹𐌻𐌷𐌼𐌹𐌽 𐌾𐌰𐌷 𐌹𐌽 𐌼𐌰𐍂𐌴𐌹𐌽,"
I Corinthians,10,3,"𐌾𐌰𐌷 𐌰𐌻𐌻𐌰𐌹 𐌸𐌰𐌽𐌰 𐍃𐌰𐌼𐌰𐌽 𐌼𐌰𐍄 𐌰𐌷𐌼𐌴𐌹𐌽𐌰𐌽 𐌼𐌰𐍄𐌹𐌳𐌴𐌳𐌿𐌽,"
I Corinthians,10,4,𐌾𐌰𐌷 𐌸𐌰𐍄𐌰 𐍃𐌰𐌼𐍉 𐌳𐍂𐌰𐌲𐌺 𐌰𐌷𐌼𐌴𐌹𐌽𐍉 𐌳𐍂𐌿𐌲𐌺𐌿𐌽....
I Corinthians,10,5,
I Corinthians,10,6,
I Corinthians,10,7,
I Corinthians,10,8,
I Corinthians,10,9,
I Corinthians,10,10,
I Corinthians,10,11,
I Corinthians,10,12,
I Corinthians,10,13,
I Corinthians,10,14,
I Corinthians,10,15,.... (𐍆𐍂𐍉)𐌳𐌰𐌹𐌼 𐌵𐌹𐌸𐌰; 𐌳𐍉𐌼𐌴𐌹𐌸 𐌾𐌿𐍃 𐌸𐌰𐍄𐌴𐌹 𐌵𐌹𐌸𐌰.
I Corinthians,10,16,"𐍃𐍄𐌹𐌺𐌻𐍃 𐌸𐌹𐌿𐌸𐌹𐌵𐌹𐍃𐍃𐌰𐌹𐍃 𐌸𐌰𐌽𐌴𐌹 𐌲𐌰𐍅𐌴𐌹𐌷𐌰𐌼, 𐌽𐌹𐌿 𐌲𐌰𐌼𐌰𐌹𐌽𐌳𐌿𐌸𐍃 𐌱𐌻𐍉𐌸𐌹𐍃 𐍆𐍂𐌰𐌿𐌾𐌹𐌽𐍃 𐌹𐍃𐍄? 𐌷𐌻𐌰𐌹𐍆𐍃 𐌸𐌰𐌽𐌴𐌹 𐌱𐍂𐌹𐌺𐌰𐌼, 𐌽𐌹𐌿 𐌲𐌰𐌼𐌰𐌹𐌽𐌳𐌿𐌸𐍃 𐌻𐌴𐌹𐌺𐌹𐍃 𐍆𐍂𐌰𐌿𐌾𐌹𐌽𐍃 𐌹𐍃𐍄?"
I Corinthians,10,17,"𐌿𐌽𐍄𐌴 𐌰𐌹𐌽𐍃 𐌷𐌻𐌰𐌹𐍆𐍃, 𐌰𐌹𐌽 𐌻𐌴𐌹𐌺 𐌸𐌰𐌹 𐌼𐌰𐌽𐌰𐌲𐌰𐌽𐍃 𐍃𐌹𐌿𐌼, 𐌸𐌰𐌹𐌴𐌹 𐌰𐌿𐌺 𐌰𐌻𐌻𐌰𐌹 𐌰𐌹𐌽𐌹𐍃 𐌷𐌻𐌰𐌹𐌱𐌹𐍃 𐌾𐌰𐌷 𐌰𐌹𐌽𐌹𐍃 𐍃𐍄𐌹𐌺𐌻𐌹𐍃 𐌱𐍂𐌿𐌺𐌾𐌰𐌼."
I Corinthians,10,18,𐍃𐌰𐌹𐍈𐌹𐌸 𐌹𐍃𐍂𐌰𐌴𐌻 𐌱𐌹 𐌻𐌴𐌹𐌺𐌰: 𐌽𐌹𐌿 𐌸𐌰𐌹 𐌼𐌰𐍄𐌾𐌰𐌽𐌳𐌰𐌽𐍃 𐌷𐌿𐌽𐍃𐌻𐌰 𐌲𐌰𐌼𐌰𐌹𐌽𐌾𐌰𐌽𐌳𐌰𐌽𐍃 𐌷𐌿𐌽𐍃𐌻𐌰𐍃𐍄𐌰𐌳𐌰 𐍃𐌹𐌽𐌳?
I Corinthians,10,19,𐍈𐌰 𐌽𐌿 𐌵𐌹𐌸𐌰𐌼? 𐌸𐌰𐍄𐌴𐌹 𐌸𐍉 𐌲𐌰𐌻𐌹𐌿𐌲𐌰𐌲𐌿𐌳𐌰 𐍈𐌰 𐍃𐌹𐌾𐌰𐌹𐌽𐌰 𐌰𐌹𐌸𐌸𐌰𐌿 𐌸𐌰𐍄𐌴𐌹 𐌲𐌰𐌻𐌹𐌿𐌲𐌰𐌼 𐍃𐌰𐌻𐌾𐌰𐌳𐌰 𐍈𐌰 𐍃𐌹𐌾𐌰𐌹?
I Corinthians,10,20,"[𐌽𐌹 𐌸𐌰𐍄𐌴𐌹 𐌸𐍉 𐌲𐌰𐌻𐌹𐌿𐌲𐌰𐌲𐌿𐌳𐌰 𐍅𐌰𐌹𐌷𐍄𐍃 𐍃𐌹𐌾𐌰𐌹𐌽𐌰,] 𐌰𐌺 𐌸𐌰𐍄𐌴𐌹 𐍃𐌰𐌻𐌾𐌰𐌽𐌳 𐌸𐌹𐌿𐌳𐍉𐍃, 𐍃𐌺𐍉𐌷𐍃𐌻𐌰𐌼 𐍃𐌰𐌻𐌾𐌰𐌽𐌳, 𐌾𐌰𐌽~𐌽𐌹 𐌲𐌿𐌳𐌰. 𐌽𐌹 𐍅𐌹𐌻𐌾𐌰𐌿 𐌰𐌿𐌺 𐌹𐌶𐍅𐌹𐍃 𐍃𐌺𐍉𐌷𐍃𐌻𐌰𐌼 𐌲𐌰𐌳𐌰𐌹𐌻𐌰𐌽𐍃 𐍅𐌰𐌹𐍂𐌸𐌰𐌽."
I Corinthians,10,21,𐌽𐌹 𐌼𐌰𐌲𐌿𐌸 𐍃𐍄𐌹𐌺𐌻 𐍆𐍂𐌰𐌿𐌾𐌹𐌽𐍃 𐌳𐍂𐌹𐌲𐌺𐌰𐌽 𐌾𐌰𐌷 𐍃𐍄𐌹𐌺𐌻 𐍃𐌺𐍉𐌷𐍃𐌻𐌴; 𐌽𐌹 𐌼𐌰𐌲𐌿𐌸 𐌱𐌹𐌿𐌳𐌹𐍃 𐍆𐍂𐌰𐌿𐌾𐌹𐌽𐍃 𐍆𐌰𐌹𐍂𐌰𐌹𐌷𐌰𐌽 𐌾𐌰𐌱~𐌱𐌹𐌿𐌳𐌹𐍃 𐍃𐌺𐍉𐌷𐍃𐌻𐌴.
I Corinthians,10,22,𐌸𐌰𐌿 𐌹𐌽𐌰𐌻𐌾𐌰𐌽𐍉𐌼 𐍆𐍂𐌰𐌿𐌾𐌹𐌽? 𐌹𐌱𐌰𐌹 𐍃𐍅𐌹𐌽𐌸𐍉𐌶𐌰𐌽𐍃 𐌹𐌼𐌼𐌰 𐍃𐌹𐌿𐌼?
I Corinthians,10,23,"𐌰𐌻𐌻 𐌱𐌹𐌽𐌰𐌷, 𐌰𐌺𐌴𐌹 𐌽𐌹 𐌰𐌻𐌻 𐌳𐌰𐌿𐌲; 𐌰𐌻𐌻 𐌼𐌹𐍃 𐌱𐌹𐌽𐌰𐌿𐌷𐍄 𐌹𐍃𐍄, 𐌰𐌺𐌴𐌹 𐌽𐌹 𐌰𐌻𐌻 𐍄𐌹𐌼𐍂𐌴𐌹𐌸."
I Corinthians,10,24,"𐌽𐌹 𐌰𐌹𐌽𐍃𐌷𐌿𐌽 𐍃𐌴𐌹𐌽 𐍃𐍉𐌺𐌾𐌰𐌹, 𐌰𐌺 𐌰𐌽𐌸𐌰𐍂𐌹𐍃 𐍈𐌰𐍂𐌾𐌹𐌶𐌿𐌷."
I Corinthians,10,25,"𐌰𐌻𐌻 𐌸𐌰𐍄𐌴𐌹 𐌰𐍄 𐍃𐌺𐌹𐌻𐌾𐌰𐌼 𐍆𐍂𐌰𐌱𐌿𐌲𐌾𐌰𐌹𐌳𐌰𐌿 𐌼𐌰𐍄𐌾𐌰𐌹𐌸, 𐌽𐌹 𐍅𐌰𐌹𐌷𐍄 𐌰𐌽𐌳𐌷𐍂𐌿𐍃𐌺𐌰𐌽𐌳𐌰𐌽𐍃 𐌹𐌽 𐌼𐌹𐌸𐍅𐌹𐍃𐍃𐌴𐌹𐌽𐍃."
I Corinthians,10,26,𐍆𐍂𐌰𐌿𐌾𐌹𐌽𐍃 𐌹𐍃𐍄 𐌰𐌿𐌺 𐌰𐌹𐍂𐌸𐌰 𐌾𐌰𐌷 𐍆𐌿𐌻𐌻𐍉 𐌹𐌶𐍉𐍃.
I Corinthians,10,27,"𐌹𐌸 𐌾𐌰𐌱𐌰𐌹 𐍈𐌰𐍃 𐌻𐌰𐌸𐍉 𐌹𐌶𐍅𐌹𐍃 𐌸𐌹𐌶𐌴 𐌿𐌽𐌲𐌰𐌻𐌰𐌿𐌱𐌾𐌰𐌽𐌳𐌰𐌽𐌴 𐌾𐌰𐌷 𐍅𐌹𐌻𐌴𐌹𐌸 𐌲𐌰𐌲𐌲𐌰𐌽, 𐌰𐌻𐌻 𐌸𐌰𐍄𐌴𐌹 𐍆𐌰𐌿𐍂𐌻𐌰𐌲𐌾𐌰𐌹𐌳𐌰𐌿 𐌹𐌶𐍅𐌹𐍃 𐌼𐌰𐍄𐌾𐌰𐌹𐌸, 𐌽𐌹 𐍅𐌰𐌹𐌷𐍄 𐌰𐌽𐌳𐍃𐌹𐍄𐌰𐌽𐌳𐌰𐌽𐍃 𐌱𐌹 𐌲𐌰𐌷𐌿𐌲𐌳𐌰𐌹."
I Corinthians,10,28,"𐌹𐌸 𐌾𐌰𐌱𐌰𐌹 𐍈𐌰𐍃 𐌵𐌹𐌸𐌰𐌹 𐌸𐌰𐍄𐌴𐌹 𐌲𐌰𐌻𐌹𐌿𐌲𐌰𐌼 𐌲𐌰𐍃𐌰𐌻𐌹𐌸 𐌹𐍃𐍄, 𐌽𐌹 𐌼𐌰𐍄𐌾𐌰𐌹𐌸 𐌹𐌽 𐌾𐌰(𐌹)𐌽𐌹𐍃 𐌸𐌹𐍃 𐌱𐌰𐌽𐌳𐍅𐌾𐌰𐌽𐌳𐌹𐌽𐍃 𐌾𐌰𐌷 𐌸𐌿𐌷𐍄𐌰: 𐍆𐍂𐌰𐌿𐌾𐌹𐌽𐍃 𐌹𐍃𐍄 𐌰𐌿𐌺 𐌰𐌹𐍂𐌸𐌰 𐌾𐌰𐌷 𐍆𐌿𐌻𐌻𐍉 𐌹𐌶𐍉𐍃;"
I Corinthians,10,29,"𐌸𐌿𐌷𐍄𐌿𐌸~𐌸𐌰𐌽 𐌵𐌹𐌸𐌰 𐌽𐌹 𐍃𐌹𐌻𐌱𐌹𐌽𐍃, 𐌰𐌺 𐌰𐌽𐌸𐌰𐍂𐌹𐍃. 𐌳𐌿𐍈𐌴 𐌰𐌿𐌺 𐍆𐍂𐌹𐌾𐌴𐌹 𐌼𐌴𐌹𐌽𐌰 𐍃𐍄𐍉𐌾𐌰𐌳𐌰 𐌸𐌰𐌹𐍂𐌷 𐌿𐌽𐌲𐌰𐌻𐌰𐌿𐌱𐌾𐌰𐌽𐌳𐌹𐌽𐍃 𐌸𐌿𐌷𐍄𐌿?"
I Corinthians,10,30,"𐌾𐌰𐌱𐌰𐌹 𐌹𐌺 𐌰𐌽𐍃𐍄𐌰𐌹 𐌰𐌽𐌳𐌽𐌹𐌼𐌰, 𐌳𐌿𐍈𐌴 𐌰𐌽𐌰𐌵𐌹𐌸𐌰𐌹𐌳𐌰𐌿 𐌹𐌽 𐌸𐌹𐌶𐌴 𐌹𐌺 𐌰𐍅𐌹𐌻𐌹𐌿𐌳𐍉?"
I Corinthians,10,31,"𐌾𐌰𐌸𐌸𐌴 𐌽𐌿 𐌼𐌰𐍄𐌾𐌰𐌹𐌸 𐌾𐌰𐌸𐌸𐌴 𐌳𐍂𐌹𐌲𐌺𐌰𐌹𐌸 𐌾𐌰𐌸𐌸𐌴 𐍈𐌰 𐍄𐌰𐌿𐌾𐌹𐌸, 𐌰𐌻𐌻𐌰𐍄𐌰 𐌳𐌿 𐍅𐌿𐌻𐌸𐌰𐌿 𐌲𐌿𐌳𐌹𐍃 𐍄𐌰𐌿𐌾𐌰𐌹𐌸."
I Corinthians,10,32,"𐌿𐌽𐌿𐍆𐌱𐍂𐌹𐌺𐌰𐌽𐌳𐌰𐌽𐍃 𐍃𐌹𐌾𐌰𐌹𐌸 𐌾𐌰𐌷 𐌹𐌿𐌳𐌰𐌹𐌿𐌼 𐌾𐌰𐌷 𐌸𐌹𐌿𐌳𐍉𐌼 𐌾𐌰𐌷 𐌰𐌹𐌺𐌺𐌻𐌴𐍃𐌾𐍉𐌽 𐌲𐌿𐌳𐌹𐍃,"
I Corinthians,10,33,"𐍃𐍅𐌰𐍃𐍅𐌴 𐌹𐌺 𐌰𐌻𐌻𐌰𐌹𐌼 𐌰𐌻𐌻 𐌻𐌴𐌹𐌺𐌰, 𐌽𐌹 𐍃𐍉𐌺𐌾𐌰𐌽𐌳𐍃 𐌸𐌰𐍄𐌴𐌹 𐌼𐌹𐍃 𐌱𐍂𐌿𐌺 𐍃𐌹𐌾𐌰𐌹, 𐌰𐌺 𐌸𐌰𐍄𐌴𐌹 𐌸𐌰𐌹𐌼 𐌼𐌰𐌽𐌰𐌲𐌰𐌼, 𐌴𐌹 𐌲𐌰𐌽𐌹𐍃𐌰𐌹𐌽𐌰."
I Corinthians,11,1,"𐌲𐌰𐌻𐌴𐌹𐌺𐍉𐌽𐌳𐌰𐌽𐍃 𐌼𐌴𐌹𐌽𐌰𐌹 𐍅𐌰𐌹𐍂𐌸𐌰𐌹𐌸, 𐍃𐍅𐌰𐍃𐍅𐌴 𐌹𐌺 𐍇𐍂𐌹𐍃𐍄𐌰𐌿𐍃."
I Corinthians,11,2,"𐌷𐌰𐌶𐌾𐌿𐌸~𐌸𐌰𐌽 𐌹𐌶𐍅𐌹𐍃, 𐌱𐍂𐍉𐌸𐍂𐌾𐌿𐍃, 𐌸𐌴𐌹 𐌰𐌻𐌻𐌰𐍄𐌰 𐌼𐌴𐌹𐌽 𐌲𐌰𐌼𐌿𐌽𐌰𐌽𐌳𐌰𐌽𐍃 𐍃𐌹𐌾𐌿𐌸, 𐌾𐌰𐍃~𐍃𐍅𐌰𐍃𐍅𐌴 𐌰𐌽𐌰𐍆𐌰𐌻𐌷 𐌹𐌶𐍅𐌹𐍃, 𐌰𐌽𐌰𐌱𐌿𐍃𐌽𐌹𐌽𐍃 𐌲𐌰𐍆𐌰𐍃𐍄𐌰𐌹𐌸."
I Corinthians,11,3,𐍅𐌹𐌻𐌾𐌰𐌿𐌸~𐌸𐌰𐌽 𐌹𐌶𐍅𐌹𐍃 𐍅𐌹𐍄𐌰𐌽 𐌸𐌰𐍄𐌴𐌹 𐌰𐌻𐌻𐌰𐌹𐌶𐌴 𐌰𐌱𐌽𐌴 𐌷𐌰𐌿𐌱𐌹𐌸 𐍇𐍂𐌹𐍃𐍄𐌿𐍃 𐌹𐍃𐍄; 𐌹𐌸 𐌷𐌰𐌿𐌱𐌹𐌸 𐌵𐌹𐌽𐍉𐌽𐍃 𐌰𐌱𐌰; 𐌹𐌸 𐌷𐌰𐌿𐌱𐌹𐌸 𐍇𐍂𐌹𐍃𐍄𐌰𐌿𐍃 𐌲𐌿𐌸.
I Corinthians,11,4,𐍈𐌰𐌶𐌿𐌷 𐌰𐌱𐌽𐌴 𐌱𐌹𐌳𐌾𐌰𐌽𐌳𐍃 𐌰𐌹𐌸𐌸𐌰𐌿 𐍀𐍂𐌰𐌿𐍆𐌴𐍄𐌾𐌰𐌽𐌳𐍃 𐌲𐌰𐌷𐌿𐌻𐌹𐌳𐌰𐌼𐌼𐌰 𐌷𐌰𐌿𐌱𐌹𐌳𐌰 𐌲𐌰𐌰𐌹𐍅𐌹𐍃𐌺𐍉𐌸 𐌷𐌰𐌿𐌱𐌹𐌸 𐍃𐌴𐌹𐌽.
I Corinthians,11,5,𐌹𐌸 𐍈𐍉𐌷 𐌵𐌹𐌽𐍉𐌽𐍉 𐌱𐌹𐌳𐌾𐌰𐌽𐌳𐌴𐌹 𐌰𐌹𐌸𐌸𐌰𐌿 𐍀𐍂𐌰𐌿𐍆𐌴𐍄𐌾𐌰𐌽𐌳𐌴𐌹 𐌰𐌽𐌳𐌷𐌿𐌻𐌹𐌳𐌰𐌼𐌼𐌰 𐌷𐌰𐌿𐌱𐌹𐌳𐌰 𐌲𐌰𐌰𐌹𐍅𐌹𐍃𐌺𐍉𐌸 𐌷𐌰𐌿𐌱𐌹𐌸 𐍃𐌴𐌹𐌽; 𐌰𐌹𐌽 𐌰𐌿𐌺 𐌹𐍃𐍄 𐌾𐌰𐌷 𐌸𐌰𐍄𐌰 𐍃𐌰𐌼𐍉 𐌸𐌹𐌶𐌰𐌹 𐌱𐌹𐍃𐌺𐌰𐌱𐌰𐌽𐍉𐌽.
I Corinthians,11,6,"𐌿𐌽𐍄𐌴 𐌾𐌰𐌱𐌰𐌹 𐌽𐌹 𐌷𐌿𐌻𐌾𐌰𐌹 𐍃𐌹𐌺 𐌵𐌹𐌽𐍉, 𐍃𐌺𐌰𐌱𐌰𐌹𐌳𐌰𐌿; 𐌹𐌸 𐌾𐌰𐌱𐌰𐌹 𐌰𐌲𐌻 𐌹𐍃𐍄 𐌵𐌹𐌽𐍉𐌽 𐌳𐌿 𐌺𐌰𐍀𐌹𐌻𐌻𐍉𐌽 𐌰𐌹𐌸𐌸𐌰𐌿 𐍃𐌺𐌰𐌱𐌰𐌽, 𐌲𐌰𐌷𐌿𐌻𐌾𐌰𐌹...."
I Corinthians,11,7,
I Corinthians,11,8,
I Corinthians,11,9,
I Corinthians,11,10,
I Corinthians,11,11,
I Corinthians,11,12,
I Corinthians,11,13,
I Corinthians,11,14,
I Corinthians,11,15,
I Corinthians,11,16,
I Corinthians,11,17,
I Corinthians,11,18,
I Corinthians,11,19,
I Corinthians,11,20,
I Corinthians,11,21,".... (𐍃𐌴𐌹𐌽𐌰𐌼)𐌼𐌰 𐍆𐌰𐌿𐍂𐍃𐌽𐌹𐍅𐌹𐌸 𐌳𐌿 𐌼𐌰𐍄𐌾𐌰𐌽, 𐌾𐌰𐌷 𐌸𐌰𐌽 𐍃𐌿𐌼𐍃 𐌲𐍂𐌴𐌳𐌰𐌲𐍃 𐍃𐌿𐌼𐌶𐌿𐌸~𐌸𐌰𐌽 𐌳𐍂𐌿𐌲𐌺𐌰𐌽𐍃 𐌹𐍃𐍄."
I Corinthians,11,22,"𐌹𐌱𐌰𐌹 𐌰𐌿𐌺 𐌲𐌰𐍂𐌳𐌹𐌽𐍃 𐌽𐌹 𐌷𐌰𐌱𐌰𐌹𐌸 𐌳𐌿 𐌼𐌰𐍄𐌾𐌰𐌽 𐌾𐌰𐌷 𐌳𐍂𐌹𐌲𐌺𐌰𐌽? 𐌸𐌰𐌿 𐌰𐌹𐌺𐌺𐌻𐌴𐍃𐌾𐍉𐌽 𐌲𐌿𐌳𐌹𐍃 𐍆𐍂𐌰𐌺𐌿𐌽𐌽𐌿𐌸, 𐌾𐌰𐌷 𐌲𐌰𐌰𐌹𐍅𐌹𐍃𐌺𐍉𐌸 𐌸𐌰𐌽𐍃 𐌿𐌽𐌷𐌰𐌱𐌰𐌽𐌳𐌰𐌽𐍃? 𐍈𐌰 𐌵𐌹𐌸𐌰𐌿 𐌹𐌶𐍅𐌹𐍃? 𐌷𐌰𐌶𐌾𐌰𐌿 𐌹𐌶𐍅𐌹𐍃? 𐌹𐌽 𐌸𐌰𐌼𐌼𐌰 𐌽𐌹 𐌷𐌰𐌶𐌾𐌰."
I Corinthians,11,23,"𐌿𐌽𐍄𐌴 𐌹𐌺 𐌰𐌽𐌳𐌽𐌰𐌼 𐌰𐍄 𐍆𐍂𐌰𐌿𐌾𐌹𐌽 𐌸𐌰𐍄𐌴𐌹 𐌾𐌰𐌷 𐌰𐌽𐌰𐍆𐌰𐌻𐌷 𐌹𐌶𐍅𐌹𐍃, 𐌸𐌰𐍄𐌴𐌹 𐍆𐍂𐌰𐌿𐌾𐌰 𐌹𐌴𐍃𐌿𐍃 𐌹𐌽 𐌸𐌹𐌶𐌰𐌹𐌴𐌹 𐌽𐌰𐌷𐍄 𐌲𐌰𐌻𐌴𐍅𐌹𐌸𐍃 𐍅𐌰𐍃, 𐌽𐌰𐌼 𐌷𐌻𐌰𐌹𐍆"
I Corinthians,11,24,"𐌾𐌰𐌷 𐌰𐍅𐌹𐌻𐌹𐌿𐌳𐍉𐌽𐌳𐍃 𐌲𐌰𐌱𐍂𐌰𐌺 𐌾𐌰𐌷 𐌵𐌰𐌸: 𐌽𐌹𐌼𐌹𐌸, 𐌼𐌰𐍄𐌾𐌹𐌸, 𐌸𐌰𐍄𐌰 𐌹𐍃𐍄 𐌻𐌴𐌹𐌺 𐌼𐌴𐌹𐌽, 𐌸𐌰𐍄𐌰 𐌹𐌽 𐌹𐌶𐍅𐌰𐍂𐌰 𐌲𐌰𐌱𐍂𐌿𐌺𐌰𐌽𐍉; 𐌸𐌰𐍄𐌰 𐍅𐌰𐌿𐍂𐌺𐌾𐌰𐌹𐌸 𐌳𐌿 𐌼𐌴𐌹𐌽𐌰𐌹 𐌲𐌰𐌼𐌿𐌽𐌳𐌰𐌹."
I Corinthians,11,25,"𐍃𐍅𐌰𐌷 𐍃𐌰𐌼𐌰𐌻𐌴𐌹𐌺𐍉 𐌾𐌰𐌷 𐍃𐍄𐌹𐌺𐌻 𐌰𐍆𐌰𐍂 𐌽𐌰𐌷𐍄𐌰𐌼𐌰𐍄 𐌵𐌹𐌸𐌰𐌽𐌳𐍃: 𐍃𐌰 𐍃𐍄𐌹𐌺𐌻𐍃 𐍃𐍉 𐌽𐌹𐌿𐌾𐍉 𐍄𐍂𐌹𐌲𐌲𐍅𐌰 𐌹𐍃𐍄 𐌹𐌽 𐌼𐌴𐌹𐌽𐌰𐌼𐌼𐌰 𐌱𐌻𐍉𐌸𐌰; 𐌸𐌰𐍄𐌰 𐍅𐌰𐌿𐍂𐌺𐌾𐌰𐌹𐌸, 𐍃𐍅𐌰 𐌿𐍆𐍄𐌰 𐍃𐍅𐌴 𐌳𐍂𐌹𐌲𐌺𐌰𐌹𐌸, 𐌳𐌿 𐌼𐌴𐌹𐌽𐌰𐌹 𐌲𐌰𐌼𐌿𐌽𐌳𐌰𐌹."
I Corinthians,11,26,"𐍃𐍅𐌰 𐌿𐍆𐍄𐌰 𐌰𐌿𐌺 𐍃𐍅𐌴 𐌼𐌰𐍄𐌾𐌰𐌹𐌸 𐌸𐌰𐌽𐌰 𐌷𐌻𐌰𐌹𐍆 𐌾𐌰𐌸~𐌸𐌰𐌽𐌰 𐍃𐍄𐌹𐌺𐌻 𐌳𐍂𐌹𐌲𐌺𐌰𐌹𐌸, 𐌳𐌰𐌿𐌸𐌰𐌿 𐍆𐍂𐌰𐌿𐌾𐌹𐌽𐍃 𐌲𐌰𐌺𐌰𐌽𐌽𐌾𐌰𐌹𐌸, 𐌿𐌽𐍄𐌴 𐌵𐌹𐌼𐌰𐌹."
I Corinthians,11,27,"𐌴𐌹𐌸𐌰𐌽 𐍈𐌰𐌶𐌿𐌷 𐍃𐌰𐌴𐌹 𐌼𐌰𐍄𐌾𐌹𐌸 𐌸𐌰𐌽𐌰 𐌷𐌻𐌰𐌹𐍆 𐌰𐌹𐌸𐌸𐌰𐌿 𐌳𐍂𐌹𐌲𐌺𐌰𐌹 𐌸𐌰𐌽𐌰 𐍃𐍄𐌹𐌺𐌻 𐍆𐍂𐌰𐌿𐌾𐌹𐌽𐍃 𐌿𐌽𐍅𐌰𐌹𐍂𐌸𐌰𐌱𐌰 𐍆𐍂𐌰𐌿𐌾𐌹𐌽𐍃, 𐍃𐌺𐌿𐌻𐌰 𐍅𐌰𐌹𐍂𐌸𐌹𐌸 𐌻𐌴𐌹𐌺𐌹𐍃 𐌾𐌰𐌷 𐌱𐌻𐍉𐌸𐌹𐍃 𐍆𐍂𐌰𐌿𐌾𐌹𐌽𐍃."
I Corinthians,11,28,𐌰𐌸𐌸𐌰𐌽 𐌲𐌰𐌺𐌹𐌿𐍃𐌰𐌹 𐍃𐌹𐌺 𐍃𐌹𐌻𐌱𐌰𐌽 𐌼𐌰𐌽𐌽𐌰 𐌾𐌰𐌷 𐍃𐍅𐌰 𐌸𐌹𐍃 𐌷𐌻𐌰𐌹𐌱𐌹𐍃 𐌼𐌰𐍄𐌾𐌰𐌹 𐌾𐌰𐌸~𐌸𐌹𐍃 𐍃𐍄𐌹𐌺𐌻𐌹𐍃 𐌳𐍂𐌹𐌲𐌺𐌰𐌹.
I Corinthians,11,29,"𐍃𐌰𐌴𐌹 𐌰𐌿𐌺 𐌼𐌰𐍄𐌾𐌹𐌸 𐌾𐌰𐌷 𐌳𐍂𐌹𐌲𐌺𐌹𐌸 𐌿𐌽𐍅𐌰𐌹𐍂𐌸𐌰𐌱𐌰, 𐍃𐍄𐌰𐌿𐌰 𐍃𐌹𐍃 𐍃𐌹𐌻𐌱𐌹𐌽 𐌼𐌰𐍄𐌾𐌹𐌸, 𐌽𐌹 𐌳𐍉𐌼𐌾𐌰𐌽𐌳𐍃 𐌻𐌴𐌹𐌺 𐍆𐍂𐌰𐌿𐌾𐌹𐌽𐍃."
I Corinthians,11,30,"𐌳𐌿𐌸𐌸𐌴 𐌹𐌽 𐌹𐌶𐍅𐌹𐍃 𐌼𐌰𐌽𐌰𐌲𐌰𐌹 𐍃𐌹𐌿𐌺𐌰𐌹 𐌾𐌰𐌷 𐌿𐌽𐌷𐌰𐌹𐌻𐌰𐌹, 𐌾𐌰𐌲~𐌲𐌰𐍃𐌻𐌴𐍀𐌰𐌽𐌳 𐌲𐌰𐌽𐍉𐌷𐌰𐌹."
I Corinthians,11,31,"𐌹𐌸 𐌾𐌰𐌱𐌰𐌹 𐍃𐌹𐌻𐌱𐌰𐌽𐍃 𐌿𐌽𐍃 𐍃𐍄𐌰𐌿𐌹𐌳𐌴𐌳𐌴𐌹𐌼𐌰, 𐌽𐌹 𐌸𐌰𐌿...."
I Corinthians,11,32,
I Corinthians,11,33,
I Corinthians,11,34,
I Corinthians,12,1,
I Corinthians,12,2,
I Corinthians,12,3,
I Corinthians,12,4,
I Corinthians,12,5,
I Corinthians,12,6,
I Corinthians,12,7,
I Corinthians,12,8,
I Corinthians,12,9,
I Corinthians,12,10,.... 𐍃𐌿𐌼𐌰𐌼𐌼𐌿𐌷 𐍃𐌺𐌴𐌹𐍂𐌴𐌹𐌽𐍃 𐍂𐌰𐌶𐌳𐍉.
I Corinthians,12,11,"𐌸𐌰𐍄𐌿𐌸~𐌸𐌰𐌽 𐌰𐌻𐌻 𐍅𐌰𐌿𐍂𐌺𐌴𐌹𐌸 𐌰𐌹𐌽𐍃 𐌾𐌰𐌷 𐍃𐌰 𐍃𐌰𐌼𐌰 𐌰𐌷𐌼𐌰, 𐌳𐌰𐌹𐌻𐌴𐌹𐌸 𐍃𐌿𐌽𐌳𐍂𐍉 𐍈𐌰𐍂𐌾𐌰𐌼𐌼𐌴𐌷 𐍃𐍅𐌰𐍃𐍅𐌴 𐍅𐌹𐌻𐌹."
I Corinthians,12,12,"𐍃𐍅𐌴 𐌻𐌴𐌹𐌺 𐍂𐌰𐌹𐌷𐍄𐌹𐍃 𐌰𐌹𐌽 𐌹𐍃𐍄, 𐌹𐌸 𐌻𐌹𐌸𐌿𐌽𐍃 𐌷𐌰𐌱𐌰𐌹𐌸 𐌼𐌰𐌽𐌰𐌲𐌰𐌽𐍃, 𐌸𐌰𐌹𐌸~𐌸𐌰𐌽 𐌻𐌹𐌸𐌾𐌿𐍃 𐌰𐌻𐌻𐌰𐌹 𐌿𐍃 𐌻𐌴𐌹𐌺𐌰 𐌸𐌰𐌼𐌼𐌰 𐌰𐌹𐌽𐌰𐌼𐌼𐌰, 𐌼𐌰𐌽𐌰𐌲𐌰𐌹 𐍅𐌹𐍃𐌰𐌽𐌳𐌰𐌽𐍃, 𐌰𐌹𐌽 𐌹𐍃𐍄 𐌻𐌴𐌹𐌺, 𐍃𐍅𐌰 𐌾𐌰𐌷 𐍇𐍂𐌹𐍃𐍄𐌿𐍃."
I Corinthians,12,13,"𐌾𐌰𐌷 𐌰𐌿𐌺 𐌹𐌽 𐌰𐌹𐌽𐌰𐌼𐌼𐌰 𐌰𐌷𐌼𐌹𐌽 𐍅𐌴𐌹𐍃 𐌰𐌻𐌻𐌰𐌹 𐌳𐌿 𐌰𐌹𐌽𐌰𐌼𐌼𐌰 𐌻𐌴𐌹𐌺𐌰 𐌳𐌰𐌿𐍀𐌹𐌳𐌰𐌹 𐍃𐌹𐌿𐌼, 𐌾𐌰𐌸𐌸𐌴 𐌾𐌿𐌳𐌰𐌹𐌴𐌹𐍃 𐌾𐌰𐌸𐌸𐌴 𐌸𐌹𐌿𐌳𐍉𐍃, 𐌾𐌰𐌸𐌸𐌴 𐍃𐌺𐌰𐌻𐌺𐍉𐍃 𐌾𐌰𐌸𐌸𐌴 𐍆𐍂𐌹𐌾𐌰𐌹, 𐌾𐌰𐌷 𐌰𐌻𐌻𐌰𐌹 𐌰𐌹𐌽𐌰𐌼𐌼𐌰 𐌰𐌷𐌼𐌹𐌽 𐌳𐍂𐌰𐌲𐌺𐌹𐌳𐌰𐌹 𐍃𐌹𐌾𐌿𐌼."
I Corinthians,12,14,"𐌾𐌰𐌸~𐌸𐌰𐌽 𐌻𐌴𐌹𐌺 𐌽𐌹𐍃𐍄 𐌰𐌹𐌽𐍃 𐌻𐌹𐌸𐌿𐍃, 𐌰𐌺 𐌼𐌰𐌽𐌰𐌲𐌰𐌹."
I Corinthians,12,15,"𐌾𐌰𐌱𐌰𐌹 𐌵𐌹𐌸𐌰𐌹 𐍆𐍉𐍄𐌿𐍃 𐌸𐌰𐍄𐌴𐌹 𐌽𐌹 𐌹𐌼 𐌷𐌰𐌽𐌳𐌿𐍃, 𐌽𐌹 𐌹𐌼 𐌸𐌹𐍃 𐌻𐌴𐌹𐌺𐌹𐍃, 𐌽𐌹𐌷 𐌰𐍄 𐌸𐌰𐌼𐌼𐌰 𐌻𐌴𐌹𐌺𐌰; 𐌽𐌹𐍃𐍄 𐌿𐍃 𐌸𐌰𐌼𐌼𐌰 𐌻𐌴𐌹𐌺𐌰?"
I Corinthians,12,16,"𐌾𐌰𐌱𐌰𐌹 𐌵𐌹𐌸𐌰𐌹 𐌰𐌿𐍃𐍉 𐌸𐌰𐍄𐌴𐌹 𐌽𐌹 𐌹𐌼 𐌰𐌿𐌲𐍉, 𐌽𐌹 𐌹𐌼 𐌸𐌹𐍃 𐌻𐌴𐌹𐌺𐌹𐍃, 𐌽𐌹 𐌰𐍄 𐌸𐌰𐌼𐌼𐌰 𐌻𐌴𐌹𐌺𐌰; 𐌽𐌹𐍃𐍄 𐌿𐍃 𐌸𐌰𐌼𐌼𐌰 𐌻𐌴𐌹𐌺𐌰?"
I Corinthians,12,17,"𐌾𐌰𐌱𐌰𐌹 𐌰𐌻𐌻 𐌻𐌴𐌹𐌺 𐌰𐌿𐌲𐍉, 𐍈𐌰𐍂 𐌷𐌻𐌹𐌿𐌼𐌰? 𐌾𐌰𐌱𐌰𐌹 𐌰𐌻𐌻 𐌷𐌻𐌹𐌿𐌼𐌰, 𐍈𐌰𐍂 𐌳𐌰𐌿𐌽𐍃?"
I Corinthians,12,18,"𐌹𐌸 𐌽𐌿 𐌲𐌿𐌸 𐌲𐌰𐍃𐌰𐍄𐌹𐌳𐌰 𐌻𐌹𐌸𐌿𐌽𐍃 𐌰𐌹𐌽𐍈𐌰𐍂𐌾𐌰𐌽𐍉𐌷 𐌹𐌶𐌴 𐌹𐌽 𐌻𐌴𐌹𐌺𐌰, 𐍃𐍅𐌰𐍃𐍅𐌴 𐍅𐌹𐌻𐌳𐌰."
I Corinthians,12,19,"𐌹𐌸 𐍅𐌴𐍃𐌴𐌹𐌽𐌰 𐌸𐍉 𐌰𐌻𐌻𐌰 𐌰𐌹𐌽𐍃 𐌻𐌹𐌸𐌿𐍃, 𐍈𐌰𐍂 𐌻𐌴𐌹𐌺?"
I Corinthians,12,20,"𐌹𐌸 𐌽𐌿 𐌼𐌰𐌽𐌰𐌲𐌰𐌹 𐌻𐌹𐌸𐌾𐌿𐍃, 𐌹𐌸 𐌰𐌹𐌽 𐌻𐌴𐌹𐌺."
I Corinthians,12,21,"𐌽𐌹𐌸~𐌸𐌰𐌽 𐌼𐌰𐌲 𐌰𐌿𐌲𐍉 𐌵𐌹𐌸𐌰𐌽 𐌳𐌿 𐌷𐌰𐌽𐌳𐌰𐌿: 𐌸𐌴𐌹𐌽𐌰 𐌽𐌹 𐌸𐌰𐍂𐍆, 𐌰𐌹𐌸𐌸𐌰𐌿 𐌰𐍆𐍄𐍂𐌰 𐌷𐌰𐌿𐌱𐌹𐌸 𐌳𐌿 𐍆𐍉𐍄𐌿𐌼: 𐌹𐌲𐌲𐌵𐌰𐍂𐌰 𐌽𐌹 𐌸𐌰𐍂𐍆;"
I Corinthians,12,22,"𐌰𐌺 𐍆𐌹𐌻𐌿 𐌼𐌰𐌹𐍃 𐌸𐌰𐌹𐌴(𐌹) 𐌸𐌿𐌲𐌺𐌾𐌰𐌽𐌳 𐌻𐌹𐌸𐌹𐍅𐌴 𐌻𐌴𐌹𐌺𐌹𐍃 𐌻𐌰𐍃𐌹𐍅𐍉𐍃𐍄𐌰𐌹 𐍅𐌹𐍃𐌰𐌽, 𐌸𐌰𐌿𐍂𐍆𐍄𐌰𐌹 𐍃𐌹𐌽(𐌳)...."
I Corinthians,12,23,
I Corinthians,12,24,
I Corinthians,12,25,
I Corinthians,12,26,
I Corinthians,12,27,
I Corinthians,12,28,
I Corinthians,12,29,
I Corinthians,12,30,
I Corinthians,12,31,
I Corinthians,13,1,.... 𐌰𐌹𐌸𐌸𐌰𐌿 𐌺𐌻𐌹𐍃𐌼𐍉 𐌺𐌻𐌹𐍃𐌼𐌾𐌰𐌽𐌳𐌴𐌹.
I Corinthians,13,2,"𐌾𐌰𐌷 𐌾𐌰𐌱𐌰𐌹 𐌷𐌰𐌱𐌰𐌿 𐍀𐍂𐌰𐌿𐍆𐌴𐍄𐌾𐌰𐌽𐍃 𐌾𐌰𐌷 𐍅𐌹𐍄𐌾𐌰𐌿 𐌰𐌻𐌻𐌰𐌹𐌶𐌴 𐍂𐌿𐌽𐍉𐍃 𐌾𐌰𐌷 𐌰𐌻𐌻 𐌺𐌿𐌽𐌸𐌹 𐌾𐌰𐌷 𐌷𐌰𐌱𐌰𐌿 𐌰𐌻𐌻𐌰 𐌲𐌰𐌻𐌰𐌿𐌱𐌴𐌹𐌽, 𐍃𐍅𐌰𐍃𐍅𐌴 𐍆𐌰𐌹𐍂𐌲𐌿𐌽𐌾𐌰 𐌼𐌹𐌸𐍃𐌰𐍄𐌾𐌰𐌿, 𐌹𐌸 𐍆𐍂𐌹𐌰𐌸𐍅𐌰 𐌽𐌹 𐌷𐌰𐌱𐌰𐌿, 𐌽𐌹 𐍅𐌰𐌹𐌷𐍄𐍃 𐌹𐌼."
I Corinthians,13,3,"𐌾𐌰𐌷 𐌾𐌰𐌱𐌰𐌹 𐍆𐍂𐌰𐌰𐍄𐌾𐌰𐌿 𐌰𐌻𐌻𐍉𐍃 𐌰𐌹𐌷𐍄𐌹𐌽𐍃 𐌼𐌴𐌹𐌽𐍉𐍃, 𐌾𐌰𐌷 𐌾𐌰𐌱𐌰𐌹 𐌰𐍄𐌲𐌹𐌱𐌰𐌿 𐌻𐌴𐌹𐌺 𐌼𐌴𐌹𐌽 𐌴𐌹 𐌲𐌰𐌱𐍂𐌰𐌽𐌽𐌾𐌰𐌹𐌳𐌰𐌿, 𐌹𐌸 𐍆𐍂𐌹𐌰𐌸𐍅𐌰 𐌷𐌰𐌱𐌰𐌿, 𐌽𐌹 𐍅𐌰𐌹𐌷𐍄 𐌱𐍉𐍄𐍉𐍃 𐌼𐌹𐍃 𐍄𐌰𐌿𐌾𐌰𐌿."
I Corinthians,13,4,"𐍆𐍂𐌹𐌰𐌸𐍅𐌰 𐌿𐍃𐌱𐌴𐌹𐍃𐌽𐌴𐌹𐌲𐌰 𐌹𐍃𐍄, 𐍃𐌴𐌻𐍃 𐌹𐍃𐍄: 𐍆𐍂𐌹𐌰𐌸𐍅𐌰 𐌽𐌹 𐌰𐌻𐌾𐌰𐌽𐍉𐌸; 𐍆𐍂𐌹𐌰𐌸𐍅𐌰 𐌽𐌹 𐍆𐌻𐌰𐌿𐍄𐌴𐌹𐌸, 𐌽𐌹 𐌿𐍆𐌱𐌻𐌴𐍃𐌰𐌳𐌰,"
I Corinthians,13,5,"𐌽𐌹 𐌰𐌹𐍅𐌹𐍃𐌺𐍉𐌸, 𐌽𐌹 𐍃𐍉𐌺𐌴𐌹𐌸 𐍃𐌴𐌹𐌽 𐌰𐌹𐌽, 𐌽𐌹 𐌹𐌽𐌲𐍂𐌰𐌼𐌾𐌰𐌳𐌰, 𐌽𐌹𐌷 𐌼𐌹𐍄𐍉𐌸 𐌿𐌱𐌹𐌻,"
I Corinthians,13,6,"𐌽𐌹𐌷 𐍆𐌰𐌲𐌹𐌽𐍉𐌸 𐌹𐌽𐍅𐌹𐌽𐌳𐌹𐌸𐌰𐌹, 𐌼𐌹𐌸𐍆𐌰𐌲𐌹𐌽𐍉𐌸 𐍃𐌿𐌽𐌾𐌰𐌹;"
I Corinthians,13,7,"𐌰𐌻𐌻𐌰𐍄𐌰 𐌸𐌿𐌻𐌰𐌹𐌸, 𐌰𐌻𐌻𐌰𐍄𐌰 𐌲𐌰𐌻𐌰𐌿𐌱𐌴𐌹𐌸, 𐌰𐌻𐌻 𐍅𐌴𐌽𐌴𐌹𐌸, 𐌰𐌻𐌻 𐌲𐌰𐌱𐌴𐌹𐌳𐌹𐌸."
I Corinthians,13,8,"𐍆𐍂𐌹𐌰𐌸𐍅𐌰 𐌰𐌹𐍅 𐌽𐌹 𐌲𐌰𐌳𐍂𐌹𐌿𐍃𐌹𐌸, 𐌹𐌸 𐌾𐌰𐌸𐌸𐌴 𐍀𐍂𐌰𐌿𐍆𐌴𐍄𐌾𐌰 𐌲𐌰𐍄𐌰𐌹𐍂𐌰𐌽𐌳𐌰 𐌾𐌰𐌸𐌸𐌴 𐍂𐌰𐌶𐌳𐍉𐍃 𐌲𐌰𐍈𐌴𐌹𐌻𐌰𐌽𐌳 𐌾𐌰𐌸𐌸𐌴 𐌺𐌿𐌽𐌸𐌹 𐌲𐌰𐍄𐌰𐌿𐍂𐌽𐌹𐌸."
I Corinthians,13,9,𐍃𐌿𐌼𐌰𐌽 𐌺𐌿𐌽𐌽𐌿𐌼 𐌾𐌰𐌷 𐍃𐌿𐌼𐌰𐌽 𐍀𐍂𐌰𐌿𐍆𐌴𐍄𐌾𐌰𐌼.
I Corinthians,13,10,"𐌱𐌹𐌸𐌴 𐌵𐌹𐌼𐌹𐌸 𐌸𐌰𐍄𐌴𐌹 𐌿𐍃𐍄𐌰𐌿𐌷𐌰𐌽 𐌹𐍃𐍄, 𐌲𐌰𐍄𐌰𐌿𐍂𐌽𐌹𐌸 𐌸𐌰𐍄𐌴𐌹 𐌿𐍃 𐌳𐌰𐌹𐌻𐌰𐌹 𐌹𐍃𐍄."
I Corinthians,13,11,"𐌹𐌸 𐌸𐌰𐌽 𐍅𐌰𐍃 𐌽𐌹𐌿𐌺𐌻𐌰𐌷𐍃, 𐍃𐍅𐌴 𐌽𐌹𐌿𐌺𐌻𐌰𐌷𐍃 𐍂𐍉𐌳𐌹𐌳𐌰, 𐍃𐍅𐌴 𐌽𐌹𐌿𐌺𐌻𐌰𐌷𐍃 𐍆𐍂𐍉𐌸, 𐍃𐍅𐌴 𐌽𐌹𐌿𐌺𐌻𐌰𐌷𐍃 𐌼𐌹𐍄𐍉𐌳𐌰; 𐌱𐌹𐌸𐌴 𐍅𐌰𐍂𐌸 𐍅𐌰𐌹𐍂, 𐌱𐌰𐍂𐌽𐌹𐍃𐌺𐌴𐌹𐌽𐍃 𐌰𐍆𐌻𐌰𐌲𐌹𐌳𐌰."
I Corinthians,13,12,"𐍃𐌰𐌹𐍈𐌰𐌼 𐌽𐌿 𐌸𐌰𐌹𐍂𐌷 𐍃𐌺𐌿𐌲𐌲𐍅𐌰𐌽 𐌹𐌽 𐍆𐍂𐌹𐍃𐌰𐌷𐍄𐌰𐌹, 𐌹𐌸 𐌸𐌰𐌽 𐌰𐌽𐌳𐍅𐌰𐌹𐍂𐌸𐌹 𐍅𐌹𐌸𐍂𐌰 𐌰𐌽𐌳𐍅𐌰𐌹𐍂𐌸𐌹; 𐌽𐌿 𐍅𐌰𐌹𐍄 𐌿𐍃 𐌳𐌰𐌹𐌻𐌰𐌹, 𐌹𐌸 𐌸𐌰𐌽 𐌿𐍆𐌺𐌿𐌽𐌽𐌰...."
I Corinthians,13,13,
I Corinthians,14,1,
I Corinthians,14,2,
I Corinthians,14,3,
I Corinthians,14,4,
I Corinthians,14,5,
I Corinthians,14,6,
I Corinthians,14,7,
I Corinthians,14,8,
I Corinthians,14,9,
I Corinthians,14,10,
I Corinthians,14,11,
I Corinthians,14,12,
I Corinthians,14,13,
I Corinthians,14,14,
I Corinthians,14,15,
I Corinthians,14,16,
I Corinthians,14,17,
I Corinthians,14,18,
I Corinthians,14,19,
I Corinthians,14,20,".... 𐌱𐌰𐍂𐌽𐌹𐍃𐌺𐌰𐌹 𐍃𐌹𐌾𐌰𐌹𐌸, 𐌴𐌹 𐍆𐍂𐌰𐌸𐌾𐌰𐌼 𐍆𐌿𐌻𐌻𐌰𐍅𐌴𐌹𐍃𐌰𐌹 𐍃𐌹𐌾𐌰𐌹𐌸."
I Corinthians,14,21,"𐌹𐌽 𐍅𐌹𐍄𐍉𐌳𐌰 𐌲𐌰𐌼𐌴𐌻𐌹𐌸 𐌹𐍃𐍄 𐌸𐌰𐍄𐌴𐌹 𐌹𐌽 𐌰𐌽𐌸𐌰𐍂𐌰𐌹𐌼 𐍂𐌰𐌶𐌳𐍉𐌼 𐌾𐌰𐌷 𐍅𐌰𐌹𐍂𐌹𐌻𐍉𐌼 𐌰𐌽𐌸𐌰𐍂𐌰𐌹𐌼 𐍂𐍉𐌳𐌾𐌰 𐌼𐌰𐌽𐌰𐌲𐌴𐌹𐌽 𐌸𐌹𐌶𐌰𐌹, 𐌾𐌰𐌽~𐌽𐌹 𐍃𐍅𐌰 𐌰𐌽𐌳𐌷𐌰𐌿𐍃𐌾𐌰𐌽𐌳 𐌼𐌹𐍃, 𐌵𐌹𐌸𐌹𐌸 𐍆𐍂𐌰𐌿𐌾𐌰."
I Corinthians,14,22,"𐍃𐍅𐌰𐌴𐌹 𐌽𐌿 𐍂𐌰𐌶𐌳𐍉𐍃 𐌳𐌿 𐌱𐌰𐌽𐌳𐍅𐌰𐌹 𐍃𐌹𐌽𐌳 𐌽𐌹 𐌸𐌰𐌹𐌼 𐌲𐌰𐌻𐌰𐌿𐌱𐌾𐌰𐌽𐌳𐌰𐌼, 𐌰𐌺 𐌸𐌰𐌹𐌼 𐌿𐌽𐌲𐌰𐌻𐌰𐌿𐌱𐌾𐌰𐌽𐌳𐌰𐌼; 𐌹𐌸 𐍀𐍂𐌰𐌿𐍆𐌴𐍄𐌾𐌰 𐌽𐌹 𐌸𐌰𐌹𐌼 𐌿𐌽𐌲𐌰𐌻𐌰𐌿𐌱𐌾𐌰𐌽𐌳𐌰𐌼, 𐌰𐌺 𐌸𐌰𐌹𐌼 𐌲𐌰𐌻𐌰𐌿𐌱𐌾𐌰𐌽𐌳𐌰𐌼."
I Corinthians,14,23,"𐌾𐌰𐌱𐌰𐌹 𐌲𐌰𐌵𐌹𐌼𐌹𐌸 𐌰𐌻𐌻𐌰 𐌰𐌹𐌺𐌺𐌻𐌴𐍃𐌾𐍉 𐍃𐌰𐌼𐌰𐌽𐌰 𐌾𐌰𐌷 𐍂𐍉𐌳𐌾𐌰𐌽𐌳 𐍂𐌰𐌶𐌳𐍉𐌼 𐌰𐌻𐌻𐌰𐌹, 𐌰𐍄𐌿𐌸~𐌸𐌰𐌽~𐌲𐌰𐌲𐌲𐌰𐌽𐌳 𐌹𐌽𐌽 𐌾𐌰𐌷 𐌿𐌽𐍅𐌴𐌹𐍃𐌰𐌹 𐌰𐌹𐌸𐌸𐌰𐌿 𐌿𐌽𐌲𐌰𐌻𐌰𐌿𐌱𐌾𐌰𐌽𐌳𐌰𐌽𐍃, 𐌽𐌹𐌿 𐌵𐌹𐌸𐌰𐌽𐌳 𐌸𐌰𐍄𐌴𐌹 𐌳𐍅𐌰𐌻𐌼𐍉𐌸?"
I Corinthians,14,24,"𐌹𐌸 𐌾𐌰𐌱𐌰𐌹 𐌰𐌻𐌻𐌰𐌹 𐍀𐍂𐌰𐌿𐍆𐌴𐍄𐌾𐌰𐌽𐌳, 𐌹𐌸 𐌹𐌽𐌽𐌰𐍄𐌲𐌰𐌲𐌲𐌰𐌹 𐍈𐌰𐍃 𐌿𐌽𐌲𐌰𐌻𐌰𐌿𐌱𐌾𐌰𐌽𐌳𐍃 𐌰𐌹𐌸𐌸𐌰𐌿 𐌿𐌽𐍅𐌴𐌹𐍃, 𐌲𐌰𐍃𐌰𐌺𐌰𐌳𐌰 𐍆𐍂𐌰𐌼 𐌰𐌻𐌻𐌰𐌹𐌼, 𐌿𐍃𐍃𐍉𐌺𐌾𐌰𐌳𐌰 𐍆𐍂𐌰𐌼 𐌰𐌻𐌻𐌰𐌹𐌼,"
I Corinthians,14,25,"𐌸𐍉 𐌰𐌽𐌰𐌻𐌰𐌿𐌲𐌽𐌾𐍉𐌽𐌰 𐌷𐌰𐌹𐍂𐍄𐌹𐌽𐍃 𐌹𐍃 𐍃𐍅𐌹𐌺𐌿𐌽𐌸𐌰 𐍅𐌰𐌹𐍂𐌸𐌰𐌽𐌳, 𐌸𐌰𐌽𐌿𐌷 𐌳𐍂𐌹𐌿𐍃𐌰𐌽𐌳𐍃 𐌰𐌽𐌰 𐌰𐌽𐌳𐌰𐍅𐌻𐌴𐌹𐌶𐌽 𐌹𐌽𐍅𐌴𐌹𐍄𐌹𐌸 𐌲𐌿𐌸, 𐌲𐌰𐍄𐌴𐌹𐌷𐌰𐌽𐌳𐍃 𐌸𐌰𐍄𐌴𐌹 𐌱𐌹 𐍃𐌿𐌽𐌾𐌰𐌹 𐌲𐌿𐌸 𐌹𐌽 𐌹𐌶𐍅𐌹𐍃 𐌹𐍃𐍄."
I Corinthians,14,26,"𐍈𐌰 𐌽𐌿 𐌹𐍃𐍄, 𐌱𐍂𐍉𐌸𐍂𐌾𐌿𐍃? 𐌸𐌰𐌽 𐍃𐌰𐌼𐌰𐌸 𐌲𐌰𐍂𐌹𐌽𐌽𐌰𐌹𐌸, 𐍈𐌰𐍂𐌾𐌹𐌶𐌿𐌷 𐌹𐌶𐍅𐌰𐍂𐌰 𐍀𐍃𐌰𐌻𐌼𐍉𐌽 𐌷𐌰𐌱𐌰𐌹𐌸, 𐌻𐌰𐌹𐍃𐌴𐌹𐌽 𐌷𐌰𐌱𐌰𐌹𐌸, 𐌰𐌽𐌳𐌷𐌿𐌻𐌴𐌹𐌽 𐌷𐌰𐌱𐌰𐌹𐌸, 𐍂𐌰𐌶𐌳𐌰 𐌷𐌰𐌱𐌰𐌹𐌸, 𐍃𐌺𐌴𐍂𐌴𐌹𐌽 𐌷𐌰𐌱𐌰𐌹𐌸, 𐌰𐌻𐌻𐌰𐍄𐌰 𐌳𐌿 𐍄𐌹𐌼𐍂𐌴𐌹𐌽𐌰𐌹 𐍅𐌰𐌹𐍂𐌸𐌰𐌹."
I Corinthians,14,27,"𐌾𐌰𐌸𐌸𐌴 𐍂𐌰𐌶𐌳𐌰𐌹 𐍈𐌰𐍃 𐍂𐍉𐌳𐌾𐌰𐌹, 𐌱𐌹 𐍄𐍅𐌰𐌽𐍃 𐌰𐌹𐌸𐌸𐌰𐌿 𐌼𐌰𐌹𐍃𐍄 𐌸𐍂𐌹𐌽𐍃, 𐌾𐌰𐌷...."
I Corinthians,14,28,
I Corinthians,14,29,
I Corinthians,14,30,
I Corinthians,14,31,
I Corinthians,14,32,
I Corinthians,14,33,
I Corinthians,14,34,
I Corinthians,14,35,
I Corinthians,14,36,
I Corinthians,14,37,
I Corinthians,14,38,
I Corinthians,14,39,
I Corinthians,14,40,
I Corinthians,15,1,"𐌰𐌸𐌸𐌰𐌽 𐌺𐌰𐌽𐌽𐌾𐌰 𐌹𐌶𐍅𐌹𐍃, 𐌱𐍂𐍉𐌸𐍂𐌾𐌿𐍃, 𐌸𐌰𐍄𐌴𐌹 𐌰𐌹𐍅𐌰𐌲𐌲𐌴𐌻𐌹 𐌸𐌰𐍄𐌴𐌹 𐌼𐌴𐍂𐌹𐌳𐌰 𐌹𐌶𐍅𐌹𐍃, 𐌸𐌰𐍄𐌿𐌷 𐌾𐌰𐌷 𐌰𐌽𐌳𐌽𐌴𐌼𐌿𐌸, 𐌹𐌽 𐌸𐌰𐌼𐌼𐌴𐌹 𐌾𐌰𐌷 𐍃𐍄𐌰𐌽𐌳𐌹𐌸,"
I Corinthians,15,2,"𐌸𐌰𐌹𐍂𐌷 𐌸𐌰𐍄𐌴𐌹 𐌾𐌰𐌷 𐌲𐌰𐌽𐌹𐍃𐌹𐌸: 𐌹𐌽 𐍈𐍉 𐍃𐌰𐌿𐌸𐍉 𐍅𐌰𐌹𐌻𐌰𐌼𐌴𐍂𐌹𐌳𐌰 𐌹𐌶𐍅𐌹𐍃, 𐍃𐌺𐌿𐌻𐌿𐌸 𐌲𐌰𐌼𐌿𐌽𐌰𐌽, 𐌽𐌹𐌱𐌰 𐍃𐍅𐌰𐍂𐌴 𐌲𐌰𐌻𐌰𐌿𐌱𐌹𐌳𐌴𐌳𐌿𐌸."
I Corinthians,15,3,"𐌰𐍄𐌲𐌰𐍆 𐌰𐌿𐌺 𐌹𐌶𐍅𐌹𐍃 𐌹𐌽 𐍆𐍂𐌿𐌼𐌹𐍃𐍄𐌾𐌰𐌼 𐌸𐌰𐍄𐌴𐌹 𐌰𐌽𐌳𐌽𐌰𐌼, 𐌴𐌹 𐍇𐍂𐌹𐍃𐍄𐌿𐍃 𐌲𐌰𐍃𐍅𐌰𐌻𐍄 𐍆𐌰𐌿𐍂 𐍆𐍂𐌰𐍅𐌰𐌿𐍂𐌷𐍄𐌹𐌽𐍃 𐌿𐌽𐍃𐌰𐍂𐍉𐍃 𐌰𐍆𐌰𐍂 𐌱𐍉𐌺𐍉𐌼,"
I Corinthians,15,4,"𐌾𐌰𐌸~𐌸𐌰𐍄𐌴𐌹 𐌲𐌰𐌽𐌰𐍅𐌹𐍃𐍄𐍂𐍉𐌸𐍃 𐍅𐌰𐍃, 𐌾𐌰𐌸 𐌸𐌰𐍄𐌴𐌹 𐌿𐍂𐍂𐌰𐌹𐍃 𐌸𐍂𐌹𐌳𐌾𐌹𐌽 𐌳𐌰𐌲𐌰 𐌰𐍆𐌰𐍂 𐌱𐍉𐌺𐍉𐌼"
I Corinthians,15,5,"𐌾𐌰𐌸~𐌸𐌰𐍄𐌴𐌹 𐌰𐍄𐌰𐌿𐌲𐌹𐌳𐍃 𐌹𐍃𐍄 𐌺𐌴𐍆𐌹𐌽, 𐌾𐌰𐌷 𐌰𐍆𐌰𐍂 𐌸𐌰𐍄𐌰 𐌸𐌰𐌹𐌼 𐌰𐌹𐌽𐌻𐌹𐌱𐌹𐌼;"
I Corinthians,15,6,"𐌸𐌰𐌸𐍂𐍉𐌷 𐌲𐌰𐍃𐌰𐌹𐍈𐌰𐌽𐍃 𐌹𐍃𐍄 𐌼𐌰𐌽𐌰𐌲𐌹𐌶𐌰𐌼 𐌸𐌰𐌿 𐍆𐌹𐌼𐍆 𐌷𐌿𐌽𐌳𐌰𐌼 [𐍄𐌰𐌹𐌷𐌿𐌽𐍄𐌴𐍅𐌾𐌰𐌼] 𐌱𐍂𐍉𐌸𐍂𐌴 𐍃𐌿𐌽𐍃, 𐌸𐌹𐌶𐌴𐌴𐌹 𐌸𐌰𐌹 𐌼𐌰𐌽𐌰𐌲𐌹𐍃𐍄𐌰𐌽𐍃 𐍃𐌹𐌽𐌳 𐌿𐌽𐌳 𐌷𐌹𐍄𐌰, 𐍃𐌿𐌼𐌰𐌹𐌸~𐌸𐌰𐌽 𐌲𐌰𐍃𐌰𐌹𐌶𐌻𐌴𐍀𐌿𐌽."
I Corinthians,15,7,"𐌸𐌰𐌸𐍂𐍉𐌷 𐌸𐌰𐌽 𐌰𐍄𐌰𐌿𐌲𐌹𐌳𐌰 𐍃𐌹𐌺 𐌹𐌰𐌺𐍉𐌱𐌰𐌿, 𐌸𐌰𐌸𐍂𐍉𐌸~𐌸𐌰𐌽 𐌰𐍀𐌰𐌿𐍃𐍄𐌰𐌿𐌻𐌿𐌼 𐌰𐌻𐌻𐌰𐌹𐌼;"
I Corinthians,15,8,"𐌹𐌸 𐍃𐍀𐌴𐌳𐌹𐍃𐍄𐌰𐌼𐌼𐌰 𐌰𐌻𐌻𐌰𐌹𐌶𐌴, 𐍃𐍅𐌰𐍃𐍅𐌴 𐌿𐍃𐍅𐌰𐌿𐍂𐍀𐌰𐌹, 𐌰𐍄𐌰𐌿𐌲𐌹𐌳𐌰 𐍃𐌹𐌺 𐌾𐌰𐌷 𐌼𐌹𐍃."
I Corinthians,15,9,"𐌹𐌺 𐌰𐌿𐌺 𐌹𐌼 𐍃𐌰 𐍃𐌼𐌰𐌻𐌹𐍃𐍄𐌰 𐌰𐍀𐌰𐌿𐍃𐍄𐌰𐌿𐌻𐌴, 𐌹𐌺𐌴𐌹 𐌽𐌹 𐌹𐌼 𐍅𐌰𐌹𐍂𐌸𐍃 𐌴𐌹 𐌷𐌰𐌹𐍄𐌰𐌹𐌳𐌰𐌿 𐌰𐍀𐌰𐌿𐍃𐍄𐌰𐌿𐌻𐌿𐍃, 𐌳𐌿𐌸𐌴 𐌴𐌹 𐍅𐍂𐌰𐌺 𐌰𐌹𐌺𐌺𐌻𐌴𐍃𐌾𐍉𐌽 𐌲𐌿𐌳𐌹𐍃."
I Corinthians,15,10,"𐌰𐌸𐌸𐌰𐌽 𐌰𐌽𐍃𐍄𐌰𐌹 𐌲𐌿𐌳𐌹𐍃 𐌹𐌼 𐍃𐌰𐌴𐌹 𐌹𐌼, 𐌾𐌰𐍃~𐍃𐍉 𐌰𐌽𐍃𐍄𐍃 𐌹𐍃 𐌹𐌽 𐌼𐌹𐍃 𐌷𐌰𐌻𐌺𐌰 𐌽𐌹 𐍅𐌰𐍂𐌸, 𐌰𐌺 𐌼𐌰𐌽𐌰𐌲𐌹𐌶𐍉 𐌹𐌼 𐌰𐌻𐌻𐌰𐌹𐌼 [𐌰𐍂𐌱𐌰𐌹𐌳𐌹𐌳𐌰 𐌾𐌰𐌷] 𐌿𐍃𐌰𐌹𐍅𐌹𐌳𐌰, 𐌰𐌸𐌸𐌰𐌽 𐌽𐌹 𐌹𐌺, 𐌰𐌺 𐌰𐌽𐍃𐍄𐍃 𐌲𐌿𐌳𐌹𐍃 𐌼𐌹𐌸 𐌼𐌹𐍃."
I Corinthians,15,11,"𐌹𐌸 𐌾𐌰𐌸𐌸𐌴 𐌹𐌺 𐌾𐌰𐌸𐌸𐌴 𐌾𐌰𐌹𐌽𐌰𐌹, 𐍃𐍅𐌰 𐌼𐌴𐍂𐌾𐌰𐌼, 𐌾𐌰𐌷 𐍃𐍅𐌰 𐌲𐌰𐌻𐌰𐌿𐌱𐌹𐌳𐌴𐌳𐌿𐌸."
I Corinthians,15,12,"𐌸𐌰𐌽𐌳𐌴 𐌽𐌿 𐍇𐍂𐌹𐍃𐍄𐌿𐍃 𐌼𐌴𐍂𐌾𐌰𐌳𐌰 𐌸𐌰𐍄𐌴𐌹 𐌿𐍂𐍂𐌰𐌹𐍃 𐌿𐍃 𐌳𐌰𐌿𐌸𐌰𐌹𐌼, 𐍈𐌰𐌹𐍅𐌰 𐌵𐌹𐌸𐌰𐌽𐌳 𐍃𐌿𐌼𐌰𐌹 𐌹𐌽 𐌹𐌶𐍅𐌹𐍃 𐌸𐌰𐍄𐌴𐌹 𐌿𐍃𐍃𐍄𐌰𐍃𐍃 𐌳𐌰𐌿𐌸𐌰𐌹𐌼 𐌽𐌹𐍃𐍄?"
I Corinthians,15,13,"𐌹𐌸 𐌾𐌰𐌱𐌰𐌹 𐌿𐍃𐍃𐍄𐌰𐍃𐍃 𐌳𐌰𐌿𐌸𐌰𐌹𐌼 𐌽𐌹𐍃𐍄, 𐌽𐌹𐌷 𐍇𐍂𐌹𐍃𐍄𐌿𐍃 𐌿𐍂𐍂𐌰𐌹𐍃."
I Corinthians,15,14,"𐌰𐌸𐌸𐌰𐌽 𐌾𐌰𐌱𐌰𐌹 𐍇𐍂𐌹𐍃𐍄𐌿𐍃 𐌽𐌹 𐌿𐍂𐍂𐌰𐌹𐍃, 𐍃𐍅𐌰𐍂𐌴 𐌸𐌰𐌿 𐌾𐌰𐍃~𐍃𐍉 𐌼𐌴𐍂𐌴𐌹𐌽𐍃 𐌿𐌽𐍃𐌰𐍂𐌰, 𐌾𐌰𐌷 𐍃𐍉 𐌲𐌰𐌻𐌰𐌿𐌱𐌴𐌹𐌽𐍃 𐌿𐌽𐍃𐌰𐍂𐌰 𐌻𐌰𐌿𐍃𐌰."
I Corinthians,15,15,"𐌱𐌹𐌸~𐌸𐌰𐌽~𐌲𐌹𐍄𐌰𐌽𐌳𐌰 𐌲𐌰𐌻𐌹𐌿𐌲𐌰𐍅𐌴𐌹𐍄𐍅𐍉𐌳𐍃 𐌲𐌿𐌳𐌹𐍃, 𐌿𐌽𐍄𐌴 𐍅𐌴𐌹𐍄𐍅𐍉𐌳𐌹𐌳𐌴𐌳𐌿𐌼 𐌱𐌹 𐌲𐌿𐌸 𐌸𐌰𐍄𐌴𐌹 𐌿𐍂𐍂𐌰𐌹𐍃𐌹𐌳𐌰 𐍇𐍂𐌹𐍃𐍄𐌿, 𐌸𐌰𐌽𐌴𐌹 𐌽𐌹 𐌿𐍂𐍂𐌰𐌹𐍃𐌹𐌳𐌰."
I Corinthians,15,16,"𐌾𐌰𐌷 𐌾𐌰𐌱𐌰𐌹 𐌰𐌿𐌺 𐌳𐌰𐌿𐌸𐌰𐌽𐍃 𐌽𐌹 𐌿𐍂𐍂𐌴𐌹𐍃𐌰𐌽𐌳, 𐌽𐌹𐌷 𐍇𐍂𐌹𐍃𐍄𐌿𐍃 𐌿𐍂𐍂𐌰𐌹𐍃."
I Corinthians,15,17,"𐌹𐌸 𐌾𐌰𐌱𐌰𐌹 𐍇𐍂𐌹𐍃𐍄𐌿𐍃 𐌽𐌹 𐌿𐍂𐍂𐌰𐌹𐍃, 𐍃𐍅𐌰𐍂𐌴 𐌾𐌰𐌷 𐍃𐍉 𐌲𐌰𐌻𐌰𐌿𐌱𐌴𐌹𐌽𐍃 𐌹𐌶𐍅𐌰𐍂𐌰 𐌹𐍃𐍄; 𐌾𐌰𐌽~𐌽𐌰𐌿𐌷 𐍃𐌹𐌾𐌿𐌸 𐌹𐌽 𐍆𐍂𐌰𐍅𐌰𐌿𐍂𐌷𐍄𐌹𐌼 𐌹𐌶𐍅𐌰𐍂𐌰𐌹𐌼."
I Corinthians,15,18,𐌸𐌰𐌽𐌿𐌷 𐌾𐌰𐌸~𐌸𐌰𐌹 𐌲𐌰𐍃𐌻𐌴𐍀𐌰𐌽𐌳𐌰𐌽𐍃 𐌹𐌽 𐍇𐍂𐌹𐍃𐍄𐌰𐌿 𐍆𐍂𐌰𐌵𐌹𐍃𐍄𐌽𐍉𐌳𐌴𐌳𐌿𐌽.
I Corinthians,15,19,"𐌾𐌰𐌱𐌰𐌹 𐌹𐌽 𐌸𐌹𐌶𐌰𐌹 𐌻𐌹𐌱𐌰𐌹𐌽𐌰𐌹 [𐌰𐌹𐌽𐌰𐌹] 𐌹𐌽 𐍇𐍂𐌹𐍃𐍄𐌰𐌿 𐍅𐌴𐌽𐌾𐌰𐌽𐌳𐌰𐌽𐍃 𐍃𐌹𐌾𐌿𐌼 𐌸𐌰𐍄𐌰𐌹𐌽𐌴𐌹, 𐌰𐍂𐌼𐍉𐍃𐍄𐌰𐌹 𐍃𐌹𐌿𐌼 𐌰𐌻𐌻𐌰𐌹𐌶𐌴 𐌼𐌰𐌽𐌽𐌴."
I Corinthians,15,20,"𐌹𐌸 𐌽𐌿 [𐌸𐌰𐌽𐌳𐌴] 𐍇𐍂𐌹𐍃𐍄𐌿𐍃 𐌿𐍂𐍂𐌰𐌹𐍃 𐌿𐍃 𐌳𐌰𐌿𐌸𐌰𐌹𐌼, 𐌰𐌽𐌰𐍃𐍄𐍉𐌳𐌴𐌹𐌽𐍃 𐌲𐌰𐍃𐌻𐌴𐍀𐌰𐌽𐌳𐌰𐌽𐌴 𐍅𐌰𐌿𐍂𐌸𐌰𐌽𐍃;"
I Corinthians,15,21,"𐌿𐌽𐍄𐌴 𐌰𐌿𐌺 𐌸𐌰𐌹𐍂𐌷 𐌼𐌰𐌽𐌽𐌰𐌽 𐌳𐌰𐌿𐌸𐌿𐍃, 𐌾𐌰𐌷 𐌸𐌰𐌹𐍂𐌷 𐌼𐌰𐌽𐌽𐌰𐌽 𐌿𐍃𐍃𐍄𐌰𐍃𐍃 𐌳𐌰𐌿𐌸𐌰𐌹𐌶𐌴;"
I Corinthians,15,22,"𐌿𐌽𐍄𐌴 𐍃𐍅𐌰𐍃𐍅𐌴 𐌹𐌽 𐌰𐌳𐌰𐌼𐌰 𐌰𐌻𐌻𐌰𐌹 𐌲𐌰𐌳𐌰𐌿𐌸𐌽𐌰𐌽𐌳, 𐍃𐍅𐌰𐌷 𐌹𐌽 𐍇𐍂𐌹𐍃𐍄𐌰𐌿 𐌰𐌻𐌻𐌰𐌹 𐌲𐌰𐌵𐌹𐌿𐌽𐌰𐌽𐌳."
I Corinthians,15,23,"𐌰𐌸𐌸𐌰𐌽 𐍈𐌰𐍂𐌾𐌹𐌶𐌿𐌷 𐌹𐌽 𐍃𐌴𐌹𐌽𐌰𐌹 𐍄𐌴𐍅𐌰𐌹: 𐌰𐌽𐌰𐍃𐍄𐍉𐌳𐌴𐌹𐌽𐍃 𐍇𐍂𐌹𐍃𐍄𐌿𐍃, 𐌸𐌰𐌸𐍂𐍉𐌸~𐌸𐌰𐌽 𐌸𐌰𐌹 𐍇𐍂𐌹𐍃𐍄𐌰𐌿𐍃 [𐌸𐌰𐌹𐌴𐌹] 𐌹𐌽 𐌵𐌿𐌼𐌰 𐌹𐍃."
I Corinthians,15,24,"𐌸𐌰𐌸𐍂𐍉𐌸~𐌸𐌰𐌽 𐌰𐌽𐌳𐌴𐌹𐍃, 𐌸𐌰𐌽[𐌰] 𐌰𐌽𐌰𐍆𐌹𐌻𐌷𐌹𐌸 𐌸𐌹𐌿𐌳𐌹𐌽𐌰𐍃𐍃𐌿 𐌲𐌿𐌳𐌰 𐌾𐌰𐌷 𐌰𐍄𐍄𐌹𐌽, 𐌸𐌰𐌽 𐌲𐌰𐍄𐌰𐌹𐍂𐌹𐌸 𐌰𐌻𐌻 𐍂𐌴𐌹𐌺𐌾𐌹𐍃 𐌾𐌰𐌷 𐍅𐌰𐌻𐌳𐌿𐍆𐌽𐌾𐌹𐍃 𐌾𐌰𐌷 𐌼𐌰𐌷𐍄𐌰𐌹𐍃."
I Corinthians,15,25,𐍃𐌺𐌰𐌻 𐌰𐌿𐌺 𐌹𐍃 𐌸𐌹𐌿𐌳𐌰𐌽𐍉𐌽 𐌿𐌽𐌳 𐌸𐌰𐍄𐌴𐌹 𐌲𐌰𐌻𐌰𐌲𐌾𐌹𐌸 [𐌲𐌿𐌸] 𐌰𐌻𐌻𐌰𐌽𐍃 𐍆𐌹𐌾𐌰𐌽𐌳𐍃 𐌹𐍃 𐌿𐍆 𐍆𐍉𐍄𐌿𐌽𐍃 𐌹𐌼𐌼𐌰.
I Corinthians,15,26,𐌰𐌻𐌻𐌿𐌷 𐌰𐌿𐌺 𐌿𐍆𐌷𐌽𐌰𐌹𐍅𐌹𐌳𐌰 𐌿𐍆 𐍆𐍉𐍄𐌿𐌽𐍃 𐌹𐌼𐌼𐌰; 𐌰𐍆𐍄𐌿𐌼𐌹𐍃𐍄𐌰 𐍆𐌹𐌾𐌰𐌽𐌳𐍃 𐌲𐌰𐍄𐌰𐌹𐍂𐌰𐌳𐌰 𐌳𐌰𐌿𐌸𐌿𐍃.
I Corinthians,15,27,"𐌹𐌸 𐌱𐌹𐌸𐌴 𐌵𐌹𐌸𐌹𐌸: 𐌰𐌻𐌻𐌰 𐌿𐍆𐌷𐌽𐌰𐌹𐍅𐌹𐌳𐌰 𐍃𐌹𐌽𐌳, 𐌱𐌰𐌹𐍂𐌷𐍄 𐌸𐌰𐍄𐌴𐌹 𐌹𐌽𐌿 𐌸𐌰𐌽𐌰 𐌹𐌶𐌴𐌹 𐌿𐍆𐌷𐌽𐌰𐌹𐍅𐌹𐌳𐌰 𐌿𐍆 𐌹𐌽𐌰 𐌸𐍉 𐌰𐌻𐌻𐌰."
I Corinthians,15,28,"𐌸𐌰𐌽𐌿𐌷 𐌱𐌹𐌸𐌴 𐌰𐌻𐌻𐌰 𐌲𐌰𐌺𐌿𐌽𐌽𐌿𐌽 𐍃𐌹𐌺 𐍆𐌰𐌿𐍂𐌰 𐌹𐌼𐌼𐌰, 𐌸𐌰𐌽𐌿𐌸~𐌸𐌰𐌽 𐌹𐍃 𐍃𐌹𐌻𐌱𐌰 𐍃𐌿𐌽𐌿𐍃 𐌲𐌰𐌺𐌰𐌽𐌽 𐍃𐌹𐌺 𐍆𐌰𐌿𐍂𐌰 𐌸𐌰𐌼𐌼𐌰 𐌿𐍆𐌷𐌽𐌰𐌹𐍅𐌾𐌰𐌽𐌳𐌹𐌽 𐌿𐍆 𐌹𐌽𐌰 𐌸𐍉 𐌰𐌻𐌻𐌰, 𐌴𐌹 𐍃𐌹𐌾𐌰𐌹 𐌲𐌿𐌸 𐌰𐌻𐌻𐌰 𐌹𐌽 𐌰𐌻𐌻𐌰𐌹𐌼."
I Corinthians,15,29,"𐌰𐌹𐌸𐌸𐌰𐌿 𐍈𐌰 𐍅𐌰𐌿𐍂𐌺𐌾𐌰𐌽𐌳 𐌸𐌰𐌹 𐌳𐌰𐌿𐍀𐌾𐌰𐌽𐌳𐌰𐌽𐍃 𐍆𐌰𐌿𐍂 𐌳𐌰𐌿𐌸𐌰𐌽𐍃, 𐌾𐌰𐌱𐌰𐌹 𐌰𐌻𐌻𐌹𐍃 𐌳𐌰𐌿𐌸𐌰𐌽𐍃 𐌽𐌹 𐌿𐍂𐍂𐌴𐌹𐍃𐌰𐌽𐌳? 𐌳𐌿𐍈𐌴 𐌸𐌰𐌿 𐌳𐌰𐌿𐍀𐌾𐌰𐌽𐌳 𐍆𐌰𐌿𐍂 𐌹𐌽𐍃?"
I Corinthians,15,30,𐌳𐌿𐍈𐌴 𐌸𐌰𐌿 𐍅𐌴𐌹𐍃 𐌱𐌹𐍂𐌴𐌹𐌺𐌾𐌰𐌹 𐍃𐌹𐌾𐌿𐌼 𐍈𐌴𐌹𐌻𐍉 𐍈𐍉𐌷?
I Corinthians,15,31,"𐌳𐌰𐌲𐌰 𐍈𐌰𐌼𐌼𐌴𐌷 𐌲𐌰𐍃𐍅𐌹𐌻𐍄𐌰𐌽𐌳𐌰𐌽𐍃 𐌹𐌽 𐌹𐌶𐍅𐌰𐍂𐌰𐌹𐌶𐍉𐍃 𐍈𐍉𐍆𐍄𐌿𐌻𐌾𐍉𐍃, 𐌱𐍂𐍉𐌸𐍂𐌾𐌿𐍃, 𐌸𐍉𐌴𐌹 𐌷𐌰𐌱𐌰 𐌹𐌽 𐍇𐍂𐌹𐍃𐍄𐌰𐌿 𐌹𐌴𐍃𐌿 𐍆𐍂𐌰𐌿𐌾𐌹𐌽 𐌿𐌽𐍃𐌰𐍂𐌰𐌼𐌼𐌰."
I Corinthians,15,32,"𐌾𐌰𐌱𐌰𐌹 𐌱𐌹 𐌼𐌰𐌽𐌽𐌰(𐌼) 𐌳𐌿 𐌳𐌹𐌿𐌶𐌰𐌼 𐍅𐌰𐌹𐌷 𐌹𐌽 𐌰𐌹𐍆𐌰𐌹𐍃𐍉𐌽, 𐍈𐍉 𐌼𐌹𐍃 𐌱𐍉𐍄𐍉 𐌾𐌰𐌱𐌰𐌹 𐌳𐌰𐌿𐌸𐌰𐌽𐍃 𐌽𐌹 𐌿𐍂𐍂𐌴𐌹𐍃𐌰𐌽𐌳? 𐌼𐌰𐍄𐌾𐌰𐌼 𐌾𐌰𐌷 𐌳𐍂𐌹𐌲𐌺𐌰𐌼, 𐌿𐌽𐍄𐌴 𐌳𐌿 𐌼𐌰𐌿𐍂𐌲𐌹𐌽𐌰 𐌲𐌰𐍃𐍅𐌹𐌻𐍄𐌰𐌼."
I Corinthians,15,33,𐌽𐌹 𐌰𐍆𐌰𐌹𐍂𐌶𐌾𐌰𐌹𐌽𐌳𐌰𐌿: 𐍂𐌹𐌿𐍂𐌾𐌰𐌽𐌳 𐍃𐌹𐌳𐌿 𐌲𐍉𐌳𐌰𐌽𐌰 𐌲𐌰𐍅𐌰𐌿𐍂𐌳𐌾𐌰 𐌿𐌱𐌹𐌻𐌰.
I Corinthians,15,34,𐌿𐍃𐍃𐌺𐌰(𐍂)𐌾𐌹𐌸 𐌹𐌶𐍅𐌹𐍃 𐌲𐌰𐍂𐌰𐌹𐌷𐍄𐌰𐌱𐌰 𐌾𐌰𐌽~𐌽𐌹 𐍆𐍂𐌰𐍅𐌰𐌿𐍂𐌺𐌾𐌰𐌹𐌳; 𐌿𐌽𐌺𐌿𐌽𐌸𐌹 𐌲𐌿𐌳𐌹𐍃 𐍃𐌿𐌼𐌰𐌹 𐌷𐌰𐌱𐌰𐌽𐌳; 𐌳𐌿 𐌰𐌹𐍅𐌹𐍃𐌺𐌾𐌰 𐌹𐌶𐍅𐌹𐍃 𐍂𐍉𐌳𐌾𐌰.
I Corinthians,15,35,𐌰𐌺𐌴𐌹 𐌵𐌹𐌸𐌹𐌸 𐍃𐌿𐌼𐍃: 𐍈𐌰𐌹𐍅𐌰 𐌿𐍂𐍂𐌴𐌹𐍃𐌰𐌽𐌳 𐌳𐌰𐌿𐌸𐌰𐌽𐍃?....
I Corinthians,15,36,
I Corinthians,15,37,
I Corinthians,15,38,
I Corinthians,15,39,
I Corinthians,15,40,
I Corinthians,15,41,
I Corinthians,15,42,
I Corinthians,15,43,
I Corinthians,15,44,
I Corinthians,15,45,
I Corinthians,15,46,.... 𐌰𐌷𐌼𐌴𐌹𐌽𐍉.
I Corinthians,15,47,"𐍃𐌰 𐍆𐍂𐌿𐌼𐌰 𐌼𐌰𐌽𐌽𐌰 𐌿𐍃 𐌰𐌹𐍂𐌸𐌰𐌹 𐌼𐌿𐌻𐌳𐌴𐌹𐌽𐍃, 𐍃𐌰 𐌰𐌽𐌸𐌰𐍂 𐌼𐌰𐌽𐌽𐌰, 𐍆𐍂𐌰𐌿𐌾𐌰, 𐌿𐍃 𐌷𐌹𐌼𐌹𐌽𐌰."
I Corinthians,15,48,"𐍈𐌹𐌻𐌴𐌹𐌺𐍃 𐍃𐌰 𐌼𐌿𐌻𐌳𐌴𐌹𐌽𐌰, 𐍃𐍅𐌰𐌻𐌴𐌹𐌺𐌰𐌹 𐌾𐌰𐌷 𐌸𐌰𐌹 𐌼𐌿𐌻𐌳𐌴𐌹𐌽𐌰𐌽𐍃; 𐍈𐌹𐌻𐌴𐌹𐌺𐍃 𐍃𐌰 𐌿𐍆𐌰𐍂𐌷𐌹𐌼𐌹𐌽𐌰𐌺𐌿𐌽𐌳𐌰, 𐍃𐍅𐌰𐌻𐌴𐌹𐌺𐌰𐌹 𐌾𐌰𐌷 𐌸𐌰𐌹 𐌿𐍆𐌰𐍂𐌷𐌹𐌼𐌹𐌽𐌰𐌺𐌿𐌽𐌳𐌰𐌽𐍃..... 𐍈𐌹𐌻𐌴𐌹𐌺𐍃 𐍃𐌰 𐌿𐍆𐌰𐍂𐌷𐌹𐌼𐌹𐌽𐌰𐌺𐌿𐌽𐌳𐌰, (𐍃𐍅)𐌰𐌻𐌴𐌹𐌺𐌰𐌹 𐌾𐌰𐌷 𐌸𐌰𐌹 𐌿𐍆𐌰𐍂𐌷𐌹𐌼𐌹𐌽𐌰𐌺𐌿𐌽𐌳𐌰𐌽𐍃."
I Corinthians,15,49,"𐌾𐌰𐌷 𐍃𐍅𐌰𐍃𐍅𐌴 𐌱𐌴𐍂𐌿𐌼 𐌼𐌰𐌽𐌽𐌻𐌴𐌹𐌺𐌰𐌽 𐌸𐌹𐍃 𐌰𐌹𐍂𐌸𐌴𐌹𐌽𐌹𐌽𐍃, 𐌱𐌰𐌹𐍂𐌰𐌹𐌼𐌰 𐌾𐌰𐌷 𐍆𐍂𐌹𐍃𐌰𐌷𐍄 𐌸𐌹𐍃 𐌷𐌹𐌼𐌹𐌽𐌰𐌺𐌿𐌽𐌳𐌹𐌽𐍃. 𐌾𐌰𐌷 𐍃𐍅𐌰𐍃𐍅𐌴 𐌱𐌴𐍂𐌿𐌼 (𐌼)𐌰𐌽𐌻𐌴𐌹𐌺𐌰𐌽 𐌸𐌹𐍃 𐌰𐌹𐍂𐌸𐌴𐌹𐌽𐌹𐌽𐍃, 𐍃𐍅𐌰 𐌱𐌰𐌹𐍂𐌰𐌹𐌼𐌰 𐌾𐌰𐌷 𐍆𐍂𐌹𐍃𐌰𐌷𐍄 𐌸𐌹𐍃 𐌷𐌹𐌼𐌹𐌽𐌰𐌺𐌿𐌽𐌳𐌹𐌽𐍃."
I Corinthians,15,50,"𐌸𐌰𐍄𐌰 𐌰𐌿𐌺 𐌵𐌹𐌸𐌰, 𐌱𐍂𐍉𐌸𐍂𐌾𐌿𐍃, 𐌸𐌴𐌹 𐌻𐌴𐌹𐌺 𐌾𐌰𐌷 𐌱𐌻𐍉𐌸 𐌸𐌹𐌿𐌳𐌹𐌽𐌰𐍃𐍃𐌿 𐌲𐌿𐌳𐌹𐍃 𐌲𐌰𐌽𐌹𐌼𐌰𐌽 𐌽𐌹 𐌼𐌰𐌲𐌿𐌽, 𐌽𐌹𐌷 𐍂𐌹𐌿𐍂𐌴𐌹 𐌿𐌽𐍂𐌹𐌿𐍂𐌴𐌹𐌽𐍃 𐌰𐍂𐌱𐌾𐍉 𐍅𐌰𐌹𐍂𐌸𐌹𐌸. 𐌸𐌰𐍄𐌰 𐌰𐌿𐌺 𐌵𐌹𐌸𐌰, 𐌱𐍂𐍉𐌸𐍂𐌾𐌿𐍃, 𐌸𐌴𐌹 𐌻𐌴𐌹𐌺 𐌾𐌰𐌷 𐌱𐌻𐍉𐌸 𐌸𐌹𐌿𐌳𐌹𐌽𐌰𐍃𐍃𐌿 𐌲𐌿𐌳𐌹𐍃 𐌲𐌰𐌽𐌹𐌼𐌰𐌽 𐌽𐌹 𐌼𐌰𐌲𐌿𐌽, 𐌽𐌹𐌷 𐍂𐌹𐌿𐍂𐌴𐌹 𐌿𐌽𐍂𐌹𐌿𐍂𐌴𐌹𐌽𐍃 𐌰𐍂𐌱𐌾𐍉 𐍅𐌰𐌹𐍂𐌸𐌹𐌸."
I Corinthians,15,51,"𐍃𐌰𐌹, 𐍂𐌿𐌽𐌰 𐌹𐌶𐍅𐌹𐍃 𐌵𐌹𐌸𐌰: 𐌰𐌻𐌻𐌰𐌹 𐌰𐌿𐌺 𐌽𐌹 𐌲𐌰𐍃𐍅𐌹𐌻𐍄𐌰𐌼, 𐌹𐌸 𐌰𐌻𐌻𐌰𐌹 𐌹𐌽𐌼𐌰𐌹𐌳𐌾𐌰𐌽𐌳𐌰. 𐍃𐌰𐌹, 𐍂𐌿𐌽𐌰 𐌹𐌶𐍅𐌹𐍃 𐌵𐌹𐌸𐌰: 𐌰𐌻𐌻𐌰𐌹 𐌰𐌿𐌺 𐌽𐌹 𐌲𐌰𐍃𐍅𐌹𐌻𐍄𐌰𐌼, 𐌹𐌸 𐌰𐌻𐌻𐌰𐌹 𐌹𐌽𐌼𐌰𐌹𐌳𐌾𐌰𐌽𐌳𐌰."
I Corinthians,15,52,"𐍃𐌿𐌽𐍃, 𐌹𐌽 𐌱𐍂𐌰𐍈𐌰 𐌰𐌿𐌲𐌹𐌽𐍃, 𐌹𐌽 𐍃𐍀𐌴𐌳𐌹𐍃𐍄𐌹𐌽 𐌸𐌿𐍄𐌷𐌰𐌿𐍂𐌽𐌰; 𐌸𐌿𐍄𐌷𐌰𐌿𐍂𐌽𐌴𐌹𐌸 𐌰𐌿𐌺, 𐌾𐌰𐌷 𐌳𐌰𐌿𐌸𐌰𐌽𐍃 𐌿𐍃𐍃𐍄𐌰𐌽𐌳𐌰𐌽𐌳 𐌿𐌽𐍂𐌹𐌿𐍂𐌾𐌰𐌹, 𐌾𐌰𐌷 𐍅𐌴𐌹𐍃 𐌹𐌽𐌼𐌰𐌹𐌳𐌾𐌰𐌽𐌳𐌰. 𐍃𐌿𐌽𐍃, 𐌹𐌽 (𐌱)𐍂𐌰𐍈𐌰 𐌰𐌿𐌲𐌹𐌽𐍃, 𐌹𐌽 𐍃𐍀𐌴𐌳𐌹𐍃𐍄𐌹𐌽 𐌸𐌿𐍄𐌷𐌰𐌿𐍂𐌽𐌰; 𐌸𐌿𐍄𐌷𐌰𐌿𐍂𐌽𐌴𐌹𐌸 𐌰𐌿𐌺, 𐌾𐌰𐌷 𐌳𐌰𐌿𐌸𐌰𐌽𐍃 𐌿𐍃𐍃𐍄𐌰𐌽𐌳𐌰𐌽𐌳 𐌿𐌽𐍂𐌹𐌿𐍂𐌾𐌰𐌹, 𐌾𐌰𐌷 𐍅𐌴𐌹𐍃 𐌹𐌽𐌼𐌰𐌹𐌳𐌾𐌰𐌽𐌳𐌰."
I Corinthians,15,53,"𐍃𐌺𐌿𐌻𐌳 𐌰𐌿𐌺 𐌹𐍃𐍄 𐌸𐌰𐍄𐌰 𐍂𐌹𐌿𐍂𐌾𐍉 𐌲𐌰𐌷𐌰𐌼𐍉𐌽 𐌿𐌽𐍂𐌹𐌿𐍂𐌴𐌹𐌽, 𐌾𐌰𐌷 𐌸𐌰𐍄𐌰 𐌳𐌹𐍅𐌰𐌽𐍉 𐌲𐌰𐌷𐌰𐌼𐍉𐌽 𐌿𐌽𐌳𐌹𐍅𐌰𐌽𐌴𐌹𐌽. 𐍃𐌺𐌿𐌻𐌳 𐌹𐍃𐍄 𐌰𐌿𐌺 𐌸𐌰𐍄𐌰 𐍂𐌹𐌿𐍂𐌾𐍉 𐌲𐌰(𐌷𐌰𐌼)𐍉𐌽 𐌿𐌽𐍂𐌹𐌿𐍂𐌴𐌹𐌽, 𐌾𐌰𐌷 𐌸𐌰𐍄𐌰 𐌳𐌹𐍅𐌰𐌽𐍉 𐌲𐌰𐌷𐌰𐌼𐍉𐌽 𐌿𐌽𐌳𐌹𐍅𐌰𐌽𐌴𐌹𐌽."
I Corinthians,15,54,"𐌸𐌰𐌽𐌿𐌸~𐌸𐌰𐌽 𐌸𐌰𐍄𐌰 𐌳𐌹𐍅𐌰𐌽𐍉 𐌲𐌰𐍅𐌰𐍃𐌾𐌰𐌳𐌰 𐌿𐌽𐌳𐌹𐍅𐌰𐌽𐌴𐌹𐌽, 𐌸𐌰𐌽𐌿𐌷 𐍅𐌰𐌹𐍂𐌸𐌹𐌸 𐍅𐌰𐌿𐍂𐌳 𐌸𐌰𐍄𐌰 𐌲𐌰𐌼𐌴𐌻𐌹𐌳𐍉: 𐌿𐍆𐍃𐌰𐌲𐌵𐌹𐌸𐍃 𐍅𐌰𐍂𐌸 𐌳𐌰𐌿𐌸𐌿𐍃 𐌹𐌽 𐍃𐌹𐌲𐌹𐍃. 𐌸𐌰𐌽𐌿𐌷 𐍅𐌰𐌹𐍂(𐌸)𐌹𐌸 𐍅𐌰𐌿𐍂𐌳 𐌸𐌰𐍄𐌰 𐌲𐌰𐌼𐌴𐌻𐌹𐌳𐍉: 𐌿𐍆𐍃𐌰𐌲𐌲𐌵𐌹𐌸𐍃 𐍅𐌰𐍂𐌸 𐌳𐌰𐌿𐌸𐌿(𐍃 𐌹)𐌽 𐍃𐌹𐌲𐌹𐍃."
I Corinthians,15,55,"𐍈𐌰𐍂 𐌹𐍃𐍄 𐌲𐌰𐌶𐌳𐍃 𐌸𐌴𐌹𐌽𐍃, 𐌳𐌰𐌿𐌸𐌿? 𐍈𐌰𐍂 𐌹𐍃𐍄 𐍃𐌹𐌲𐌹𐍃 𐌸𐌴𐌹𐌽, 𐌷𐌰𐌻𐌾𐌰? 𐍈𐌰𐍂 𐌹𐍃𐍄 𐌲𐌰𐌶𐌳𐍃 𐌸𐌴𐌹(𐌽𐍃), 𐌳𐌰𐌿𐌸𐌿? 𐍈𐌰𐍂 𐌹𐍃𐍄 𐍃𐌹𐌲𐌹𐍃 𐌸𐌴𐌹𐌽, 𐌷𐌰𐌻𐌾𐌰?"
I Corinthians,15,56,"𐌰𐌸𐌸𐌰𐌽 𐌲𐌰𐌶𐌳𐍃 𐌳𐌰𐌿𐌸𐌰𐌿𐍃 𐍆𐍂𐌰𐍅𐌰𐌿𐍂𐌷𐍄𐍃, 𐌹𐌸 𐌼𐌰𐌷𐍄𐍃 𐍆𐍂𐌰𐍅𐌰𐌿𐍂𐌷𐍄𐌰𐌹𐍃 𐍅𐌹𐍄𐍉𐌸. 𐌰𐌸𐌸𐌰𐌽 𐌲𐌰𐌶𐌳𐍃 𐌳𐌰𐌿𐌸𐌰𐌿𐍃 𐍆𐍂𐌰𐍅𐌰𐌿𐍂𐌷𐍄𐍃, 𐌹𐌸 𐌼𐌰𐌷𐍄𐍃 𐍆𐍂𐌰𐍅𐌰𐌿𐍂𐌷𐍄𐌰𐌹𐍃 𐍅𐌹𐍄𐍉𐌸."
I Corinthians,15,57,𐌹𐌸 𐌲𐌿𐌳𐌰 𐌰𐍅𐌹𐌻𐌹𐌿𐌸 𐌹𐌶𐌴 𐌲𐌰𐍆 𐌿𐌽𐍃𐌹𐍃 𐍃𐌹𐌲𐌹𐍃 𐌸𐌰𐌹𐍂𐌷 𐍆𐍂𐌰𐌿𐌾𐌰𐌽 𐌿𐌽𐍃𐌰𐍂𐌰𐌽𐌰 𐌹𐌴𐍃𐌿 𐍇𐍂𐌹𐍃𐍄𐌰𐌿. 𐌹𐌸 𐌲𐌿𐌳𐌰 𐌰𐍅𐌹𐌻𐌹𐌿𐌳 𐌹𐌶𐌴𐌹 𐌲𐌰𐍆 𐌿𐌽𐍃𐌹𐍃 𐍃𐌹𐌲𐌹𐍃 𐌸𐌰𐌹𐍂𐌷 𐍆𐍂𐌰𐌿𐌾𐌰𐌽 𐌿𐌽𐍃𐌰𐍂𐌰𐌽𐌰 𐌹𐌴𐍃𐌿 𐍇𐍂𐌹𐍃𐍄𐌿.
I Corinthians,15,58,"𐍃𐍅𐌰𐌴𐌹 𐌽𐌿, 𐌱𐍂𐍉𐌸𐍂𐌾𐌿𐍃 𐌼𐌴𐌹𐌽𐌰𐌹 𐌻𐌹𐌿𐌱𐌰𐌽𐍃, 𐍄𐌿𐌻𐌲𐌾𐌰𐌹 𐍅𐌰𐌹𐍂𐌸𐌹𐌸, 𐌿𐌽𐌲𐌰𐍅𐌰𐌲𐌹𐌳𐌰𐌹, 𐌿𐍆𐌰𐍂𐍆𐌿𐌻𐌻𐌾𐌰𐌽𐌳𐌰𐌽𐍃 𐌹𐌽 𐍅𐌰𐌿𐍂𐍃𐍄𐍅𐌰 𐍆𐍂𐌰𐌿𐌾𐌹𐌽𐍃 𐍃𐌹𐌽𐍄𐌴𐌹𐌽𐍉, 𐍅𐌹𐍄𐌰𐌽𐌳𐌰𐌽𐍃 𐌸𐌰𐍄𐌴𐌹 𐌰𐍂𐌱𐌰𐌹𐌸𐍃 𐌹𐌶𐍅𐌰𐍂𐌰 𐌽𐌹𐍃𐍄 𐌻𐌰𐌿𐍃𐌰 𐌹𐌽 𐍆𐍂𐌰𐌿𐌾𐌹𐌽. 𐍃𐍅𐌰𐌴𐌹 𐌽𐌿, 𐌱𐍂𐍉𐌸𐍂𐌾𐌿𐍃 𐌼𐌴𐌹𐌽𐌰𐌹 𐌻𐌹𐌿𐌱𐌰𐌽𐍃, 𐍄𐌿𐌻𐌲𐌾𐌰𐌹 𐍅𐌰𐌹𐍂𐌸𐌰𐌹𐌸, 𐌿𐌽𐌲𐌰𐍅𐌰𐌲𐌹𐌳𐌰𐌹, 𐌿𐍆𐌰𐍂𐍆𐌿𐌻𐌻𐌾𐌰𐌽𐌳𐌰𐌽𐍃 𐌹𐌽 𐍅𐌰𐌿𐍂𐍃𐍄𐍅𐌰 𐍆𐍂𐌰𐌿𐌾𐌹𐌽𐍃 𐍃𐌹𐌽𐍄𐌴𐌹𐌽𐍉, 𐍅𐌹𐍄𐌰𐌽𐌳𐌰𐌽𐍃 𐌸𐌰𐍄𐌴𐌹 𐌰𐍂𐌱𐌰𐌹𐌸𐍃 𐌹𐌶𐍅𐌰𐍂𐌰 𐌽𐌹𐍃𐍄 𐌻𐌰𐌿𐍃𐌰 𐌹𐌽 𐍆𐍂𐌰𐌿𐌾𐌹𐌽."
I Corinthians,16,1,"𐌹𐌸 𐌱𐌹 𐌲𐌰𐌱𐌰𐌿𐍂 𐌸𐌰𐍄𐌰 𐌸𐌰𐌹𐌼 𐍅𐌴𐌹𐌷𐌰𐌼, 𐍃𐍅𐌰𐍃𐍅𐌴 𐌲𐌰𐍂𐌰𐌹𐌳𐌹𐌳𐌰 𐌰𐌹𐌺𐌺𐌻𐌴𐍃𐌾𐍉𐌼 𐌲𐌰𐌻𐌰𐍄[𐌹]𐌴, 𐍃𐍅𐌰 𐌾𐌰𐌷 𐌾𐌿𐍃 𐍄𐌰𐌿𐌾𐌹𐌸. 𐌹𐌸 𐌱𐌹 𐌲𐌰𐌱𐌰𐌿𐍂 𐌸𐌰𐍄𐌰 𐌸𐌰𐌹𐌼 𐍅𐌴𐌹𐌷𐌰𐌼, 𐍃𐍅𐌰𐍃𐍅𐌴 𐌲𐌰𐍂𐌰𐌹𐌳𐌹𐌳𐌰 𐌰𐌹𐌺𐌺𐌻𐌴𐍃𐌾𐍉𐌼 𐌲𐌰𐌻𐌰(𐍄𐌹)𐌰𐌹𐍃, 𐍃𐍅𐌰 𐌾𐌰𐌷 𐌾𐌿𐍃 𐍄𐌰𐌿𐌾𐌰𐌹(𐌸)."
I Corinthians,16,2,"𐌰𐌹𐌽𐍈𐌰𐍂𐌾𐌰𐌽𐍉𐌷 𐍃𐌰𐌱𐌱𐌰𐍄𐌴 𐍈𐌰𐍂𐌾𐌹𐌶𐌿𐌷 𐌹𐌶𐍅𐌰𐍂𐌰 𐍆𐍂𐌰𐌼 𐍃𐌹𐍃 𐍃𐌹𐌻𐌱𐌹𐌽 𐌻𐌰𐌲𐌾𐌰𐌹 𐌷𐌿𐌷𐌾𐌰𐌽𐌳𐍃 𐌸𐌰𐍄𐌴𐌹 𐍅𐌹𐌻𐌹, 𐌴𐌹 𐌽𐌹, 𐌱𐌹𐌸𐌴 𐌵𐌹𐌼𐌰𐌿, 𐌸𐌰𐌽 𐌲𐌰𐌱𐌰𐌿𐍂 𐍅𐌰𐌹𐍂𐌸𐌰𐌹. 𐌰𐌹𐌽𐍈𐌰𐍂𐌾𐌰𐌽𐍉𐌷 𐍃𐌰𐌱𐌱𐌰𐍄𐌴 𐍈𐌰𐍂𐌾𐌹𐌶𐌿𐌷 𐌹𐌶𐍅𐌰𐍂𐌰 𐍆𐍂𐌰𐌼 𐍃𐌹𐍃 𐍃𐌹𐌻𐌱𐌹𐌽 𐍄𐌰𐌿𐌾𐌰𐌹 𐌷𐌿𐌷𐌾𐌰𐌽𐌳𐍃 𐌸𐌰𐍄𐌴𐌹 𐍅𐌹𐌻𐌹, 𐌴𐌹 𐌽𐌹, 𐌱𐌹𐌸𐌴 𐌵𐌹𐌼𐌰𐌿, 𐌸𐌰𐌽 𐌲𐌰𐌱𐌰𐌿𐍂 𐍅𐌰𐌹𐍂𐌸𐌰𐌹."
I Corinthians,16,3,"𐌰𐌸𐌸𐌰𐌽 𐌱𐌹𐌸𐌴 𐌵𐌹𐌼𐌰, 𐌸𐌰𐌽𐌶𐌴𐌹 𐌲𐌰𐌺𐌹𐌿𐍃𐌹𐌸 𐌸𐌰𐌹𐍂𐌷 𐌱𐍉𐌺𐍉𐍃 𐌸𐌰𐌽𐍃 𐍃𐌰𐌽𐌳𐌾𐌰 𐌱𐍂𐌹𐌲𐌲𐌰𐌽 𐌰𐌽𐍃𐍄 𐌹𐌶𐍅𐌰𐍂𐌰 𐌹𐌽 𐌹𐌰𐌹𐍂𐌿𐍃𐌰𐌻𐌴𐌼. 𐌰𐌸𐌸𐌰𐌽 𐌱𐌹𐌸𐌴 𐌵𐌹𐌼𐌰, 𐌸𐌰𐌽𐌶𐌴𐌹 𐌲𐌰𐌺𐌹𐌿𐍃𐌹𐌸 𐌸𐌰𐌹𐍂𐌷 𐌱𐍉𐌺𐍉𐍃 𐌸𐌰𐌽𐍃 𐍃𐌰𐌽𐌳𐌾𐌰 𐌱𐍂𐌹𐌲𐌲𐌰𐌽 𐌰𐌽𐍃𐍄 𐌹𐌶𐍅𐌰𐍂𐌰 𐌹𐌽 𐌹𐌰𐌹𐍂𐌿𐍃𐌰𐌻𐌴𐌼."
I Corinthians,16,4,"𐌾𐌰𐌷 𐌸𐌰𐌽 𐌾𐌰𐌱𐌰𐌹 𐌹𐍃𐍄 𐌼𐌹𐍃 𐍅𐌰𐌹𐍂𐌸 𐌲𐌰𐌻𐌴𐌹𐌸𐌰𐌽, 𐌲𐌰𐌻𐌴𐌹𐌸𐌰𐌽𐌳 𐌼𐌹𐌸 𐌼𐌹𐍃. 𐌾𐌰𐌷 𐌸𐌰𐌽 𐌾𐌰𐌱𐌰𐌹 𐌹𐍃𐍄 𐌼𐌹𐍃 𐍅𐌰𐌹𐍂𐌸 𐌲𐌰𐌻𐌴𐌹𐌸𐌰𐌽, 𐌲𐌰𐌻𐌴𐌹𐌸𐌰𐌽𐌳 𐌼𐌹𐌸 𐌼𐌹𐍃."
I Corinthians,16,5,𐌰𐌸𐌸𐌰𐌽 𐌵𐌹𐌼𐌰 𐌰𐍄 𐌹𐌶𐍅𐌹𐍃 𐌸𐌰𐌽 𐌼𐌰𐌺𐌹𐌳𐍉𐌽𐌾𐌰 𐌿𐍃𐌻𐌴𐌹𐌸𐌰; 𐌼𐌰𐌺𐌹𐌳𐍉𐌽𐌾𐌰 𐌰𐌿𐌺 𐌸𐌰𐌹𐍂𐌷𐌲𐌰𐌲𐌲𐌰. 𐌰𐌸𐌸𐌰𐌽 𐌵𐌹𐌼𐌰 𐌰𐍄 𐌹𐌶𐍅𐌹𐍃 𐌸𐌰𐌽 𐌼𐌰𐌺𐌹𐌳𐍉𐌽𐌾𐌰 𐌿𐍃𐌻𐌴𐌹𐌸𐌰; 𐌼𐌰𐌺𐌹𐌳𐍉𐌽𐌾𐌰 𐌰𐌿𐌺 𐌸𐌰𐌹𐍂𐌷𐌲𐌰𐌲𐌲𐌰.
I Corinthians,16,6,"𐌹𐌸 𐌰𐍄 𐌹𐌶𐍅𐌹𐍃 𐍅𐌰𐌹𐍄𐌴𐌹 𐍃𐌰𐌻𐌾𐌰 𐌰𐌹𐌸𐌸𐌰𐌿 𐌾𐌰𐌷 𐍅𐌹𐌽𐍄𐍂𐌿 𐍅𐌹𐍃𐌰, 𐌴𐌹 𐌾𐌿𐍃 𐌼𐌹𐌺 𐌲𐌰𐍃𐌰𐌽𐌳𐌾𐌰𐌹𐌸 𐌸𐌹𐍃𐍈𐌰𐌳𐌿𐌷 𐌸𐌴𐌹 𐌹𐌺 𐍅𐍂𐌰𐍄𐍉. 𐌹𐌸 𐌰𐍄 𐌹𐌶𐍅𐌹𐍃 𐍅𐌰𐌹𐍄𐌴𐌹 𐍃𐌰𐌻𐌾𐌰 𐌰𐌹𐌸𐌸𐌰𐌿 𐌾𐌰𐌷 𐍅𐌹𐌽𐍄𐍂𐌿 𐍅𐌹𐍃𐌰, 𐌴𐌹 𐌾𐌿𐍃 𐌼𐌹𐌺 𐌲𐌰𐍃𐌰𐌽𐌳𐌾𐌰𐌹𐌸 𐌸𐌹𐍃𐍈𐌰𐌳𐌿𐌷 𐌸𐌴 𐌹𐌺 𐍅𐍂𐌰𐍄𐍉."
I Corinthians,16,7,"𐌽𐌹 𐍅𐌹𐌻𐌾𐌰𐌿 𐌰𐌿𐌺 𐌹𐌶𐍅𐌹𐍃 𐌽𐌿 𐌸𐌰𐌹𐍂𐌷𐌻𐌴𐌹𐌸𐌰𐌽𐌳𐍃 𐍃𐌰𐌹𐍈𐌰𐌽; 𐌿𐌽𐍄𐌴 𐍅𐌴𐌽𐌾𐌰[𐌽] 𐌼𐌹𐌺 𐍈𐍉 𐍈𐌴𐌹𐌻𐍉 𐍃𐌰𐌻𐌾𐌰𐌽 𐌰𐍄 𐌹𐌶𐍅𐌹𐍃, 𐌾𐌰𐌱𐌰𐌹 𐍆𐍂𐌰𐌿𐌾𐌰 𐍆𐍂𐌰𐌻𐌴𐍄𐌹𐌸. 𐌽𐌹 𐍅𐌹𐌻𐌾𐌰𐌿 𐌰𐌿𐌺 𐌹𐌶𐍅𐌹𐍃 𐌽𐌿 𐌸𐌰𐌹𐍂𐌷𐌻𐌴𐌹𐌸𐌰𐌽𐌳𐍃 𐍃𐌰𐌹𐍈𐌰𐌽; 𐌿𐌽𐍄𐌴 𐍅𐌴𐌽𐌾𐌰 𐌼𐌹𐌺 𐍈𐍉 𐍈𐌴𐌹𐌻𐍉 𐍃𐌰𐌻𐌾𐌰𐌽 𐌰𐍄 𐌹𐌶𐍅𐌹𐍃, 𐌾𐌰𐌱𐌰𐌹 𐍆𐍂𐌰𐌿𐌾𐌰 𐍆𐍂𐌰𐌻𐌴𐍄𐌹𐌸."
I Corinthians,16,8,𐍅𐌹𐍃𐌿𐌸~𐌸𐌰𐌽 𐌹𐌽 𐌰𐌹𐍆𐌰𐌹𐍃𐍉𐌽 𐌿𐌽𐌳 𐍀𐌰𐌹𐌽𐍄𐌴𐌺𐌿𐍃𐍄𐌴𐌽. 𐍅𐌹𐍃𐌿𐌷 𐌸𐌰𐌽 𐌹𐌽 𐌰𐌹𐍆𐌰𐌹𐍃𐍉𐌽 𐌿𐌽𐌳 𐍀𐌰𐌹𐌽𐍄𐌴𐌺𐌿𐍃𐍄𐌴𐌽.
I Corinthians,16,9,"𐌷𐌰𐌿𐍂𐌳𐍃 𐌰𐌿𐌺 𐌼𐌹𐍃 𐌿𐍃𐌻𐌿𐌺𐌽𐍉𐌳𐌰 𐌼𐌹𐌺𐌹𐌻𐌰 𐌾𐌰𐌷 𐍅𐌰𐌿𐍂𐍃𐍄𐍅𐌴𐌹𐌲𐌰, 𐌾𐌰𐌷 𐌰𐌽𐌳𐌰𐍃𐍄𐌰𐌸𐌾𐍉𐍃 𐌼𐌰𐌽𐌰𐌲𐌰𐌹. 𐌷𐌰𐌿𐍂𐌳𐍃 𐌰𐌿𐌺 𐌼𐌹𐍃 𐌿𐍃𐌻𐌿𐌺𐌽𐍉𐌳𐌰 𐌼𐌹𐌺𐌹𐌻𐌰 𐌾𐌰𐌷 𐍅𐌰𐌿𐍂𐍃𐍄𐍅𐌴𐌹𐌲𐌰, 𐌾𐌰𐌷 𐌰𐌽𐌳𐌰𐍃𐍄𐌰𐌸𐌾𐍉𐍃 𐌼𐌰𐌽𐌰𐌲𐌰𐌹."
I Corinthians,16,10,"𐌰𐌸𐌸𐌰𐌽 𐌾𐌰𐌱𐌰𐌹 𐌵𐌹𐌼𐌰𐌹 𐍄𐌴𐌹𐌼𐌰𐌿𐌸𐌰𐌹𐌿𐍃, 𐍃𐌰𐌹𐍈𐌹𐌸 𐌴𐌹 𐌿𐌽𐌰𐌲𐌰𐌽𐍃 𐍃𐌹𐌾𐌰𐌹 𐌰𐍄 𐌹𐌶𐍅𐌹𐍃, 𐌿𐌽𐍄𐌴 𐍅𐌰𐌿𐍂𐍃𐍄𐍅 𐍆𐍂𐌰𐌿𐌾𐌹𐌽𐍃 𐍅𐌰𐌿𐍂𐌺𐌴𐌹𐌸, 𐍃𐍅𐌰𐍃𐍅𐌴 𐌾𐌰𐌷 𐌹𐌺. 𐌰𐌸𐌸𐌰𐌽 𐌾𐌰𐌱𐌰𐌹 𐌵𐌹𐌼𐌰𐌹 𐍄𐌴𐌹𐌼𐌰𐌿𐌸𐌰𐌹𐌿𐍃, 𐍃𐌰𐌹𐍈𐌰𐌹𐌸 𐌴𐌹 𐌿𐌽𐌰𐌲𐌰𐌽𐌳𐍃 𐍃𐌹𐌾𐌰𐌹 𐌰𐍄 𐌹𐌶𐍅𐌹𐍃, 𐌿𐌽𐍄𐌴 𐍅𐌰𐌿𐍂𐍃𐍄𐍅 𐍆𐍂𐌰𐌿𐌾𐌹𐌽𐍃 𐍅𐌰𐌿𐍂𐌺𐌴𐌹𐌸, 𐍃𐍅𐌰𐍃𐍅𐌴 𐌾𐌰𐌷 𐌹𐌺."
I Corinthians,16,11,"𐌽𐌹 𐍈𐌰𐍃𐌷𐌿𐌽 𐌹𐌼𐌼𐌰 𐍆𐍂𐌰𐌺𐌿𐌽𐌽𐌹.... 𐌽𐌹 𐍈𐌰𐍃𐌷𐌿𐌽 𐌹𐌼𐌼𐌰 𐍆𐍂𐌰𐌺𐌿𐌽𐌽𐌹, 𐌹𐌸 𐌹𐌽𐍃𐌰𐌽𐌳𐌾𐌰𐌹𐌸 𐌹𐌽𐌰 𐌹𐌽 𐌲𐌰𐍅𐌰𐌹𐍂𐌸𐌾𐌰, 𐌴𐌹 𐌵𐌹𐌼𐌰𐌹 𐌰𐍄 𐌼𐌹𐍃; 𐌿𐍃𐌱𐌴𐌹𐌳𐌰 𐌰𐌿𐌺 𐌹𐌽𐌰 𐌼𐌹𐌸 𐌱𐍂𐍉𐌸𐍂𐌿𐌼."
I Corinthians,16,12,"𐌰𐌸𐌸𐌰𐌽 𐌱𐌹 𐌰𐍀𐌰𐌿𐌻𐌻𐍉𐌽 𐌸𐌰𐌽𐌰 𐌱𐍂𐍉𐌸𐌰𐍂 𐌱𐌰𐌽𐌳𐍅𐌾𐌰 𐌹𐌶𐍅𐌹𐍃 𐌸𐌰𐍄𐌴𐌹 𐍆𐌹𐌻𐌿 𐌹𐌽𐌰 𐌱𐌰𐌳 𐌴𐌹 𐌹𐍃 𐌵𐌴𐌼𐌹 𐌰𐍄 𐌹𐌶𐍅𐌹𐍃 𐌼𐌹𐌸 𐌱𐍂𐍉𐌸𐍂𐌿𐌼, 𐌾𐌰𐌷 𐌰𐌿𐍆𐍄𐍉 𐌽𐌹 𐍅𐌰𐍃 𐍅𐌹𐌻𐌾𐌰 𐌴𐌹 𐌽𐌿 𐌵𐌴𐌼𐌹; 𐌹𐌸 𐌵𐌹𐌼𐌹𐌸, 𐌱𐌹𐌸𐌴 𐌿𐌷𐍄𐌹𐌿𐌲."
I Corinthians,16,13,"𐍅𐌰𐌺𐌰𐌹𐌸 𐍃𐍄𐌰𐌽𐌳𐌰𐌹𐌳𐌿𐌷 𐌹𐌽 𐌲𐌰𐌻𐌰𐌿𐌱𐌴𐌹𐌽𐌰𐌹, 𐍅𐌰𐌹𐍂𐌰𐌻𐌴𐌹𐌺𐍉 𐍄𐌰𐌿𐌾𐌰𐌹𐌸, 𐌲𐌰𐌸𐍅𐌰𐍃𐍄𐌹𐌳(𐌰𐌹) 𐍃𐌹𐌾𐌰𐌹𐌸."
I Corinthians,16,14,𐌰𐌻𐌻𐌰𐍄𐌰 𐌹𐌶𐍅𐌰𐍂 𐌹𐌽 𐍆𐍂𐌹𐌰𐌸𐍅𐌰𐌹 𐍅𐌰𐌹𐍂𐌸𐌰𐌹.
I Corinthians,16,15,"𐌱𐌹𐌳𐌾𐌰 𐌹𐌶𐍅𐌹𐍃, 𐌱𐍂𐍉𐌸𐍂𐌾𐌿𐍃, 𐍅𐌹𐍄𐌿𐌸 𐌲𐌰𐍂𐌳 𐍃𐍄𐌰𐌹𐍆𐌰𐌽𐌰𐌿𐍃, 𐌸𐌰𐍄𐌴𐌹 𐍃𐌹𐌽𐌳 𐌰𐌽𐌰𐍃𐍄𐍉𐌳𐌴𐌹𐌽𐍃 𐌰𐌺𐌰ï𐌾𐌴 𐌾𐌰𐌷 𐌳𐌿 𐌰𐌽𐌳𐌱𐌰𐌷𐍄𐌾𐌰 𐌸𐌰𐌹𐌼 𐍅𐌴𐌹𐌷𐌰𐌼 𐌲𐌰𐍃𐌰𐍄𐌹𐌳𐌴𐌳𐌿𐌽 𐍃𐌹𐌺,"
I Corinthians,16,16,𐌴𐌹 𐌽𐌿 𐌾𐌰𐌷 𐌾𐌿𐍃 𐌿𐍆𐌷𐌰𐌿𐍃𐌾𐌰𐌹𐌸 𐌸𐌰𐌹𐌼 𐍃𐍅𐌰𐌻𐌴𐌹𐌺𐌰𐌹𐌼 𐌾𐌰𐌷 𐌰𐌻𐌻𐌰𐌹𐌼 𐌸𐌰𐌹𐌼 𐌲𐌰𐍅𐌰𐌿𐍂𐍃𐍄𐍅𐌰𐌼 𐌾𐌰𐌷 𐌰𐍂𐌱𐌰𐌹𐌳𐌾𐌰𐌽𐌳𐌰𐌼.
I Corinthians,16,17,"𐌰𐌸𐌸𐌰𐌽 𐍆𐌰𐌲𐌹𐌽𐍉 𐌹𐌽 𐌵𐌿𐌼𐌹𐍃 𐍃𐍄𐌰𐌹𐍆𐌰𐌽𐌰𐌿𐍃 𐌾𐌰𐌷 𐍆𐌰𐌿𐍂𐍄𐌿𐌽𐌰𐍄𐌰𐌿𐍃 𐌾𐌰𐌷 𐌰𐌺𐌰ï𐌺𐌰𐌿𐍃, 𐌿𐌽𐍄𐌴 𐌹𐌶𐍅𐌰𐍂𐌰𐌽𐌰 𐍅𐌰𐌽𐌹𐌽𐌰𐍃𐍃𐌿 𐌸𐌰𐌹 𐌿𐍃𐍆𐌿𐌻𐌻𐌹𐌳𐌴𐌳𐌿𐌽."
I Corinthians,16,18,𐌲𐌰𐌸𐍂𐌰𐍆𐍃𐍄𐌹𐌳𐌴𐌳𐌿𐌽 𐌰𐌿𐌺 𐌾𐌰𐌷 𐌼𐌴𐌹𐌽𐌰𐌽𐌰 𐌰𐌷𐌼𐌰𐌽 𐌾𐌰𐌷 𐌹𐌶𐍅𐌰𐍂𐌰𐌽𐌰; 𐌿𐍆𐌺𐌿𐌽𐌽𐌰𐌹𐌸 𐌽𐌿 𐌸𐌰𐌽𐍃 𐍃𐍅𐌰𐌻𐌴𐌹𐌺𐌰𐌽𐍃.
I Corinthians,16,19,"𐌲𐍉𐌻𐌾𐌰𐌽𐌳 𐌹𐌶𐍅𐌹𐍃 𐌰𐌹𐌺𐌺𐌻𐌴𐍃𐌾𐍉𐌽𐍃 𐌰𐍃𐌹𐌰𐌹𐍃. 𐌲𐍉𐌻𐌴𐌹𐌸 𐌹𐌶𐍅𐌹𐍃 𐌹𐌽 𐍆𐍂𐌰𐌿𐌾𐌹𐌽 𐍆𐌹𐌻𐌿 𐌰𐌺𐍅𐌻𐌰 𐌾𐌰𐌷 𐍀𐍂𐌹𐍃𐌺𐌰 𐌼𐌹𐌸 𐌹𐌽𐌲𐌰𐍂𐌳𐌾𐍉𐌽 𐍃𐌴𐌹𐌽𐌰𐌹 𐌰𐌹𐌺𐌺𐌻𐌴𐍃𐌾𐍉𐌽, 𐌰𐍄 𐌸𐌰𐌹𐌼𐌴𐌹 𐌾𐌰𐌷 𐍃𐌰𐌻𐌾𐌰."
I Corinthians,16,20,𐌲𐍉𐌻𐌴𐌹𐌸 𐌹𐌶𐍅𐌹𐍃 𐌼𐌹𐍃𐍃𐍉 𐌹𐌽 𐍆𐍂𐌹𐌾𐍉𐌽𐌰𐌹 𐍅𐌴𐌹𐌷𐌰𐌹.
I Corinthians,16,21,𐌲𐍉𐌻𐌴𐌹𐌽𐍃 𐌼𐌴𐌹𐌽𐌰𐌹 𐌷𐌰𐌽𐌳𐌰𐌿 𐍀𐌰𐍅𐌻𐌿𐍃.
I Corinthians,16,22,"𐌾𐌰𐌱𐌰𐌹 𐍈𐌰𐍃 𐌽𐌹 𐍆𐍂𐌹𐌾𐍉𐌸 𐍆𐍂𐌰𐌿𐌾𐌰𐌽 𐌹𐌴𐍃𐌿 𐍇𐍂𐌹𐍃𐍄𐌿, 𐌰𐌽𐌰𐌸𐌰𐌹𐌼𐌰: 𐌼𐌰𐍂𐌰𐌽 𐌰𐌸𐌰."
I Corinthians,16,23,𐌰𐌽𐍃𐍄𐍃 𐍆𐍂𐌰𐌿𐌾𐌹𐌽𐍃 𐌹𐌴𐍃𐌿𐌹𐍃 𐌼𐌹𐌸 𐌹𐌶𐍅𐌹𐍃. 𐌰𐌽𐍃𐍄𐍃 𐍆𐍂𐌰𐌿𐌾𐌹𐌽𐍃 𐌹𐌴𐍃𐌿𐌹𐍃 𐌼𐌹𐌸 𐌹𐌶𐍅𐌹𐍃.
I Corinthians,16,24,"𐍆𐍂𐌹𐌾𐌰𐌸𐍅𐌰 𐌼𐌴𐌹𐌽𐌰 𐌼𐌹𐌸 𐌰𐌻𐌻𐌰𐌹𐌼 𐌹𐌶𐍅𐌹𐍃 𐌹𐌽 𐍇𐍂𐌹𐍃𐍄𐌰𐌿 𐌹𐌴𐍃𐌿. 𐌰𐌼𐌴𐌽. 𐍆𐍂𐌹𐌰𐌸𐍅𐌰 𐌼𐌴𐌹𐌽𐌰 𐌼𐌹𐌸 𐌰𐌻𐌻𐌰𐌹𐌼 𐌹𐌶𐍅𐌹𐍃 𐌹𐌽 𐍇𐍂𐌹𐍃𐍄𐌰𐌿 𐌹𐌴𐍃𐌿. 𐌰𐌼𐌴𐌽. [(I Corinthians 16:25) 𐌳𐌿 𐌺𐌰𐌿𐍂𐌹𐌽𐌸𐌹𐌿𐌼 ·𐌰· 𐌿𐍃𐍄𐌰𐌿𐌷. 𐌳𐌿 𐌺𐌰𐌿𐍂𐌹𐌽𐌸𐌹𐌿𐌼 𐍆𐍂𐌿𐌼𐌴 𐌼𐌴𐌻𐌹𐌳𐌰 𐌹𐍃𐍄 𐌿𐍃 𐍆𐌹𐌻𐌹𐍀𐍀𐌰𐌹, 𐍃𐍅𐌴 𐌵𐌴𐌸𐌿𐌽 𐍃𐌿𐌼𐌰𐌹; 𐌹𐌸 𐌼𐌰𐌹𐍃 𐌸𐌿𐌲𐌺𐌴𐌹𐌸 𐌱𐌹 𐍃𐌹𐌻𐌱𐌹𐌽𐍃 𐌰𐍀𐌰𐌿𐍃𐍄𐌰𐌿𐌻𐌰𐌿𐍃 𐌹𐌽𐍃𐌰𐌷𐍄𐌰𐌹 𐌼𐌴𐌻𐌹𐌳𐌰 𐍅𐌹𐍃𐌰𐌽 𐌿𐍃 𐌰𐍃𐌹𐌰𐌹.]"
II Corinthians,1,1,𐍀𐌰𐍅𐌻𐌿𐍃 𐌰𐍀𐌰𐌿𐍃𐍄𐌰𐌿𐌻𐌿𐍃 𐌹𐌴𐍃𐌿𐌹𐍃 𐍇𐍂𐌹𐍃𐍄𐌰𐌿𐍃 𐌸𐌰𐌹𐍂𐌷 𐍅𐌹𐌻𐌾𐌰𐌽 𐌲𐌿𐌳𐌹𐍃 𐌾𐌰𐌷 𐍄𐌴𐌹𐌼𐌰𐌿𐌸𐌰𐌹𐌿𐍃 𐌱𐍂𐍉𐌸𐌰𐍂 𐌰𐌹𐌺𐌺𐌻𐌴𐍃𐌾𐍉𐌽 𐌲𐌿𐌳𐌹𐍃 𐌸𐌹𐌶𐌰𐌹 𐍅𐌹𐍃𐌰𐌽𐌳𐌴𐌹𐌽 𐌹𐌽 𐌺𐌰𐌿𐍂𐌹𐌽𐌸𐍉𐌽 𐌼𐌹𐌸 𐌰𐌻𐌻𐌰𐌹𐌼 𐌸𐌰𐌹𐌼 𐍅𐌴𐌹𐌷𐌰𐌼 𐌸𐌰𐌹𐌼 𐍅𐌹𐍃𐌰𐌽𐌳𐌰𐌼 𐌹𐌽 𐌰𐌻𐌻𐌰𐌹 𐌰𐌺𐌰ï𐌾𐌰𐌹:
II Corinthians,1,2,𐌰𐌽𐍃𐍄𐍃 𐌹𐌶𐍅𐌹𐍃 𐌾𐌰𐌷 𐌲𐌰𐍅𐌰𐌹𐍂𐌸𐌹 𐍆𐍂𐌰𐌼 𐌲𐌿𐌳𐌰 𐌰𐍄𐍄𐌹𐌽 𐌿𐌽𐍃𐌰𐍂𐌰𐌼𐌼𐌰 𐌾𐌰𐌷 𐍆𐍂𐌰𐌿𐌾𐌹𐌽 𐌹𐌴𐍃𐌿 𐍇𐍂𐌹𐍃𐍄𐌰𐌿.
II Corinthians,1,3,"𐌸𐌹𐌿𐌸𐌹𐌸𐍃 𐌲𐌿𐌸 𐌾𐌰𐌷 𐌰𐍄𐍄𐌰 𐍆𐍂𐌰𐌿𐌾𐌹𐌽𐍃 𐌿𐌽𐍃𐌰𐍂𐌹𐍃 𐌹𐌴𐍃𐌿𐌹𐍃 𐍇𐍂𐌹𐍃𐍄𐌰𐌿𐍃, 𐌰𐍄𐍄𐌰 𐌱𐌻𐌴𐌹𐌸𐌴𐌹𐌽𐍉 𐌾𐌰𐌷 𐌲𐌿𐌸 𐌰𐌻𐌻𐌰𐌹𐌶𐍉 𐌲𐌰𐌸𐌻𐌰𐌹𐌷𐍄𐌴,"
II Corinthians,1,4,"𐍃𐌰𐌴𐌹 𐌲𐌰𐌸𐍂𐌰𐍆𐍃𐍄𐌹𐌳𐌰 𐌿𐌽𐍃 𐌰𐌽𐌰 𐌰𐌻𐌻𐌰𐌹 𐌰𐌲𐌻𐍉𐌽 𐌿𐌽𐍃𐌰𐍂𐌰𐌹, 𐌴𐌹 𐌼𐌰𐌲𐌴𐌹𐌼𐌰 𐍅𐌴𐌹𐍃 𐌲𐌰𐌸𐍂𐌰𐍆𐍃𐍄𐌾𐌰𐌽 𐌸𐌰𐌽𐍃 𐌹𐌽 𐌰𐌻𐌻𐌰𐌹𐌼 𐌰𐌲𐌻𐍉𐌼 𐌸𐌰𐌹𐍂𐌷 𐌸𐍉 𐌲𐌰𐌸𐌻𐌰𐌹𐌷𐍄 𐌸𐌹𐌶𐌰𐌹𐌴𐌹 𐌲𐌰𐌸𐍂𐌰𐍆𐍃𐍄𐌹𐌳𐌰𐌹 𐍃𐌹𐌾𐌿𐌼 𐍃𐌹𐌻𐌱𐌰𐌽𐍃 𐍆𐍂𐌰𐌼 𐌲𐌿𐌳𐌰."
II Corinthians,1,5,"𐌿𐌽𐍄𐌴 𐍃𐍅𐌰𐍃𐍅𐌴 𐌿𐍆𐌰𐍂𐌰𐍃𐍃𐌿𐍃 𐌹𐍃𐍄 𐌸𐌿𐌻𐌰𐌹𐌽𐌴 𐍇𐍂𐌹𐍃𐍄𐌰𐌿𐍃 𐌹𐌽 𐌿𐌽𐍃, 𐍃𐍅𐌰 𐌾𐌰𐌷 𐌸𐌰𐌹𐍂𐌷 𐍇𐍂𐌹𐍃𐍄𐌿 𐌿𐍆𐌰𐍂 𐍆𐌹𐌻𐌿 𐌹𐍃𐍄 𐌾𐌰𐌷 𐌲𐌰𐌸𐍂𐌰𐍆𐍃𐍄𐌴𐌹𐌽𐍃 𐌿𐌽𐍃𐌰𐍂𐌰."
II Corinthians,1,6,"𐌰𐌸𐌸𐌰𐌽 𐌾𐌰𐌸𐌸𐌴 𐌸𐍂𐌴𐌹𐌷𐌰𐌽𐌳𐌰 𐌹𐌽 𐌹𐌶𐍅𐌰𐍂𐌰𐌹𐌶𐍉𐍃 𐌲𐌰𐌸𐌻𐌰𐌹𐌷𐍄𐌰𐌹𐍃 𐌾𐌰𐌷 𐌽𐌰𐍃𐌴𐌹𐌽𐌰𐌹𐍃 𐌸𐌹𐌶𐍉𐍃 𐍅𐌰𐌿𐍂𐍃𐍄𐍅𐌴𐌹𐌲𐍉𐌽𐍃 𐌹𐌽 𐍃𐍄𐌹𐍅𐌹𐍄𐌾𐌰 𐌸𐌹𐌶𐍉 𐍃𐌰𐌼𐍉𐌽𐍉 𐌸𐌿𐌻𐌰𐌹𐌽𐌴, 𐌸𐍉𐌶𐌴𐌹 𐌾𐌰𐌷 𐍅𐌴𐌹𐍃 𐍅𐌹𐌽𐌽𐌰𐌼, 𐌾𐌰𐌷 𐍅𐌴𐌽𐍃 𐌿𐌽𐍃𐌰𐍂𐌰 𐌲𐌰𐍄𐌿𐌻𐌲𐌹𐌳𐌰 𐍆𐌰𐌿𐍂 𐌹𐌶𐍅𐌹𐍃; 𐌾𐌰𐌸𐌸𐌴 𐌲𐌰𐌸𐍂𐌰𐍆𐍃𐍄𐌾𐌰𐌽𐌳𐌰 𐌹𐌽 𐌹𐌶𐍅𐌰𐍂𐌰𐌹𐌶𐍉𐍃 𐌲𐌰𐌸𐌻𐌰𐌹𐌷𐍄𐌰𐌹𐍃 𐌾𐌰𐌷 𐌽𐌰𐍃𐌴𐌹𐌽𐌰𐌹𐍃,"
II Corinthians,1,7,"𐍅𐌹𐍄𐌰𐌽𐌳𐌰𐌽𐍃 𐌸𐌰𐍄𐌴𐌹 𐍃𐍅𐌰𐍃𐍅𐌴 𐌲𐌰𐌳𐌰𐌹𐌻𐌰𐌽𐍃 𐌸𐌿𐌻𐌰𐌹𐌽𐌴 𐍃𐌹𐌾𐌿𐌸, 𐌾𐌰𐌷 𐌲𐌰𐌸𐌻𐌰𐌹𐌷𐍄𐌰𐌹𐍃 𐍅𐌰𐌹𐍂𐌸𐌹𐌸."
II Corinthians,1,8,".... 𐍃𐍅𐌰𐍃𐍅𐌴 𐌰𐍆𐍃𐍅𐌰𐌲𐌲𐍅𐌹𐌳𐌰𐌹 𐍅𐌴𐍃𐌴𐌹𐌼𐌰 𐌾𐌰𐌻~𐌻𐌹𐌱𐌰𐌽. 𐌿𐌽𐍄𐌴 𐌽𐌹 𐍅𐌹𐌻𐌴𐌹𐌼𐌰 𐌹𐌶𐍅𐌹𐍃 𐌿𐌽𐍅𐌴𐌹𐍃(𐌰𐌽𐍃), 𐌱𐍂𐍉𐌸𐍂𐌾𐌿𐍃, 𐌱𐌹 𐌰𐌲𐌻𐍉𐌽 𐌿𐌽𐍃𐌰𐍂𐌰 𐌸𐍉 𐍅𐌰𐌿𐍂𐌸𐌰𐌽𐍉𐌽 𐌿𐌽𐍃 𐌹𐌽 𐌰𐍃𐌹𐌰𐌹, 𐌿𐌽𐍄𐌴 𐌿𐍆𐌰𐍂𐌰𐍃𐍃𐌰𐌿 𐌺𐌰𐌿𐍂𐌹𐌳𐌰𐌹 𐍅𐌴𐍃𐌿𐌼 𐌿𐍆𐌰𐍂 𐌼𐌰𐌷𐍄, 𐍃𐍅𐌰𐍃𐍅𐌴 𐍃𐌺𐌰𐌼𐌰𐌹𐌳𐌴𐌳𐌴𐌹𐌽𐌰 𐌿𐌽𐍃 𐌾𐌰𐌷 𐌻𐌹𐌱𐌰𐌽."
II Corinthians,1,9,"𐌰𐌺𐌴𐌹 𐍃𐌹𐌻𐌱𐌰𐌽𐍃 𐌹𐌽 𐌿𐌽𐍃 𐍃𐌹𐌻𐌱𐌰𐌼 𐌰𐌽𐌳𐌰𐌷𐌰𐍆𐍄 𐌳𐌰𐌿𐌸𐌰𐌿𐍃 𐌷𐌰𐌱𐌰𐌹𐌳𐌴𐌳𐌿𐌼, 𐌴𐌹 𐌽𐌹 𐍃𐌹𐌾𐌰𐌹𐌼𐌰 𐍄𐍂𐌰𐌿𐌰𐌽𐌳𐌰𐌽𐍃 𐌳𐌿 𐌿𐌽𐍃 𐍃𐌹𐌻𐌱𐌰𐌼, 𐌰𐌺 𐌳𐌿 𐌲𐌿𐌳𐌰 𐌸𐌰𐌼𐌼𐌰 𐌿𐍂𐍂𐌰𐌹𐍃𐌾𐌰𐌽𐌳𐌹𐌽 𐌳𐌰𐌿𐌸𐌰𐌽𐍃, 𐌰𐌺𐌴𐌹 𐍃𐌹𐌻𐌱𐌰𐌽𐍃 𐌹𐌽 𐌿𐌽𐍃 𐍃𐌹𐌻𐌱𐌰𐌼 𐌰𐌽𐌳𐌰𐌷𐌰𐍆𐍄 𐌳𐌰𐌿𐌸𐌰𐌿𐍃 𐌷𐌰𐌱𐌰𐌹𐌳𐌴𐌳𐌿𐌼, 𐌴𐌹 𐌽𐌹 𐍃𐌹𐌾𐌰𐌹𐌼𐌰 𐍄𐍂𐌰𐌿𐌰𐌽𐌳𐌰𐌽𐍃 𐌳𐌿 𐌿𐌽𐍃 𐍃𐌹𐌻𐌱𐌰𐌼, 𐌰𐌺 𐌳𐌿 𐌲𐌿𐌳𐌰 𐌸𐌰𐌼𐌼𐌰 𐌿𐍂𐍂𐌰𐌹𐍃𐌾𐌰𐌽𐌳𐌹𐌽 𐌳𐌰𐌿𐌸𐌰𐌽𐍃,"
II Corinthians,1,10,"𐌹𐌶𐌴𐌹 𐌿𐍃 𐍃𐍅𐌰𐌻𐌴𐌹𐌺𐌰𐌹𐌼 𐌳𐌰𐌿𐌸𐌿𐌼 𐌿𐌽𐍃 𐌲𐌰𐌻𐌰𐌿𐍃𐌹𐌳𐌰 𐌾𐌰𐌷 𐌲𐌰𐌻𐌰𐌿𐍃𐌴𐌹𐌸, 𐌳𐌿 𐌸𐌰𐌼𐌼𐌴𐌹 𐍅𐌴𐌽𐌹𐌳𐌴𐌳𐌿𐌼 𐌴𐌹 𐌲𐌰𐌻𐌰𐌿𐍃𐌴𐌹𐌸, 𐌹𐌶𐌴𐌹 𐌿𐍃 𐍃𐍅𐌰𐌻𐌴𐌹𐌺𐌰𐌹𐌼 𐌳𐌰𐌿𐌸𐌿𐌼 𐌿𐌽𐍃 𐌲𐌰𐌻𐌰𐌿𐍃𐌹𐌳𐌰 𐌾𐌰𐌷 𐌲𐌰𐌻𐌰𐌿𐍃𐌴𐌹𐌸, 𐌳𐌿 𐌸𐌰𐌼𐌼𐌴𐌹 𐍅𐌴𐌽𐌹𐌳𐌴𐌳𐌿𐌼 𐌴𐌹 𐌲𐌰𐌻𐌰𐌿𐍃𐌴𐌹𐌸,"
II Corinthians,1,11,"𐌰𐍄 𐌷𐌹𐌻𐍀𐌰𐌽𐌳𐌰𐌼 𐌾𐌰𐌷 𐌹𐌶𐍅𐌹𐍃 𐌱𐌹 𐌿𐌽𐍃 𐌱𐌹𐌳𐌰𐌹, 𐌴𐌹 𐌹𐌽 𐌼𐌰𐌽𐌰𐌲𐌰𐌼𐌼𐌰 𐌰𐌽𐌳𐍅𐌰𐌹𐍂𐌸𐌾𐌰 𐍃𐍉 𐌹𐌽 𐌿𐌽𐍃 𐌲𐌹𐌱𐌰 𐌸𐌰𐌹𐍂𐌷 𐌼𐌰𐌽𐌰𐌲𐌰𐌽𐍃 𐌰𐍅𐌹𐌻𐌹𐌿𐌳𐍉𐌳𐌰𐌿 𐍆𐌰𐌿𐍂 𐌿𐌽𐍃. 𐌰𐍄 𐌷𐌹𐌻𐍀𐌰𐌽𐌳𐌰𐌼 𐌾𐌰𐌷 𐌹𐌶𐍅𐌹𐍃 𐌱𐌹 𐌿𐌽𐍃 𐌱𐌹𐌳𐌰𐌹, 𐌴𐌹 𐌹𐌽 𐌼𐌰𐌽𐌰𐌲𐌰𐌼𐌼𐌰 𐌰𐌽𐌳𐍅𐌰𐌹𐍂𐌸𐌾𐌰 𐍃𐍉 𐌹𐌽 𐌿𐌽𐍃 𐌲𐌹𐌱𐌰 𐌸𐌰𐌹𐍂𐌷 𐌼𐌰𐌽𐌰𐌲𐌰𐌽𐍃 𐌰𐍅𐌹𐌻𐌹𐌿𐌳𐍉𐌳𐌰𐌿 𐍆𐌰𐌿𐍂 𐌿𐌽𐍃."
II Corinthians,1,12,"𐌿𐌽𐍄𐌴 𐍈𐍉𐍆𐍄𐌿𐌻𐌹 𐌿𐌽𐍃𐌰𐍂𐌰 𐍃𐍉 𐌹𐍃𐍄, 𐍅𐌴𐌹𐍄𐍅𐍉𐌳𐌴𐌹 𐌼𐌹𐌸𐍅𐌹𐍃𐍃𐌴𐌹𐌽𐍃 𐌿𐌽𐍃𐌰𐍂𐌰𐌹𐌶𐍉𐍃, 𐌸𐌰𐍄𐌴𐌹 𐌹𐌽 𐌰𐌹𐌽𐍆𐌰𐌻𐌸𐌴𐌹𐌽 𐌾𐌰𐌷 𐌷𐌻𐌿𐍄𐍂𐌴𐌹𐌽 𐌲𐌿𐌳𐌹𐍃, 𐌽𐌹 𐌹𐌽 𐌷𐌰𐌽𐌳𐌿𐌲𐌴𐌹𐌽 𐌻𐌴𐌹𐌺𐌴𐌹𐌽𐌰𐌹, 𐌰𐌺 𐌹𐌽 𐌰𐌽𐍃𐍄𐌰𐌹 𐌲𐌿𐌳𐌹𐍃 𐌿𐍃𐌼𐌴𐍄𐌿𐌼 𐌹𐌽 𐌸𐌰𐌼𐌼𐌰 𐍆𐌰𐌹𐍂𐍈𐌰𐌿, 𐌹𐌸 𐌿𐍆𐌰𐍂𐌰𐍃𐍃𐌰𐌿 𐌰𐍄 𐌹𐌶𐍅𐌹𐍃. 𐌿𐌽𐍄𐌴 𐍈𐍉𐍆𐍄𐌿𐌻𐌹 𐌿𐌽𐍃𐌰𐍂𐌰 𐍃𐍉 𐌹𐍃𐍄, 𐍅𐌴𐌹𐍄𐍅𐍉𐌳𐌴𐌹 𐌼𐌹𐌸𐍅𐌹𐍃𐍃𐌴𐌹𐌽𐍃 𐌿𐌽𐍃𐌰𐍂𐌰𐌹𐌶𐍉𐍃, 𐌸𐌰𐍄𐌴𐌹 𐌹𐌽 𐌰𐌹𐌽𐍆𐌰𐌻𐌸𐌴𐌹𐌽 𐌾𐌰𐌷 𐌷𐌻𐌿𐍄𐍂𐌴𐌹𐌽 𐌲𐌿𐌳𐌹𐍃, 𐌽𐌹 𐌹𐌽 𐌷𐌰𐌽𐌳𐌿𐌲𐌴𐌹𐌽 𐌻𐌴𐌹𐌺𐌴𐌹𐌽𐌰𐌹, 𐌰𐌺 𐌹𐌽 𐌰𐌽𐍃𐍄𐌰𐌹 𐌲𐌿𐌳𐌹𐍃 𐌿𐍃𐌼𐌴𐌹𐍄𐌿𐌼 𐌹𐌽 𐌸𐌰𐌼𐌼𐌰 𐍆𐌰𐌹𐍂𐍈𐌰𐌿, 𐌹𐌸 𐌿𐍆𐌰𐍂𐌰𐍃𐍃𐌰𐌿 𐌰𐍄 𐌹𐌶𐍅𐌹𐍃."
II Corinthians,1,13,"𐌿𐌽𐍄𐌴 𐌽𐌹 𐌰𐌻𐌾𐌰 𐌼𐌴𐌻𐌾𐌰𐌼 𐌹𐌶𐍅𐌹𐍃, 𐌰𐌻𐌾𐌰 𐌸𐍉𐌴𐌹 𐌰𐌽𐌰𐌺𐌿𐌽𐌽𐌰𐌹𐌸 𐌰𐌹𐌸𐌸𐌰𐌿 𐌾𐌰𐌷 𐌿𐍆𐌺𐌿𐌽𐌽𐌰𐌹𐌸; 𐌰𐌸𐌸𐌰𐌽 𐍅𐌴𐌽𐌾𐌰 𐌴𐌹 𐌿𐌽𐌳 𐌰𐌽𐌳𐌹 𐌿𐍆𐌺𐌿𐌽𐌽𐌰𐌹𐌸, 𐌿𐌽𐍄𐌴 𐌽𐌹 𐌰𐌻𐌾𐌰 𐌼𐌴𐌻𐌾𐌰𐌼 𐌹𐌶𐍅𐌹𐍃, 𐌰𐌻𐌾𐌰 𐌸𐍉𐌴𐌹 𐌰𐌽𐌰𐌺𐌿𐌽𐌽𐌰𐌹𐌸 𐌰𐌹𐌸𐌸𐌰𐌿 𐌾𐌰𐌷 𐌿𐍆𐌺𐌿𐌽𐌽𐌰𐌹𐌸; 𐌰𐌸𐌸𐌰𐌽 𐍅𐌴𐌽𐌾𐌰 𐌴𐌹 𐌿𐌽𐌳 𐌰𐌽𐌳𐌹 𐌿𐍆𐌺𐌿𐌽𐌽𐌰𐌹𐌸,"
II Corinthians,1,14,"𐍃𐍅𐌰𐍃𐍅𐌴 𐌲𐌰𐌺𐌿𐌽𐌽𐌰𐌹𐌳𐌴𐌳𐌿𐌸 𐌿𐌽𐍃 𐌱𐌹 𐍃𐌿𐌼𐌰𐍄𐌰, 𐌿𐌽𐍄𐌴 𐍈𐍉𐍆𐍄𐌿𐌻𐌹 𐌹𐌶𐍅𐌰𐍂𐌰 𐍃𐌹𐌾𐌿𐌼, 𐍃𐍅𐌰𐍃𐍅𐌴 𐌾𐌰𐌷 𐌾𐌿𐍃 𐌿𐌽𐍃𐌰𐍂𐌰 𐌹𐌽 𐌳𐌰𐌲𐌰 𐍆𐍂𐌰𐌿𐌾𐌹𐌽𐍃 𐌹𐌴𐍃𐌿𐌹𐍃. 𐍃𐍅𐌰𐍃𐍅𐌴 𐌲𐌰𐌺𐌿𐌽𐌽𐌰𐌹𐌳𐌴𐌳𐌿𐌸 𐌿𐌽𐍃 𐌱𐌹 𐍃𐌿𐌼𐌰𐍄𐌰, 𐌿𐌽𐍄𐌴 𐍈𐍉𐍆𐍄𐌿𐌻𐌹 𐌹𐌶𐍅𐌰𐍂𐌰 𐍃𐌹𐌾𐌿𐌼, 𐍃𐍅𐌰𐍃𐍅𐌴 𐌾𐌰𐌷 𐌾𐌿𐍃 𐌿𐌽𐍃𐌰𐍂𐌰 𐌹𐌽 𐌳𐌰𐌲𐌰 𐍆𐍂𐌰𐌿𐌾𐌹𐌽𐍃 𐌹𐌴𐍃𐌿𐌹𐍃 𐍇𐍂𐌹𐍃𐍄𐌰𐌿𐍃."
II Corinthians,1,15,"𐌾𐌰𐌷 𐌸𐌹𐌶𐌰𐌹 𐍄𐍂𐌰𐌿𐌰𐌹𐌽𐌰𐌹 𐍅𐌹𐌻𐌳𐌰 𐍆𐌰𐌿𐍂𐌸𐌹𐍃 𐌵𐌹𐌼𐌰𐌽 𐌰𐍄 𐌹𐌶𐍅𐌹𐍃, 𐌴𐌹 𐌰𐌽𐌸𐌰𐍂𐌰 𐌰𐌽𐍃𐍄 𐌷𐌰𐌱𐌰𐌹𐌳𐌴𐌳𐌴𐌹𐌸, 𐌾𐌰𐌷 𐌸𐌹𐌶𐌰𐌹 𐍄𐍂𐌰𐌿𐌰𐌹𐌽𐌰𐌹 𐍅𐌹𐌻𐌳𐌰 𐍆𐌰𐌿𐍂𐌸𐌹𐍃 𐌵𐌹𐌼𐌰𐌽 𐌰𐍄 𐌹𐌶𐍅𐌹𐍃, 𐌴𐌹 𐌰𐌽𐌸𐌰𐍂𐌰 𐌰𐌽𐍃𐍄 𐌷𐌰𐌱𐌰𐌹𐌳𐌴𐌳𐌴𐌹𐌸,"
II Corinthians,1,16,"𐌾𐌰𐌸~𐌸𐌰𐌹𐍂𐌷 𐌹𐌶𐍅𐌹𐍃 𐌲𐌰𐌻𐌴𐌹𐌸𐌰𐌽 𐌹𐌽 𐌼𐌰𐌺𐌰𐌹𐌳𐍉𐌽𐌾𐌰 𐌾𐌰𐌷 𐌰𐍆𐍄𐍂𐌰 𐌰𐍆 𐌼𐌰𐌺𐌰𐌹𐌳𐍉𐌽𐌾𐌰𐌹 𐌵𐌹𐌼𐌰𐌽 𐌰𐍄 𐌹𐌶𐍅𐌹𐍃, 𐌾𐌰𐌷 𐍆𐍂𐌰𐌼 𐌹𐌶𐍅𐌹𐍃 𐌲𐌰𐍃𐌰𐌽𐌳𐌾𐌰𐌽 𐌼𐌹𐌺 𐌹𐌽 𐌹𐌿𐌳𐌰𐌹𐌰. 𐌾𐌰𐌷 𐌸𐌰𐌹𐍂𐌷 𐌹𐌶𐍅𐌹𐍃 𐌲𐌰𐌻𐌴𐌹𐌸𐌰𐌽 𐌹𐌽 𐌼𐌰𐌺𐌹𐌳𐍉𐌽𐌾𐌰 𐌾𐌰𐌷 𐌰𐍆𐍄𐍂𐌰 𐌰𐍆 𐌼𐌰𐌺𐌹𐌳𐍉𐌽𐌾𐌰𐌹 𐌵𐌹𐌼𐌰𐌽 𐌰𐍄 𐌹𐌶𐍅𐌹𐍃, 𐌾𐌰𐌷 𐍆𐍂𐌰𐌼 𐌹𐌶𐍅𐌹𐍃 𐌲𐌰𐍃𐌰𐌽𐌳𐌾𐌰𐌽 𐌼𐌹𐌺 𐌹𐌽 𐌹𐌿𐌳𐌰𐌹𐌰."
II Corinthians,1,17,"𐌸𐌰𐍄𐌿𐌸~𐌸𐌰𐌽 𐌽𐌿 𐌼𐌹𐍄𐍉𐌽𐌳𐍃, 𐌹𐌱𐌰𐌹 𐌰𐌿𐍆𐍄𐍉 𐌻𐌴𐌹𐌷𐍄𐌹𐍃 𐌱𐍂𐌿𐌷𐍄𐌰? 𐌰𐌹𐌸𐌸𐌰𐌿 𐌸𐌰𐍄𐌴𐌹 𐌼𐌹𐍄𐍉, 𐌱𐌹 𐌻𐌴𐌹𐌺𐌰 𐌸𐌰𐌲𐌺𐌾𐌰𐌿, 𐌴𐌹 𐍃𐌹𐌾𐌰𐌹 𐌰𐍄 𐌼𐌹𐍃 𐌸𐌰𐍄𐌰 𐌾𐌰 𐌾𐌰 𐌾𐌰𐌷 𐌸𐌰𐍄𐌰 𐌽𐌴 𐌽𐌴? 𐌸𐌰𐍄𐌿𐌸~𐌸𐌰𐌽 𐌽𐌿 𐌼𐌹𐍄𐍉𐌽𐌳𐍃, 𐌹𐌱𐌰𐌹 𐌰𐌿𐍆𐍄𐍉 𐌻𐌴𐌹𐌷𐍄𐌹𐍃 𐌱𐍂𐌿𐌷𐍄𐌰? 𐌰𐌹𐌸𐌸𐌰𐌿 𐌸𐌰𐍄𐌴𐌹 𐌼𐌹𐍄𐍉, 𐌱𐌹 𐌻𐌴𐌹𐌺𐌰 𐌸𐌰𐌲𐌺𐌾𐌰𐌿, 𐌴𐌹 [𐌽𐌹] 𐍃𐌹𐌾𐌰𐌹 𐌰𐍄 𐌼𐌹𐍃 𐌸𐌰𐍄𐌰 𐌾𐌰 𐌾𐌰 𐌾𐌰𐌷 𐌸𐌰𐍄𐌰 𐌽𐌴 𐌽𐌴?"
II Corinthians,1,18,"𐌰𐌸𐌸𐌰𐌽 𐍄𐍂𐌹𐌲𐌲𐍅𐍃 𐌲𐌿𐌸, 𐌴𐌹 𐌸𐌰𐍄𐌰 𐍅𐌰𐌿𐍂𐌳 𐌿𐌽𐍃𐌰𐍂 𐌸𐌰𐍄𐌰 𐌳𐌿 𐌹𐌶𐍅𐌹𐍃 𐌽𐌹𐍃𐍄 𐌾𐌰 𐌾𐌰𐌽~𐌽𐌴. 𐌰𐌸𐌸𐌰𐌽 𐍄𐍂𐌹𐌲𐌲𐍅𐍃 𐌲𐌿𐌸, 𐌴𐌹 𐌸𐌰𐍄𐌰 𐍅𐌰𐌿𐍂𐌳 𐌿𐌽𐍃𐌰𐍂 𐌸𐌰𐍄𐌰 𐌳𐌿 𐌹𐌶𐍅𐌹𐍃 𐌽𐌹𐍃𐍄 𐌾𐌰 𐌾𐌰𐌷 𐌽𐌴."
II Corinthians,1,19,"𐌿𐌽𐍄𐌴 𐌲𐌿𐌳𐌹𐍃 𐍃𐌿𐌽𐌿𐍃 𐌹𐌴𐍃𐌿𐍃 𐍇𐍂𐌹𐍃𐍄𐌿𐍃, 𐍃𐌰𐌴𐌹 𐌹𐌽 𐌹𐌶𐍅𐌹𐍃 𐌸𐌰𐌹𐍂𐌷 𐌿𐌽𐍃 𐌼𐌴𐍂𐌾𐌰𐌳𐌰, 𐌸𐌰𐌹𐍂𐌷 𐌼𐌹𐌺 𐌾𐌰𐌷 𐍃𐌹𐌻𐌱𐌰𐌽𐌿 𐌾𐌰𐌷 𐍄𐌴𐌹𐌼𐌰𐌿𐌸𐌰𐌹𐌿, 𐌽𐌹 𐍅𐌰𐍂𐌸 𐌾𐌰 𐌾𐌰𐌽~𐌽𐌴, 𐌰𐌺 𐌾𐌰 𐌹𐌽 𐌹𐌼𐌼𐌰 𐍅𐌰𐍂𐌸. 𐌿𐌽𐍄𐌴 𐌲𐌿𐌳𐌹𐍃 𐍃𐌿𐌽𐌿𐍃 𐌹𐌴𐍃𐌿𐍃 𐍇𐍂𐌹𐍃𐍄𐌿𐍃, 𐍃𐌰𐌴𐌹 𐌹𐌽 𐌹𐌶𐍅𐌹𐍃 𐌸𐌰𐌹𐍂𐌷 𐌿𐌽𐍃 𐍅𐌰𐌹𐌻𐌰𐌼𐌴𐍂𐌾𐌰𐌳𐌰, 𐌸𐌰𐌹𐍂𐌷 𐌼𐌹𐌺 𐌾𐌰𐌷 𐍃𐌹𐌻𐌱𐌰𐌽𐌿 𐌾𐌰𐌷 𐍄𐌴𐌹𐌼𐌰𐌿𐌸𐌰𐌹𐌿, 𐌽𐌹𐌷 𐍅𐌰𐍂𐌸 𐌾𐌰 𐌾𐌰𐌷 𐌽𐌴, 𐌰𐌺 𐌾𐌰 𐌹𐌽 𐌹𐌼𐌼𐌰 𐍅𐌰𐍂𐌸."
II Corinthians,1,20,"𐍈𐌰𐌹𐍅𐌰 𐌼𐌰𐌽𐌰𐌲𐌰 𐌲𐌰𐌷𐌰𐌹𐍄𐌰 𐌲𐌿𐌳𐌹𐍃, 𐌹𐌽 𐌹𐌼𐌼𐌰 𐌸𐌰𐍄𐌰 𐌾𐌰, 𐌳𐌿𐌸𐌸𐌴 𐌾𐌰𐌸~𐌸𐌰𐌹𐍂𐌷 𐌹𐌽𐌰 𐌰𐌼𐌴𐌽, 𐌲𐌿𐌳𐌰 𐌳𐌿 𐍅𐌿𐌻𐌸𐌰𐌿 𐌸𐌰𐌹𐍂𐌷 𐌿𐌽𐍃. 𐍈𐌰𐌹𐍅𐌰 𐌼𐌰𐌽𐌰𐌲𐌰 𐌲𐌰𐌷𐌰𐌹𐍄𐌰 𐌲𐌿𐌳𐌹𐍃, 𐌹𐌽 𐌹𐌼𐌼𐌰 𐌸𐌰𐍄𐌰 𐌾𐌰, 𐌳𐌿𐌸𐌸𐌴 𐌾𐌰𐌷 𐌸𐌰𐌹𐍂𐌷 𐌹𐌽𐌰 𐌰𐌼𐌴𐌽, 𐌲𐌿𐌳𐌰 𐌳𐌿 𐍅𐌿𐌻𐌸𐌰𐌿 𐌸𐌰𐌹𐍂𐌷 𐌿𐌽𐍃."
II Corinthians,1,21,"𐌰𐌸𐌸𐌰𐌽 𐍃𐌰 𐌲𐌰𐌸𐍅𐌰𐍃𐍄𐌾𐌰𐌽𐌳𐍃 𐌿𐌽𐍃 𐌼𐌹𐌸 𐌹𐌶𐍅𐌹𐍃 𐌹𐌽 𐍇𐍂𐌹𐍃𐍄𐌰𐌿 𐌾𐌰𐌷 𐍃𐌰𐌻𐌱𐍉𐌽𐌳𐍃 𐌿𐌽𐍃 𐌲𐌿𐌸, 𐌰𐌸𐌸𐌰𐌽 𐍃𐌰 𐌲𐌰𐌸𐍅𐌰𐍃𐍄𐌾𐌰(𐌽)𐌳𐍃 𐌿𐌽𐍃𐌹𐍃 𐌼𐌹𐌸 𐌹𐌶𐍅𐌹𐍃 𐌹𐌽 𐍇𐍂𐌹𐍃𐍄𐌰𐌿 𐌾𐌰𐌷 𐍃𐌰𐌻𐌱𐍉𐌽𐌳𐍃 𐌿𐌽𐍃 𐌲𐌿𐌸,"
II Corinthians,1,22,𐌾𐌰𐌷 𐍃𐌹𐌲𐌻𐌾𐌰𐌽𐌳𐍃 𐌿𐌽𐍃 𐌾𐌰𐌷 𐌲𐌹𐌱𐌰𐌽𐌳𐍃 𐍅𐌰𐌳𐌹 𐌰𐌷𐌼𐌰𐌽 𐌹𐌽 𐌷𐌰𐌹𐍂𐍄𐍉𐌽𐌰 𐌿𐌽𐍃𐌰𐍂𐌰. 𐌾𐌰𐌷 𐍃𐌹𐌲𐌻𐌾𐌰𐌽𐌳𐍃 𐌿𐌽𐍃 𐌾𐌰𐌷 𐌲𐌹𐌱𐌰𐌽𐌳𐍃 𐍅𐌰𐌳𐌹 𐌰𐌷𐌼𐌰𐌽 𐌹𐌽 𐌷𐌰𐌹𐍂𐍄𐍉𐌽𐌰 𐌿𐌽𐍃𐌰𐍂𐌰.
II Corinthians,1,23,𐌰𐌸𐌸𐌰𐌽 𐌹𐌺 𐍅𐌴𐌹𐍄𐍅𐍉𐌳 𐌲𐌿𐌸 𐌰𐌽𐌰𐌷𐌰𐌹𐍄𐌰 𐌰𐌽𐌰 𐌼𐌴𐌹𐌽𐌰𐌹 𐍃𐌰𐌹𐍅𐌰𐌻𐌰𐌹 𐌴𐌹 𐍆𐍂𐌴𐌹𐌳𐌾𐌰𐌽𐌳𐍃 𐌹𐌶𐍅𐌰𐍂𐌰 𐌸𐌰𐌽𐌰𐍃𐌴𐌹𐌸𐍃 𐌽𐌹 𐌵𐌰𐌼 𐌹𐌽 𐌺𐌰𐌿𐍂𐌹𐌽𐌸𐍉𐌽; 𐌰𐌸𐌸𐌰𐌽 𐌹𐌺 𐍅𐌴𐌹𐍄𐍅𐍉𐌳 𐌲𐌿𐌸 𐌰𐌽𐌰𐌷𐌰𐌹𐍄𐌰 𐌰𐌽𐌰 𐌼𐌴𐌹𐌽𐌰𐌹 𐍃𐌰𐌹𐍅𐌰𐌻𐌰𐌹 𐌴𐌹 𐍆𐍂𐌴𐌹𐌳𐌾𐌰𐌽𐌳𐍃 𐌹𐌶𐍅𐌰𐍂𐌰 𐌸𐌰𐌽𐌰𐍃𐌴𐌹𐌸𐍃 𐌽𐌹 𐌵𐌰𐌼 𐌹𐌽 𐌺𐌰𐌿𐍂𐌹𐌽𐌸𐍉𐌽;
II Corinthians,1,24,"𐌽𐌹 𐌸𐌰𐍄𐌴𐌹 𐍆𐍂𐌰𐌿𐌾𐌹𐌽𐍉𐌼𐌰 𐌹𐌶𐍅𐌰𐍂𐌰𐌹 𐌲𐌰𐌻𐌰𐌿𐌱𐌴𐌹𐌽𐌰𐌹, 𐌰𐌺 𐌲𐌰𐍅𐌰𐌿𐍂𐍃𐍄𐍅𐌰𐌽𐍃 𐍃𐌹𐌾𐌿𐌼 𐌰𐌽𐍃𐍄𐌰𐌹𐍃 𐌹𐌶𐍅𐌰𐍂𐌰𐌹𐌶𐍉𐍃, 𐌿𐌽𐍄𐌴 𐌲𐌰𐌻𐌰𐌿𐌱𐌴𐌹𐌽𐌰𐌹 𐌲𐌰𐍃𐍄𐍉𐌸𐌿𐌸. 𐌽𐌹 𐌸𐌰𐍄𐌴𐌹 𐍆𐍂𐌰𐌿𐌾𐌹𐌽𐍉𐌼𐌰 𐌹𐌶𐍅𐌰𐍂𐌰𐌹 𐌲𐌰𐌻𐌰𐌿𐌱𐌴𐌹𐌽𐌰𐌹, 𐌰𐌺 𐌲𐌰𐍅𐌰𐌿𐍂𐍃𐍄𐍅𐌰𐌽𐍃 𐍃𐌹𐌾𐌿𐌼 𐌰𐌽𐍃𐍄𐌰𐌹𐍃 𐌹𐌶𐍅𐌰𐍂𐌰𐌹𐌶𐍉𐍃, 𐌿𐌽𐍄𐌴 𐌲𐌰𐌻𐌰𐌿𐌱𐌴𐌹𐌽𐌰𐌹 𐌲𐌰𐍃𐍄𐍉𐌸𐌿𐌸."
II Corinthians,2,1,"𐌰𐌸𐌸𐌰𐌽 𐌲𐌰𐍃𐍄𐌰𐌿𐌹𐌳𐌰 𐌸𐌰𐍄𐌰 𐍃𐌹𐌻𐌱𐍉 𐌰𐍄 𐌼𐌹𐍃, 𐌴𐌹 𐌰𐍆𐍄𐍂𐌰 𐌹𐌽 𐍃𐌰𐌿𐍂𐌲𐌰𐌹 𐌽𐌹 𐌵𐌹𐌼𐌰𐌿 𐌰𐍄 𐌹𐌶𐍅𐌹𐍃. 𐌰𐌸𐌸𐌰𐌽 𐌲𐌰𐍃𐍄𐌰𐌿𐌹𐌳𐌰 𐌸𐌰𐍄𐌰 𐍃𐌹𐌻𐌱𐍉 𐌰𐍄 𐌼𐌹𐍃, 𐌴𐌹 𐌰𐍆𐍄𐍂𐌰 𐌹𐌽 𐍃𐌰𐌿𐍂𐌲𐌰𐌹 𐌽𐌹 𐌵𐌹𐌼𐌰𐌿 𐌰𐍄 𐌹𐌶𐍅𐌹𐍃."
II Corinthians,2,2,"𐌿𐌽𐍄𐌴 𐌾𐌰𐌱𐌰𐌹 𐌹𐌺 𐌲𐌰𐌿𐍂𐌾𐌰 𐌹𐌶𐍅𐌹𐍃, 𐌾𐌰𐌷 𐍈𐌰𐍃 𐌹𐍃𐍄 𐍃𐌰𐌴𐌹 𐌲𐌰𐌹𐌻𐌾𐌰𐌹 𐌼𐌹𐌺, 𐌽𐌹𐌱𐌰 𐍃𐌰 𐌲𐌰𐌿𐍂𐌹𐌳𐌰 𐌿𐍃 𐌼𐌹𐍃? 𐌿𐌽𐍄𐌴 𐌾𐌰𐌱𐌰𐌹 𐌹𐌺 𐌲𐌰𐌿𐍂𐌾𐌰 𐌹𐌶𐍅𐌹𐍃, 𐌾𐌰𐌷 𐍈𐌰𐍃 𐌹𐍃𐍄 𐍃𐌰𐌴𐌹 𐌲𐌰𐌹𐌻𐌾𐌰𐌹 𐌼𐌹𐌺, 𐌽𐌹𐌱𐌰𐌹 𐍃𐌰 𐌲𐌰𐌿𐍂𐌹𐌳𐌰 𐌿𐍃 𐌼𐌹𐍃?"
II Corinthians,2,3,"𐌾𐌰𐌸~𐌸𐌰𐍄𐌰 𐍃𐌹𐌻𐌱𐍉 𐌲𐌰𐌼𐌴𐌻𐌹𐌳𐌰 𐌹𐌶𐍅𐌹𐍃, 𐌴𐌹 𐌵𐌹𐌼𐌰𐌽𐌳𐍃 𐍃𐌰𐌿𐍂𐌲𐌰 𐌽𐌹 𐌷𐌰𐌱𐌰𐌿 𐍆𐍂𐌰𐌼 𐌸𐌰𐌹𐌼𐌴𐌹 𐍃𐌺𐌿𐌻𐌳𐌰 𐍆𐌰𐌲𐌹𐌽𐍉𐌽, 𐌲𐌰𐍄𐍂𐌰𐌿𐌰𐌽𐌳𐍃 𐌹𐌽 𐌰𐌻𐌻𐌰𐌹𐌼 𐌹𐌶𐍅𐌹𐍃 𐌸𐌰𐍄𐌴𐌹 𐌼𐌴𐌹𐌽𐌰 𐍆𐌰𐌷𐌴𐌸𐍃 𐌰𐌻𐌻𐌰𐌹𐌶𐌴 𐌹𐌶𐍅𐌰𐍂𐌰 𐌹𐍃𐍄. 𐌾𐌰𐌷 𐌸𐌰𐍄𐌰 𐍃𐌹𐌻𐌱𐍉 𐌲𐌰𐌼𐌴𐌻𐌹𐌳𐌰 𐌹𐌶𐍅𐌹𐍃, 𐌴𐌹 𐌵𐌹𐌼𐌰𐌽𐌳𐍃 𐍃𐌰𐌿𐍂𐌲𐌰 𐌽𐌹 𐌷𐌰𐌱𐌰𐌿 𐍆𐍂𐌰𐌼 𐌸𐌰𐌹𐌼𐌴𐌹 𐍃𐌺𐌿𐌻𐌳𐌰 𐍆𐌰(𐌲𐌹)𐌽𐍉𐌽, 𐌲𐌰𐍄𐍂𐌰𐌿𐌰𐌽𐌳𐍃 𐌹𐌽 𐌰𐌻𐌻𐌰𐌹𐌼 𐌹𐌶𐍅𐌹𐍃 𐌸𐌰𐍄𐌴𐌹 𐌼𐌴𐌹𐌽𐌰 𐍆𐌰𐌷𐌴𐌳𐍃 𐌰𐌻𐌻𐌰𐌹𐌶𐌴 𐌹𐌶𐍅𐌰𐍂𐌰 𐌹𐍃𐍄."
II Corinthians,2,4,"𐌰𐌸𐌸𐌰𐌽 𐌿𐍃 𐌼𐌰𐌽𐌰𐌲𐌰𐌹 𐌰𐌲𐌻𐍉𐌽 𐌾𐌰𐌷 𐌰𐌲𐌲𐍅𐌹𐌸𐌰𐌹 𐌷𐌰𐌹𐍂𐍄𐌹𐌽𐍃 𐌲𐌰𐌼𐌴𐌻𐌹𐌳𐌰 𐌹𐌶𐍅𐌹𐍃 𐌸𐌰𐌹𐍂𐌷 𐌼𐌰𐌽𐌰𐌲𐌰 𐍄𐌰𐌲𐍂𐌰, 𐌽𐌹 𐌸𐌴𐌴𐌹 𐍃𐌰𐌿𐍂𐌲𐌰𐌹𐌸, 𐌰𐌺 𐌴𐌹 𐍆𐍂𐌹𐌾𐌰𐌸𐍅𐌰 𐌺𐌿𐌽𐌽𐌴𐌹𐌸 𐌸𐍉𐌴𐌹 𐌷𐌰𐌱𐌰 𐌿𐍆𐌰𐍂𐌰𐍃𐍃𐌰𐌿 𐌳𐌿 𐌹𐌶𐍅𐌹𐍃. 𐌰𐌸𐌸𐌰𐌽 𐌿𐍃 𐌼𐌰𐌽𐌰𐌲𐌰𐌹 𐌰𐌲𐌻𐍉𐌽 𐌾𐌰𐌷 𐌰𐌲𐌲𐍅𐌹𐌸𐌰𐌹 𐌷𐌰𐌹𐍂𐍄𐌹𐌽𐍃 𐌲𐌰𐌼𐌴𐌻𐌹𐌳𐌰 𐌹𐌶𐍅𐌹𐍃 𐌸𐌰𐌹𐍂𐌷 𐌼𐌰𐌽𐌰𐌲𐌰 𐍄𐌰𐌲𐍂𐌰, 𐌽𐌹 𐌸𐌴𐌴𐌹 𐍃𐌰𐌿𐍂𐌲𐌰𐌹𐌸, 𐌰𐌺 𐌴𐌹 𐍆𐍂𐌹𐌰𐌸𐍅𐌰 𐌺𐌿𐌽𐌽𐌴𐌹𐌸 𐌸𐍉𐌴𐌹 𐌷𐌰𐌱𐌰 𐌿𐍆𐌰𐍂𐌰𐍃𐍃𐌰𐌿 𐌳𐌿 𐌹𐌶𐍅𐌹𐍃."
II Corinthians,2,5,"𐌰𐌸𐌸𐌰𐌽 𐌾𐌰𐌱𐌰𐌹 𐍈𐌰𐍃 𐌲𐌰𐌿𐍂𐌹𐌳𐌰, 𐌽𐌹 𐌼𐌹𐌺 𐌲𐌰𐌿𐍂𐌹𐌳𐌰, 𐌰𐌺 𐌱𐌹 𐍃𐌿𐌼 𐌰𐌹𐌽, 𐌴𐌹 𐌽𐌹 𐌰𐌽𐌰𐌺𐌰𐌿𐍂𐌾𐌰𐌿, 𐌰𐌻𐌻𐌰𐌽𐍃 𐌹𐌶𐍅𐌹𐍃. 𐌰𐌸𐌸𐌰𐌽 𐌾𐌰𐌱𐌰𐌹 𐍈𐌰𐍃 𐌲𐌰𐌿𐍂𐌹𐌳𐌰, 𐌽𐌹 𐌼𐌹𐌺 𐌲𐌰𐌿𐍂𐌹𐌳𐌰, 𐌰𐌺 𐌱𐌹 𐍃𐌿𐌼 𐌰𐌹𐌽, 𐌴𐌹 𐌽𐌹 𐌰𐌽𐌰𐌺𐌰𐌿𐍂𐌾𐌰𐌿, 𐌰𐌻𐌻𐌰𐌽𐍃 𐌹𐌶𐍅𐌹𐍃."
II Corinthians,2,6,"𐌲𐌰𐌽𐌰𐌷 𐌸𐌰𐌼𐌼𐌰 𐍃𐍅𐌰𐌻𐌴𐌹𐌺𐌰𐌼𐌼𐌰 𐌰𐌽𐌳𐌰𐌱𐌴𐌹𐍄 𐌸𐌰𐍄𐌰 𐍆𐍂𐌰𐌼 𐌼𐌰𐌽𐌰𐌲𐌹𐌶𐌰𐌼, 𐌲𐌰𐌽𐌰𐌷 𐌸𐌰𐌼𐌼𐌰 𐍃𐍅𐌰𐌻𐌴𐌹𐌺𐌰𐌼𐌼𐌰 𐌰𐌽𐌳𐌰𐌱𐌴𐌹𐍄 𐌸𐌰𐍄𐌰 𐍆𐍂𐌰𐌼 𐌼𐌰𐌽𐌰𐌲𐌹𐌶𐌰𐌼,"
II Corinthians,2,7,"𐍃𐍅𐌰𐌴𐌹 𐌸𐌰𐍄𐌰 𐌰𐌽𐌳𐌰𐌽𐌴𐌹𐌸𐍉 𐌹𐌶𐍅𐌹𐍃 𐌼𐌰𐌹𐍃 𐍆𐍂𐌰𐌲𐌹𐌱𐌰𐌽 𐌾𐌰𐌲~𐌲𐌰𐌸𐌻𐌰𐌹𐌷𐌰𐌽, 𐌹𐌱𐌰𐌹 𐌰𐌿𐍆𐍄𐍉 𐌼𐌰𐌽𐌰𐌲𐌹𐌶𐌴𐌹𐌽 𐍃𐌰𐌿𐍂𐌲𐌰𐌹 𐌲𐌰𐍃𐌹𐌲𐌲𐌵𐌰𐌹 𐍃𐌰 𐍃𐍅𐌰𐌻𐌴𐌹𐌺𐍃. 𐍃𐍅𐌰𐌴𐌹 𐌸𐌰𐍄𐌰 𐌰𐌽𐌳𐌰𐌽𐌴𐌹𐌸𐍉 𐌹𐌶𐍅𐌹𐍃 𐌼𐌰𐌹𐍃 𐍆𐍂𐌰𐌲𐌹𐌱𐌰𐌽 𐌾𐌰𐌷 𐌲𐌰𐌸𐌻𐌰𐌹𐌷𐌰𐌽, 𐌹𐌱𐌰𐌹 𐌰𐌿𐍆𐍄𐍉 𐌼𐌰𐌽𐌰𐌲𐌹𐌶𐌴𐌹𐌽 𐍃𐌰𐌿𐍂𐌲𐌰𐌹 𐌲𐌰𐍃𐌹𐌲𐌲𐌵𐌰𐌹 𐍃𐌰 𐍃𐍅𐌰𐌻𐌴𐌹𐌺𐍃."
II Corinthians,2,8,𐌹𐌽𐌿𐌸~𐌸𐌹𐍃 𐌱𐌹𐌳𐌾𐌰 𐌹𐌶𐍅𐌹𐍃 𐍄𐌿𐌻𐌲𐌾𐌰𐌽 𐌹𐌽 𐌹𐌼𐌼𐌰 𐍆𐍂𐌹𐌰𐌸𐍅𐌰. 𐌹𐌽𐌿𐌷 𐌸𐌹𐍃 𐌱𐌹𐌳𐌾𐌰 𐌹𐌶𐍅𐌹𐍃 𐍄𐌿𐌻𐌲𐌾𐌰𐌽 𐌹𐌽 𐌹𐌼𐌼𐌰 𐍆𐍂𐌹𐌰𐌸𐍅𐌰.
II Corinthians,2,9,"𐌳𐌿𐌸𐌸𐌴 𐌲𐌰𐌼𐌴𐌻𐌹𐌳𐌰 𐌴𐌹 𐌿𐍆𐌺𐌿𐌽𐌽𐌰𐌿 𐌺𐌿𐍃𐍄𐌿 𐌹𐌶𐍅𐌰𐍂𐌰𐌽𐌰, 𐍃𐌹𐌾𐌰𐌹𐌳𐌿 𐌹𐌽 𐌰𐌻𐌻𐌰𐌼𐌼𐌰 𐌿𐍆𐌷𐌰𐌿𐍃𐌾𐌰𐌽𐌳𐌰𐌽𐍃. 𐌳𐌿𐌸𐌸𐌴 𐌲𐌰𐌼𐌴𐌻𐌹𐌳𐌰 𐌴𐌹 𐌿𐍆𐌺𐌿𐌽𐌽𐌰𐌿 𐌺𐌿𐍃𐍄𐌿 𐌹𐌶𐍅𐌰𐍂𐌰𐌽𐌰, 𐍃𐌹𐌾𐌰𐌹𐌳𐌿 𐌹𐌽 𐌰𐌻𐌻𐌰𐌼𐌼𐌰 𐌿𐍆𐌷𐌰𐌿𐍃𐌾𐌰𐌽𐌳𐌰𐌽𐍃."
II Corinthians,2,10,"𐌰𐌸𐌸𐌰𐌽 𐌸𐌰𐌼𐌼𐌴𐌹 𐍈𐌰 𐍆𐍂𐌰𐌲𐌹𐌱𐌹𐌸, 𐌾𐌰𐌷 𐌹𐌺; 𐌾𐌰𐌷 𐌸𐌰𐌽 𐌹𐌺, 𐌾𐌰𐌱𐌰𐌹 𐍈𐌰 𐍆𐍂𐌰𐌲𐌰𐍆, 𐍆𐍂𐌰𐌲𐌰𐍆 𐌹𐌽 𐌹𐌶𐍅𐌰𐍂𐌰 𐌹𐌽 𐌰𐌽𐌳𐍅𐌰𐌹𐍂𐌸𐌾𐌰 𐍇𐍂𐌹𐍃𐍄𐌰𐌿𐍃, 𐌰𐌸𐌸𐌰𐌽 𐌸𐌰𐌼𐌼𐌴𐌹 (𐍈𐌰) 𐍆𐍂𐌰𐌲𐌹𐌱𐌹𐌸, 𐌾𐌰𐌷 𐌹𐌺; 𐌾𐌰𐌷 𐌸𐌰𐌽 𐌹𐌺, 𐌾𐌰𐌱𐌰𐌹 𐍈𐌰 𐍆𐍂𐌰𐌲𐌹𐌱𐌰, 𐍆𐍂𐌰𐌲𐌹𐌱𐌰 𐌹𐌽 𐌹𐌶𐍅𐌰𐍂𐌰 𐌹𐌽 𐌰𐌽𐌳𐍅𐌰𐌹𐍂𐌸𐌾𐌰 𐍇𐍂𐌹𐍃𐍄𐌰𐌿𐍃,"
II Corinthians,2,11,𐌴𐌹 𐌽𐌹 𐌲𐌰𐌰𐌹𐌲𐌹𐌽𐍉𐌽𐌳𐌰𐌿 𐍆𐍂𐌰𐌼 𐍃𐌰𐍄𐌰𐌽𐌹𐌽; 𐌿𐌽𐍄𐌴 𐌽𐌹 𐍃𐌹𐌾𐌿𐌼 𐌿𐌽𐍅𐌹𐍄𐌰𐌽𐌳𐌰𐌽𐍃 𐌼𐌿𐌽𐌹𐌽𐍃 𐌹𐍃. 𐌴𐌹 𐌽𐌹 𐌲𐌰(𐌰)𐌹𐌲𐌹𐌽𐍉𐌽𐌳𐌰𐌿 𐍆𐍂𐌰𐌼 𐍃𐌰𐍄𐌰𐌽𐌹𐌽; 𐌿𐌽𐍄𐌴 𐌽𐌹 𐍃𐌹𐌾𐌿𐌼 𐌿𐌽𐍅𐌹𐍄𐌰𐌽𐌳𐌰𐌽𐍃 𐌼𐌿𐌽𐌹𐌽𐍃 𐌹𐍃.
II Corinthians,2,12,"𐌰𐌸𐌸𐌰𐌽 𐌵𐌹𐌼𐌰𐌽𐌳𐍃 𐌹𐌽 𐍄𐍂𐌰𐌿𐌰𐌳𐌰𐌹 𐌹𐌽 𐌰𐌹𐍅𐌰𐌲𐌲𐌴𐌻𐌾𐍉𐌽𐍃 𐍇𐍂𐌹𐍃𐍄𐌰𐌿𐍃 𐌾𐌰𐌷 𐌰𐍄 𐌷𐌰𐌿𐍂𐌳𐌰𐌹 𐌼𐌹𐍃 𐌿𐍃𐌻𐌿𐌺𐌰𐌽𐌰𐌹 𐌹𐌽 𐍆𐍂𐌰𐌿𐌾𐌹𐌽, 𐌰𐌸𐌸𐌰𐌽 𐌵𐌹𐌼𐌰𐌽𐌳𐍃 𐌹𐌽 𐍄𐍂𐌰𐌿𐌰𐌳𐌰𐌹 𐌹𐌽 𐌰𐌹𐍅𐌰𐌲𐌲𐌴𐌻𐌾𐍉𐌽 𐍇𐍂𐌹𐍃𐍄𐌰𐌿𐍃 𐌾𐌰𐌷 𐌰𐍄 𐌷𐌰𐌿𐍂𐌳𐌰𐌹 𐌼𐌹𐍃 𐌿𐍃𐌻𐌿𐌺𐌰𐌽𐌰𐌹 𐌹𐌽 𐍆𐍂𐌰𐌿𐌾𐌹𐌽,"
II Corinthians,2,13,"𐌽𐌹 𐌷𐌰𐌱𐌰𐌹𐌳𐌰 𐌲𐌰𐍈𐌴𐌹𐌻𐌰𐌹𐌽 𐌰𐌷𐌼𐌹𐌽 𐌼𐌴𐌹𐌽𐌰𐌼𐌼𐌰, 𐌹𐌽 𐌸𐌰𐌼𐌼𐌴𐌹 𐌽𐌹 𐌱𐌹𐌲𐌰𐍄 𐍄𐌴𐌹𐍄𐌰𐌿𐌽 𐌱𐍂𐍉𐌸𐌰𐍂 𐌼𐌴𐌹𐌽𐌰𐌽𐌰; 𐌰𐌺 𐍄𐍅𐌹𐍃𐍃𐍄𐌰𐌽𐌳𐌰𐌽𐌳𐍃 𐌹𐌼 𐌲𐌰𐌻𐌰𐌹𐌸 𐌹𐌽 𐌼𐌰𐌺𐌰𐌹𐌳𐍉𐌽𐌾𐌰. 𐌽𐌹 𐌷𐌰𐌱𐌰𐌹𐌳𐌰 𐌲𐌰𐍈𐌴𐌹𐌻𐌰𐌹𐌽 𐌰𐌷𐌼𐌹𐌽 𐌼𐌴𐌹𐌽𐌰𐌼𐌼𐌰, 𐌹𐌽 𐌸𐌰𐌼𐌼𐌴𐌹 𐌽𐌹 𐌱𐌹𐌲𐌰𐍄 𐍄𐌴𐌹𐍄𐌰𐌿𐌽 𐌱𐍂𐍉𐌸𐌰𐍂 𐌼𐌴𐌹𐌽𐌰𐌽𐌰; 𐌰𐌺 𐍄𐍅𐌹𐍃𐍄𐌰𐌽𐌳𐌰𐌽𐌳𐍃 𐌹𐌼𐌼𐌰 𐌲𐌰𐌻𐌰𐌹𐌸 𐌹𐌽 [𐌹𐌽] 𐌼𐌰𐌺𐌹𐌳𐍉𐌽𐌾𐌰."
II Corinthians,2,14,𐌰𐌸𐌸𐌰𐌽 𐌲𐌿𐌳𐌰 𐌰𐍅𐌹𐌻𐌹𐌿𐌸 𐌸𐌰𐌼𐌼𐌰 𐍃𐌹𐌽𐍄𐌴𐌹𐌽𐍉 𐌿𐍃𐍄𐌰𐌹𐌺𐌽𐌾𐌰𐌽𐌳𐌹𐌽 𐌷𐍂𐍉𐌸𐌴𐌹𐌲𐌰𐌽𐍃 𐌿𐌽𐍃 𐌹𐌽 𐍇𐍂𐌹𐍃𐍄𐌰𐌿 𐌾𐌰𐌷 𐌳𐌰𐌿𐌽 𐌺𐌿𐌽𐌸𐌾𐌹𐍃 𐍃𐌴𐌹𐌽𐌹𐍃 𐌲𐌰𐌱𐌰𐌹𐍂𐌷𐍄𐌾𐌰𐌽𐌳𐌹𐌽 𐌸𐌰𐌹𐍂𐌷 𐌿𐌽𐍃 𐌹𐌽 𐌰𐌻𐌻𐌰𐌹𐌼 𐍃𐍄𐌰𐌳𐌹𐌼; 𐌰𐌸𐌸𐌰𐌽 𐌲𐌿𐌳𐌰 𐌰𐍅𐌹𐌻𐌹𐌿𐌳 𐌸𐌰𐌼𐌼𐌰 𐍃𐌹𐌽𐍄𐌴𐌹𐌽𐍉 𐌿𐍃𐍄𐌰𐌹𐌺𐌽𐌾𐌰𐌽𐌳𐌹𐌽 𐌷𐍂𐍉𐌸𐌴𐌹𐌲𐌰𐌽𐍃 𐌿𐌽𐍃 𐌹𐌽 𐍇𐍂𐌹𐍃𐍄𐌰𐌿 𐌾𐌰𐌷 𐌳𐌰𐌿𐌽 𐌺𐌿𐌽𐌸𐌾𐌹𐍃 𐍃𐌴𐌹𐌽𐌹𐍃 𐌲𐌰𐌱𐌰𐌹𐍂𐌷𐍄𐌾𐌰𐌽𐌳𐌹𐌽 𐌹𐌽 𐌰𐌻𐌻𐌰𐌹𐌼 𐍃𐍄𐌰𐌳𐌹𐌼 𐌸𐌰𐌹𐍂𐌷 𐌿𐌽𐍃;
II Corinthians,2,15,𐌿𐌽𐍄𐌴 𐍇𐍂𐌹𐍃𐍄𐌰𐌿𐍃 𐌳𐌰𐌿𐌽𐍃 𐍃𐌹𐌾𐌿𐌼 𐍅𐍉𐌸𐌹 𐌲𐌿𐌳𐌰 𐌹𐌽 𐌸𐌰𐌹𐌼 𐌲𐌰𐌽𐌹𐍃𐌰𐌽𐌳𐌰𐌼 𐌾𐌰𐌷 𐌹𐌽 𐌸𐌰𐌹𐌼 𐍆𐍂𐌰𐌵𐌹𐍃𐍄𐌽𐌰𐌽𐌳𐌰𐌼; 𐌿𐌽𐍄𐌴 𐍇𐍂𐌹𐍃𐍄𐌰𐌿𐍃 𐌳𐌰𐌿𐌽𐍃 𐍃𐌹𐌾𐌿𐌼 𐍅𐍉𐌸𐌹 𐌲𐌿𐌳𐌰 𐌹𐌽 𐌸𐌰𐌹𐌼 𐌲𐌰𐌽𐌹𐍃𐌰𐌽𐌳𐌰𐌼 𐌾𐌰𐌷 𐌹𐌽 𐌸𐌰𐌹𐌼 𐍆𐍂𐌰𐌵𐌹𐍃𐍄𐌽𐌰𐌽𐌳𐌰𐌼;
II Corinthians,2,16,"𐍃𐌿𐌼𐌰𐌹𐌼 𐌳𐌰𐌿𐌽𐍃 𐌿𐍃 𐌳𐌰𐌿𐌸𐌰𐌿 𐌳𐌿 𐌳𐌰𐌿𐌸𐌰𐌿, 𐍃𐌿𐌼𐌰𐌹𐌼𐌿𐌸~𐌸𐌰𐌽 𐌳𐌰𐌿𐌽𐍃 𐌿𐍃 𐌻𐌹𐌱𐌰𐌹𐌽𐌰𐌹 𐌳𐌿 𐌻𐌹𐌱𐌰𐌹𐌽𐌰𐌹; 𐌾𐌰𐌳~𐌳𐌿 𐌸𐌰𐌼𐌼𐌰 𐍈𐌰𐍃 𐍅𐌰𐌹𐍂𐌸𐍃? 𐍃𐌿𐌼𐌰𐌹𐌼 𐌰𐌿𐌺 𐌳𐌰𐌿𐌽𐍃 𐌳𐌰𐌿𐌸𐌰𐌿𐍃 𐌳𐌿 𐌳𐌰𐌿𐌸𐌰𐌿, 𐍃𐌿𐌼𐌰𐌹𐌼𐌿𐌸~𐌸𐌰𐌽 𐌳𐌰𐌿𐌽𐍃 𐌿𐍃 𐌻𐌹𐌱𐌰𐌹𐌽𐌰𐌹 𐌳𐌿 𐌻𐌹𐌱𐌰𐌹𐌽𐌰𐌹; 𐌾𐌰𐌷 𐌳𐌿 𐌸𐌰𐌼𐌼𐌰 𐍈𐌰𐍃 𐍅𐌰𐌹𐍂𐌸𐍃?"
II Corinthians,2,17,"𐌿𐌽𐍄𐌴 𐌽𐌹 𐍃𐌹𐌿𐌼 𐍃𐍅𐌴 𐍃𐌿𐌼𐌰𐌹 𐌼𐌰𐌹𐌳𐌾𐌰𐌽𐌳𐌰𐌽𐍃 𐍅𐌰𐌿𐍂𐌳 𐌲𐌿𐌳𐌹𐍃, 𐌰𐌺 𐌿𐍃 𐌷𐌻𐌿𐍄𐍂𐌹𐌸𐌰𐌹, 𐌰𐌺 𐍃𐍅𐌰𐍃𐍅𐌴 𐌿𐍃 𐌲𐌿𐌳𐌰 𐌹𐌽 𐌰𐌽𐌳𐍅𐌰𐌹𐍂𐌸𐌾𐌰 𐌲𐌿𐌳𐌹𐍃 𐌹𐌽 𐍇𐍂𐌹𐍃𐍄𐌰𐌿 𐍂𐍉𐌳𐌾𐌰𐌼. 𐌿𐌽𐍄𐌴 𐌽𐌹 𐍃𐌹𐌾𐌿𐌼 𐍃𐌿𐌼𐌰𐌹 𐌼𐌰𐌹𐌳𐌾𐌰𐌽𐌳𐌰𐌽𐍃 𐍅𐌰𐌿𐍂𐌳 𐌲𐌿𐌳𐌹𐍃, 𐌰𐌺 𐌿𐍃 𐌷𐌻𐌿𐍄𐍂𐌹𐌸𐌰𐌹, 𐌰𐌺 𐍃(𐍅𐌰)𐍃𐍅𐌴 𐌿𐍃 𐌲𐌿𐌳𐌰 𐌹𐌽 𐌰𐌽𐌳𐍅𐌰𐌹𐍂𐌸𐌾𐌰 𐌲𐌿𐌳𐌹𐍃 𐌹𐌽 𐍇𐍂𐌹𐍃𐍄𐌰𐌿 𐍂𐍉𐌳𐌾𐌰𐌼."
II Corinthians,3,1,"𐌳𐌿𐌲𐌹𐌽𐌽𐌰𐌼 𐌰𐍆𐍄𐍂𐌰 𐌿𐌽𐍃 𐍃𐌹𐌻𐌱𐌰𐌽𐍃 𐌰𐌽𐌰𐍆𐌹𐌻𐌷𐌰𐌽? 𐌰𐌹𐌸𐌸𐌰𐌿 𐌹𐌱𐌰𐌹 𐌸𐌰𐌿𐍂𐌱𐌿𐌼 𐍃𐍅𐌴 𐍃𐌿𐌼𐌰𐌹 𐌰𐌽𐌰𐍆𐌹𐌻𐌷𐌹𐍃 𐌱𐍉𐌺𐍉 𐌳𐌿 𐌹𐌶𐍅𐌹𐍃, 𐌰𐌹𐌸𐌸𐌰𐌿 𐌿𐍃 𐌹𐌶𐍅𐌹𐍃 𐌰𐌽𐌰𐍆𐌹𐌻𐌷𐌹𐍃? 𐌳𐌿𐌲(𐌹𐌽)𐌽𐌰𐌼 𐌰𐍆𐍄𐍂(𐌰) 𐌿𐌽𐍃 𐍃𐌹𐌻𐌱𐌰𐌽𐍃 𐌰𐌽𐌰𐍆𐌹𐌻𐌷𐌰𐌽? 𐌰𐌹𐌸𐌸𐌰𐌿 𐌹𐌱𐌰𐌹 𐌸𐌰𐌿𐍂(𐌱)𐌿𐌼 𐍃𐍅𐌴 𐍃𐌿𐌼𐌰𐌹 𐌰𐌽𐌰𐍆𐌹𐌻(𐌷)𐌹𐍃 𐌱𐍉𐌺𐍉 𐌳𐌿 𐌹𐌶𐍅𐌹𐍃, 𐌰𐌹𐌸𐌸𐌰𐌿 𐌿𐍃 𐌹𐌶𐍅𐌹𐍃 𐌰𐌽𐌰𐍆𐌹𐌻𐌷𐌹𐍃?"
II Corinthians,3,2,"𐌰𐌹𐍀𐌹𐍃𐍄𐌰𐌿𐌻𐌴 𐌿𐌽𐍃𐌰𐍂𐌰 𐌾𐌿𐍃 𐍃𐌹𐌾𐌿𐌸, 𐌲𐌰𐌼𐌴𐌻𐌹𐌳𐌰 𐌹𐌽 𐌷𐌰𐌹𐍂𐍄𐌰𐌼 𐌿𐌽𐍃𐌰𐍂𐌰𐌹𐌼, 𐌺𐌿𐌽𐌸𐌰 𐌾𐌰𐌷 𐌰𐌽𐌰𐌺𐌿𐌽𐌽𐌰𐌹𐌳𐌰 𐍆𐍂𐌰𐌼 𐌰𐌻𐌻𐌰𐌹𐌼 𐌼𐌰𐌽𐌽𐌰𐌼. 𐌰𐌹𐍀𐌹𐍃𐍄𐌰𐌿𐌻𐌴 𐌿𐌽𐍃𐌰𐍂𐌰 𐌾𐌿𐍃 𐍃𐌹𐌾𐌿𐌸, 𐌲𐌰𐌼𐌴𐌻𐌹𐌳𐌰 𐌹𐌽 𐌷𐌰𐌹𐍂𐍄𐌰𐌼 𐌿𐌽𐍃𐌰𐍂𐌰𐌹𐌼, 𐌺𐌿𐌽𐌸𐌰 𐌾𐌰𐌷 𐌰𐌽𐌰𐌺𐌿𐌽𐌽𐌰𐌹𐌳𐌰 𐍆𐍂𐌰𐌼 𐌰𐌻𐌻𐌰𐌹𐌼 𐌼𐌰𐌽𐌽𐌰𐌼."
II Corinthians,3,3,"𐍃𐍅𐌹𐌺𐌿𐌽𐌸𐌰𐌹 𐌸𐌰𐍄𐌴𐌹 𐍃𐌹𐌿𐌸 𐌰𐌹𐍀𐌹𐍃𐍄𐌰𐌿𐌻𐌴 𐍇𐍂𐌹𐍃𐍄𐌰𐌿𐍃, 𐌰𐌽𐌳𐌱𐌰𐌷𐍄𐌹𐌳𐌰 𐍆𐍂𐌰𐌼 𐌿𐌽𐍃, 𐌹𐌽𐌽𐌰 𐌲𐌰𐌼𐌴𐌻𐌹𐌳𐌰 𐌽𐌹 𐍃𐍅𐌰𐍂𐍄𐌹𐌶𐌰, 𐌰𐌺 𐌰𐌷𐌼𐌹𐌽 𐌲𐌿𐌳𐌹𐍃 𐌻𐌹𐌱𐌰𐌽𐌳𐌹𐌽𐍃, 𐌽𐌹 𐌹𐌽 𐍃𐍀𐌹𐌻𐌳𐍉𐌼 𐍃𐍄𐌰𐌹𐌽𐌴𐌹𐌽𐌰𐌹𐌼, 𐌰𐌺 𐌹𐌽 𐍃𐍀𐌹𐌻𐌳𐍉𐌼 𐌷𐌰𐌹𐍂𐍄𐌰𐌽𐌴 𐌻𐌴𐌹𐌺𐌴𐌹𐌽𐌰𐌹𐌼. 𐍃𐍅𐌹𐌺𐌿𐌽𐌸 𐌸𐌰𐍄𐌴𐌹 𐍃𐌹𐌾𐌿𐌸 𐌰𐌹𐍀𐌹𐍃𐍄𐌰𐌿𐌻𐌴 𐍇𐍂𐌹𐍃𐍄𐌰𐌿𐍃, 𐌰𐌽𐌳𐌱𐌰(𐌷)𐍄𐌹𐌳𐌰 𐍆𐍂𐌰𐌼 𐌿𐌽𐍃, 𐌹𐌽𐌽𐌰 𐌲𐌰𐌼𐌴𐌻𐌹𐌳𐌰 𐌽𐌹 𐍃𐍅𐌰𐍂𐍄𐌹𐌶𐌻𐌰, 𐌰𐌺 𐌰𐌷𐌼𐌹𐌽 𐌲𐌿𐌳𐌹𐍃 𐌻𐌹𐌱𐌰𐌽𐌳𐌹𐌽𐍃, 𐌽𐌹 𐌹𐌽 𐍃𐍀𐌹𐌻𐌳𐍉𐌼 𐍃𐍄𐌰𐌹𐌽𐌴𐌹𐌽𐌰𐌹𐌼, 𐌰𐌺 𐌹𐌽 𐍃𐍀𐌹𐌻𐌳𐍉𐌼 𐌷𐌰𐌹𐍂𐍄𐌰𐌽𐌴 𐌻𐌴𐌹𐌺𐌴𐌹𐌽𐌰𐌹𐌼."
II Corinthians,3,4,"𐌰𐌸𐌸𐌰𐌽 𐍄𐍂𐌰𐌿𐌰𐌹𐌽 𐍃𐍅𐌰𐌻𐌴𐌹𐌺𐌰 𐌷𐌰𐌱𐌰𐌼 𐌸𐌰𐌹𐍂𐌷 𐍇𐍂𐌹𐍃𐍄𐌿 𐌳𐌿 𐌲𐌿𐌳𐌰, 𐌰𐌸𐌸𐌰𐌽 𐍄𐍂𐌰𐌿𐌰𐌹𐌽 𐍃𐍅𐌰𐌻𐌴𐌹𐌺𐌰 𐌷𐌰𐌱𐌰𐌼 𐌸𐌰𐌹𐍂𐌷 𐍇𐍂𐌹𐍃𐍄𐌿 𐌳𐌿 𐌲𐌿𐌳𐌰,"
II Corinthians,3,5,"𐌽𐌹 𐌸𐌰𐍄𐌴𐌹 𐍅𐌰𐌹𐍂𐌸𐌰𐌹 𐍃𐌹𐌾𐌰𐌹𐌼𐌰 𐌸𐌰𐌲𐌺𐌾𐌰𐌽 𐍈𐌰 𐌰𐍆 𐌿𐌽𐍃 𐍃𐌹𐌻𐌱𐌰𐌼, 𐌰𐌺 𐍃𐍉 𐍅𐌰𐌹𐍂𐌸𐌹𐌳𐌰 𐌿𐌽𐍃𐌰𐍂𐌰 𐌿𐍃 𐌲𐌿𐌳𐌰 𐌹𐍃𐍄, 𐌽𐌹 𐌸𐌰𐍄𐌴𐌹 𐍅𐌰𐌹𐍂𐌸𐌰𐌹 𐍃𐌹𐌾𐌰𐌹𐌼𐌰 𐌸𐌰𐌲𐌺𐌾𐌰𐌽 𐍈𐌰 𐌰𐍆 𐌿𐌽𐍃 𐍃𐌹𐌻𐌱𐌰𐌼, 𐍃𐍅𐌰𐍃𐍅𐌴 𐌰𐍆 𐌿𐌽𐍃 𐍃𐌹𐌻𐌱𐌰𐌼, 𐌰𐌺 𐍃𐍉 𐍅𐌰𐌹𐍂𐌸𐌹𐌳𐌰 𐌿𐌽𐍃𐌰𐍂𐌰 𐌿𐍃 𐌲𐌿𐌳𐌰 𐌹𐍃𐍄,"
II Corinthians,3,6,"𐌹𐌶𐌴𐌹 𐌾𐌰𐌷 𐍅𐌰𐌹𐍂𐌸𐌰𐌽𐍃 𐌱𐍂𐌰𐌷𐍄𐌰 𐌿𐌽𐍃 𐌰𐌽𐌳𐌱𐌰𐌷𐍄𐌰𐌽𐍃 𐌽𐌹𐌿𐌾𐌰𐌹𐌶𐍉𐍃 𐍄𐍂𐌹𐌲𐌲𐍅𐍉𐍃, 𐌽𐌹 𐌱𐍉𐌺𐍉𐍃, 𐌰𐌺 𐌰𐌷𐌼𐌹𐌽𐍃; 𐌿𐌽𐍄𐌴 𐌱𐍉𐌺𐌰 𐌿𐍃𐌵𐌹𐌼𐌹𐌸, 𐌹𐌸 𐌰𐌷𐌼𐌰 𐌲𐌰𐌵𐌹𐌿𐌾𐌹𐌸. 𐌹𐌶𐌴𐌹 𐌾𐌰𐌷 𐍅𐌰𐌹𐍂𐌸𐌰𐌽𐍃 𐌱𐍂𐌰𐌷𐍄𐌰 𐌿𐌽𐍃 (𐌰𐌽𐌳𐌱𐌰)𐌷𐍄𐌰𐌽𐍃 𐌽𐌹𐌿𐌾𐌰𐌹𐌶𐍉𐍃 𐍄𐍂𐌹𐌲𐌲(𐍅𐍉𐍃, 𐌽𐌹) 𐌱𐍉𐌺𐍉𐍃, 𐌰𐌺 𐌰𐌷𐌼𐌹𐌽𐍃; 𐌿𐌽𐍄𐌴 𐌱𐍉(𐌺𐌰) 𐌿𐍃𐌵𐌹𐌼𐌹𐌸, 𐌹𐌸 𐌰𐌷𐌼𐌰 𐌲𐌰𐌵𐌹𐌿𐌾𐌹𐌸."
II Corinthians,3,7,"𐌰𐌸𐌸𐌰𐌽 𐌾𐌰𐌱𐌰𐌹 𐌰𐌽𐌳𐌱𐌰𐌷𐍄𐌹 𐌳𐌰𐌿𐌸𐌰𐌿𐍃 𐌹𐌽 𐌲𐌰𐌼𐌴𐌻𐌴𐌹𐌽𐌹𐌼 𐌲𐌰𐍆𐍂𐌹𐍃𐌰𐌷𐍄𐌹𐌸 𐌹𐌽 𐍃𐍄𐌰𐌹𐌽𐌰𐌼 𐍅𐌰𐍂𐌸 𐍅𐌿𐌻𐌸𐌰𐌲, 𐍃𐍅𐌰𐌴𐌹 𐌽𐌹 𐌼𐌰𐌷𐍄𐌴𐌳𐌴𐌹𐌽𐌰 𐍃𐌿𐌽𐌾𐌿𐍃 𐌹𐍃𐍂𐌰𐌴𐌻𐌹𐍃 𐍆𐌰𐌹𐍂𐍅𐌴𐌹𐍄𐌾𐌰𐌽 𐌳𐌿 𐍅𐌻𐌹𐍄𐌰 𐌼𐍉𐍃𐌴𐌶𐌹𐍃 𐌹𐌽 𐍅𐌿𐌻𐌸𐌰𐌿𐍃 𐍅𐌻𐌹𐍄𐌹𐍃 𐌹𐍃 𐌸𐌹𐍃 𐌲𐌰𐍄𐌰𐌿𐍂𐌽𐌰𐌽𐌳𐌹𐌽𐍃, 𐌰𐌸𐌸𐌰𐌽 𐌾𐌰𐌱𐌰𐌹 𐌰𐌽𐌳𐌱𐌰𐌷𐍄𐌹 𐌳𐌰𐌿𐌸𐌰𐌿𐍃 𐌹𐌽 𐌲𐌰𐌼𐌴𐌻𐌴𐌹𐌽𐌹𐌼 𐌲𐌰𐍆𐍂𐌹𐍃𐌰𐌷𐍄𐌹𐌸 𐌹𐌽 𐍃𐍄𐌰𐌹𐌽𐌰𐌼 𐍅𐌰𐍂𐌸 𐍅𐌿𐌻𐌸𐌰𐌲, 𐍃𐍅𐌰𐌴𐌹 𐌽𐌹 𐌼𐌰𐌷𐍄𐌴[𐌳𐌴]𐌳𐌴𐌹𐌽𐌰 𐍃𐌿𐌽𐌾𐌿𐍃 𐌹𐍃𐍂𐌰𐌴𐌻𐌹𐍃 𐍆𐌰𐌹𐍂𐍅𐌴𐌹𐍄𐌾𐌰𐌽 𐌳𐌿 𐍅𐌻𐌹𐍄𐌰 𐌼𐍉𐍃𐌴𐌶𐌹𐍃 𐌹𐌽 𐍅𐌿𐌻𐌸𐌰𐌿𐍃 𐍅𐌻𐌹𐍄𐌹𐍃 𐌹𐍃 𐌸𐌹𐍃 𐌲𐌰𐍄𐌰𐌿𐍂𐌽𐌰𐌽𐌳𐌹𐌽𐍃,"
II Corinthians,3,8,𐍈𐌰𐌹𐍅𐌰 𐌽𐌴𐌹 𐌼𐌰𐌹𐍃 𐌰𐌽𐌳𐌱𐌰𐌷𐍄𐌹 𐌰𐌷𐌼𐌹𐌽𐍃 𐍅𐌰𐌹𐍂𐌸𐌰𐌹 𐌹𐌽 𐍅𐌿𐌻𐌸𐌰𐌿? 𐍈𐌰𐌹𐍅𐌰 𐌽𐌴𐌹 𐌼𐌰𐌹𐍃 𐌰𐌽𐌳𐌱𐌰𐌷𐍄𐌹 𐌰𐌷𐌼𐌹𐌽𐍃 𐍅𐌰𐌹𐍂𐌸𐌰𐌹 𐌹𐌽 𐍅𐌿𐌻𐌸𐌰𐌿?
II Corinthians,3,9,"𐌾𐌰𐌱𐌰𐌹 𐌰𐌿𐌺 𐌰𐌽𐌳𐌱𐌰𐌷𐍄𐌾𐌰 𐍅𐌰𐍂𐌲𐌹𐌸𐍉𐍃 𐍅𐌿𐌻𐌸𐌿𐍃, 𐌿𐌽𐌳 𐍆𐌹𐌻𐌿 𐌼𐌰𐌹𐍃 𐌿𐍆𐌰𐍂𐌹𐍃𐍄 𐌰𐌽𐌳𐌱𐌰𐌷𐍄𐌹 𐌲𐌰𐍂𐌰𐌹𐌷𐍄𐌴𐌹𐌽𐍃 𐌹𐌽 𐍅𐌿𐌻𐌸𐌰𐌿. 𐌾𐌰𐌱𐌰𐌹 𐌰𐌿𐌺 𐌰𐌽𐌳𐌱𐌰𐌷𐍄𐌹 𐍅𐌰𐍂𐌲𐌹𐌸𐍉𐍃 𐍅𐌿𐌻𐌸𐌿𐍃, 𐌿𐌽𐌳 𐍆𐌹𐌻𐌿 𐌼𐌰𐌹𐍃 𐌿𐍆𐌰𐍂𐌹𐍃𐍄 𐌰𐌽𐌳𐌱𐌰𐌷𐍄𐌹 𐌲𐌰𐍂𐌰𐌹𐌷𐍄𐌴𐌹𐌽𐍃 𐌿(𐍃) 𐍅𐌿𐌻𐌸𐌰𐌿."
II Corinthians,3,10,𐌿𐌽𐍄𐌴 𐌽𐌹 𐍅𐌰𐍃 𐍅𐌿𐌻𐌸𐌰𐌲 𐌸𐌰𐍄𐌰 𐍅𐌿𐌻𐌸𐌰𐌲𐍉 𐌹𐌽 𐌸𐌹𐌶𐌰𐌹 𐌷𐌰𐌻𐌱𐌰𐌹 𐌹𐌽 𐌿𐍆𐌰𐍂𐌰𐍃𐍃𐌰𐌿𐍃 𐍅𐌿𐌻𐌸𐌰𐌿𐍃; 𐌿𐌽𐍄𐌴 𐌽𐌹 𐍅𐌰𐍃 𐍅𐌿𐌻𐌸𐌰𐌲 𐌸𐌰𐍄𐌰 𐍅𐌿𐌻𐌸𐌰𐌲𐍉 𐌹𐌽 𐌸𐌹𐌶𐌰𐌹 𐌷𐌰𐌻𐌱𐌰𐌹 𐌹𐌽 𐌿𐍆𐌰𐍂𐌰𐍃𐍃𐌰𐌿𐍃 𐍅𐌿𐌻𐌸𐌰𐌿𐍃;
II Corinthians,3,11,"𐌾𐌰𐌱𐌰𐌹 𐌰𐌿𐌺 𐌸𐌰𐍄𐌰 𐌲𐌰𐍄𐌰𐌿𐍂𐌽𐌰𐌽𐌳𐍉 𐌸𐌰𐌹𐍂𐌷 𐍅𐌿𐌻𐌸𐌿, 𐌿𐌽𐌳 𐍆𐌹𐌻𐌿 𐌼𐌰𐌹𐍃 𐌸𐌰𐍄𐌰 𐍅𐌹𐍃𐌰𐌽𐌳𐍉 𐌹𐌽 𐍅𐌿𐌻𐌸𐌰𐌿. 𐌾𐌰𐌱𐌰𐌹 𐌰𐌿𐌺 𐌸𐌰𐍄𐌰 𐌲𐌰𐍄𐌰𐌿𐍂𐌽𐌰𐌽𐌳𐍉 𐌸𐌰𐌹𐍂𐌷 𐍅𐌿𐌻𐌸𐌿, 𐌿𐌽𐌳 𐍆𐌹𐌻𐌿 𐌼𐌰𐌹𐍃 𐌸𐌰𐍄𐌰 𐍅𐌹𐍃𐌰𐌽𐌳𐍉 𐌹𐌽 𐍅𐌿𐌻𐌸𐌰𐌿."
II Corinthians,3,12,"𐌷𐌰𐌱𐌰𐌽𐌳𐌰𐌽𐍃 𐌽𐌿 𐍃𐍅𐌰𐌻𐌴𐌹𐌺𐌰 𐍅𐌴𐌽 𐌼𐌰𐌽𐌰𐌲𐌰𐌹𐌶𐍉𐍃 𐌱𐌰𐌻𐌸𐌴𐌹𐌽𐍃 𐌱𐍂𐌿𐌺𐌾𐌰𐌹𐌼𐌰, 𐌷𐌰𐌱𐌰𐌽𐌳𐌰𐌽𐍃 𐌽𐌿 𐍃𐍅𐌰𐌻𐌴𐌹𐌺𐌰 𐍅𐌴𐌽 𐌼𐌰𐌽𐌰𐌲𐌰𐌹𐌶𐍉𐍃 𐌱𐌰𐌻𐌸𐌴𐌹𐌽𐍃 𐌱𐍂𐌿𐌺𐌾𐌰𐌹𐌼𐌰,"
II Corinthians,3,13,"𐌾𐌰𐌽~𐌽𐌹 𐍃𐍅𐌰𐍃𐍅𐌴 𐌼𐍉𐍃𐌴𐌶 𐌻𐌰𐌲𐌹𐌳𐌰 𐌷𐌿𐌻𐌹𐍃𐍄𐍂 𐌰𐌽𐌰 𐌰𐌽𐌳𐌰𐍅𐌻𐌴𐌹𐌶𐌽, 𐌳𐌿𐌸𐌴 𐌴𐌹 𐌽𐌹 𐍆𐌰𐌹𐍂𐍅𐌴𐌹𐍄𐌹𐌳𐌴𐌳𐌴𐌹𐌽𐌰 𐍃𐌿𐌽𐌾𐌿𐍃 𐌹𐍃𐍂𐌰𐌴𐌻𐌹𐍃 𐌹𐌽 𐌰𐌽𐌳𐌹 𐌸𐌹𐍃 𐌲𐌰𐍄𐌰𐌿𐍂𐌽𐌰𐌽𐌳𐌹𐌽𐍃; 𐌾𐌰𐌷 𐌽𐌹 𐍃𐍅𐌰𐍃𐍅𐌴 𐌼𐍉𐍃𐌴𐌶 𐌻𐌰𐌲𐌹𐌳𐌰 𐌷𐌿𐌻𐌹𐍃𐍄𐍂 𐌰𐌽𐌰 𐌰𐌽𐌳𐌰𐍅𐌻𐌴𐌹𐌶𐌽, 𐌳𐌿𐌸𐌴 𐌴𐌹 𐌽𐌹 𐍆𐌰𐌹𐍂𐍅𐌴𐌹𐍄𐌹𐌳𐌴𐌳𐌴𐌹𐌽𐌰 𐍃𐌿𐌽𐌾𐌿𐍃 𐌹𐍃𐍂𐌰𐌴𐌻𐌹𐍃 𐌹𐌽 𐌰𐌽𐌳𐌹 𐌸𐌹𐍃 𐌲𐌰𐍄𐌰𐌿𐍂𐌽𐌰𐌽𐌳𐌹𐌽𐍃;"
II Corinthians,3,14,"𐌰𐌺 𐌰𐍆𐌳𐌰𐌿𐌱𐌽𐍉𐌳𐌴𐌳𐌿𐌽 𐍆𐍂𐌰𐌸𐌾𐌰 𐌹𐌶𐌴, 𐌿𐌽𐍄𐌴 𐌿𐌽𐌳 𐌷𐌹𐌽𐌰 𐌳𐌰𐌲 𐌸𐌰𐍄𐌰 𐍃𐌰𐌼𐍉 𐌷𐌿𐌻𐌹𐍃𐍄𐍂 𐌹𐌽 𐌰𐌽𐌰𐌺𐌿𐌽𐌽𐌰𐌹𐌽𐌰𐌹 𐌸𐌹𐌶𐍉𐍃 𐍆𐌰𐌹𐍂𐌽𐌾𐍉𐌽𐍃 𐍄𐍂𐌹𐌲𐌲𐍅𐍉𐍃 𐍅𐌹𐍃𐌹𐌸 𐌿𐌽𐌰𐌽𐌳𐌷𐌿𐌻𐌹𐌸, 𐌿𐌽𐍄𐌴 𐌹𐌽 𐍇𐍂𐌹𐍃𐍄𐌰𐌿 𐌲𐌰𐍄𐌰𐌹𐍂𐌰𐌳𐌰. 𐌰𐌺 𐌰𐍆𐌳𐌰𐌿𐌱𐌽𐍉𐌳𐌴𐌳𐌿𐌽 𐍆𐍂𐌰𐌸𐌾𐌰 𐌹𐌶𐌴, 𐌿𐌽𐍄𐌴 𐌿𐌽𐌳 𐌷𐌹𐌽𐌰 𐌳𐌰𐌲 𐌸𐌰𐍄𐌰 𐍃𐌰𐌼𐍉 𐌷𐌿𐌻𐌹𐍃𐍄𐍂 𐌹𐌽 𐌰𐌽𐌰𐌺𐌿𐌽𐌽𐌰𐌹𐌽𐌰𐌹 𐌸𐌹𐌶𐍉𐍃 𐍆𐌰𐌹𐍂𐌽𐌾𐍉𐌽𐍃 𐍄𐍂𐌹𐌲𐌲𐍅𐍉𐍃 𐍅𐌹𐍃𐌹𐌸 𐌿𐌽𐌰𐌽𐌳𐌷𐌿𐌻𐌹𐌸, 𐌿𐌽𐍄𐌴 𐌹𐌽 𐍇𐍂𐌹𐍃𐍄𐌰𐌿 𐌲𐌰𐍄𐌰𐌹𐍂𐌰𐌳𐌰."
II Corinthians,3,15,"𐌰𐌺𐌴𐌹 𐌿𐌽𐌳 𐌷𐌹𐌽𐌰 𐌳𐌰𐌲 𐌼𐌹𐌸𐌸𐌰𐌽𐌴𐌹 𐍃𐌹𐌲𐌲𐍅𐌰𐌳𐌰 𐌼𐍉𐍃𐌴𐍃, 𐌷𐌿𐌻𐌹𐍃𐍄𐍂 𐌻𐌹𐌲𐌹𐌸 𐌰𐌽𐌰 𐌷𐌰𐌹𐍂𐍄𐌹𐌽 𐌹𐌶𐌴. 𐌰𐌺𐌴𐌹 𐌿𐌽𐌳 𐌷𐌹𐌽𐌰 𐌳𐌰𐌲 𐌼𐌹𐌸𐌸𐌰𐌽𐌴𐌹 𐍃𐌹𐌲𐌲𐍅𐌰𐌳𐌰 𐌼𐍉𐍃𐌴𐍃, 𐌷𐌿𐌻𐌹𐍃𐍄𐍂 𐌻𐌹𐌲𐌹𐌸 𐌰𐌽𐌰 𐌷𐌰𐌹𐍂𐍄𐌹𐌽 𐌹𐌶𐌴."
II Corinthians,3,16,"𐌰𐌸𐌸𐌰𐌽 𐌼𐌹𐌸𐌸𐌰𐌽𐌴𐌹 𐌲𐌰𐍅𐌰𐌽𐌳𐌴𐌹𐌸 𐌳𐌿 𐍆𐍂𐌰𐌿𐌾𐌹𐌽, 𐌰𐍆𐌽𐌹𐌼𐌰𐌳𐌰 𐌸𐌰𐍄𐌰 𐌷𐌿𐌻𐌹𐍃𐍄𐍂. 𐌰𐌸𐌸𐌰𐌽 𐌼𐌹𐌸𐌸𐌰𐌽𐌴𐌹 𐌲𐌰𐍅𐌰𐌽𐌳𐌴𐌹𐌸 𐌳𐌿 𐍆𐍂𐌰𐌿𐌾𐌹𐌽, 𐌰𐍆𐌽𐌹𐌼𐌰𐌳𐌰 𐌸𐌰𐍄𐌰 𐌷𐌿𐌻𐌹𐍃𐍄𐍂."
II Corinthians,3,17,"𐌰𐌸𐌸𐌰𐌽 𐍆𐍂𐌰𐌿𐌾𐌰 𐌰𐌷𐌼𐌰 𐌹𐍃𐍄; 𐌰𐌸𐌸𐌰𐌽 𐌸𐌰𐍂𐌴𐌹 𐌰𐌷𐌼𐌰 𐍆𐍂𐌰𐌿𐌾𐌹𐌽𐍃, 𐌸𐌰𐍂𐌿𐌷 𐍆𐍂𐌴𐌹𐌾𐌷𐌰𐌻𐍃 𐌹𐍃𐍄. 𐌰𐌸𐌸𐌰𐌽 𐍆𐍂𐌰𐌿𐌾𐌰 𐌰𐌷𐌼𐌰 𐌹𐍃𐍄; 𐌰𐌸𐌸𐌰𐌽 𐌸𐌰𐍂𐌴𐌹 𐌰𐌷𐌼𐌰 𐍆𐍂𐌰𐌿𐌾𐌹𐌽𐍃, 𐌸𐌰𐍂𐌿𐌷 𐍆𐍂𐌴𐌹𐌷𐌰𐌻𐍃 𐌹𐍃𐍄."
II Corinthians,3,18,"𐌰𐌸𐌸𐌰𐌽 𐍅𐌴𐌹𐍃 𐌰𐌻𐌻𐌰𐌹 𐌰𐌽𐌳𐌷𐌿𐌻𐌹𐌳𐌰𐌼𐌼𐌰 𐌰𐌽𐌳𐍅𐌰𐌹𐍂𐌸𐌾𐌰 𐍅𐌿𐌻𐌸𐌿 𐍆𐍂𐌰𐌿𐌾𐌹𐌽𐍃 𐌸𐌰𐌹𐍂𐌷𐍃𐌰𐌹𐍈𐌰𐌽𐌳𐌰𐌽𐍃, 𐌸𐍉 𐍃𐌰𐌼𐍉𐌽 𐍆𐍂𐌹𐍃𐌰𐌷𐍄 𐌹𐌽𐌲𐌰𐌻𐌴𐌹𐌺𐍉𐌽𐌳𐌰 𐌰𐍆 𐍅𐌿𐌻𐌸𐌰𐌿 𐌹𐌽 𐍅𐌿𐌻𐌸𐌿, 𐍃𐍅𐌰𐍃𐍅𐌴 𐌰𐍆 𐍆𐍂𐌰𐌿𐌾𐌹𐌽𐍃 𐌰𐌷𐌼𐌹𐌽. 𐌰𐌸𐌸𐌰𐌽 𐍅𐌴𐌹𐍃 𐌰𐌻𐌻𐌰𐌹 𐌰𐌽𐌳𐌷𐌿𐌻𐌹𐌳𐌰𐌼𐌼𐌰 𐌰𐌽𐌳𐍅𐌰𐌹𐍂𐌸𐌾𐌰 𐍅𐌿𐌻𐌸𐌿 𐍆𐍂𐌰𐌿𐌾𐌹𐌽𐍃 𐌸𐌰𐌹𐍂𐌷𐍃𐌰𐌹𐍈𐌰𐌽𐌳𐌰𐌽𐍃, 𐌸𐍉 𐍃𐌰𐌼𐍉𐌽 𐍆𐍂𐌹𐍃𐌰𐌷𐍄 𐌹𐌽𐌲𐌰𐌻𐌴𐌹𐌺𐍉𐌽𐌳𐌰 𐌰𐍆 𐍅𐌿𐌻𐌸𐌰𐌿 𐌹𐌽 𐍅𐌿𐌻𐌸𐌰𐌿, 𐍃𐍅𐌰𐍃𐍅𐌴 𐌰𐍆 𐍆𐍂𐌰𐌿𐌾𐌹𐌽𐍃 𐌰𐌷𐌼𐌹𐌽."
II Corinthians,4,1,"𐌳𐌿𐌸𐌸𐌴 𐌷𐌰𐌱𐌰𐌽𐌳𐌰𐌽𐍃 𐌸𐌰𐍄𐌰 𐌰𐌽𐌳𐌱𐌰𐌷𐍄𐌴𐌹, 𐍃𐍅𐌰𐍃𐍅𐌴 𐌲𐌰𐌰𐍂𐌼𐌰𐌹𐌳𐌰𐌹 𐍅𐌰𐌿𐍂𐌸𐌿𐌼, 𐌽𐌹 𐍅𐌰𐌹𐍂𐌸𐌰𐌼 𐌿𐍃𐌲𐍂𐌿𐌳𐌾𐌰𐌽𐍃, 𐌳𐌿𐌸𐌸𐌴 𐌷𐌰𐌱𐌰𐌽𐌳𐌰𐌽𐍃 𐌸𐌰𐍄𐌰 𐌰𐌽𐌳𐌱𐌰𐌷𐍄𐌹, 𐍃𐍅𐌰𐍃𐍅𐌴 𐌲𐌰𐌰𐍂𐌼𐌰𐌹𐌳𐌰𐌹 𐍅𐌰𐌿𐍂𐌸𐌿𐌼, 𐌽𐌹 𐍅𐌰𐌹𐍂𐌸𐌰𐌹𐌼𐌰 𐌿𐍃𐌲𐍂(𐌿)𐌳𐌾𐌰𐌽𐍃,"
II Corinthians,4,2,"𐌰𐌺 𐌰𐍆𐍃𐍄𐍉𐌸𐌿𐌼 𐌸𐌰𐌹𐌼 𐌰𐌽𐌰𐌻𐌰𐌿𐌲𐌽𐌾𐌰𐌼 𐌰𐌹𐍅𐌹𐍃𐌺𐌾𐌹𐍃, 𐌽𐌹 𐌲𐌰𐌲𐌲𐌰𐌽𐌳𐌰𐌽𐍃 𐌹𐌽 𐍅𐌰𐍂𐌴𐌹𐌽 𐌽𐌹 𐌲𐌰𐌻𐌹𐌿𐌲 𐍄𐌰𐌿𐌾𐌰𐌽𐌳𐌰𐌽𐍃 𐍅𐌰𐌿𐍂𐌳 𐌲𐌿𐌳𐌹𐍃, 𐌰𐌺 𐌱𐌰𐌹𐍂𐌷𐍄𐌴𐌹𐌽 𐍃𐌿𐌽𐌾𐌿𐍃 𐌿𐍃𐍄𐌰𐌹𐌺𐌽𐌾𐌰𐌽𐌳𐌰𐌽𐍃 𐌿𐌽𐍃 𐍃𐌹𐌻𐌱𐌰𐌽𐍃 𐌳𐌿 𐌰𐌻𐌻𐌰𐌹𐌼 𐌼𐌹𐌸𐍅𐌹𐍃𐍃𐌴𐌹𐌼 𐌼𐌰𐌽𐌽𐌴 𐌹𐌽 𐌰𐌽𐌳𐍅𐌰𐌹𐍂𐌸𐌾𐌰 𐌲𐌿𐌳𐌹𐍃. 𐌰𐌺 𐌰𐍆𐍃𐍄𐍉𐌸𐌿𐌼 𐌸𐌰𐌹𐌼 𐌰𐌽𐌰𐌻𐌰𐌿𐌲𐌽𐌾𐌰(𐌼) 𐌰𐌹𐍅𐌹𐍃𐌺𐌾𐌹𐍃, 𐌽𐌹 𐌲𐌰𐌲𐌲𐌰𐌽𐌳𐌰𐌽𐍃 𐌹𐌽 𐍅(𐌰)𐍂𐌴𐌹𐌽 𐌽(𐌹)𐌷 𐌲𐌰𐌻𐌹𐌿𐌲 𐍄𐌰𐌿𐌾𐌰𐌽𐌳𐌰𐌽𐍃 𐍅𐌰(𐌿𐍂𐌳) 𐌲𐌿𐌳𐌹𐍃, 𐌰𐌺 𐌱𐌰𐌹𐍂𐌷𐍄𐌴𐌹𐌽 𐍃𐌿𐌽𐌾𐍉𐍃 𐌿𐍃𐍄𐌰𐌹𐌺𐌽𐌾𐌰𐌽𐌳𐌰𐌽𐍃 𐌿𐌽𐍃 𐍃𐌹𐌻𐌱𐌰𐌽𐍃 𐌳𐌿 𐌰𐌻𐌻𐌰𐌹𐌼 𐌼𐌹𐌸𐍅𐌹𐍃𐍃𐌴𐌹𐌼 𐌼𐌰𐌽𐌽𐌴 𐌹𐌽 𐌰𐌽𐌳𐍅𐌰𐌹𐍂𐌸𐌾𐌰 𐌲𐌿𐌳𐌹𐍃."
II Corinthians,4,3,"𐌰𐌸𐌸𐌰𐌽 𐌾𐌰𐌱𐌰𐌹 𐌹𐍃𐍄 𐌲𐌰𐌷𐌿𐌻𐌹𐌳𐌰 𐌰𐌹𐍅𐌰𐌲𐌲𐌴𐌻𐌾𐍉 𐌿𐌽𐍃𐌰𐍂𐌰, 𐌹𐌽 𐌸𐌰𐌹𐌼 𐍆𐍂𐌰𐌻𐌿𐍃𐌽𐌰𐌽𐌳𐌰𐌼 𐌹𐍃𐍄 𐌲𐌰𐌷𐌿𐌻𐌹𐌳𐌰, 𐌰𐌸𐌸𐌰𐌽 𐌾𐌰𐌱𐌰𐌹 𐌹𐍃𐍄 𐌲𐌰𐌷𐌿𐌻𐌹𐌳𐌰 𐌰𐌹𐍅𐌰𐌲𐌲𐌴𐌻𐌾𐍉 𐌿𐌽𐍃𐌰𐍂𐌰, 𐌹𐌽 𐌸𐌰𐌹𐌼 𐍆𐍂𐌰𐌻𐌿𐍃𐌽𐌰𐌽𐌳𐌰𐌼 𐌹𐍃𐍄 𐌲𐌰𐌷𐌿𐌻𐌹𐌳𐌰,"
II Corinthians,4,4,"𐌹𐌽 𐌸𐌰𐌹𐌼𐌴𐌹 𐌲𐌿𐌸 𐌸𐌹𐍃 𐌰𐌹𐍅𐌹𐍃 𐌲𐌰𐌱𐌻𐌹𐌽𐌳𐌹𐌳𐌰 𐍆𐍂𐌰𐌸𐌾𐌰 𐌸𐌹𐌶𐌴 𐌿𐌽𐌲𐌰𐌻𐌰𐌿𐌱𐌾𐌰𐌽𐌳𐌰𐌽𐌴, 𐌴𐌹 𐌽𐌹 𐌻𐌹𐌿𐌷𐍄𐌾𐌰𐌹 𐌹𐌼 𐌻𐌹𐌿𐌷𐌰𐌳𐌴𐌹𐌽𐍃 𐌰𐌹𐍅𐌰𐌲𐌲𐌴𐌻𐌾𐍉𐌽𐍃 𐍅𐌿𐌻𐌸𐌰𐌿𐍃 𐍇𐍂𐌹𐍃𐍄𐌰𐌿𐍃, 𐍃𐌰𐌴𐌹 𐌹𐍃𐍄 𐍆𐍂𐌹𐍃𐌰𐌷𐍄𐍃 𐌲𐌿𐌳𐌹𐍃. 𐌹𐌽 𐌸𐌰𐌹𐌼𐌴𐌹 𐌲𐌿𐌸 𐌸𐌹𐍃 𐌰𐌹𐍅𐌹𐍃 𐌲𐌰𐌱𐌻𐌹𐌽𐌳𐌹𐌳𐌰 𐍆𐍂𐌰𐌸𐌾𐌰 𐌸𐌹𐌶𐌴 𐌿𐌽𐌲𐌰𐌻𐌰𐌿𐌱𐌾𐌰𐌽𐌳𐌰𐌽𐌴, 𐌴𐌹 𐌽𐌹 𐌻𐌹𐌿𐌷𐍄𐌾𐌰𐌹 𐌹𐌼 𐌻𐌹𐌿𐌷𐌰𐌳𐌴𐌹𐌽 𐌰𐌹𐍅𐌰𐌲𐌲𐌴𐌻𐌾𐍉𐌽𐍃 𐍅𐌿𐌻𐌸𐌰𐌿𐍃 𐍇𐍂𐌹𐍃𐍄𐌰𐌿𐍃, 𐍃𐌰𐌴𐌹 𐌹𐍃𐍄 𐍆𐍂𐌹𐍃𐌰𐌷𐍄𐍃 𐌲𐌿𐌳𐌹𐍃 𐌿𐌽𐌲𐌰𐍃𐌰𐌹𐍈𐌰𐌽𐌹[𐌽]𐍃."
II Corinthians,4,5,"𐌰𐌸𐌸𐌰𐌽 𐌽𐌹 𐌿𐌽𐍃 𐍃𐌹𐌻𐌱𐌰𐌽𐍃 𐌼𐌴𐍂𐌾𐌰𐌼, 𐌰𐌺 𐌹𐌴𐍃𐌿 𐍇𐍂𐌹𐍃𐍄𐌿 𐍆𐍂𐌰𐌿𐌾𐌰𐌽, 𐌹𐌸 𐌿𐌽𐍃 𐍃𐌺𐌰𐌻𐌺𐌰𐌽𐍃 𐌹𐌶𐍅𐌰𐍂𐌰𐌽𐍃 𐌹𐌽 𐌹𐌴𐍃𐌿𐌹𐍃. 𐌰𐌸𐌸𐌰𐌽 𐌽𐌹 𐌿𐌽𐍃 𐍃𐌹𐌻𐌱𐌰𐌽𐍃 𐌼𐌴𐍂𐌾𐌰𐌼, 𐌰𐌺 𐌹𐌴𐍃𐌿 𐍇𐍂𐌹𐍃𐍄𐌿 𐍆𐍂𐌰𐌿𐌾𐌰𐌽, 𐌹𐌸 𐌿𐌽𐍃 𐍃𐌺𐌰𐌻𐌺𐌰𐌽𐍃 𐌹𐌶𐍅𐌰𐍂𐌰𐌽𐍃 𐌹𐌽 𐌹𐌴𐍃𐌿𐌹𐍃."
II Corinthians,4,6,"𐌿𐌽𐍄𐌴 𐌲𐌿𐌸 𐍃𐌰𐌴𐌹 𐌵𐌰𐌸 𐌿𐍂~𐍂𐌹𐌵𐌹𐌶𐌰 𐌻𐌹𐌿𐌷𐌰𐌸 𐍃𐌺𐌴𐌹𐌽𐌰𐌽, 𐍃𐌰𐌴𐌹 𐌾𐌰𐌷 𐌻𐌹𐌿𐌷𐍄𐌹𐌳𐌰 𐌹𐌽 𐌷𐌰𐌹𐍂𐍄𐌰𐌼 𐌿𐌽𐍃𐌰𐍂𐌰𐌹𐌼 𐌳𐌿 𐌻𐌹𐌿𐌷𐌰𐌳𐌴𐌹𐌽 𐌺𐌿𐌽𐌸𐌾𐌹𐍃 𐍅𐌿𐌻𐌸𐌰𐌿𐍃 𐌲𐌿𐌳𐌹𐍃 𐌹𐌽 𐌰𐌽𐌳𐍅𐌰𐌹𐍂𐌸𐌾𐌰 𐌹𐌴𐍃𐌿𐌹𐍃 𐍇𐍂𐌹𐍃𐍄𐌰𐌿𐍃. 𐌿𐌽𐍄𐌴 𐌲𐌿𐌸 𐍃𐌰𐌴𐌹 𐌵𐌰𐌸 𐌿𐍂~𐍂𐌹𐌵𐌹𐌶𐌰 𐌻𐌹𐌿𐌷𐌰𐌸 𐍃𐌺𐌴𐌹𐌽𐌰𐌽, 𐍃𐌰𐌴𐌹 𐌾𐌰𐌷 𐌻𐌹𐌿𐌷𐍄𐌹𐌳𐌰 𐌹𐌽 𐌷𐌰𐌹𐍂𐍄𐌰𐌼 𐌿𐌽𐍃𐌰𐍂𐌰𐌹𐌼 𐌳𐌿 𐌻𐌹𐌿𐌷𐌰𐌳𐌴𐌹𐌽 𐌺𐌿𐌽𐌸𐌾𐌹𐍃 𐍅𐌿𐌻𐌸𐌰𐌿𐍃 𐌲𐌿𐌳𐌹𐍃 𐌹𐌽 𐌰𐌽𐌳𐍅𐌰𐌹𐍂𐌸𐌾𐌰 (𐌹)𐌴𐍃(𐌿)𐌹𐍃 𐍇𐍂𐌹𐍃𐍄𐌰𐌿𐍃."
II Corinthians,4,7,"𐌰𐌸𐌸𐌰𐌽 𐌷𐌰𐌱𐌰𐌽𐌳𐌰𐌽𐍃 𐌸𐌰𐍄𐌰 𐌷𐌿𐌶𐌳 𐌹𐌽 𐌰𐌹𐍂𐌸𐌴𐌹𐌽𐌰𐌹𐌼 𐌺𐌰𐍃𐌰𐌼, 𐌴𐌹 𐌿𐍆𐌰𐍂𐌰𐍃𐍃𐌿𐍃 𐍃𐌹𐌾𐌰𐌹 𐌼𐌰𐌷𐍄𐌰𐌹𐍃 𐌲𐌿𐌳𐌹𐍃 𐌾𐌰𐌷 𐌽𐌹 𐌿𐍃 𐌿𐌽𐍃𐌹𐍃. 𐌰𐌸𐌸𐌰𐌽 𐌷𐌰𐌱𐌰𐌽𐌳𐌰𐌽𐍃 𐌸𐌰𐍄𐌰 𐌷𐌿𐌶𐌳 𐌹𐌽 𐌰𐌹𐍂𐌸𐌴𐌹𐌽𐌰𐌹𐌼 𐌺𐌰𐍃𐌰𐌼, 𐌴𐌹 𐌿𐍆𐌰𐍂𐌰𐍃𐍃𐌿𐍃 𐍃𐌹𐌾𐌰𐌹 𐌼𐌰𐌷𐍄𐌰𐌹𐍃 𐌲𐌿𐌳𐌹𐍃 𐌾𐌰𐌷 𐌽𐌹 𐌿𐍃 𐌿𐌽𐍃𐌹𐍃."
II Corinthians,4,8,"𐌹𐌽 𐌰𐌻𐌻𐌰𐌼𐌼𐌰 𐌸𐍂𐌰𐌹𐌷𐌰𐌽𐌰𐌹, 𐌰𐌺𐌴𐌹 𐌽𐌹 𐌲𐌰𐌰𐌲𐌲𐍅𐌹𐌳𐌰𐌹; 𐌰𐌽𐌳𐌱𐌹𐍄𐌰𐌽𐌰𐌹, 𐌰𐌺𐌴𐌹 𐌽𐌹 𐌰𐍆𐍃𐌻𐌰𐌿𐌸𐌹𐌳𐌰𐌹; 𐌹𐌽 𐌰𐌻𐌻𐌰𐌼𐌼𐌰 𐌸𐍂𐌰𐌹𐌷𐌰𐌽𐌰𐌹, 𐌰𐌺𐌴𐌹 𐌽𐌹 𐌲𐌰𐌰𐌲𐌲𐍅𐌹𐌳𐌰𐌹; 𐌰𐌽𐌳𐌱𐌹𐍄𐌰𐌽𐌰𐌹, 𐌰𐌺𐌴𐌹 𐌽𐌹 𐌰𐍆𐍃𐌻𐌰𐌿𐌸𐌹𐌳𐌰𐌹;"
II Corinthians,4,9,"𐍅𐍂𐌹𐌺𐌰𐌽𐌰𐌹, 𐌰𐌺𐌴𐌹 𐌽𐌹 𐌱𐌹𐌻𐌹𐌸𐌰𐌽𐌰𐌹: 𐌲𐌰𐌳𐍂𐌰𐌿𐍃𐌹𐌳𐌰𐌹, 𐌰𐌺𐌴𐌹 𐌽𐌹 𐍆𐍂𐌰𐌵𐌹𐍃𐍄𐌹𐌳𐌰𐌹, 𐍅𐍂𐌹𐌺𐌰𐌽𐌰𐌹, 𐌰𐌺𐌴𐌹 𐌽𐌹 𐌱𐌹𐌻𐌹𐌸𐌰𐌽𐌰𐌹: 𐌲𐌰𐌳𐍂𐌰𐌿𐍃𐌹𐌳𐌰𐌹, 𐌰𐌺𐌴𐌹 𐌽𐌹 𐍆𐍂𐌰𐌵𐌹𐍃𐍄𐌹𐌳𐌰𐌹,"
II Corinthians,4,10,𐍃𐌹𐌽𐍄𐌴𐌹𐌽𐍉 𐌳𐌰𐌿𐌸𐌴𐌹𐌽 𐍆𐍂𐌰𐌿𐌾𐌹𐌽𐍃 𐌹𐌴𐍃𐌿𐌹𐍃 𐌰𐌽𐌰 𐌻𐌴𐌹𐌺𐌰 𐌿𐌽𐍃𐌰𐍂𐌰𐌼(𐌼𐌰).... 𐍃𐌹𐌽𐍄𐌴𐌹𐌽𐍉 𐌳𐌰𐌿𐌸𐌴𐌹𐌽 𐍆𐍂𐌰𐌿𐌾𐌹𐌽𐍃 𐌹𐌴𐍃𐌿𐌹𐍃 𐌰𐌽𐌰 𐌻𐌴𐌹𐌺𐌰 𐌿𐌽𐍃𐌰𐍂𐌰𐌼𐌼𐌰 𐌿𐍃𐌺𐌿𐌽𐌸𐌰 𐍃𐌹𐌾𐌰𐌹.
II Corinthians,4,11,"𐍃𐌹𐌽𐍄𐌴𐌹𐌽𐍉 𐍅𐌴𐌹𐍃 𐌻𐌹𐌱𐌰𐌽𐌳𐌰𐌽𐍃 𐌹𐌽 𐌳𐌰𐌿𐌸𐌿 𐌰𐍄𐌲𐌹𐌱𐌰𐌽𐌳𐌰 𐌹𐌽 𐌹𐌴𐍃𐌿𐌹𐍃, 𐌴𐌹 𐌾𐌰𐌷 𐌻𐌹𐌱𐌰𐌹𐌽𐍃 𐌹𐌴𐍃𐌿𐌹𐍃 𐍃𐍅𐌹𐌺𐌿𐌽𐌸𐌰 𐍅𐌰𐌹𐍂𐌸𐌰𐌹 𐌹𐌽 𐍂𐌹𐌿𐍂𐌾𐌰𐌼𐌼𐌰 𐌻𐌴𐌹𐌺𐌰 𐌿𐌽𐍃𐌰𐍂𐌰𐌼𐌼𐌰."
II Corinthians,4,12,"𐍃𐍅𐌰𐌴𐌹 𐌽𐌿 𐌳𐌰𐌿𐌸𐌿𐍃 𐌹𐌽 𐌿𐌽𐍃 𐍅𐌰𐌿𐍂𐌺𐌴𐌹𐌸, 𐌹𐌸 𐌻𐌹𐌱𐌰𐌹𐌽𐍃 𐌹𐌽 𐌹𐌶𐍅𐌹𐍃."
II Corinthians,4,13,"𐌷𐌰𐌱𐌰𐌽𐌳𐌰𐌽𐍃 𐌽𐌿 𐌸𐌰𐌽𐌰 𐍃𐌰𐌼𐌰𐌽 𐌰𐌷𐌼𐌰𐌽 𐌲𐌰𐌻𐌰𐌿𐌱𐌴𐌹𐌽𐌰𐌹𐍃 𐌱𐌹 𐌸𐌰𐌼𐌼𐌰 𐌲𐌰𐌼𐌴𐌻𐌹𐌳𐌹𐌽: 𐌲𐌰𐌻𐌰𐌿𐌱𐌹𐌳𐌰, 𐌹𐌽 𐌸𐌹𐌶𐌴𐌹 𐌾𐌰𐌷 𐍂𐍉𐌳𐌹𐌳𐌰, 𐌾𐌰𐌷 𐍅𐌴𐌹𐍃 𐌲𐌰𐌻𐌰𐌿𐌱𐌾𐌰𐌼, 𐌹𐌽 𐌸𐌹𐌶𐌴𐌹 𐌾𐌰𐌷 𐍂𐍉𐌳𐌾𐌰𐌼,"
II Corinthians,4,14,𐍅𐌹𐍄𐌰𐌽𐌳𐌰𐌽𐍃 𐌸𐌰𐍄𐌴𐌹 𐍃𐌰 𐌿𐍂𐍂𐌰𐌹𐍃𐌾𐌰𐌽𐌳𐍃 𐍆𐍂𐌰𐌿𐌾𐌰𐌽 𐌹𐌴𐍃𐌿 𐌾𐌰𐌷 𐌿𐌽𐍃𐌹𐍃 𐌸𐌰𐌹𐍂𐌷 𐌹𐌴𐍃𐌿 𐌿𐍂𐍂𐌰𐌹𐍃𐌴𐌹𐌸 𐌾𐌰𐌷 𐍆𐌰𐌿𐍂𐌰𐌲𐌰𐍃𐌰𐍄𐌾𐌹𐌸 𐌼𐌹𐌸 𐌹𐌶(𐍅𐌹𐍃).
II Corinthians,4,15,"𐌸𐌰𐍄𐌿𐌷 𐌸𐌰𐌽 𐌰𐌻𐌻𐌰𐍄𐌰 𐌹𐌽 𐌹𐌶𐍅𐌰𐍂𐌰, 𐌴𐌹 𐌰𐌽𐍃𐍄𐍃 𐌼𐌰𐌽𐌰𐌲𐌽𐌰𐌽𐌳𐌴𐌹 𐌸𐌰𐌹𐍂𐌷 𐌼𐌰𐌽𐌰𐌲𐌹𐌶𐌰𐌽𐍃 𐌰𐍅𐌹𐌻𐌹𐌿𐌳 𐌿𐍆𐌰(𐍂𐌰𐍃𐍃)𐌾𐌰𐌹 𐌳𐌿 𐍅𐌿𐌻𐌸𐌰𐌿 𐌲𐌿𐌳𐌰."
II Corinthians,4,16,"𐌹𐌽𐌿𐌷 (𐌸𐌹𐍃) 𐌽𐌹 𐍅𐌰𐌹𐍂𐌸𐌰𐌼 𐌿𐍃𐌲𐍂𐌿𐌳𐌾𐌰𐌽𐍃, 𐌰𐌺(𐌴𐌹) 𐌸𐌰𐌿𐌷𐌾𐌰𐌱𐌰𐌹 (𐍃𐌰) 𐌿𐍄𐌰𐌽𐌰 𐌿(𐌽𐍃𐌰𐍂 𐌼𐌰)𐌽𐌽𐌰 𐍆𐍂𐌰𐍅𐌰𐍂𐌳(𐌾𐌰)𐌳𐌰, 𐌰𐌹𐌸𐌸𐌰𐌿 𐍃(𐌰) 𐌹𐌽𐌽𐌿𐌼𐌰 𐌰𐌽𐌰(𐌽𐌹𐌿)𐌾𐌰𐌳𐌰 𐌳𐌰(𐌲𐌰) 𐌾𐌰𐌷 𐌳𐌰𐌲𐌰."
II Corinthians,4,17,"𐌿𐌽𐍄𐌴 𐌸𐌰𐍄𐌰 𐌰𐌽𐌳𐍅𐌰𐌹𐍂𐌸𐍉 𐍈𐌴𐌹𐌻𐌰𐍈𐌰𐌹𐍂𐌱 𐌾𐌰𐌷 𐌻𐌴𐌹𐌷𐍄 𐌰𐌲𐌻𐍉𐌽𐍃 (𐌿𐌽𐍃𐌰)𐍂𐌰𐌹𐌶𐍉𐍃 𐌱𐌹 𐌿𐍆𐌰𐍂𐌰𐍃𐍃𐌰𐌿 𐌰𐌹𐍅𐌴𐌹𐌽𐌹𐍃 𐍅𐌿𐌻𐌸𐌰𐌿𐍃 𐌺𐌰𐌿𐍂𐌴𐌹𐌽 𐍅𐌰𐌿𐍂𐌺𐌾𐌰𐌳𐌰 𐌿𐌽𐍃𐌹𐍃,"
II Corinthians,4,18,"𐌽𐌹 𐍆𐌰𐌹𐍂𐍅(𐌴𐌹)𐍄𐌾𐌰𐌽𐌳𐌰𐌼 𐌸𐌹𐌶𐌴 𐌲𐌰𐍃𐌰𐌹𐍈𐌰𐌽𐌰𐌽𐌴, 𐌰𐌺 𐌸𐌹𐌶𐌴𐌹 𐌿𐌽𐌲𐌰𐍃𐌰𐌹𐍈𐌰𐌽𐌰𐌽𐌴; 𐌿𐌽𐍄𐌴 𐌸𐍉 𐌲𐌰𐍃𐌰𐌹𐍈𐌰𐌽𐍉𐌽𐌰 𐍂𐌹𐌿𐍂𐌾𐌰 𐍃𐌹𐌽𐌳, 𐌹𐌸 𐌸𐍉 𐌿𐌽𐌲𐌰𐍃𐌰𐌹𐍈𐌰𐌽𐍉𐌽𐌰 𐌰𐌹𐍅𐌴𐌹𐌽𐌰."
II Corinthians,5,1,".... 𐌿𐍃 𐌲𐌿𐌳𐌰 𐌷𐌰𐌱𐌰𐌼, 𐌲𐌰𐍂𐌳 𐌿𐌽𐌷𐌰𐌽𐌳𐌿𐍅𐌰𐌿𐍂𐌷𐍄𐌰𐌽𐌰 𐌰𐌹𐍅𐌴𐌹𐌽𐌰𐌽𐌰 𐌹𐌽 𐌷𐌹𐌼𐌹𐌽𐌰𐌼. 𐍅𐌹𐍄(𐌿)𐌼 𐌰𐌿𐌺 𐌸𐌰𐍄𐌴𐌹, 𐌾𐌰𐌱𐌰(𐌹) 𐍃𐌰 𐌰𐌹𐍂(𐌸𐌴𐌹)𐌽𐌰 𐌿𐌽𐍃𐌰𐍂 𐌲𐌰𐍂𐌳𐍃 𐌸𐌹𐌶𐍉𐍃 𐌷𐌻𐌴𐌹𐌸𐍂𐍉𐍃 𐌲𐌰𐍄𐌰𐌹𐍂𐌰𐌳𐌰, 𐌴𐌹 𐌲𐌰𐍄𐌹𐌼𐍂𐌾𐍉𐌽 𐌿𐍃 𐌲𐌿𐌳𐌰 𐌷𐌰(𐌱)𐌰𐌼, 𐌲𐌰𐍂𐌳 𐌿𐌽𐌷𐌰𐌽𐌳𐌿𐍅𐌰𐌿𐍂𐌷𐍄𐌰𐌽𐌰 𐌰𐌹𐍅𐌴𐌹𐌽𐌰𐌽𐌰 𐌹𐌽 𐌷𐌹𐌼𐌹𐌽𐌰𐌼."
II Corinthians,5,2,"𐌿𐌽𐍄𐌴 𐌾𐌰𐌷 𐌹𐌽 𐌸𐌰𐌼𐌼𐌰 𐍃𐍅𐍉𐌲𐌰𐍄𐌾𐌰𐌼, 𐌱𐌰𐌿𐌰𐌹𐌽𐌰𐌹 𐌿𐌽𐍃𐌰𐍂𐌰𐌹 𐌸𐌹𐌶𐌰𐌹 𐌿𐍃 𐌷𐌹𐌼𐌹𐌽𐌰 𐌿𐍆𐌰𐍂𐌷𐌰𐌼𐍉𐌽 𐌲𐌰𐌹𐍂𐌽𐌾𐌰𐌽𐌳𐌰𐌽𐍃, 𐌿𐌽(𐍄𐌴) 𐌾𐌰𐌷 𐌹𐌽 𐌸𐌰𐌼𐌼𐌰 𐍃𐍅𐍉𐌲𐌰𐍄𐌾𐌰𐌼, 𐌱𐌰𐌿𐌰𐌹𐌽𐌰𐌹 𐌿𐌽𐍃𐌰𐍂𐌰𐌹 𐌸𐌹𐌶𐌰𐌹 𐌿𐍃 𐌷𐌹𐌼𐌹𐌽𐌰 (𐌿𐍆𐌰𐍂𐌷𐌰𐌼𐍉𐌽) 𐌲𐌰𐌹𐍂𐌽𐌾𐌰𐌽𐌳𐌰𐌽𐍃,"
II Corinthians,5,3,"𐌾𐌰𐌱𐌰𐌹 𐍃𐍅𐌴𐌸𐌰𐌿𐌷 𐌲𐌰𐍅𐌰𐍃𐌹𐌳𐌰𐌹, 𐌽𐌹 𐌽𐌰𐌵𐌰𐌳𐌰𐌹 𐌱𐌹𐌲𐌹𐍄𐌰𐌹𐌽𐌳𐌰𐌿. 𐌾𐌰𐌱𐌰𐌹 𐍃𐍅𐌴𐌸𐌰𐌿𐌷 𐌾𐌰𐌷 𐌲𐌰𐍅𐌰𐍃𐌹𐌳𐌰𐌹, 𐌽𐌹 𐌽𐌰𐌵𐌰𐌳𐌰𐌹 𐌱𐌹𐌲𐌹𐍄𐌰𐌹𐌽𐌳𐌰𐌿."
II Corinthians,5,4,"𐌾𐌰𐌷 𐌰𐌿𐌺 𐍅𐌹𐍃𐌰𐌽𐌳𐌰𐌽𐍃 𐌹𐌽 𐌸𐌹𐌶𐌰𐌹 𐌷𐌻𐌴𐌹𐌸𐍂𐌰𐌹 𐍃𐍅𐍉𐌲𐌰𐍄𐌾𐌰𐌼 𐌺𐌰𐌿𐍂𐌹𐌳𐌰𐌹, 𐌰𐌽𐌰 𐌸𐌰𐌼𐌼𐌴𐌹 𐌽𐌹 𐍅𐌹𐌻𐌴𐌹𐌼𐌰 𐌰𐍆𐌷𐌰𐌼𐍉𐌽, 𐌰𐌺 𐌰𐌽𐌰𐌷𐌰𐌼𐍉𐌽, 𐌴𐌹 𐍆𐍂𐌰𐍃𐌻𐌹𐌽𐌳𐌰𐌹𐌳𐌰𐌿 𐌸𐌰𐍄𐌰 𐌳𐌹𐍅𐌰𐌽𐍉 𐍆𐍂𐌰𐌼 𐌻𐌹𐌱𐌰𐌹𐌽𐌰𐌹. 𐌾𐌰𐌷 𐌰𐌿𐌺 𐍅𐌹(𐍃𐌰)𐌽𐌳𐌰𐌽𐍃 𐌹𐌽 𐌸𐌹𐌶𐌰𐌹 𐌷𐌻𐌴𐌹(𐌸𐍂𐌰𐌹) 𐍃𐍅𐍉𐌲𐌰𐍄𐌾𐌰𐌼 𐌺𐌰𐌿𐍂𐌹𐌳𐌰𐌹, 𐌰𐌽𐌰 𐌸𐌰𐌼𐌼𐌴𐌹 𐌽𐌹 𐍅𐌹𐌻𐌴𐌹𐌼𐌰 𐌰𐍆𐌷𐌰𐌼𐍉𐌽, 𐌰𐌺 𐌰𐌽𐌰𐌷𐌰𐌼𐍉𐌽, 𐌴𐌹 𐍆𐍂𐌰𐍃𐌻𐌹𐌽𐌳𐌰𐌹𐌳𐌰𐌿 𐌸(𐌰)𐍄𐌰 𐌳𐌹𐍅𐌰𐌽𐍉 𐍆𐍂𐌰𐌼 𐌻𐌹𐌱𐌰𐌹𐌽𐌰𐌹."
II Corinthians,5,5,"𐌰𐌸𐌸𐌰𐌽 𐍃𐌰𐌴𐌹 𐌾𐌰𐌲~𐌲𐌰𐌼𐌰𐌽𐍅𐌹𐌳𐌰 𐌿𐌽𐍃 𐌳𐌿 𐌸𐌰𐌼𐌼𐌰 𐌲𐌿𐌸, 𐍃𐌰𐌴𐌹 𐌾𐌰𐌷 𐌲𐌰𐍆 𐌿𐌽𐍃𐌹𐍃 𐍅𐌰𐌳𐌹 𐌰𐌷𐌼𐌰𐌽. 𐌰𐌸𐌸𐌰𐌽 𐍃𐌰𐌴𐌹 𐌾𐌰𐌷 𐌲𐌰𐌼𐌰𐌽𐍅𐌹𐌳𐌰 𐌿𐌽𐍃 (𐌳𐌿) 𐌸𐌰𐌼𐌼𐌰 𐌲𐌿𐌸, 𐍃𐌰𐌴𐌹 𐌾𐌰𐌷 𐌲𐌰𐍆 𐌿𐌽𐍃𐌹𐍃 𐍅𐌰𐌳𐌹 𐌰𐌷𐌼𐌰𐌽."
II Corinthians,5,6,𐌲𐌰𐍄𐍂𐌰𐌿𐌰𐌽𐌳𐌰𐌽𐍃 𐌽𐌿 𐍃𐌹𐌽𐍄𐌴𐌹𐌽𐍉 𐌾𐌰𐌷 𐍅𐌹𐍄𐌰𐌽𐌳𐌰𐌽𐍃 𐌸𐌰𐍄𐌴𐌹 𐍅𐌹𐍃𐌰𐌽𐌳𐌰𐌽𐍃 𐌹𐌽 𐌸𐌰𐌼𐌼𐌰 𐌻𐌴𐌹𐌺𐌰 𐌰𐍆𐌷𐌰𐌹𐌼𐌾𐌰𐌹 𐍃𐌹𐌾𐌿𐌼 𐍆𐍂𐌰𐌼 𐍆𐍂𐌰𐌿𐌾𐌹𐌽; 𐌲𐌰𐍄𐍂𐌰𐌿𐌰𐌽𐌳𐌰𐌽𐍃 𐌽𐌿 𐍃𐌹𐌽𐍄𐌴𐌹𐌽𐍉 𐌾(𐌰)𐌷 𐍅𐌹𐍄𐌰𐌽𐌳𐌰𐌽𐍃 𐌸𐌰𐍄𐌴𐌹 𐍅𐌹𐍃𐌰𐌽𐌳𐌰𐌽𐍃 𐌹𐌽 𐌸𐌰(𐌼𐌼𐌰 𐌻)𐌴𐌹𐌺𐌰 𐌰𐍆𐌷𐌰𐌹𐌼𐌾𐌰𐌹 𐍃𐌹𐌾(𐌿𐌼) 𐍆𐍂𐌰(𐌼) 𐍆𐍂𐌰𐌿𐌾𐌹𐌽;
II Corinthians,5,7,"𐌿𐌽𐍄𐌴 𐌸𐌰𐌹𐍂𐌷 𐌲𐌰𐌻𐌰𐌿𐌱𐌴𐌹𐌽 𐌲𐌰𐌲𐌲𐌰𐌼, 𐌽𐌹 𐌸𐌰𐌹𐍂𐌷 𐍃𐌹𐌿𐌽. 𐌿𐌽𐍄𐌴 𐌸𐌰𐌹𐍂𐌷 𐌲𐌰𐌻𐌰𐌿𐌱𐌴𐌹𐌽 𐌲𐌰𐌲𐌲𐌰𐌼, 𐌽𐌹 𐌸𐌰𐌹𐍂𐌷 𐍃𐌹𐌿𐌽."
II Corinthians,5,8,𐌰𐌸𐌸𐌰𐌽 𐌲𐌰𐍄𐍂𐌰𐌿𐌰𐌼 𐌾𐌰𐌷 𐍅𐌰𐌻𐌾𐌰𐌼 𐌼𐌰𐌹𐍃 𐌿𐍃𐌻𐌴𐌹𐌸𐌰𐌽 𐌿𐍃 𐌸𐌰𐌼𐌼𐌰 𐌻𐌴𐌹𐌺𐌰 𐌾𐌰𐌷 𐌰𐌽𐌰𐌷𐌰𐌹𐌼𐌾𐌰𐌹𐌼 𐍅𐌹𐍃𐌰𐌽 𐌰𐍄 𐍆𐍂𐌰𐌿𐌾𐌹𐌽. 𐌰𐌸𐌸𐌰𐌽 𐌲𐌰𐍄𐍂𐌰𐌿𐌰𐌼 𐌾𐌰𐌷 𐍅𐌰𐌻𐌾𐌰𐌼 𐌼𐌰𐌹𐍃 𐌿𐍃𐌻𐌴𐌹𐌸𐌰𐌽 𐌿𐍃 𐌸𐌰𐌼𐌼𐌰 𐌻𐌴𐌹𐌺𐌰 𐌾𐌰𐌷 𐌰𐌽𐌰𐌷𐌰𐌹𐌼𐌾𐌰𐌹𐌼 𐍅𐌹𐍃𐌰𐌽 𐌰𐍄 𐍆𐍂𐌰𐌿𐌾𐌹𐌽.
II Corinthians,5,9,"𐌹𐌽𐌿𐌸~𐌸𐌹𐍃 𐌿𐍃𐌳𐌰𐌿𐌳𐌾𐌰𐌼, 𐌾𐌰𐌸𐌸𐌴 𐌰𐌽𐌰𐌷𐌰𐌹𐌼𐌾𐌰𐌹 𐌾𐌰𐌸𐌸𐌴 𐌰𐍆𐌷𐌰𐌹𐌼𐌾𐌰𐌹, 𐍅𐌰𐌹𐌻𐌰 𐌲𐌰𐌻𐌴𐌹𐌺𐌰𐌽 𐌹𐌼𐌼𐌰. 𐌹𐌽𐌿𐌷 𐌸𐌹𐍃 𐌿𐍃𐌳𐌰𐌿𐌳𐌾𐌰𐌼, 𐌾𐌰𐌸𐌸𐌴 𐌰𐌽𐌰𐌷𐌰𐌹𐌼𐌾𐌰𐌹 𐌾𐌰𐌸𐌸𐌴 𐌰𐍆𐌷𐌰𐌹𐌼𐌾𐌰𐌹, 𐍅𐌰𐌹𐌻𐌰 𐌲𐌰𐌻𐌴𐌹𐌺𐌰𐌽 𐌹𐌼𐌼𐌰."
II Corinthians,5,10,"𐌿𐌽𐍄𐌴 𐌰𐌻𐌻𐌰𐌹 𐍅𐌴𐌹𐍃 𐌰𐍄𐌰𐌿𐌲𐌾𐌰𐌽 𐍃𐌺𐌿𐌻𐌳𐌰𐌹 𐍃𐌹𐌾𐌿𐌼 𐍆𐌰𐌿𐍂𐌰 𐍃𐍄𐌰𐌿𐌰𐍃𐍄𐍉𐌻𐌰 𐍇𐍂𐌹𐍃𐍄𐌰𐌿𐍃, 𐌴𐌹 𐌲𐌰𐌽𐌹𐌼𐌰𐌹 𐍈𐌰𐍂𐌾𐌹𐌶𐌿𐌷 𐌸𐍉 𐍃𐍅𐌴𐍃𐍉𐌽𐌰 𐌻𐌴𐌹𐌺𐌹𐍃, 𐌰𐍆𐌰𐍂 𐌸𐌰𐌹𐌼𐌴𐌹 𐌲𐌰𐍄𐌰𐍅𐌹𐌳𐌰, 𐌾𐌰𐌸𐌸𐌴 𐌸𐌹𐌿𐌸 𐌾𐌰𐌸𐌸𐌴 𐌿𐌽𐌸𐌹𐌿𐌸. 𐌿𐌽𐍄𐌴 𐌰𐌻𐌻𐌰𐌹 𐍅𐌴𐌹𐍃 𐌰𐍄𐌰𐌿𐌲𐌾𐌰𐌽 𐍃𐌺𐌿𐌻𐌳𐌰𐌹 𐍃𐌹𐌾𐌿𐌼 𐍆𐌰𐌿𐍂𐌰 𐍃𐍄𐌰𐌿𐌰𐍃𐍄𐍉𐌻𐌰 𐍇𐍂𐌹𐍃𐍄𐌰𐌿𐍃, 𐌴𐌹 𐌲𐌰𐌽𐌹𐌼𐌰𐌹 𐍈𐌰𐍂𐌾𐌹𐌶𐌿𐌷 𐌸𐍉 𐍃𐍅𐌴𐍃𐍉𐌽𐌰 𐌻𐌴𐌹𐌺𐌹𐍃, 𐌰𐍆𐌰𐍂 𐌸𐌰𐌹𐌼𐌴𐌹 𐌲𐌰𐍄𐌰𐍅𐌹𐌳𐌰, 𐌾𐌰𐌸𐌸𐌴 𐌸𐌹𐌿𐌸 𐌾𐌰𐌸𐌸𐌴 𐌿𐌽𐌸𐌹𐌿𐌸."
II Corinthians,5,11,"𐍅𐌹𐍄𐌰𐌽𐌳𐌰𐌽𐍃 𐌽𐌿 𐌰𐌲𐌹𐍃 𐍆𐍂𐌰𐌿𐌾𐌹𐌽𐍃 𐌼𐌰𐌽𐌽𐌰𐌽𐍃 𐍆𐌿𐌻𐌻𐌰𐍅𐌴𐌹𐍃𐌾𐌰𐌼, 𐌹𐌸 𐌲𐌿𐌳𐌰 𐍃𐍅𐌹𐌺𐌿𐌽𐌸𐌰𐌹 𐍃𐌹𐌾𐌿𐌼. 𐌰𐌸𐌸𐌰𐌽 𐍅𐌴𐌽𐌾𐌰 𐌾𐌰𐌷 𐌹𐌽 𐌼𐌹𐌸𐍅𐌹𐍃𐍃𐌴𐌹𐌼 𐌹𐌶𐍅𐌰𐍂𐌰𐌹𐌼 𐍃𐍅𐌹𐌺𐌿𐌽𐌸𐌰𐌽𐍃 𐍅𐌹𐍃𐌰𐌽 𐌿𐌽𐍃, 𐍅𐌹𐍄𐌰𐌽𐌳𐌰𐌽𐍃 𐌽𐌿 𐌰𐌲𐌹𐍃 𐍆𐍂𐌰𐌿𐌾𐌹𐌽𐍃 𐌼𐌰𐌽𐌽𐌰𐌽𐍃 𐍆𐌿𐌻𐌻𐌰𐍅𐌴𐌹𐍃𐌾𐌰𐌼, 𐌹𐌸 𐌲𐌿𐌳𐌰 𐍃𐍅𐌹𐌺𐌿𐌽𐌸𐌰𐌹 𐍃𐌹𐌾𐌿𐌼. 𐌰𐌸𐌸𐌰𐌽 𐍅𐌴𐌽𐌾𐌰 𐌾𐌰𐌷 𐌹𐌽 𐌼𐌹𐌸𐍅𐌹𐍃𐍃𐌴𐌹𐌼 𐌹𐌶𐍅𐌰𐍂𐌰𐌹𐌼 𐍃𐍅𐌹𐌺𐌿𐌽𐌸𐌰𐌽𐍃 𐍅𐌹𐍃𐌰𐌽 𐌿𐌽𐍃,"
II Corinthians,5,12,"𐌽𐌹 𐌴𐌹 𐌰𐍆𐍄𐍂𐌰 𐌿𐌽𐍃 𐍃𐌹𐌻𐌱𐌰𐌽𐍃 𐌿𐍃𐌺𐌰𐌽𐌽𐌾𐌰𐌹𐌼𐌰 𐌹𐌶𐍅𐌹𐍃, 𐌰𐌺 𐌻𐌴𐍅 𐌲𐌹𐌱𐌰𐌽𐌳𐌰𐌽𐍃 𐌹𐌶𐍅𐌹𐍃 𐍈𐍉𐍆𐍄𐌿𐌻𐌾𐍉𐍃 𐍆𐍂𐌰𐌼 𐌿𐌽𐍃𐌹𐍃, 𐌴𐌹 𐌷𐌰𐌱𐌰𐌹𐌸 𐍅𐌹𐌸𐍂𐌰 𐌸𐌰𐌽𐍃 𐌹𐌽 𐌰𐌽𐌳𐍅𐌰𐌹𐍂𐌸𐌾𐌰 𐍈𐍉𐍀𐌰𐌽𐌳𐌰𐌽𐍃 𐌾𐌰𐌽~𐌽𐌹 𐌹𐌽 𐌷𐌰𐌹𐍂𐍄𐌹𐌽. 𐌽𐌹 𐌴𐌹 𐌰𐍆𐍄𐍂𐌰 𐌿𐌽𐍃 𐍃𐌹𐌻𐌱𐌰𐌽𐍃 𐌿𐍃𐌺𐌰𐌽𐌽𐌾𐌰𐌹𐌼𐌰 𐌹𐌶𐍅𐌹𐍃, 𐌰𐌺 𐌻𐌴𐍅 𐌲𐌹𐌱𐌰𐌽𐌳𐌰𐌽𐍃 𐌹𐌶𐍅𐌹𐍃 𐍈𐍉𐍆𐍄𐌿𐌻𐌾𐍉𐍃 𐍆𐍂𐌰𐌼 𐌿𐌽𐍃, 𐌴𐌹 𐌷𐌰𐌱𐌰𐌹𐌸 𐍅𐌹𐌸𐍂𐌰 𐌸𐌰𐌽𐍃 𐌹𐌽 𐌰𐌽𐌳𐍅𐌰𐌹𐍂𐌸𐌾𐌰 𐍈𐍉𐍀𐌰𐌽𐌳𐌰𐌽𐍃 𐌾𐌰𐌷 𐌽𐌹 𐌷𐌰𐌹𐍂𐍄𐌹𐌽."
II Corinthians,5,13,"𐌿𐌽𐍄𐌴 𐌾𐌰𐌸𐌸𐌴 𐌿𐍃𐌲𐌴𐌹𐍃𐌽𐍉𐌳𐌴𐌳𐌿𐌼, 𐌲𐌿𐌳𐌰, 𐌾𐌰𐌸𐌸𐌴 𐍆𐌿𐌻𐌻𐌰𐍆𐍂𐌰𐌸𐌾𐌰𐌼, 𐌹𐌶𐍅𐌹𐍃. 𐌿𐌽𐍄𐌴 𐌾𐌰𐌸𐌸𐌴 𐌿𐍃𐌲𐌴𐌹𐍃𐌽𐍉𐌳𐌴𐌳𐌿𐌼, 𐌲𐌿𐌳𐌰, 𐌾𐌰𐌸𐌸𐌴 𐍆𐌿𐌻𐌻𐌰𐍆𐍂𐌰𐌸𐌾𐌰𐌼, 𐌹𐌶𐍅𐌹𐍃."
II Corinthians,5,14,"𐌿𐌽𐍄𐌴 𐍆𐍂𐌹𐌰𐌸𐍅𐌰 𐍇𐍂𐌹𐍃𐍄𐌰𐌿𐍃 𐌳𐌹𐍃𐌷𐌰𐌱𐌰𐌹𐌸 𐌿𐌽𐍃, 𐌿𐌽𐍄𐌴 𐍆𐍂𐌹𐌰𐌸𐍅𐌰 𐍇𐍂𐌹𐍃𐍄𐌰𐌿𐍃 𐌳𐌹𐍃𐌷𐌰𐌱𐌰𐌹𐌸 𐌿𐌽𐍃,"
II Corinthians,5,15,"𐌳𐍉𐌼𐌾𐌰𐌽𐌳𐌰𐌽𐍃 𐌸𐌰𐍄𐌰 𐌸𐌰𐍄𐌴𐌹 𐌰𐌹𐌽𐍃 𐍆𐌰𐌿𐍂 𐌰𐌻𐌻𐌰𐌽𐍃 𐌲𐌰𐍃𐍅𐌰𐌻𐍄, 𐌸𐌰𐌽𐌽𐌿 𐌰𐌻𐌻𐌰𐌹 𐌲𐌰𐍃𐍅𐌿𐌻𐍄𐌿𐌽, 𐌾𐌰𐌷 𐍆𐌰𐌿𐍂 𐌰𐌻𐌻𐌰𐌽𐍃 𐌲𐌰𐍃𐍅𐌰𐌻𐍄, 𐌴𐌹 𐌸𐌰𐌹 𐌻𐌹𐌱𐌰𐌽𐌳𐌰𐌽𐍃 𐌽𐌹 𐌸𐌰𐌽𐌰𐍃𐌴𐌹𐌸𐍃 𐍃𐌹𐍃 𐍃𐌹𐌻𐌱𐌰𐌼 𐌻𐌹𐌱𐌰𐌹𐌽𐌰, 𐌰𐌺 𐌸𐌰𐌼𐌼𐌰 𐍆𐌰𐌿𐍂 𐍃𐌹𐌺 𐌲𐌰𐍃𐍅𐌹𐌻𐍄𐌰𐌽𐌳𐌹𐌽 𐌾𐌰𐌷 𐌿𐍂𐍂𐌴𐌹𐍃𐌰𐌽𐌳𐌹𐌽. 𐌳𐍉𐌼𐌾𐌰𐌽𐌳𐌰𐌽𐍃 𐌸𐌰𐍄𐌰 𐌸𐌰𐍄𐌴𐌹 𐌰𐌹𐌽𐍃 𐍆𐌰𐌿𐍂 𐌰𐌻𐌻𐌰𐌽𐍃 𐌲𐌰𐍃𐍅𐌰𐌻𐍄, 𐌸𐌰𐌽𐌽𐌿 𐌰𐌻𐌻𐌰𐌹 𐌲𐌰𐍃𐍅𐌿𐌻𐍄𐌿𐌽, 𐌾𐌰𐌷 𐍆𐌰𐌿𐍂 𐌰𐌻𐌻𐌰𐌽𐍃 𐌲𐌰𐍃𐍅𐌰𐌻𐍄, 𐌴𐌹 𐌸𐌰𐌹 𐌻𐌹𐌱𐌰𐌽𐌳𐌰𐌽𐍃 𐌽𐌹 𐌸𐌰𐌽𐌰𐍃𐌴𐌹𐌸𐍃 𐍃𐌹𐍃 𐍃𐌹𐌻𐌱𐌰𐌼 𐌻𐌹𐌱𐌰𐌹𐌽𐌰[𐌹], 𐌰𐌺 𐌸𐌰𐌼𐌼𐌰 𐍆𐌰𐌿𐍂 𐍃𐌹𐌺 𐌲𐌰𐍃𐍅𐌹𐌻𐍄𐌰𐌽𐌳𐌹𐌽 𐌾𐌰𐌷 𐌿𐍂𐍂𐌴𐌹𐍃𐌰𐌽𐌳𐌹𐌽."
II Corinthians,5,16,"𐍃𐍅𐌰𐌴𐌹 𐍅𐌴𐌹𐍃 𐍆𐍂𐌰𐌼 𐌸𐌰𐌼𐌼𐌰 𐌽𐌿 𐌽𐌹 𐌰𐌹𐌽𐌽𐍉𐌷𐌿𐌽 𐌺𐌿𐌽𐌽𐌿𐌼 𐌱𐌹 𐌻𐌴𐌹𐌺𐌰; 𐌹𐌸 𐌾𐌰𐌱𐌰𐌹 𐌿𐍆𐌺𐌿𐌽𐌸𐌴𐌳𐌿𐌼 𐌱𐌹 𐌻𐌴𐌹𐌺𐌰 𐍇𐍂𐌹𐍃𐍄𐌿, 𐌰𐌺𐌴𐌹 𐌽𐌿 𐌽𐌹 𐌸𐌰𐌽𐌰𐍃𐌴𐌹𐌸𐍃 𐌽𐌹 𐌺𐌿𐌽𐌽𐌿𐌼. 𐍃𐍅𐌰𐌴𐌹 𐍅𐌴𐌹𐍃 𐍆𐍂𐌰𐌼 𐌸𐌰𐌼𐌼𐌰 𐌽𐌿 𐌽𐌹 𐌰𐌹𐌽𐌽𐍉𐌷𐌿𐌽 𐌺𐌿𐌽𐌽𐌿𐌼 𐌱𐌹 𐌻𐌴𐌹𐌺𐌰; 𐌹𐌸 𐌾𐌰𐌱𐌰𐌹 𐌿𐍆𐌺𐌿𐌽𐌸𐌴𐌳𐌿𐌼 𐌱𐌹 𐌻𐌴𐌹𐌺𐌰 𐍇𐍂𐌹𐍃𐍄𐌿, 𐌰𐌺𐌴𐌹 𐌽𐌿 𐌽𐌹 𐌸𐌰𐌽𐌰𐍃𐌴𐌹𐌸𐍃 𐌽𐌹 𐌺𐌿𐌽𐌽𐌿𐌼 𐌹𐌽𐌰."
II Corinthians,5,17,"𐍃𐍅𐌰𐌴𐌹 𐌾𐌰𐌱𐌰𐌹 𐍈𐍉 𐌹𐌽 𐍇𐍂𐌹𐍃𐍄𐌰𐌿 𐌽𐌹𐌿𐌾𐌰 𐌲𐌰𐍃𐌺𐌰𐍆𐍄𐍃, 𐌸𐍉 𐌰𐌻𐌸𐌾𐍉𐌽𐌰 𐌿𐍃𐌻𐌹𐌸𐌿𐌽; 𐍃𐌰𐌹, 𐍅𐌰𐌿𐍂𐌸𐌿𐌽 𐌽𐌹𐌿𐌾𐌰 𐌰𐌻𐌻𐌰. 𐍃𐍅𐌰𐌴𐌹 𐌾𐌰𐌱𐌰𐌹 𐍈𐍉 𐌹𐌽 𐍇𐍂𐌹𐍃𐍄𐌰𐌿 𐌽𐌹𐌿𐌾𐌰 𐌲𐌰𐍃𐌺𐌰𐍆𐍄𐍃, 𐌸𐍉 𐌰𐌻𐌸𐌾𐍉𐌽𐌰 𐌿𐍃𐌻𐌹𐌸𐌿𐌽; 𐍃𐌰𐌹, 𐍅𐌰𐌿𐍂𐌸𐌿𐌽 𐌽𐌹𐌿𐌾𐌰 𐌰𐌻𐌻𐌰."
II Corinthians,5,18,"𐌰𐌸𐌸𐌰𐌽 𐌰𐌻𐌻𐌰 𐌿𐍃 𐌲𐌿𐌳𐌰, 𐌸𐌰𐌼𐌼𐌰 𐌲𐌰𐍆𐍂𐌹𐌸𐍉𐌽𐌳𐌹𐌽 𐌿𐌽𐍃 𐍃𐌹𐍃 𐌸𐌰𐌹𐍂𐌷 𐍇𐍂𐌹𐍃𐍄𐌿 𐌾𐌰𐌲~𐌲𐌹𐌱𐌰𐌽𐌳𐌹𐌽 𐌿𐌽𐍃𐌹𐍃 𐌰𐌽𐌳𐌱𐌰𐌷𐍄𐌹 𐌲𐌰𐍆𐍂𐌹𐌸𐍉𐌽𐌰𐌹𐍃. 𐌰𐌸𐌸𐌰𐌽 𐌰𐌻𐌻𐌰 𐌿𐍃 𐌲𐌿𐌳𐌰, 𐌸𐌰𐌼𐌼𐌰 𐌲𐌰𐍆𐍂𐌹𐌸𐍉𐌽𐌳𐌹𐌽 𐌿𐌽𐍃 𐍃𐌹𐍃 𐌸𐌰𐌹𐍂𐌷 𐍇𐍂𐌹𐍃𐍄𐌿 𐌾𐌰𐌷 𐌲𐌹𐌱𐌰𐌽𐌳𐌹𐌽 𐌿𐌽𐍃 𐌰𐌽𐌳𐌱𐌰𐌷𐍄𐌹 𐌲𐌰𐍆𐍂𐌹𐌸𐍉𐌽𐌰𐌹𐍃."
II Corinthians,5,19,"𐌿𐌽𐍄𐌴 𐍃𐍅𐌴𐌸𐌰𐌿𐌷 𐌲𐌿𐌸 𐍅𐌰𐍃 𐌹𐌽 𐍇𐍂𐌹𐍃𐍄𐌰𐌿 𐌼𐌰𐌽𐌰𐍃𐌴𐌸 𐌲𐌰𐍆𐍂𐌹𐌸𐍉𐌽𐌳𐍃 𐍃𐌹𐍃, 𐌽𐌹 𐍂𐌰𐌷𐌽𐌾𐌰𐌽𐌳𐍃 𐌹𐌼 𐌼𐌹𐍃𐍃𐌰𐌳𐌴𐌳𐌹𐌽𐍃 𐌹𐌶𐌴 𐌾𐌰𐌷 𐌻𐌰𐌲𐌾𐌰𐌽𐌳𐍃 𐌹𐌽 𐌿𐌽𐍃 𐍅𐌰𐌿𐍂𐌳 𐌲𐌰𐍆𐍂𐌹𐌸𐍉𐌽𐌰𐌹𐍃. 𐌿𐌽𐍄𐌴 𐍃𐍅𐌴𐌸𐌰𐌿𐌷 𐌲𐌿𐌸 𐍅𐌰𐍃 𐌹𐌽 𐍇𐍂𐌹𐍃𐍄𐌰𐌿 𐌼𐌰𐌽𐌰𐍃𐌴𐌸 𐌲𐌰𐍆𐍂𐌹𐌸𐍉𐌽𐌳𐍃 𐍃𐌹𐍃, 𐌽𐌹 𐍂𐌰𐌷𐌽𐌾𐌰𐌽𐌳𐍃 𐌹𐌼 𐌼𐌹𐍃𐍃𐌰𐌳𐌴𐌳𐌹𐌽𐍃 𐌹𐌶𐌴 𐌾𐌰𐌷 𐌻𐌰𐌲𐌾𐌰𐌽𐌳𐍃 𐌹𐌽 𐌿𐌽𐍃 𐍅𐌰𐌿𐍂𐌳 𐌲𐌰𐍆𐍂𐌹𐌸𐍉𐌽𐌰𐌹𐍃."
II Corinthians,5,20,"𐍆𐌰𐌿𐍂 𐍇𐍂𐌹𐍃𐍄𐌿 𐌽𐌿 𐌰𐌹𐍂𐌹𐌽𐍉𐌼, 𐍃𐍅𐌴 𐌰𐍄 𐌲𐌿𐌳𐌰 𐌲𐌰𐌸𐌻𐌰𐌹𐌷𐌰𐌽𐌳𐌹𐌽 𐌸𐌰𐌹𐍂𐌷 𐌿𐌽𐍃; 𐌱𐌹𐌳𐌾𐌰𐌽𐌳𐌰𐌽𐍃 𐍆𐌰𐌿𐍂 𐍇𐍂𐌹𐍃𐍄𐌿 𐌲𐌰𐌲𐌰𐍅𐌰𐌹𐍂𐌸𐌽𐌰𐌽 𐌲𐌿𐌳𐌰. 𐍆𐌰𐌿𐍂 𐍇𐍂𐌹𐍃𐍄𐌿 𐌽𐌿 𐌰𐌹𐍂𐌹𐌽𐍉𐌼, 𐍃𐍅𐌴 𐌰𐍄 𐌲𐌿𐌳𐌰 𐌲𐌰𐌸𐌻𐌰𐌹𐌷𐌰𐌽𐌳𐌹𐌽 𐌸𐌰𐌹𐍂𐌷 𐌿𐌽𐍃; 𐌱𐌹𐌳𐌾𐌰𐌼 𐍆𐌰𐌿𐍂 𐍇𐍂𐌹𐍃𐍄𐌿 𐌲𐌰𐌲𐌰𐍅𐌰𐌹𐍂𐌸𐌽𐌰𐌽 𐌲𐌿𐌳𐌰."
II Corinthians,5,21,"𐌿𐌽𐍄𐌴 𐌸𐌰𐌽𐌰 𐌹𐌶𐌴 𐌽𐌹 𐌺𐌿𐌽𐌸𐌰 𐍆𐍂𐌰𐍅𐌰𐌿𐍂𐌷𐍄, 𐍆𐌰𐌿𐍂 𐌿𐌽𐍃 𐌲𐌰𐍄𐌰𐍅𐌹𐌳𐌰 𐍆𐍂𐌰𐍅𐌰𐌿𐍂𐌷𐍄, 𐌴𐌹 𐍅𐌴𐌹𐍃 𐍅𐌰𐌿𐍂𐌸𐌴𐌹𐌼𐌰 𐌲𐌰𐍂𐌰𐌹𐌷𐍄𐌴𐌹 𐌲𐌿𐌳𐌹𐍃 𐌹𐌽 𐌹𐌼𐌼𐌰. 𐌿𐌽𐍄𐌴 𐌸𐌰𐌽𐌰 𐌹𐌶𐌴𐌹 𐌽𐌹 𐌺𐌿𐌽𐌸𐌰 𐍆𐍂𐌰𐍅𐌰𐌿𐍂𐌷𐍄, 𐍆𐌰𐌿𐍂 𐌿𐌽𐍃 𐌲𐌰𐍄𐌰𐍅𐌹𐌳𐌰 𐍆𐍂𐌰𐍅𐌰𐌿𐍂𐌷𐍄, 𐌴𐌹 𐍅𐌴𐌹𐍃 𐍅𐌰𐌿𐍂𐌸𐌴𐌹𐌼𐌰 𐌲𐌰𐍂𐌰𐌹𐌷𐍄𐌴𐌹 𐌲𐌿𐌳𐌹𐍃 𐌹𐌽 𐌹𐌼𐌼𐌰."
II Corinthians,6,1,"𐌲𐌰𐍅𐌰𐌿𐍂𐍃𐍄𐍅𐌰𐌽𐍃 𐌾𐌰𐌸~𐌸𐌰𐌽 𐌱𐌹𐌳𐌾𐌰𐌽𐌳𐌰𐌽𐍃, 𐌽𐌹 𐍃𐍅𐌰𐍂𐌴 𐌰𐌽𐍃𐍄 𐌲𐌿𐌳𐌹𐍃 𐌽𐌹𐌼𐌰𐌽 𐌹𐌶𐍅𐌹𐍃. 𐌲𐌰𐍅𐌰𐌿𐍂𐍃𐍄𐍅𐌰𐌽𐍃 𐌾𐌰𐌷 𐌸𐌰𐌽 𐌱𐌹𐌳𐌾𐌰𐌽𐌳𐌰𐌽𐍃, 𐌽𐌹 𐍃𐍅𐌰𐍂𐌴𐌹 𐌰𐌽𐍃𐍄 𐌲𐌿𐌳𐌹𐍃 𐌽𐌹𐌼𐌰𐌽 𐌹𐌶𐍅𐌹𐍃."
II Corinthians,6,2,"𐌼𐌴𐌻𐌰 𐌰𐌿𐌺, 𐌵𐌹𐌸𐌹𐌸, 𐌰𐌽𐌳𐌰𐌽𐌴𐌼𐌾𐌰𐌼𐌼𐌰 𐌰𐌽𐌳𐌷𐌰𐌿𐍃𐌹𐌳𐌰 𐌸𐌿𐍃 𐌾𐌰𐌷 𐌹𐌽 𐌳𐌰𐌲𐌰 𐌽𐌰𐍃𐌴𐌹𐌽𐌰𐌹𐍃 𐌲𐌰𐌷𐌰𐌻𐍀 𐌸𐌴𐌹𐌽𐌰. 𐍃𐌰𐌹, 𐌽𐌿 𐌼𐌴𐌻 𐍅𐌰𐌹𐌻𐌰 𐌰𐌽𐌳𐌰𐌽𐌴𐌼; 𐍃𐌰𐌹, 𐌽𐌿 𐌳𐌰𐌲𐍃 𐌽𐌰𐍃𐌴𐌹𐌽𐌰𐌹𐍃. 𐌼𐌴𐌻𐌰 𐌰𐌿𐌺, 𐌵𐌹𐌸𐌹𐌸, 𐌰𐌽𐌳𐌰𐌽𐌴𐌼𐌾𐌰𐌼𐌼𐌰 𐌰𐌽𐌳𐌷𐌰𐌿𐍃𐌹𐌳𐌰 𐌸𐌿𐍃 𐌾𐌰𐌷 𐌹𐌽 𐌳𐌰𐌲𐌰 𐌽𐌰𐍃𐌴𐌹𐌽𐌰𐌹𐍃 𐌲𐌰𐌷𐌰𐌻𐍀 𐌸𐌴𐌹𐌽𐌰. 𐍃𐌰𐌹, 𐌽𐌿 𐌼𐌴𐌻 𐍅𐌰𐌹𐌻𐌰 𐌰𐌽𐌳𐌽𐌴𐌼; 𐍃𐌰𐌹, 𐌽𐌿 𐌳𐌰𐌲𐍃 𐌽𐌰𐍃𐌴𐌹𐌽𐌰𐌹𐍃."
II Corinthians,6,3,"𐌽𐌹 𐌰𐌹𐌽𐌷𐌿𐌽 𐌹𐌽 𐍅𐌰𐌹𐌷𐍄𐌰𐌹 𐌲𐌹𐌱𐌰𐌽𐌳𐌰𐌽𐍃 𐌱𐌹𐍃𐍄𐌿𐌲𐌵, 𐌴𐌹 𐌽𐌹 𐌰𐌽𐌰𐍅𐌰𐌼𐌼𐌾𐌰𐌹𐌳𐌰𐌿 𐌰𐌽𐌳𐌱𐌰𐌷𐍄𐌹 𐌿𐌽𐍃𐌰𐍂; 𐌽𐌹 𐌰𐌹𐌽𐌷𐌿𐌽 𐌸𐌰𐌽𐌽𐌿 𐌹𐌽 𐍅𐌰𐌹𐌷𐍄𐌰𐌹 𐌲𐌹𐌱𐌰𐌽𐌳𐌰𐌽𐍃 𐌱𐌹𐍃𐍄𐌿𐌲𐌵𐌴𐌹, 𐌴𐌹 𐌽𐌹 𐌰𐌽𐌰𐍅𐌰𐌼𐌼𐌾𐌰𐌹𐌳𐌰𐌿 𐌰𐌽𐌳𐌱𐌰𐌷𐍄𐌹 𐌿𐌽𐍃𐌰𐍂;"
II Corinthians,6,4,"𐌰𐌺 𐌹𐌽 𐌰𐌻𐌻𐌰𐌼𐌼𐌰 𐌿𐍃𐍄𐌰𐌹𐌺𐌽𐌾𐌰𐌽𐌳𐌰𐌽𐍃 𐌿𐌽𐍃 𐍃𐍅𐌴 𐌲𐌿𐌳𐌹𐍃 𐌰𐌽𐌳𐌱𐌰𐌷𐍄𐍉𐍃 𐌹𐌽 𐍃𐍄𐌹𐍅𐌹𐍄𐌾𐌰 𐌼𐌰𐌽𐌰𐌲𐌰𐌼𐌼𐌰, 𐌹𐌽 𐌰𐌲𐌻𐍉𐌼, 𐌹𐌽 𐌽𐌰𐌿𐌸𐌹𐌼, 𐌹𐌽 𐌰𐌲𐌲𐍅𐌹𐌸𐍉𐌼, 𐌰𐌺 𐌹𐌽 𐌰𐌻𐌻𐌰𐌼𐌼𐌰 𐌿𐍃𐍄𐌰𐌹𐌺𐌽𐌾𐌰𐌽𐌳𐌰𐌽𐍃 𐌿𐌽𐍃 𐍃𐍅𐌴 𐌲𐌿𐌳𐌹𐍃 𐌰𐌽𐌳𐌱𐌰𐌷𐍄𐍉𐍃 𐌹𐌽 𐍃𐍄𐌹𐍅𐌹𐍄𐌾𐌰 𐌼𐌰𐌽𐌰𐌲𐌰𐌼𐌼𐌰, 𐌹𐌽 𐌰𐌲𐌻𐍉𐌼, 𐌹𐌽 𐌽𐌰𐌿𐌸𐌹𐌼, 𐌹𐌽 𐌰𐌲𐌲𐍅𐌹𐌸𐍉𐌼,"
II Corinthians,6,5,"𐌹𐌽 𐍃𐌻𐌰𐌷𐌹𐌼, 𐌹𐌽 𐌺𐌰𐍂𐌺𐌰𐍂𐍉𐌼, 𐌹𐌽 𐌿𐌽𐍃𐌿𐍄𐌾𐌰𐌼, 𐌹𐌽 𐌰𐍂𐌱𐌰𐌹𐌳𐌹𐌼, 𐌹𐌽 𐍅𐍉𐌺𐌰𐌹𐌽𐌹𐌼, 𐌹𐌽 𐌻𐌰𐌿𐍃𐌵𐌹𐌸𐍂𐌴𐌹𐌽, 𐌹𐌽 𐍃𐌻𐌰𐌷𐌹𐌼, 𐌹𐌽 𐌺𐌰𐍂𐌺𐌰𐍂𐍉𐌼, 𐌹𐌽 𐌿𐌽𐍃𐌿𐍄𐌾𐌰𐌼, 𐌹𐌽 𐌰𐍂𐌱𐌰𐌹𐌳𐌹𐌼, 𐌹𐌽 𐍅𐍉𐌺𐌰𐌹𐌽𐌹𐌼, 𐌹𐌽 𐌻𐌰𐌿𐍃𐌵𐌹𐌸𐍂𐌴𐌹𐌽,"
II Corinthians,6,6,"𐌹𐌽 𐍃𐍅𐌹𐌺𐌽𐌹𐌸𐌰𐌹, 𐌹𐌽 𐌺𐌿𐌽𐌸𐌾𐌰, 𐌹𐌽 𐌻𐌰𐌲𐌲𐌰𐌼𐍉𐌳𐌴𐌹𐌽, 𐌹𐌽 𐍃𐌴𐌻𐌴𐌹𐌽, 𐌹𐌽 𐌰𐌷𐌼𐌹𐌽 𐍅𐌴𐌹𐌷𐌰𐌼𐌼𐌰, 𐌹𐌽 𐍆𐍂𐌹𐌾𐌰𐌸𐍅𐌰𐌹 𐌿𐌽𐌷𐌹𐌽𐌳𐌰𐍂𐍅𐌴𐌹𐍃𐌰𐌹, 𐌹𐌽 𐍃𐍅𐌹𐌺𐌽𐌹𐌸𐌰𐌹, 𐌹𐌽 𐌺𐌿𐌽𐌸𐌾𐌰, 𐌹𐌽 𐌻𐌰𐌲𐌲𐌰𐌼𐍉𐌳𐌴𐌹𐌽, 𐌹𐌽 𐍃𐌴𐌻𐌴𐌹𐌽, 𐌹𐌽 𐌰𐌷𐌼𐌹𐌽 𐍅𐌴𐌹𐌷𐌰𐌼𐌼𐌰, 𐌹𐌽 𐍆𐍂𐌹𐌰𐌸𐍅𐌰𐌹 𐌿𐌽𐌷𐌹𐌽𐌳𐌰𐍂𐍅𐌴𐌹𐍃𐌰𐌹,"
II Corinthians,6,7,"𐌹𐌽 𐍅𐌰𐌿𐍂𐌳𐌰 𐍃𐌿𐌽𐌾𐍉𐍃, 𐌹𐌽 𐌼𐌰𐌷𐍄𐌰𐌹 𐌲𐌿𐌳𐌹𐍃, 𐌸𐌰𐌹𐍂𐌷 𐍅𐌴𐍀𐌽𐌰 𐌲𐌰𐍂𐌰𐌹𐌷𐍄𐌴𐌹𐌽𐍃 𐍄𐌰𐌹𐌷𐍃𐍅𐍉𐌽𐌰 𐌾𐌰𐌷 𐌷𐌻𐌴𐌹𐌳𐌿𐌼𐍉𐌽[𐌽]𐌰, 𐌹𐌽 𐍅𐌰𐌿𐍂𐌳𐌰 𐍃𐌿𐌽𐌾𐍉𐍃, 𐌹𐌽 𐌼𐌰𐌷𐍄𐌰𐌹 𐌲𐌿𐌳𐌹𐍃, 𐌸𐌰𐌹𐍂𐌷 𐍅𐌴𐍀𐌽𐌰 𐌲𐌰𐍂𐌰𐌹𐌷𐍄𐌴𐌹𐌽𐍃 𐍄𐌰𐌹𐌷𐍃𐍅𐍉𐌽𐌰 𐌾𐌰𐌷 𐌷𐌻𐌴𐌹𐌳𐌿𐌼𐍉𐌽𐌰,"
II Corinthians,6,8,"𐌾𐌰𐌷 𐌸𐌰𐌹𐍂𐌷 𐍅𐌿𐌻𐌸𐌿 𐌾𐌰𐌷 𐌿𐌽𐍃𐍅𐌴𐍂𐌴𐌹𐌽, 𐌸𐌰𐌹𐍂𐌷 𐍅𐌰𐌾𐌰𐌼𐌴𐍂𐌴𐌹𐌽 𐌾𐌰𐌷 𐍅𐌰𐌹𐌻𐌰𐌼𐌴𐍂𐌴𐌹𐌽, 𐍃𐍅𐌴 𐌰𐌹𐍂𐌶𐌾𐌰𐌽𐌳𐌰𐌽𐍃 𐌾𐌰𐌷 𐍃𐌿𐌽𐌾𐌴𐌹𐌽𐌰𐌹, 𐍃𐍅𐌴 𐌿𐌽𐌺𐌿𐌽𐌸𐌰𐌹 𐌾𐌰𐌷 𐌿𐍆𐌺𐌿𐌽𐌽𐌰𐌹𐌳𐌰𐌹, 𐌸𐌰𐌹𐍂𐌷 𐍅𐌿𐌻𐌸𐌿 𐌾𐌰𐌷 𐌿𐌽𐍃𐍅𐌴𐍂𐌴𐌹𐌽, 𐌸𐌰𐌹𐍂𐌷 𐍅𐌰𐌾𐌰𐌼𐌴𐍂𐌴𐌹𐌽 𐌾𐌰𐌷 𐍅𐌰𐌹𐌻𐌰𐌼𐌴𐍂𐌴𐌹𐌽, 𐍃𐍅𐌴 𐌰𐌹𐍂𐌶𐌾𐌰𐌽𐌳𐌰𐌽𐍃 𐌾𐌰𐌷 𐍃𐌿𐌽𐌾𐌴𐌹𐌽𐌰𐌹, 𐍃𐍅𐌴 𐌿𐌽𐌺𐌿𐌽𐌸𐌰𐌹 𐌾𐌰𐌷 𐌿𐍆𐌺𐌿𐌽𐌽𐌰𐌹𐌳𐌰𐌹,"
II Corinthians,6,9,"𐍃𐍅𐌴 𐌲𐌰𐍃𐍅𐌹𐌻𐍄𐌰𐌽𐌳𐌰𐌽𐍃 𐌾𐌰𐌷 𐍃𐌰𐌹 𐌻𐌹𐌱𐌰𐌼, 𐍃𐍅𐌴 𐍄𐌰𐌻𐌶𐌹𐌳𐌰𐌹 𐌾𐌰𐌷 𐌽𐌹 𐌰𐍆𐌳𐌰𐌿𐌸𐌹𐌳𐌰𐌹, 𐍃𐍅𐌴 𐌲𐌰𐍃𐍅𐌹𐌻𐍄𐌰𐌽𐌳𐌰𐌽𐍃 𐌾𐌰𐌷 𐍃𐌰𐌹 𐌻𐌹𐌱𐌰𐌼, 𐍃𐍅𐌴 𐍄𐌰𐌻𐌶𐌹𐌳𐌰𐌹 𐌾𐌰𐌷 𐌽𐌹 𐌰𐍆𐌳𐌰𐌿𐌸𐌹𐌳𐌰𐌹,"
II Corinthians,6,10,"𐍃𐍅𐌴 𐍃𐌰𐌿𐍂𐌲𐌰𐌽𐌳𐌰𐌽𐍃, 𐌹𐌸 𐍃𐌹𐌽𐍄𐌴𐌹𐌽𐍉 𐍆𐌰𐌲𐌹𐌽𐍉𐌽𐌳𐌰𐌽𐍃, 𐍃𐍅𐌴 𐌿𐌽𐌻𐌴𐌳𐌰𐌹, 𐌹𐌸 𐌼𐌰𐌽𐌰𐌲𐌰𐌽𐍃 𐌲𐌰𐌱𐌹𐌲𐌾𐌰𐌽𐌳𐌰𐌽𐍃, 𐍃𐍅𐌴 𐌽𐌹 𐍅𐌰𐌹𐌷(𐍄) 𐌰𐌹𐌷𐌰𐌽𐌳𐌰𐌽𐍃 𐌾𐌰𐌷 𐌰𐌻𐌻𐌰𐍄𐌰 𐌳𐌹𐍃𐌽𐌹𐌼𐌰𐌽𐌳𐌰𐌽𐍃. 𐍃𐍅𐌴 𐍃𐌰𐌿𐍂𐌲𐌰𐌽𐌳𐌰𐌽𐍃, 𐌹𐌸 𐍃𐌹𐌽𐍄𐌴𐌹𐌽𐍉 𐍆𐌰𐌲𐌹𐌽𐍉𐌽𐌳𐌰𐌽𐍃, 𐍃𐍅𐌴 𐌿𐌽𐌻𐌴𐌳𐌰𐌹, 𐌹𐌸 𐌼𐌰𐌽𐌰𐌲𐌰𐌽𐍃 𐌲𐌰𐌱𐌹𐌲𐌾𐌰𐌽𐌳𐌰𐌽𐍃, 𐍃𐍅𐌴 𐌽𐌹 𐍅𐌰𐌹𐌷(𐍄) 𐌰𐌹𐌷𐌰𐌽𐌳𐌰𐌽𐍃 𐌾𐌰𐌷 𐌰𐌻𐌻𐌰𐍄𐌰 𐌳𐌹𐍃𐌽𐌹𐌼𐌰𐌽𐌳𐌰𐌽𐍃."
II Corinthians,6,11,"𐌼𐌿𐌽𐌸𐍃 𐌿𐌽𐍃𐌰𐍂 𐌿𐍃𐌻𐌿𐌺𐌽𐍉𐌳𐌰 𐌳𐌿 𐌹𐌶𐍅𐌹𐍃, 𐌺𐌰𐌿𐍂𐌹𐌽𐌸𐌹𐌿𐍃, 𐌷𐌰𐌹𐍂𐍄𐍉 𐌿𐌽𐍃𐌰𐍂 𐌿𐍂𐍂𐌿𐌼𐌽𐍉𐌳𐌰. 𐌼(𐌿𐌽)𐌸𐍃 𐌿𐌽𐍃𐌰𐍂 𐌿𐍃𐌻𐌿𐌺𐌽𐍉𐌳𐌰 𐌳𐌿 𐌹𐌶𐍅𐌹𐍃, 𐌺𐌰𐌿𐍂𐌹𐌽𐌸𐌹𐌿𐍃, 𐌷𐌰𐌹𐍂𐍄𐍉 𐌿𐌽𐍃𐌰𐍂 𐌿𐍃𐍂𐌿𐌼𐌽𐍉𐌳𐌰."
II Corinthians,6,12,"𐌽𐌹 𐌸𐍂𐌴𐌹𐌷𐌰𐌽𐌳𐌰 𐌾𐌿𐍃 𐌹𐌽 𐌿𐌽𐍃, 𐌹𐌸 𐌸𐍂𐌴𐌹𐌷𐌰𐌽𐌳𐌰 𐌹𐌽 𐌷𐌰𐌹𐍂𐌸𐍂𐌰𐌼 𐌹𐌶𐍅𐌰𐍂𐌰𐌹𐌼. 𐌽𐌹 𐌸𐍂𐌴𐌹𐌷𐌰𐌽𐌳𐌰 𐌾𐌿𐍃 𐌹𐌽 𐌿𐌽𐍃, 𐌹𐌸 𐌸𐍂𐌴𐌹𐌷𐌰𐌽𐌳𐌰 𐌹𐌽 𐌷𐌰𐌹𐍂𐌸𐍂𐌰𐌼 𐌹𐌶𐍅𐌰𐍂𐌰𐌹𐌼."
II Corinthians,6,13,"𐌰𐌸𐌸𐌰𐌽 𐌸𐌰𐍄𐌰 𐍃𐌰𐌼𐍉 𐌰𐌽𐌳𐌰𐌻𐌰𐌿𐌽𐌹, 𐍃𐍅𐌴 𐍆𐍂𐌰𐍃𐍄𐌹𐌼 𐌵𐌹𐌸𐌰, 𐌿𐍂𐍂𐌿𐌼𐌽𐌰𐌹𐌸 𐌾𐌰𐌷 𐌾𐌿𐍃. 𐌰𐌸𐌸𐌰𐌽 𐌸𐌰𐍄𐌰 𐍃𐌰𐌼𐍉 𐌰𐌽𐌳𐌰𐌻𐌰𐌿𐌽𐌹, 𐍃𐍅𐌴 𐍆𐍂𐌰𐍃𐍄𐌹𐌼 𐌵𐌹𐌸𐌰, 𐌿𐍂𐍂𐌿𐌼𐌽𐌰𐌹𐌸 𐌾𐌰𐌷 𐌾𐌿𐍃."
II Corinthians,6,14,𐌽𐌹 𐍅𐌰𐌹𐍂𐌸𐌰𐌹𐌸 𐌲𐌰𐌾𐌿𐌺𐌰𐌽𐍃 𐌿𐌽𐌲𐌰𐌻𐌰𐌿𐌱𐌾𐌰𐌽𐌳𐌰𐌼; 𐌿𐌽𐍄𐌴 𐍈𐍉 𐌳𐌰𐌹𐌻𐍉 𐌲𐌰𐍂𐌰𐌹𐌷𐍄𐌴𐌹𐌽 𐌼𐌹𐌸 𐌿𐌽𐌲𐌰𐍂𐌰𐌹𐌷𐍄𐌴𐌹𐌽 𐌰𐌹𐌸𐌸𐌰𐌿 𐍈𐍉 𐌲𐌰𐌼𐌰𐌹𐌽𐌳𐌿𐌸𐌴 𐌻𐌹𐌿𐌷𐌰𐌳𐌰 𐌼𐌹𐌸 𐍂𐌹𐌵𐌹𐌶𐌰? 𐌽𐌹 𐍅𐌰𐌹𐍂𐌸𐌰𐌹𐌸 𐌲𐌰𐌾𐌿𐌺𐌰𐌽𐍃 𐌿𐌽𐌲𐌰𐌻𐌰𐌿𐌱𐌾𐌰𐌽𐌳𐌰𐌼; 𐌿𐌽𐍄𐌴 𐍈𐍉 𐌳𐌰𐌹𐌻𐍉 𐌲𐌰𐍂𐌰𐌹𐌷𐍄𐌴𐌹𐌽 𐌼𐌹𐌸 𐌿𐌽𐌲𐌰𐍂𐌰𐌹𐌷𐍄𐌴𐌹𐌽 𐌰𐌹𐌸𐌸𐌰𐌿 𐍈𐍉 𐌲𐌰𐌼𐌰𐌹𐌽𐌳𐌿𐌸𐌴 𐌻𐌹𐌿𐌷𐌰𐌳𐌰 𐌼𐌹𐌸 𐍂𐌹𐌵𐌹𐌶𐌰?
II Corinthians,6,15,𐍈𐍉𐌿𐌸~𐌸𐌰𐌽 𐍃𐌰𐌼𐌰𐌵𐌹𐍃𐍃𐌴 𐍇𐍂𐌹𐍃𐍄𐌰𐌿 𐌼𐌹𐌸 𐌱𐌰𐌹𐌻𐌹𐌰𐌼𐌰 𐌰𐌹𐌸𐌸𐌰𐌿 𐍈𐍉 𐌳𐌰𐌹𐌻𐌴 𐌲𐌰𐌻𐌰𐌿𐌱𐌾𐌰𐌽𐌳𐌹𐌽 𐌼𐌹𐌸 𐌿𐌽𐌲𐌰𐌻𐌰𐌿𐌱𐌾𐌰𐌽𐌳𐌹𐌽? 𐍈𐍉𐌿𐌷 𐌸𐌰𐌽 𐍃𐌰𐌼𐌰𐌵𐌹𐍃𐍃𐌴 𐍇𐍂𐌹𐍃𐍄𐌰𐌿 𐌼𐌹𐌸 𐌱𐌰𐌹𐌻𐌹𐌰𐌼𐌰 𐌰𐌹𐌸𐌸𐌰𐌿 𐍈𐍉 𐌳𐌰𐌹𐌻𐌴 𐌲𐌰𐌻𐌰𐌿𐌱𐌾𐌰𐌽𐌳𐌹𐌽 𐌼𐌹𐌸 𐌿𐌽𐌲𐌰𐌻𐌰𐌿𐌱𐌾𐌰𐌽𐌳𐌹𐌽?
II Corinthians,6,16,𐍈𐍉𐌿𐌸~𐌸𐌰𐌽 𐍃𐌰𐌼𐌰𐌵𐌹𐍃𐍃𐌴 𐌰𐌻𐌷𐍃 𐌲𐌿𐌳𐌹𐍃 𐌼𐌹𐌸 𐌲𐌰𐌻𐌹𐌿𐌲𐌰𐌼? 𐌿𐌽𐍄𐌴 𐌾𐌿𐍃 𐌰𐌻𐌷𐍃 𐌲𐌿𐌳𐌹𐍃 𐍃𐌹𐌿𐌸 𐌻𐌹𐌱𐌰𐌽𐌳𐌹𐌽𐍃; 𐌵𐌹𐌸𐌹𐌸 𐌰𐌿𐌺 𐌲𐌿𐌸: 𐌸𐌰𐍄𐌴𐌹 𐌱𐌰𐌿𐌰 𐌹𐌽 𐌹𐌼 𐌾𐌰𐌷 𐌹𐌽𐌽𐌰 𐌲𐌰𐌲𐌲𐌰 𐌾𐌰𐌷 𐍅𐌰𐌹𐍂𐌸𐌰 𐌹𐌶𐌴 𐌲𐌿𐌸 𐌾𐌰𐌷 𐌴𐌹𐍃 𐍅𐌰𐌹𐍂𐌸𐌰𐌽𐌳 𐌼𐌹𐍃 𐌼𐌰𐌽𐌰𐌲𐌴𐌹. 𐍈𐍉𐌿𐌷 𐌸𐌰𐌽 𐍃𐌰𐌼𐌰𐌵𐌹𐍃𐍃𐌴 𐌰𐌻𐌷𐍃 𐌲𐌿𐌳𐌹𐍃 𐌼𐌹𐌸 𐌲𐌰𐌻𐌹𐌿𐌲𐌰𐌼? 𐌿𐌽𐍄𐌴 𐌾𐌿𐍃 𐌰𐌻𐌷𐍃 𐌲𐌿𐌳𐌹𐍃 𐍃𐌹𐌾𐌿𐌸 𐌻𐌹𐌱𐌰𐌽𐌳𐌹𐌽𐍃; 𐌵𐌹𐌸𐌹𐌸 𐌰𐌿𐌺 𐌲𐌿𐌸: 𐌸𐌰𐍄𐌴𐌹 𐌱𐌰𐌿𐌰 𐌹𐌽 𐌹𐌼 𐌾𐌰𐌷 𐌹𐌽𐌽𐌰 𐌲𐌰𐌲𐌲𐌰 𐌾𐌰𐌷 𐍅𐌰𐌹𐍂𐌸𐌰 𐌹𐌶𐌴 𐌲𐌿𐌸 𐌾𐌰𐌷 𐌴𐌹𐍃 𐍅𐌰𐌹𐍂𐌸𐌰𐌽𐌳 𐌼𐌹𐍃 𐌼𐌰𐌽𐌰𐌲𐌴𐌹.
II Corinthians,6,17,"𐌹𐌽𐌿𐌸~𐌸𐌹𐍃 𐌿𐍃𐌲𐌰𐌲𐌲𐌹𐌸 𐌿𐍃 𐌼𐌹𐌳𐌿𐌼𐌰𐌹 𐌹𐌶𐌴 𐌾𐌰𐌷 𐌰𐍆𐍃𐌺𐌰𐌹𐌳𐌹𐌸 𐌹𐌶𐍅𐌹𐍃, 𐌵𐌹𐌸𐌹𐌸 𐍆𐍂𐌰𐌿𐌾𐌰, 𐌾𐌰𐌷 𐌿𐌽𐌷𐍂𐌰𐌹𐌽𐌾𐌰𐌼𐌼𐌰 𐌽𐌹 𐌰𐍄𐍄𐌴𐌺𐌰𐌹𐌸, 𐌾𐌰𐌷 𐌹𐌺 𐌰𐌽𐌳𐌽𐌹𐌼𐌰 𐌹𐌶𐍅𐌹𐍃 𐌹𐌽𐌿𐌷 𐌸𐌹𐍃 𐌿𐍃𐌲𐌰𐌲𐌲𐌹𐌸 𐌿𐍃 𐌼𐌹𐌳𐌿𐌼𐌰𐌹 𐌹𐌶𐌴 𐌾𐌰𐌷 𐌰𐍆𐍃𐌺𐌰𐌹𐌳𐌹𐌸 𐌹𐌶𐍅𐌹𐍃, 𐌵𐌹𐌸𐌹𐌸 𐍆𐍂𐌰𐌿𐌾𐌰, 𐌾𐌰𐌷 𐌿𐌽𐌷𐍂𐌰𐌹𐌽𐌾𐌰𐌼𐌼𐌰 𐌽𐌹 𐌰𐍄𐍄𐌴𐌺𐌰𐌹𐌸, 𐌾𐌰𐌷 𐌹𐌺 𐌰𐌽𐌳𐌽𐌹𐌼𐌰 𐌹𐌶𐍅𐌹𐍃"
II Corinthians,6,18,"𐌾𐌰𐌷 𐍅𐌰𐌹𐍂𐌸𐌰 𐌹𐌶𐍅𐌹𐍃 𐌳𐌿 𐌰𐍄𐍄𐌹𐌽 𐌾𐌰𐌷 𐌾𐌿𐍃 𐍅𐌰𐌹𐍂𐌸𐌹𐌸 𐌼𐌹𐍃 𐌳𐌿 𐍃𐌿𐌽𐌿𐌼 𐌾𐌰𐌷 𐌳𐌰𐌿𐌷𐍄𐍂𐌿𐌼, 𐌵𐌹𐌸𐌹𐌸 𐍆𐍂𐌰𐌿𐌾𐌰 𐌰𐌻𐌻𐍅𐌰𐌻𐌳𐌰𐌽𐌳𐍃. 𐌾𐌰𐌷 𐍅𐌰𐌹𐍂𐌸𐌰 𐌹𐌶𐍅𐌹𐍃 𐌳𐌿 𐌰𐍄𐍄𐌹𐌽 𐌾𐌰𐌷 𐌾𐌿𐍃 𐍅𐌰𐌹𐍂𐌸𐌹𐌸 𐌼𐌹𐍃 𐌳𐌿 𐍃𐌿𐌽𐌿𐌼 𐌾𐌰𐌷 𐌳𐌰𐌿𐌷𐍄𐍂𐌿𐌼, 𐌵𐌹𐌸𐌹𐌸 𐍆𐍂𐌰𐌿𐌾𐌰 𐌰𐌻𐌻𐍅𐌰𐌻𐌳𐌰𐌽𐌳𐍃."
II Corinthians,7,1,"Ã𐍉 𐌷𐌰𐌱𐌰𐌽𐌳𐌰𐌽𐍃 𐌽𐌿 𐌲𐌰𐌷𐌰𐌹𐍄𐌰, 𐌻𐌹𐌿𐌱𐌰𐌽𐍃, 𐌷𐍂𐌰𐌹𐌽𐌾𐌰𐌼 𐌿𐌽𐍃𐌹𐍃 𐌰𐍆 𐌰𐌻𐌻𐌰𐌼𐌼𐌰 𐌱𐌹𐍃𐌰𐌿𐌻𐌴𐌹𐌽𐍉 𐌻𐌴𐌹𐌺𐌹𐍃 𐌾𐌰𐌷 𐌰𐌷𐌼𐌹𐌽𐍃, 𐌿𐍃𐍄𐌹𐌿𐌷𐌰𐌽𐌳𐌰𐌽𐍃 𐍅𐌴𐌹𐌷𐌹𐌸𐌰 𐌹𐌽 𐌰𐌲𐌹𐍃𐌰 𐌲𐌿𐌳𐌹𐍃. Ã𐍉 𐌷𐌰𐌱𐌰𐌽𐌳𐌰𐌽𐍃 𐌽𐌿 𐌲𐌰𐌷𐌰𐌹𐍄𐌰, 𐌻𐌹𐌿𐌱𐌰𐌽𐍃, 𐌷𐍂𐌰𐌹𐌽𐌾𐌰𐌼 𐌿𐌽𐍃𐌹𐍃 𐌰𐍆 𐌰𐌻𐌻𐌰𐌼𐌼𐌰 𐌱𐌹𐍃𐌰𐌿𐌻𐌴𐌹𐌽𐍉 𐌻𐌴𐌹𐌺𐌹𐍃 𐌾𐌰𐌷 𐌰𐌷𐌼𐌹𐌽𐍃, 𐌿𐍃𐍄𐌹𐌿𐌷𐌰𐌽𐌳𐌰𐌽𐍃 𐍅𐌴𐌹𐌷𐌹𐌸𐌰 𐌹𐌽 𐌰𐌲𐌹𐍃𐌰 𐌲𐌿𐌳𐌹𐍃."
II Corinthians,7,2,"𐌲𐌰𐌼𐍉𐍄𐌴𐌹𐌼𐌰 𐌹𐌽 𐌹𐌶𐍅𐌹𐍃; 𐌽𐌹 𐌰𐌹𐌽𐌿𐌼𐌼𐌴𐌷𐌿𐌽 𐌲𐌰𐍃𐌺𐍉𐌸𐌿𐌼, 𐌽𐌹 𐌰𐌹𐌽𐌽𐍉𐌷𐌿𐌽 𐍆𐍂𐌰𐍅𐌰𐍂𐌳𐌹𐌳𐌴𐌳𐌿𐌼, 𐌽𐌹 𐌰𐌹𐌽𐌽𐍉𐌷𐌿𐌽 𐌱𐌹𐍆𐌰𐌹𐌷𐍉𐌳𐌴𐌳𐌿𐌼. 𐌲𐌰𐌼𐍉𐍄𐌴𐌹𐌼𐌰 𐌹𐌽 𐌹𐌶𐍅𐌹𐍃; 𐌽𐌹 𐌰𐌹𐌽𐌿𐌼𐌼𐌴𐌷𐌿𐌽 𐌲𐌰𐍃𐌺𐍉𐌸𐌿𐌼, 𐌽𐌹 𐌰𐌹𐌽𐌽𐍉𐌷𐌿𐌽 𐍆𐍂𐌰𐍅𐌰𐍂𐌳𐌹𐌳𐌴𐌳𐌿𐌼, 𐌽𐌹 𐌰𐌹𐌽𐌽𐍉𐌷𐌿𐌽 𐌱𐌹𐍆𐌰𐌹𐌷𐍉𐌳𐌴𐌳𐌿𐌼."
II Corinthians,7,3,𐌽𐌹 𐌳𐌿 𐌲𐌰𐍅𐌰𐍂𐌲𐌴𐌹𐌽𐌰𐌹 𐌵𐌹𐌸𐌰; 𐍆𐌰𐌿𐍂𐌰𐌵𐌰𐌸 𐌰𐌿𐌺 𐌸𐌰𐍄𐌴𐌹 𐌹𐌽 𐌷𐌰𐌹𐍂𐍄𐌰𐌼 𐌿𐌽𐍃𐌰𐍂𐌰𐌹𐌼 𐍃𐌹𐌾𐌿𐌸 𐌳𐌿 𐌼𐌹𐌸𐌲𐌰𐍃𐍅𐌹𐌻𐍄𐌰𐌽 𐌾𐌰𐍃~𐍃𐌰𐌼𐌰𐌽𐌰 𐌻𐌹𐌱𐌰𐌽. 𐌽𐌹 𐌳𐌿 𐌲𐌰𐍅𐌰𐍂𐌲𐌴𐌹𐌽𐌰𐌹 𐌵𐌹𐌸𐌰; 𐍆𐌰𐌿𐍂𐌰𐌵𐌰𐌸 𐌰𐌿𐌺 𐌸𐌰𐍄𐌴𐌹 𐌹𐌽 𐌷𐌰𐌹𐍂𐍄𐌰𐌼 𐌿𐌽𐍃𐌰𐍂𐌰𐌹𐌼 𐍃𐌹𐌾𐌿𐌸 𐌳𐌿 𐌲𐌰𐍃𐍅𐌹𐌻𐍄𐌰𐌽 𐌾𐌰𐌷 𐍃𐌰𐌼𐌰𐌽𐌰 𐌻𐌹𐌱𐌰𐌽.
II Corinthians,7,4,"𐌼𐌰𐌽𐌰𐌲𐌰 𐌼𐌹𐍃 𐍄𐍂𐌰𐌿𐌰𐌹𐌽𐍃 𐌳𐌿 𐌹𐌶𐍅𐌹𐍃, 𐌼𐌰𐌽𐌰𐌲𐌰 𐌼𐌹𐍃 𐍈𐍉𐍆𐍄𐌿𐌻𐌹 𐍆𐌰𐌿𐍂 𐌹𐌶𐍅𐌹𐍃, 𐌿𐍃𐍆𐌿𐌻𐌻𐌹𐌸𐍃 𐌹𐌼 𐌲𐌰𐌸𐌻𐌰𐌹𐌷𐍄𐌰𐌹𐍃, 𐌿𐍆𐌰𐍂𐍆𐌿𐌻𐌻𐌹𐌸𐍃 𐌹𐌼 𐍆𐌰𐌷𐌴𐌳𐌰𐌹𐍃 𐌹𐌽 𐌰𐌻𐌻𐌰𐌹𐌶𐍉𐍃 𐌼𐌰𐌽𐌰𐌲𐍉𐌽𐍃 𐌰𐌲𐌻𐍉𐌽𐍃 𐌿𐌽𐍃𐌰𐍂𐌰𐌹𐌶𐍉𐍃. 𐌼𐌰𐌽𐌰𐌲𐌰 𐌼𐌹𐍃 𐍄𐍂𐌰𐌿𐌰𐌹𐌽𐍃 𐌳𐌿 𐌹𐌶𐍅𐌹𐍃, 𐌼𐌰𐌽𐌰𐌲𐌰 𐌼𐌹𐍃 𐍈𐍉𐍆𐍄𐌿𐌻𐌹 𐍆𐌰𐌿𐍂 𐌹𐌶𐍅𐌹𐍃, 𐌿𐍃𐍆𐌿𐌻𐌻𐌹𐌸𐍃 𐌹𐌼 𐌲𐌰𐌸𐌻𐌰𐌹𐌷𐍄𐌰𐌹𐍃, 𐌿𐍆𐌰𐍂𐍆𐌿𐌻𐌻𐌹𐌸𐍃 𐌹𐌼 𐍆𐌰𐌷𐌴𐌳𐌰𐌹𐍃 𐌹𐌽 𐌰𐌻𐌻𐌰𐌹𐌶𐍉𐍃 𐌼𐌰𐌽𐌰𐌲𐍉𐌽𐍃 𐌰𐌲𐌻𐍉𐌽𐍃 𐌿𐌽𐍃𐌰𐍂𐌰𐌹𐌶𐍉𐍃."
II Corinthians,7,5,"𐌾𐌰𐌷 𐌰𐌿𐌺 𐌵𐌹𐌼𐌰𐌽𐌳𐌰𐌼 𐌿𐌽𐍃𐌹𐍃 𐌹𐌽 𐌼𐌰𐌺𐌰𐌹𐌳𐍉𐌽𐌾𐌰𐌹 𐌽𐌹 𐍅𐌰𐌹𐌷𐍄 𐌷𐌰𐌱𐌰𐌹𐌳𐌰 𐌲𐌰𐍈𐌴𐌹𐌻𐌰𐌹𐌽𐌰𐌹𐍃 𐌻𐌴𐌹𐌺 𐌿𐌽𐍃𐌰𐍂, 𐌰𐌺 𐌹𐌽 𐌰𐌻𐌻𐌰𐌼𐌼𐌰 𐌰𐌽𐌰𐍀𐍂𐌰𐌲𐌲𐌰𐌽𐌰𐌹, 𐌿𐍄𐌰𐌽𐌰 𐍅𐌰𐌹𐌷𐌾𐍉𐌽𐍃, 𐌹𐌽𐌽𐌰𐌽𐌰 𐌰𐌲𐌹𐍃𐌰. 𐌾𐌰𐌷 𐌰𐌿𐌺 𐌵𐌹𐌼𐌰𐌽𐌳𐌰𐌼 𐌿𐌽𐍃𐌹𐍃 𐌹𐌽 𐌼𐌰𐌺𐌹𐌳𐍉𐌽𐌾𐌰𐌹 𐌽𐌹 𐍅𐌰𐌹𐌷𐍄 𐌷𐌰𐌱𐌰𐌹𐌳𐌰 𐌲𐌰𐍈𐌴𐌹𐌻𐌰𐌹𐌽𐌰𐌹𐍃 𐌻𐌴𐌹𐌺 𐌿𐌽𐍃𐌰𐍂, 𐌰𐌺 𐌹𐌽 𐌰𐌻𐌻𐌰𐌼𐌼𐌰 𐌰𐌽𐌰𐍀𐍂𐌰𐌲𐌲𐌰𐌽𐌰𐌹, 𐌿𐍄𐌰𐌽𐌰 𐍅𐌰𐌹𐌷𐌾𐍉𐌽𐍃, 𐌹𐌽𐌽𐌰𐌽𐌰 𐌰𐌲𐌹𐍃𐌰."
II Corinthians,7,6,𐌰𐌺𐌴𐌹 𐍃𐌰 𐌲𐌰𐌸𐌻𐌰𐌹𐌷𐌰𐌽𐌳𐍃 𐌷𐌽𐌰𐌹𐍅𐌹𐌳𐌰𐌹𐌼 𐌲𐌰𐌸𐍂𐌰𐍆𐍃𐍄𐌹𐌳𐌰 𐌿𐌽𐍃 𐌲𐌿𐌸 𐌹𐌽 𐌵𐌿𐌼𐌰 𐍄𐌴𐌹𐍄𐌰𐌿𐍃; 𐌰𐌺𐌴𐌹 𐍃𐌰 𐌲𐌰𐌸𐌻𐌰𐌹𐌷𐌰𐌽𐍃 𐌷𐌽𐌰𐌹𐍅𐌹𐌳𐌰𐌹𐌼 𐌲𐌰𐌸𐍂𐌰𐍆𐍃𐍄𐌹𐌳𐌰 𐌿𐌽𐍃 𐌲𐌿𐌸 𐌹𐌽 𐌵𐌿𐌼𐌰 𐍄𐌴𐌹𐍄𐌰𐌿𐍃;
II Corinthians,7,7,"𐌰𐌸𐌸𐌰𐌽 𐌽𐌹 𐌸𐌰𐍄𐌰𐌹𐌽𐌴𐌹 𐌹𐌽 𐌵𐌿𐌼𐌰 𐌹𐍃, 𐌰𐌺 𐌾𐌰𐌷 𐌹𐌽 𐌲𐌰𐌸𐌻𐌰𐌹𐌷𐍄𐌰𐌹, 𐌸𐌹𐌶𐌰𐌹𐌴𐌹 𐌲𐌰𐌸𐍂𐌰𐍆𐍃𐍄𐌹𐌸𐍃 𐍅𐌰𐍃 𐌰𐌽𐌰 𐌹𐌶𐍅𐌹𐍃, 𐌲𐌰𐍄𐌴𐌹𐌷𐌰𐌽𐌳𐍃 𐌿𐌽𐍃 𐌹𐌶𐍅𐌰𐍂𐌰 𐌲𐌰𐌹𐍂𐌽𐌴𐌹𐌽, 𐌹𐌶𐍅𐌰𐍂𐌰𐌽𐌰 𐌲𐌰𐌿𐌽𐍉𐌸𐌿, 𐌹𐌶𐍅𐌰𐍂 𐌰𐌻𐌾𐌰𐌽 𐍆𐌰𐌿𐍂 𐌼𐌹𐌺, 𐍃𐍅𐌰𐌴𐌹 𐌼𐌹𐍃 𐌼𐌰𐌹𐍃 𐍆𐌰𐌲𐌹𐌽𐍉𐌽 𐍅𐌰𐍂𐌸. 𐌰𐌸𐌸𐌰𐌽 𐌽𐌹 𐌸𐌰𐍄𐌰𐌹𐌽𐌴𐌹 𐌹𐌽 𐌵𐌿𐌼𐌰 𐌹𐍃, 𐌰𐌺 𐌾𐌰𐌷 𐌹𐌽 𐌲𐌰𐌸𐌻𐌰𐌹𐌷𐍄𐌰𐌹, 𐌸𐌹𐌶𐌰𐌹𐌴𐌹 𐌲𐌰𐌸𐍂𐌰𐍆𐍃𐍄𐌹𐌸𐍃 𐍅𐌰𐍃 𐌰𐌽𐌰 𐌹𐌶𐍅𐌹𐍃, 𐌲𐌰𐍄𐌴𐌹𐌷𐌰𐌽𐌳𐍃 𐌿𐌽𐍃 𐌹𐌶𐍅𐌰𐍂𐌰 𐌲𐌰𐌹𐍂𐌽𐌴𐌹𐌽, 𐌹𐌶𐍅𐌰𐍂𐌰𐌽𐌰 𐌲𐌰𐌿𐌽𐍉𐌸𐌿, 𐌹𐌶𐍅𐌰𐍂 𐌰𐌻𐌾𐌰𐌽 𐍆𐌰𐌿𐍂 𐌼𐌹𐌺, 𐍃𐍅𐌰𐌴𐌹 𐌼𐌹𐍃 𐌼𐌰𐌹𐍃 𐍆𐌰𐌲𐌹𐌽𐍉𐌽 𐍅𐌰𐍂𐌸."
II Corinthians,7,8,"𐌿𐌽𐍄𐌴 𐌾𐌰𐌱𐌰𐌹 𐌲𐌰𐌿𐍂𐌹𐌳𐌰 𐌹𐌶𐍅𐌹𐍃 𐌹𐌽 𐌱𐍉𐌺𐍉𐌼, 𐌽𐌹 𐌹𐌳𐍂𐌴𐌹𐌲𐍉 𐌼𐌹𐌺, 𐌾𐌰𐌷 𐌾𐌰𐌱𐌰𐌹 𐌹𐌳𐍂𐌴𐌹𐌲𐍉𐌳𐌰 - 𐌿𐌽𐍄𐌴 𐌲𐌰𐍃𐌰𐌹𐍈𐌰 𐌸𐌰𐍄𐌴𐌹 𐍃𐍉 𐌰𐌹𐍀𐌹𐍃𐍄𐌰𐌿𐌻𐌴 𐌾𐌰𐌹𐌽𐌰, 𐌾𐌰𐌱𐌰𐌹 𐌳𐌿 𐌻𐌴𐌹𐍄𐌹𐌻𐌰𐌹 𐍈𐌴𐌹𐌻𐌰𐌹, 𐌲𐌰𐌿𐍂𐌹𐌳𐌰 𐌹𐌶𐍅𐌹𐍃 - 𐌿𐌽𐍄𐌴 𐌾𐌰𐌱𐌰𐌹 𐌲𐌰𐌿𐍂𐌹𐌳𐌰 𐌹𐌶𐍅𐌹𐍃 𐌹𐌽 𐌸𐌰𐌹𐌼 𐌱𐍉𐌺𐍉𐌼, 𐌽𐌹 𐌹𐌳𐍂𐌴𐌹𐌲𐍉 𐌼𐌹𐌺, 𐌾𐌰𐌷 𐌾𐌰𐌱𐌰𐌹 𐌹𐌳(𐍂)𐌴𐌹𐌲𐍉𐌳𐌰 - 𐌲𐌰𐍃𐌰𐌹𐍈𐌰 𐌰𐌿𐌺 𐌸𐌰𐍄𐌴𐌹 𐍃𐍉 𐌰𐌹𐍀𐌹𐍃𐍄𐌰𐌿𐌻𐌴 𐌾𐌰𐌹𐌽𐌰, 𐌾𐌰𐌱𐌰𐌹 𐌳𐌿 𐌻𐌴𐌹𐍄𐌹𐌻𐌰𐌹 𐍈𐌴𐌹𐌻𐌰𐌹, 𐌲𐌰𐌿𐍂𐌹𐌳𐌰 𐌹𐌶𐍅𐌹𐍃 -"
II Corinthians,7,9,"𐌽𐌿 𐍆𐌰𐌲𐌹𐌽𐍉, 𐌽𐌹 𐌿𐌽𐍄𐌴 𐌲𐌰𐌿𐍂𐌹𐌳𐌰𐌹 𐍅𐌴𐍃𐌿𐌸, 𐌰𐌺 𐌿𐌽𐍄𐌴 𐌲𐌰𐌿𐍂𐌹𐌳𐌰𐌹 𐍅𐌴𐍃𐌿𐌸 𐌳𐌿 𐌹𐌳𐍂𐌴𐌹𐌲𐌰𐌹; 𐍃𐌰𐌿𐍂𐌲𐌰𐌹𐌳𐌴𐌳𐌿𐌸 𐌰𐌿𐌺 𐌱𐌹 𐌲𐌿𐌸, 𐌴𐌹 𐍅𐌰𐌹𐌷𐍄𐌰𐌹 𐌽𐌹 𐌲𐌰𐍃𐌻𐌴𐌹𐌸𐌾𐌰𐌹𐌽𐌳𐌰𐌿 𐌿𐍃 𐌿𐌽𐍃𐌹𐍃. 𐌽𐌿 𐍆𐌰𐌲𐌹𐌽𐍉, 𐌽𐌹 𐌿𐌽𐍄𐌴 𐌲𐌰𐌿𐍂𐌹𐌳𐌰𐌹 𐍅𐌴𐍃𐌿𐌸, 𐌰𐌺 𐌿𐌽𐍄𐌴 𐌲𐌰𐌿𐍂𐌹𐌳𐌰𐌹 𐍅𐌴𐍃𐌿𐌸 𐌳𐌿 𐌹𐌳𐍂𐌴𐌹𐌲𐌰𐌹; 𐍃𐌰𐌿𐍂𐌲𐌰𐌹𐌳𐌴𐌳𐌿𐌸 𐌰𐌿𐌺 𐌱𐌹 𐌲𐌿𐌸, 𐌴𐌹 𐌹𐌽 𐍅𐌰𐌹𐌷𐍄𐌰𐌹 𐌽𐌹 𐌲𐌰𐍃𐌻𐌴𐌹𐌸𐌾𐌰𐌹𐌽𐌳𐌰𐌿 𐌿𐍃 𐌿𐌽𐍃𐌹𐍃."
II Corinthians,7,10,𐌿𐌽𐍄𐌴 𐌱𐌹 𐌲𐌿𐌸 𐍃𐌰𐌿𐍂𐌲𐌰 𐌹𐌳𐍂𐌴𐌹𐌲𐌰 𐌳𐌿 𐌲𐌰𐌽𐌹𐍃𐍄𐌰𐌹 𐌲𐌰𐍄𐌿𐌻𐌲𐌹𐌳𐌰 𐌿𐍃𐍄𐌹𐌿𐌷𐌰𐌳𐌰; 𐌹𐌸 𐌸𐌹𐍃 𐍆𐌰𐌹𐍂𐍈𐌰𐌿𐍃 𐍃𐌰𐌿𐍂𐌲𐌰 𐌳𐌰𐌿𐌸𐌿 𐌲𐌰𐍃𐌼𐌹𐌸𐍉𐌸. 𐌿𐌽𐍄𐌴 𐍃𐍉 𐌱𐌹 𐌲𐌿𐌸 𐍃𐌰𐌿𐍂𐌲𐌰 𐌹𐌳(𐍂)𐌴𐌹𐌲𐌰 𐌳𐌿 𐌲𐌰𐌽𐌹𐍃𐍄𐌰𐌹 𐌲𐌰𐍄𐌿𐌻𐌲𐌹𐌳𐌰𐌹 𐌿𐍃𐍄𐌹𐌿𐌷𐌰𐌳𐌰; 𐌹𐌸 𐌸𐌹𐍃 𐍆𐌰𐌹𐍂𐍈𐌰𐌿𐍃 𐍃𐌰𐌿𐍂𐌲𐌰 𐌳𐌰𐌿𐌸𐌿 𐌲𐌰𐍃𐌼𐌹𐌸𐍉𐌸.
II Corinthians,7,11,"𐍃𐌰𐌹𐍈[𐌰] 𐌰𐌿𐌺 𐍃𐌹𐌻𐌱𐍉 𐌸𐌰𐍄𐌰 𐌱𐌹 𐌲𐌿𐌸 𐍃𐌰𐌿𐍂𐌲𐌰𐌽 𐌹𐌶𐍅𐌹𐍃, 𐍈𐌴𐌻𐌰𐌿𐌳𐌰 𐌲𐌰𐍄𐌰𐍅𐌹𐌳𐌰 𐌹𐌶𐍅𐌹𐍃 𐌿𐍃𐌳𐌰𐌿𐌳𐌴𐌹𐌽, 𐌰𐌺𐌴𐌹 𐍃𐌿𐌽𐌾𐍉𐌽, 𐌰𐌺𐌴𐌹 𐌿𐌽𐍅𐌴𐍂𐌴𐌹𐌽, 𐌰𐌺𐌴𐌹 𐌰𐌲𐌹𐍃, 𐌰𐌺𐌴𐌹 𐌲𐌰𐌹𐍂𐌽𐌴𐌹𐌽, 𐌰𐌺𐌴𐌹 𐌰𐌻𐌾𐌰𐌽, 𐌰𐌺𐌴𐌹 𐍆𐍂𐌰𐍅𐌴𐌹𐍄! 𐌹𐌽 𐌰𐌻𐌻𐌰𐌼𐌼𐌰 𐌿𐍃𐍄𐌰𐌹𐌺𐌽𐌹𐌳𐌴𐌳𐌿𐌸 𐌹𐌶𐍅𐌹𐍃 𐌷𐌻𐌿𐍄𐍂𐌰𐌽𐍃 𐍅𐌹𐍃𐌰𐌽 𐌸𐌰𐌼𐌼𐌰 𐍄𐍉𐌾𐌰. 𐍃𐌰𐌹𐍈 𐌰𐌿𐌺 𐍃𐌹𐌻𐌱𐍉 𐌸𐌰𐍄𐌰 𐌱𐌹 𐌲𐌿𐌸 𐍃𐌰𐌿𐍂𐌲𐌰𐌽 𐌹𐌶𐍅𐌹𐍃, 𐍈𐌴(𐌻)𐌰𐌿𐌳𐌰 𐌲𐌰𐍄𐌰𐍅𐌹𐌳𐌰 𐌹𐌶𐍅𐌹𐍃 𐌿𐍃𐌳𐌰𐌿𐌳𐌴𐌹𐌽, 𐌰𐌺𐌴𐌹 𐍃𐌿𐌽𐌾𐍉𐌽, 𐌰𐌺𐌴𐌹 𐌿𐌽𐍅𐌴𐍂𐌴𐌹𐌽, 𐌰𐌺𐌴𐌹 𐌰𐌲𐌹𐍃, 𐌰𐌺𐌴𐌹 𐌲𐌰𐌹𐍂𐌽𐌴𐌹𐌽, 𐌰𐌺𐌴𐌹 𐌰𐌻𐌾𐌰𐌽, 𐌰𐌺𐌴𐌹 𐍆𐍂𐌰𐍅𐌴𐌹𐍄! 𐌹𐌽 𐌰𐌻𐌻𐌰𐌼𐌼𐌰 𐌿𐍃𐍄𐌰𐌹𐌺𐌽𐌹𐌳𐌴𐌳𐌿𐌸 𐌹𐌶𐍅𐌹𐍃 𐌷𐌻𐌿𐍄𐍂𐌰𐌽𐍃 𐍅𐌹𐍃𐌰𐌽 𐌸𐌰𐌼𐌼𐌰 𐍄𐍉𐌾𐌰."
II Corinthians,7,12,"𐌰𐌸𐌸𐌰𐌽 𐌾𐌰𐌱𐌰𐌹 𐌼𐌴𐌻𐌹𐌳𐌰, 𐌽𐌹 𐌹𐌽 𐌸𐌹𐍃 𐌰𐌽𐌰𐌼𐌰𐌷𐍄𐌾𐌰𐌽𐌳𐌹𐌽𐍃, 𐌽𐌹 𐌹𐌽 𐌸𐌹𐍃 𐌰𐌽𐌰𐌼𐌰𐌷𐍄𐌹𐌳𐌹𐌽𐍃, 𐌰𐌺 𐌳𐌿 𐌲𐌰𐌱𐌰𐌹𐍂𐌷𐍄𐌾𐌰𐌽 𐌿𐍃𐌳𐌰𐌿𐌳𐌴𐌹𐌽 𐌿𐌽𐍃𐌰𐍂𐌰 𐌸𐍉𐌴𐌹 𐍆𐌰𐌿𐍂 𐌹𐌶𐍅𐌹𐍃 𐌷𐌰𐌱𐌰𐌼 𐍅𐌹𐌸𐍂𐌰 𐌹𐌶𐍅𐌹𐍃 𐌹𐌽 𐌰𐌽𐌳𐍅𐌰𐌹𐍂𐌸𐌾𐌰 𐌲𐌿𐌳𐌹𐍃. 𐌰𐌸𐌸𐌰𐌽 𐌾𐌰𐌱𐌰𐌹 𐌼𐌴𐌻𐌹𐌳𐌰, 𐌽𐌹 𐌹𐌽 𐌸𐌹𐍃 𐌰𐌽𐌰𐌼𐌰𐌷𐍄𐌾𐌰𐌽𐌳𐌹𐌽𐍃, 𐌽𐌹 𐌹𐌽 𐌸𐌹𐍃 𐌰𐌽𐌰𐌼𐌰𐌷𐍄𐌹𐌳𐌹𐌽𐍃, 𐌰𐌺 𐌳𐌿 𐌲𐌰𐌱𐌰𐌹𐍂𐌷𐍄𐌾𐌰𐌽 𐌿𐍃𐌳𐌰𐌿𐌳𐌴𐌹𐌽 𐌿𐌽𐍃𐌰𐍂𐌰 𐌸𐍉𐌴𐌹 𐍆𐌰𐌿𐍂 𐌹𐌶𐍅𐌹𐍃 𐌷𐌰𐌱𐌰𐌼 𐍅𐌹𐌸𐍂𐌰 𐌹𐌶𐍅𐌹𐍃 𐌹𐌽 𐌰𐌽𐌳𐍅𐌰𐌹𐍂𐌸𐌾𐌰 𐌲𐌿𐌳𐌹𐍃."
II Corinthians,7,13,"𐌹𐌽𐌿𐌸~𐌸𐌹𐍃 𐌲𐌰𐌸𐍂𐌰𐍆𐍃𐍄𐌹𐌳𐌰𐌹 𐍃𐌹𐌾𐌿𐌼; 𐌰𐌸𐌸𐌰𐌽 𐌰𐌽𐌰 𐌲𐌰𐌸𐍂𐌰𐍆𐍃𐍄𐌴𐌹𐌽𐌰𐌹 𐌿𐌽𐍃𐌰𐍂𐌰𐌹 𐍆𐌹𐌻𐌰𐌿𐍃 𐌼𐌰𐌹𐍃 𐍆𐌰𐌲𐌹𐌽𐍉𐌳𐌴𐌳𐌿𐌼 𐌰𐌽𐌰 𐍆𐌰𐌷𐌴𐌳𐌰𐌹 𐍄𐌴𐌹𐍄𐌰𐌿𐍃, 𐌿𐌽𐍄𐌴 𐌰𐌽𐌰𐍈𐌴𐌹𐌻𐌰𐌹𐌸𐍃 𐍅𐌰𐍂𐌸 𐌰𐌷𐌼𐌰 𐌹𐍃 𐍆𐍂𐌰𐌼 𐌰𐌻𐌻𐌰𐌹𐌼 𐌹𐌶𐍅𐌹𐍃. 𐌹𐌽𐌿𐌷 𐌸𐌹𐍃 𐌲𐌰𐌸𐍂𐌰𐍆𐍃𐍄𐌹𐌳𐌰𐌹 𐍃𐌹𐌿𐌼; 𐌰𐌸𐌸𐌰𐌽 𐌰𐌽𐌰 𐌲𐌰𐌸𐍂𐌰𐍆𐍃𐍄𐌴𐌹𐌽𐌰𐌹 𐌿𐌽𐍃𐌰𐍂𐌰𐌹 𐍆𐌹𐌻𐌰𐌿𐍃 𐌼𐌰𐌹𐍃 𐍆𐌰𐌲𐌹𐌽𐍉𐌳𐌴𐌳𐌿𐌼 𐌰𐌽𐌰 𐍆𐌰𐌷𐌴𐌳𐌰𐌹 𐍄𐌴𐌹𐍄𐌰𐌿𐍃, 𐌿𐌽𐍄𐌴 𐌰𐌽𐌰𐍈𐌴𐌹𐌻𐌰𐌹𐌸𐍃 𐍅𐌰𐍂𐌸 𐌰𐌷𐌼𐌰 𐌹𐍃 𐍆𐍂𐌰𐌼 𐌰𐌻𐌻𐌰𐌹𐌼 𐌹𐌶𐍅𐌹𐍃."
II Corinthians,7,14,"𐌿𐌽𐍄𐌴 𐌾𐌰𐌱𐌰𐌹 𐍈𐌰 𐌹𐌼𐌼𐌰 𐍆𐍂𐌰𐌼 𐌹𐌶𐍅𐌹𐍃 𐍈𐌰𐌹𐍈𐍉𐍀, 𐌽𐌹 𐌲𐌰𐌰𐌹𐍅𐌹𐍃𐌺𐍉𐌸𐍃 𐍅𐌰𐍂𐌸; 𐌰𐌺 𐍃𐍅𐌰𐍃𐍅𐌴 𐌰𐌻𐌻𐌰𐍄𐌰 𐌹𐌶𐍅𐌹𐍃 𐌹𐌽 𐍃𐌿𐌽𐌾𐌰𐌹 𐍂𐍉𐌳𐌹𐌳𐌴𐌳𐌿𐌼, 𐍃𐍅𐌰 𐌾𐌰𐌷 𐍈𐍉𐍆𐍄𐌿𐌻𐌹 𐌿𐌽𐍃𐌰𐍂𐌰 𐍃𐍉 𐌳𐌿 𐍄𐌴𐌹𐍄𐌰𐌿[𐌽] 𐍃𐌿𐌽𐌾𐌰 𐍅𐌰𐍂𐌸. 𐌿𐌽𐍄(𐌴) (𐌾)𐌰𐌱𐌰𐌹 𐍈𐌰 𐌹𐌼𐌼𐌰 𐍆𐍂𐌰𐌼 𐌹𐌶𐍅𐌹𐍃 𐍈𐌰(𐌹𐍈)𐍉𐍀, 𐌽𐌹 𐌲𐌰𐌰𐌹𐍅𐌹𐍃𐌺𐍉𐌸𐍃 𐍅𐌰𐍂𐌸; 𐌰𐌺 𐍃𐍅𐌰𐍃𐍅𐌴 𐌰𐌻𐌻𐌰𐍄𐌰 𐌹𐌶𐍅𐌹𐍃 𐌹𐌽 𐍃𐌿𐌽𐌾𐌰𐌹 𐍂𐍉𐌳𐌹𐌳𐌴𐌳𐌿𐌼, 𐍃𐍅𐌰 𐌾𐌰𐌷 𐍈𐍉𐍆𐍄𐌿𐌻𐌹 𐌿𐌽𐍃𐌰𐍂𐌰 𐍃𐍉 𐌳𐌿 𐍄𐌴𐌹𐍄𐌰𐌿 𐍃𐌿𐌽𐌾𐌰 𐍅𐌰𐍂𐌸."
II Corinthians,7,15,"𐌾𐌰𐌱~𐌱𐍂𐌿𐍃𐍄𐍃 𐌹𐍃 𐌿𐍆𐌰𐍂𐌰𐍃𐍃𐌰𐌿 𐌳𐌿 𐌹𐌶𐍅𐌹𐍃 𐍃𐌹𐌽𐌳, 𐌲𐌰𐌼𐌿𐌽𐌰𐌽𐌳𐌹𐌽𐍃 𐌸𐍉 𐌰𐌻𐌻𐌰𐌹𐌶𐌴 𐌹𐌶𐍅𐌰𐍂𐌰 𐌿𐍆𐌷𐌰𐌿𐍃𐌴𐌹𐌽, 𐍃𐍅𐌴 𐌼𐌹𐌸 𐌰𐌲𐌹𐍃𐌰 𐌾𐌰𐌷 𐍂𐌴𐌹𐍂𐍉𐌼 𐌰𐌽𐌳𐌽𐌴𐌼𐌿𐌸 𐌹𐌽𐌰. 𐌾𐌰𐌷 𐌱𐍂𐌿𐍃𐍄𐍃 𐌹𐍃 𐌿𐍆𐌰𐍂𐌰𐍃𐍃𐌰𐌿 𐌳𐌿 𐌹𐌶𐍅𐌹𐍃 𐍃𐌹𐌽𐌳, 𐌲𐌰𐌼𐌿𐌽𐌰𐌽𐌳𐌹𐌽𐍃 𐌸𐍉 𐌰𐌻𐌻𐌰𐌹𐌶𐌴 𐌹𐌶𐍅𐌰𐍂𐌰 𐌿𐍆𐌷𐌰𐌿𐍃𐌴𐌹𐌽, 𐍃𐍅𐌴 𐌼𐌹𐌸 𐌰𐌲𐌹𐍃𐌰 𐌾𐌰𐌷 𐍂𐌴𐌹𐍂𐍉(𐌼) 𐌰𐌽𐌳𐌽𐌴𐌼𐌿𐌸 𐌹𐌽𐌰."
II Corinthians,7,16,"𐍆𐌰𐌲𐌹𐌽𐍉 𐌽𐌿, 𐌿𐌽𐍄𐌴 𐌹𐌽 𐌰𐌻𐌻𐌰𐌼𐌼𐌰 𐌲𐌰𐍄𐍂𐌰𐌿𐌰 𐌹𐌽 𐌹𐌶𐍅𐌹𐍃. 𐍆𐌰𐌲𐌹𐌽𐍉 𐌽𐌿, 𐌿𐌽𐍄𐌴 𐌹𐌽 𐌰𐌻𐌻𐌰𐌼𐌼𐌰 𐌲𐌰𐍄𐍂𐌰𐌿𐌰 𐌹𐌽 𐌹𐌶𐍅𐌹𐍃."
II Corinthians,8,1,"𐌰𐌸𐌸𐌰𐌽 𐌺𐌰𐌽𐌽𐌾𐌰 𐌹𐌶𐍅𐌹𐍃, 𐌱𐍂𐍉𐌸𐍂𐌾𐌿𐍃, 𐌰𐌽𐍃𐍄 𐌲𐌿𐌳𐌹𐍃 𐌸𐍉 𐌲𐌹𐌱𐌰𐌽𐍉𐌽 𐌹𐌽 𐌰𐌹𐌺𐌺𐌻𐌴𐍃𐌾𐍉𐌼 𐌼𐌰𐌺𐌹𐌳𐍉𐌽𐌰𐌹𐍃, 𐌰𐌸𐌸𐌰𐌽 𐌺𐌰𐌽𐌽𐌾𐌰 𐌹𐌶𐍅𐌹𐍃, 𐌱𐍂𐍉𐌸𐍂𐌾𐌿𐍃, 𐌰𐌽𐍃𐍄 𐌲𐌿𐌳𐌹𐍃 𐌸𐍉 𐌲𐌹𐌱𐌰𐌽𐍉𐌽 𐌹𐌽 𐌰𐌹𐌺𐌺𐌻𐌴𐍃𐌾𐍉𐌽 𐌼𐌰𐌺(𐌹)𐌳𐍉𐌽𐌰𐌹𐍃,"
II Corinthians,8,2,𐌸𐌰𐍄𐌴𐌹 𐌹𐌽 𐌼𐌰𐌽𐌰𐌲𐌰𐌼𐌼𐌰 𐌺𐌿𐍃𐍄𐌰𐌿 𐌰𐌲𐌻𐍉𐌽𐍃 𐌼𐌰𐌽𐌰𐌲𐌳𐌿𐌸𐍃 𐍆𐌰𐌷𐌴𐌳𐌰𐌹𐍃 𐌹𐌶𐌴 𐌾𐌰𐌸~𐌸𐌰𐍄𐌰 𐌳𐌹𐌿𐍀𐍉 𐌿𐌽𐌻𐌴𐌳𐌹 𐌹𐌶𐌴 𐌿𐍃𐌼𐌰𐌽𐌰𐌲𐌽𐍉𐌳𐌰 𐌳𐌿 𐌲𐌰𐌱𐌴𐌹𐌽 𐌰𐌹𐌽𐍆𐌰𐌻𐌸𐌴𐌹𐌽𐍃 𐌹𐌶𐌴. 𐌸𐌰𐍄𐌴𐌹 𐌹𐌽 𐌼𐌰𐌽𐌰𐌲𐌰𐌼𐌼𐌰 𐌺𐌿𐍃𐍄𐌰𐌿 𐌰𐌲𐌻𐍉𐌽𐍃 𐌼𐌰𐌽𐌰𐌲𐌳𐌿𐌸𐍃 𐍆𐌰𐌷𐌴𐌳𐌰𐌹𐍃 𐌹𐌶𐌴 𐌾𐌰𐌷 𐌸𐌰𐍄𐌰 𐌳𐌹𐌿𐍀𐍉 𐌿𐌽𐌻𐌴𐌳𐌹 𐌹𐌶𐌴 𐌿𐍃𐌼𐌰𐌽𐌰𐌲𐌽𐍉𐌳𐌰 𐌳𐌿 𐌲𐌰𐌱𐌴𐌹𐌽 𐌰𐌹𐌽𐍆𐌰𐌻𐌸𐌴𐌹𐌽𐍃 𐌹𐌶𐌴.
II Corinthians,8,3,"𐌿𐌽𐍄𐌴 𐌱𐌹 𐌼𐌰𐌷𐍄𐌰𐌹, 𐍅𐌴𐌹𐍄𐍅𐍉𐌳𐌾𐌰, 𐌾𐌰𐌷 𐌿𐍆𐌰𐍂 𐌼𐌰𐌷𐍄 𐍃𐌹𐌻𐌱𐌰𐍅𐌹𐌻𐌾𐍉𐍃 𐍅𐌴𐍃𐌿𐌽, 𐌿𐌽𐍄𐌴 𐌱𐌹 𐌼𐌰𐌷𐍄𐌰𐌹, 𐍅𐌴𐌹𐍄𐍅𐍉𐌳𐌾𐌰, 𐌾𐌰𐌷 𐌿𐍆𐌰𐍂 𐌼𐌰𐌷𐍄 𐍃𐌹𐌻𐌱𐌰𐍅(𐌹)𐌻𐌾𐍉𐍃 𐍅𐌴𐍃𐌿𐌽,"
II Corinthians,8,4,𐌼𐌹𐌸 𐌼𐌰𐌽𐌰𐌲𐌰𐌹 𐌿𐍃𐌱𐌻𐍉𐍄𐌴𐌹𐌽𐌰𐌹 𐌱𐌹𐌳𐌾𐌰𐌽𐌳𐌰𐌽𐍃 𐌿𐌽𐍃 𐌽𐌹𐌼𐌰𐌽 𐌰𐌽𐍃𐍄 𐍃𐌴𐌹𐌽𐌰 𐌾𐌰𐌷 𐌲𐌰𐌼𐌰𐌹𐌽𐌴𐌹𐌽 𐌰𐌽𐌳𐌱𐌰𐌷𐍄𐌾𐌹𐍃 𐌹𐌽 𐌸𐌰𐌽𐍃 𐍅𐌴𐌹𐌷𐌰𐌽𐍃. 𐌼𐌹𐌸 𐌼𐌰𐌽𐌰𐌲𐌰𐌹 𐌿(𐍃𐌱)𐌻𐍉𐍄𐌴𐌹𐌽𐌰𐌹 𐌱𐌹𐌳𐌾𐌰𐌽𐌳𐌰𐌽𐍃 𐌿𐌽𐍃 𐌽𐌹𐌼𐌰𐌽 𐌰𐌽𐍃𐍄 𐍃𐌴𐌹𐌽𐌰 𐌾𐌰𐌷 𐌲𐌰𐌼𐌰𐌹𐌽𐌴𐌹𐌽 𐌰𐌽𐌳𐌱𐌰𐌷𐍄𐌾𐌹𐍃 𐌹𐌽 𐌸(𐌰𐌽𐍃) 𐍅𐌴𐌹𐌷𐌰𐌽𐍃.
II Corinthians,8,5,"𐌾𐌰𐌸~𐌽𐌹 𐍃𐍅𐌰𐍃𐍅𐌴 𐍅𐌴𐌽𐌹𐌳𐌴𐌳𐌿𐌼, 𐌰𐌺 𐍃𐌹𐌺 𐍃𐌹𐌻𐌱𐌰𐌽𐍃 𐌰𐍄𐌲𐌴𐌱𐌿𐌽 𐍆𐍂𐌿𐌼𐌹𐍃𐍄 𐍆𐍂𐌰𐌿𐌾𐌹𐌽, 𐌸𐌰𐌸𐍂𐍉𐌸~𐌸𐌰𐌽 𐌿𐌽𐍃 𐌸𐌰𐌹𐍂𐌷 𐍅𐌹𐌻𐌾𐌰𐌽 𐌲𐌿𐌳𐌹𐍃, 𐌾𐌰𐌷 𐌽𐌹 𐍃𐍅𐌰𐍃𐍅𐌴 𐍅𐌴𐌽𐌹𐌳𐌴𐌳𐌿𐌼, 𐌰𐌺 𐍃𐌹𐌺 𐍃𐌹𐌻𐌱𐌰𐌽𐍃 𐌰𐍄𐌲𐌴𐌱𐌿𐌽 𐍆𐍂𐌿𐌼𐌹𐍃𐍄 𐍆𐍂𐌰𐌿𐌾𐌹𐌽, 𐌸𐌰𐌸𐍂𐍉𐌷 𐌸𐌰𐌽 𐌿𐌽𐍃 𐌸𐌰𐌹𐍂𐌷 𐍅𐌹𐌻𐌾𐌰𐌽 𐌲𐌿𐌳𐌹𐍃,"
II Corinthians,8,6,"𐍃𐍅𐌰𐌴𐌹 𐌱𐌴𐌳𐌴𐌹𐌼𐌰 𐍄𐌴𐌹𐍄𐌰𐌿𐌽, 𐌴𐌹 𐍃𐍅𐌰𐍃𐍅𐌴 𐍆𐌰𐌿𐍂𐌰 𐌳𐌿𐍃𐍄𐍉𐌳𐌹𐌳𐌰, 𐍃𐍅𐌰𐌷 𐌿𐍃𐍄𐌹𐌿𐌷𐌰𐌹 𐌹𐌽 𐌹𐌶𐍅𐌹𐍃 𐌾𐌰𐌷 𐌸𐍉 𐌰𐌽𐍃𐍄. 𐍃𐍅𐌰𐌴𐌹 𐌱𐌴𐌳𐌴𐌹𐌼𐌰 𐍄𐌴𐌹𐍄𐌰𐌿𐌽, 𐌴𐌹 𐍃𐍅𐌰𐍃𐍅𐌴 𐍆𐌰𐌿𐍂𐌰 𐌳𐌿𐍃𐍄𐍉𐌳𐌹𐌳𐌰, 𐍃𐍅𐌰𐌷 𐌿𐍃𐍄𐌹𐌿𐌷𐌰𐌹 𐌹𐌽 𐌹𐌶𐍅𐌹𐍃 𐌾𐌰𐌷 𐌸𐍉 𐌰𐌽𐍃𐍄."
II Corinthians,8,7,"𐌰𐌺𐌴𐌹 𐍃𐍅𐌴 𐍂𐌰𐌹𐌷𐍄𐌹𐍃 𐌹𐌽 𐌰𐌻𐌻𐌰𐌼𐌼𐌰 𐌼𐌰𐌽𐌰𐌲𐌽𐌹𐌸, 𐌲𐌰𐌻𐌰𐌿𐌱𐌴𐌹𐌽𐌰𐌹 𐌾𐌰𐌷 𐍅𐌰𐌿𐍂𐌳𐌰 𐌾𐌰𐌷 𐌺𐌿𐌽𐌸𐌾𐌰 𐌾𐌰𐌷 𐌹𐌽 𐌰𐌻𐌻𐌰𐌹 𐌿𐍃𐌳𐌰𐌿𐌳𐌴𐌹𐌽 𐌾𐌰𐌷 𐌰𐌽𐌰 𐌸𐌹𐌶𐌰𐌹 𐌿𐍃 𐌹𐌶𐍅𐌹𐍃 𐌹𐌽 𐌿𐌽𐍃 𐍆𐍂𐌹𐌾𐌰𐌸𐍅𐌰𐌹, 𐌴𐌹 𐌾𐌰𐌷 𐌹𐌽 𐌸𐌹𐌶𐌰𐌹 𐌰𐌽𐍃𐍄𐌰𐌹 𐌼𐌰𐌽𐌰𐌲𐌽𐌰𐌹𐌸. 𐌰𐌺𐌴𐌹 𐍃𐍅𐌴 𐍂𐌰𐌹𐌷𐍄𐌹𐍃 𐌹𐌽 𐌰𐌻𐌻𐌰𐌼𐌼𐌰 𐌼𐌰𐌽𐌰𐌲𐌽𐌹𐌸, (𐌲)𐌰𐌻𐌰𐌿𐌱𐌴𐌹𐌽𐌰𐌹 𐌾𐌰𐌷 (𐍅)𐌰𐌿𐍂𐌳𐌰 𐌾𐌰𐌷 𐌺𐌿𐌽𐌸𐌾𐌰 𐌾𐌰𐌷 𐌹𐌽 𐌰𐌻𐌻𐌰𐌹 𐌿𐍃𐌳𐌰𐌿𐌳𐌴𐌹𐌽 𐌾𐌰𐌷 𐌰𐌽𐌰 𐌸𐌹𐌶𐌰𐌹 𐌿𐍃 𐌹𐌶𐍅𐌹𐍃 𐌹𐌽 𐌿𐌽𐍃 𐍆𐍂𐌹𐌰𐌸𐍅𐌰𐌹, 𐌴𐌹 𐌾𐌰𐌷 𐌹𐌽 𐌸𐌹𐌶𐌰𐌹 𐌰𐌽𐍃𐍄𐌰𐌹 𐌼𐌰𐌽𐌰𐌲𐌽𐌰𐌹𐌸."
II Corinthians,8,8,"𐌽𐌹 𐍃𐍅𐌰𐍃𐍅𐌴 𐍆𐍂𐌰𐌿𐌾𐌹𐌽𐍉𐌽𐌳𐍃 𐌵𐌹𐌸𐌰 𐌹𐌶𐍅𐌹𐍃, 𐌰𐌺 𐌹𐌽 𐌸𐌹𐌶𐍉𐍃 𐌰𐌽𐌸𐌰𐍂𐌰𐌹𐌶𐌴 𐌿𐍃𐌳𐌰𐌿𐌳𐌴𐌹𐌽𐍃 𐌾𐌰𐌷 𐌹𐌶𐍅𐌰𐍂𐌰𐌹𐌶𐍉𐍃 𐍆𐍂𐌹𐌾𐌰𐌸𐍅𐍉𐍃 𐌰𐌹𐍂𐌺𐌽𐌹𐌸𐌰 𐌺𐌹𐌿𐍃𐌰𐌽𐌳𐍃. 𐌽𐌹 𐍃𐍅𐌰𐍃(𐍅𐌴) 𐍆𐍂𐌰𐌿𐌾𐌹𐌽𐍉𐌽𐌳𐍃 𐌵𐌹𐌸𐌰 𐌹𐌶𐍅𐌹𐍃, 𐌰𐌺 𐌹𐌽 𐌸𐌹𐌶𐍉𐍃 𐌰𐌽𐌸𐌰𐍂𐌰𐌹𐌶𐌴 𐌿𐍃𐌳𐌰𐌿𐌳𐌴𐌹𐌽𐍃 𐌾𐌰𐌷 𐌹𐌶𐍅𐌰𐍂𐌰𐌹𐌶𐍉𐍃 𐍆𐍂𐌹𐌰𐌸𐍅𐍉(𐍃) 𐌰𐌹𐍂𐌺𐌽(𐌹)𐌸𐌰 𐌺𐌹𐌿𐍃𐌰𐌽𐌳𐍃."
II Corinthians,8,9,"𐌿𐌽𐍄𐌴 𐌺𐌿𐌽𐌽𐌿𐌸 𐌰𐌽𐍃𐍄 𐍆𐍂𐌰𐌿𐌾𐌹𐌽𐍃 𐌿𐌽𐍃𐌰𐍂𐌹𐍃 𐌹𐌴𐍃𐌿𐌹𐍃 𐍇𐍂𐌹𐍃𐍄𐌰𐌿𐍃, 𐌸𐌰𐍄𐌴𐌹 𐌹𐌽 𐌹𐌶𐍅𐌰𐍂𐌰 𐌲𐌰𐌿𐌽𐌻𐌴𐌳𐌹𐌳𐌰 𐍃𐌹𐌺 𐌲𐌰𐌱𐌹𐌲𐍃 𐍅𐌹𐍃𐌰𐌽𐌳𐍃, 𐌴𐌹 𐌾𐌿𐍃 𐌸𐌰𐌼𐌼𐌰 𐌹𐍃 𐌿𐌽𐌻𐌴𐌳𐌾𐌰 𐌲𐌰𐌱𐌹𐌲𐌰𐌹 𐍅𐌰𐌹𐍂𐌸𐌰𐌹𐌸. 𐌿𐌽𐍄𐌴 𐌺𐌿𐌽𐌽𐌿𐌸 𐌰𐌽𐍃𐍄 𐍆𐍂𐌰𐌿𐌾𐌹𐌽𐍃 𐌿𐌽(𐍃)𐌰𐍂𐌹𐍃 𐌹𐌴𐍃𐌿𐌹𐍃 𐍇𐍂𐌹𐍃𐍄𐌰𐌿𐍃, 𐌸𐌰𐍄𐌴𐌹 𐌹𐌽 𐌹𐌶𐍅𐌰𐍂𐌰 𐌲𐌰𐌿𐌽𐌻𐌴𐌳𐌹𐌳𐌰 𐍃𐌹𐌺 𐌲𐌰𐌱𐌹𐌲𐍃 𐍅𐌹𐍃𐌰𐌽𐌳𐍃, 𐌴𐌹 𐌾𐌿𐍃 𐌸𐌰𐌼𐌼𐌰 𐌹𐍃 𐌿𐌽𐌻𐌴𐌳𐌾𐌰 𐌲𐌰𐌱𐌴𐌹𐌲𐌰𐌹 𐍅𐌰𐌹𐍂𐌸(𐌰)𐌹𐌸."
II Corinthians,8,10,"𐌾𐌰𐍂~𐍂𐌰𐌲𐌹𐌽 𐌹𐌽 𐌸𐌰𐌼𐌼𐌰 𐌲𐌹𐌱𐌰, 𐌿𐌽𐍄𐌴 𐌸𐌰𐍄𐌰 𐌹𐌶𐍅𐌹𐍃 𐌱𐌰𐍄𐌹𐌶𐍉 𐌹𐍃𐍄, 𐌾𐌿𐌶𐌴𐌹 𐌽𐌹 𐌸𐌰𐍄𐌰𐌹𐌽𐌴𐌹 𐍄𐌰𐌿𐌾𐌰𐌽, 𐌰𐌺 𐌾𐌰𐌷 𐍅𐌹𐌻𐌾𐌰𐌽 𐌳𐌿𐌲𐌿𐌽𐌽𐌿𐌸 𐌰𐍆 𐍆𐌰𐌹𐍂𐌽𐌹𐌽 𐌾𐌴𐍂𐌰. 𐌾𐌰𐌷 𐍂𐌰𐌲𐌹𐌽 𐌹𐌽 𐌸𐌰𐌼𐌼𐌰 𐌲𐌹𐌱𐌰, 𐌿𐌽𐍄𐌴 𐌸𐌰𐍄𐌰 𐌹𐌶𐍅𐌹𐍃 𐌱𐌰𐍄𐌹𐌶𐍉 𐌹𐍃𐍄, 𐌾𐌿𐌶𐌴𐌹 𐌽𐌹 𐌸𐌰𐍄𐌰𐌹𐌽𐌴𐌹 𐍅𐌹𐌻𐌾𐌰𐌽, 𐌰𐌺 𐌾𐌰𐌷 𐍄𐌰𐌿𐌾𐌰𐌽 𐌳𐌿𐌲𐌿𐌽𐌽𐌿𐌸 𐌰𐍆 𐍆𐌰𐌹𐍂𐌽𐌹𐌽 𐌾𐌴𐍂𐌰."
II Corinthians,8,11,"𐌹𐌸 𐌽𐌿 𐍃𐌰𐌹, 𐌾𐌰𐌷 𐍄𐌰𐌿𐌾𐌰𐌽 𐌿𐍃𐍄𐌹𐌿𐌷𐌰𐌹𐌸, 𐌴𐌹 𐍃𐍅𐌰𐍃𐍅𐌴 𐍆𐌰𐌿𐍂𐌰ï𐍃𐍄 𐌼𐌿𐌽𐍃 𐌳𐌿 𐍅𐌹𐌻𐌾𐌰𐌽, 𐍃𐍅𐌰 𐌾𐌰𐌷 𐌳𐌿 𐌿𐍃𐍄𐌹𐌿𐌷𐌰𐌽 𐌿𐍃 𐌸𐌰𐌼𐌼𐌴𐌹 𐌷𐌰𐌱𐌰𐌹𐌸. 𐌹𐌸 𐌽𐌿 𐍃𐌰𐌹, 𐌾𐌰𐌷 𐍄𐌰𐌿𐌾𐌰𐌽 𐌿𐍃𐍄𐌹𐌿𐌷𐌰𐌹𐌸, 𐌴𐌹 𐍃𐍅𐌰𐍃𐍅𐌴 𐍆𐌰𐌿𐍂𐌰ï𐍃𐍄 𐌼𐌿𐌽𐍃 𐌳𐌿 𐍅𐌹𐌻𐌾𐌰𐌽, 𐍃𐍅𐌰 𐌾𐌰𐌷 𐌳𐌿 𐌿𐍃𐍄𐌹𐌿𐌷𐌰𐌽 𐌿𐍃 𐌸𐌰𐌼𐌼𐌴𐌹 𐌷𐌰𐌱𐌰𐌹𐌸."
II Corinthians,8,12,"𐌾𐌰𐌱𐌰𐌹 𐌰𐌿𐌺 𐍅𐌹𐌻𐌾𐌰 𐌹𐌽 𐌲𐌰𐌲𐍂𐌴𐍆𐍄𐌰𐌹 𐌹𐍃𐍄, 𐍃𐍅𐌰𐍃𐍅𐌴 𐌷𐌰𐌱𐌰𐌹, 𐍅𐌰𐌹𐌻𐌰 𐌰𐌽𐌳𐌰𐌽𐌴𐌼 𐌹𐍃𐍄, 𐌽𐌹 𐍃𐍅𐌰𐍃𐍅𐌴 𐌽𐌹 𐌷𐌰𐌱𐌰𐌹. 𐌾𐌰𐌱𐌰(𐌹) 𐌰𐌿𐌺 𐍅𐌹𐌻𐌾𐌰 𐌹𐌽 𐌲𐌰𐌲𐍂𐌴𐌹(𐍆)𐍄𐌰𐌹 𐌹𐍃𐍄, 𐍃𐍅𐌰𐍃𐍅𐌴 𐌷𐌰𐌱𐌰𐌹, 𐍅𐌰𐌹𐌻𐌰 𐌰𐌽𐌳𐌰𐌽𐌴𐌼 𐌹𐍃𐍄, 𐌽𐌹 𐍃𐍅𐌰𐍃𐍅𐌴 𐌽𐌹 𐌷𐌰𐌱𐌰𐌹."
II Corinthians,8,13,"𐌽𐌹 𐍃𐍅𐌰 𐌰𐌿𐌺 𐌴𐌹 𐌰𐌽𐌸𐌰𐍂𐌰𐌹𐌼 𐌹𐌿𐍃𐌹𐌻𐌰, 𐌹𐌸 𐌹𐌶𐍅𐌹𐍃 𐌰𐌲𐌻𐍉, 𐌰𐌺 𐌿𐍃 𐌹𐌱𐌽𐌰𐍃𐍃𐌰𐌿; 𐌽𐌹 𐍃𐍅𐌰 𐌰𐌿𐌺 𐌴𐌹 𐌰𐌽𐌸𐌰𐍂𐌰𐌹𐌼 𐌹𐌿𐍃𐌹𐌻𐌰, 𐌹𐌸 𐌹𐌶𐍅𐌹𐍃 𐌰𐌲𐌻𐍉, 𐌰𐌺 𐌿𐍃 𐌹𐌱𐌽𐌰𐍃𐍃𐌰𐌿;"
II Corinthians,8,14,"𐌹𐌽 𐌸𐌰𐌼𐌼𐌰 𐌽𐌿 𐌼𐌴𐌻𐌰 𐌹𐌶𐍅𐌰𐍂 𐌿𐍆𐌰𐍂𐌰𐍃𐍃𐌿𐍃 𐌳𐌿 𐌾𐌰𐌹𐌽𐌰𐌹𐌶𐌴 𐌸𐌰𐍂𐌱𐍉𐌼, 𐌴𐌹 𐌾𐌰𐌷 𐌾𐌰𐌹𐌽𐌰𐌹𐌶𐌴 𐌿𐍆𐌰𐍂𐌰𐍃𐍃𐌿𐍃 𐍅𐌰𐌹𐍂𐌸𐌰𐌹 𐌳𐌿 𐌹𐌶𐍅𐌰𐍂𐌰𐌹𐌼 𐌸𐌰𐍂𐌱𐍉𐌼, 𐌴𐌹 𐍅𐌰𐌹𐍂𐌸𐌰𐌹 𐌹𐌱𐌽𐌰𐍃𐍃𐌿𐍃, 𐌹𐌽 𐌸𐌰𐌼𐌼𐌰 𐌽𐌿 𐌼𐌴𐌻𐌰 𐌹𐌶𐍅𐌰𐍂 𐌿(𐍆)𐌰𐍂𐌰𐍃(𐍃𐌿)𐍃 𐌳𐌿 𐌾𐌰𐌹𐌽(𐌰)𐌹𐌶𐌴 𐌸𐌰𐍂𐌱𐍉𐌼, 𐌴𐌹 𐌾𐌰𐌷 𐌾𐌰𐌹𐌽𐌰𐌹𐌶𐌴 𐌿𐍆𐌰𐍂𐌰𐍃𐍃𐌿𐍃 𐍅𐌰𐌹𐍂𐌸𐌰𐌹 𐌳𐌿 𐌹𐌶𐍅𐌰𐍂𐌰𐌹𐌼 𐌸𐌰𐍂𐌱𐍉𐌼, 𐌴𐌹 𐍅𐌰𐌹𐍂𐌸𐌰𐌹 𐌹𐌱𐌽𐌰𐍃𐍃𐌿𐍃,"
II Corinthians,8,15,"𐍃𐍅𐌰𐍃𐍅𐌴 𐌲𐌰𐌼𐌴𐌻𐌹𐌸 𐌹𐍃𐍄: 𐌾𐌰𐍃~𐍃𐌰𐌴𐌹 𐍆𐌹𐌻𐌿, 𐌽𐌹 𐌼𐌰𐌽𐌰𐌲𐌹𐌶𐍉, 𐌾𐌰𐌷 𐍃𐌰𐌴𐌹 𐌻𐌴𐌹𐍄𐌹𐌻, 𐌽𐌹 𐍆𐌰𐍅𐌹𐌶𐍉. 𐍃𐍅𐌰𐍃𐍅𐌴 𐌲𐌰𐌼𐌴(𐌻)𐌹𐌸 𐌹𐍃𐍄: 𐍃𐌰𐌴𐌹 𐍆𐌹𐌻𐌿, 𐌽𐌹 𐌼𐌰𐌽𐌰𐌲𐌹𐌶𐍉, 𐌾𐌰𐌷 𐍃𐌰𐌴𐌹 𐌻𐌴𐌹𐍄𐌹𐌻, 𐌽𐌹 𐍆𐌰𐍅𐌹𐌶𐍉."
II Corinthians,8,16,"𐌰𐌸𐌸𐌰𐌽 𐌰𐍅𐌹𐌻𐌹𐌿𐌸 𐌲𐌿𐌳𐌰, 𐌹𐌶𐌴 𐌲𐌰𐍆 𐌸𐍉 𐍃𐌰𐌼𐍉𐌽 𐌿𐍃𐌳𐌰𐌿𐌳𐌴𐌹𐌽 𐍆𐌰𐌿𐍂 𐌹𐌶𐍅𐌹𐍃 𐌹𐌽 𐌷𐌰𐌹𐍂𐍄𐍉 𐍄𐌴𐌹𐍄𐌰𐌿𐍃; 𐌰𐌸𐌸𐌰𐌽 𐌰𐍅𐌹𐌻𐌹𐌿𐌳 𐌲𐌿𐌳𐌰, 𐌹𐌶𐌴𐌹 𐌲𐌰𐍆 𐌸𐍉 𐍃𐌰𐌼𐍉𐌽 𐌿𐍃𐌳𐌰𐌿𐌳𐌴𐌹𐌽 (𐍆𐌰𐌿𐍂 𐌹𐌶𐍅𐌹𐍃) 𐌹𐌽 𐌷𐌰𐌹𐍂𐍄𐍉 𐍄𐌴𐌹𐍄𐌰𐌿𐍃;"
II Corinthians,8,17,"𐌿𐌽𐍄𐌴 𐍂𐌰𐌹𐌷𐍄𐌹𐍃 𐌱𐌹𐌳𐌰 𐌰𐌽𐌳𐌽𐌰𐌼, 𐌰𐌸𐌸𐌰𐌽 𐌿𐍃𐌳𐌰𐌿𐌳𐍉𐌶𐌰 𐍅𐌹𐍃𐌰𐌽𐌳𐍃 𐍃𐌹𐌻𐌱𐌰 𐍅𐌹𐌻𐌾𐌰𐌽𐌳𐍃 𐌲𐌰𐌻𐌰𐌹𐌸 𐌳𐌿 𐌹𐌶𐍅𐌹𐍃. 𐌿𐌽𐍄𐌴 𐍂𐌰𐌹𐌷𐍄𐌹𐍃 𐌱𐌹𐌳𐌰 𐌰𐌽𐌳𐌽𐌰𐌼, 𐌰𐌸𐌸𐌰𐌽 𐌿𐍃𐌳𐌰𐌿𐌳𐍉𐌶𐌰 𐍅𐌹𐍃𐌰𐌽𐌳𐍃 𐍃𐌹𐌻𐌱𐌰 𐍅𐌹𐌻𐌾𐌰𐌽𐌳𐍃 𐌲𐌰𐌻𐌰𐌹𐌸 𐌳𐌿 𐌹𐌶𐍅𐌹𐍃."
II Corinthians,8,18,𐌲𐌰𐌷~𐌸𐌰𐌽~𐌼𐌹𐌸~[𐌲𐌰]𐍃𐌰𐌽𐌳𐌹𐌳𐌴𐌳𐌿𐌼 𐌹𐌼𐌼𐌰 𐌱𐍂𐍉𐌸𐌰𐍂; 𐌸𐌹𐌶𐌴𐌹 𐌷𐌰𐌶𐌴𐌹𐌽𐍃 𐌹𐌽 𐌰𐌹𐍅𐌰𐌲𐌲𐌴𐌻𐌾𐍉𐌽𐍃 𐌰𐌽𐌳 𐌰𐌻𐌻𐍉𐍃 𐌰𐌹𐌺𐌺𐌻𐌴𐍃𐌾𐍉𐌽𐍃. 𐌲𐌰𐌸~𐌸𐌰𐌽~𐌼𐌹𐌸~𐍃𐌰𐌽𐌳𐌹𐌳𐌴𐌳𐌿𐌼 𐌹𐌼𐌼𐌰 𐌱𐍂𐍉𐌸𐌰𐍂; 𐌸𐌹𐌶𐌴𐌹 𐌷𐌰𐌶𐌴𐌹𐌽𐍃 𐌹𐌽 𐌰𐌹𐍅𐌰𐌲𐌲𐌴𐌻𐌾𐍉𐌽 𐌰𐌽𐌳 𐌰𐌻𐌻𐍉𐍃 𐌰𐌹𐌺𐌺𐌻𐌴𐍃𐌾𐍉𐌽𐍃.
II Corinthians,8,19,"𐌰𐌸𐌸𐌰𐌽 𐌽𐌹 𐌸𐌰𐍄~𐌰𐌹𐌽, 𐌰𐌺 𐌾𐌰𐌷 𐌲𐌰𐍄𐌴𐍅𐌹𐌸𐍃 𐍆𐍂𐌰𐌼 𐌰𐌹𐌺𐌺𐌻𐌴𐍃𐌾𐍉𐌼 𐌼𐌹𐌸 𐌲𐌰𐍃𐌹𐌽𐌸𐌰𐌼 𐌿𐌽𐍃 𐌼𐌹𐌸 𐌰𐌽𐍃𐍄𐌰𐌹 𐌸𐌹𐌶𐌰𐌹 𐌰𐌽𐌳𐌱𐌰𐌷𐍄𐌹𐌳𐍉𐌽 𐍆𐍂𐌰𐌼 𐌿𐌽𐍃 𐌳𐌿 𐍆𐍂𐌰𐌿𐌾𐌹𐌽𐍃 𐍅𐌿𐌻𐌸𐌰𐌿 𐌾𐌰𐌷 𐌲𐌰𐌹𐍂𐌽𐌴𐌹𐌽 𐌿𐌽𐍃𐌰𐍂𐌰𐌹; 𐌰𐌸𐌸𐌰𐌽 𐌽𐌹 𐌸𐌰𐍄~𐌰𐌹𐌽, 𐌰𐌺 𐌾𐌰𐌷 𐌲𐌰𐍄𐌴𐍅𐌹𐌸𐍃 𐍆𐍂𐌰𐌼 𐌰𐌹𐌺𐌺𐌻𐌴𐍃𐌾𐍉𐌼 𐌼𐌹𐌸 𐌲𐌰𐍃𐌹𐌽𐌸𐌰𐌼 𐌿𐌽𐍃 𐌼𐌹𐌸 𐌰𐌽𐍃𐍄𐌰𐌹 𐌸𐌹𐌶𐌰𐌹 𐌰𐌽𐌳𐌱𐌰𐌷𐍄𐌹𐌳𐍉𐌽 𐍆𐍂𐌰𐌼 𐌿𐌽𐍃 𐌳𐌿 𐍆𐍂𐌰𐌿𐌾𐌹𐌽𐍃 𐍅𐌿𐌻𐌸𐌰𐌿 𐌾𐌰𐌷 𐌲𐌰𐌹𐍂𐌽𐌴𐌹𐌽 𐌿𐌽𐍃𐌰𐍂𐌰𐌹;"
II Corinthians,8,20,"𐌱𐌹𐍅𐌰𐌽𐌳𐌾𐌰𐌽𐌳𐌰𐌽𐍃 𐌸𐌰𐍄𐌰, 𐌹𐌱𐌰𐌹 𐍈𐌰𐍃 𐌿𐌽𐍃 𐍆𐌰𐌹𐍂𐌹𐌽𐍉𐌳𐌴𐌳𐌹 𐌹𐌽 𐌳𐌹𐌲𐍂𐌴𐌹𐌽 𐌸𐌹𐌶𐌰𐌹 𐌰𐌽𐌳𐌱𐌰𐌷𐍄𐌹𐌳𐍉𐌽 𐍆𐍂𐌰𐌼 𐌿𐌽𐍃; 𐌱𐌹𐍅𐌰𐌽𐌳𐌾𐌰𐌽𐌳𐌰𐌽𐍃 𐌸𐌰𐍄𐌰, 𐌹𐌱𐌰𐌹 𐍈𐌰𐍃 𐌿𐌽𐍃 𐍆𐌰𐌹𐍂𐌹𐌽𐍉𐌳𐌴𐌳𐌹 𐌹𐌽 𐌳𐌹𐌲𐍂𐌴𐌹𐌽 𐌸𐌹𐌶𐌰𐌹 𐌰𐌽𐌳𐌱𐌰𐌷𐍄𐌹𐌳𐍉𐌽 𐍆𐍂𐌰𐌼 𐌿𐌽𐍃;"
II Corinthians,8,21,"𐌲𐌰𐍂𐌴𐌳𐌰𐌽𐌳𐌰𐌽𐍃 𐌰𐌿𐌺 𐌲𐍉𐌳𐌰 𐌽𐌹 𐌸𐌰𐍄𐌰𐌹𐌽𐌴𐌹 𐌹𐌽 𐌰𐌽𐌳𐍅𐌰𐌹𐍂𐌸𐌾𐌰 𐌲𐌿𐌳𐌹𐍃, 𐌰𐌺 𐌾𐌰𐌷 𐌹𐌽 𐌰𐌽𐌳𐍅𐌰𐌹𐍂𐌸𐌾𐌰 𐌼𐌰𐌽𐌽𐌴. 𐌲𐌰𐍂𐌴𐌳𐌰𐌽𐌳𐌰𐌽𐍃 𐌰𐌿𐌺 𐌲𐍉𐌳𐌰 𐌽𐌹 𐌸𐌰𐍄𐌰𐌹𐌽𐌴𐌹 𐌹𐌽 𐌰𐌽𐌳𐍅𐌰𐌹𐍂𐌸𐌾𐌰 𐌲𐌿𐌳𐌹𐍃, 𐌰𐌺 𐌾𐌰𐌷 𐌹𐌽 𐌰𐌽𐌳𐍅𐌰𐌹𐍂𐌸𐌾𐌰 𐌼𐌰𐌽𐌽𐌴."
II Corinthians,8,22,"𐌹𐌽𐍃𐌰𐌽𐌳𐌹𐌳𐌴𐌳𐌿𐌼 𐌸𐌰𐌽 𐌼𐌹𐌸 𐌹𐌼 𐌱𐍂𐍉𐌸𐌰𐍂 𐌿𐌽𐍃𐌰𐍂𐌰𐌽𐌰 𐌸𐌰𐌽𐌴𐌹 𐌲𐌰𐌺𐌰𐌿𐍃𐌹𐌳𐌴𐌳𐌿𐌼 𐌹𐌽 𐌼𐌰𐌽𐌰𐌲𐌰𐌹𐌼 𐌿𐍆𐍄𐌰 𐌿𐍃𐌳𐌰𐌿𐌳𐌰𐌽𐌰 𐍅𐌹𐍃𐌰𐌽𐌳𐌰𐌽, 𐌰𐌸𐌸𐌰𐌽 𐌽𐌿, 𐍃𐌰𐌹, 𐍆𐌹𐌻𐌿 𐌿𐍃𐌳𐌰𐌿𐌳𐍉𐌶𐌰𐌽 𐍄𐍂𐌰𐌿𐌰𐌹𐌽𐌰𐌹 𐌼𐌰𐌽𐌰𐌲𐌰𐌹 𐌹𐌽 𐌹𐌶𐍅𐌹𐍃; 𐌹𐌽𐍃𐌰𐌽𐌳𐌹𐌳𐌴𐌳𐌿𐌼 𐌸𐌰𐌽 𐌼𐌹𐌸 𐌹𐌼 𐌱𐍂𐍉𐌸𐌰𐍂 𐌿𐌽𐍃𐌰𐍂𐌰𐌽𐌰 𐌸𐌰𐌽𐌴𐌹 𐌲𐌰𐌺𐌰𐌿𐍃𐌹𐌳𐌴𐌳𐌿𐌼 𐌹𐌽 𐌼𐌰𐌽𐌰𐌲𐌰𐌹𐌼 𐌿𐍆𐍄𐌰 𐌿𐍃𐌳𐌰𐌿𐌳𐌰𐌽𐌰 𐍅𐌹𐍃𐌰𐌽𐌳𐌰𐌽, 𐌰𐌸𐌸𐌰𐌽 𐌽𐌿, 𐍃𐌰𐌹, 𐍆𐌹𐌻𐌰𐌿𐍃 𐌼𐌰𐌹𐍃 𐌿𐍃𐌳𐌰𐌿𐌳𐍉𐌶𐌰𐌽 𐍄𐍂𐌰𐌿𐌰𐌹𐌽𐌰𐌹 𐌼𐌰𐌽𐌰𐌲𐌰𐌹 𐌹𐌽 𐌹𐌶𐍅𐌹𐍃;"
II Corinthians,8,23,"𐌾𐌰𐌷 𐌸𐌴 𐌱𐌹 𐍄𐌴𐌹𐍄𐌿, 𐍃𐌰𐌴𐌹 𐌹𐍃𐍄 𐌲𐌰𐌼𐌰𐌽 𐌼𐌴𐌹𐌽 𐌾𐌰𐌲~𐌲𐌰𐍅𐌰𐌿𐍂𐍃𐍄𐍅𐌰 𐌹𐌽 𐌹𐌶𐍅𐌹𐍃; 𐌾𐌰𐌸𐌸𐌴 𐌱𐍂𐍉𐌸𐍂𐌾𐌿𐍃 𐌿𐌽𐍃𐌰𐍂𐌰𐌹 𐌰𐍀𐌰𐌿𐍃𐍄𐌰𐌿𐌻𐌴𐌹𐍃 𐌰𐌹𐌺𐌺𐌻𐌴𐍃𐌾𐍉𐌽𐍉, 𐍅𐌿𐌻𐌸𐌰𐌿𐍃 𐍇𐍂𐌹𐍃𐍄𐌰𐌿𐍃. 𐌾𐌰𐌸~𐌸𐌴 𐌱𐌹 𐍄𐌴𐌹𐍄𐌿, 𐍃𐌰𐌴𐌹 𐌹𐍃𐍄 𐌲𐌰𐌼𐌰𐌽 𐌼𐌴𐌹𐌽 𐌾𐌰𐌷 𐌲𐌰𐍅𐌰𐌿𐍂𐍃𐍄𐍅𐌰 𐌹𐌽 𐌹𐌶𐍅𐌹𐍃; 𐌾𐌰𐌸𐌸𐌴 𐌱𐍂𐍉𐌸𐍂𐌾𐌿𐍃 𐌿𐌽𐍃𐌰𐍂𐌰𐌹 𐌰𐍀𐌰𐌿𐍃𐍄𐌰𐌿𐌻𐌴𐌹𐍃 𐌰𐌹𐌺𐌺𐌻𐌴𐍃𐌾𐍉𐌽𐍉, 𐍅𐌿𐌻𐌸𐌿𐍃 𐍇𐍂𐌹𐍃𐍄𐌰𐌿𐍃."
II Corinthians,8,24,𐌰𐌸𐌸𐌰𐌽 𐌿𐍃𐍄𐌰𐌹𐌺𐌽𐌴𐌹𐌽 𐍆𐍂𐌹𐌾𐌰𐌸𐍅𐍉𐍃 𐌹𐌶𐍅𐌰𐍂𐌰𐌹𐌶𐍉𐍃 𐌾𐌰𐌷 𐌿𐌽𐍃𐌰𐍂𐌰𐌹𐌶𐍉𐍃 𐍈𐍉𐍆𐍄𐌿𐌻𐌾𐍉𐍃 𐍆𐌰𐌿𐍂 𐌹𐌶𐍅𐌹𐍃 𐌹𐌽 𐌹𐌼 𐌿𐍃𐍄𐌰𐌹𐌺𐌽𐌾𐌰𐌽𐌳𐌰𐌽𐍃 𐌹𐌽 𐌰𐌽𐌳𐍅𐌰𐌹𐍂𐌸𐌾𐌰 𐌰𐌹𐌺𐌺𐌻𐌴𐍃𐌾𐍉𐌽𐍉. 𐌰𐌸𐌸𐌰𐌽 𐌿𐍃𐍄𐌰𐌹𐌺𐌽𐌴𐌹𐌽 𐍆𐍂𐌹𐌰𐌸𐍅𐍉𐍃 𐌹𐌶𐍅𐌰𐍂𐌰𐌹𐌶𐍉𐍃 𐌾𐌰𐌷 𐌿𐌽𐍃𐌰𐍂𐌰𐌹𐌶𐍉𐍃 𐍈𐍉𐍆𐍄𐌿𐌻𐌾𐍉𐍃 𐍆𐌰𐌿𐍂 𐌹𐌶𐍅𐌹𐍃 𐌹𐌽 𐌹𐌼 𐌿𐍃𐍄𐌰𐌹𐌺𐌽𐌾𐌰𐌽𐌳𐌰𐌽𐍃 𐌹𐌽 𐌰𐌽𐌳𐍅𐌰𐌹𐍂𐌸𐌾𐌰 𐌰𐌹𐌺𐌺𐌻𐌴𐍃𐌾𐍉𐌽𐍉.
II Corinthians,9,1,"𐌰𐌸𐌸𐌰𐌽 𐌱𐌹 𐌰𐌽𐌳𐌱𐌰𐌷𐍄𐌹 𐌸𐌰𐍄𐌴𐌹 𐍂𐌰𐌷𐍄𐍉𐌳𐌰 𐌳𐌿 𐍅𐌴𐌹𐌷𐌰𐌹𐌼, 𐌿𐍆𐌾𐍉 𐌼𐌹𐍃 𐌹𐍃𐍄 𐌳𐌿 𐌼𐌴𐌻𐌾𐌰𐌽 𐌹𐌶𐍅𐌹𐍃; 𐌰𐌸𐌸𐌰𐌽 𐌱𐌹 𐌰𐌽𐌳𐌱𐌰𐌷𐍄𐌹 𐌸𐌰𐍄𐌴𐌹 𐍂𐌰𐌷𐍄𐍉𐌳𐌰 𐌳𐌿 𐍅𐌴𐌹𐌷𐌰𐌹𐌼, 𐌿𐍆𐌾𐍉 𐌼𐌹𐍃 𐌹𐍃𐍄 𐌳𐌿 𐌼𐌴𐌻𐌾𐌰𐌽 𐌹𐌶𐍅𐌹𐍃;"
II Corinthians,9,2,"𐌿𐌽𐍄𐌴 𐍅𐌰𐌹𐍄 𐌲𐌰𐌹𐍂𐌽𐌴𐌹𐌽 𐌹𐌶𐍅𐌰𐍂𐌰, 𐌸𐌹𐌶𐌰𐌹𐌴𐌹 𐍆𐍂𐌰𐌼 𐌹𐌶𐍅𐌹𐍃 𐍈𐍉𐍀𐌰𐌼 𐌰𐍄 𐌼𐌰𐌺𐌹𐌳𐍉𐌽𐌹𐌼, 𐌿𐌽𐍄𐌴 𐌰𐌺𐌰𐌾𐌰 𐌲𐌰𐌼𐌰𐌽𐍅𐌹𐌳𐌰 𐌹𐍃𐍄 𐍆𐍂𐌰𐌼 𐍆𐌰𐌹𐍂𐌽𐌹𐌽 𐌾𐌴𐍂𐌰, 𐌾𐌰𐌷 𐌸𐌰𐍄𐌰 𐌿𐍃 𐌹𐌶𐍅𐌹𐍃 𐌰𐌻𐌾𐌰𐌽 𐌿𐍃𐍅𐌰𐌲𐌹𐌳𐌰 𐌸𐌰𐌽𐍃 𐌼𐌰𐌽𐌰𐌲𐌹𐍃𐍄𐌰𐌽𐍃. 𐌿𐌽𐍄𐌴 𐍅𐌰𐌹𐍄 𐌲𐌰𐌹𐍂𐌽𐌴𐌹𐌽 𐌹𐌶𐍅𐌰𐍂𐌰, 𐌸𐌹𐌶𐌰𐌹𐌴𐌹 𐍆𐍂𐌰(𐌼) 𐌹𐌶𐍅𐌹𐍃 𐍈𐍉𐍀𐌰 𐌰𐍄 𐌼𐌰𐌺𐌹𐌳𐍉𐌽[𐌽]𐌹𐌼, 𐌿𐌽𐍄𐌴 𐌰𐍇𐌰ï𐌰 𐌲𐌰𐌼𐌰𐌽𐍅𐌹𐌳𐌰 𐌹𐍃𐍄 𐍆𐍂𐌰𐌼 𐍆𐌰𐌹𐍂𐌽𐌹𐌽 𐌾𐌴𐍂𐌰, 𐌾𐌰𐌷 𐌸𐌰𐍄𐌰 𐌿𐍃 𐌹𐌶𐍅𐌹𐍃 𐌰𐌻𐌾𐌰𐌽 𐌲𐌰𐍅𐌰𐌲𐌹𐌳𐌰 𐌸𐌰𐌽𐍃 𐌼𐌰𐌽𐌰𐌲𐌹𐍃𐍄𐌰𐌽𐍃 𐌹𐌶𐌴𐌹."
II Corinthians,9,3,"𐌰𐌸𐌸𐌰𐌽 𐍆𐌰𐌿𐍂𐌰𐌲𐌰𐍃𐌰𐌽𐌳𐌹𐌳𐌰 𐌱𐍂𐍉𐌸𐍂𐌿𐌽𐍃, 𐌴𐌹 𐍈𐍉𐍆𐍄𐌿𐌻𐌹 𐌿𐌽𐍃𐌰𐍂𐌰 𐍃𐍉 𐍆𐍂𐌰𐌼 𐌹𐌶𐍅𐌹𐍃 𐌽𐌹 𐍅𐌰𐌿𐍂𐌸𐌹 𐌻𐌰𐌿𐍃𐌰 𐌹𐌽 𐌸𐌹𐌶𐌰𐌹 𐌷𐌰𐌻𐌱𐌰𐌹, 𐌴𐌹 𐍃𐍅𐌰𐍃𐍅𐌴 𐌵𐌰𐌸 𐌲𐌰𐌼𐌰𐌽𐍅𐌹𐌳𐌰𐌹 𐍃𐌹𐌾𐌰𐌹𐌸; 𐌰𐌸𐌸𐌰𐌽 𐍆𐌰𐌿𐍂𐌰𐌲𐌰𐍃𐌰𐌽𐌳𐌹𐌳𐌰 𐌱𐍂𐍉𐌸𐍂𐌿𐌽𐍃, 𐌴𐌹 𐍈𐍉𐍆𐍄𐌿𐌻𐌹 𐌿𐌽𐍃𐌰𐍂𐌰 𐍃𐍉 𐍆𐍂𐌰𐌼 𐌹𐌶𐍅𐌹𐍃 𐌽𐌹 𐍅𐌰𐌿𐍂𐌸𐌹 𐌻𐌰𐌿𐍃𐌰 𐌹𐌽 𐌸𐌹𐌶𐌰𐌹 𐌷𐌰𐌻𐌱𐌰𐌹, 𐌴𐌹 𐍃𐍅𐌰𐍃𐍅𐌴 𐌵𐌰𐌸, 𐌲𐌰𐌼𐌰𐌽𐍅𐌹𐌳𐌰𐌹 𐍃𐌹𐌾𐌰𐌹𐌸;"
II Corinthians,9,4,"𐌹𐌱𐌰𐌹 𐌾𐌰𐌱𐌰𐌹 𐌵𐌹𐌼𐌰𐌽𐌳 𐌼𐌹𐌸 𐌼𐌹𐍃 𐌼𐌰𐌺𐌹𐌳𐍉𐌽𐌴𐌹𐍃 𐌾𐌰𐌲~𐌱𐌹𐌲𐌹𐍄𐌰𐌽𐌳 𐌹𐌶𐍅𐌹𐍃 𐌿𐌽𐌼𐌰𐌽𐍅𐌾𐌰𐌽[𐌳]𐍃, 𐌲𐌰𐌰𐌹𐍅𐌹𐍃𐌺𐍉𐌽𐌳𐌰 𐍅𐌴𐌹𐍃, 𐌴𐌹 𐌽𐌹 𐌵𐌹𐌸𐌰𐌿 𐌾𐌿𐍃, 𐌹𐌽 𐌸𐌰𐌼𐌼𐌰 𐍃𐍄𐍉𐌼𐌹𐌽 𐍈𐍉𐍆𐍄𐌿𐌻𐌾𐍉𐍃. 𐌹𐌱𐌰𐌹 𐌾𐌰𐌱𐌰𐌹 𐌵𐌹𐌼𐌰𐌽𐌳 𐌼𐌹𐌸 𐌼𐌹𐍃 𐌼𐌰𐌺𐌹𐌳𐍉𐌽𐌴𐌹𐍃 𐌾𐌰𐌷 𐌱𐌹𐌲𐌹𐍄𐌰𐌽𐌳 𐌹𐌶𐍅𐌹𐍃 𐌿𐌽𐌼𐌰𐌽𐍅𐌾𐌰𐌽𐍃, 𐌲𐌰𐌰𐌹𐍅𐌹𐍃𐌺𐍉𐌽𐌳𐌰𐌿 𐍅𐌴𐌹𐍃, 𐌴𐌹 𐌽𐌹 𐌵𐌹𐌸𐌰𐌿 𐌾𐌿𐍃, 𐌹𐌽 𐌸𐌰𐌼𐌼𐌰 𐍃𐍄𐍉𐌼𐌹𐌽 𐌸𐌹𐌶𐍉𐍃 𐍈𐍉𐍆𐍄𐌿𐌻𐌾𐍉𐍃."
II Corinthians,9,5,"𐌽𐌰𐌿𐌳𐌹𐌸𐌰𐌿𐍂𐍆𐍄 𐌽𐌿 𐌼𐌰𐌽 𐌱𐌹𐌳𐌾𐌰𐌽 𐌱𐍂𐍉𐌸𐍂𐌿𐌽𐍃, 𐌴𐌹 𐌲𐌰𐌻𐌴𐌹𐌸𐌰𐌹𐌽𐌰 𐌳𐌿 𐌹𐌶𐍅𐌹𐍃 𐌾𐌰𐌷 𐍆𐌰𐌿𐍂𐌰𐌲𐌰𐌼𐌰𐌽𐍅𐌾𐌰𐌹𐌽𐌰 𐌸𐌰𐌽𐌰 𐍆𐌰𐌿𐍂𐌰𐌲𐌰𐌷𐌰𐌹𐍄𐌰𐌽𐌰𐌽 𐌰𐌹𐍅𐌻𐌰𐌿𐌲𐌹𐌰𐌽 𐌹𐌶𐍅𐌰𐍂𐌰𐌽𐌰, 𐌸𐌰𐌽𐌰 𐌼𐌰𐌽𐍅𐌾𐌰𐌽𐌰 𐍅𐌹𐍃𐌰𐌽 𐍃𐍅𐌰𐍃𐍅𐌴 𐍅𐌰𐌹𐌻𐌰𐌵𐌹𐍃𐍃 𐌾𐌰𐌽~𐌽𐌹 𐍃𐍅𐌰𐍃𐍅𐌴 𐌱𐌹𐍆𐌰𐌹𐌷𐍉𐌽. 𐌽𐌰𐌿𐌳𐌹𐌸𐌰𐌿𐍂𐍆𐍄 𐌽𐌿 𐌼𐌰𐌽 𐌱𐌹𐌳𐌾𐌰𐌽 𐌱𐍂𐍉𐌸𐍂𐌿𐌽𐍃, 𐌴𐌹 𐌲𐌰𐌻𐌴𐌹𐌸𐌰𐌹𐌽𐌰 𐌳𐌿 𐌹𐌶𐍅𐌹𐍃 𐌾𐌰𐌷 𐍆𐌰𐌿𐍂𐌰𐌲𐌰𐌼𐌰𐌽𐍅𐌾𐌰𐌹𐌽𐌰 𐌸𐌰𐌽𐌰 𐍆𐌰𐌿𐍂𐌰𐌲𐌰𐌷𐌰𐌹𐍄𐌰𐌽𐌰𐌽 𐌰𐌹𐍅𐌻𐌰𐌿𐌲𐌹𐌰𐌽 𐌹𐌶𐍅𐌰𐍂𐌰𐌽𐌰, 𐌸𐌰𐌽𐌰 𐌼𐌰𐌽𐍅𐌾𐌰𐌽𐌰 𐍅𐌹𐍃𐌰𐌽 𐍃𐍅𐌰𐍃𐍅𐌴 𐍅𐌰𐌹𐌻𐌰𐌵𐌹𐍃𐍃 𐌾𐌰𐌷 𐌽𐌹 𐍃𐍅𐌰𐍃𐍅𐌴 𐌱𐌹𐍆𐌰𐌹𐌷𐍉𐌽."
II Corinthians,9,6,"𐌸𐌰𐍄𐌿𐌸~𐌸𐌰𐌽, 𐍃𐌰𐌴𐌹 𐍃𐌰𐌹𐌾𐌹𐌸 𐌿𐍃 𐌲𐌰𐌸𐌰𐌲𐌺𐌾𐌰, 𐌿𐍃 𐌲𐌰𐌸𐌰𐌲𐌺𐌾𐌰 𐌾𐌰𐌷 𐍃𐌽𐌴𐌹𐌸𐌹𐌸, 𐌾𐌰𐌷 𐍃𐌰𐌴𐌹 𐍃𐌰𐌹𐌾𐌹𐌸 𐌹𐌽 𐌸𐌹𐌿𐌸𐌴𐌹𐌽𐌰𐌹, 𐌿𐍃 𐌸𐌹𐌿𐌸𐌴𐌹𐌽𐌰𐌹 𐌾𐌰𐌷 𐍃𐌽𐌴𐌹𐌸𐌹𐌸. 𐌸𐌰𐍄𐌿𐌸~𐌸𐌰𐌽, 𐍃𐌰𐌴𐌹 𐍃𐌰𐌹𐌹𐌸 𐌿𐍃 𐌲𐌰𐌸𐌰𐌲𐌺𐌾𐌰, 𐌿𐍃 𐌲𐌰𐌸𐌰𐌲𐌺𐌾𐌰 𐌾𐌰𐌷 𐍃𐌽𐌴𐌹𐌸𐌹𐌸, 𐌾𐌰𐌷 𐍃𐌰𐌴𐌹 𐍃𐌰𐌹𐌹𐌸 𐌹𐌽 𐌸𐌹𐌿𐌸𐌴𐌹𐌽𐌰𐌹, 𐌿𐍃 𐌸𐌹𐌿𐌸𐌴𐌹𐌽𐌰𐌹 𐌾𐌰𐌷 𐍃𐌽𐌴𐌹𐌸𐌹𐌸."
II Corinthians,9,7,"𐍈𐌰𐍂𐌾𐌹𐌶𐌿𐌷 𐍃𐍅𐌰𐍃𐍅𐌴 𐍆𐌰𐌿𐍂𐌰𐌲𐌰𐌷𐌿𐌲𐌹𐌳𐌰 𐌷𐌰𐌹𐍂𐍄𐌹𐌽, 𐌽𐌹 𐌿𐍃 𐍄𐍂𐌹𐌲𐍉𐌽 𐌰𐌹𐌸𐌸𐌰𐌿 𐌿𐍃 𐌽𐌰𐌿𐌸𐌰𐌹,.... 𐍈𐌰𐍂𐌾𐌹𐌶𐌿𐌷 𐍃𐍅𐌰𐍃𐍅𐌴 𐍆𐌰𐌿𐍂𐌰𐌲𐌰𐌷𐌿𐌲𐌹𐌳𐌰 𐌷𐌰𐌹𐍂𐍄𐌹𐌽, 𐌽𐌹 𐌿𐍃 𐍄𐍂𐌹𐌲𐍉𐌽 𐌰𐌹𐌸𐌸𐌰𐌿 𐌿𐍃 𐌽𐌰𐌿(𐌸)𐌰𐌹, 𐌿𐌽𐍄𐌴 𐌷𐌻𐌰𐍃𐌰𐌽𐌰 𐌲𐌹𐌱𐌰𐌽𐌳 𐍆𐍂𐌹𐌾𐍉𐌸 𐌲𐌿𐌸."
II Corinthians,9,8,"𐌰𐌸𐌸𐌰𐌽 𐌼𐌰𐌷𐍄𐌴𐌹𐌲𐍃 𐌹𐍃𐍄 𐌲𐌿𐌸 𐌰𐌻𐌻𐌰 𐌰𐌽𐍃𐍄 𐌿𐍆𐌰𐍂𐌰𐍃𐍃𐌾𐌰𐌽 𐌹𐌽 𐌹𐌶𐍅𐌹𐍃, 𐌴𐌹 𐌹𐌽 𐌰𐌻𐌻𐌰𐌼𐌼𐌰 𐍃𐌹𐌽𐍄𐌴𐌹𐌽𐍉 𐌰𐌻𐌻𐌹𐍃 𐌲𐌰𐌽𐌰𐌿𐌷𐌰𐌽 𐌷𐌰𐌱𐌰𐌽𐌳𐌰𐌽𐍃 𐌿𐍆𐌰𐍂𐌰𐍃𐍃𐌾𐌰𐌹𐌸 𐌹𐌽 𐌰𐌻𐌻𐌰𐌼𐌼𐌰 𐍅𐌰𐌿𐍂𐍃𐍄𐍅𐌴 𐌲𐍉𐌳𐌰𐌹𐌶𐌴,"
II Corinthians,9,9,"𐍃𐍅𐌰𐍃𐍅𐌴 𐌲𐌰𐌼𐌴𐌻𐌹𐌸 𐌹𐍃𐍄: 𐍄𐌰𐌷𐌹𐌳𐌰, 𐌲𐌰𐍆 𐌿𐌽𐌻𐌴𐌳𐌰𐌹𐌼; 𐌿𐍃𐍅𐌰𐌿𐍂𐍄𐍃 𐌹𐍃 𐍅𐌹𐍃𐌹𐌸 𐌳𐌿 𐌰𐌹𐍅𐌰."
II Corinthians,9,10,𐌰𐌸𐌸𐌰𐌽 𐍃𐌰 𐌰𐌽𐌳𐍃𐍄𐌰𐌻𐌳(𐌰𐌽𐌳𐍃) 𐍆𐍂𐌰𐌹𐍅𐌰 𐌸𐌰𐌽𐌰 𐍃𐌰𐌹𐌰𐌽𐌳𐌰𐌽 𐌾𐌰𐌷 (𐌷𐌻𐌰𐌹)𐌱𐌰 𐌳𐌿 𐌼𐌰𐍄𐌰 𐌰𐌽𐌳𐍃𐍄𐌰𐌻𐌳𐌹𐌸 𐌾𐌰𐌷 𐌼𐌰𐌽𐌰𐌲𐌾𐌰𐌹 𐍆𐍂𐌰𐌹𐍅 𐌹𐌶𐍅𐌰𐍂 𐌾𐌰𐌷 𐍅𐌰𐌷𐍃𐌾𐌰𐌽 𐌲𐌰𐍄𐌰𐌿𐌾𐌰𐌹 𐌰𐌺𐍂𐌰𐌽𐌰 𐌿𐍃𐍅𐌰𐌿𐍂𐌷𐍄𐌰𐌹𐍃 𐌹𐌶𐍅𐌰𐍂𐌰𐌹𐌶𐍉𐍃;
II Corinthians,9,11,"𐌹𐌽 𐌰𐌻𐌻𐌰𐌼𐌼𐌰 𐌲𐌰𐌱𐌹𐌲𐌽𐌰𐌽𐌳𐌰𐌽𐍃, 𐌹𐌽 𐌰𐌻𐌻𐌰𐌹 𐌰𐌹𐌽𐍆𐌰𐌻𐌸𐌴𐌹𐌽, 𐍃𐌴𐌹 𐍅𐌰𐌿𐍂𐌺𐌴𐌹𐌸 𐌸𐌰𐌹𐍂𐌷 𐌿𐌽𐍃 𐌰𐌹𐍅𐍇𐌰𐍂𐌹𐍃𐍄𐌹𐌰𐌽 𐌲𐌿𐌳𐌰."
II Corinthians,9,12,"𐌿𐌽𐍄𐌴 𐌰𐌽𐌳𐌱𐌰𐌷𐍄𐌹 𐌸𐌹𐍃 𐌲𐌿𐌳𐌾𐌹𐌽𐌰𐍃𐍃𐌰𐌿𐍃 𐌽𐌹 𐌸𐌰𐍄𐌰𐌹𐌽𐌴𐌹 𐌹𐍃𐍄 𐌿𐍃𐍆𐌿𐌻𐌻𐌾𐌰𐌽𐌳𐍉 𐌲𐌰𐌹𐌳𐍅𐌰 𐌸𐌹𐌶𐌴 𐍅𐌴𐌹𐌷𐌰𐌽𐌴, 𐌰𐌺 𐌾𐌰𐌷 𐌿𐍆𐌰𐍂𐌰𐍃𐍃𐌾𐌰𐌽𐌳𐍉 𐌸𐌰𐌹𐍂𐌷 𐌼𐌰𐌽𐌰𐌲𐌰 𐌰𐍅𐌹𐌻𐌹𐌿𐌳𐌰 𐌲𐌿𐌳𐌰,"
II Corinthians,9,13,"𐌸𐌰𐌹𐍂𐌷 𐌲𐌰𐌺𐌿𐍃𐍄 𐌸𐌹𐍃 𐌰𐌽𐌳𐌱𐌰𐌷𐍄𐌾𐌹𐍃 𐌼𐌹𐌺𐌹𐌻𐌾𐌰𐌽𐌳𐌰𐌽𐍃 𐌲𐌿𐌸 𐌰𐌽𐌰 𐌿𐍆𐌷𐌰𐌿𐍃𐌴𐌹𐌽𐌰𐌹 𐌰𐌽𐌳𐌰𐌷𐌰𐌹𐍄𐌹𐍃 𐌹𐌶𐍅𐌰𐍂𐌹𐍃 𐌹𐌽 𐌰𐌹𐍅𐌰𐌲𐌲𐌴𐌻𐌾𐍉𐌽 𐍇𐍂𐌹𐍃𐍄𐌰𐌿𐍃 𐌾𐌰𐌷 𐌹𐌽 𐌰𐌹𐌽𐍆𐌰𐌻𐌸𐌴𐌹𐌽 𐌲𐌰𐌼𐌰𐌹𐌽𐌳𐌿𐌸𐌰𐌹𐍃 𐌳𐌿 𐌹𐌼 𐌾𐌰𐌷 𐌳𐌿 𐌰𐌻𐌻𐌰𐌹𐌼,"
II Corinthians,9,14,𐌾𐌰𐌷 𐌹𐌶𐌴𐌹 𐌱𐌹𐌳𐌰𐌹 𐍆𐌰𐌿𐍂 𐌹𐌶𐍅𐌹𐍃 𐌲𐌰𐌹𐍂𐌽𐌾𐌰𐌽𐌳𐌰𐌽𐍃 𐌹𐌶𐍅𐌰𐍂𐌰 𐌹𐌽 𐌿𐍆𐌰𐍂𐌰𐍃𐍃𐌰𐌿 𐌰𐌽𐍃𐍄𐌰𐌹𐍃 𐌲𐌿𐌳𐌹𐍃 𐌰𐌽𐌰 𐌹𐌶𐍅𐌹𐍃.
II Corinthians,9,15,𐌰𐍅𐌹𐌻𐌹𐌿𐌳 𐌲𐌿𐌳𐌰 𐌹𐌽 𐌸𐌹𐌶𐍉𐍃 𐌿𐌽𐌿𐍃𐍃𐍀𐌹𐌻𐌻𐍉𐌳𐍉𐌽𐍃 𐌹𐍃 𐌲𐌹𐌱𐍉𐍃.
II Corinthians,10,1,"𐌰𐌸𐌸𐌰𐌽 𐌹𐌺 𐍃𐌹𐌻𐌱𐌰 𐍀𐌰𐍅𐌻𐌿𐍃 𐌱𐌹𐌳𐌾𐌰 𐌹𐌶𐍅𐌹𐍃 𐌱𐌹 𐌵𐌰𐌹𐍂𐍂𐌴𐌹𐌽 𐌾𐌰𐌷 𐌼𐌿𐌺𐌰𐌼𐍉𐌳𐌴𐌹𐌽 𐍇𐍂𐌹𐍃𐍄𐌰𐌿𐍃, 𐌹𐌺𐌴𐌹 𐌰𐌽𐌰 𐌰𐌽𐌳𐌰𐌿𐌲𐌹 𐍂𐌰𐌹𐌷𐍄𐌹𐍃 𐌷𐌰𐌿𐌽𐍃 𐌹𐌼 𐌹𐌽 𐌹𐌶𐍅𐌹𐍃, 𐌰𐌸𐌸𐌰𐌽 𐌰𐌻𐌾𐌰𐍂 𐍅𐌹𐍃𐌰𐌽𐌳𐍃 𐌲𐌰𐍄𐍂𐌰𐌿𐌰 𐌹𐌽 𐌹𐌶𐍅𐌹𐍃."
II Corinthians,10,2,"𐌰𐌸𐌸𐌰𐌽 𐌱𐌹𐌳𐌾𐌰[𐌽] 𐌴𐌹 𐌽𐌹 𐌰𐌽𐌳𐍅𐌰𐌹𐍂𐌸𐍃 𐌲𐌰𐍄𐍂𐌰𐌿𐌰𐌿 𐍄𐍂𐌰𐌿𐌰𐌹𐌽𐌰𐌹, 𐌸𐌹𐌶𐌰𐌹𐌴𐌹 𐌼𐌰𐌽 𐌲𐌰𐌳𐌰𐌿𐍂𐍃𐌰𐌽 𐌰𐌽𐌰 𐍃𐌿𐌼𐌰𐌽𐍃 𐌸𐌰𐌽𐍃 𐌼𐌿𐌽𐌰𐌽𐌳𐌰𐌽𐍃 𐌿𐌽𐍃 𐍃𐍅𐌴 𐌱𐌹 𐌻𐌴𐌹𐌺𐌰 𐌲𐌰𐌲𐌲𐌰𐌽𐌳𐌰𐌽𐍃."
II Corinthians,10,3,𐌹𐌽 𐌻𐌴𐌹𐌺𐌰 𐌰𐌿𐌺 𐌲𐌰𐌲𐌲𐌰𐌽𐌳𐌰𐌽𐍃 𐌽𐌹 𐌱𐌹 𐌻𐌴𐌹𐌺𐌰 𐌳𐍂𐌰𐌿𐌷𐍄𐌹𐌽𐍉𐌼.
II Corinthians,10,4,"𐌿𐌽𐍄𐌴 𐍅𐌴𐍀𐌽𐌰 𐌿𐌽𐍃𐌰𐍂𐌹𐍃 𐌳𐍂𐌰𐌿𐌷𐍄𐌹𐌽𐌰𐍃𐍃𐌰𐌿𐍃 𐌽𐌹 𐌻𐌴𐌹𐌺𐌴𐌹𐌽𐌰, 𐌰𐌺 𐌼𐌰𐌷𐍄𐌴𐌹𐌲𐌰 𐌲𐌿𐌳𐌰 𐌳𐌿 𐌲𐌰𐍄𐌰𐌿𐍂𐌸𐌰𐌹 𐍄𐌿𐌻𐌲𐌹𐌸𐍉,"
II Corinthians,10,5,𐌼𐌹𐍄𐍉𐌽𐌹𐌽𐍃 𐌲𐌰𐍄𐌰𐌹𐍂𐌰𐌽𐌳𐌰𐌽𐍃 𐌾𐌰𐌷 𐌰𐌻𐌻 𐌷𐌰𐌿𐌷𐌹𐌸𐍉𐍃 𐌿𐍃𐌷𐌰𐍆𐌰𐌽𐌰𐌹𐌶𐍉𐍃 𐍅𐌹𐌸𐍂𐌰 𐌺𐌿𐌽𐌸𐌹 𐌲𐌿𐌳𐌹𐍃 𐌾𐌰𐌷 𐍆𐍂𐌰𐌷𐌹𐌽𐌸𐌰𐌽𐌳𐌰𐌽𐍃 𐌰𐌻𐌻 𐍆𐍂𐌰𐌸𐌾𐌴 𐌾𐌰𐌷 𐌹𐌽 𐌿𐍆𐌷𐌰𐌿𐍃𐌴𐌹𐌽 𐍇𐍂𐌹𐍃𐍄𐌰𐌿𐍃 𐍄𐌹𐌿𐌷𐌰𐌽𐌳𐌰𐌽𐍃
II Corinthians,10,6,"𐌾𐌰𐌷 𐌼𐌰𐌽𐍅𐌿𐌱𐌰 𐌷𐌰𐌱𐌰𐌽𐌳𐌰𐌽𐍃 𐌳𐌿 𐍆𐍂𐌰𐍅𐌴𐌹𐍄𐌰𐌽 𐌰𐌻𐌻 𐌿𐍆𐌰𐍂𐌷𐌰𐌿𐍃𐌴𐌹𐌽𐍉, 𐌸𐌰𐌽 𐌿𐍃𐍆𐌿𐌻𐌻𐌾𐌰𐌳𐌰 𐌹𐌶𐍅𐌰𐍂𐌰 𐌿𐍆𐌷𐌰𐌿𐍃𐌴𐌹𐌽𐍃."
II Corinthians,10,7,"𐌸𐍉 𐌱𐌹 𐌰𐌽𐌳𐍅𐌰𐌹𐍂𐌸𐌾𐌰 𐍃𐌰𐌹𐍈𐌹𐌸. 𐌾𐌰𐌱𐌰𐌹 𐍈𐌰𐍃 𐌲𐌰𐍄𐍂𐌰𐌿𐌰𐌹𐌸 𐍃𐌹𐌺 𐍃𐌹𐌻𐌱𐌰𐌽 𐍇𐍂𐌹𐍃𐍄𐌰𐌿𐍃 𐍅𐌹𐍃𐌰𐌽, 𐌸𐌰𐍄𐌰 𐌸𐌰𐌲𐌺𐌾𐌰𐌹 𐌰𐍆𐍄𐍂𐌰 𐌰𐍆 𐍃𐌹𐍃 𐍃𐌹𐌻𐌱𐌹𐌽, 𐌴𐌹 𐍃𐍅𐌰𐍃𐍅𐌴 𐌹𐍃 𐍇𐍂𐌹𐍃𐍄𐌰𐌿𐍃, 𐍃𐍅𐌰 𐌾𐌰𐌷 𐍅𐌴𐌹𐍃."
II Corinthians,10,8,"𐌰𐌸𐌸𐌰𐌽 𐍃𐍅𐌴𐌸𐌰𐌿𐌷 𐌾𐌰𐌱𐌰𐌹 𐍈𐌰 𐌼𐌰𐌽𐌰𐌲𐌹𐌶𐍉 𐍈𐍉𐍀𐌰𐌼 𐌱𐌹 𐍅𐌰𐌻𐌳𐌿𐍆𐌽𐌹 𐌿𐌽𐍃𐌰𐍂, 𐌸𐌰𐍄𐌴𐌹 𐌰𐍄𐌲𐌰𐍆 𐍆𐍂𐌰𐌿𐌾𐌰 𐌿𐌽𐍃𐌹𐍃 𐌳𐌿 𐍄𐌹𐌼𐍂𐌴𐌹𐌽𐌰𐌹 𐌾𐌰𐌷 𐌽𐌹 𐌳𐌿 𐌲𐌰𐍄𐌰𐌿𐍂𐌸𐌰𐌹 𐌹𐌶𐍅𐌰𐍂𐌰𐌹, 𐌽𐌹 𐌲𐌰𐌰𐌹𐍅𐌹𐍃𐌺𐍉𐌽𐌳𐌰."
II Corinthians,10,9,𐌴𐌹 𐌽𐌹 𐌸𐌿𐌲𐌺𐌾𐌰𐌹𐌼𐌰 𐍃𐍅𐌴 𐌸𐌻𐌰𐌷𐍃𐌾𐌰𐌽𐌳𐌰𐌽𐍃 𐌹𐌶𐍅𐌹𐍃 𐌸𐌰𐌹𐍂𐌷 𐌱𐍉𐌺𐍉𐍃; -
II Corinthians,10,10,"𐌿𐌽𐍄𐌴 𐌸𐍉𐍃 𐍂𐌰𐌹𐌷𐍄𐌹𐍃 𐌱𐍉𐌺𐍉𐍃, 𐌵𐌹𐌸𐌰𐌽𐌳, 𐌺𐌰𐌿𐍂𐌾𐍉𐍃 𐍃𐌹𐌽𐌳 𐌾𐌰𐌷 𐍃𐍅𐌹𐌽𐌸𐍉𐍃, 𐌹𐌸 𐌵𐌿𐌼𐍃 𐌻𐌴𐌹𐌺𐌹𐍃 𐌻𐌰𐍃𐌹𐍅𐍃 𐌾𐌰𐌷 𐍅𐌰𐌿𐍂𐌳 𐍆𐍂𐌰𐌺𐌿𐌽𐌸; -"
II Corinthians,10,11,"𐌸𐌰𐍄𐌰 𐌸𐌰𐌲𐌺𐌾𐌰𐌹 𐍃𐌰 𐍃𐍅𐌰𐌻𐌴𐌹𐌺𐍃, 𐌸𐌰𐍄𐌴𐌹 𐍈𐌹𐌻𐌴𐌹𐌺𐌰𐌹 𐍃𐌹𐌿𐌼 𐍅𐌰𐌿𐍂𐌳𐌰 𐌸𐌰𐌹𐍂𐌷 𐌱𐍉𐌺𐍉𐍃 𐌰𐌻𐌾𐌰𐍂 𐍅𐌹𐍃𐌰𐌽𐌳𐌰𐌽𐍃, 𐍃𐍅𐌰𐌻𐌴𐌹𐌺𐌰𐌹 𐌾𐌰𐌷 𐌰𐌽𐌳𐍅𐌰𐌹𐍂𐌸𐌰𐌹 𐍅𐌰𐌿𐍂𐍃𐍄𐍅𐌰."
II Corinthians,10,12,𐌿𐌽𐍄𐌴 𐌽𐌹 𐌲𐌰𐌳𐌰𐌿𐍂𐍃𐌿𐌼 𐌳𐍉𐌼𐌾𐌰𐌽 𐌿𐌽𐍃𐌹𐍃 𐍃𐌹𐌻𐌱𐌰𐌽𐍃 𐌰𐌹𐌸𐌸𐌰𐌿 𐌲𐌰𐌳𐍉𐌼𐌾𐌰𐌽 𐌿𐌽𐍃 𐌳𐌿 𐌸𐌰𐌹𐌼 𐍃𐌹𐌺 𐍃𐌹𐌻𐌱𐌰𐌽𐍃 𐌰𐌽𐌰𐍆𐌹𐌻𐌷𐌰𐌽𐌳𐌰𐌼; 𐌰𐌺 𐌴𐌹𐍃 𐌹𐌽 𐍃𐌹𐍃 𐍃𐌹𐌻𐌱𐌰𐌼 𐍃𐌹𐌺 [𐍃𐌹𐌺] 𐍃𐌹𐌻𐌱𐌰𐌽𐍃 𐌼𐌹𐍄𐌰𐌽𐌳𐌰𐌽𐍃 𐌾𐌰𐌷 𐌲𐌰𐌳𐍉𐌼𐌾𐌰𐌽𐌳𐌰𐌽𐍃 𐍃𐌹𐌺 𐍃𐌹𐌻𐌱𐌰𐌽𐍃 𐌳𐌿 𐍃𐌹𐍃 𐍃𐌹𐌻𐌱𐌰𐌼 𐌽𐌹 𐍆𐍂𐌰𐌸𐌾𐌰𐌽𐌳.
II Corinthians,10,13,"𐌹𐌸 𐍅𐌴𐌹𐍃 𐌽𐌹 𐌹𐌽𐌿 𐌼𐌹𐍄𐌰𐌸 𐍈𐍉𐍀𐌰𐌼, 𐌰𐌺𐌴𐌹 𐌱𐌹 𐌼𐌹𐍄𐌰𐌸 𐌲𐌰𐍂𐌰𐌹𐌳𐌴𐌹𐌽𐌰𐌹𐍃 𐌸𐍉𐌴𐌹 𐌲𐌰𐌼𐌰𐍄 𐌿𐌽𐍃𐌹𐍃 𐌲𐌿𐌸 𐌼𐌹𐍄𐌰𐌸 𐍆𐌰𐌹𐍂𐍂𐌹𐌽𐌽𐌰𐌽𐌳𐌴𐌹𐌽 𐌿𐌽𐌳 𐌾𐌰𐌷 𐌹𐌶𐍅𐌹𐍃. -"
II Corinthians,10,14,"𐌽𐌹 𐌰𐌿𐌺 𐍃𐍅𐌰𐍃𐍅𐌴 𐌽𐌹 𐍆𐌰𐌹𐍂𐍂𐌹𐌽𐌽𐌰𐌽𐌳𐌰𐌽𐍃 𐌿𐌽𐌳 𐌹𐌶𐍅𐌹𐍃 𐌿𐍆𐌰𐍂𐌰𐍃𐍃𐌰𐌿 𐌿𐍆𐌸𐌰𐌽𐌾𐌰𐌼 𐌿𐌽𐍃, 𐌿𐌽𐍄𐌴 𐌾𐌰𐌷 𐌿𐌽𐌳 𐌹𐌶𐍅𐌹𐍃 𐌲𐌰𐍃𐌽𐌹𐌿𐌼𐌹𐌳𐌴𐌳𐌿𐌼 𐌹𐌽 𐌰𐌹𐍅𐌰𐌲𐌲𐌴𐌻𐌾𐍉𐌽 𐍇𐍂𐌹𐍃𐍄𐌰𐌿𐍃. -"
II Corinthians,10,15,"𐌽𐌹 𐌹𐌽𐌿 𐌼𐌹𐍄𐌰𐌸 𐍈𐍉𐍀𐌰𐌽𐌳𐌰𐌽𐍃 𐌹𐌽 𐍆𐍂𐌰𐌼𐌰𐌸𐌾𐌰𐌹𐌼 𐌰𐍂𐌱𐌰𐌹𐌳𐌹𐌼, 𐌰𐌸𐌸𐌰𐌽 𐍅𐌴𐌽 𐌷𐌰𐌱𐌰𐌼 𐌰𐍄 𐍅𐌰𐌷𐍃𐌾𐌰𐌽𐌳𐌴𐌹𐌽 𐌲𐌰𐌻𐌰𐌿𐌱𐌴𐌹𐌽𐌰𐌹 𐌹𐌶𐍅𐌰𐍂𐌰𐌹 𐌹𐌽 𐌹𐌶𐍅𐌹𐍃 𐌼𐌹𐌺𐌹𐌻𐌽𐌰𐌽 𐌱𐌹 𐌲𐌰𐍂𐌰𐌹𐌳𐌴𐌹𐌽𐌰𐌹 𐌿𐌽𐍃𐌰𐍂𐌰𐌹 𐌳𐌿 𐌿𐍆𐌰𐍂𐌰𐍃𐍃𐌰𐌿,"
II Corinthians,10,16,"𐌿𐍆𐌰𐍂𐌾𐌰𐌹𐌽𐌰 𐌹𐌶𐍅𐌹𐍃 𐌰𐌹𐍅𐌰𐌲𐌲𐌴𐌻𐌾𐍉𐌽 𐌼𐌴𐍂𐌾𐌰𐌽, 𐌽𐌹 𐌹𐌽 𐍆𐍂𐌰𐌼𐌰𐌸𐌾𐌰𐌹𐌼 𐌰𐍂𐌱𐌰𐌹𐌳𐌹𐌼 𐌳𐌿 𐌼𐌰𐌽𐍅𐌾𐌰𐌹𐌼 𐍈𐍉𐍀𐌰𐌽."
II Corinthians,10,17,𐌰𐌸𐌸𐌰𐌽 𐍃𐌰 𐍈𐍉𐍀𐌰𐌽𐌳𐍃 𐌹𐌽 𐍆𐍂𐌰𐌿𐌾𐌹𐌽 𐍈𐍉𐍀𐌰𐌹.
II Corinthians,10,18,"𐌿𐌽𐍄𐌴 𐌽𐌹 𐍃𐌰𐌴𐌹 𐍃𐌹𐌺 𐍃𐌹𐌻𐌱𐌰𐌽 𐌲𐌰𐍃𐍅𐌹𐌺𐌿𐌽𐌸𐌴𐌹𐌸, 𐌾𐌰𐌹𐌽𐍃 𐌹𐍃𐍄 𐌲𐌰𐌺𐌿𐍃𐌰𐌽[𐌳]𐍃, 𐌰𐌺 𐌸𐌰𐌽𐌴𐌹 𐍆𐍂𐌰𐌿𐌾𐌰 𐌲𐌰𐍃𐍅𐌹𐌺𐌿𐌽𐌸𐌴𐌹𐌸."
II Corinthians,11,1,𐌴𐌹 𐍅𐌰𐌹𐌽𐌴𐌹 𐌿𐍃𐌸𐌿𐌻𐌰𐌹𐌳𐌴𐌳𐌴𐌹𐌸 𐌼𐌴𐌹𐌽𐌰𐌹𐌶𐍉𐍃 𐌻𐌴𐌹𐍄𐌹𐌻 𐍈𐌰 𐌿𐌽𐍆𐍂𐍉𐌳𐌴𐌹𐌽𐍃; 𐌰𐌺𐌴𐌹 𐌾𐌰𐌷 𐌿𐍃𐌸𐌿𐌻𐌰𐌹𐌸 𐌼𐌹𐌺.
II Corinthians,11,2,𐌿𐌽𐍄𐌴 𐌰𐌻𐌾𐌰𐌽𐍉𐌽𐌳𐍃 𐌹𐌶𐍅𐌹𐍃 𐌲𐌿𐌳𐌹𐍃 𐌰𐌻𐌾𐌰𐌽𐌰; 𐌲𐌰𐍅𐌰𐌳𐌾𐍉𐌳𐌰 𐌰𐌿𐌺 𐌹𐌶𐍅𐌹𐍃 𐌰𐌹𐌽𐌰𐌼𐌼𐌰 𐍅𐌰𐌹𐍂𐌰 𐌼𐌰𐌿𐌾𐌰 𐍃𐍅𐌹𐌺𐌽𐌰 𐌳𐌿 𐌿𐍃𐌲𐌹𐌱𐌰𐌽 𐍇𐍂𐌹𐍃𐍄𐌰𐌿.
II Corinthians,11,3,"𐌰𐌸𐌸𐌰𐌽 𐍉𐌲, 𐌹𐌱𐌰𐌹 𐌰𐌿𐍆𐍄𐍉 𐍃𐍅𐌰𐍃𐍅𐌴 𐍅𐌰𐌿𐍂𐌼𐍃 𐌰𐌹𐍅𐍅𐌰𐌽 𐌿𐍃𐌻𐌿𐍄𐍉𐌳𐌰 𐍆𐌹𐌻𐌿𐌳𐌴𐌹𐍃𐌴𐌹𐌽 𐍃𐌴𐌹𐌽𐌰𐌹, 𐍂𐌹𐌿𐍂𐌾𐌰 𐍅𐌰𐌹𐍂𐌸𐌰𐌹𐌽𐌰 𐍆𐍂𐌰𐌸𐌾𐌰 𐌹𐌶𐍅𐌰𐍂𐌰 𐌰𐍆 𐌰𐌹𐌽𐍆𐌰𐌻𐌸𐌴𐌹𐌽 𐌾𐌰𐌷 𐍃𐍅𐌹𐌺𐌽𐌴𐌹𐌽 𐌸𐌹𐌶𐌰𐌹 𐌹𐌽 𐍇𐍂𐌹𐍃𐍄𐌰𐌿."
II Corinthians,11,4,"𐌾𐌰𐌱𐌰𐌹 𐌽𐌿 𐍃𐌰 𐌵𐌹𐌼𐌰𐌽𐌳𐌰 𐌰𐌽𐌸𐌰𐍂𐌰𐌽𐌰 𐌹𐌴𐍃𐌿 𐌼𐌴𐍂𐌴𐌹𐌸, 𐌸𐌰𐌽𐌴𐌹 𐍅𐌴𐌹𐍃 𐌽𐌹 𐌼𐌴𐍂𐌹𐌳𐌴𐌳𐌿𐌼, 𐌰𐌹𐌸𐌸𐌰𐌿 𐌰𐌷𐌼𐌰𐌽 𐌰𐌽𐌸𐌰𐍂𐌰𐌽𐌰 𐌽𐌹𐌼𐌹𐌸, 𐌸𐌰𐌽𐌴𐌹 𐌽𐌹 𐌽𐌴𐌼𐌿𐌸, 𐌰𐌹𐌸𐌸𐌰𐌿 𐌰𐌹𐍅𐌰𐌲𐌲𐌴𐌻𐌾𐍉𐌽 𐌰𐌽𐌸𐌰𐍂𐌰 𐌸𐍉𐌴𐌹 𐌽𐌹 𐌰𐌽𐌳𐌽𐌴𐌼𐌿𐌸, 𐍅𐌰𐌹𐌻𐌰 𐌿𐍃𐌸𐌿𐌻𐌰𐌹𐌳𐌴𐌳𐌿𐌸."
II Corinthians,11,5,𐌼𐌰𐌽 𐌰𐌿𐌺 𐌽𐌹 𐍅𐌰𐌹𐌷𐍄𐌰𐌹 𐌼𐌹𐌺 𐌼𐌹𐌽𐌽𐌹𐌶𐍉 𐌲𐌰𐍄𐌰𐌿𐌾𐌰𐌽 𐌸𐌰𐌹𐌼 𐌿𐍆𐌰𐍂 𐌼𐌹𐌺𐌹𐌻 𐍅𐌹𐍃𐌰𐌽𐌳𐌰𐌼 𐌰𐍀𐌰𐌿𐍃𐌻𐌿𐌼.
II Corinthians,11,6,"𐌾𐌰𐌱𐌰𐌹 𐌿𐌽𐌷𐍂𐌰𐌹𐌽𐍃 𐌹𐌼 𐍅𐌰𐌿𐍂𐌳𐌰, 𐌰𐌺𐌴𐌹 𐌽𐌹 𐌺𐌿𐌽𐌸𐌾𐌰; 𐌰𐌸𐌸𐌰𐌽 𐌹𐌽 𐌰𐌻𐌻𐌰𐌼𐌼𐌰 𐌲𐌰𐌱𐌰𐌹𐍂𐌷𐍄𐌹𐌳𐌰𐌹 𐌹𐌽 𐌰𐌻𐌻𐌰𐌹𐌼 𐌳𐌿 𐌹𐌶𐍅𐌹𐍃."
II Corinthians,11,7,"𐌰𐌹𐌸𐌸𐌰𐌿 𐌹𐌱𐌰𐌹 𐍆𐍂𐌰𐍅𐌰𐌿𐍂𐌷𐍄 𐍄𐌰𐍅𐌹𐌳𐌰, 𐌼𐌹𐌺 𐍃𐌹𐌻𐌱𐌰𐌽 𐌷𐌰𐌿𐌽𐌾𐌰𐌽𐌳𐍃, 𐌴𐌹 𐌾𐌿𐍃 𐌿𐍃𐌷𐌰𐌿𐌷𐌾𐌰𐌹𐌽𐌳𐌰𐌿, 𐌿𐌽𐍄𐌴 𐌰𐍂𐍅𐌾𐍉 𐌲𐌿𐌳𐌹𐍃 𐌰𐌹𐍅𐌰𐌲𐌲𐌴𐌻𐌾𐍉𐌽 𐌼𐌴𐍂𐌹𐌳𐌰 𐌹𐌶𐍅𐌹𐍃?"
II Corinthians,11,8,"𐌰𐌽𐌸𐌰𐍂𐍉𐍃 𐌰𐌹𐌺𐌺𐌻𐌴𐍃𐌾𐍉𐌽𐍃 𐌱𐌹𐍂𐌰𐌿𐌱𐍉𐌳𐌰, 𐌽𐌹𐌼𐌰𐌽𐌳𐍃 𐌰𐌽𐌳𐌰𐍅𐌹𐌶𐌽 𐌳𐌿 𐌹𐌶𐍅𐌰𐍂𐌰𐌼𐌼𐌰 𐌰𐌽𐌳𐌱𐌰𐌷𐍄𐌾𐌰, 𐌾𐌰𐌷 𐍅𐌹𐍃𐌰𐌽𐌳𐍃 𐌰𐍄 𐌹𐌶𐍅𐌹𐍃 𐌾𐌰𐌷 𐌿𐍃𐌷𐌰𐌹𐍃𐍄𐌰 𐌽𐌹 𐌰𐌹𐌽𐌽𐍉𐌷𐌿𐌽 𐌺𐌰𐌿𐍂𐌹𐌳𐌰;"
II Corinthians,11,9,"𐌿𐌽𐍄𐌴 𐌸𐌰𐍂𐌱𐍉𐍃 𐌼𐌴𐌹𐌽𐍉𐍃 𐌿𐍃𐍆𐌿𐌻𐌻𐌹𐌳𐌴𐌳𐌿𐌽 𐌱𐍂𐍉𐌸𐍂𐌾𐌿𐍃 𐌵𐌹𐌼𐌰𐌽𐌳𐌰𐌽𐍃 𐌰𐍆 𐌼𐌰𐌺𐌹𐌳𐍉𐌽𐌰𐌹, 𐌾𐌰𐌷 (𐌹𐌽) 𐌰𐌻𐌻𐌰𐌹𐌼 𐌿𐌽𐌺𐌰𐌿𐍂𐌴𐌹𐌽𐍉𐌼 𐌹𐌶𐍅𐌹𐍃 𐌼𐌹𐌺 𐍃𐌹𐌻𐌱𐌰𐌽 𐍆𐌰𐍃𐍄𐌰𐌹𐌳𐌰 𐌾𐌰𐌷 𐍆𐌰𐍃𐍄𐌰."
II Corinthians,11,10,"𐌹𐍃𐍄 𐍃𐌿𐌽𐌾𐌰 𐍇𐍂𐌹𐍃𐍄𐌰𐌿𐍃 𐌹𐌽 𐌼𐌹𐍃, 𐌿𐌽𐍄𐌴 𐍃𐍉 𐍈𐍉𐍆𐍄𐌿𐌻𐌹 𐌽𐌹 𐍆𐌰𐌿𐍂𐌳𐌰𐌼𐌼𐌾𐌰𐌳𐌰 𐌹𐌽 𐌼𐌹𐍃 𐌹𐌽 𐌻𐌰𐌽𐌳𐌰 𐌰𐌺𐌰𐌾𐌴."
II Corinthians,11,11,𐌹𐌽 𐍈𐌹𐍃? 𐌿𐌽𐍄𐌴 𐌽𐌹 𐍆𐍂𐌹𐌾𐍉 𐌹𐌶𐍅𐌹𐍃? 𐌲𐌿𐌸 𐍅𐌰𐌹𐍄.
II Corinthians,11,12,"𐌹𐌸 𐌸𐌰𐍄𐌴𐌹 𐍄𐌰𐌿𐌾𐌰 𐌾𐌰𐌷 𐍄𐌰𐌿𐌾𐌰𐌽 𐌷𐌰𐌱𐌰, 𐌴𐌹 𐌿𐍃𐌼𐌰𐌹𐍄𐌰𐌿 𐌹𐌽𐌹𐌻𐍉𐌽 𐌸𐌹𐌶𐌴 𐍅𐌹𐌻𐌾𐌰𐌽𐌳𐌰𐌽𐌴 𐌹𐌽𐌹𐌻𐍉𐌽, 𐌴𐌹 𐌹𐌽 𐌸𐌰𐌼𐌼𐌴𐌹 𐍈𐍉𐍀𐌰𐌽𐌳, 𐌱𐌹𐌲𐌹𐍄𐌰𐌹𐌽𐌳𐌰𐌿 𐍃𐍅𐌰𐍃𐍅𐌴 𐌾𐌰𐌷 𐍅𐌴𐌹𐍃."
II Corinthians,11,13,"𐌿𐌽𐍄𐌴 𐌸𐌰𐌹 𐍃𐍅𐌰𐌻𐌴𐌹𐌺𐌰𐌹 𐌲𐌰𐌻𐌹𐌿𐌲𐌰𐌰𐍀𐌰𐌿𐍃𐍄𐌰𐌿𐌻𐌴𐌹𐍃, 𐍅𐌰𐌿𐍂𐍃𐍄𐍅𐌾𐌰𐌽𐍃 𐌷𐌹𐌽𐌳𐌰𐍂𐍅𐌴𐌹𐍃𐌰𐌹, 𐌲𐌰𐌲𐌰𐌻𐌴𐌹𐌺𐍉𐌽𐌳𐌰𐌽𐍃 𐍃𐌹𐌺 𐌳𐌿 𐌰𐍀𐌰𐌿𐍃𐍄𐌰𐌿𐌻𐌿𐌼 𐍇𐍂𐌹𐍃𐍄𐌰𐌿𐍃."
II Corinthians,11,14,"𐌾𐌰𐌷 𐌽𐌹𐍃𐍄 𐍃𐌹𐌻𐌳𐌰𐌻𐌴𐌹𐌺, 𐌿𐌽𐍄𐌴 𐍃𐌹𐌻𐌱𐌰 𐍃𐌰𐍄𐌰𐌽𐌰 𐌲𐌰𐌲𐌰𐌻𐌴𐌹𐌺𐍉𐌸 𐍃𐌹𐌺 𐌰𐌲𐌲𐌹𐌻[𐌻]𐌰𐌿 𐌻𐌹𐌿𐌷𐌰𐌳𐌹𐍃."
II Corinthians,11,15,"𐌽𐌹𐍃𐍄 𐌼𐌹𐌺𐌹𐌻, 𐌾𐌰𐌱𐌰𐌹 𐌰𐌽𐌳𐌱𐌰𐌷𐍄𐍉𐍃 𐌹𐍃 𐌲𐌰𐌲𐌰𐌻𐌴𐌹𐌺𐍉𐌽𐌳 𐍃𐌹𐌺 (𐍃)𐍅𐌴 𐌰𐌽𐌳𐌱𐌰𐌷𐍄𐍉𐍃 𐌲𐌰𐍂𐌰𐌹𐌷𐍄𐌴𐌹𐌽𐍃, 𐌸𐌹𐌶𐌴𐌴𐌹 𐌰𐌽𐌳𐌴𐌹𐍃 𐍅𐌰𐌹𐍂𐌸𐌹𐌸 (𐌱𐌹) 𐍅𐌰𐌿𐍂𐍃𐍄𐍅𐌰𐌼 𐌹𐌶𐌴."
II Corinthians,11,16,"𐌰𐍆𐍄𐍂𐌰 𐌵𐌹𐌸𐌰, 𐌹𐌱𐌰𐌹 𐍈𐌰𐍃 𐌼𐌹𐌺 𐌼𐌿𐌽𐌹 𐌿𐌽𐍆𐍂𐍉𐌳𐌰𐌽𐌰; 𐌰𐌹𐌸𐌸𐌰𐌿 𐍅𐌰𐌹𐌻𐌰 𐌸𐌰𐌿 𐍃𐍅𐌴 𐌿𐌽𐍆𐍂𐍉𐌳𐌰𐌽𐌰 𐌽𐌹𐌼𐌰𐌹𐌸 𐌼𐌹𐌺, 𐌴𐌹 𐌾𐌰𐌷 𐌹𐌺 𐌻𐌴𐌹𐍄𐌹𐌻 𐍈𐌰 𐍈𐍉𐍀𐌰𐌿."
II Corinthians,11,17,"𐌸𐌰𐍄𐌴𐌹 𐍂𐍉𐌳𐌾𐌰 𐌽𐌹 𐍂𐍉𐌳𐌾𐌰 𐌱𐌹 𐍆𐍂𐌰𐌿𐌾𐌰𐌽, 𐌰𐌺 𐍃𐍅𐌴 𐌹𐌽 𐌿𐌽𐍆𐍂𐍉𐌳𐌴𐌹𐌽 𐌹𐌽 𐌸𐌰𐌼𐌼𐌰 𐍃𐍄𐍉𐌼𐌹𐌽 𐌸𐌹𐌶𐍉𐍃 𐍈𐍉𐍆𐍄𐌿𐌻𐌾𐍉𐍃."
II Corinthians,11,18,"𐌿𐌽𐍄𐌴 𐌼𐌰𐌽𐌰𐌲𐌰𐌹 𐍈𐍉𐍀𐌰𐌽𐌳 𐌱𐌹 𐌻𐌴𐌹𐌺𐌰, 𐌾𐌰𐌷 𐌹𐌺 𐍈𐍉𐍀𐌰."
II Corinthians,11,19,"𐌿𐌽𐍄𐌴 𐌰𐌶𐌴𐍄𐌰𐌱𐌰 𐌿(𐍃)𐌸𐌿𐌻𐌰𐌹𐌸 𐌸𐌰𐌽𐍃 𐌿𐌽𐍅𐌹𐍄𐌰𐌽𐍃, 𐍆𐍂𐍉𐌳𐌰𐌹 𐍅𐌹𐍃𐌰𐌽𐌳𐌰𐌽𐍃."
II Corinthians,11,20,"𐌿𐍃𐌸𐌿𐌻𐌰𐌹𐌸, 𐌾𐌰𐌱𐌰𐌹 𐍈𐌰𐍃 𐌹𐌶𐍅𐌹𐍃 𐌲𐌰𐌸𐌹𐍅𐌰𐌹𐌸, 𐌾𐌰𐌱𐌰𐌹 𐍈𐌰𐍃 𐍆𐍂𐌰ï𐍄𐌹𐌸, 𐌾𐌰𐌱𐌰𐌹 𐍈𐌰𐍃 𐌿𐍃𐌽𐌹𐌼𐌹𐌸, 𐌾𐌰𐌱𐌰𐌹 𐍈𐌰𐍃 𐌹𐌽 𐌰𐍂𐌱𐌰𐌹𐌳𐌰𐌹 𐌱𐍂𐌹𐌲𐌲𐌹𐌸, 𐌾𐌰𐌱𐌰𐌹 𐍈𐌰𐍃 𐌹𐌶𐍅𐌹𐍃 𐌹𐌽 𐌰𐌽𐌳𐌰𐍅𐌻𐌴𐌹𐌶𐌽 𐍃𐌻𐌰𐌷𐌹𐌸."
II Corinthians,11,21,"𐌱𐌹 𐌿𐌽𐍃𐍅𐌴𐍂𐌹𐌸𐌰𐌹 𐌵𐌹𐌸𐌰, 𐍃𐍅𐌴 𐌸𐌰𐍄𐌴𐌹 𐍅𐌴𐌹𐍃 𐍃𐌹𐌿𐌺𐌰𐌹 𐍅𐌴𐍃𐌴𐌹𐌼𐌰; 𐌹𐌸 𐌹𐌽 𐌸𐌰𐌼𐌼𐌴𐌹 𐍈𐌴 𐍈𐌰𐍃 𐌰𐌽𐌰𐌽𐌰𐌽𐌸𐌴𐌹𐌸, 𐌹𐌽 𐌿𐌽𐍆𐍂𐍉𐌳𐌴𐌹𐌽 𐌵𐌹𐌸𐌰, 𐌲𐌰𐌳𐌰𐍂𐍃 𐌾𐌰𐌷 𐌹𐌺;"
II Corinthians,11,22,"𐌷𐌰𐌹𐌱𐍂𐌰𐌹𐌴𐌹𐍃 𐍃𐌹𐌽𐌳, 𐌾𐌰𐌷 𐌹𐌺; 𐌹𐍃𐍂𐌰𐌴𐌻𐌴𐌹𐍄𐌴𐌹𐍃 𐍃𐌹𐌽𐌳, 𐌾𐌰𐌷 𐌹𐌺; 𐍆𐍂𐌰𐌹𐍅 𐌰𐌱𐍂𐌰𐌷𐌰𐌼𐌹𐍃 𐍃𐌹𐌽𐌳, 𐌾𐌰𐌷 𐌹𐌺;"
II Corinthians,11,23,"𐌰𐌽𐌳𐌱𐌰𐌷𐍄𐍉𐍃 𐍇𐍂𐌹𐍃𐍄𐌰𐌿𐍃 𐍃𐌹𐌽𐌳, 𐍃𐍅𐌰𐍃𐍅𐌴 𐌿𐌽𐍅𐌹𐍄𐌰 𐌵𐌹𐌸𐌰, 𐌼𐌰𐌹𐍃 𐌹𐌺; (𐌹)𐌽 𐌰𐍂𐌱𐌰𐌹𐌳𐌹𐌼 𐌼𐌰𐌽𐌰𐌲𐌹𐌶𐌴𐌹𐌼, (𐌹)𐌽 𐌺𐌰𐍂𐌺𐌰𐍂𐍉𐌼 𐌿𐍆𐌰𐍂𐌰𐍃𐍃𐌰𐌿, 𐌹𐌽 𐍃𐌻𐌰𐌷𐌹𐌼 𐌿𐍆𐌰𐍂𐌰𐍃𐍃𐌰𐌿, 𐌹𐌽 𐌳𐌰𐌿𐌸𐌴𐌹𐌽𐌹𐌼 𐌿𐍆𐍄𐌰;"
II Corinthians,11,24,𐍆𐍂𐌰𐌼 𐌹𐌿𐌳𐌰𐌹𐌿𐌼 𐍆𐌹𐌼𐍆 𐍃𐌹𐌽𐌸𐌰𐌼 𐍆𐌹𐌳𐍅𐍉𐍂 𐍄𐌹𐌲𐌿𐌽𐍃 𐌰𐌹𐌽𐌰𐌼𐌼𐌰 𐍅𐌰𐌽𐌰𐌽𐍃 𐌽𐌰𐌼;
II Corinthians,11,25,𐌸𐍂𐌹𐌼 𐍃𐌹𐌽𐌸𐌰𐌼 𐍅𐌰𐌽𐌳𐌿𐌼 𐌿𐍃𐌱𐌻𐌿𐌲𐌲𐍅𐌰𐌽𐍃 𐍅𐌰𐍃; 𐌰𐌹𐌽𐌰𐌼𐌼𐌰 𐍃𐌹𐌽𐌸𐌰 𐍃𐍄𐌰𐌹𐌽𐌹𐌸𐍃 𐍅𐌰𐍃; 𐌸𐍂𐌹𐌼 𐍃(𐌹𐌽)𐌸𐌰𐌼 𐌿𐍃𐍆𐌰𐍂𐌸𐍉𐌽 𐌲𐌰𐍄𐌰𐍅𐌹𐌳𐌰 𐌿𐍃 𐍃𐌺𐌹𐍀𐌰; 𐌽𐌰𐌷𐍄 𐌾𐌰𐌷 𐌳𐌰𐌲 𐌹𐌽 𐌳𐌹𐌿𐍀𐌹𐌸𐌰𐌹 𐍅𐌰𐍃 𐌼𐌰𐍂𐌴𐌹𐌽𐍃;
II Corinthians,11,26,"𐍅𐍂𐌰𐍄𐍉𐌳𐌿𐌼 𐌿𐍆𐍄𐌰, 𐌱𐌹𐍂𐌴𐌹𐌺𐌴𐌹𐌼 𐌰𐍈𐍉, 𐌱𐌹𐍂𐌴𐌹𐌺𐌴𐌹𐌼 𐍅𐌰𐌹𐌳𐌴𐌳𐌾𐌰𐌽𐌴, 𐌱𐌹𐍂𐌴𐌹𐌺𐌴𐌹𐌼 𐌿𐍃 𐌺𐌿𐌽𐌾𐌰, 𐌱𐌹𐍂𐌴𐌹𐌺𐌴𐌹𐌼 𐌿𐍃 𐌸𐌹𐌿𐌳𐍉𐌼, 𐌱𐌹𐍂𐌴𐌹𐌺𐌴𐌹𐌼 𐌹𐌽 𐌱𐌰𐌿𐍂𐌲, 𐌱𐌹𐍂𐌴𐌹𐌺𐌴𐌹𐌼 𐌹𐌽 𐌰𐌿𐌸𐌹𐌳𐌰𐌹, 𐌱𐌹𐍂𐌴𐌹𐌺𐌴𐌹𐌼 𐌹𐌽 𐌼𐌰𐍂𐌴𐌹𐌽, 𐌱𐌹𐍂𐌴𐌹𐌺𐌴𐌹𐌼 𐌹𐌽 𐌲𐌰𐌻𐌹𐌿𐌲𐌰𐌱𐍂𐍉𐌸𐍂𐌿𐌼,"
II Corinthians,11,27,"𐌰𐌲𐌻𐍉𐌼 𐌾𐌰𐌷 𐌰𐍂𐌱𐌰𐌹𐌳𐌹𐌼, 𐌹𐌽 𐍅𐍉𐌺𐌰𐌹𐌽𐌹𐌼 𐌿𐍆𐍄𐌰, 𐌹𐌽 𐌲𐍂𐌴𐌳𐌰𐌿 𐌾𐌰𐌷 𐌸𐌰𐌿𐍂𐍃𐍄𐌴𐌹𐌽, 𐌹𐌽 𐌻𐌰𐌿𐍃𐌵𐌹𐌸𐍂𐌴𐌹(𐌼) 𐌿𐍆𐍄𐌰, 𐌹𐌽 𐍆𐍂𐌹𐌿𐍃𐌰 𐌾𐌰𐌷 𐌽𐌰𐌵𐌰𐌳𐌴𐌹𐌽;"
II Corinthians,11,28,"𐌹𐌽𐌿𐌷 𐌸𐍉 𐌰𐍆𐌰𐍂 𐌸𐌰𐍄𐌰 𐌰𐍂𐌱𐌰𐌹𐌸𐍃 𐌼𐌴𐌹𐌽𐌰 𐍃𐌴𐌹𐍄𐌴𐌹𐌽𐌰, 𐍃𐌰𐌿𐍂𐌲𐌰 𐌼𐌴𐌹𐌽𐌰 𐌰𐌻𐌻𐌰𐌹𐌼 𐌰𐌹𐌺𐌺𐌻𐌴𐍃𐌾𐍉𐌼."
II Corinthians,11,29,"𐍈𐌰𐍃 𐍃𐌹𐌿𐌺𐌹𐌸, 𐌾𐌰𐌷 𐌽𐌹 𐍃𐌹𐌿𐌺𐌰𐌿? 𐍈𐌰𐍃 𐌰𐍆𐌼𐌰𐍂𐌶𐌾𐌰𐌳𐌰, 𐌾𐌰𐌷 𐌹𐌺 𐌽𐌹 𐍄𐌿𐌽𐌳(𐌽)𐌰𐌿?"
II Corinthians,11,30,"𐌾𐌰𐌱𐌰𐌹 𐍈𐍉𐍀𐌰𐌽 𐍃𐌺𐌿𐌻𐌳 𐍃𐌹𐌾𐌰𐌹, 𐌸𐌰𐌹𐌼 𐍃𐌹𐌿𐌺𐌴𐌹𐌽𐍃 𐌼𐌴𐌹𐌽𐌰𐌹𐌶𐍉𐍃 𐍈𐍉𐍀𐌰𐌿."
II Corinthians,11,31,"𐌲𐌿𐌸 𐌾𐌰𐌷 𐌰𐍄𐍄𐌰 𐍆𐍂𐌰𐌿𐌾𐌹𐌽𐍃 𐌹𐌴𐍃𐌿𐌹𐍃 𐍅𐌰𐌹𐍄, 𐍃𐌰 𐌸𐌹𐌿𐌸𐌴𐌹𐌲𐌰 𐌳𐌿 𐌰𐌹𐍅𐌰𐌼, 𐌸𐌰𐍄𐌴𐌹 𐌽𐌹 𐌻𐌹𐌿𐌲𐌰."
II Corinthians,11,32,"𐌹𐌽 𐌳𐌰𐌼𐌰𐍃𐌺𐍉𐌽 𐍆𐌰𐌿𐍂𐌰𐌼𐌰𐌸𐌻𐌴𐌹𐍃 𐌸𐌹𐌿𐌳𐍉𐍃 𐌰𐍂𐌰𐌹𐍄𐌹𐌽𐍃 𐌸𐌹𐌿𐌳𐌰𐌽𐌹𐍃 𐍅𐌹𐍄𐌰𐌹𐌳𐌰 𐌱𐌰𐌿𐍂𐌲 𐌳𐌰𐌼𐌰𐍃𐌺𐌰𐌹 𐌲𐌰𐍆𐌰𐌷𐌰𐌽 𐌼𐌹𐌺 𐍅𐌹𐌻𐌾𐌰𐌽𐌳𐍃,"
II Corinthians,11,33,𐌾𐌰𐌷 𐌸𐌰𐌹𐍂𐌷 𐌰𐌿𐌲𐌰𐌳𐌰𐌿𐍂𐍉 𐌹𐌽 𐍃𐌽𐍉𐍂𐌾𐍉𐌽 𐌰𐍄𐌷𐌰𐌷𐌰𐌽𐍃 𐍅𐌰𐍃 𐌰𐌽𐌳 𐌱𐌰𐌿𐍂𐌲𐍃𐍅𐌰𐌳𐌳𐌾𐌰𐌿 𐌾𐌰𐌷 𐌿𐌽𐌸𐌰𐌸𐌻𐌰𐌿𐌷 𐌷𐌰𐌽𐌳𐌿𐌽𐍃 𐌹𐍃.
II Corinthians,12,1,".... _𐌽𐌹𐌽𐍃 𐍆𐍂𐌰𐌿𐌾𐌹𐌽𐍃. 𐍈𐍉𐍀𐌰𐌽 𐌱𐌹𐌽𐌰𐌷, 𐌰𐌺𐌴𐌹 𐌽𐌹 𐌱𐌰𐍄𐌹𐌶𐍉 𐌹𐍃𐍄, 𐌾𐌰𐌷 𐌸𐌰𐌽 𐌵𐌹𐌼𐌰 𐌹𐌽 𐍃𐌹𐌿𐌽𐌹𐌽𐍃 𐌾𐌰𐌷 𐌰𐌽𐌳𐌷𐌿𐌻𐌴𐌹𐌽𐌹𐌽𐍃 𐍆𐍂𐌰𐌿𐌾𐌹𐌽𐍃."
II Corinthians,12,2,"𐍅𐌰𐌹𐍄 𐌼𐌰𐌽𐌽𐌰𐌽 𐌹𐌽 𐍇𐍂𐌹𐍃𐍄𐌰𐌿 𐍆𐌰𐌿𐍂 𐌾𐌴𐍂𐌰 ·𐌹𐌳·, 𐌾𐌰𐌸𐌸𐌴 𐌹𐌽 𐌻𐌴𐌹𐌺𐌰 𐌽𐌹 𐍅𐌰𐌹𐍄, 𐌾𐌰𐌸𐌸𐌴 𐌹𐌽𐌿 𐌻𐌴𐌹𐌺 𐌽𐌹 𐍅𐌰𐌹𐍄, 𐌲𐌿𐌸 𐍅𐌰𐌹𐍄, 𐍆𐍂𐌰𐍅𐌿𐌻𐍅𐌰𐌽𐌰𐌽𐌰 𐌸𐌰𐌽𐌰 𐍃𐍅𐌰𐌻𐌴𐌹𐌺𐌰𐌽𐌰 𐌿𐌽𐌳 𐌸𐍂𐌹𐌳𐌾𐌰𐌽 𐌷𐌹𐌼𐌹𐌽; 𐍅𐌰𐌹𐍄 𐌼𐌰𐌽𐌽𐌰𐌽 𐌹𐌽 𐍇𐍂𐌹𐍃𐍄𐌰𐌿 𐍆𐌰𐌿𐍂 𐌾𐌴𐍂𐌰 𐍆𐌹𐌳𐍅𐍉𐍂𐍄𐌰𐌹𐌷𐌿𐌽, 𐌾𐌰𐌸𐌸𐌴 𐌹𐌽 𐌻𐌴𐌹𐌺𐌰 𐌽𐌹 𐍅𐌰𐌹𐍄, 𐌾𐌰𐌸𐌸𐌴 𐌹𐌽𐌿𐌷 𐌻𐌴𐌹𐌺 𐌽𐌹 𐍅𐌰𐌹𐍄, 𐌲𐌿𐌸 𐍅𐌰𐌹𐍄, 𐍆𐍂𐌰𐍅𐌿𐌻𐍅𐌰𐌽𐌰𐌽𐌰 𐌸𐌰𐌽𐌰 𐍃𐍅𐌰𐌻𐌴𐌹𐌺𐌰𐌽𐌰 𐌿𐌽𐌳 𐌸𐍂𐌹𐌳𐌾𐌰𐌽 𐌷𐌹𐌼𐌹𐌽;"
II Corinthians,12,3,"𐌾𐌰𐌷 𐍅𐌰𐌹𐍄 𐌸𐌰𐌽𐌰 𐍃𐍅𐌰𐌻𐌴𐌹𐌺𐌰𐌽𐌰 𐌼𐌰𐌽𐌽𐌰𐌽, 𐌾𐌰𐌸𐌸𐌴 𐌹𐌽 𐌻𐌴𐌹𐌺𐌰 𐌾𐌰𐌸𐌸𐌴 𐌹𐌽𐌿 𐌻𐌴𐌹𐌺 𐌽𐌹 𐍅𐌰𐌹𐍄, 𐌲𐌿𐌸 𐍅𐌰𐌹𐍄, 𐌾𐌰𐌷 𐍅𐌰𐌹𐍄 𐌸𐌰𐌽𐌰 𐍃𐍅𐌰𐌻𐌴𐌹𐌺𐌰𐌽𐌰 𐌼𐌰𐌽𐌽𐌰𐌽, 𐌾𐌰𐌸𐌸𐌴 𐌹𐌽 𐌻𐌴𐌹𐌺𐌰 𐌾𐌰𐌸𐌸𐌴 𐌹𐌽𐌿𐌷 𐌻𐌴𐌹𐌺 𐌽𐌹𐌷 𐍅𐌰𐌹𐍄, 𐌲𐌿𐌸 𐍅𐌰𐌹𐍄,"
II Corinthians,12,4,"𐌸𐌰𐍄𐌴𐌹 𐍆𐍂𐌰𐍅𐌿𐌻𐍅𐌰𐌽𐍃 𐍅𐌰𐍂𐌸 𐌹𐌽 𐍅𐌰𐌲𐌲 𐌾𐌰𐌷 𐌷𐌰𐌿𐍃𐌹𐌳𐌰 𐌿𐌽𐌵𐌴𐌸𐌾𐌰 𐍅𐌰𐌿𐍂𐌳𐌰, 𐌸𐍉𐌴𐌹 𐌽𐌹 𐍃𐌺𐌿𐌻𐌳𐌰 𐍃𐌹𐌽𐌳 𐌼𐌰𐌽𐌽 𐍂𐍉𐌳𐌾𐌰𐌽. 𐌸𐌰𐍄𐌴𐌹 𐍆𐍂𐌰𐍅𐌿𐌻𐍅𐌰𐌽𐍃 𐍅𐌰𐍂𐌸 𐌹𐌽 𐍅𐌰𐌲𐌲 𐌾𐌰𐌷 𐌷𐌰𐌿𐍃𐌹𐌳𐌰 𐌿𐌽𐌵𐌴𐌸𐌾𐌰 𐍅𐌰𐌿𐍂𐌳𐌰, 𐌸𐍉𐌴𐌹 𐌽𐌹 𐍃𐌺𐌿𐌻𐌳𐌰 𐍃𐌹𐌽𐌳 𐌼𐌰𐌽𐌽 𐍂𐍉𐌳𐌾𐌰𐌽."
II Corinthians,12,5,"𐍆𐌰𐌿𐍂 𐌸𐌰𐌽𐌰 𐍃𐍅𐌰𐌻𐌴𐌹𐌺𐌰𐌽𐌰 𐍈𐍉𐍀𐌰, 𐌹𐌸 𐍆𐌰𐌿𐍂 𐌼𐌹𐌺 𐍃𐌹𐌻𐌱𐌰𐌽 𐌽𐌹 𐍅𐌰𐌹𐌷𐍄 𐍈𐍉𐍀𐌰, 𐌽𐌹𐌱𐌰 𐌹𐌽 𐌿𐌽𐌼𐌰𐌷𐍄𐌹𐌼 𐌼𐌴𐌹𐌽𐌰𐌹𐌼. 𐍆𐌰𐌿𐍂 𐌸𐌰𐌽𐌰 𐍃𐍅𐌰𐌻𐌴𐌹𐌺𐌰𐌽𐌰 𐍈𐍉𐍀𐌰, 𐌹𐌸 𐍆𐌰𐌿𐍂 𐌼𐌹𐌺 𐍃𐌹𐌻𐌱𐌰𐌽 𐌽𐌹 𐍅𐌰𐌹𐌷𐍄 𐍈𐍉𐍀𐌰, 𐌽𐌹𐌱𐌰 𐌹𐌽 𐌿𐌽𐌼𐌰𐌷𐍄𐌹𐌼 𐌼𐌴𐌹𐌽𐌰𐌹𐌼."
II Corinthians,12,6,"𐌰𐌸𐌸𐌰𐌽 𐌾𐌰𐌱𐌰𐌹 𐍅𐌹𐌻𐌾𐌰𐌿 𐍈𐍉𐍀𐌰𐌽, 𐌽𐌹 𐍃𐌹𐌾𐌰𐌿 𐌿𐌽𐍅𐌹𐍄𐌰, 𐌿𐌽𐍄𐌴 𐍃𐌿𐌽𐌾𐌰 𐌵𐌹𐌸𐌰, 𐌹𐌸 𐍆𐍂𐌴𐌹𐌳𐌾𐌰, 𐌹𐌱𐌰𐌹 𐍈𐌰𐍃 𐌹𐌽 𐌼𐌹𐍃 𐍈𐌰 𐌼𐌿𐌽𐌹 𐌿𐍆𐌰𐍂 𐌸𐌰𐍄𐌴𐌹 𐌲𐌰𐍃𐌰𐌹𐍈𐌹𐌸 𐌰𐌹𐌸𐌸𐌰𐌿 [𐌰𐌹𐌸𐌸𐌰𐌿] 𐌲𐌰𐌷𐌰𐌿𐍃𐌴𐌹𐌸 𐍈𐌰 𐌿𐍃 𐌼𐌹𐍃. 𐌰𐌸𐌸𐌰𐌽 𐌾𐌰𐌱𐌰𐌹 𐍅𐌹𐌻𐌾𐌰𐌿 𐍈𐍉𐍀𐌰𐌽, 𐌽𐌹 𐍃𐌹𐌾𐌰𐌿 𐌿𐌽𐍅𐌹𐍄𐌰, 𐌿𐌽𐍄𐌴 𐍃𐌿𐌽𐌾𐌰 𐌵𐌹𐌸𐌰, 𐌹𐌸 𐍆𐍂𐌴𐌹𐌳𐌾𐌰, 𐌹𐌱𐌰𐌹 𐍈𐌰𐍃 𐌹𐌽 𐌼𐌹𐍃 𐍈𐌰 𐌼𐌿𐌽𐌹 𐌿𐍆𐌰𐍂 𐌸𐌰𐍄𐌴𐌹 𐌲𐌰𐍃𐌰𐌹𐍈𐌹𐌸 𐌰𐌹𐌸𐌸𐌰𐌿 𐌲𐌰𐌷𐌰𐌿𐍃𐌴𐌹𐌸 𐍈𐌰 𐌿𐍃 𐌼𐌹𐍃."
II Corinthians,12,7,"𐌾𐌰𐌷 𐌱𐌹 𐍆𐌹𐌻𐌿𐍃𐌽𐌰𐌹 𐌰𐌽𐌳𐌷𐌿𐌻𐌴𐌹𐌽𐍉, 𐌴𐌹 𐌽𐌹 𐌿𐍆𐌰𐍂𐌷𐌰𐍆𐌽𐌰𐌿, 𐌰𐍄𐌲𐌹𐌱𐌰𐌽𐌰 𐌹𐍃𐍄 𐌼𐌹𐍃 𐌷𐌽𐌿𐌸𐍉 𐌻𐌴𐌹𐌺𐌰 𐌼𐌴𐌹𐌽𐌰𐌼𐌼𐌰, 𐌰𐌲𐌲𐌹𐌻𐌿𐍃 𐍃𐌰𐍄𐌰𐌽𐌹𐌽𐍃, 𐌴𐌹 𐌼𐌹𐌺 𐌺𐌰𐌿𐍀𐌰𐍃𐍄𐌴𐌳𐌹, 𐌴𐌹 𐌽𐌹 𐌿𐍆𐌰𐍂𐌷𐌿𐌲𐌾𐌰𐌿. 𐌾𐌰𐌷 𐌱𐌹 𐍆𐌹𐌻𐌿𐍃𐌽𐌰𐌹 𐌰𐌽𐌳𐌷𐌿𐌻𐌴𐌹𐌽𐍉, 𐌴𐌹 𐌽𐌹 𐌿𐍆𐌰𐍂𐌷𐌰𐍆𐌽𐌰𐌿, 𐌰𐍄𐌲𐌹𐌱𐌰𐌽𐌰 𐌹𐍃𐍄 𐌼𐌹𐍃 𐌷𐌽𐌿𐍄𐍉 𐌻𐌴𐌹𐌺𐌰 𐌼𐌴𐌹𐌽𐌰𐌼𐌼𐌰, 𐌰𐌲𐌲𐌹𐌻𐌿𐍃 𐍃𐌰𐍄𐌰𐌽𐌹𐌽𐍃, 𐌴𐌹 𐌼𐌹𐌺 𐌺𐌰𐌿𐍀𐌰𐍃𐍄𐌴𐌳𐌹, 𐌴𐌹 𐌽𐌹 𐌿𐍆𐌰𐍂𐌷𐌿𐌲𐌾𐌰𐌿."
II Corinthians,12,8,𐌱𐌹 𐌸𐌰𐍄𐌴𐌹 𐌸𐍂𐌹𐌼 𐍃𐌹𐌽𐌸𐌰𐌼 𐍆𐍂𐌰𐌿𐌾𐌰𐌽 𐌱𐌰𐌸 𐌴𐌹 𐌰𐍆𐍃𐍄𐍉𐌸𐌹 𐌰𐍆 𐌼𐌹𐍃; 𐌱𐌹 𐌸𐌰𐍄𐌴𐌹 𐌸𐍂𐌹𐌼 𐍃𐌹𐌽𐌸𐌰𐌼 𐍆𐍂𐌰𐌿𐌾𐌰 𐌱𐌰𐌸 𐌴𐌹 𐌰𐍆𐍃𐍄𐍉𐌸𐌹 𐌰𐍆 𐌼𐌹𐍃;
II Corinthians,12,9,"𐌾𐌰𐌷 𐌵𐌰𐌸 𐌼𐌹𐍃: 𐌲𐌰𐌽𐌰𐌷 𐌸𐌿𐌺 𐌰𐌽𐍃𐍄𐍃 𐌼𐌴𐌹𐌽𐌰, 𐌿𐌽𐍄𐌴 𐌼𐌰𐌷𐍄𐍃 𐌹𐌽 𐍃𐌹𐌿𐌺𐌴𐌹𐌽 𐌿𐍃𐍄𐌹𐌿𐌷𐌰𐌳𐌰. 𐍆𐌹𐌻𐌿 𐌲𐌰𐌱𐌰𐌿𐍂𐌾𐌰𐌱𐌰 𐌽𐌿 𐌼𐌰𐌹𐍃 𐍈𐍉𐍀𐌰 𐌹𐌽 𐍃𐌹𐌿𐌺𐌴𐌹𐌼 𐌼𐌴𐌹𐌽𐌰𐌹𐌼, 𐌴𐌹 𐌿𐍆𐌰𐍂𐌷𐌻𐌴𐌹𐌸𐍂𐌾𐌰𐌹 𐌰𐌽𐌰 𐌼𐌹𐍃 𐌼𐌰𐌷𐍄𐍃 𐍇𐍂𐌹𐍃𐍄𐌰𐌿𐍃. 𐌾𐌰𐌷 𐌵𐌰𐌸 𐌼𐌹𐍃: 𐌲𐌰𐌽𐌰𐌷 𐌸𐌿𐌺 𐌰𐌽𐍃𐍄𐍃 𐌼𐌴𐌹𐌽𐌰, 𐌿𐌽𐍄𐌴 𐌼𐌰𐌷𐍄𐍃 𐌹𐌽 𐍃𐌹𐌿𐌺𐌴𐌹𐌼 𐌿𐍃𐍄𐌹𐌿𐌷𐌰𐌳𐌰. 𐍆𐌹𐌻𐌿 𐌲𐌰𐌱𐌰𐌿𐍂𐌾𐌰𐌱𐌰 𐌽𐌿 𐌼𐌰𐌹𐍃 𐍈𐍉𐍀𐌰 𐌹𐌽 𐍃𐌹𐌿𐌺𐌴𐌹𐌼 𐌼𐌴𐌹𐌽𐌰𐌹𐌼, 𐌴𐌹 𐌿𐍆𐌰𐍂𐌷𐌻𐌴𐌹𐌸𐍂𐌾𐌰𐌹 𐌰𐌽𐌰 𐌼𐌹𐍃 𐌼𐌰𐌷𐍄𐍃 𐍇𐍂𐌹𐍃𐍄𐌰𐌿𐍃."
II Corinthians,12,10,"𐌹𐌽 𐌸𐌹𐌶𐌴𐌹 𐌼𐌹𐍃 𐌲𐌰𐌻𐌴𐌹𐌺𐌰𐌹𐌸 𐌹𐌽 𐍃𐌹𐌿𐌺𐌴𐌹𐌼, 𐌹𐌽 𐌰𐌽𐌰𐌼𐌰𐌷𐍄𐌹𐌼, 𐌹𐌽 𐌽𐌰𐌿𐌸𐌹𐌼, 𐌹𐌽 𐍅𐍂𐌴𐌺𐌴𐌹𐌼, 𐌹𐌽 𐌸𐍂𐌴𐌹𐌷𐍃𐌻𐌰𐌼 𐍆𐌰𐌿𐍂 𐍇𐍂𐌹𐍃𐍄𐌿; 𐌿𐌽𐍄𐌴 𐌸𐌰𐌽 𐍃𐌹𐌿𐌺𐌰, 𐌸𐌰𐌽 𐌼𐌰𐌷𐍄𐌴𐌹𐌲𐍃 𐌹𐌼. 𐌹𐌽 𐌸𐌹𐌶𐌴𐌹 𐌼𐌹𐍃 𐌲𐌰𐌻𐌴𐌹𐌺𐌰𐌹𐌸 𐌹𐌽 𐍃𐌹𐌿𐌺𐌴𐌹𐌼, 𐌹𐌽 𐌰𐌽𐌰𐌼𐌰𐌷𐍄𐌹𐌼, 𐌹𐌽 𐌽𐌰𐌿𐌸𐌹𐌼, 𐌹𐌽 𐍅𐍂𐌴𐌺𐌴𐌹𐌼, 𐌹𐌽 𐌸𐍂𐌴𐌹𐌷𐍃𐌻𐌰𐌼 𐍆𐌰𐌿𐍂 𐍇𐍂𐌹𐍃𐍄𐌿; 𐌿𐌽𐍄𐌴 𐌸𐌰𐌽 𐍃𐌹𐌿𐌺𐌰, 𐌸𐌰𐌽 𐌼𐌰𐌷𐍄𐌴𐌹𐌲𐍃 𐌹𐌼."
II Corinthians,12,11,"𐍅𐌰𐍂𐌸 𐌿𐌽𐍅𐌹𐍄𐌰 𐍈𐍉𐍀𐌰𐌽𐌳𐍃, 𐌾𐌿𐍃 𐌼𐌹𐌺 𐌲𐌰𐌱𐌰𐌹𐌳𐌹𐌳𐌴𐌳𐌿𐌸; 𐌰𐌸𐌸𐌰𐌽 𐌹𐌺 𐍃𐌺𐌿𐌻𐌳𐍃 𐍅𐌰𐍃 𐍆𐍂𐌰𐌼 𐌹𐌶𐍅𐌹𐍃 𐌲𐌰𐌺𐌰𐌽𐌽𐌾𐌰𐌽, 𐌿𐌽𐍄𐌴 𐌽𐌹 𐍅𐌰𐌹𐌷𐍄𐌰𐌹 𐌼𐌹𐌽𐍃 𐌷𐌰𐌱𐌰𐌹𐌳𐌰 𐌸𐌰𐌹𐌼 𐌿𐍆𐌰𐍂 𐍆𐌹𐌻𐌿 𐌰𐍀𐌰𐌿𐍃𐍄𐌰𐌿𐌻𐌿𐌼, 𐌾𐌰𐌷 𐌾𐌰𐌱𐌰𐌹 𐌽𐌹 𐍅𐌰𐌹𐌷𐍄𐍃 𐌹𐌼. 𐍅𐌰𐍂𐌸 𐌿𐌽𐍅𐌹𐍄𐌰 𐍈𐍉𐍀𐌰𐌽𐌳𐍃, 𐌾𐌿𐍃 𐌼𐌹𐌺 𐌲𐌰𐌱𐌰𐌹𐌳𐌹𐌳𐌴𐌳𐌿𐌸; 𐌰𐌸𐌸𐌰𐌽 𐌹𐌺 𐍃𐌺𐌿𐌻𐌳𐍃 𐍅𐌰𐍃 𐍆𐍂𐌰𐌼 𐌹𐌶𐍅𐌹𐍃 𐌲𐌰𐌺𐌰𐌽𐌽𐌾𐌰𐌽, 𐌿𐌽𐍄𐌴 𐌽𐌹 𐍅𐌰𐌹𐌷𐍄𐌰𐌹 𐌼𐌹𐌽𐍃 𐌷𐌰𐌱𐌰𐌹𐌳𐌰 𐌸𐌰𐌹𐌼 𐌿𐍆𐌰𐍂 𐍆𐌹𐌻𐌿 𐌰𐍀𐌰𐌿𐍃𐍄𐌰𐌿𐌻𐌿𐌼, 𐌾𐌰𐌷 𐌾𐌰𐌱𐌰𐌹 𐌽𐌹 𐍅𐌰𐌹𐌷𐍄𐍃 𐌹𐌼."
II Corinthians,12,12,"𐌰𐌹𐌸𐌸𐌰𐌿 𐍃𐍅𐌴𐌸𐌰𐌿𐌷 𐍄𐌰𐌹𐌺𐌽𐌴𐌹𐍃 𐌰𐍀𐌰𐌿𐍃𐍄𐌰𐌿𐌻𐌿𐍃 𐌲𐌰𐍄𐌰𐍅𐌹𐌳𐍉𐍃 𐍅𐌰𐌿𐍂𐌸𐌿𐌽 𐌹𐌽 𐌹𐌶𐍅𐌹𐍃 𐌹𐌽 𐌰𐌻𐌻𐌰𐌹 𐌸𐌿𐌻𐌰𐌹𐌽𐌰𐌹, 𐍄𐌰𐌹𐌺𐌽𐌹𐌼 𐌾𐌰𐌷 𐍆𐌰𐌿𐍂𐌰𐍄𐌰𐌽𐌾𐌰𐌼 𐌾𐌰𐌷 𐌼𐌰𐌷𐍄𐌹𐌼. 𐌰𐌹𐌸𐌸𐌰𐌿 𐍃𐍅𐌴𐌸𐌰𐌿𐌷 𐍄𐌰𐌹𐌺𐌽𐌴𐌹𐍃 𐌰𐍀𐌰𐌿𐍃𐍄𐌰𐌿𐌻𐌰𐌿𐍃 𐌲𐌰𐍄𐌰𐍅𐌹𐌳𐍉𐍃 𐍅𐌰𐌿𐍂𐌸𐌿𐌽 𐌹𐌽 𐌹𐌶𐍅𐌹𐍃 𐌹𐌽 𐌰𐌻𐌻𐌰𐌹 𐌸𐌿𐌻𐌰𐌹𐌽𐌰𐌹, 𐍄𐌰𐌹𐌺𐌽𐌹𐌼 𐌾𐌰𐌷 𐍆𐌰𐌿𐍂𐌰𐍄𐌰𐌽𐌾𐌰𐌼 𐌾𐌰𐌷 𐌼𐌰𐌷𐍄𐌹𐌼."
II Corinthians,12,13,"𐍈𐌰 𐌰𐌿𐌺 𐌹𐍃𐍄, 𐌸𐌹𐌶𐌴 𐍅𐌰𐌽𐌰𐌹 𐍅𐌴𐍃𐌴𐌹𐌸 𐌿𐍆𐌰𐍂 𐌰𐌽𐌸𐌰𐍂𐍉𐍃 𐌰𐌹𐌺𐌺𐌻𐌴𐍃𐌾𐍉𐌽𐍃, 𐌽𐌹𐌱𐌰 𐌸𐌰𐍄𐌴𐌹 𐌹𐌺 𐍃𐌹𐌻𐌱𐌰 𐌽𐌹 𐌺𐌰𐌿𐍂𐌹𐌳𐌰 𐌹𐌶𐍅𐌹𐍃? 𐍆𐍂𐌰𐌲𐌹𐌱𐌹𐌸 𐌼𐌹𐍃 𐌸𐌰𐍄𐌰 𐍃𐌺𐌰𐌸𐌹𐍃. 𐍈𐌰 𐌰𐌿𐌺 𐌹𐍃𐍄, 𐌸𐌹𐌶𐌴 𐍅𐌰𐌽𐌰𐌹 𐍅𐌴𐍃𐌴𐌹𐌸 𐌿𐍆𐌰𐍂 𐌰𐌽𐌸𐌰𐍂𐍉𐍃 𐌰𐌹𐌺𐌺𐌻𐌴𐍃𐌾𐍉𐌽𐍃, 𐌽𐌹𐌱𐌰𐌹 𐌸𐌰𐍄𐌴𐌹 𐌹𐌺 𐍃𐌹𐌻𐌱𐌰 𐌽𐌹 𐌺𐌰𐌿𐍂𐌹𐌳𐌰 𐌹𐌶𐍅𐌹𐍃? 𐍆𐍂𐌰𐌲𐌹𐌱𐌹𐌸 𐌼𐌹𐍃 𐌸𐌰𐍄𐌰 𐍃𐌺𐌰𐌸𐌹𐍃."
II Corinthians,12,14,"𐍃𐌰𐌹, 𐌸𐍂𐌹𐌳𐌾𐍉 𐌸𐌰𐍄𐌰 𐌼𐌰𐌽𐍅𐌿𐍃 𐌹𐌼 𐌵𐌹𐌼𐌰𐌽 𐌰𐍄 𐌹𐌶𐍅𐌹𐍃, 𐌾𐌰𐌽~𐌽𐌹 𐌺𐌰𐌿𐍂𐌾𐌰 𐌹𐌶𐍅𐌹𐍃; 𐌿𐌽𐍄𐌴 𐌽𐌹 𐍃𐍉𐌺𐌾𐌰 𐌹𐌶𐍅𐌰𐍂𐍉𐍃 𐌰𐌹𐌷𐍄𐌹𐌽𐍃, 𐌰𐌺 𐌹𐌶𐍅𐌹𐍃; 𐌽𐌹 𐌰𐌿𐌺 𐍃𐌺𐌿𐌻𐌿𐌽 𐌱𐌰𐍂𐌽𐌰 𐍆𐌰𐌳𐍂𐌴𐌹𐌽𐌰𐌼 𐌷𐌿𐌶𐌳𐌾𐌰𐌽, 𐌰𐌺 𐍆𐌰𐌳𐍂𐌴𐌹𐌽𐌰 𐌱𐌰𐍂𐌽𐌰𐌼. 𐍃𐌰𐌹, 𐌸𐍂𐌹𐌳𐌾𐍉 𐌸𐌰𐍄𐌰 𐌼𐌰𐌽𐍅𐌿𐍃 𐌹𐌼 𐌵𐌹𐌼𐌰𐌽 𐌰𐍄 𐌹𐌶𐍅𐌹𐍃, 𐌾𐌰𐌷 𐌽𐌹 𐌺𐌰𐌿𐍂𐌾𐌰 𐌹𐌶𐍅𐌹𐍃; 𐌿𐌽𐍄𐌴 𐌽𐌹 𐍃𐍉𐌺𐌾𐌰 𐌹𐌶𐍅𐌰𐍂𐍉𐍃 𐌰𐌹𐌷𐍄𐌹𐌽𐍃, 𐌰𐌺 𐌹𐌶𐍅𐌹𐍃; 𐌽𐌹 𐌰𐌿𐌺 𐍃𐌺𐌿𐌻𐌿𐌽 𐌱𐌰𐍂𐌽𐌰 𐍆𐌰𐌳𐍂𐌴𐌹𐌽𐌰𐌼 𐌷𐌿𐌶𐌳𐌾𐌰𐌽, 𐌰𐌺 𐍆𐌰𐌳𐍂𐌴𐌹𐌽𐌰 𐌱𐌰𐍂𐌽𐌰𐌼."
II Corinthians,12,15,"𐌰𐌸𐌸𐌰𐌽 𐌹𐌺 𐌻𐌰𐌸𐌰𐌻𐌴𐌹𐌺𐍉 𐍆𐍂𐌰𐌵𐌹𐌼𐌰 𐌾𐌰𐌷 𐍆𐍂𐌰𐌵𐌹𐌼𐌰𐌳𐌰 𐍆𐌰𐌿𐍂 𐍃𐌰𐌹𐍅𐌰𐌻𐍉𐍃 𐌹𐌶𐍅𐌰𐍂𐍉𐍃, 𐍃𐍅𐌴𐌸𐌰𐌿𐌷 𐌴𐌹 𐌿𐍆𐌰𐍂𐌰𐍃𐍃𐌰𐌿 𐌹𐌶𐍅𐌹𐍃 𐍆𐍂𐌹𐌾𐍉𐌽𐌳𐍃 𐌼𐌹𐌽𐍃 𐍆𐍂𐌹𐌾𐍉𐌳𐌰. 𐌰𐌸𐌸𐌰𐌽 𐌹𐌺 𐌲𐌰𐌱𐌰𐌿𐍂𐌾𐌰𐌱𐌰 𐍆𐍂𐌰𐌵𐌹𐌼𐌰 𐌾𐌰𐌷 𐍆𐍂𐌰𐌵𐌹𐌼𐌰𐌳𐌰 𐍆𐌰𐌿𐍂 𐍃𐌰𐌹𐍅𐌰𐌻𐍉𐍃 𐌹𐌶𐍅𐌰𐍂𐍉𐍃, 𐍃𐍅𐌴𐌸𐌰𐌿𐌷 𐌴𐌹 𐌿𐍆𐌰𐍂𐌰𐍃𐍃𐌰𐌿 𐌹𐌶𐍅𐌹𐍃 𐍆𐍂𐌹𐌾𐍉𐌽𐌳𐍃 𐌼𐌹𐌽𐌶 𐍆𐍂𐌹𐌾𐍉𐌳𐌰."
II Corinthians,12,16,"𐌰𐌸𐌸𐌰𐌽 𐍃𐌰𐌹 𐌽𐌿, 𐌹𐌺 𐌽𐌹 𐌺𐌰𐌿𐍂𐌹𐌳𐌰 𐌹𐌶𐍅𐌹𐍃, 𐌰𐌺 𐍅𐌹𐍃𐌰𐌽𐌳𐍃 𐌰𐌿𐍆𐍄𐍉 𐌻𐌹𐍃𐍄𐌴𐌹𐌲𐍃 𐌷𐌹𐌽𐌳𐌰𐍂𐍅𐌴𐌹𐍃𐌴𐌹𐌽 𐌹𐌶𐍅𐌹𐍃 𐌽𐌰𐌼. 𐌰𐌸𐌸𐌰𐌽 𐍃𐌰𐌹 𐌽𐌿, 𐌹𐌺 𐌽𐌹 𐌺𐌰𐌿𐍂𐌹𐌳𐌰 𐌹𐌶𐍅𐌹𐍃, 𐌰𐌺 𐍅𐌹𐍃𐌰𐌽𐌳𐍃 𐌰(𐌿)𐍆𐍄𐍉 𐌻𐌹𐍃𐍄𐌴𐌹𐌲𐍃 𐌷𐌹𐌽𐌳𐌰𐍂𐍅𐌴𐌹𐍃𐌴𐌹𐌽 𐌹𐌶𐍅𐌹𐍃 𐌽𐌰𐌼."
II Corinthians,12,17,𐌹𐌱𐌰𐌹 𐌸𐌰𐌹𐍂𐌷 𐍈𐌰𐌽𐌰 𐌸𐌹𐌶𐌴𐌴𐌹 𐌹𐌽𐍃𐌰𐌽𐌳𐌹𐌳𐌰 𐌳𐌿 𐌹𐌶𐍅𐌹𐍃 𐌱𐌹𐍆𐌰𐌹𐌷𐍉𐌳𐌰 𐌹𐌶𐍅𐌹𐍃? 𐌹𐌱𐌰𐌹 𐌸𐌰𐌹𐍂𐌷 𐍈𐌰𐌽𐌰 𐌸𐌹𐌶𐌴𐌴𐌹 𐌹𐌽𐍃𐌰𐌽𐌳𐌹𐌳𐌰 𐌳𐌿 𐌹𐌶𐍅𐌹𐍃 𐌱𐌹𐍆𐌰𐌹𐌷𐍉𐌳𐌰 𐌹𐌶𐍅𐌹𐍃?
II Corinthians,12,18,𐌱𐌰𐌸 𐍄𐌴𐌹𐍄𐌿 𐌾𐌰𐌷 𐌼𐌹𐌸𐌹𐌽𐍃𐌰𐌽𐌳𐌹𐌳𐌰 𐌹𐌼𐌼𐌰 𐌱𐍂𐍉𐌸𐌰𐍂; 𐌹𐌱𐌰𐌹 𐍈𐌰 𐌱𐌹𐍆𐌰𐌹𐌷𐍉𐌳𐌰 𐌹𐌶𐍅𐌹𐍃 𐍄𐌴𐌹𐍄𐌿𐍃? 𐌽𐌹𐌿 𐌸𐌰𐌼𐌼𐌰 𐍃𐌰𐌼𐌹𐌽 𐌰𐌷𐌼𐌹𐌽 𐌹𐌳𐌳𐌾𐌴𐌳𐌿𐌼? 𐌽𐌹𐌿 𐌸𐌰𐌹𐌼 𐍃𐌰𐌼𐌰𐌼 𐌻𐌰𐌹𐍃𐍄𐌹𐌼? 𐌱𐌰𐌸 𐍄𐌴𐌹𐍄𐌿 𐌾𐌰𐌷 𐌼𐌹𐌸𐌹𐌽𐍃𐌰𐌽𐌳𐌹𐌳𐌰 𐌹𐌼𐌼𐌰 𐌱𐍂𐍉𐌸𐌰𐍂; 𐌹𐌱𐌰𐌹 𐍈𐌰 𐌱𐌹𐍆𐌰𐌹𐌷𐍉𐌳𐌰 𐌹𐌶𐍅𐌹𐍃 𐍄𐌴𐌹𐍄𐌿𐍃? 𐌽𐌹𐌿 𐌸𐌰𐌼𐌼𐌰 𐍃𐌰𐌼𐌹𐌽 𐌰𐌷𐌼𐌹𐌽 𐌹𐌳𐌳𐌾𐌴𐌳𐌿𐌼? 𐌽𐌹𐌿 𐌸𐌰𐌹𐌼 𐍃𐌰𐌼𐌰𐌼 𐌻𐌰𐌹𐍃𐍄𐌹𐌼?
II Corinthians,12,19,"𐌰𐍆𐍄𐍂𐌰 𐌸𐌿𐌲𐌺𐌴𐌹𐌸 𐌹𐌶𐍅𐌹𐍃 𐌴𐌹 𐍃𐌿𐌽𐌾𐍉𐌼𐌰 𐌿𐌽𐍃 𐍅𐌹𐌸𐍂𐌰 𐌹𐌶𐍅𐌹𐍃? 𐌹𐌽 𐌰𐌽𐌳𐍅𐌰𐌹𐍂𐌸𐌾𐌰 𐌲𐌿𐌳𐌹𐍃 𐌹𐌽 𐍇𐍂𐌹𐍃𐍄𐌰𐌿 𐍂𐍉𐌳𐌾𐌰𐌼, 𐌸𐌰𐍄𐌿𐌸~𐌸𐌰𐌽 𐌰𐌻𐌻, 𐌻𐌹𐌿𐌱𐌰𐌽𐍃, 𐌹𐌽 𐌹𐌶𐍅𐌰𐍂𐌰𐌹𐌶𐍉𐍃 𐌲𐌰𐍄𐌹𐌼𐍂𐌴𐌹𐌽𐌰𐌹𐍃. 𐌰𐍆𐍄𐍂𐌰 𐌸𐌿𐌲𐌺𐌴𐌹𐌸 𐌹𐌶𐍅𐌹𐍃 𐌴𐌹 𐍃𐌿𐌽𐌾𐍉[𐌳𐌰]𐌼𐌰 𐌿𐌽𐍃 𐍅𐌹𐌸𐍂𐌰 𐌹𐌶𐍅𐌹𐍃? 𐌹𐌽 𐌰𐌽𐌳𐍅𐌰𐌹𐍂𐌸𐌾𐌰 𐌲𐌿𐌳𐌹𐍃 𐌹𐌽 𐍇𐍂𐌹𐍃𐍄𐌰𐌿 𐍂𐍉𐌳𐌾𐌰𐌼, 𐌸𐌰𐍄𐌿𐌸~𐌸𐌰𐌽 𐌰𐌻𐌻, 𐌻𐌹𐌿𐌱𐌰𐌽𐍃, 𐌹𐌽 𐌹𐌶𐍅𐌰𐍂𐌰𐌹𐌶𐍉𐍃 𐌲𐌰𐍄𐌹𐌼𐍂𐌴𐌹𐌽𐌰𐌹𐍃."
II Corinthians,12,20,"𐌿𐌽𐍄𐌴 𐍉𐌲, 𐌹𐌱𐌰𐌹 𐌰𐌿𐍆𐍄𐍉 𐌵𐌹𐌼𐌰𐌽𐌳𐍃 𐌽𐌹 𐍃𐍅𐌰𐌻𐌴𐌹𐌺𐌰𐌽𐍃 𐍃𐍅𐌴 𐍅𐌹𐌻𐌾𐌰𐌿 𐌱𐌹𐌲𐌹𐍄𐌰𐌿 𐌹𐌶𐍅𐌹𐍃, 𐌾𐌰𐌷 𐌹𐌺 𐌱𐌹𐌲𐌹𐍄𐌰𐌹𐌳𐌰𐌿 𐌹𐌶𐍅𐌹𐍃 𐍃𐍅𐌰𐌻𐌴𐌹𐌺𐍃 𐍃𐍅𐌴 𐌽𐌹 𐍅𐌹𐌻𐌴𐌹𐌸 𐌼𐌹𐌺, 𐌹𐌱𐌰𐌹 𐌰𐌿𐍆𐍄𐍉 𐌸𐍅𐌰𐌹𐍂𐌷𐌴𐌹𐌽𐍃, 𐌰𐌻𐌾𐌰𐌽, 𐌾𐌹𐌿𐌺𐍉𐍃, 𐌱𐌹𐌷𐌰𐌹𐍄𐌰, 𐌱𐌹𐍂𐍉𐌳𐌴𐌹𐌽𐍉𐍃, 𐌷𐌰𐌹𐍆𐍃𐍄𐌴𐌹𐍃, [𐌱𐌹𐍆𐌰𐌹𐌷𐌰] 𐌿𐍆𐍃𐍅𐌰𐌻𐌻𐌴𐌹𐌽𐍉𐍃, 𐌳𐍂𐍉𐌱𐌽𐌰𐌽𐍃; 𐌿𐌽𐍄𐌴 𐍉𐌲, 𐌹𐌱𐌰𐌹 𐌰𐌿𐍆𐍄𐍉 𐌵𐌹𐌼𐌰𐌽𐌳𐍃 𐌽𐌹 𐍃𐍅𐌰𐌻𐌴𐌹𐌺𐌰𐌽𐍃 𐍃𐍅𐌴 𐍅𐌹𐌻𐌾𐌰𐌿 𐌱𐌹𐌲𐌹𐍄𐌰𐌿 𐌹𐌶𐍅𐌹𐍃, 𐌾𐌰𐌷 𐌹𐌺 𐌱𐌹𐌲𐌹𐍄𐌰𐌹𐌳𐌰𐌿 𐌹𐌶𐍅𐌹𐍃 𐍃𐍅𐌰𐌻𐌴𐌹𐌺𐍃 𐍃𐍅𐌴 𐌽𐌹 𐍅𐌹𐌻𐌴𐌹𐌸 𐌼𐌹𐌺, 𐌹𐌱𐌰𐌹 𐌰𐌿𐍆𐍄𐍉 𐌸𐍅𐌰𐌹𐍂𐌷𐌴𐌹𐌽𐍃, 𐌰𐌻𐌾𐌰𐌽, 𐌾𐌹𐌿𐌺𐍉𐍃, 𐌱𐌹𐌷𐌰𐌹𐍄𐌰, 𐌱𐌹𐍂𐍉𐌳𐌴𐌹𐌽𐍉𐍃, 𐌷𐌰𐌹𐍆𐍃𐍄𐌴𐌹𐍃, 𐌳𐍂𐍉𐌱𐌽𐌰𐌽𐍃;"
II Corinthians,12,21,"𐌹𐌱𐌰𐌹 𐌰𐍆𐍄𐍂𐌰 𐌵𐌹𐌼𐌰𐌽𐌳𐌰𐌽 𐌼𐌹𐌺 𐌲𐌿𐌸 𐌲𐌰𐌷𐌰𐌿𐌽𐌾𐌰𐌹 𐌰𐍄 𐌹𐌶𐍅𐌹𐍃 𐌾𐌰𐌷 𐌵𐌰𐌹𐌽𐍉 𐌼𐌰𐌽𐌰𐌲𐌰𐌽𐍃 𐌸𐌹𐌶𐌴 𐍆𐌰𐌿𐍂𐌰 𐍆𐍂𐌰𐍅𐌰𐌿𐍂𐌺𐌾𐌰𐌽𐌳𐌰𐌽𐌴 𐌾𐌰𐌽~𐌽𐌹 𐌹𐌳𐍂𐌴𐌹𐌲𐍉𐌽𐌳𐌰𐌽𐌴 𐌰𐌽𐌰 𐌿𐌽𐌷𐍂𐌰𐌹𐌽𐌹𐌸𐌰𐌹 𐌸𐍉𐌴𐌹 𐌲𐌰𐍄𐌰𐍅𐌹𐌳𐌴𐌳𐌿𐌽, 𐌷𐍉𐍂𐌹𐌽𐌰𐍃𐍃𐌰𐌿 𐌾𐌰𐌷 𐌰𐌲𐌻𐌰𐌹𐍄𐌾𐌰. 𐌹𐌱𐌰𐌹 𐌰𐍆𐍄𐍂𐌰 𐌵𐌹𐌼𐌰𐌽𐌳𐌰𐌽 𐌼𐌹𐌺 𐌲𐌿𐌸 𐌲𐌰𐌷𐌰𐌿𐌽𐌾𐌰𐌹 𐌰𐍄 𐌹𐌶𐍅𐌹𐍃 𐌾𐌰𐌷 𐌵𐌰𐌹𐌽𐍉 𐌼𐌰𐌽𐌰𐌲𐌰𐌽𐍃 𐌸𐌹𐌶𐌴 𐍆𐌰𐌿𐍂𐌰 𐍆𐍂𐌰𐍅𐌰𐌿𐍂𐌺𐌾𐌰𐌽𐌳𐌰𐌽𐌴 𐌾𐌰𐌷 𐌽𐌹 𐌹𐌳𐍂𐌴𐌹𐌲𐍉𐌽𐌳𐌰𐌽𐌴 𐌰𐌽𐌰 𐌿𐌽𐌷𐍂𐌰𐌹𐌽𐌹𐌸𐌰𐌹 𐌸𐍉𐌴𐌹 𐌲𐌰𐍄𐌰𐍅𐌹𐌳𐌴𐌳𐌿𐌽, 𐌷𐍉𐍂𐌹𐌽𐌰𐍃𐍃𐌰𐌿 𐌾𐌰𐌷 𐌰𐌲𐌻𐌰𐌹𐍄𐌴𐌹𐌽[𐍉]."
II Corinthians,13,1,Ã𐍂𐌹𐌳𐌾𐍉 𐌸𐌰𐍄𐌰 𐌵𐌹𐌼𐌰 𐌰𐍄 𐌹𐌶𐍅𐌹𐍃. 𐌰𐌽𐌰 𐌼𐌿𐌽𐌸𐌰 𐍄𐍅𐌰𐌳𐌳𐌾𐌴 𐍅𐌴𐌹𐍄𐍅𐍉𐌳𐌴 𐌾𐌰𐌸~𐌸𐍂𐌹𐌾𐌴 𐌲𐌰𐍃𐍄𐌰𐌽𐌳𐌹𐌸 𐌰𐌻𐌻 𐍅𐌰𐌿𐍂𐌳𐌴. Ã𐍂𐌹𐌳𐌾𐍉 𐌸𐌰𐍄𐌰 𐌵𐌹𐌼𐌰 𐌰𐍄 𐌹𐌶𐍅𐌹𐍃. 𐌰𐌽𐌰 𐌼𐌿𐌽𐌸𐌰 𐍄𐍅𐌰𐌳𐌳𐌾𐌴 𐍅𐌴𐌹𐍄𐍅𐍉𐌳𐌴 𐌾𐌰𐌷 𐌸𐍂𐌹𐌾𐌴 𐌲𐌰𐍃𐍄𐌰𐌽𐌳𐌰𐌹 𐌰𐌻𐌻 𐍅𐌰𐌿𐍂𐌳𐌴.
II Corinthians,13,2,"𐍆𐌰𐌿𐍂𐌰𐌵𐌰𐌸 𐌾𐌰𐌷 𐌰𐍆𐍄𐍂𐌰 𐍆𐌰𐌿𐍂𐌰𐌲𐌰𐍄𐌴𐌹𐌷𐌰, 𐍃𐍅𐌰𐍃𐍅𐌴 𐌰𐌽𐌳𐍅𐌰𐌹𐍂𐌸𐍃 𐌰𐌽𐌸𐌰𐍂𐌰𐌼𐌼𐌰 𐍃𐌹𐌽𐌸𐌰 𐌾𐌰𐌷 𐌰𐌻𐌾𐌰𐌸𐍂𐍉 𐌽𐌿 𐌼𐌴𐌻𐌾𐌰 𐌸𐌰𐌹𐌼 𐍆𐌰𐌿𐍂𐌰 𐍆𐍂𐌰𐍅𐌰𐌿𐍂𐌺𐌾𐌰𐌽𐌳𐌰𐌼 𐌾𐌰𐌷 𐌰𐌽𐌸𐌰𐍂𐌰𐌹𐌼 𐌰𐌻𐌻𐌰𐌹𐌼, 𐌸𐌰𐍄𐌴𐌹 𐌾𐌰𐌱𐌰𐌹 𐌵𐌹𐌼𐌰, 𐌰𐍆𐍄𐍂𐌰 𐌽𐌹 𐍆𐍂𐌴𐌹𐌳𐌾𐌰. 𐍆𐌰𐌿𐍂𐌰𐌵𐌰𐌸 𐌾𐌰𐌷 𐌰𐍆𐍄𐍂𐌰 𐍆𐌰𐌿𐍂𐌰𐌲𐌰𐍄𐌴𐌹𐌷𐌰, 𐍃𐍅𐌰𐍃𐍅𐌴 𐌰𐌽𐌳𐍅𐌰𐌹𐍂𐌸𐍃 𐌰𐌽𐌸𐌰𐍂𐌰𐌼𐌼𐌰 𐍃𐌹𐌽𐌸𐌰 𐌾𐌰𐌷 𐌰𐌻𐌾𐌰𐌸𐍂𐍉 𐌽𐌿 𐌼𐌴𐌻𐌾𐌰 𐌸𐌰𐌹𐌼 𐍆𐌰𐌿𐍂𐌰 𐍆𐍂𐌰𐍅𐌰𐌿𐍂𐌺𐌾𐌰𐌽𐌳𐌰𐌼 𐌾𐌰𐌷 𐌰𐌽𐌸𐌰𐍂𐌰𐌹𐌼 𐌰𐌻𐌻𐌰𐌹𐌼, 𐌸𐌰𐍄𐌴𐌹 𐌾𐌰𐌱𐌰𐌹 𐌵𐌹𐌼𐌰, 𐌰𐍆𐍄𐍂𐌰 𐌽𐌹 𐍆𐍂𐌴𐌹𐌳𐌾𐌰."
II Corinthians,13,3,"𐌿𐌽𐍄𐌴 𐌺𐌿𐍃𐍄𐌿 𐍃𐍉𐌺𐌴𐌹𐌸 𐌸𐌹𐍃 𐌹𐌽 𐌼𐌹𐍃 𐍂𐍉𐌳𐌾𐌰𐌽𐌳𐌹𐌽𐍃 𐍇𐍂𐌹𐍃𐍄𐌰𐌿𐍃, 𐍃𐌰𐌴𐌹 𐌽𐌹 𐍃𐌹𐌿𐌺𐌹𐌸 𐌹𐌽 𐌹𐌶𐍅𐌹𐍃, 𐌰𐌺 𐌼𐌰𐌷𐍄𐌴𐌹𐌲𐍃 𐌹𐍃𐍄 𐌹𐌽 𐌹𐌶𐍅𐌹𐍃. 𐌿𐌽𐍄𐌴 𐌺𐌿𐍃𐍄𐌿 𐍃𐍉𐌺𐌴𐌹𐌸 𐌸𐌹𐍃 𐌹𐌽 𐌼𐌹𐍃 𐍂𐍉𐌳𐌾𐌰𐌽𐌳𐌹𐌽𐍃 𐍇𐍂𐌹𐍃𐍄𐌰𐌿𐍃, 𐍃𐌰𐌴𐌹 𐌽𐌹 𐍃𐌹𐌿𐌺𐌹𐌸 𐌹𐌽 𐌹𐌶𐍅𐌹𐍃, 𐌰𐌺 𐌼𐌰𐌷𐍄𐌴𐌹𐌲𐍃 𐌹𐍃𐍄 𐌹𐌽 𐌹𐌶𐍅𐌹𐍃."
II Corinthians,13,4,"𐌰𐌸𐌸𐌰𐌽 𐌾𐌰𐌱𐌰𐌹 𐌾𐌰𐌷 𐌿𐍃𐌷𐍂𐌰𐌼𐌹𐌸𐍃 𐍅𐌰𐍃 𐌿𐍃 𐍃𐌹𐌿𐌺𐌴𐌹𐌽, 𐌰𐌺𐌴𐌹 𐌻𐌹𐌱𐌰𐌹𐌸 𐌿𐍃 𐌼𐌰𐌷𐍄𐌰𐌹 𐌲𐌿𐌳𐌹𐍃; 𐌾𐌰𐌷 𐌰𐌿𐌺 𐍅𐌴𐌹𐍃 𐍃𐌹𐌿𐌺𐌰𐌼 𐌹𐌽 𐌹𐌼𐌼𐌰, 𐌰𐌺𐌴𐌹 𐌻𐌹𐌱𐌰𐌼 𐌼𐌹𐌸 𐌹𐌼𐌼𐌰 𐌿𐍃 𐌼𐌰𐌷𐍄𐌰𐌹 𐌲𐌿𐌳𐌹𐍃 𐌹𐌽 𐌹𐌶𐍅𐌹𐍃. 𐌰𐌸𐌸𐌰𐌽 𐌾𐌰𐌱𐌰𐌹 𐌿𐍃𐌷𐍂𐌰𐌼𐌹𐌸𐍃 𐍅𐌰𐍃 𐌿𐍃 𐍃𐌹𐌿𐌺𐌴𐌹𐌽, 𐌰𐌺𐌴𐌹 𐌻𐌹𐌱𐌰𐌹𐌸 𐌿𐍃 𐌼𐌰𐌷𐍄𐌰𐌹 𐌲𐌿𐌳𐌹𐍃; 𐌾𐌰𐌷 𐌰𐌿𐌺 𐍃𐌹𐌿𐌺𐌰𐌼 𐌹𐌽 𐌹𐌼𐌼𐌰, 𐌰𐌺𐌴𐌹 𐌻𐌹𐌱𐌰𐌼 𐌼𐌹𐌸 𐌹𐌼𐌼𐌰 𐌿𐍃 𐌼𐌰𐌷𐍄𐌰𐌹 𐌲𐌿𐌳𐌹𐍃 𐌹𐌽 𐌹𐌶𐍅𐌹𐍃."
II Corinthians,13,5,"𐍃𐌹𐌻𐌱𐌰𐌽𐍃 𐍆𐍂𐌰𐌹𐍃𐌹𐌸 𐍃𐌹𐌾𐌰𐌹𐌳𐌿 𐌹𐌽 𐌲𐌰𐌻𐌰𐌿𐌱𐌴𐌹𐌽𐌰𐌹; 𐍃𐌹𐌻𐌱𐌰𐌽𐍃 𐌹𐌶𐍅𐌹𐍃 𐌺𐌰𐌿𐍃𐌴𐌹𐌸, 𐌸𐌰𐌿 𐌽𐌹𐌿 𐌺𐌿𐌽𐌽𐌿𐌸 𐌹𐌶𐍅𐌹𐍃 𐌸𐌰𐍄𐌴𐌹 𐌹𐌴𐍃𐌿𐍃 𐍇𐍂𐌹𐍃𐍄𐌿𐍃 𐌹𐌽 𐌹𐌶𐍅𐌹𐍃 𐌹𐍃𐍄? 𐌽𐌹𐌱𐌰𐌹 𐌰𐌿𐍆𐍄𐍉 𐌿𐌽𐌲𐌰𐌺𐌿𐍃𐌰𐌽𐌰𐌹 𐍃𐌹𐌾𐌿𐌸. 𐌹𐌶𐍅𐌹𐍃 𐍃𐌹𐌻𐌱𐌰𐌽𐍃 𐍆𐍂𐌰𐌲𐌹𐌸 𐍃𐌹𐌾𐌰𐌹𐌳𐌿 𐌹𐌽 𐌲𐌰𐌻𐌰𐌿𐌱𐌴𐌹𐌽𐌰𐌹; 𐍃𐌹𐌻𐌱𐌰𐌽𐍃 𐌹𐌶𐍅𐌹𐍃 𐌺𐌰𐌿𐍃𐌴𐌹𐌸, 𐌸𐌰𐌿𐌷 𐌽𐌹𐌿 𐌺𐌿𐌽𐌽𐌿𐌸 𐌸𐌰𐍄𐌴𐌹 𐌹𐌴𐍃𐌿𐍃 𐍇𐍂𐌹𐍃𐍄𐌿𐍃 𐌹𐌽 𐌹𐌶𐍅𐌹𐍃 𐌹𐍃𐍄? 𐌹𐌱𐌰𐌹 𐌰𐌿𐍆𐍄𐍉 𐌿𐌽𐌲𐌰𐌺𐌿𐍃𐌰𐌽𐌰𐌹 𐍃𐌹𐌾𐌿𐌸?"
II Corinthians,13,6,𐌰𐌸𐌸𐌰𐌽 𐍅𐌴𐌽𐌾𐌰 𐌸𐌰𐍄𐌴𐌹 𐌺𐌿𐌽𐌽𐌴𐌹𐌸 𐌴𐌹 𐍅𐌴𐌹𐍃 𐌽𐌹 𐍃𐌹𐌿𐌼 𐌿𐌽𐌲𐌰𐌺𐌿𐍃𐌰𐌽𐌰𐌹. 𐌰𐌸𐌸𐌰𐌽 𐍅𐌴𐌽𐌾𐌰 𐌴𐌹 𐌺𐌿𐌽𐌽𐌴𐌹𐌸 𐌸𐌰𐍄𐌴𐌹 𐍅𐌴𐌹𐍃 𐌽𐌹 𐍃𐌹𐌾𐌿𐌼 𐌿𐌽𐌲𐌰𐌺𐌿𐍃𐌰𐌽𐌰𐌹.
II Corinthians,13,7,"𐌰𐌸𐌸𐌰𐌽 𐌱𐌹𐌳𐌾𐌰 𐌳𐌿 𐌲𐌿𐌳𐌰 𐌴𐌹 𐌽𐌹 𐍅𐌰𐌹𐌷𐍄 𐌿𐌱𐌹𐌻𐌹𐍃 𐍄𐌰𐌿𐌾𐌰𐌹𐌸; 𐌽𐌹 𐌴𐌹 𐍅𐌴𐌹𐍃 [𐌿𐌽]𐌲𐌰𐌺𐌿𐍃𐌰𐌽𐌰𐌹 𐌸𐌿𐌲𐌺𐌾𐌰𐌹𐌼𐌰, 𐌰𐌺 𐌴𐌹 𐌾𐌿𐍃 𐌸𐌰𐍄𐌰 𐌲𐍉𐌳𐍉 𐍄𐌰𐌿𐌾𐌰𐌹𐌸, 𐌹𐌸 𐍅𐌴𐌹𐍃 𐍃𐍅𐌴 𐌿𐌽𐌲𐌰𐌺𐌿𐍃𐌰𐌽𐌰𐌹 𐌸𐌿𐌲𐌺𐌾𐌰𐌹𐌼𐌰. 𐌰𐌸𐌸𐌰𐌽 𐌱𐌹𐌳𐌾𐌰 𐌳𐌿 𐌲𐌿𐌳𐌰 𐌴𐌹 𐌽𐌹 𐍅𐌰𐌹𐌷𐍄 𐌿𐌱𐌹𐌻𐌹𐍃 𐍄𐌰𐌿𐌾𐌰𐌹𐌸; 𐌽𐌹 𐌴𐌹 𐍅𐌴𐌹𐍃 [𐌿𐌽]𐌲𐌰𐌺𐌿𐍃𐌰𐌽𐌰𐌹 𐌸𐌿𐌲𐌺𐌾𐌰𐌹𐌼𐌰, 𐌰𐌺 𐌴𐌹 𐌾𐌿𐍃 𐌸𐌰𐍄𐌰 𐌲𐍉𐌳𐍉 𐍄𐌰𐌿𐌾𐌰𐌹𐌸, 𐌴𐌹 𐍅𐌴𐌹𐍃 𐌿𐌽𐌲𐌰𐌺𐌿𐍃𐌰𐌽𐌰𐌹 𐌸𐌿𐌲𐌺𐌾𐌰𐌹𐌼𐌰."
II Corinthians,13,8,"𐌽𐌹 𐌰𐌿𐌺 𐌼𐌰𐌲𐌿𐌼 𐍈𐌰 𐍅𐌹𐌸𐍂𐌰 𐍃𐌿𐌽𐌾𐌰, 𐌰𐌺 𐍆𐌰𐌿𐍂 𐍃𐌿𐌽𐌾𐌰. 𐌽𐌹 𐌰𐌿𐌺 𐌼𐌰𐌲𐌿𐌼 𐍈𐌰 𐍅𐌹𐌸𐍂𐌰 𐍃𐌿𐌽𐌾𐌰, 𐌰𐌺 𐍆𐌰𐌿𐍂 𐍃𐌿𐌽𐌾𐌰."
II Corinthians,13,9,"𐌰𐌸𐌸𐌰𐌽 𐍆𐌰𐌲𐌹𐌽𐍉𐌼, 𐌸𐌰𐌽 𐍅𐌴𐌹𐍃 𐍃𐌹𐌿𐌺𐌰𐌼, 𐌹𐌸 𐌾𐌿𐍃 𐍃𐍅𐌹𐌽𐌸𐌰𐌹 𐍃𐌹𐌿𐌸; 𐌸𐌹𐌶𐌿𐌷 𐌰𐌿𐌺 𐌾𐌰𐌷 𐌱𐌹𐌳𐌾𐌰𐌼, 𐌹𐌶𐍅𐌰𐍂𐌰𐌹𐌶𐍉𐍃 𐌿𐍃𐍄𐌰𐌿𐌷𐍄𐌰𐌹𐍃. 𐌰𐌸𐌸𐌰𐌽 𐍆𐌰𐌲𐌹𐌽𐍉𐌼, 𐌸𐌰𐌽 𐍅𐌴𐌹𐍃 𐍃𐌹𐌿𐌺𐌰𐌼, 𐌹𐌸 𐌾𐌿𐍃 (𐍃)𐍅𐌹𐌽𐌸𐌰𐌹 𐍃𐌹𐌾𐌿𐌸; 𐌸𐌹𐌶𐌿𐌷 𐌰𐌿𐌺 𐌾𐌰𐌷 𐌱(𐌹)𐌳𐌾𐌰𐌼, 𐌹𐌶𐍅𐌰𐍂𐌰𐌹𐌶𐍉𐍃 𐌿𐍃𐍄𐌰𐌿𐌷𐍄𐌰𐌹𐍃."
II Corinthians,13,10,"𐌳𐌿𐌸𐌸𐌴 𐌸𐌰𐍄𐌰 𐌰𐌻𐌾𐌰𐌸𐍂𐍉 𐌼𐌴𐌻𐌾𐌰, 𐌴𐌹 𐌰𐌽𐌳𐍅𐌰𐌹𐍂𐌸𐍃 𐌷𐌰𐍂𐌳𐌰𐌱𐌰 𐌽𐌹 𐍄𐌰𐌿𐌾𐌰 𐌱𐌹 𐍅𐌰𐌻𐌳𐌿𐍆𐌽𐌾𐌰 𐌸𐌰𐌼𐌼𐌴𐌹 𐍆𐍂𐌰𐌿𐌾𐌰 𐍆𐍂𐌰𐌲𐌰𐍆 𐌼𐌹𐍃 𐌳𐌿 𐌲𐌰𐍄𐌹𐌼𐍂𐌴𐌹𐌽𐌰𐌹 𐌾𐌰𐌽~𐌽𐌹 𐌳𐌿 𐌲𐌰𐍄𐌰𐌿𐍂𐌸𐌰𐌹. 𐌳𐌿𐌸𐌸𐌴 𐌸𐌰𐍄𐌰 𐌰𐌻𐌾𐌰𐌸𐍂𐍉 𐌼𐌴𐌻𐌾𐌰, 𐌴𐌹 𐌰𐌽𐌳𐍅𐌰𐌹𐍂𐌸𐍃 𐌷𐌰𐍂𐌳𐌿𐌱𐌰 𐌽𐌹 𐍄𐌰𐌿𐌾𐌰𐌿 𐌱𐌹 𐍅𐌰𐌻𐌳𐌿𐍆𐌽𐌾𐌰 𐌸𐌰𐌼𐌼𐌴𐌹 𐍆𐍂𐌰𐌿𐌾𐌰 𐍆𐍂𐌰𐌲𐌰𐍆 𐌼𐌹𐍃 𐌳𐌿 𐌲𐌰𐍄𐌹𐌼𐍂𐌴𐌹𐌽𐌰𐌹 𐌾𐌰𐌷 𐌽𐌹 𐌳𐌿 𐌲𐌰𐍄𐌰𐌿𐍂𐌸𐌰𐌹."
II Corinthians,13,11,"𐌸𐌰𐍄𐌰 𐌰𐌽𐌸𐌰𐍂, 𐌱𐍂𐍉𐌸𐍂𐌾𐌿𐍃, 𐍆𐌰𐌲𐌹𐌽𐍉𐌸, 𐌿𐍃𐍄𐌰𐌿𐌷𐌰𐌽𐌰𐌹 𐍃𐌹𐌾𐌰𐌹𐌸, 𐌲𐌰𐌸𐍂𐌰𐍆𐍃𐍄𐌹𐌳𐌰𐌹 𐍃𐌹𐌾𐌰𐌹𐌸, 𐍃𐌰𐌼𐍉 𐍆𐍂𐌰𐌸𐌾𐌰𐌹𐌸, 𐌲𐌰𐍅𐌰𐌹𐍂𐌸𐌹 𐍄𐌰𐌿𐌾𐌰𐌽𐌳𐌰𐌽𐍃 𐍃𐌹𐌾𐌰𐌹𐌸, 𐌾𐌰𐌷 𐌲𐌿𐌸 𐌲𐌰𐍅𐌰𐌹𐍂𐌸𐌴𐌹𐍃 𐌾𐌰𐌷 𐍆𐍂𐌹𐌾𐌰𐌸𐍅𐍉𐍃 𐍅𐌰𐌹𐍂𐌸𐌹𐌸 𐌼𐌹𐌸 𐌹𐌶𐍅𐌹𐍃. 𐌸𐌰𐍄𐌰 𐌰𐌽𐌸𐌰𐍂, 𐌱𐍂𐍉𐌸𐍂𐌾𐌿𐍃, 𐍆𐌰𐌲𐌹𐌽𐍉𐌸, 𐌿𐍃𐍄𐌰𐌿𐌷𐌰𐌽𐌰𐌹 𐍃𐌹𐌾𐌰𐌹𐌸, 𐍃𐌰𐌼𐍉 𐍆𐍂𐌰𐌸𐌾𐌰𐌹𐌸, 𐌲𐌰𐍅𐌰𐌹𐍂𐌸𐌹 𐍄𐌰𐌿𐌾𐌰𐌽𐌳𐌰𐌽𐍃 𐍃𐌹𐌾𐌰𐌹𐌸, 𐌾𐌰𐌷 𐌲𐌿𐌸 𐌲𐌰𐍅𐌰𐌹𐍂𐌸𐌴𐌹𐍃 𐌾𐌰𐌷 𐍆𐍂𐌹𐌰𐌸𐍅𐍉𐍃 𐍅𐌰𐌹𐍂𐌸𐌹𐌸 𐌼𐌹𐌸 𐌹𐌶𐍅𐌹𐍃."
II Corinthians,13,12,𐌲𐍉𐌻𐌾𐌰𐌹𐌸 𐌹𐌶𐍅𐌹𐍃 𐌼𐌹𐍃𐍃𐍉 𐌹𐌽 𐍆𐍂𐌹𐌾𐍉𐌽𐌰𐌹 𐍅𐌴𐌹𐌷𐌰𐌹. 𐌲𐍉𐌻𐌾𐌰𐌽𐌳 𐌹𐌶𐍅𐌹𐍃 𐌸𐌰𐌹 𐍅𐌴𐌹𐌷𐌰𐌽𐍃 𐌰𐌻𐌻𐌰𐌹. 𐌲𐍉𐌻𐌾𐌰𐌹𐌸 𐌹𐌶𐍅𐌹𐍃 𐌼𐌹𐍃𐍃𐍉 𐌹𐌽 𐍆𐍂𐌹𐌾𐍉𐌽𐌰𐌹 𐍅𐌴𐌹𐌷𐌰𐌹. 𐌲𐍉𐌻𐌾𐌰𐌽𐌳 𐌹𐌶𐍅𐌹𐍃 𐌸𐌰𐌹 𐍅𐌴𐌹𐌷𐌰𐌽𐍃 𐌰𐌻𐌻𐌰𐌹.
II Corinthians,13,13,𐌰𐌽𐍃𐍄𐍃 𐍆𐍂𐌰𐌿𐌾𐌹𐌽𐍃 𐌹𐌴𐍃𐌿𐌹𐍃 𐍇𐍂𐌹𐍃𐍄𐌰𐌿𐍃 𐌾𐌰𐌷 𐍆𐍂𐌹𐌾𐌰𐌸𐍅𐌰 𐌲𐌿𐌳𐌹𐍃 𐌾𐌰𐌷 𐌲𐌰𐌼𐌰𐌽 𐌰𐌷𐌼𐌹𐌽𐍃 𐍅𐌴𐌹𐌷𐌹𐍃 𐌼𐌹𐌸 𐌰𐌻𐌻𐌰𐌹𐌼 𐌹𐌶𐍅𐌹𐍃. 𐌰𐌼𐌴𐌽. 𐌰𐌽𐍃𐍄𐍃 𐍆𐍂𐌰𐌿𐌾𐌹𐌽𐍃 𐌿𐌽𐍃𐌰𐍂𐌹𐍃 𐌹𐌴𐍃𐌿𐌹𐍃 𐍇𐍂𐌹𐍃𐍄𐌰𐌿𐍃 𐌾𐌰𐌷 𐍆𐍂𐌹𐌰𐌸𐍅𐌰 𐌲𐌿𐌳𐌹𐍃 𐌾𐌰𐌷 𐌲𐌰𐌼𐌰𐌽 𐌰𐌷𐌼𐌹𐌽𐍃 𐍅𐌴𐌹𐌷𐌹𐍃 𐌼𐌹𐌸 𐌰𐌻𐌻𐌰𐌹𐌼 𐌹𐌶𐍅𐌹𐍃. 𐌰𐌼𐌴𐌽.
II Corinthians,13,14,𐌳𐌿 𐌺𐌰𐌿𐍂𐌹𐌽𐌸𐌹𐌿𐌼 ·𐌱· 𐌿𐍃𐍄𐌰𐌿𐌷. 𐌳𐌿 𐌺𐌰𐌿𐍂𐌹𐌽𐌸𐌹𐌿𐌼 ·𐌱· 𐌼𐌴𐌻𐌹𐌸 𐌹𐍃𐍄 𐌿𐍃 𐍆𐌹𐌻𐌹𐍀𐍀𐌰𐌹 𐌼𐌰𐌺𐌹𐌳𐍉𐌽𐌰𐌹𐍃. 𐌳𐌿 𐌺𐌰𐌿𐍂𐌹𐌽𐌸𐌰𐌹𐌿𐌼 𐌰𐌽𐌸𐌰𐍂𐌰 𐌿𐍃𐍄𐌰𐌿𐌷.
Galatians,1,1,"(𐍀)𐌰𐍅𐌻𐌿𐍃, 𐌰𐍀𐌰𐌿𐍃𐍄𐌰𐌿𐌻𐌿𐍃, 𐌽𐌹 𐌰𐍆 𐌼𐌰𐌽𐌽𐌰𐌼 𐌽𐌹𐌷 𐌸𐌰𐌹𐍂𐌷 𐌼𐌰𐌽𐌽𐌰𐌽, 𐌰𐌺 𐌸𐌰𐌹𐍂𐌷 𐌹𐌴𐍃𐌿 𐍇𐍂𐌹𐍃𐍄𐌿 𐌾𐌰𐌷 𐌲𐌿𐌸 𐌰𐍄𐍄𐌰𐌽, 𐌹𐌶𐌴 𐌿𐍂𐍂𐌰𐌹𐍃𐌹𐌳𐌰 𐌹𐌽𐌰 𐌿𐍃 𐌳𐌰𐌿𐌸𐌰𐌹𐌼,"
Galatians,1,2,𐌾𐌰𐌷 𐌸𐌰𐌹 𐌼𐌹𐌸 𐌼𐌹𐍃 𐌰𐌻𐌻𐌰𐌹 𐌱𐍂𐍉𐌸𐍂𐌾𐌿𐍃 𐌰𐌹𐌺𐌺𐌻𐌴𐍃𐌾𐍉𐌼 𐌲𐌰𐌻𐌰𐍄𐌹𐌰𐌹𐍃.
Galatians,1,3,"𐌰𐌽𐍃𐍄𐍃 𐌹𐌶𐍅𐌹𐍃 𐌾𐌰𐌷 𐌲𐌰𐍅𐌰𐌹𐍂𐌸𐌹 𐍆𐍂𐌰𐌼 𐌲𐌿𐌳𐌰 𐌰𐍄𐍄𐌹𐌽 𐌾𐌰𐌷 𐍆𐍂𐌰𐌿𐌾𐌹𐌽 𐌿𐌽𐍃𐌰𐍂𐌰𐌼𐌼𐌰 𐌹𐌴𐍃𐌿 𐍇𐍂𐌹𐍃𐍄𐌰𐌿,"
Galatians,1,4,"𐌹𐌶𐌴𐌹 𐌲𐌰𐍆 𐍃𐌹(𐌺) 𐍃(𐌹)𐌻𐌱𐌰𐌽 𐍆𐌰𐌿𐍂 𐍆𐍂𐌰𐍅𐌰𐌿𐍂𐌷𐍄𐌹𐌽𐍃 𐌿𐌽𐍃𐌰𐍂𐍉𐍃, 𐌴𐌹 𐌿𐍃𐌻𐌰𐌿𐍃𐌹𐌳𐌴𐌳𐌹 𐌿𐌽𐍃 𐌿𐍃 𐌸𐌰𐌼(𐌼)𐌰 𐌰𐌽𐌳𐍅𐌰𐌹𐍂𐌸𐌹𐌽 𐌰𐌹𐍅𐌰 𐌿𐌱𐌹𐌻𐌹𐌽 𐌱𐌹 𐍅(𐌹)𐌻𐌾𐌹𐌽 𐌲𐌿𐌳𐌹𐍃 𐌾𐌰𐌷 𐌰𐍄𐍄𐌹𐌽𐍃 𐌿𐌽𐍃𐌰𐍂𐌹𐍃,"
Galatians,1,5,"𐌸𐌰𐌼𐌼𐌴𐌹 𐍅𐌿𐌻𐌸𐌿𐍃 𐌳𐌿 𐌰𐌹𐍅𐌰𐌼, 𐌰𐌼𐌴𐌽."
Galatians,1,6,"𐍃𐌹𐌻𐌳𐌰𐌻𐌴𐌹𐌺𐌾𐌰 𐌴𐌹 𐍃𐍅𐌰[𐍃𐍅𐌴] 𐍃𐍀𐍂𐌰𐌿𐍄𐍉 𐌰𐍆𐍅𐌰𐌽𐌳𐌾𐌰𐌽𐌳𐌰 𐌰𐍆 𐌸𐌰𐌼𐌼𐌰 𐌻𐌰𐌸𐍉𐌽𐌳𐌹𐌽 𐌹𐌶𐍅𐌹𐍃 𐌹𐌽 𐌰𐌽𐍃𐍄𐌰𐌹 𐍇𐍂𐌹𐍃𐍄𐌰𐌿𐍃 𐌳𐌿 𐌰𐌽𐌸𐌰𐍂𐌰𐌼𐌼𐌰 𐌰𐌹𐍅𐌰𐌲𐌲𐌴𐌻𐌾𐌰,"
Galatians,1,7,"𐌸𐌰𐍄𐌴𐌹 𐌽𐌹𐍃𐍄 𐌰𐌽𐌸𐌰𐍂, 𐌰𐌻𐌾𐌰 𐍃𐌿𐌼𐌰𐌹 𐍃𐌹𐌽𐌳 𐌸𐌰𐌹 𐌳𐍂𐍉𐌱𐌾𐌰𐌽𐌳𐌰𐌽𐍃 𐌹𐌶𐍅𐌹𐍃 𐌾𐌰𐌷 𐍅𐌹𐌻𐌾𐌰𐌽𐌳𐌰𐌽𐍃 𐌹𐌽𐍅𐌰𐌽𐌳𐌾𐌰𐌽 𐌰𐌹𐍅𐌰𐌲𐌲𐌴𐌻𐌹 𐍇𐍂𐌹𐍃𐍄𐌰𐌿𐍃...."
Galatians,1,8,
Galatians,1,9,
Galatians,1,10,
Galatians,1,11,
Galatians,1,12,
Galatians,1,13,
Galatians,1,14,
Galatians,1,15,
Galatians,1,16,
Galatians,1,17,
Galatians,1,18,
Galatians,1,19,
Galatians,1,20,"𐌰𐌸𐌸𐌰𐌽 𐌸𐌰𐍄𐌴𐌹 𐌼𐌴𐌻𐌾𐌰 𐌹𐌶𐍅𐌹𐍃, 𐍃𐌰𐌹, 𐌹𐌽 𐌰𐌽𐌳𐍅𐌰𐌹𐍂𐌸𐌾𐌰 𐌲𐌿𐌳𐌹𐍃, 𐌴𐌹 𐌽𐌹 𐌻𐌹𐌿𐌲𐌰."
Galatians,1,21,𐌸𐌰𐌸𐍂𐍉 𐌵𐌰𐌼 𐌰𐌽𐌰 𐍆𐌴𐍂𐌰 𐍃𐌰𐌿𐍂𐌰𐌹𐍃 𐌾𐌰𐌷 𐌺𐌹𐌻𐌴𐌹𐌺𐌹𐌰𐌹𐍃.
Galatians,1,22,.... 𐌿𐌽𐌺𐌿𐌽𐌸𐍃 𐍅𐌻𐌹𐍄𐌰 𐌰𐌹𐌺𐌺𐌻𐌴𐍃𐌾𐍉𐌼 𐌹𐌿𐌳𐌰𐌹𐌰𐍃 𐌸𐌰𐌹𐌼 𐌹𐌽 𐍇𐍂𐌹𐍃𐍄𐌰𐌿; 𐍅𐌰𐍃𐌿𐌸~𐌸𐌰𐌽 𐌿𐌽𐌺𐌿𐌽𐌸𐍃 𐍅𐌻𐌹𐍄𐌰 𐌰𐌹𐌺𐌺𐌻𐌴𐍃𐌾𐍉𐌼 𐌹𐌿𐌳𐌰𐌹𐌰𐍃 𐌸𐌰𐌹𐌼 𐌹𐌽 𐍇𐍂𐌹𐍃𐍄𐌰𐌿;
Galatians,1,23,"𐌸𐌰𐍄𐌰𐌹𐌽𐌴𐌹 𐌷𐌰𐌿𐍃𐌾𐌰𐌽𐌳𐌰𐌽𐍃 𐍅𐌴𐍃𐌿𐌽 𐌸𐌰𐍄𐌴𐌹 𐍃𐌰𐌴𐌹 𐍅𐍂𐌰𐌺 𐌿𐌽𐍃 𐍃𐌹𐌼𐌻𐌴, 𐌽𐌿 𐌼𐌴𐍂𐌴𐌹𐌸 𐌲𐌰𐌻𐌰𐌿𐌱𐌴𐌹𐌽 𐌸𐍉𐌴𐌹 𐍃𐌿𐌼𐌰𐌽 𐌱𐍂𐌰𐌺; 𐌸𐌰𐍄𐌰𐌹𐌽𐌴𐌹 𐌷𐌰𐌿𐍃𐌾𐌰𐌽𐌳𐌰𐌽𐍃 𐍅𐌴𐍃𐌿𐌽 𐌸𐌰𐍄𐌴𐌹 𐍃𐌰𐌴𐌹 𐍅𐍂𐌰𐌺 𐌿𐌽𐍃 𐍃𐌹𐌼𐌻𐌴, 𐌽𐌿 𐌼𐌴𐍂𐌴𐌹𐌸 𐌲𐌰𐌻𐌰𐌿𐌱𐌴𐌹𐌽 𐌸𐍉𐌴𐌹 𐍃𐌿𐌼𐌰𐌽 𐌱𐍂𐌰𐌺;"
Galatians,1,24,𐌾𐌰𐌷 𐌹𐌽 𐌼𐌹𐍃 𐌼𐌴𐌻𐌹𐌳𐌴𐌳𐌿𐌽 𐌲𐌿𐌸. 𐌾𐌰𐌷 𐌹𐌽 𐌼𐌹𐍃 𐌼𐌹𐌺𐌹𐌻𐌹𐌳𐌴𐌳𐌿𐌽 𐌲𐌿𐌸.
Galatians,2,1,"Ã𐌰𐌸𐍂𐍉𐌷 𐌱𐌹 𐍆𐌹𐌳𐍅𐍉𐍂𐍄𐌰𐌹𐌷𐌿𐌽 𐌾𐌴𐍂𐌰 𐌿𐍃𐌹𐌳𐌳𐌾𐌰 𐌰𐍆𐍄𐍂𐌰 𐌹𐌽 𐌹𐌰𐌹𐍂𐌿𐍃𐌰𐌿𐌻𐍅𐌼𐌰 𐌼𐌹𐌸 𐌱𐌰𐍂𐌽𐌰𐌱𐌹𐌽, 𐌲𐌰𐌽𐌹𐌼𐌰𐌽𐌳𐍃 𐌼𐌹𐌸 𐌼𐌹𐍃 𐌾𐌰𐌷 𐍄𐌴𐌹𐍄𐌿. Ã𐌰𐌸𐍂𐍉𐌷 𐌱𐌹 ·𐌹𐌳· 𐌾𐌴𐍂𐌰 𐌿𐍃𐌹𐌳𐌳𐌾𐌰 𐌰𐍆𐍄𐍂𐌰 𐌹𐌽 𐌹𐌰𐌹𐍂𐌿𐍃𐌰𐌿𐌻𐍅𐌼𐌰 𐌼𐌹𐌸 𐌱𐌰𐍂𐌽𐌰𐌱𐌹𐌽, 𐌲𐌰𐌽𐌹𐌼𐌰𐌽𐌳𐍃 𐌼𐌹𐌸 𐌼𐌹𐍃 𐌾𐌰𐌷 𐍄𐌴𐌹𐍄𐌿."
Galatians,2,2,"𐌿𐌶𐌿𐌸~𐌸𐌰𐌽~𐌹𐌳𐌳𐌾𐌰 𐌱𐌹 𐌰𐌽𐌳𐌷𐌿𐌻𐌴𐌹𐌽𐌰𐌹, 𐌾𐌰𐌷 𐌿𐍃𐍃𐍉𐌺 𐌹𐌼 𐌰𐌹𐍅𐌰𐌲𐌲𐌴𐌻𐌹 𐌸𐌰𐍄𐌴𐌹 𐌼𐌴𐍂𐌾𐌰 𐌹𐌽 𐌸𐌹(𐌿)𐌳𐍉𐍃, 𐌹𐌸 𐍃𐌿𐌽𐌳𐍂𐍉 𐌸𐌰𐌹𐌼𐌴𐌹 𐌸𐌿𐌷𐍄𐌰, 𐌹𐌱𐌰𐌹 𐍃𐍅𐌰𐍂𐌴 𐍂𐌹𐌽𐌽𐌰𐌿 𐌰𐌹𐌸𐌸𐌰𐌿 𐍂𐌿𐌽𐌽𐌾𐌰𐌿. 𐌿𐌶𐌿𐌸~𐌸𐌰𐌽~𐌹𐌳𐌳𐌾𐌰 𐌱𐌹 𐌰𐌽𐌳𐌷𐌿𐌻𐌴𐌹𐌽𐌰𐌹, 𐌾𐌰𐌷 𐌿𐍃𐍃𐍉𐌺 𐌹𐌼 𐌰𐌹𐍅𐌰𐌲𐌲𐌴𐌻𐌹 𐌸𐌰𐍄𐌴𐌹 𐌼𐌴𐍂𐌾𐌰 𐌹𐌽 𐌸𐌹𐌿𐌳𐍉𐌼, 𐌹𐌸 𐍃𐌿𐌽𐌳𐍂𐍉 𐌸𐌰𐌹𐌼𐌴𐌹 𐌸𐌿𐌷𐍄𐌰, 𐌹𐌱𐌰𐌹 𐍃𐍅𐌰𐍂𐌴 𐍂𐌹𐌽𐌽𐌰𐌿 𐌰𐌹𐌸𐌸𐌰𐌿 𐍂𐌿𐌽𐌽𐌾𐌰𐌿."
Galatians,2,3,"𐌰𐌺𐌴𐌹 𐌽𐌹𐌷 𐍄𐌴𐌹𐍄𐌿𐍃, 𐍃𐌰 𐌼𐌹𐌸 𐌼𐌹𐍃, 𐌺𐍂𐌴𐌺𐍃 𐍅𐌹𐍃𐌰𐌽𐌳𐍃, 𐌱𐌰𐌹𐌳𐌹𐌸𐍃 𐍅𐌰𐍃 𐌱𐌹𐌼𐌰𐌹𐍄𐌰𐌽. 𐌰𐌺𐌴𐌹 𐌽𐌹𐌷 𐍄𐌴𐌹𐍄𐌿𐍃, 𐍃𐌰 𐌼𐌹𐌸 𐌼𐌹𐍃, 𐌺𐍂𐌴𐌺𐍃 𐍅𐌹𐍃𐌰𐌽𐌳𐍃, 𐌱𐌰𐌹𐌳𐌹𐌸𐍃 𐍅𐌰𐍃 𐌱𐌹𐌼𐌰𐌹𐍄𐌰𐌽."
Galatians,2,4,"𐌰𐌸𐌸𐌰𐌽 𐌹𐌽 𐌸𐌹𐌶𐌴 𐌿(𐍆)𐍃𐌻𐌹𐌿𐍀𐌰𐌽𐌳𐌰𐌽𐌴 𐌲𐌰𐌻𐌹𐌿𐌲𐌰𐌱𐍂𐍉𐌸𐍂𐌴, 𐌸𐌰𐌹𐌴𐌹 𐌹𐌽𐌽𐌿𐍆𐍃𐌻𐌿𐍀𐌿𐌽 𐌱𐌹𐌽𐌹𐌿𐌷𐍃𐌾𐌰𐌽 𐍆𐍂𐌴𐌹𐌾𐌷𐌰𐌻𐍃 𐌿𐌽𐍃𐌰𐍂𐌰𐌽𐌰 𐌸𐌰𐌽𐌴𐌹 𐌰𐌹𐌷𐌿𐌼 𐌹𐌽 𐍇𐍂𐌹𐍃𐍄𐌰𐌿 𐌹𐌴𐍃𐌿, 𐌴𐌹 𐌿𐌽𐍃𐌹𐍃 𐌲𐌰𐌸𐌹𐍅𐌰𐌹𐌳𐌴𐌳𐌴𐌹𐌽𐌰; 𐌰𐌸𐌸𐌰𐌽 𐌹𐌽 𐌸𐌹𐌶𐌴𐌹 𐌿𐍆𐍃𐌻𐌹𐌿𐍀𐌰𐌽𐌳𐌰𐌽𐌴 𐌲𐌰𐌻𐌹𐌿𐌲𐌰𐌱𐍂𐍉𐌸𐍂𐌴, 𐌸𐌰𐌹𐌴𐌹 𐌹𐌽𐌽𐌿𐍆𐍃𐌻𐌿𐍀𐌿𐌽 𐌱𐌹𐌽𐌹𐌿𐌷𐍃𐌾𐌰𐌽 𐍆𐍂𐌴𐌹𐌷𐌰𐌻𐍃 𐌿𐌽𐍃𐌰𐍂𐌰𐌽𐌰 𐌸𐌰𐌽𐌴𐌹 𐌰𐌹𐌷𐌿𐌼 𐌹𐌽 𐍇𐍂𐌹𐍃𐍄𐌰𐌿 𐌹𐌴𐍃𐌿, 𐌴𐌹 𐌿𐌽𐍃𐌹𐍃 𐌲𐌰𐌸𐌹𐍅𐌰𐌹𐌳𐌴𐌳𐌴𐌹𐌽𐌰;"
Galatians,2,5,"𐌸𐌰𐌹𐌼𐌴𐌹 𐌽𐌹𐌷 𐍈𐌴𐌹𐌻𐍉𐌷𐌿𐌽 𐌲𐌰𐌺𐌿𐌽𐌸𐌴𐌳𐌿𐌼 𐌿𐍆𐌷𐌽𐌰𐌹𐍅𐌴𐌹𐌽, 𐌴𐌹 𐍃𐌿𐌽𐌾𐌰 𐌰𐌹𐍅𐌰𐌲𐌲𐌴𐌻𐌾𐍉𐌽𐍃 𐌲𐌰𐍃𐍄𐌰𐌽𐌳𐌰𐌹 𐌰𐍄 𐌹𐌶𐍅𐌹𐍃. 𐌸𐌰𐌹𐌼𐌴𐌹 𐌽𐌹 𐍈𐌴𐌹𐌻𐍉𐌷𐌿𐌽 𐌲𐌰𐌺𐌿𐌽𐌸𐌴𐌳𐌿𐌼 𐌿𐍆𐌷𐌽𐌰𐌹𐍅𐌴𐌹𐌽, 𐌴𐌹 𐍃𐌿𐌽𐌾𐌰 𐌰𐌹𐍅𐌰𐌲𐌲𐌴𐌻𐌾𐍉𐌽𐍃 𐌲𐌰𐍃𐍄𐌰𐌽𐌳𐌰𐌹 𐌰𐍄 𐌹𐌶𐍅𐌹𐍃."
Galatians,2,6,"𐌰𐌸𐌸𐌰𐌽 𐌰𐍆 𐌸𐌰𐌹𐌼 𐌸𐌿𐌲𐌺𐌾𐌰𐌽𐌳𐌰𐌼 𐍅𐌹𐍃𐌰𐌽 𐍈𐌰, 𐍈𐌹𐌻𐌴𐌹𐌺𐌰𐌹 𐍃𐌹𐌼𐌻𐌴 𐍅𐌴𐍃𐌿𐌽 𐌽𐌹 𐍅𐌰𐌹𐌷𐍄 𐌼𐌹𐍃 𐍅𐌿𐌻𐌸𐍂𐌰𐌹𐍃 𐌹𐍃𐍄, 𐌲𐌿𐌸 𐌼𐌰𐌽𐍃 𐌰𐌽𐌳𐍅𐌰𐌹𐍂𐌸𐌹 𐌽𐌹 𐌰𐌽𐌳𐍃𐌹𐍄𐌹𐌸; 𐌰𐌸𐌸𐌰𐌽 𐌼𐌹𐍃 𐌸𐌰𐌹 𐌸𐌿𐌲𐌺𐌾𐌰𐌽𐌳𐌰𐌽𐍃 𐌽𐌹 𐍅𐌰𐌹𐌷𐍄 𐌰𐌽𐌰𐌹𐌽𐍃𐍉𐌺𐌿𐌽; 𐌰𐌸𐌸𐌰𐌽 𐌰𐍆 𐌸𐌰𐌹𐌼 𐌸𐌿𐌲𐌺𐌾𐌰𐌽𐌳𐌰𐌼 𐍅𐌹𐍃𐌰𐌽 𐍈𐌰, 𐍈𐌹𐌻𐌴𐌹𐌺𐌰𐌹 𐍃𐌹𐌼𐌻𐌴 𐍅𐌴𐍃𐌿𐌽 𐌽𐌹 𐍅𐌰𐌹𐌷𐍄 𐌼𐌹𐍃 𐍅𐌿𐌻𐌸𐍂(𐌰)𐌹𐍃 𐌹𐍃𐍄, 𐌲𐌿𐌸 𐌼𐌰𐌽𐍃 𐌰𐌽𐌳𐍅𐌰𐌹𐍂𐌸𐌹 𐌽𐌹 𐌰𐌽𐌳𐍃𐌹𐍄𐌰𐌹𐌸; 𐌰𐌸𐌸𐌰𐌽 𐌼𐌹𐍃 𐌸𐌰𐌹 𐌸𐌿𐌲𐌺𐌾𐌰𐌽𐌳𐌰𐌽𐍃 𐌽𐌹 𐍅𐌰𐌹𐌷𐍄 𐌰𐌽𐌰𐌹𐌽𐍃𐍉𐌺𐌿𐌽;"
Galatians,2,7,"𐌰𐌺 𐌸𐌰𐍄𐌰 𐍅𐌹𐌸𐍂𐌰𐌸𐍉, 𐌲𐌰𐍃𐌰𐌹𐍈𐌰𐌽𐌳𐌰𐌽𐍃 𐌸𐌰𐍄𐌴𐌹 𐌲𐌰𐍄𐍂𐌰𐌿𐌰𐌹𐌳𐌰 𐍅𐌰𐍃 𐌼𐌹𐍃 𐌰𐌹𐍅𐌰𐌲𐌲𐌴𐌻𐌾𐍉 𐍆𐌰𐌿𐍂𐌰𐍆𐌹𐌻𐌻𐌾𐌹𐍃, 𐍃𐍅𐌰𐍃𐍅𐌴 𐍀𐌰𐌹𐍄𐍂𐌿 𐌱𐌹𐌼𐌰𐌹𐍄𐌹𐍃, 𐌰𐌺 𐌸𐌰𐍄𐌰 𐍅𐌹𐌸𐍂𐌰𐍅𐌰𐌹𐍂𐌸𐍉, 𐌲𐌰𐍃𐌰𐌹𐍈𐌰𐌽𐌳𐌰𐌽𐍃 𐌸𐌰𐍄𐌴𐌹 𐌲𐌰𐍄𐍂𐌰𐌿𐌰𐌹𐌳𐌰 𐍅𐌰𐍃 𐌼𐌹𐍃 𐌰𐌹𐍅𐌰𐌲𐌲𐌴𐌻𐌾𐍉 𐍆𐌰𐌿𐍂𐌰𐍆𐌹𐌻𐌻𐌾𐌹𐍃, 𐍃𐍅𐌰𐍃𐍅𐌴 𐍀𐌰𐌹𐍄𐍂𐌰𐌿 𐌱𐌹𐌼𐌰𐌹𐍄𐌹𐍃,"
Galatians,2,8,"𐌿𐌽𐍄𐌴 𐍃𐌰𐌴𐌹 𐍅𐌰𐌿𐍂𐍃𐍄𐍅𐌴𐌹𐌲 𐌲𐌰𐍄𐌰𐍅𐌹𐌳𐌰 𐍀𐌰𐌹𐍄𐍂𐌰𐌿 𐌳𐌿 𐌰𐍀𐌰𐌿𐍃𐍄𐌰𐌿𐌻𐌴𐌹𐌽 𐌱𐌹𐌼𐌰𐌹𐍄𐌹𐍃, 𐍅𐌰𐌿𐍂𐍃𐍄𐍅𐌴𐌹𐌲 𐌲𐌰𐍄𐌰𐍅𐌹𐌳𐌰 𐌾𐌰𐌷 𐌼𐌹𐍃 𐌹𐌽 𐌸𐌹𐌿𐌳𐍉𐍃, 𐌿𐌽𐍄𐌴 𐍃𐌰𐌴𐌹 𐍅𐌰𐌿𐍂𐍃𐍄𐍅𐌴𐌹𐌲 𐌲𐌰𐍄𐌰𐍅𐌹𐌳𐌰 𐍀𐌰𐌹𐍄𐍂𐌰𐌿 𐌳𐌿 𐌰𐍀𐌰𐌿𐍃𐍄𐌰𐌿𐌻𐌴𐌹𐌽 𐌱𐌹𐌼𐌰𐌹𐍄𐌹𐍃, 𐍅𐌰𐌿𐍂𐍃𐍄𐍅𐌴𐌹𐌲 𐌲𐌰𐍄𐌰𐍅𐌹𐌳𐌰 𐌾𐌰𐌷 𐌼𐌹𐍃 𐌹𐌽 𐌸𐌹𐌿𐌳𐍉𐍃,"
Galatians,2,9,"𐌾𐌰𐌷 𐌿𐍆𐌺𐌿𐌽𐌽𐌰𐌽𐌳𐌰𐌽𐍃 𐌰𐌽𐍃𐍄 𐌸𐍉.... 𐌾𐌰𐌷 𐌿𐍆𐌺𐌿𐌽𐌽𐌰𐌽𐌳𐌰𐌽𐍃 𐌰𐌽𐍃𐍄 𐌸𐍉 𐌲𐌹𐌱𐌰𐌽𐍉𐌽 𐌼𐌹𐍃, 𐍀𐌰𐌹𐍄𐍂𐌿𐍃 𐌾𐌰𐌷 𐌹𐌰𐌺𐍉𐌱𐌿𐍃 𐌾𐌰𐌷 𐌹𐍉𐌷𐌰𐌽𐌽𐌴𐍃, 𐌸𐌰(𐌹)𐌴𐌹 𐌸𐌿𐌷𐍄𐌴𐌳𐌿𐌽 𐍃𐌰(𐌿𐌻)𐌴𐌹𐍃 𐍅𐌹𐍃𐌰𐌽, 𐍄𐌰𐌹𐌷𐍃𐍅𐍉𐌽𐍃 𐌰𐍄𐌲𐌴𐌱𐌿𐌽 𐌼𐌹𐍃 𐌾𐌰𐌷 𐌱𐌰𐍂𐌽𐌰𐌱𐌹𐌽 𐌲𐌰𐌼𐌰𐌹𐌽𐌴𐌹𐌽𐍃, 𐍃𐍅𐌴 𐍅𐌴𐌹𐍃 𐌳𐌿 𐌸𐌹𐌿𐌳𐍉𐌼, 𐌹𐌸 𐌴𐌹𐍃 𐌳𐌿 𐌱𐌹𐌼𐌰𐌹𐍄𐌰;"
Galatians,2,10,𐌸𐌰𐍄𐌰𐌹𐌽𐌴𐌹 𐌸𐌹𐌶𐌴𐌹 𐌿𐌽𐌻𐌴𐌳𐌰𐌽𐌴 𐌴𐌹 𐌲𐌰𐌼𐌿𐌽𐌴𐌹𐌼𐌰 𐌸𐌰𐍄𐌴𐌹 𐌿𐍃𐌳𐌰𐌿𐌳𐌹𐌳𐌰 𐌸𐌰𐍄𐌰 𐍃𐌹𐌻𐌱𐍉 𐍄𐌰𐌿𐌾𐌰𐌽.
Galatians,2,11,"𐌰𐌸𐌸𐌰𐌽 𐌸𐌰𐌽 𐌵𐌰𐌼 𐍀𐌰𐌹𐍄𐍂𐌿𐍃 𐌹𐌽 𐌰𐌽𐍄𐌹𐍉𐌺𐌾𐌰𐌹, 𐌹𐌽 𐌰𐌽𐌳𐍅𐌰𐌹𐍂𐌸𐌹 𐌹𐌼𐌼𐌰 𐌰𐌽𐌳𐍃𐍄𐍉𐌸, 𐌿𐌽𐍄𐌴 𐌲𐌰𐍄𐌰𐍂𐌷𐌹𐌸𐍃 𐍅𐌰𐍃."
Galatians,2,12,"𐌿𐌽𐍄𐌴 𐍆𐌰𐌿𐍂𐌸𐌹𐌶𐌴𐌹 𐌵𐌴𐌼𐌴𐌹𐌽𐌰 𐍃𐌿𐌼𐌰𐌹 𐍆𐍂𐌰𐌼 𐌹𐌰𐌺𐍉𐌱𐌰𐌿, 𐌼𐌹𐌸 𐌸𐌹𐌿𐌳𐍉𐌼 𐌼𐌰𐍄𐌹𐌳𐌰; 𐌹𐌸 𐌱𐌹𐌸𐌴 𐌵𐌴𐌼𐌿𐌽, 𐌿𐍆𐍃𐌻𐌰𐌿𐍀 𐌾𐌰𐌷 𐌰𐍆𐍃𐌺𐌰𐌹𐍃𐌺𐌰𐌹𐌳 𐍃𐌹𐌺 𐍉𐌲𐌰𐌽𐍃 𐌸𐌰𐌽𐍃 𐌿𐍃 𐌱𐌹𐌼𐌰𐌹𐍄𐌰."
Galatians,2,13,"𐌾𐌰𐌷 𐌼𐌹𐌸𐌻𐌹𐍄𐌹𐌳𐌴𐌳𐌿𐌽 𐌹𐌼𐌼𐌰 𐌸𐌰𐌹 𐌰𐌽𐌸𐌰𐍂𐌰𐌹 𐌹𐌿𐌳𐌰𐌹𐌴𐌹𐍃, 𐍃𐍅𐌰𐌴𐌹 𐌱𐌰𐍂𐌽𐌰𐌱𐌰𐍃 𐌼𐌹𐌸𐌲𐌰𐍄𐌰𐌿𐌷𐌰𐌽𐍃 𐍅𐌰𐍂𐌸 𐌸𐌹𐌶𐌰𐌹 𐌻𐌹𐍄𐌰𐌹 𐌹𐌶𐌴."
Galatians,2,14,"𐌰𐌺𐌴 𐌱𐌹𐌸𐌴 𐌹𐌺 𐌲𐌰𐍃𐌰𐍈 𐌸𐌰𐍄𐌴𐌹 𐌽𐌹 𐍂𐌰𐌹𐌷𐍄𐌰𐌱𐌰 𐌲𐌰𐌲𐌲𐌰𐌽𐌳 𐌳𐌿 𐍃𐌿𐌽𐌾𐌰𐌹 𐌰𐌹𐍅𐌰𐌲𐌲𐌴𐌻𐌾𐍉𐌽𐍃, 𐌵𐌰𐌸 𐌳𐌿 𐍀𐌰𐌹𐍄𐍂𐌰𐌿 𐍆𐌰𐌿𐍂𐌰 𐌰𐌻𐌻𐌰𐌹𐌼: (𐌾𐌰𐌱)𐌰𐌹 𐌸𐌿 𐌹𐌿𐌳𐌰𐌹𐌿𐍃 𐍅𐌹𐍃𐌰𐌽𐌳𐍃 𐌸𐌹𐌿𐌳𐌹𐍃𐌺𐍉 𐌻𐌹𐌱𐌰𐌹𐍃 𐌾𐌰𐌷 𐌽𐌹 𐌹𐌿𐌳𐌰𐌹𐍅𐌹𐍃𐌺𐍉, 𐍈𐌰𐌹𐍅𐌰 𐌸𐌹𐌿𐌳𐍉𐍃 𐌱𐌰𐌹𐌳𐌴𐌹𐍃 𐌹𐌿𐌳𐌰𐌹𐍅𐌹𐍃𐌺𐍉𐌽?"
Galatians,2,15,𐍅𐌴𐌹𐍃 𐍂𐌰𐌹𐌷𐍄𐌹𐍃 𐌹𐌿𐌳𐌰𐌹𐌴𐌹𐍃 𐍅𐌹𐍃𐌰𐌽𐌳𐌰𐌽𐍃 𐌾𐌰𐌷 𐌽𐌹 𐌿𐍃 𐌸𐌹𐌿𐌳𐍉𐌼 𐍆𐍂𐌰𐍅𐌰𐌿𐍂𐌷𐍄𐌰𐌹;
Galatians,2,16,"𐌰𐌸𐌸𐌰𐌽 𐍅𐌹𐍄𐌰𐌽𐌳𐌰𐌽𐍃 𐌸𐌰𐍄𐌴𐌹 𐌽𐌹 𐍅𐌰𐌹𐍂𐌸𐌹𐌸 𐌲𐌰𐍂𐌰𐌹𐌷𐍄𐍃 𐌼𐌰𐌽𐌽𐌰 𐌿𐍃 𐍅𐌰𐌿𐍂𐍃𐍄𐍅𐌰𐌼 𐍅𐌹𐍄𐍉𐌳𐌹𐍃, 𐌰𐌻𐌾𐌰 𐌸𐌰𐌹𐍂𐌷 𐌲𐌰𐌻𐌰𐌿𐌱𐌴𐌹𐌽 𐌹𐌴𐍃𐌿𐌹𐍃 𐍇𐍂𐌹𐍃𐍄𐌰𐌿𐍃, 𐌾𐌰𐌷 𐍅𐌴𐌹𐍃 𐌹𐌽 𐍇𐍂𐌹𐍃𐍄𐌰𐌿 𐌹𐌴𐍃𐌿𐌰 𐌲𐌰𐌻𐌰𐌿𐌱𐌹𐌳𐌴𐌳𐌿𐌼, 𐌴𐌹 𐌲𐌰𐍂𐌰𐌹𐌷𐍄𐌰𐌹 𐍅𐌰𐌹𐍂𐌸𐌰𐌹𐌼𐌰 𐌿𐍃 𐌲𐌰𐌻𐌰𐌿𐌱𐌴𐌹𐌽𐌰𐌹 𐍇𐍂𐌹𐍃𐍄𐌰𐌿𐍃 𐌹𐌴𐍃𐌿𐌹𐍃 𐌾𐌰𐌷 𐌽𐌹 𐌿𐍃 𐍅𐌰𐌿𐍂𐍃𐍄𐍅𐌰𐌼 𐍅𐌹𐍄𐍉𐌳𐌹𐍃; 𐌿𐌽𐍄𐌴 𐌽𐌹 𐍅𐌰𐌹𐍂𐌸𐌹𐌸 𐌲𐌰𐍂𐌰𐌹𐌷𐍄𐍃 𐌿𐍃 𐍅𐌰𐌿𐍂𐍃𐍄𐍅𐌰𐌼 𐍅𐌹𐍄𐍉𐌳𐌹𐍃 𐌰𐌹𐌽𐌷𐌿𐌽 𐌻𐌴𐌹𐌺𐌴."
Galatians,2,17,".... 𐍃𐍉𐌺𐌾𐌰𐌽𐌳𐌰𐌽𐍃 𐌴𐌹 𐌲𐌰𐍂𐌰𐌹𐌷𐍄𐌰𐌹 𐌳𐍉𐌼𐌾𐌰𐌹𐌽𐌳𐌰𐌿 𐌹𐌽 𐍇𐍂𐌹𐍃𐍄𐌰𐌿, 𐌱𐌹𐌲𐌹𐍄𐌰𐌽𐌰𐌹 𐍃𐌹𐌾𐌿𐌼 𐌾𐌰𐍃~𐍃𐌹𐌻𐌱𐌰𐌽𐍃 𐍆𐍂𐌰𐍅𐌰𐌿𐍂𐌷𐍄𐌰𐌹, 𐌸𐌰𐌽𐌽𐌿 𐍇𐍂𐌹𐍃𐍄𐌿𐍃 𐍆𐍂𐌰𐍅𐌰𐌿𐍂𐌷𐍄𐌰𐌹𐍃 𐌰𐌽𐌳𐌱𐌰𐌷𐍄𐍃? 𐌽𐌹𐍃~𐍃𐌹𐌾𐌰𐌹. 𐌰𐌸𐌸𐌰𐌽 𐌾𐌰𐌱𐌰𐌹 𐍃𐍉𐌺𐌾𐌰𐌽𐌳𐌰𐌽𐍃 𐌴𐌹 𐌲𐌰𐍂𐌰𐌹𐌷𐍄𐌰𐌹 𐌳𐍉𐌼𐌾𐌰𐌹𐌽𐌳𐌰𐌿 𐌹𐌽...."
Galatians,2,18,"𐌿𐌽𐍄𐌴 𐌾𐌰𐌱𐌰𐌹 𐌸𐌰𐍄𐌴𐌹 𐌲𐌰𐍄𐌰𐍂, 𐌸𐌰𐍄𐌰 𐌰𐍆𐍄𐍂𐌰 𐍄𐌹𐌼𐍂𐌾𐌰, 𐌼𐌹𐍃𐍃𐌰𐍄𐌰𐌿𐌾𐌰𐌽𐌳𐌰𐌽 𐌼𐌹𐌺 𐍃𐌹𐌻𐌱𐌰𐌽 𐌿𐍃𐍄𐌰𐌹𐌺𐌽𐌾𐌰."
Galatians,2,19,"𐌿𐌽𐍄𐌴 𐌹𐌺 𐌸𐌰𐌹𐍂𐌷 𐍅𐌹𐍄𐍉𐌸 𐍅𐌹𐍄𐍉𐌳𐌰 𐌲𐌰𐍃𐍅𐌰𐌻𐍄, 𐌴𐌹 𐌲𐌿𐌳𐌰 𐌻𐌹𐌱𐌰𐌿."
Galatians,2,20,"𐍇𐍂𐌹𐍃𐍄𐌰𐌿 𐌼𐌹𐌸𐌿𐍃𐌷𐍂𐌰𐌼𐌹𐌸𐍃 𐍅𐌰𐍂𐌸, 𐌹𐌸 𐌻𐌹𐌱𐌰 𐌽𐌿 𐌽𐌹 𐌸𐌰𐌽𐌰𐍃𐌴𐌹𐌸𐍃 𐌹𐌺, 𐌹𐌸 𐌻𐌹𐌱𐌰𐌹𐌸 𐌹𐌽 𐌼𐌹𐍃 𐍇𐍂𐌹𐍃𐍄𐌿𐍃. 𐌰𐌸𐌸𐌰𐌽 𐌸𐌰𐍄𐌴𐌹 𐌽𐌿 𐌻𐌹𐌱𐌰 𐌹𐌽 𐌻𐌴𐌹𐌺𐌰, 𐌹𐌽 𐌲𐌰𐌻𐌰𐌿𐌱𐌴𐌹𐌽𐌰𐌹 𐌻𐌹𐌱𐌰 𐍃𐌿𐌽𐌿𐍃 𐌲𐌿𐌳𐌹𐍃, 𐌸𐌹𐍃 𐍆𐍂𐌹𐌾𐍉𐌽𐌳𐌹𐌽𐍃 𐌼𐌹𐌺 𐌾𐌰𐌷 𐌰𐍄𐌲𐌹𐌱𐌰𐌽𐌳𐌹𐌽𐍃 𐍃𐌹𐌺 𐍃𐌹𐌻𐌱𐌰𐌽 𐍆𐌰𐌿𐍂 𐌼𐌹𐌺."
Galatians,2,21,"𐌽𐌹 𐍆𐌰𐌿𐍂𐌵𐌹𐌸𐌰 𐌰𐌽𐍃𐍄𐌰𐌹 𐌲𐌿𐌳𐌹𐍃; 𐌿𐌽𐍄𐌴 𐌾𐌰𐌱𐌰𐌹 𐌸𐌰𐌹𐍂𐌷 𐍅𐌹𐍄𐍉𐌸 𐌲𐌰𐍂𐌰𐌹𐌷𐍄𐌴𐌹, 𐌰𐌹𐌸𐌸𐌰𐌿 𐌾𐌰𐌷 𐍇𐍂𐌹𐍃𐍄𐌿𐍃 𐍃𐍅𐌰𐍂𐌴 𐌲𐌰𐍃𐍅𐌰𐌻𐍄."
Galatians,3,1,"𐍉 𐌿𐌽𐍆𐍂𐍉𐌳𐌰𐌽𐍃 𐌲𐌰𐌻𐌰𐍄𐌴𐌹𐍃! 𐍈𐌰𐍃 𐌹𐌶𐍅𐌹𐍃 𐌰𐍆𐌷𐌿𐌲𐌹𐌳𐌰 𐍃𐌿𐌽𐌾𐌰𐌹 𐌽𐌹 𐌿𐍆𐌷𐌰𐌿𐍃𐌾𐌰𐌽? 𐌹𐌶𐍅𐌹𐌶𐌴𐌹 𐍆𐌰𐌿𐍂𐌰 𐌰𐌿𐌲𐌰𐌼 𐌹𐌴𐍃𐌿𐍃 𐍇𐍂𐌹𐍃𐍄𐌿𐍃 𐍆𐌰𐌿𐍂𐌰𐌼𐌴𐌻𐌹𐌸𐍃 𐍅𐌰𐍃, 𐌹𐌽 𐌹𐌶𐍅𐌹𐍃 𐌿𐍃𐌷𐍂𐌰𐌼𐌹𐌸𐍃?"
Galatians,3,2,"𐌸𐌰𐍄~𐌰𐌹𐌽 𐍅𐌹𐌻𐌾𐌰𐌿 𐍅𐌹𐍄𐌰𐌽 𐍆𐍂𐌰𐌼 𐌹𐌶𐍅𐌹𐍃, 𐌿𐌶𐌿 𐍅𐌰𐌿𐍂𐍃𐍄𐍅𐌰𐌼 𐍅𐌹𐍄𐍉𐌳𐌹𐍃 𐌰𐌷𐌼𐌰𐌽 𐌽𐌴𐌼𐌿𐌸 𐌸𐌰𐌿 𐌿𐌶𐌿 𐌲𐌰𐌷𐌰𐌿𐍃𐌴𐌹𐌽𐌰𐌹 𐌲𐌰𐌻𐌰𐌿𐌱𐌴𐌹𐌽𐌰𐌹𐍃?"
Galatians,3,3,𐍃𐍅𐌰 𐌿𐌽𐍆𐍂𐍉𐌸𐌰𐌽𐍃 𐍃𐌹𐌾𐌿𐌸? 𐌰𐌽𐌰𐍃𐍄𐍉𐌳𐌾𐌰𐌽𐌳𐌰𐌽𐍃 𐌰𐌷𐌼𐌹𐌽 𐌽𐌿 𐌻𐌴𐌹𐌺𐌰 𐌿𐍃𐍄𐌹𐌿𐌷𐌹𐌸?
Galatians,3,4,𐍃𐍅𐌰 𐍆𐌹𐌻𐌿 𐌲𐌰𐍅𐌿𐌽𐌽𐌿𐌸 𐍃𐍅𐌰𐍂𐌴? 𐌰𐌸𐌸𐌰𐌽 𐌾𐌰𐌱𐌰𐌹 𐍃𐍅𐌰𐍂𐌴!
Galatians,3,5,"𐍃𐌰𐌴𐌹 𐌽𐌿 𐌰𐌽𐌳𐍃𐍄𐌰𐌻𐌳𐌹𐌸 𐌹𐌶𐍅𐌹𐍃 𐌰𐌷𐌼𐌹𐌽 𐌾𐌰𐌷 𐍅𐌰𐌿𐍂𐌺𐌴𐌹𐌸 𐌼𐌰𐌷𐍄𐌹𐌽𐍃 𐌹𐌽 𐌹𐌶𐍅𐌹𐍃, 𐌿𐌶𐌿 𐍅𐌰𐌿𐍂𐍃𐍄𐍅𐌰𐌼 𐍅𐌹𐍄𐍉𐌳𐌹𐍃 𐌸𐌰𐌿 𐌿𐌶𐌿 𐌲𐌰𐌷𐌰𐌿𐍃𐌴𐌹𐌽𐌰𐌹 𐌲𐌰𐌻𐌰𐌿𐌱𐌴𐌹𐌽𐌰𐌹𐍃?"
Galatians,3,6,𐍃𐍅𐌰𐍃𐍅𐌴 𐌾𐌰𐌷 𐌰𐌱𐍂𐌰𐌷𐌰𐌼 𐌲𐌰𐌻𐌰𐌿𐌱𐌹𐌳𐌰 𐌲𐌿𐌳𐌰....
Galatians,3,7,
Galatians,3,8,
Galatians,3,9,
Galatians,3,10,
Galatians,3,11,
Galatians,3,12,
Galatians,3,13,
Galatians,3,14,
Galatians,3,15,
Galatians,3,16,
Galatians,3,17,
Galatians,3,18,
Galatians,3,19,
Galatians,3,20,
Galatians,3,21,
Galatians,3,22,
Galatians,3,23,
Galatians,3,24,
Galatians,3,25,
Galatians,3,26,
Galatians,3,27,"𐍃𐍅𐌰 𐌼𐌰𐌽𐌰𐌲𐌰𐌹 𐌰𐌿𐌺 𐍃𐍅𐌴 𐌹𐌽 𐍇𐍂𐌹𐍃𐍄𐌰𐌿 𐌳𐌰𐌿𐍀𐌹𐌳𐌰𐌹 𐍅𐌴𐍃𐌿𐌸, 𐍇𐍂𐌹𐍃𐍄𐌰𐌿 𐌲𐌰𐌷𐌰𐌼𐍉𐌳𐌰𐌹 𐍃𐌹𐌾𐌿𐌸."
Galatians,3,28,"𐌽𐌹𐍃𐍄 𐌾𐌿𐌳𐌰𐌹𐌿𐍃 𐌽𐌹𐌷 𐌺𐍂𐌴𐌺𐍃, 𐌽𐌹𐍃𐍄 𐍃𐌺𐌰𐌻𐌺𐍃 𐌽𐌹𐌷 𐍆𐍂𐌴𐌹𐍃, 𐌽𐌹𐍃𐍄 𐌲𐌿𐌼𐌰𐌺𐌿𐌽𐌳 𐌽𐌹𐌷 𐌵𐌹𐌽𐌰𐌺𐌿𐌽𐌳; 𐌿𐌽𐍄𐌴 𐌰𐌻𐌻𐌰𐌹 𐌾𐌿𐍃 𐌰𐌹𐌽 𐍃𐌹𐌾𐌿𐌸 𐌹𐌽 𐍇𐍂𐌹𐍃𐍄𐌰𐌿 𐌹𐌴𐍃𐌿."
Galatians,3,29,"𐌰𐌸𐌸𐌰𐌽 𐌸𐌰𐌽𐌳𐌴 𐌾𐌿𐍃 𐍇𐍂𐌹𐍃𐍄𐌰𐌿𐍃, 𐌸𐌰𐌽𐌽𐌿 𐌰𐌱𐍂𐌰𐌷𐌰𐌼𐌹𐍃 𐍆𐍂𐌰𐌹𐍅 𐍃𐌹𐌾𐌿𐌸 𐌾𐌰𐌱~𐌱𐌹 𐌲𐌰𐌷𐌰𐌹𐍄𐌰𐌼 𐌰𐍂𐌱𐌾𐌰𐌽𐍃."
Galatians,4,1,"𐌰𐌸𐌸𐌰𐌽 𐌵𐌹𐌸𐌰: 𐍃𐍅𐌰𐌻𐌰𐌿𐌳 𐌼𐌴𐌻𐌹𐍃 𐍃𐍅𐌴 𐌰𐍂𐌱𐌹𐌽𐌿𐌼𐌾𐌰 𐌽𐌹𐌿𐌺𐌻𐌰𐌷𐍃 𐌹𐍃𐍄, 𐌽𐌹 𐌿𐌽𐌳 𐍅𐌰𐌹𐌷𐍄 𐌹𐌿𐍃𐌹𐌶𐌰 𐌹𐍃𐍄 𐍃𐌺𐌰𐌻𐌺𐌰, 𐍆𐍂𐌰𐌿𐌾𐌰 𐌰𐌻𐌻𐌰𐌹𐌶𐌴 𐍅𐌹𐍃𐌰𐌽𐌳𐍃;"
Galatians,4,2,𐌰𐌺𐌴𐌹 𐌿𐍆 𐍂𐌰𐌲𐌹𐌽𐌾𐌰𐌼 𐌹𐍃𐍄 𐌾𐌰𐌷 𐍆𐌰𐌿𐍂𐌰𐌲𐌰𐌲𐌲𐌰𐌼 𐌿𐌽𐌳 𐌲𐌰𐍂𐌴𐌷𐍃𐌽 𐌰𐍄𐍄𐌹𐌽𐍃.
Galatians,4,3,"𐍃𐍅𐌰 𐌾𐌰𐌷 𐍅𐌴𐌹𐍃, 𐌸𐌰𐌽 𐍅𐌴𐍃𐌿𐌼 𐌱𐌰𐍂𐌽𐌹𐍃𐌺𐌰𐌹, 𐌿𐍆 𐍃𐍄𐌰𐌱𐌹𐌼 𐌸𐌹𐍃 𐍆𐌰𐌹𐍂𐍈𐌰𐌿𐍃 𐍅𐌴𐍃𐌿𐌼 𐍃𐌺𐌰𐌻𐌺𐌹𐌽𐍉𐌽𐌳𐌰𐌽𐍃."
Galatians,4,4,"𐌹𐌸 𐌱𐌹𐌸𐌴 𐌵𐌰𐌼 𐌿𐍃𐍆𐌿𐌻𐌻𐌴𐌹𐌽𐍃 𐌼𐌴𐌻𐌹𐍃, 𐌹𐌽𐍃𐌰𐌽𐌳𐌹𐌳𐌰 𐌲𐌿𐌸 𐍃𐌿𐌽𐌿 𐍃𐌴𐌹𐌽𐌰𐌽𐌰, 𐍅𐌰𐌿𐍂𐌸𐌰𐌽𐌰𐌽𐌰 𐌿𐍃 𐌵𐌹𐌽𐍉𐌽, 𐍅𐌰𐌿𐍂𐌸𐌰𐌽𐌰𐌽𐌰 𐌿𐍆 𐍅𐌹𐍄𐍉𐌳𐌰,"
Galatians,4,5,"𐌴𐌹 𐌸𐌰𐌽𐍃 𐌿𐍆 𐍅𐌹𐍄𐍉𐌳𐌰 𐌿𐍃𐌱𐌰𐌿𐌷𐍄[𐌹𐌳]𐌴𐌳𐌹, 𐌴𐌹 𐍃𐌿𐌽𐌹𐍅𐌴 𐍃𐌹𐌱𐌾𐌰 𐌰𐌽𐌳𐌽𐌹𐌼𐌰𐌹𐌼𐌰."
Galatians,4,6,"𐌰𐌸𐌸𐌰𐌽 𐌸𐌰𐍄𐌴𐌹 𐍃𐌹𐌾𐌿𐌸 𐌾𐌿𐍃 𐍃𐌿𐌽𐌾𐌿𐍃 𐌲𐌿𐌳𐌹𐍃, 𐌹𐌽𐍃𐌰𐌽𐌳𐌹𐌳𐌰 𐌲𐌿𐌸 𐌰𐌷𐌼𐌰𐌽 𐍃𐌿𐌽𐌰𐌿𐍃 𐍃𐌴𐌹𐌽𐌹𐍃 𐌹𐌽 𐌷𐌰𐌹𐍂𐍄𐍉𐌽𐌰 𐌹𐌶𐍅𐌰𐍂𐌰 𐌷𐍂𐍉𐍀𐌾𐌰𐌽𐌳𐌰𐌽: 𐌰𐌱𐌱𐌰, 𐍆𐌰𐌳𐌰𐍂!"
Galatians,4,7,"𐍃𐍅𐌰𐌴𐌹 𐌽𐌹 𐌸𐌰𐌽𐌰𐍃𐌴𐌹𐌸𐍃 𐌹𐍃 𐍃𐌺𐌰𐌻𐌺𐍃, 𐌸𐌰𐌽𐌳𐌴 𐍃𐌿𐌽𐌿𐍃, 𐌾𐌰𐌷 𐌰𐍂𐌱𐌾𐌰 𐌲𐌿𐌳𐌹𐍃 𐌸𐌰𐌹𐍂𐌷 𐍇𐍂𐌹𐍃𐍄𐌿."
Galatians,4,8,"𐌰𐌺𐌴𐌹 𐌸𐌰𐌽 𐍃𐍅𐌴𐌸𐌰𐌿𐌷 𐌽𐌹 𐌺𐌿𐌽𐌽𐌰𐌽𐌳𐌰𐌽𐍃 𐌲𐌿𐌸, 𐌸𐌰𐌹𐌼 𐌸𐍉𐌴𐌹 𐍅𐌹𐍃𐍄𐌰𐌹 𐌽𐌹 𐍃𐌹𐌽𐌳 𐌲𐌿𐌳𐌰 𐍃𐌺𐌰𐌻𐌺𐌹𐌽𐍉𐌳𐌴𐌳𐌿𐌸;"
Galatians,4,9,"𐌹𐌸 𐌽𐌿 𐍃𐌰𐌹, 𐌿𐍆𐌺𐌿𐌽𐌽𐌰𐌽𐌳𐌰𐌽𐍃 𐌲𐌿𐌸, 𐌼𐌰𐌹𐌶𐌿𐌸~𐌸𐌰𐌽 𐌲𐌰𐌺𐌿𐌽𐌽𐌰𐌹𐌳𐌰𐌹 𐍆𐍂𐌰𐌼 𐌲𐌿𐌳𐌰, 𐍈𐌰𐌹𐍅𐌰 𐌲𐌰𐍅𐌰𐌽𐌳𐌹𐌳𐌴𐌳𐌿𐌸 𐌹𐌶𐍅𐌹𐍃 𐌰𐍆𐍄𐍂𐌰 𐌳𐌿 𐌸𐌰𐌹𐌼 𐌿𐌽𐌼𐌰𐌷𐍄𐌴𐌹𐌲𐌰𐌼 𐌾𐌰𐌷 𐌷𐌰𐌻𐌺𐌰𐌼 𐍃𐍄𐌰𐌱𐌹𐌼, 𐌸𐌰𐌹𐌼𐌴𐌹 𐌰𐍆𐍄𐍂𐌰 𐌹𐌿𐍀𐌰𐌽𐌰 𐍃𐌺𐌰𐌻𐌺𐌹𐌽𐍉𐌽 𐍅𐌹𐌻𐌴𐌹𐌸?"
Galatians,4,10,𐌳𐌰𐌲𐌰𐌼 𐍅𐌹𐍄𐌰𐌹𐌸 𐌾𐌰𐌷 𐌼𐌴𐌽𐍉𐌸𐌿𐌼 𐌾𐌰𐌷 𐌼𐌴𐌻𐌰𐌼 𐌾𐌰𐌷 𐌰𐌸𐌽𐌰𐌼.
Galatians,4,11,"𐍉𐌲 𐌹𐌶𐍅𐌹𐍃, 𐌹𐌱𐌰𐌹 𐍃𐍅𐌰𐍂𐌴 𐌰𐍂𐌱𐌰𐌹𐌳𐌹𐌳𐌴𐌳𐌾𐌰𐌿 𐌹𐌽 𐌹𐌶𐍅𐌹𐍃."
Galatians,4,12,"𐌰𐌸𐌸𐌰𐌽 𐍅𐌰𐌹𐍂𐌸𐌰𐌹𐌸 𐍃𐍅𐌴 𐌹𐌺, 𐌿𐌽𐍄𐌴 𐌾𐌰𐌷 𐌹𐌺 𐍃𐍅𐌴 𐌾𐌿𐍃, 𐌱𐍂𐍉𐌸𐍂𐌾𐌿𐍃, 𐌱𐌹𐌳𐌾𐌰 𐌹𐌶𐍅𐌹𐍃. 𐌽𐌹 𐍅𐌰𐌹𐌷𐍄 𐌼𐌹𐍃 𐌲𐌰𐍃𐌺𐍉𐌸𐌿𐌸."
Galatians,4,13,"𐍅𐌹𐍄𐌿𐌸 𐌸𐌰𐍄𐌴𐌹 𐌸𐌰𐌹𐍂𐌷 𐍃𐌹𐌿𐌺𐌴𐌹𐌽 𐌻𐌴𐌹𐌺𐌹𐍃 𐌰𐌹𐍅𐌰𐌲𐌲𐌴𐌻𐌹𐌳𐌰 𐌹𐌶𐍅𐌹𐍃 𐌸𐌰𐍄𐌰 𐍆𐍂𐌿𐌼𐍉,"
Galatians,4,14,"𐌾𐌰𐌷 𐍆𐍂𐌰𐌹𐍃𐍄𐌿𐌱𐌽𐌾𐌰𐌹 𐌰𐌽𐌰 𐌻𐌴𐌹𐌺𐌰 𐌼𐌴𐌹𐌽𐌰𐌼𐌼𐌰 𐌽𐌹 𐍆𐍂𐌰𐌺𐌿𐌽𐌸𐌴𐌳𐌿𐌸, 𐌽𐌹 𐌰𐌽𐌳𐍃𐍀𐌹𐍅𐌿𐌸, 𐌰𐌺 𐍃𐍅𐌴 𐌰𐌲𐌲𐌴𐌻𐌿 𐌲𐌿𐌳𐌹𐍃 𐌰𐌽𐌳𐌽𐌴𐌼𐌿𐌸 𐌼𐌹𐌺, 𐍃𐍅𐌴 𐍇𐍂𐌹𐍃𐍄𐌿 𐌹𐌴𐍃𐌿."
Galatians,4,15,"𐍈𐌹𐌻𐌴𐌹𐌺𐌰 𐍅𐌰𐍃 𐌽𐌿 𐌰𐌿𐌳𐌰𐌲𐌴𐌹 𐌹𐌶𐍅𐌰𐍂𐌰? 𐍅𐌴𐌹𐍄𐍅𐍉𐌳𐌾𐌰 𐌰𐌿𐌺 𐌹𐌶𐍅𐌹𐍃 𐌸𐌰𐍄𐌴𐌹 𐌾𐌰𐌱𐌰𐌹 𐌼𐌰𐌷𐍄𐌴𐌹𐌲 𐍅𐌴𐍃𐌹, 𐌰𐌿𐌲𐍉𐌽𐌰 𐌹𐌶𐍅𐌰𐍂𐌰 𐌿𐍃𐌲𐍂𐌰𐌱𐌰𐌽𐌳𐌰𐌽𐍃 𐌰𐍄𐌲𐌴𐌱𐌴𐌹𐌸 𐌼𐌹𐍃."
Galatians,4,16,"𐌹𐌸 𐌽𐌿 𐍃𐍅𐌴 𐍆𐌹𐌾𐌰𐌽𐌳𐍃 𐌹𐌶𐍅𐌹𐍃 𐍅𐌰𐍂𐌸, 𐍃𐌿𐌽𐌾𐌰 𐌲𐌰𐍄𐌴𐌹𐌷𐌰𐌽𐌳𐍃 𐌹𐌶𐍅𐌹𐍃?"
Galatians,4,17,"𐌰𐌻𐌾𐌰𐌽𐍉𐌽𐌳 𐌹𐌶𐍅𐌹𐍃 𐌽𐌹 𐍅𐌰𐌹𐌻𐌰, 𐌰𐌺 𐌿𐍃𐌻𐌴𐍄𐌰𐌽 𐌹𐌶𐍅𐌹𐍃 𐍅𐌹𐌻𐌴𐌹𐌽𐌰, 𐌴𐌹 𐌹𐌼 𐌰𐌻𐌾𐌰𐌽𐍉𐌸."
Galatians,4,18,"𐌰𐌸𐌸𐌰𐌽 𐌲𐍉𐌸 𐌹𐍃𐍄 𐌰𐌻𐌾𐌰𐌽𐍉𐌽 𐌹𐌽 𐌲𐍉𐌳𐌰𐌼𐌼𐌰 𐍃𐌹𐌽𐍄𐌴𐌹𐌽𐍉, 𐌾𐌰𐌽~𐌽𐌹 𐌸𐌰𐍄𐌰𐌹𐌽𐌴𐌹 𐌹𐌽 𐌸𐌰𐌼𐌼𐌴𐌹 𐌹𐌺 𐍃𐌹𐌾𐌰𐌿 𐌰𐌽𐌳𐍅𐌰𐌹𐍂𐌸𐍃 𐌰𐍄 𐌹𐌶𐍅𐌹𐍃."
Galatians,4,19,"𐌱𐌰𐍂𐌽𐌹𐌻𐍉𐌽𐌰 𐌼𐌴𐌹𐌽𐌰 𐌸𐌰𐌽𐌶𐌴𐌹 𐌰𐍆𐍄𐍂𐌰 𐍆𐌹𐍄𐌰, 𐌿𐌽𐍄𐌴 𐌲𐌰𐌱𐌰𐌹𐍂𐌷𐍄𐌾𐌰𐌹𐌳𐌰𐌿 𐍇𐍂𐌹𐍃𐍄𐌿𐍃 𐌹𐌽 𐌹𐌶𐍅𐌹𐍃..... 𐌸𐌰𐌽𐌶𐌴𐌹 𐌰𐍆𐍄𐍂𐌰 𐍆𐌹𐍄𐌰, 𐌿𐌽𐍄𐌴 𐌲𐌰𐌱(𐌰)𐌹𐍂𐌷𐍄𐌾𐌰𐌹𐌳𐌰𐌿 𐍇𐍂𐌹𐍃𐍄𐌰𐌿𐍃 𐌹𐌽 𐌹𐌶𐍅𐌹𐍃."
Galatians,4,20,𐌰𐌸𐌸𐌰𐌽 𐍅𐌹𐌻𐌳𐌰 𐌵𐌹𐌼𐌰𐌽 𐌰𐍄 𐌹𐌶𐍅𐌹𐍃 𐌽𐌿 𐌾𐌰𐌷 𐌹𐌽𐌼𐌰𐌹𐌳𐌾𐌰𐌽 𐍃𐍄𐌹𐌱𐌽𐌰 𐌼𐌴𐌹𐌽𐌰; 𐌿𐌽𐍄𐌴 𐌰𐍆𐍃𐌻𐌰𐌿𐌸𐌹𐌸𐍃 𐌹𐌼 𐌹𐌽 𐌹𐌶𐍅𐌹𐍃. 𐌰𐌸𐌸𐌰𐌽 𐍅𐌹𐌻𐌳𐌰 𐌵𐌹𐌼𐌰𐌽 𐌰𐍄 𐌹𐌶𐍅𐌹𐍃 𐌽𐌿 𐌾𐌰𐌷 𐌹𐌽𐌼𐌰𐌹𐌳𐌾𐌰𐌽 𐍃𐍄𐌹𐌱𐌽𐌰 𐌼𐌴𐌹𐌽𐌰; 𐌿𐌽𐍄𐌴 𐌰𐍆𐍃𐌻𐌰𐌿𐌸𐌹𐌸𐍃 𐌹𐌼 𐌹𐌽 𐌹𐌶𐍅𐌹𐍃.
Galatians,4,21,"𐌵𐌹𐌸𐌹𐌸 𐌼𐌹𐍃, 𐌾𐌿𐍃 𐌿𐍆 𐍅𐌹𐍄𐍉𐌳𐌰 𐍅𐌹𐌻𐌾𐌰𐌽𐌳𐌰𐌽𐍃 𐍅𐌹𐍃𐌰𐌽, 𐌸𐌰𐍄𐌰 𐍅𐌹𐍄𐍉𐌸 𐌽𐌹𐌿 𐌷𐌰𐌿𐍃𐌴𐌹𐌸? 𐌵𐌹𐌸𐌹𐌸 𐌼𐌹𐍃, 𐌾𐌿𐍃 𐌿𐍆 𐍅𐌹𐍄𐍉𐌳𐌰 𐍅𐌹𐌻𐌾𐌰𐌽𐌳𐌰𐌽𐍃 𐍅𐌹𐍃𐌰𐌽, 𐌸𐌰𐍄𐌰 𐍅𐌹𐍄𐍉𐌸 𐌽𐌹𐌿 𐌷𐌰𐌿𐍃𐌴𐌹𐌸?"
Galatians,4,22,"𐌲𐌰𐌼𐌴𐌻𐌹𐌸 𐌹𐍃𐍄 𐌰𐌿𐌺 𐌸𐌰𐍄𐌴𐌹 𐌰𐌱𐍂𐌰𐌷𐌰𐌼 𐍄𐍅𐌰𐌽𐍃 𐌰𐌹𐌷𐍄𐌰 𐍃𐌿𐌽𐌿𐌽𐍃, 𐌰𐌹𐌽𐌰𐌽𐌰 𐌿𐍃 𐌸𐌹𐌿𐌾𐌰𐌹 𐌾𐌰𐌷 𐌰𐌹𐌽𐌰𐌽𐌰 𐌿𐍃 𐍆𐍂𐌹𐌾𐌰𐌹; 𐌲𐌰𐌼𐌴𐌻𐌹𐌸 𐌹𐍃𐍄 𐌰𐌿𐌺 𐌸𐌰𐍄𐌴𐌹 𐌰𐌱𐍂𐌰𐌷𐌰𐌼 𐍄𐍅𐌰𐌽𐍃 𐌰𐌹𐌷𐍄𐌰 𐍃𐌿𐌽𐌿𐌽𐍃, 𐌰𐌹𐌽𐌰𐌽𐌰 𐌿𐍃 𐌸𐌹𐌿𐌾𐌰𐌹 𐌾𐌰𐌷 𐌰𐌹𐌽𐌰𐌽𐌰 𐌿𐍃 𐍆𐍂𐌹𐌾𐌰𐌹;"
Galatians,4,23,"𐌰𐌺𐌴𐌹 𐌸𐌰𐌽 𐍃𐌰 𐌿𐍃 𐌸𐌹𐌿𐌾𐌰𐌹 𐌱𐌹 𐌻𐌴𐌹𐌺𐌰.... 𐌰𐌺𐌴𐌹 𐌸𐌰𐌽 𐍃𐌰 𐌿𐍃 𐌸𐌹𐌿𐌾𐌰𐌹 𐌱𐌹 𐌻𐌴𐌹𐌺𐌰 𐌲𐌰𐌱𐌰𐌿𐍂𐌰𐌽𐍃 𐍅𐌰𐍃, 𐌹𐌸 𐍃𐌰 𐌿𐍃 𐍆𐍂𐌹𐌾𐌰𐌹 𐌱𐌹 𐌲𐌰𐌷𐌰𐌹𐍄𐌰;"
Galatians,4,24,"𐌸𐌰𐍄𐌴𐌹 𐍃𐌹𐌽𐌳 𐌰𐌻𐌾𐌰𐌻𐌴𐌹𐌺𐍉𐌳𐍉𐍃; 𐌸𐍉𐍃 𐌰𐌿𐌺 𐍃𐌹𐌽𐌳 𐍄𐍅𐍉𐍃 𐍄𐍂𐌹𐌲𐌲𐍅𐍉𐍃: 𐌰𐌹𐌽𐌰 𐍂𐌰𐌹𐌷𐍄𐌹𐍃 𐌰𐍆 𐍆𐌰𐌹𐍂𐌲𐌿𐌽𐌾𐌰 𐍃𐌴𐌹𐌽𐌰 𐌹𐌽 𐌸𐌹𐍅𐌰𐌳𐍅 𐌱𐌰𐌹𐍂𐌰𐌽𐌳𐌴𐌹, 𐍃𐌴𐌹 𐌹𐍃𐍄 𐌰𐌲𐌰𐍂;"
Galatians,4,25,"𐍃𐌴𐌹𐌽𐌰 𐍆𐌰𐌹𐍂𐌲𐌿𐌽𐌹 𐌹𐍃𐍄 𐌹𐌽 𐌰𐍂𐌰𐌱𐌹𐌰, 𐌲𐌰𐌼𐌰𐍂𐌺𐍉 𐌸𐌹𐌶𐌰𐌹 𐌽𐌿 𐌹𐌰𐌹𐍂𐌿𐍃𐌰𐌻𐌴𐌼, 𐌹𐌸 𐍃𐌺𐌰𐌻𐌺𐌹𐌽𐍉𐌸 𐌼𐌹𐌸 𐍃𐌴𐌹𐌽𐌰𐌹𐌼 𐌱𐌰𐍂𐌽𐌰𐌼."
Galatians,4,26,"𐌹𐌸 𐍃𐍉 𐌹𐌿𐍀𐌰 𐌹𐌰𐌹𐍂𐌿𐍃𐌰𐌻𐌴𐌼 𐍆𐍂𐌹𐌾𐌰 𐌹𐍃𐍄, 𐍃𐌴𐌹 𐌹𐍃𐍄 𐌰𐌹𐌸𐌴𐌹 𐌿𐌽𐍃𐌰𐍂𐌰."
Galatians,4,27,"𐌲𐌰𐌼𐌴𐌻𐌹𐌸 𐌹𐍃𐍄 𐌰𐌿𐌺: 𐍃𐌹𐍆𐌰𐌹 𐍃𐍄𐌰𐌹𐍂𐍉 𐍃𐍉 𐌿𐌽𐌱𐌰𐌹𐍂𐌰𐌽𐌳𐌴𐌹, 𐍄𐌰𐍂𐌼𐌴𐌹 𐌾𐌰𐌷 𐌷𐍂𐍉𐍀𐌴𐌹 𐍃𐍉 𐌽𐌹 𐍆𐌹𐍄𐌰𐌽𐌳𐌴𐌹, 𐌿𐌽(𐍄)𐌴 𐌼𐌰𐌽𐌰𐌲𐌰 𐌱𐌰𐍂𐌽𐌰 𐌸𐌹𐌶𐍉𐍃 𐌰𐌿𐌸𐌾𐍉𐌽𐍃 𐌼𐌰𐌹𐍃 𐌸𐌰𐌿 𐌸𐌹𐌶𐍉𐍃 𐌰𐌹𐌲𐌰𐌽𐌳𐌴𐌹𐌽𐍃 𐌰𐌱𐌰𐌽."
Galatians,4,28,"𐌰𐌸𐌸𐌰𐌽 𐍅𐌴𐌹𐍃, 𐌱𐍂𐍉𐌸𐍂𐌾𐌿𐍃, 𐌱𐌹 𐌹𐍃𐌰𐌺𐌹𐍃 𐌲𐌰𐌷𐌰𐌹𐍄𐌰 𐌱𐌰𐍂𐌽𐌰 𐍃𐌹𐌿𐌼."
Galatians,4,29,"𐌰𐌺𐌴𐌹 𐌸𐌰𐌽 𐍃𐍅𐌰𐍃𐍅𐌴 𐍃𐌰 𐌱𐌹 𐌻𐌴𐌹𐌺𐌰 𐌲𐌰𐌱𐌰𐌿𐍂𐌰𐌽𐌰 𐍅𐍂𐌰𐌺 𐌸𐌰𐌽𐌰 𐌱𐌹 𐌰𐌷𐌼𐌹𐌽, 𐍃𐍅𐌰𐌷 𐌾𐌰𐌷 𐌽𐌿."
Galatians,4,30,𐌰𐌺𐌴𐌹 𐍈𐌰 𐌵𐌹𐌸𐌹𐌸 𐌸𐌰𐍄𐌰 𐌲𐌰𐌼𐌴𐌻𐌹𐌳𐍉? 𐌿𐍃𐍅𐌰𐌹𐍂𐍀 𐌸𐌹𐌶𐌰𐌹 𐌸𐌹𐌿𐌾𐌰𐌹 𐌾𐌰𐌷 𐌸𐌰𐌼𐌼𐌰 𐍃𐌿𐌽𐌰𐌿 𐌹𐌶𐍉𐍃; 𐌿𐌽𐍄𐌴 𐌽𐌹 𐌽𐌹𐌼𐌹𐌸 𐌰𐍂𐌱𐌹 𐍃𐌿𐌽𐌿𐍃 𐌸𐌹𐌿𐌾𐍉𐍃 𐌼𐌹𐌸 𐍃𐌿𐌽𐌰𐌿 𐍆𐍂𐌹𐌾𐌰𐌹𐌶𐍉𐍃.
Galatians,4,31,"𐌸𐌰𐌽𐌽𐌿 𐌽𐌿, 𐌱𐍂𐍉𐌸𐍂𐌾𐌿𐍃, 𐌽𐌹 𐍃𐌹𐌾𐌿𐌼 𐌸𐌹𐌿𐌾𐍉𐍃 𐌱𐌰𐍂𐌽𐌰, 𐌰𐌺 𐍆𐍂𐌹𐌾𐌰𐌹𐌶𐍉𐍃"
Galatians,5,1,Ã𐌰𐌼𐌼𐌴𐌹 𐍆𐍂𐌴𐌹𐌷𐌰𐌻𐍃𐌰 𐌿𐌽𐍃 𐍇𐍂𐌹𐍃𐍄𐌿𐍃 𐍆𐍂𐌹𐌾𐌰𐌽𐍃 𐌱𐍂𐌰𐌷𐍄𐌰 𐍃𐍄𐌰𐌽𐌳𐌰𐌹𐌸 𐌽𐌿 𐌽𐌹 𐌰𐍆𐍄𐍂𐌰 𐍃𐌺𐌰𐌻𐌺𐌹𐌽𐌰𐍃𐍃𐌰𐌿𐍃 𐌾𐌿𐌺𐌿𐌶𐌾𐌰 𐌿𐍃𐌸𐌿𐌻𐌰𐌹𐌸.
Galatians,5,2,"𐍃𐌰𐌹, 𐌹𐌺 𐍀𐌰𐍅𐌻𐌿𐍃 𐌵𐌹𐌸𐌰 𐌹𐌶𐍅𐌹𐍃 𐌸𐌰𐍄𐌴𐌹 𐌾𐌰𐌱𐌰𐌹 𐌱𐌹𐌼𐌰𐌹𐍄𐌹𐌸, 𐍇𐍂𐌹𐍃𐍄𐌿𐍃 𐌹𐌶𐍅𐌹𐍃 𐌽𐌹𐍃𐍄 𐌳𐌿 𐌱𐍉𐍄𐌰𐌹."
Galatians,5,3,"𐌰𐌸𐌸𐌰𐌽 𐍅𐌴𐌹𐍄𐍅𐍉𐌳𐌾𐌰 𐍈𐌰𐌼𐌼𐌴 𐌼𐌰𐌽𐌽𐌴 𐌱𐌹𐌼𐌰𐌹𐍄𐌰𐌽𐌰𐌹𐌶𐌴, 𐌸𐌰𐍄𐌴𐌹 𐍃𐌺𐌿𐌻𐌰 𐌹𐍃𐍄 𐌰𐌻𐌻 𐍅𐌹𐍄𐍉𐌸 𐍄𐌰𐌿𐌾𐌰𐌽."
Galatians,5,4,"𐌻𐌰𐌿𐍃𐌰𐌹 𐍃𐌹𐌾𐌿𐌸 𐌰𐍆 𐍇𐍂𐌹𐍃𐍄𐌰𐌿, 𐌾𐌿𐌶𐌴𐌹 𐌹𐌽 𐍅𐌹𐍄𐍉𐌳𐌰 𐌲𐌰𐍂𐌰𐌹𐌷𐍄𐌰𐌽𐍃 𐌵𐌹𐌸𐌹𐌸 𐌹𐌶𐍅𐌹𐍃; 𐌿𐍃 𐌰𐌽𐍃𐍄𐌰𐌹 𐌿𐍃(𐌳𐍂)𐌿𐍃𐌿𐌸;"
Galatians,5,5,𐌰𐌸𐌸𐌰𐌽 𐍅𐌴𐌹𐍃 𐌰𐌷𐌼𐌹𐌽 𐌿𐍃 𐌲𐌰𐌻𐌰𐌿𐌱𐌴𐌹𐌽𐌰𐌹 𐍅𐌴𐌽𐌰𐌹𐍃 𐌲𐌰𐍂𐌰𐌹𐌷𐍄𐌴𐌹𐌽𐍃 𐌱𐌴𐌹𐌳𐌰𐌼;
Galatians,5,6,"𐌿𐌽𐍄𐌴 𐌹𐌽 𐍇𐍂𐌹𐍃𐍄𐌿 𐌹𐌴𐍃𐌿 𐌽𐌹𐌷 𐌱𐌹𐌼𐌰𐌹𐍄 𐍅𐌰𐌹𐌷𐍄 𐌲𐌰𐌼𐌰𐌲 𐌽𐌹𐌷 𐍆𐌰𐌿𐍂𐌰𐍆𐌹𐌻𐌻𐌹, 𐌰𐌺 𐌲𐌰𐌻𐌰𐌿𐌱𐌴𐌹𐌽𐍃 𐌸𐌰𐌹𐍂𐌷 𐍆𐍂𐌹𐌰𐌸𐍅𐌰 𐍅𐌰𐌿𐍂𐍃𐍄𐍅𐌴𐌹𐌲𐌰."
Galatians,5,7,(𐍂)𐌿𐌽𐌽𐌿𐌸 𐍅𐌰𐌹𐌻𐌰; 𐍈𐌰𐍃 𐌹𐌶𐍅𐌹𐍃 𐌲𐌰𐌻𐌰𐍄𐌹𐌳𐌰 𐍃𐌿𐌽𐌾𐌰𐌹 𐌽𐌹 𐌿𐍆𐌷𐌰𐌿𐍃𐌾𐌰𐌽?
Galatians,5,8,𐍃𐍉 𐌲𐌰𐌺(𐌿𐌽)𐌳𐍃 (𐌽𐌹) (𐌿)𐍃 𐌸𐌰𐌼𐌼𐌰 𐌻𐌰𐌸𐍉𐌽𐌳𐌹(𐌽) (𐌹)𐌶𐍅𐌹𐍃 𐌹𐍃𐍄.
Galatians,5,9,𐌻𐌴𐌹𐍄𐌹𐌻 𐌱𐌴𐌹𐍄𐌹𐍃 𐌰𐌻𐌻𐌰𐌽𐌰 𐌳𐌰𐌹𐌲 𐌳𐌹𐍃𐍄𐌰𐌹(𐍂)𐌹𐌸.
Galatians,5,10,"𐌹𐌺 𐌲𐌰𐍄𐍂𐌰𐌿𐌰 𐌹𐌽 𐌹𐌶𐍅𐌹𐍃 𐌹𐌽 𐍆𐍂𐌰𐌿𐌾𐌹𐌽 (𐌸)𐌰(𐍄)𐌴𐌹 𐌽𐌹 𐍅𐌰𐌹𐌷𐍄 𐌰𐌻𐌾𐌹𐍃 𐌷𐌿𐌲𐌾𐌹𐌸; 𐌰𐌸𐌸𐌰𐌽 𐍃𐌰 𐌳𐍂𐍉𐌱𐌾𐌰𐌽𐌳𐍃 𐌹𐌶𐍅𐌹𐍃 𐍃𐌰 𐌱𐌰𐌹𐍂𐌰𐌹 𐌸𐍉 𐍅𐌰𐍂𐌲𐌹𐌸𐌰, 𐍃𐌰𐍈𐌰𐌶𐌿𐌷 𐍃𐌰𐌴𐌹 𐍃𐌹𐌾𐌰𐌹."
Galatians,5,11,"𐌰𐌸𐌸𐌰𐌽 𐌹𐌺, 𐌱𐍂𐍉𐌸𐍂𐌾𐌿𐍃, 𐌾𐌰𐌱𐌰𐌹 𐌱𐌹𐌼𐌰𐌹(𐍄) 𐌼𐌴𐍂𐌾𐌰𐌿, 𐌳𐌿𐍈𐌴 𐌸𐌰𐌽𐌰𐌼𐌰𐌹𐍃 𐍅𐍂𐌹𐌺𐌰𐌳𐌰? 𐌸𐌰𐌽𐌽𐌿 𐌲𐌰𐍄𐌰𐌿𐍂𐌰𐌽 𐌹𐍃𐍄 𐌼𐌰𐍂𐌶𐌴𐌹𐌽𐍃 𐌲𐌰𐌻𐌲𐌹𐌽𐍃."
Galatians,5,12,𐍅𐌰𐌹𐌽𐌴𐌹 𐌾𐌰𐌷 𐌿𐍃𐌼𐌰𐌹𐍄𐌰𐌹𐌽𐌳𐌰𐌿 𐌸𐌰𐌹 𐌳𐍂𐍉𐌱𐌾𐌰𐌽𐌳𐌰𐌽𐍃 𐌹𐌶𐍅𐌹𐍃.
Galatians,5,13,"𐌾𐌿𐍃 𐌰𐌿𐌺 𐌳𐌿 𐍆𐍂𐌴𐌹𐌷𐌰𐌻𐍃𐌰 𐌻𐌰𐌸𐍉(𐌳)𐌰𐌹 𐍃𐌹𐌾𐌿𐌸, 𐌱𐍂𐍉𐌸𐍂𐌾𐌿𐍃; 𐌸𐌰𐍄𐌰𐌹𐌽𐌴𐌹 𐌹𐌱𐌰𐌹 𐌸𐌰𐌽𐌰 𐍆𐍂𐌴𐌹𐌷𐌰𐌻𐍃 𐌳𐌿 𐌻𐌴𐍅𐌰 𐌻𐌴𐌹𐌺(𐌹𐍃) 𐍄𐌰𐌿𐌾𐌰𐌹𐌸, 𐌰𐌺 𐌹𐌽 𐍆𐍂𐌹𐌰𐌸𐍅𐍉𐍃 𐌰𐌷𐌼𐌹𐌽𐍃 𐍃𐌺𐌰𐌻𐌺𐌹𐌽𐍉𐌸 𐌹𐌶𐍅𐌹𐍃 𐌼𐌹𐍃𐍃𐍉."
Galatians,5,14,"𐌿𐌽𐍄𐌴 𐌰𐌻𐌻 𐍅𐌹𐍄𐍉𐌸 𐌹𐌽 𐌹𐌶𐍅𐌹𐍃 𐌹𐌽 𐌰𐌹𐌽𐌰𐌼𐌼𐌰 𐍅𐌰𐌿𐍂𐌳𐌰 𐌿𐍃𐍆𐌿𐌻𐌻𐌾𐌰𐌳𐌰, 𐌹𐌽 𐌸𐌰𐌼𐌼𐌰: 𐍆𐍂𐌹𐌾𐍉𐍃 𐌽𐌴𐍈𐌿𐌽𐌳𐌾𐌰𐌽 𐌸𐌴𐌹𐌽𐌰𐌽𐌰 𐍃𐍅𐌴 𐌸𐌿𐌺 𐍃𐌹𐌻𐌱𐌰𐌽."
Galatians,5,15,"𐌹𐌸 𐌾𐌰𐌱𐌰𐌹 𐌹𐌶(𐍅𐌹)𐍃 𐌼𐌹𐍃𐍃𐍉 𐌱𐌴𐌹𐍄𐌹𐌸 𐌾𐌰𐌷 𐍆𐌰𐌹𐍂[𐍂]𐌹𐌽𐍉𐌸, 𐍃𐌰𐌹𐍈𐌹𐌸, 𐌹(𐌱)𐌰𐌹 𐍆𐍂𐌰𐌼 𐌹𐌶𐍅𐌹𐍃 𐌼𐌹𐍃𐍃𐍉 𐍆𐍂𐌰𐌵𐌹𐌼𐌰𐌹𐌽𐌳𐌰𐌿."
Galatians,5,16,𐌰𐌸𐌸𐌰𐌽 𐌵𐌹𐌸(𐌰) (𐌴)𐌹 𐌰𐌷𐌼𐌹𐌽 𐌲𐌰𐌲𐌲𐌰𐌹𐌸 𐌾𐌰𐌷 𐌻𐌿𐍃𐍄𐌿 𐌻𐌴𐌹𐌺𐌹𐍃 𐌽𐌹 𐌿𐍃𐍄𐌹𐌿𐌷𐌰𐌹𐌸.
Galatians,5,17,".... 𐌹𐌸 𐌰𐌷𐌼𐌰 𐍅𐌹𐌸𐍂𐌰 𐌻𐌴𐌹𐌺, 𐌸𐍉 𐌽𐌿 𐍃𐌹𐍃 𐌼𐌹𐍃𐍃𐍉 𐌰𐌽𐌳𐍃𐍄𐌰𐌽𐌳𐌰𐌽𐌳, 𐌴𐌹 𐌽𐌹 𐌸𐌹𐍃𐍈𐌰𐌷 𐌸𐌰𐍄𐌴𐌹 𐍅𐌹𐌻𐌴𐌹𐌸, 𐌸𐌰𐍄𐌰 𐍄𐌰𐌿𐌾𐌹𐌸. 𐌿𐌽𐍄𐌴 𐌻𐌴𐌹𐌺 𐌲𐌰𐌹𐍂𐌽𐌴𐌹𐌸 𐍅𐌹𐌸𐍂𐌰 𐌰𐌷𐌼𐌰𐌽, 𐌹𐌸 𐌰𐌷𐌼𐌰 𐍅𐌹𐌸𐍂𐌰 𐌻𐌴𐌹𐌺, 𐌸𐍉 𐌽𐌿 𐍃𐌹𐍃 𐌼𐌹𐍃𐍃𐍉 𐌰𐌽𐌳𐍃𐍄𐌰𐌽𐌳𐌰𐌽𐌳, 𐌴𐌹 𐌽𐌹 𐌸𐌹𐍃𐍈𐌰𐌷 𐌸𐌰𐍄𐌴𐌹 𐍅𐌹𐌻𐌴𐌹𐌸, 𐌸𐌰𐍄𐌰 𐍄𐌰𐌿𐌾𐌰𐌹𐌸."
Galatians,5,18,"𐌰𐌸𐌸𐌰𐌽 𐌾𐌰𐌱𐌰𐌹 𐌰𐌷𐌼𐌹𐌽 𐍄𐌹𐌿𐌷𐌰𐌽𐌳𐌰, 𐌽𐌹 𐍃𐌹𐌾𐌿𐌸 𐌿𐍆 𐍅𐌹𐍄𐍉𐌳𐌰. 𐌰𐌸𐌸𐌰𐌽 𐌾𐌰𐌱𐌰𐌹 𐌰𐌷𐌼𐌹𐌽 𐍄𐌹𐌿𐌷𐌰𐌽𐌳𐌰, 𐌽𐌹 𐍃𐌹𐌾𐌿𐌸 𐌿𐍆 𐍅𐌹𐍄𐍉𐌳𐌰."
Galatians,5,19,"𐌰𐌸𐌸𐌰𐌽 𐍃𐍅𐌹𐌺𐌿𐌽𐌸𐌰 𐍃𐌹𐌽𐌳 𐍅𐌰𐌿𐍂𐍃𐍄𐍅𐌰 𐌻𐌴𐌹𐌺𐌹𐍃, 𐌸𐌰𐍄𐌴𐌹 𐌹𐍃𐍄: 𐌷𐍉𐍂𐌹𐌽𐌰𐍃𐍃𐌿𐍃, 𐌺𐌰𐌻𐌺𐌹𐌽𐌰𐍃𐍃𐌿𐍃, 𐌿𐌽𐌷𐍂𐌰𐌹𐌽𐌹𐌸𐌰, 𐌰𐌲𐌻𐌰𐌹𐍄𐌴𐌹, 𐌰𐌸𐌸𐌰𐌽 𐍃𐍅𐌹𐌺𐌿𐌽𐌸𐌰 𐍃𐌹𐌽𐌳 𐍅𐌰𐌿𐍂𐍃𐍄𐍅𐌰 𐌻𐌴𐌹𐌺𐌹𐍃, 𐌸𐌰𐍄𐌴𐌹 𐌹𐍃𐍄: 𐌷𐍉𐍂𐌹𐌽𐌰𐍃𐍃𐌿𐍃, 𐌺𐌰𐌻𐌺𐌹𐌽𐌰𐍃𐍃𐌿𐍃, 𐌿𐌽𐌷𐍂𐌰𐌹𐌽𐌹𐌸𐌰, (𐌰𐌲)𐌻𐌰𐌹𐍄𐌴𐌹,"
Galatians,5,20,"𐌲𐌰𐌻𐌹𐌿𐌲𐌰𐌲𐌿𐌳𐌴 𐍃𐌺𐌰𐌻𐌺𐌹𐌽𐌰𐍃𐍃𐌿𐍃, 𐌻𐌿𐌱𐌾𐌰𐌻𐌴𐌹𐍃𐌴𐌹, 𐍆𐌹𐌰𐌸𐍅𐍉𐍃, 𐌷𐌰𐌹𐍆𐍃𐍄𐌴𐌹𐍃, 𐌰𐌻𐌾𐌰𐌽, 𐌷𐌰𐍄𐌹𐌶𐌰, 𐌾𐌹𐌿𐌺𐍉𐍃, 𐍄𐍅𐌹𐍃𐍄𐌰𐍃𐍃𐌴𐌹𐍃, [𐌱𐌹𐍂𐍉𐌳𐌴𐌹𐌽𐍉𐍃] 𐌷𐌰𐌹𐍂𐌰𐌹𐍃𐌴𐌹𐍃, 𐌲𐌰𐌻𐌹𐌿𐌲𐌰𐌲𐌿𐌳𐌴 𐍃𐌺𐌰𐌻𐌺𐌹𐌽𐌰𐍃𐍃𐌿𐍃, 𐌻𐌿𐌱𐌾𐌰𐌻𐌴𐌹𐍃𐌴𐌹, 𐍆𐌹𐌰𐌸𐍅𐍉𐍃, 𐌷𐌰𐌹𐍆𐍃𐍄𐌴𐌹𐍃, 𐌰𐌻𐌾𐌰𐌽, 𐌷𐌰𐍄𐌹𐌶𐌰, 𐌾𐌹𐌿𐌺𐍉𐍃, 𐍄𐍅𐌹𐍃𐍃𐍄𐌰𐍃𐍃𐌴𐌹𐍃, [𐌱𐌹𐍂𐍉𐌳𐌴𐌹𐌽𐍉𐍃] 𐌷𐌰𐌹𐍂𐌰𐌹𐍃𐌴𐌹𐍃,"
Galatians,5,21,"𐌽𐌴𐌹𐌸𐌰, 𐌼𐌰𐌿𐍂𐌸𐍂𐌰, 𐌳𐍂𐌿𐌲𐌺𐌰𐌽𐌴𐌹𐌽𐍃, 𐌲𐌰𐌱𐌰𐌿𐍂𐍉𐍃 𐌾𐌰𐌷 𐌸𐌰𐍄𐌰 𐌲𐌰𐌻𐌴𐌹𐌺𐍉 𐌸𐌰𐌹𐌼, 𐌸𐌰𐍄𐌴𐌹 𐍆𐌰𐌿𐍂𐌵𐌹𐌸𐌰 𐌹𐌶𐍅𐌹𐍃, 𐍃𐍅𐌴 𐌾𐌿 𐍆𐌰𐌿𐍂𐌰𐌵𐌰𐌸, 𐌸𐌰𐍄𐌴𐌹 𐌸𐌰𐌹 𐌸𐌰𐍄𐌰 𐍃𐍅𐌰𐌻𐌴𐌹𐌺 𐍄𐌰𐌿𐌾𐌰𐌽𐌳𐌰𐌽𐍃 𐌸𐌹𐌿𐌳𐌰𐌽𐌲𐌰𐍂𐌳𐌾𐍉𐍃 𐌲𐌿𐌳𐌹𐍃 𐌰𐍂𐌱𐌾𐌰𐌽𐍃 𐌽𐌹 𐍅𐌰𐌹𐍂𐌸𐌰𐌽𐌳. 𐌽𐌴𐌹𐌸𐌰, 𐌼𐌰𐌿𐍂𐌸𐍂𐌰, 𐌳𐍂𐌿𐌲𐌺𐌰𐌽𐌴𐌹𐌽𐍃, 𐌲𐌰𐌱𐌰𐌿𐍂𐍉𐍃 𐌾𐌰𐌷 𐌸𐌰𐍄𐌰 𐌲𐌰𐌻𐌴𐌹𐌺𐍉 𐌸𐌰𐌹𐌼, 𐌸𐌰𐍄𐌴𐌹 𐍆𐌰𐌿𐍂𐌵𐌹𐌸𐌰 𐌹𐌶𐍅𐌹𐍃, 𐍃𐍅𐌴 𐌾𐌿 𐍆𐌰𐌿𐍂𐌰𐌵𐌰𐌸, 𐌸𐌰𐍄𐌴𐌹 𐌸𐌰𐌹 𐌸𐌰𐍄𐌰 𐍃𐍅𐌰𐌻𐌴𐌹𐌺 [𐍄𐌰]𐍄𐌰𐌿𐌾𐌰𐌽𐌳𐌰𐌽𐍃 𐌸𐌹𐌿𐌳𐌰𐌽𐌲𐌰𐍂𐌳𐌾𐍉𐍃 𐌲𐌿𐌳𐌹𐍃 𐌰𐍂𐌱𐌾𐌰𐌽𐍃 𐌽𐌹 𐍅𐌰𐌹𐍂𐌸𐌰𐌽𐌳."
Galatians,5,22,"𐌹𐌸 𐌰𐌺𐍂𐌰𐌽 𐌰𐌷𐌼𐌹𐌽𐍃 𐌹𐍃𐍄 𐍆𐍂𐌹𐌾𐌰𐌸𐍅𐌰, 𐍆𐌰𐌷𐌴𐌸𐍃, 𐌲𐌰𐍅𐌰𐌹𐍂𐌸𐌹, 𐌿𐍃𐌱𐌴𐌹𐍃𐌽𐌴𐌹, 𐍃𐌴𐌻𐌴𐌹, 𐌱𐌻𐌴𐌹𐌸𐌴𐌹, 𐌲𐌰𐌻𐌰𐌿𐌱𐌴𐌹𐌽𐍃, 𐌹𐌸 𐌰𐌺𐍂𐌰𐌽 𐌰𐌷𐌼𐌹𐌽𐍃 𐌹𐍃𐍄 𐍆𐍂𐌹𐌰𐌸𐍅𐌰, 𐍆𐌰𐌷𐌴𐌳𐍃, 𐌲𐌰𐍅𐌰𐌹𐍂𐌸𐌹, 𐌿𐍃𐌱𐌴𐌹𐍃𐌽𐌴𐌹, 𐍃𐌴𐌻𐌴𐌹, 𐌱𐌻𐌴𐌹𐌸𐌴𐌹, 𐌲𐌰𐌻𐌰𐌿𐌱𐌴𐌹𐌽𐍃,"
Galatians,5,23,"𐌵𐌰𐌹𐍂𐍂𐌴𐌹, 𐌲𐌰𐌷𐍉𐌱𐌰𐌹𐌽𐍃, 𐍃𐍅𐌹𐌺𐌽𐌴𐌹; 𐍅𐌹𐌸𐍂𐌰 𐌸𐍉 𐍃𐍅𐌰𐌻𐌴𐌹𐌺𐌰 𐌽𐌹𐍃𐍄 𐍅𐌹𐍄𐍉𐌸. 𐌵𐌰𐌹𐍂𐍂𐌴𐌹, 𐌲𐌰𐌷𐍉𐌱𐌰𐌹𐌽𐍃, 𐍃𐍅𐌹𐌺𐌽𐌴𐌹; 𐍅𐌹𐌸𐍂𐌰 𐌸𐍉 𐍃𐍅𐌰𐌻𐌴𐌹𐌺𐌰 𐌽𐌹𐍃𐍄 𐍅𐌹𐍄𐍉𐌸."
Galatians,5,24,"𐌹𐌸 𐌸𐌰𐌹𐌴𐌹 𐍃𐌹𐌽𐌳 𐍇𐍂𐌹𐍃𐍄𐌰𐌿𐍃, 𐌻𐌴𐌹𐌺 𐍃𐌴𐌹𐌽 𐌿𐍃𐌷𐍂𐌰𐌼𐌹𐌳𐌴𐌳𐌿𐌽 𐌼𐌹𐌸 𐍅𐌹𐌽𐌽𐍉𐌼 𐌾𐌰𐌷 𐌻𐌿𐍃𐍄𐌿𐌼. 𐌹𐌸 𐌸𐌰𐌹𐌴𐌹 𐍃𐌹𐌽𐌳 𐍇𐍂𐌹𐍃𐍄𐌰𐌿𐍃, 𐌻𐌴𐌹𐌺 𐍃𐌴𐌹𐌽 𐌿𐍃𐌷𐍂𐌰𐌼𐌹𐌳𐌴𐌳𐌿𐌽 𐌼𐌹𐌸 𐍅𐌹𐌽𐌽𐍉𐌼 𐌾𐌰𐌷 𐌻𐌿𐍃𐍄𐌿𐌼."
Galatians,5,25,"𐌾𐌰𐌱𐌰𐌹 𐌻𐌹𐌱𐌰𐌼 𐌰𐌷𐌼𐌹𐌽, 𐌰𐌷𐌼𐌹𐌽 𐌾𐌰𐌷 𐌲𐌰𐌲𐌲𐌰𐌼. 𐌾𐌰𐌱𐌰𐌹 𐌻𐌹𐌱𐌰𐌼 𐌰𐌷𐌼𐌹𐌽, 𐌰𐌷𐌼𐌹𐌽 (𐌾)𐌰𐌷 𐌲𐌰𐌲𐌲𐌰𐌼."
Galatians,5,26,"𐌽𐌹 𐍅𐌰𐌹𐍂𐌸𐌰𐌹𐌼𐌰 𐍆𐌻𐌰𐌿𐍄𐌰𐌹, 𐌿𐌽𐍃 𐌼𐌹𐍃𐍃𐍉 𐌿𐍃𐌷𐌰𐌹𐍄𐌰𐌽𐌳𐌰𐌽𐍃, 𐌼𐌹𐍃𐍃𐍉 𐌹𐌽 𐌽𐌴𐌹𐌸𐌰 𐍅𐌹𐍃𐌰𐌽𐌳𐌰𐌽𐍃. 𐌽𐌹 𐍅𐌰𐌹𐍂𐌸𐌰𐌹𐌼𐌰 𐍆𐌻𐌰𐌿(𐍄𐌰)𐌹, 𐌿𐌽𐍃 (𐌼)𐌹𐍃𐍃𐍉 𐌿𐍃𐌷𐌰𐌹𐍄𐌰𐌽𐌳𐌰𐌽𐍃, 𐌼𐌹𐍃𐍃𐍉 𐌹𐌽 𐌽𐌴𐌹𐌸𐌰 𐍅𐌹𐍃𐌰𐌽𐌳𐌰𐌽𐍃."
Galatians,6,1,"𐌱𐍂𐍉𐌸𐍂𐌾𐌿𐍃, 𐌾𐌰𐌱𐌰𐌹 𐌲𐌰𐍆𐌰𐌷𐌰𐌹𐌳𐌰𐌿 𐌼𐌰𐌽𐌽𐌰 𐌹𐌽 𐍈𐌹𐌶𐌰𐌹 𐌼𐌹𐍃𐍃𐌰𐌳𐌴𐌳𐌴, 𐌾𐌿𐍃 𐌸𐌰𐌹 𐌰𐌷𐌼𐌴𐌹𐌽𐌰𐌽𐍃 𐌲𐌰𐌸𐍅𐌰𐍃𐍄𐌾𐌰𐌹𐌸 𐌸𐌰𐌽𐌰 𐍃𐍅𐌰𐌻𐌴𐌹𐌺𐌰𐌽𐌰 𐌹𐌽 𐌰𐌷𐌼𐌹𐌽 𐌵𐌰𐌹𐍂𐍂𐌴𐌹𐌽𐍃, 𐌰𐌽𐌳𐍃𐌰𐌹𐍈𐌰𐌽𐌳𐍃 𐌸𐌿𐌺 𐍃𐌹𐌻𐌱𐌰𐌽, 𐌹𐌱𐌰 𐌾𐌰𐌷 𐌸𐌿 𐍆𐍂𐌰𐌹𐍃𐌰𐌹𐌶𐌰𐌿. 𐌱𐍂𐍉𐌸𐍂𐌾𐌿𐍃, 𐌾𐌰𐌱𐌰𐌹 𐌲𐌰𐍆𐌰𐌷𐌰𐌹𐌳𐌰𐌿 𐌼𐌰𐌽𐌽𐌰 𐌹𐌽 𐍈𐌹𐌶𐌰𐌹 𐌼𐌹𐍃𐍃𐌰𐌳𐌴𐌳𐌴, 𐌾𐌿𐍃 𐌸𐌰𐌹 𐌰𐌷𐌼𐌴𐌹𐌽𐌰𐌽𐍃 𐌲𐌰𐌸𐍅𐌰𐍃𐍄𐌾𐌰𐌹𐌸 𐌸𐌰𐌽𐌰 𐍃𐍅𐌰𐌻𐌴𐌹𐌺𐌰𐌽𐌰 𐌹𐌽 𐌰𐌷𐌼𐌹𐌽 𐌵𐌰𐌹𐍂𐍂𐌴𐌹𐌽𐍃, 𐌰𐍄𐍃𐌰𐌹𐍈𐌰𐌽𐌳𐍃 𐌸𐌿𐌺 𐍃𐌹𐌻𐌱𐌰𐌽, 𐌹𐌱𐌰𐌹 𐌾𐌰𐌷 𐌸𐌿 𐍆𐍂𐌰𐌹𐍃𐌰𐌹𐌶𐌰𐌿."
Galatians,6,2,"𐌹𐌶𐍅𐌰𐍂𐍉𐍃 𐌼𐌹𐍃𐍃𐍉 𐌺𐌰𐌿𐍂𐌹𐌸𐍉𐍃 𐌱𐌰𐌹𐍂𐌰𐌹𐌸, 𐌾𐌰𐌷 𐍃𐍅𐌰 𐌿𐍃𐍆𐌿𐌻𐌻𐌴𐌹𐌸 𐍅𐌹𐍄𐍉𐌸 𐍇𐍂𐌹𐍃𐍄𐌰𐌿𐍃. 𐌹𐌶𐍅𐌰𐍂𐍉𐍃 𐌼𐌹𐍃𐍃𐍉 𐌺𐌰𐌿𐍂𐌹𐌸𐍉𐍃 𐌱𐌰𐌹𐍂𐌰𐌹𐌸, 𐌾𐌰𐌷 𐍃𐍅𐌰 𐌿𐍃𐍆𐌿𐌻𐌻𐌴𐌹𐌸 𐍅𐌹𐍄𐍉𐌸 𐍇𐍂𐌹𐍃𐍄𐌰𐌿𐍃."
Galatians,6,3,"𐌹𐌸 𐌾𐌰𐌱𐌰𐌹 𐌸𐌿𐌲𐌺𐌴𐌹𐌸 𐍈𐌰𐍃 𐍈𐌰 𐍅𐌹𐍃𐌰𐌽, 𐌽𐌹 𐍅𐌰𐌹𐌷𐍄 𐍅𐌹𐍃𐌰𐌽𐌳𐍃, 𐍃𐌹𐍃 𐍃𐌹𐌻𐌱𐌹𐌽 𐍆𐍂𐌰𐌸𐌾𐌰𐌼𐌰𐍂𐌶𐌴𐌹𐌽𐍃 𐌹𐍃𐍄. 𐌹𐌸 𐌾𐌰𐌱𐌰𐌹 𐌸𐌿𐌲𐌺𐌴𐌹𐌸 𐍈𐌰𐍃 𐍈𐌰 𐍅𐌹𐍃𐌰𐌽, 𐌽𐌹 𐍅𐌰𐌹𐌷𐍄 𐍅𐌹𐍃𐌰𐌽𐌳𐍃, 𐍃𐌹𐍃 𐍃𐌹𐌻𐌱𐌹𐌽 𐍆𐍂𐌰𐌸𐌾𐌰𐌼𐌰𐍂𐌶𐌴𐌹𐌽𐍃 𐌹𐍃𐍄."
Galatians,6,4,"𐌹𐌸 𐍅𐌰𐌿𐍂𐍃𐍄𐍅 𐍃𐌴𐌹𐌽 𐍃𐌹𐌻𐌱𐌹𐌽𐍃 𐌺𐌹𐌿𐍃𐌰𐌹 𐍈𐌰𐍂𐌾𐌹𐌶𐌿𐌷, 𐌾𐌰𐌷 𐌸𐌰𐌽 𐌹𐌽 𐍃𐌹𐍃 𐍃𐌹𐌻𐌱𐌹𐌽 𐍈𐍉𐍆𐍄𐌿𐌻𐌾𐌰 𐌷𐌰𐌱𐌰𐌹 𐌾𐌰𐌷 𐌽𐌹 𐌹𐌽 𐌰𐌽𐌸𐌰𐍂𐌰𐌼𐌼𐌰; 𐌹𐌸 𐍅𐌰𐌿𐍂𐍃𐍄𐍅 𐍃𐌴𐌹𐌽 𐍃𐌹𐌻𐌱𐌹𐌽𐍃 𐌺𐌹𐌿𐍃𐌰𐌹 𐍈𐌰𐍂𐌾𐌹𐌶𐌿𐌷, 𐌾𐌰𐌷 𐌸𐌰𐌽 𐌹𐌽 𐍃𐌹𐍃 𐍃𐌹𐌻𐌱𐌹𐌽 𐍈𐍉𐍆𐍄𐌿𐌻𐌾𐌰 𐌷𐌰𐌱𐌰𐌹 𐌾𐌰𐌷 𐌽𐌹 𐌹𐌽 𐌰𐌽𐌸𐌰𐍂𐌰𐌼𐌼𐌰;"
Galatians,6,5,𐍈𐌰𐍂𐌾𐌹𐌶𐌿𐌷 𐌰𐌿𐌺 𐍃𐍅𐌴𐍃𐌰 𐌱𐌰𐌿𐍂𐌸𐌴𐌹𐌽 𐌱𐌰𐌹𐍂𐌹𐌸. 𐍈𐌰𐍂𐌾𐌹𐌶𐌿𐌷 𐌰𐌿𐌺 𐍃𐍅𐌴𐍃𐌰 𐌱𐌰𐌿𐍂𐌸𐌴𐌹𐌽 𐌱𐌰𐌹𐍂𐌹𐌸.
Galatians,6,6,𐌰𐌸𐌸𐌰𐌽 𐌲𐌰𐌼𐌰𐌹𐌽𐌾𐌰𐌹 𐍃𐌰 𐌻𐌰𐌹𐍃𐌹𐌳𐌰 𐍅𐌰𐌿𐍂𐌳𐌰 𐌸𐌰𐌼𐌼𐌰 𐌻𐌰𐌹𐍃𐌾𐌰𐌽𐌳𐌹𐌽 𐌹𐌽 𐌰𐌻𐌻𐌰𐌹𐌼 𐌲𐍉𐌳𐌰𐌹𐌼 𐌹𐍃. 𐌰𐌸𐌸𐌰𐌽 𐌲𐌰𐌼𐌰𐌹𐌽𐌾𐌰𐌹 𐍃𐌰 𐌻𐌰𐌹𐍃𐌹𐌳𐌰 𐍅𐌰𐌿𐍂𐌳𐌰 𐌸𐌰𐌼𐌼𐌰 𐌻𐌰𐌹𐍃𐌾𐌰𐌽𐌳𐌹𐌽 𐌹𐌽 𐌰𐌻𐌻𐌰𐌹𐌼 𐌲𐍉𐌳𐌰𐌹𐌼.
Galatians,6,7,𐌽𐌹 𐍅𐌰𐌹𐍂𐌸𐌰𐌹𐌸 𐌰𐌹𐍂𐌶𐌾𐌰𐌹; 𐌲𐌿𐌸 𐌽𐌹 𐌱𐌹𐌻𐌰𐌹𐌺𐌰𐌳𐌰. 𐌼𐌰𐌽𐌽𐌰 𐌰𐌿𐌺 𐌸𐌰𐍄𐌴𐌹 𐍃𐌰𐌹𐌾𐌹𐌸 𐌸𐌰𐍄𐌰 𐌾𐌰𐌷 𐍃𐌽𐌴𐌹𐌸𐌹𐌸. 𐌽𐌹 𐍅𐌰𐌹𐍂𐌸𐌰𐌹𐌸 𐌰𐌹𐍂𐌶𐌾𐌰𐌹; 𐌲𐌿𐌸 𐌽𐌹 𐌱𐌹𐌻𐌰𐌹𐌺𐌰𐌳𐌰. 𐌼𐌰𐌽𐌽𐌰 𐌰𐌿𐌺 𐌸𐌰𐍄𐌴𐌹 𐍃𐌰𐌹𐌹𐌸 𐌸𐌰𐍄𐌿𐌷 𐌾𐌰𐌷 𐍃𐌽𐌴𐌹𐌸𐌹𐌸.
Galatians,6,8,"𐌿𐌽𐍄𐌴 𐍃𐌰𐌴𐌹 𐍃𐌰𐌹𐌾𐌹𐌸 𐌹𐌽 𐌻𐌴𐌹𐌺𐌰 𐍃𐌴𐌹𐌽𐌰𐌼𐌼𐌰, 𐌿𐍃 𐌸𐌰𐌼𐌼𐌰 𐌻𐌴𐌹𐌺𐌰 𐌾𐌰𐌷 𐍃𐌽𐌴𐌹𐌸𐌹𐌸 𐍂𐌹𐌿𐍂𐌴𐌹𐌽; 𐌹𐌸 𐍃𐌰𐌴𐌹 𐍃𐌰𐌹𐌾𐌹𐌸 𐌹𐌽 𐌰𐌷𐌼𐌹𐌽, 𐌿𐍃 𐌰𐌷𐌼𐌹𐌽 𐌾𐌰𐌷 𐍃𐌽𐌴𐌹𐌸𐌹𐌸 𐌻𐌹𐌱𐌰𐌹𐌽 𐌰𐌹𐍅𐌴𐌹𐌽𐍉𐌽. 𐌿𐌽𐍄𐌴 𐍃𐌰𐌴𐌹 𐍃𐌰𐌹𐌹𐌸 𐌹𐌽 𐌻𐌴𐌹𐌺𐌰 𐍃𐌴𐌹𐌽𐌰𐌼𐌼𐌰, 𐌿𐍃 𐌸𐌰𐌼𐌼𐌰 𐌻𐌴𐌹𐌺𐌰 𐌾𐌰𐌷 𐍃𐌽𐌴𐌹𐌸𐌹𐌸 𐍂𐌹𐌿𐍂𐌴𐌹𐌽; 𐌹𐌸 𐍃𐌰𐌴𐌹 𐍃𐌰𐌹𐌹𐌸 𐌹𐌽 𐌰𐌷𐌼𐌹𐌽, 𐌿𐍃 𐌰𐌷𐌼𐌹𐌽 𐌾𐌰𐌷 𐍃𐌽𐌴𐌹𐌸𐌹𐌸 𐌻𐌹𐌱𐌰𐌹𐌽 𐌰𐌹𐍅𐌴𐌹𐌽𐍉𐌽."
Galatians,6,9,𐌰𐌸𐌸𐌰𐌽 𐌸𐌰𐍄𐌰 𐌲𐍉𐌳𐍉 𐍄𐌰𐌿𐌾𐌰𐌽𐌳𐌰𐌽𐍃 𐌽𐌹 𐍅𐌰𐌹𐍂𐌸𐌰𐌹𐌼𐌰 𐌿𐍃𐌲𐍂𐌿𐌳𐌾𐌰𐌽𐍃; 𐌿𐌽𐍄𐌴 𐌰𐍄 𐌼𐌴𐌻 𐍃𐍅𐌴𐍃𐌰𐍄𐌰 𐍃𐌽𐌴𐌹𐌸𐌰𐌼 𐌽𐌹 𐌰𐍆𐌼𐌰(𐌿)𐌹𐌳𐌰𐌹. 𐌰𐌸𐌸𐌰𐌽 𐌸𐌰𐍄𐌰 𐌲𐍉𐌳𐍉 𐍄𐌰𐌿𐌾𐌰𐌽𐌳𐌰𐌽𐍃 𐌽𐌹 𐍅𐌰𐌹𐍂𐌸𐌰𐌹𐌼𐌰 𐌿𐍃𐌲𐍂𐌿𐌳𐌾𐌰𐌽𐍃; 𐌿𐌽𐍄𐌴 𐌰𐍄 𐌼𐌴𐌻 𐍃𐍅𐌴𐍃𐌰𐍄𐌰 𐍃𐌽𐌴𐌹𐌸𐌰𐌼 𐌽𐌹 𐌰𐍆𐌼𐌰𐌿𐌹𐌳𐌰𐌹.
Galatians,6,10,"𐌸𐌰𐌽𐌽𐌿 𐌽𐌿, 𐌸𐌰𐌽𐌳𐌴𐌹 𐌼𐌴𐌻 𐌷𐌰𐌱𐌰𐌼, 𐍅𐌰𐌿𐍂𐌺𐌾𐌰𐌼 𐌸𐌹𐌿𐌸 𐍅𐌹𐌸𐍂𐌰 𐌰𐌻𐌻𐌰𐌽𐍃, 𐌸𐌹𐍃𐌷𐌿𐌽 𐍅𐌹𐌸𐍂𐌰 𐍃𐍅𐌴𐍃𐌰𐌽𐍃 𐌲𐌰𐌻𐌰𐌿𐌱𐌴𐌹𐌽𐌰𐌹. 𐌸𐌰𐌽𐌽𐌿 𐌽𐌿, 𐌸𐌰𐌽𐌳𐌴𐌹 𐌼𐌴𐌻 𐌷𐌰𐌱𐌰𐌼, 𐍅𐌰𐌿𐍂𐌺𐌾𐌰𐌼 𐌸𐌹𐌿𐌸 𐍅𐌹𐌸𐍂𐌰 𐌰𐌻𐌻𐌰𐌽𐍃, 𐌸𐌹𐍃𐌷𐌿𐌽 𐍅𐌹𐌸𐍂𐌰 𐍃𐍅𐌴𐍃𐌰𐌽𐍃 𐌲𐌰𐌻𐌰𐌿𐌱𐌴𐌹𐌽𐌰𐌹."
Galatians,6,11,"𐍃𐌰𐌹, 𐍈𐌹𐌻𐌴𐌹𐌺𐌰𐌹𐌼 𐌱𐍉𐌺𐍉𐌼 𐌲𐌰𐌼𐌴𐌻𐌹𐌳𐌰 𐌹𐌶𐍅𐌹𐍃 𐌼𐌴𐌹𐌽𐌰𐌹 𐌷𐌰𐌽𐌳𐌰𐌿. 𐍃𐌰𐌹, 𐍈𐌹𐌻𐌴𐌹𐌺𐌰𐌹𐌼 𐌱𐍉𐌺𐍉𐌼 𐌹𐌶𐍅𐌹𐍃 𐌲𐌰𐌼𐌴𐌻𐌹𐌳𐌰 𐌼𐌴𐌹𐌽𐌰𐌹 𐌷𐌰𐌽𐌳𐌰𐌿."
Galatians,6,12,"𐍃𐍅𐌰 𐌼𐌰𐌽𐌰𐌲𐌰𐌹 𐍃𐍅𐌴 𐍅𐌹𐌻𐌴𐌹𐌽𐌰 𐍃𐌰𐌼𐌾𐌰𐌽 𐍃𐌹𐍃 𐌹𐌽 𐌻𐌴𐌹𐌺𐌰, 𐌸𐌰𐌹 𐌽𐌰𐌿𐌸𐌾𐌰𐌽𐌳 𐌹𐌶𐍅𐌹𐍃 𐌱𐌹𐌼𐌰𐌹𐍄𐌰𐌽, 𐌴𐌹 𐍈𐌴𐌷 𐍅𐍂𐌰𐌺(𐌾)𐌰 𐌲𐌰𐌻𐌲𐌹𐌽𐍃 𐍇𐍂𐌹𐍃𐍄𐌰𐌿𐍃 𐌽𐌹 𐍅𐌹𐌽𐌽𐌰𐌹𐌽𐌰. 𐍃𐍅𐌰 𐌼𐌰𐌽𐌰𐌲𐌰𐌹 𐍃𐍅𐌴 𐍅𐌹𐌻𐌴𐌹𐌽𐌰 𐍃𐌰𐌼𐌾𐌰𐌽 𐍃𐌹𐍃 𐌹𐌽 𐌻𐌴𐌹𐌺𐌰, 𐌸𐌰𐌹 𐌽𐌰𐌿𐌸𐌾𐌰𐌽𐌳 𐌹𐌶𐍅𐌹𐍃 𐌱𐌹𐌼𐌰𐌹𐍄𐌰𐌽, 𐌴𐌹 𐍈𐌴𐌷 𐍅𐍂𐌰𐌺𐌾𐌰 𐌲𐌰𐌻𐌲𐌹𐌽𐍃 𐍇𐍂𐌹𐍃𐍄𐌰𐌿𐍃 𐌽𐌹 𐍅𐌹𐌽𐌽𐌰𐌹𐌽𐌰."
Galatians,6,13,"𐌽𐌹𐌸~𐌸𐌰𐌽 𐍃𐍅𐌴𐌸𐌰𐌿𐌷 𐌸𐌰𐌹 𐌹𐌶𐌴 𐌱𐌹𐌼𐌰𐌹𐍄𐌰𐌽𐌰𐌹 𐍃𐌹𐌽𐌳, 𐍅𐌹𐍄𐍉𐌸 𐍆𐌰𐍃𐍄𐌰𐌽𐌳, 𐌰𐌺 𐍅𐌹𐌻𐌴𐌹𐌽𐌰 𐌹𐌶𐍅𐌹𐍃 𐌱𐌹𐌼𐌰𐌹𐍄𐌰𐌽, 𐌴𐌹 𐌹𐌽 𐌹𐌶𐍅𐌰𐍂𐌰𐌼𐌼𐌰 𐌻𐌴𐌹𐌺𐌰 𐍈𐍉𐍀𐌰𐌹𐌽𐌰. 𐌽𐌹𐌷 𐌸𐌰𐌽 𐍃𐍅𐌴𐌸𐌰𐌿𐌷 𐌸𐌰𐌹 𐌹𐌶𐌴 𐌱𐌹𐌼𐌰𐌹𐍄𐌰𐌽𐌰𐌹 𐍃𐌹𐌽𐌳, 𐍅𐌹𐍄𐍉𐌸 𐍆𐌰𐍃𐍄𐌰𐌽𐌳, 𐌰𐌺 𐍅𐌹𐌻𐌴𐌹𐌽𐌰 𐌹𐌶𐍅𐌹𐍃 𐌱𐌹𐌼𐌰𐌹𐍄𐌰𐌽, 𐌴𐌹 𐌹𐌽 𐌹𐌶𐍅𐌰𐍂𐌰𐌼𐌼𐌰 𐌻𐌴𐌹𐌺𐌰 𐍈𐍉𐍀𐌰𐌹𐌽𐌰."
Galatians,6,14,"𐌹𐌸 𐌼𐌹𐍃 𐌽𐌹 𐍃𐌹𐌾𐌰𐌹 𐍈𐍉𐍀𐌰𐌽 𐌽𐌹 𐌹𐌽 𐍅𐌰𐌹𐌷𐍄𐌰𐌹, 𐌽𐌹𐌱𐌰 𐌹𐌽 𐌲𐌰𐌻𐌲𐌹𐌽𐍃 𐍆𐍂𐌰𐌿𐌾𐌹𐌽𐍃 𐌿𐌽𐍃𐌰𐍂𐌹𐍃 𐌹𐌴𐍃𐌿𐌹𐍃 𐍇𐍂𐌹𐍃𐍄𐌰𐌿𐍃, 𐌸𐌰𐌹𐍂𐌷 𐌸𐌰𐌽𐌴𐌹 𐌼𐌹𐍃 𐍆𐌰𐌹𐍂𐍈𐌿𐍃 𐌿𐍃𐌷𐍂𐌰𐌼𐌹𐌸𐍃 𐌹𐍃𐍄 𐌾𐌰𐌷 𐌹𐌺 (𐍆)𐌰𐌹𐍂𐍈(𐌰)𐌿. 𐌹𐌸 𐌼𐌹𐍃 𐌽𐌹 𐍃𐌹𐌾𐌰𐌹 𐍈𐍉𐍀𐌰𐌽 𐌽𐌹 𐌹𐌽 𐍅𐌰𐌹𐌷𐍄𐌰𐌹, 𐌽𐌹𐌱𐌰 𐌹𐌽 𐌲𐌰𐌻𐌲𐌹𐌽𐍃 (𐍆𐍂𐌰𐌿𐌾𐌹𐌽𐍃) (𐌿)𐌽𐍃𐌰𐍂𐌹𐍃 𐌹𐌴𐍃𐌿𐌹𐍃 𐍇𐍂𐌹𐍃𐍄𐌰𐌿𐍃, 𐌸𐌰𐌹𐍂𐌷 𐌸(𐌰𐌽𐌴𐌹) (𐌼)𐌹𐍃 𐍆𐌰𐌹𐍂𐍈𐌰𐌿𐍃 𐌿𐍃𐌷𐍂𐌰𐌼𐌹𐌸𐍃 𐌹𐍃𐍄 𐌾𐌰𐌷 𐌹𐌺 𐍆𐌰𐌹𐍂𐍈𐌰𐌿."
Galatians,6,15,"𐌿𐌽𐍄𐌴 𐌽𐌹 𐌱𐌹𐌼𐌰𐌹𐍄 𐍅𐌰𐌹𐌷𐍄 𐌹𐍃(𐍄), 𐌽𐌹𐌷 𐍆𐌰𐌿𐍂𐌰(𐍆𐌹𐌻𐌻𐌹), (𐌰)𐌺 𐌽𐌹𐌿𐌾(𐌰) 𐌲𐌰𐍃𐌺(𐌰𐍆)𐍄𐍃. 𐌿𐌽𐍄𐌴 𐌽𐌹𐌷 𐌱𐌹𐌼𐌰𐌹𐍄 𐍅𐌰𐌹𐌷𐍄 𐌹𐍃𐍄, 𐌽𐌹 𐍆𐌰𐌿𐍂𐌰𐍆𐌹𐌻𐌻𐌹, 𐌰𐌺 𐌽𐌹𐌿𐌾𐌰 𐌲𐌰𐍃𐌺𐌰𐍆𐍄𐍃."
Galatians,6,16,"(𐌾)𐌰𐌷 𐍃(𐍅𐌰) 𐌼𐌰𐌽𐌰𐌲(𐌰)𐌹 𐍃𐍅(𐌴) 𐌸𐌹𐌶𐌰𐌹 𐌲(𐌰𐍂𐌰𐌹𐌳𐌴𐌹𐌽)𐌰𐌹 (𐌲𐌰)𐌻𐌰𐌹𐍃𐍄𐌰𐌽𐍃 𐍃𐌹𐌽(𐌳), 𐌲(𐌰)𐍅(𐌰𐌹𐍂𐌸𐌹) 𐌰𐌽𐌰 𐌹𐌼 𐌾𐌰𐌷 𐌰(𐍂)𐌼𐌰𐌹𐍉 (𐌾)𐌰𐌷 (𐌰𐌽𐌰) (𐌹)𐍃𐍂𐌰𐌴𐌻𐌰 (𐌲𐌿𐌳𐌹𐍃). 𐌾𐌰𐌷 𐍃𐍅𐌰 𐌼𐌰𐌽𐌰𐌲𐌰𐌹 𐍃𐍅𐌴 𐌸𐌹𐌶𐌰𐌹 𐌲𐌰𐍂𐌰𐌹𐌳𐌴𐌹𐌽𐌰𐌹 𐌲𐌰𐌻𐌰𐌹𐍃𐍄𐌰𐌽𐍃 𐍃𐌹𐌽𐌳, 𐌲𐌰𐍅𐌰𐌹𐍂𐌸𐌹 𐌰𐌽𐌰 𐌹𐌼 𐌾𐌰𐌷 𐌰𐍂𐌼𐌰𐌹𐍉 𐌾𐌰𐌷 𐌰𐌽𐌰 𐌹𐍃𐍂𐌰𐌴𐌻𐌰 𐌲𐌿𐌳𐌹𐍃."
Galatians,6,17,𐌸𐌰(𐌽𐌰𐌼𐌰)𐌹𐍃 (𐌰𐍂𐌱𐌰𐌹)𐌳𐌴 𐌽(𐌹) 𐌰(𐌹)𐌽𐍃𐌷𐌿𐌽 𐌼(𐌹)𐍃 (𐌲𐌰𐌽𐍃𐌾𐌰)𐌹: (𐌿𐌽𐍄𐌴 𐌹𐌺 𐍃𐍄𐌰)𐌺𐌹𐌽𐍃 (𐌹𐌴𐍃𐌿)𐌹𐍃 𐌰𐌽𐌰 (𐌻𐌴𐌹𐌺)𐌰 𐌼(𐌴𐌹𐌽𐌰𐌼𐌼𐌰) (𐌱𐌰𐌹𐍂𐌰). 𐌸𐌰𐌽𐌰𐌼𐌰𐌹𐍃 𐌰𐍂𐌱𐌰𐌹𐌳𐌴 𐌽𐌹 𐌰𐌹𐌽𐍃𐌷𐌿𐌽 𐌼𐌹𐍃 𐌲𐌰𐌽𐍃𐌾𐌰𐌹: 𐌿𐌽𐍄𐌴 𐌹𐌺 𐍃𐍄𐌰𐌺𐌹𐌽𐍃 𐍆𐍂𐌰𐌿𐌾𐌹𐌽𐍃 𐌿𐌽𐍃𐌰𐍂𐌹𐍃 𐌹𐌴𐍃𐌿𐌹𐍃 𐍇𐍂𐌹𐍃𐍄𐌰𐌿𐍃 𐌰𐌽𐌰 𐌻𐌴𐌹𐌺𐌰 𐌼𐌴𐌹𐌽𐌰𐌼𐌼𐌰 𐌱𐌰𐌹𐍂𐌰.
Galatians,6,18,"(𐌰𐌽𐍃𐍄𐍃) (𐍆)𐍂𐌰𐌿𐌾𐌹𐌽𐍃 𐌿𐌽𐍃(𐌰)𐍂(𐌹𐍃) (𐌹𐌴𐍃𐌿𐌹𐍃) 𐍇𐍂𐌹𐍃𐍄𐌰𐌿𐍃 (𐌼𐌹𐌸) (𐌰𐌷𐌼𐌹𐌽) 𐌹𐌶𐍅𐌰(𐍂)𐌰𐌼𐌼𐌰, 𐌱𐍂(𐍉)𐌸𐍂(𐌾)𐌿(𐍃). 𐌰𐌼𐌴𐌽. 𐌰𐌽𐍃𐍄𐍃 𐍆𐍂𐌰𐌿𐌾𐌹𐌽𐍃 𐌿𐌽𐍃𐌰𐍂𐌹𐍃 𐌹𐌴𐍃𐌿𐌹𐍃 𐍇𐍂𐌹𐍃𐍄𐌰𐌿𐍃 𐌼𐌹𐌸 𐌰𐌷𐌼𐌹𐌽 𐌹𐌶𐍅𐌰𐍂𐌰𐌼𐌼𐌰, 𐌱𐍂𐍉𐌸𐍂𐌾𐌿𐍃. 𐌰𐌼𐌴𐌽. [(Galatians 6:19) 𐌳𐌿 (𐌲)𐌰𐌻(𐌰𐍄)𐌹(𐌼 𐌿𐍃𐍄𐌰𐌿𐌷). 𐌳𐌿 𐌲𐌰(𐌻)𐌰(𐍄𐌹𐌼) (𐌲𐌰𐌼𐌴𐌻𐌹𐌸) 𐌹(𐍃)𐍄 𐌿(𐍃) (𐍂𐌿𐌼)𐌰𐌹. 𐌳𐌿 𐌲𐌰𐌻𐌰𐍄𐌹𐌼 𐌿𐍃𐍄𐌰𐌿𐌷.]"
Ephesians,1,1,"𐍀𐌰𐍅𐌻𐌿𐍃, 𐌰𐍀𐌰𐌿𐍃𐍄𐌰𐌿𐌻𐌿𐍃 𐍇𐍂𐌹𐍃𐍄𐌰𐌿𐍃 𐌹𐌴𐍃𐌿𐌹𐍃 𐌸𐌰𐌹𐍂𐌷 𐍅𐌹𐌻𐌾𐌰𐌽 𐌲𐌿𐌳𐌹𐍃, 𐌸𐌰𐌹𐌼 𐍅𐌴𐌹𐌷𐌰𐌼 𐌸𐌰𐌹𐌼 𐍅𐌹𐍃𐌰𐌽𐌳𐌰𐌼 𐌹𐌽 𐌰𐌹𐍆𐌰𐌹𐍃𐍉𐌽 𐌾𐌰𐌷 𐍄𐍂𐌹𐌲𐌲𐍅𐌰𐌹𐌼 𐌹𐌽 𐍇𐍂𐌹𐍃𐍄𐌰𐌿 𐌹𐌴𐍃𐌿. 𐍀𐌰𐍅𐌻𐌿𐍃, 𐌰𐍀𐌰𐌿(𐍃)𐍄𐌰𐌿𐌻𐌿𐍃 𐍇𐍂𐌹𐍃𐍄𐌰𐌿𐍃 𐌹𐌴𐍃𐌿𐌹𐍃 𐌸𐌰𐌹𐍂𐌷 𐍅𐌹𐌻𐌾𐌰𐌽 𐌲𐌿𐌳𐌹𐍃, 𐌸𐌰𐌹𐌼 𐍅𐌴𐌹𐌷𐌰𐌼 𐌸𐌰𐌹𐌼 𐍅𐌹𐍃𐌰𐌽𐌳𐌰𐌼 𐌹𐌽 𐌰𐌹𐍆𐌰𐌹𐍃𐍉𐌽 𐌾𐌰𐌷 𐍄𐍂𐌹𐌲𐌲𐍅𐌰𐌹𐌼 𐌹𐌽 𐍇𐍂𐌹𐍃𐍄𐌰𐌿 𐌹𐌴𐍃𐌿."
Ephesians,1,2,𐌰𐌽𐍃𐍄𐍃 𐌹𐌶𐍅𐌹𐍃 𐌾𐌰𐌷 𐌲𐌰𐍅𐌰𐌹𐍂𐌸𐌹 𐍆𐍂𐌰𐌼 𐌲𐌿𐌳𐌰 𐌰𐍄𐍄𐌹𐌽 𐌿𐌽𐍃𐌰𐍂𐌰𐌼𐌼𐌰 𐌾𐌰𐌷 𐍆𐍂𐌰𐌿𐌾𐌹𐌽 𐌹𐌴𐍃𐌿 𐍇𐍂𐌹𐍃𐍄𐌰𐌿. 𐌰𐌽𐍃𐍄𐍃 𐌹𐌶𐍅𐌹𐍃 𐌾𐌰𐌷 𐌲𐌰𐍅𐌰𐌹𐍂𐌸𐌹 𐍆𐍂𐌰𐌼 𐌲𐌿𐌳𐌰 𐌰𐍄𐍄𐌹𐌽 𐌿𐌽𐍃𐌰𐍂𐌰𐌼𐌼𐌰 𐌾𐌰𐌷 𐍆𐍂𐌰𐌿𐌾𐌹𐌽 𐌹𐌴𐍃𐌿 𐍇𐍂𐌹𐍃𐍄𐌰𐌿.
Ephesians,1,3,"𐌸𐌹𐌿𐌸𐌹𐌸𐍃 𐌲𐌿𐌸 𐌾𐌰𐌷 𐌰𐍄𐍄𐌰 𐍆𐍂𐌰𐌿𐌾𐌹𐌽𐍃 𐌿𐌽𐍃𐌰𐍂𐌹𐍃 𐌹𐌴𐍃𐌿𐌹𐍃 𐍇𐍂𐌹𐍃𐍄𐌰𐌿𐍃, 𐌹𐌶𐌴𐌹 𐌲𐌰𐌸𐌹𐌿𐌸𐌹𐌳𐌰 𐌿𐌽𐍃 𐌰𐌽𐌰 𐌰𐌻𐌻𐌰𐌹 𐌸𐌹𐌿𐌸𐌴𐌹𐌽𐌰𐌹 𐌰𐌷𐌼𐌴𐌹𐌽𐌰𐌹 𐌹𐌽 𐌷𐌹𐌼𐌹𐌽𐌰𐌺𐌿𐌽𐌳𐌰𐌹𐌼 𐌹𐌽 𐍇𐍂𐌹𐍃𐍄𐌰𐌿. 𐌸𐌹𐌿𐌸𐌹𐌸𐍃 𐌲𐌿𐌸 𐌾𐌰𐌷 𐌰𐍄𐍄𐌰 𐍆𐍂𐌰𐌿𐌾𐌹𐌽𐍃 𐌿𐌽𐍃𐌰𐍂𐌹𐍃 𐌹𐌴𐍃𐌿𐌹𐍃 𐍇𐍂𐌹𐍃𐍄𐌰𐌿𐍃, 𐌹𐌶𐌴𐌹 𐌲𐌰𐌸𐌹𐌿𐌸𐌹𐌳𐌰 𐌿𐌽𐍃 𐌹𐌽 𐌰𐌻𐌻𐌰𐌹 𐌸𐌹𐌿𐌸𐌴𐌹𐌽𐌰𐌹 𐌰𐌷𐌼𐌴𐌹𐌽𐌰𐌹 𐌹𐌽 𐌷𐌹𐌼𐌹𐌽𐌰𐌺𐌿𐌽𐌳𐌰𐌹𐌼 𐌹𐌽 𐍇𐍂𐌹𐍃𐍄𐌰𐌿."
Ephesians,1,4,"𐍃𐍅𐌰𐍃𐍅𐌴 𐌲𐌰𐍅𐌰𐌻𐌹𐌳𐌰 𐌿𐌽𐍃 𐌹𐌽 𐌹𐌼𐌼𐌰 𐍆𐌰𐌿𐍂 𐌲𐌰𐍃𐌰𐍄𐌴𐌹𐌽 𐍆𐌰𐌹𐍂𐍈𐌰𐌿𐍃, 𐌴𐌹 𐍃𐌹𐌾𐌰𐌹𐌼𐌰 𐍅𐌴𐌹𐌷𐌰𐌹 𐌾𐌰𐌷 𐌿𐌽𐍅𐌰𐌼𐌼𐌰𐌹 𐌹𐌽 𐌰𐌽𐌳𐍅𐌰𐌹𐍂𐌸𐌾𐌰 𐌹𐍃 𐌹𐌽 𐍆𐍂𐌹𐌾𐌰𐌸𐍅𐌰𐌹. 𐍃𐍅𐌰𐍃𐍅𐌴 𐌲𐌰𐍅𐌰𐌻𐌹𐌳𐌰 𐌿𐌽𐍃𐌹𐍃 𐌹𐌽 𐌹𐌼𐌼𐌰 𐍆𐌰𐌿𐍂 𐌲𐌰𐍃𐌰𐍄𐌴𐌹𐌽 𐍆𐌰𐌹𐍂𐍈𐌰𐌿𐍃, 𐌴𐌹 𐍃𐌹𐌾𐌰𐌹𐌼𐌰 𐍅𐌴𐌹𐍃 𐍅𐌴𐌹𐌷𐌰𐌹 𐌾𐌰𐌷 𐌿𐌽𐍅𐌰𐌼𐌼𐌰𐌹 𐌹𐌽 𐌰𐌽𐌳𐍅𐌰𐌹𐍂𐌸𐌾𐌰 𐌹𐍃 𐌹𐌽 𐍆𐍂𐌹𐌰𐌸𐍅𐌰𐌹."
Ephesians,1,5,"𐍆𐌰𐌿𐍂𐌰𐌲𐌰𐍂𐌰𐌹𐍂𐍉𐌸 𐌿𐌽𐍃 𐌳𐌿 𐍃𐌿𐌽𐌹𐍅𐌴 𐌲𐌰𐌳𐌴𐌳𐌰𐌹 𐌸𐌰𐌹𐍂𐌷 𐌹𐌴𐍃𐌿 𐍇𐍂𐌹𐍃𐍄𐌿 𐌹𐌽 𐌹𐌽𐌰 𐌱𐌹 𐌻𐌴𐌹𐌺𐌰𐌹𐌽𐌰𐌹 𐍅𐌹𐌻𐌾𐌹𐌽𐍃 𐍃𐌴𐌹𐌽𐌹𐍃, 𐍆𐌰𐌿𐍂𐌰𐌲𐌰𐍂𐌰𐌹𐍂𐍉𐌸 𐌿𐌽𐍃 𐌳𐌿 𐍃𐌿𐌽𐌹𐍅𐌴 𐌲𐌰𐌳𐌴𐌳𐌰𐌹 𐌸𐌰𐌹𐍂𐌷 𐌹𐌴𐍃𐌿 𐍇𐍂𐌹𐍃𐍄𐌿 𐌹𐌽 𐌹𐌼𐌼𐌰 𐌱𐌹 𐌻𐌴𐌹𐌺𐌰𐌹𐌽𐌰𐌹 𐍅𐌹𐌻𐌾𐌹𐌽𐍃 𐍃𐌴𐌹𐌽𐌹𐍃,"
Ephesians,1,6,"𐌳𐌿 𐌷𐌰𐌶𐌴𐌹𐌽𐌰𐌹 𐍅𐌿𐌻𐌸𐌰𐌿𐍃 𐌰𐌽𐍃𐍄𐌰𐌹𐍃 𐍃𐌴𐌹𐌽𐌰𐌹𐌶𐍉𐍃, 𐌹𐌽 𐌸𐌹𐌶𐌰𐌹𐌴𐌹 𐌰𐌽𐍃𐍄𐌴𐌹𐌲𐍃 𐍅𐌰𐍃 𐌿𐌽𐍃 𐌹𐌽 𐌸𐌰𐌼𐌼𐌰 𐌻𐌹𐌿𐌱𐌹𐌽 𐍃𐌿𐌽𐌰𐌿 𐍃𐌴𐌹𐌽𐌰𐌼𐌼𐌰, 𐌳𐌿 𐌷𐌰𐌶𐌴𐌹𐌽𐌰𐌹 𐍅𐌿𐌻𐌸𐌰𐌿𐍃 𐌰𐌽𐍃𐍄𐌰𐌹𐍃 𐍃𐌴𐌹𐌽𐌰𐌹𐌶𐍉𐍃, 𐌹𐌽 𐌸𐌹𐌶𐌰𐌹𐌴𐌹 𐌰𐌽𐍃𐍄𐌴𐌹𐌲𐍃 𐍅𐌰𐍃 𐌿𐌽𐍃 𐌹𐌽 𐌸𐌰𐌼𐌼𐌰 𐌻𐌹𐌿𐌱𐌹𐌽 𐍃𐌿𐌽𐌰𐌿 𐍃𐌴𐌹𐌽𐌰𐌼𐌼𐌰,"
Ephesians,1,7,"𐌹𐌽 𐌸𐌰𐌼𐌼𐌴𐌹 𐌷𐌰𐌱𐌰𐌼 𐍆𐌰𐌿𐍂𐌱𐌰𐌿𐌷𐍄, 𐍆𐍂𐌰𐌻𐌴𐍄 𐍆𐍂𐌰𐍅𐌰𐌿𐍂𐌷𐍄𐌴 𐌸𐌰𐌹𐍂𐌷 𐌱𐌻𐍉𐌸 𐌹𐍃, 𐌱𐌹 𐌲𐌰𐌱𐌴𐌹𐌽 𐍅𐌿𐌻𐌸𐌰𐌿𐍃 𐌰𐌽𐍃𐍄𐌰𐌹𐍃 𐌹𐍃, 𐌹𐌽 𐌸𐌰𐌼𐌼𐌴𐌹 𐌷𐌰𐌱𐌰𐌼 𐍆𐌰𐌿𐍂𐌱𐌰𐌿𐌷𐍄, 𐍆(𐍂)𐌰(𐌻𐌴)𐍄 𐍆𐍂𐌰𐍅𐌰𐌿𐍂𐌷𐍄𐌴 𐌸𐌰𐌹𐍂𐌷 𐌱𐌻(𐍉𐌸) 𐌹𐍃, 𐌱𐌹 𐌲𐌰𐌱𐌴𐌹𐌽 𐍅𐌿(𐌻)𐌸𐌰𐌿𐍃 𐌰(𐌽𐍃)𐍄𐌰𐌹𐍃 𐌹𐍃,"
Ephesians,1,8,"𐌸𐍉𐌴𐌹 𐌿𐍆𐌰𐍂𐌰𐍃𐍃𐌰𐌿 𐌲𐌰𐌽𐍉𐌷𐌹𐌳𐌰 𐌹𐌽 𐌿𐌽𐍃 𐌹𐌽 𐌰𐌻𐌻𐌰𐌹 𐌷𐌰𐌽𐌳𐌿𐌲𐌴𐌹𐌽 𐌾𐌰𐌷 𐍆𐍂𐍉𐌳𐌴𐌹𐌽, 𐌸𐍉𐌴𐌹 𐌿𐍆𐌰𐍂𐌰𐍃𐍃𐌰𐌿 𐌲𐌰𐌽𐍉𐌷𐌹𐌳𐌰 𐌹𐌽 𐌿𐌽𐍃 𐌹𐌽 𐌰𐌻𐌻𐌰𐌹 𐌷𐌰𐌽𐌳𐌿𐌲𐌴𐌹𐌽 𐌾𐌰𐌷 𐍆𐍂𐍉𐌳𐌴𐌹𐌽,"
Ephesians,1,9,"𐌺𐌰𐌽𐌽𐌾𐌰𐌽 𐌿𐌽𐍃𐌹𐍃 𐍂𐌿𐌽𐌰 𐍅𐌹𐌻𐌾𐌹𐌽𐍃 𐍃𐌴𐌹𐌽𐌹𐍃 𐌱𐌹 𐍅𐌹𐌻𐌾𐌹𐌽, 𐍃𐌰𐌴𐌹 𐍆𐌰𐌿𐍂𐌰𐌲𐌰𐌻𐌴𐌹𐌺𐌰𐌹𐌳𐌰 𐌹𐌼𐌼𐌰 𐌺𐌰𐌽𐌽𐌾𐌰𐌽 𐌿𐌽𐍃𐌹𐍃 𐍂𐌿𐌽𐌰 𐍅𐌹𐌻𐌾𐌹𐌽𐍃 𐍃𐌴𐌹𐌽𐌹𐍃 𐌱(𐌹) (𐍅)𐌹𐌻𐌾𐌹𐌽, 𐍃𐌰𐌴𐌹 𐍆𐌰𐌿𐍂𐌰𐌲𐌰𐌻𐌴𐌹𐌺𐌰𐌹𐌳𐌰 𐌹𐌼𐌼𐌰"
Ephesians,1,10,"𐌳𐌿 𐍆𐌰𐌿𐍂𐌰𐌲𐌰𐌲𐌲𐌾𐌰 𐌿𐍃𐍆𐌿𐌻𐌻𐌴𐌹𐌽𐌰𐌹𐍃 𐌼𐌴𐌻𐌴, 𐌰𐍆𐍄𐍂𐌰 𐌿𐍃𐍆𐌿𐌻𐌻𐌾𐌰𐌽 𐌰𐌻𐌻𐌰 𐌹𐌽 𐍇𐍂𐌹𐍃𐍄𐌰𐌿, 𐌸𐍉 𐌰𐌽𐌰 𐌷𐌹𐌼𐌹𐌽𐌰𐌼 𐌾𐌰𐌸~𐌸𐍉 𐌰𐌽𐌰 𐌰𐌹𐍂𐌸𐌰𐌹 𐌹𐌽 𐌹𐌼𐌼𐌰, 𐌳𐌿 𐍆𐌰𐌿𐍂𐌰𐌲𐌰𐌲𐌲𐌾𐌰 (𐌿)𐍃𐍆𐌿𐌻𐌻𐌴𐌹𐌽𐌰𐌹𐍃 𐌼𐌴𐌻𐌴, 𐌰𐍆𐍄𐍂𐌰 (𐌿𐍃𐍆𐌿)𐌻𐌻𐌾𐌰𐌽 𐌰𐌻𐌻𐌰 𐌹𐌽 𐍇𐍂𐌹𐍃𐍄𐌰𐌿, 𐌸𐍉 (𐌰𐌽𐌰) 𐌷𐌹𐌼𐌹𐌽𐌰𐌼 𐌾𐌰𐌷 𐌰𐌽𐌰 𐌰𐌹𐍂𐌸𐌰𐌹 𐌹𐌽 𐌹𐌼𐌼𐌰,"
Ephesians,1,11,"𐌹𐌽 𐌸𐌰𐌼𐌼𐌴𐌹 𐌷𐌻𐌰𐌿𐍄𐍃 𐌲𐌰𐍃𐌰𐍄𐌹𐌳𐌰𐌹 𐍅𐌴𐍃𐌿𐌼, 𐍆𐌰𐌿𐍂𐌰𐌲𐌰𐍂𐌴𐌳𐌰𐌽𐌰𐌹 𐌱𐌹 𐍅𐌹𐌻𐌾𐌹𐌽 𐌲𐌿𐌳𐌹𐍃 𐌸𐌹𐍃 𐌰𐌻𐌻𐌰 𐌹𐌽 𐌰𐌻𐌻𐌰𐌹𐌼 𐍅𐌰𐌿𐍂𐌺𐌾𐌰𐌽𐌳𐌹𐌽𐍃 𐌱𐌹 𐌼𐌿𐌽𐌰 𐍅𐌹𐌻𐌾𐌹𐌽𐍃 𐍃𐌴𐌹𐌽𐌹𐍃, 𐌹𐌽 𐌸𐌰𐌼𐌼𐌴𐌹 𐌷𐌻𐌰𐌿𐍄𐍃 𐌲𐌰𐍃𐌰𐍄𐌹𐌳𐌰𐌹 𐍅𐌴𐍃𐌿𐌼, 𐍆𐌰𐌿𐍂(𐌰)𐌲𐌰𐍂𐌴𐌳𐌰𐌽𐌰𐌹 (𐌱)𐌹 𐍅(𐌹)𐌻𐌾𐌹𐌽 𐌲𐌿𐌳𐌹𐍃 𐌸(𐌹𐍃) 𐌰𐌻𐌻𐌰 𐌹𐌽 𐌰𐌻(𐌻)𐌰𐌹𐌼 𐍅𐌰𐌿𐍂𐌺𐌾𐌰𐌽𐌳𐌹𐌽𐍃 𐌱𐌹 𐌼𐌿𐌽𐌰 (𐍅𐌹)𐌻𐌾𐌹𐌽𐍃 𐍃𐌴𐌹𐌽𐌹𐍃,"
Ephesians,1,12,"𐌴𐌹 𐍃𐌹𐌾𐌰𐌹𐌼𐌰 𐍅𐌴𐌹𐍃 𐌳𐌿 𐌷𐌰𐌶𐌴𐌹𐌽𐌰𐌹 𐍅𐌿𐌻𐌸𐌰𐌿𐍃 𐌹𐍃 𐌸𐌰𐌹 𐍆𐌰𐌿𐍂𐌰𐍅𐌴𐌽𐌾𐌰𐌽𐌳𐌰𐌽𐍃 𐌹𐌽 𐍇𐍂𐌹𐍃𐍄𐌰𐌿, 𐌴𐌹 𐍃𐌹𐌾𐌰𐌹𐌼𐌰 𐍅𐌴𐌹𐍃 𐌳𐌿 𐌷𐌰𐌶𐌴𐌹𐌽𐌰𐌹 𐍅𐌿𐌻𐌸𐌰𐌿𐍃 𐌹𐍃 𐌸𐌰𐌹 𐍆𐌰𐌿𐍂(𐌰)𐍅𐌴𐌽𐌾𐌰𐌽𐌳𐌰𐌽𐍃 𐌹𐌽 𐍇𐍂𐌹𐍃𐍄𐌰𐌿,"
Ephesians,1,13,"𐌹𐌽 𐌸𐌰𐌼𐌼𐌴𐌹 𐌾𐌰𐌷 𐌾𐌿𐍃 𐌲𐌰𐌷𐌰𐌿𐍃𐌾𐌰𐌽𐌳𐌰𐌽𐍃 𐍅𐌰𐌿𐍂𐌳 𐍃𐌿𐌽𐌾𐌿𐍃, 𐌰𐌹𐍅𐌰𐌲𐌲𐌴𐌻𐌹 𐌲𐌰𐌽𐌹𐍃𐍄𐌰𐌹𐍃 𐌹𐌶𐍅𐌰𐍂𐌰𐌹𐌶𐍉𐍃, 𐌸𐌰𐌼𐌼𐌴𐌹 𐌲𐌰𐌻𐌰𐌿𐌱𐌾𐌰𐌽𐌳𐌰𐌽𐍃 𐌲𐌰𐍃𐌹𐌲𐌻𐌹𐌳𐌰𐌹 𐍅𐌰𐌿𐍂𐌸𐌿𐌸 𐌰𐌷𐌼𐌹𐌽 𐌲𐌰𐌷𐌰𐌹𐍄𐌹𐍃 𐌸𐌰𐌼𐌼𐌰 𐍅𐌴𐌹𐌷𐌹𐌽, 𐌹𐌽 𐌸𐌰𐌼𐌼𐌴𐌹 𐌾𐌰𐌷 𐌾𐌿𐍃 𐌲𐌰𐌷𐌰𐌿𐍃𐌾𐌰𐌽𐌳𐌰𐌽𐍃 𐍅𐌰𐌿𐍂𐌳 𐍃𐌿𐌽𐌾𐍉𐍃, 𐌰𐌹𐍅𐌰𐌲𐌲𐌴𐌻𐌹 𐌲𐌰𐌽𐌹𐍃(𐍄)𐌰𐌹𐍃 𐌹𐌶𐍅𐌰𐍂𐌰𐌹𐌶𐍉𐍃, 𐌸𐌰𐌼𐌼𐌴𐌹 (𐌲𐌰)𐌻𐌰𐌿𐌱𐌾𐌰𐌽𐌳𐌰𐌽(𐍃) 𐌲𐌰(𐍃𐌹)𐌲𐌻𐌹𐌳𐌰𐌹 (𐍅)𐌰𐌿𐍂𐌸𐌿𐌸 𐌰𐌷𐌼𐌹𐌽 𐌲𐌰(𐌷𐌰)𐌹𐍄𐌹𐍃 𐌸𐌰𐌼𐌼𐌰 𐍅𐌴𐌹𐌷𐌹𐌽,"
Ephesians,1,14,"𐌹𐌶𐌴𐌹 𐌹𐍃𐍄 𐍅𐌰𐌳𐌹 𐌰𐍂𐌱𐌾𐌹𐍃 𐌿𐌽𐍃𐌰𐍂𐌹𐍃 𐌳𐌿 𐍆𐌰𐌿𐍂𐌱𐌰𐌿𐌷𐍄𐌰𐌹 𐌲𐌰𐍆𐍂𐌴𐌹𐌳𐌴𐌹𐌽𐌰𐌹𐍃, 𐌳𐌿 𐌷𐌰𐌶𐌴𐌹𐌽𐌰𐌹 𐍅𐌿𐌻𐌸𐌰𐌿𐍃 𐌹𐍃. 𐌹𐌶𐌴𐌹 𐌹𐍃𐍄 (𐍅𐌰)𐌳𐌹 𐌰𐍂𐌱𐌾𐌹𐍃 𐌿𐌽𐍃𐌰𐍂𐌹𐍃 𐌳𐌿 𐍆𐌰𐌿𐍂(𐌱)𐌰𐌿𐌷𐍄𐌰𐌹 (𐌲𐌰)𐍆𐍂𐌴𐌹𐌳𐌴𐌹𐌽𐌰𐌹𐍃, 𐌳𐌿 𐌷𐌰𐌶𐌴𐌹𐌽𐌰𐌹 𐍅𐌿𐌻𐌸𐌰𐌿𐍃 𐌹𐍃."
Ephesians,1,15,"𐌳𐌿𐌸𐌸𐌴 𐌾𐌰𐌷 𐌹𐌺, 𐌲𐌰𐌷𐌰𐌿𐍃𐌾𐌰𐌽𐌳𐍃 𐌹𐌶𐍅𐌰𐍂𐌰 𐌲𐌰𐌻𐌰𐌿𐌱𐌴𐌹𐌽 𐌹𐌽 𐍆𐍂𐌰𐌿𐌾𐌹𐌽 𐌹𐌴𐍃𐌿 𐍇𐍂𐌹𐍃𐍄𐌰𐌿 𐌾𐌰𐌷 𐍆𐍂𐌹𐌾𐌰𐌸𐍅𐌰 𐌹𐌽 𐌰𐌻𐌻𐌰𐌽𐍃 𐌸𐌰𐌽𐍃 𐍅𐌴𐌹𐌷𐌰𐌽𐍃, 𐌳𐌿𐌸𐌸𐌴 𐌾𐌰𐌷 𐌹𐌺, 𐌲𐌰𐌷𐌰𐌿𐍃𐌾𐌰𐌽(𐌳𐍃) 𐌹𐌶𐍅𐌰𐍂𐌰 𐌲𐌰𐌻𐌰𐌿𐌱𐌴𐌹𐌽 𐌹𐌽 𐍆𐍂𐌰𐌿𐌾𐌹𐌽 𐌹𐌴𐍃𐌿 𐍇𐍂𐌹𐍃𐍄𐌰𐌿 𐌾𐌰𐌷 𐍆𐍂𐌹𐌰𐌸𐍅𐌰 𐌹𐌽 𐌰𐌻𐌻𐌰𐌽𐍃 𐌸(𐌰)𐌽𐍃 𐍅𐌴𐌹𐌷𐌰𐌽𐍃,"
Ephesians,1,16,"𐌿𐌽𐍃𐍅𐌴𐌹𐌱𐌰𐌽𐌳𐍃 𐌰𐍅𐌹𐌻𐌹𐌿𐌳𐍉 𐌹𐌽 𐌹𐌶𐍅𐌰𐍂𐌰, 𐌲𐌰𐌼𐌿𐌽𐌳 𐍅𐌰𐌿𐍂𐌺𐌾𐌰𐌽𐌳𐍃 𐌹𐌽 𐌱𐌹𐌳𐍉𐌼 𐌼𐌴𐌹𐌽𐌰𐌹𐌼, 𐌿𐌽𐍃𐍅𐌴𐌹𐌱𐌰𐌽𐌳𐍃 𐌰𐍅𐌹𐌻𐌹𐌿𐌳𐍉 𐌹𐌽 𐌹𐌶𐍅𐌰𐍂𐌰, 𐌲𐌰𐌼𐌿𐌽𐌳 (𐍅𐌰𐌿𐍂𐌺)𐌾𐌰𐌽𐌳𐍃 𐌹𐌽 𐌱𐌹𐌳𐍉𐌼 𐌼𐌴𐌹𐌽𐌰𐌹𐌼,"
Ephesians,1,17,"𐌴𐌹 𐌲𐌿𐌸 𐍆𐍂𐌰𐌿𐌾𐌹𐌽𐍃 𐌿𐌽𐍃𐌰𐍂𐌹𐍃 𐌹𐌴𐍃𐌿𐌹𐍃 𐍇𐍂𐌹𐍃𐍄𐌰𐌿𐍃, 𐌰𐍄𐍄𐌰 𐍅𐌿𐌻𐌸𐌰𐌿𐍃, 𐌲𐌹𐌱𐌰𐌹 𐌹𐌶𐍅𐌹𐍃 𐌰𐌷𐌼𐌰𐌽 𐌷𐌰𐌽𐌳𐌿𐌲𐌴𐌹𐌽𐍃 𐌾𐌰𐌷 𐌰𐌽𐌳𐌷𐌿𐌻𐌴𐌹𐌽𐌰𐌹𐍃 𐌹𐌽 𐌿𐍆𐌺𐌿𐌽𐌸𐌾𐌰 𐍃𐌴𐌹𐌽𐌰𐌼𐌼𐌰, 𐌴𐌹 𐌲𐌿𐌸 𐍆𐍂𐌰𐌿𐌾𐌹𐌽𐍃 𐌿(𐌽)𐍃𐌰𐍂𐌹𐍃 𐌹𐌴𐍃𐌿𐌹𐍃 𐍇𐍂𐌹𐍃𐍄𐌰𐌿𐍃, 𐌰𐍄𐍄𐌰 𐍅𐌿𐌻𐌸(𐌰)𐌿𐍃, 𐌲𐌹𐌱𐌰𐌹 𐌹𐌶𐍅𐌹𐍃 𐌰𐌷𐌼𐌰𐌽 𐌷𐌰𐌽𐌳𐌿𐌲𐌴𐌹𐌽𐍃 𐌾𐌰𐌷 𐌰𐌽𐌳𐌷𐌿𐌻𐌴𐌹𐌽𐌰𐌹𐍃 𐌹𐌽 𐌿𐍆𐌺𐌿𐌽𐌸𐌾𐌰 𐍃𐌴𐌹𐌽𐌰𐌼𐌼𐌰,"
Ephesians,1,18,"𐌹𐌽𐌻𐌹𐌿𐌷𐍄𐌹𐌳𐌰 𐌰𐌿𐌲𐍉𐌽𐌰 𐌷𐌰𐌹𐍂𐍄𐌹𐌽𐍃 𐌹𐌶𐍅𐌰𐍂𐌹𐍃, 𐌴𐌹 𐍅𐌹𐍄𐌴𐌹𐌸 𐌾𐌿𐍃 𐍈𐌰 𐌹𐍃𐍄 𐍅𐌴𐌽𐍃 𐌻𐌰𐌸𐍉𐌽𐌰𐌹𐍃 𐌹𐍃, 𐍈𐌹𐌻𐌴𐌹𐌺𐌿 𐌲𐌰𐌱𐌴𐌹 𐍅𐌿𐌻𐌸𐌰𐌿𐍃 𐌰𐍂𐌱𐌾𐌹𐍃 𐌹𐍃 𐌹𐌽 𐍅𐌴𐌹𐌷𐌰𐌹𐌼, 𐌹𐌽𐌻𐌹𐌿𐌷[𐌹]𐍄𐌹𐌳𐌰 𐌰𐌿𐌲𐍉𐌽𐌰 𐌷𐌰𐌹𐍂𐍄𐌹𐌽𐍃 𐌹𐌶𐍅𐌰𐍂𐌹𐍃, 𐌴𐌹 𐍅𐌹𐍄𐌴𐌹𐌸 𐌾𐌿𐍃 𐍈𐌰 𐌹𐍃𐍄 𐍅𐌴𐌽𐍃 𐌻𐌰𐌸𐍉𐌽𐌰𐌹𐍃 𐌹𐍃, 𐍈𐌹𐌻𐌴𐌹𐌺𐌿 𐌲𐌰𐌱𐌴𐌹 𐍅𐌿𐌻𐌸𐌰𐌿𐍃 𐌰𐍂𐌱𐌾𐌹𐍃 𐌹𐍃 𐌹𐌽 𐍅𐌴𐌹𐌷𐌰𐌹𐌼,"
Ephesians,1,19,"𐌾𐌰𐌷 𐍈𐌰 𐌿𐍆𐌰𐍂𐌰𐍃𐍃𐌿𐍃 𐌼𐌹𐌺𐌹𐌻𐌴𐌹𐌽𐍃 𐌼𐌰𐌷𐍄𐌰𐌹𐍃 𐌹𐍃 𐌹𐌽 𐌿𐌽𐍃 𐌸𐌰𐌹𐌼 𐌲𐌰𐌻𐌰𐌿𐌱𐌾𐌰𐌽𐌳𐌰𐌼 𐌱𐌹 𐍅𐌰𐌿𐍂𐍃𐍄𐍅𐌰 𐌼𐌰𐌷𐍄𐌰𐌹𐍃 𐍃𐍅𐌹𐌽𐌸𐌴𐌹𐌽𐍃 𐌹𐍃, 𐌾𐌰𐌷 𐍈𐌰 𐌿𐍆𐌰𐍂𐌰𐍃𐍃(𐌿)𐍃 𐌼𐌹𐌺𐌹𐌻𐌴𐌹𐌽𐍃 𐌼𐌰𐌷𐍄𐌰𐌹𐍃 𐌹𐍃 𐌹𐌽 𐌿𐌽𐍃 𐌸𐌰𐌹𐌼 𐌲𐌰𐌻𐌰𐌿𐌱𐌾𐌰𐌽𐌳𐌰𐌼 𐌱𐌹 𐍅𐌰𐌿𐍂(𐍃)𐍄𐍅𐌰 𐌼𐌰𐌷𐍄𐌰𐌹𐍃 𐍃𐍅𐌹𐌽𐌸𐌴𐌹𐌽𐍃 𐌹𐍃,"
Ephesians,1,20,"𐌸𐌰𐍄𐌴𐌹 𐌲𐌰𐍅𐌰𐌿𐍂𐌷𐍄𐌰 𐌹𐌽 𐍇𐍂𐌹𐍃𐍄𐌰𐌿, 𐌿𐍂𐍂𐌰𐌹𐍃𐌾𐌰𐌽𐌳𐍃 𐌹𐌽𐌰 𐌿𐍃 𐌳𐌰𐌿𐌸𐌰𐌹𐌼 𐌾𐌰𐌷 𐌲𐌰𐍃𐌰𐍄𐌹𐌳𐌰 𐌹𐌽 𐍄𐌰𐌹𐌷𐍃𐍅𐍉𐌽 𐍃𐌴𐌹𐌽𐌰𐌹 𐌹𐌽 𐌷𐌹𐌼𐌹𐌽𐌰𐌼 𐌸𐌰𐍄𐌴𐌹 𐌲𐌰𐍅𐌰𐌿𐍂𐌷𐍄𐌰 𐌹𐌽 𐍇𐍂𐌹𐍃𐍄𐌰𐌿, 𐌿𐍂𐍂𐌰𐌹𐍃𐌾𐌰𐌽𐌳𐍃 𐌹𐌽𐌰 𐌿𐍃 𐌳𐌰𐌿𐌸𐌰𐌹𐌼 𐌾𐌰𐌷 𐌲𐌰𐍃𐌰𐍄𐌹𐌳𐌰 𐌹𐌽 𐍄𐌰𐌹𐌷𐍃𐍅𐍉𐌽 𐍃𐌴𐌹𐌽𐌰𐌹 𐌹𐌽 𐌷𐌹𐌼𐌹𐌽𐌰𐌼"
Ephesians,1,21,"𐌿𐍆𐌰𐍂𐍉 𐌰𐌻𐌻𐌰𐌹𐌶𐌴 𐍂𐌴𐌹𐌺𐌾𐌴 𐌾𐌰𐌷 𐍅𐌰𐌻𐌳𐌿𐍆𐌽𐌾𐌴 𐌾𐌰𐌷 𐌼𐌰𐌷𐍄𐌴 𐌾𐌰𐌷 𐍆𐍂𐌰𐌿𐌾𐌹𐌽𐌰𐍃𐍃𐌹𐍅𐌴 𐌾𐌰𐌷 𐌰𐌻𐌻𐌰𐌹𐌶𐌴 𐌽𐌰𐌼𐌽𐌴 𐌽𐌰𐌼𐌽𐌹𐌳𐌰𐌹𐌶𐌴 𐌽𐌹 𐌸𐌰𐍄𐌰𐌹𐌽𐌴𐌹 𐌹𐌽 𐌸𐌰𐌼𐌼𐌰 𐌰𐌹𐍅𐌰, 𐌰𐌺 𐌾𐌰𐌷 𐌹𐌽 𐌸𐌰𐌼𐌼𐌰 𐌰𐌽𐌰𐍅𐌰𐌹𐍂𐌸𐌹𐌽. 𐌿𐍆𐌰𐍂𐍉 𐌰𐌻𐌻𐌰𐌹𐌶𐌴 𐍂𐌴𐌹𐌺𐌾𐌴 𐌾𐌰𐌷 𐍅𐌰𐌻𐌳𐌿𐍆𐌽𐌾𐌴 𐌾𐌰𐌷 𐌼𐌰𐌷𐍄𐌴 𐌾𐌰𐌷 𐍆𐍂𐌰𐌿𐌾𐌹𐌽𐌰𐍃𐍃𐌹𐍅𐌴 𐌾𐌰𐌷 𐌰𐌻𐌻𐌰𐌹𐌶𐌴 𐌽𐌰𐌼𐌽𐌴 𐌽𐌰𐌼𐌽𐌹𐌳𐌰𐌹𐌶𐌴 𐌽𐌹 𐌸𐌰𐍄𐌰𐌹𐌽𐌴𐌹 𐌹𐌽 𐌸𐌰𐌼𐌼𐌰 𐌰𐌹𐍅𐌰, 𐌰𐌺 𐌾𐌰𐌷 𐌹𐌽 𐌸𐌰𐌼𐌼𐌰 𐌰𐌽𐌰𐍅𐌰𐌹𐍂𐌸𐌹𐌽."
Ephesians,1,22,"𐌾𐌰𐌷 𐌰𐌻𐌻𐌰 𐌿𐍆𐌷𐌽𐌰𐌹𐍅𐌹𐌳𐌰 𐌿𐍆 𐍆𐍉𐍄𐌿𐌽𐍃 𐌹𐌼𐌼𐌰 𐌾𐌰𐌷 𐌹𐌽𐌰 𐌰𐍄𐌲𐌰𐍆 𐌷𐌰𐌿𐌱𐌹𐌸 𐌿𐍆𐌰𐍂 𐌰𐌻𐌻𐌰 𐌰𐌹𐌺𐌺𐌻𐌴𐍃𐌾𐍉𐌽, 𐌾𐌰𐌷 𐌰𐌻𐌻 𐌿𐍆𐌷𐌽𐌰𐌹𐍅𐌹𐌳𐌰 𐌿𐍆 𐍆𐍉𐍄𐌿𐌽𐍃 𐌹𐌼𐌼𐌰 𐌾𐌰𐌷 𐌹𐌽𐌰 𐌰𐍄𐌲𐌰𐍆 𐌷𐌰𐌿𐌱𐌹𐌸 𐌿𐍆𐌰𐍂 𐌰𐌻𐌻𐌰 𐌰𐌹𐌺𐌺𐌻𐌴𐍃𐌾𐍉𐌽,"
Ephesians,1,23,"𐍃𐌴𐌹 𐌹𐍃𐍄 𐌻𐌴𐌹𐌺 𐌹𐍃, 𐍆𐌿𐌻𐌻𐍉 𐌸𐌹𐍃 𐌰𐌻𐌻𐌰 𐌹𐌽 𐌰𐌻𐌻𐌰𐌹𐌼 𐌿𐍃𐍆𐌿𐌻𐌻𐌾𐌰𐌽𐌳𐌹𐌽𐍃. 𐍃𐌴𐌹 𐌹𐍃𐍄 𐌻𐌴𐌹𐌺 𐌹𐍃, 𐍆𐌿𐌻𐌻𐍉 𐌸𐌹𐍃 𐌰𐌻𐌻𐌰 𐌹𐌽 𐌰𐌻𐌻𐌰𐌹𐌼 𐌿𐍃𐍆𐌿𐌻𐌻𐌾𐌰𐌽𐌳𐌹𐌽𐍃."
Ephesians,2,1,"𐌾𐌰𐌷 𐌹𐌶𐍅𐌹𐍃 𐍅𐌹𐍃𐌰𐌽𐌳𐌰𐌽𐍃 𐌳𐌰𐌿𐌸𐌰𐌽𐍃 𐌼𐌹𐍃𐍃𐌰𐌳𐌴𐌳𐌹𐌼 𐌾𐌰𐌷 𐍆𐍂𐌰𐍅𐌰𐌿𐍂𐌷𐍄𐌹𐌼 𐌹𐌶𐍅𐌰𐍂𐌰𐌹𐌼, 𐌾𐌰𐌷 𐌹𐌶𐍅𐌹𐍃 𐍅𐌹𐍃𐌰𐌽𐌳𐌰𐌽𐍃 𐌳𐌰𐌿𐌸𐌰𐌽𐍃 𐌼𐌹𐍃𐍃𐌰𐌳𐌴𐌳𐌹𐌼 𐌾𐌰𐌷 𐍆𐍂𐌰𐍅𐌰𐌿𐍂𐌷𐍄𐌹𐌼 𐌹𐌶𐍅𐌰𐍂𐌰𐌹𐌼,"
Ephesians,2,2,"𐌹𐌽 𐌸𐌰𐌹𐌼𐌴𐌹 𐍃𐌹𐌼𐌻𐌴 𐌹𐌳𐌳𐌾𐌴𐌳𐌿𐌸 𐌱𐌹 𐌸𐌹𐌶𐌰𐌹 𐌰𐌻𐌳𐌰𐌹 𐌸𐌹𐍃 𐍆𐌰𐌹𐍂𐍈𐌰𐌿𐍃, 𐌱𐌹 𐍂𐌴𐌹𐌺 𐍅𐌰𐌻𐌳𐌿𐍆𐌽𐌾𐌹𐍃 𐌻𐌿𐍆𐍄𐌰𐌿𐍃, 𐌰𐌷𐌼𐌹𐌽𐍃 𐌸𐌹𐍃 𐌽𐌿 𐍅𐌰𐌿𐍂𐌺𐌾𐌰𐌽𐌳𐌹𐌽𐍃 𐌹𐌽 𐍃𐌿𐌽𐌿𐌼 𐌿𐌽𐌲𐌰𐌻𐌰𐌿𐌱𐌴𐌹𐌽𐌰𐌹𐍃, 𐌹𐌽 𐌸𐌰𐌹𐌼𐌴𐌹 𐍃𐌹𐌼𐌻𐌴 𐌹𐌳𐌳𐌾𐌴𐌳𐌿𐌸 𐌱𐌹 𐌸𐌹𐌶𐌰𐌹 𐌰𐌻𐌳𐌰𐌹 𐌸𐌹𐍃 𐌰𐌹𐍅𐌹𐍃, 𐌱𐌹 𐍂𐌴𐌹𐌺 𐍅𐌰𐌻𐌳𐌿𐍆𐌽𐌾𐌹𐍃 𐌻𐌿𐍆𐍄𐌰𐌿𐍃, 𐌰𐌷𐌼𐌹𐌽𐍃 𐌸𐌹𐍃 (𐌽)𐌿 𐍅𐌰𐌿𐍂𐌺𐌾𐌰𐌽𐌳𐌹𐌽𐍃 𐌹𐌽 𐍃𐌿𐌽𐌿𐌼 𐌿𐌽𐌲𐌰𐌻𐌰𐌿𐌱𐌴𐌹𐌽𐌰𐌹𐍃,"
Ephesians,2,3,"𐌹𐌽 𐌸𐌰𐌹𐌼𐌴𐌹 𐌾𐌰𐌷 𐍅𐌴𐌹𐍃 𐌰𐌻𐌻𐌰𐌹 𐌿𐍃𐌼𐌴𐍄𐌿𐌼 𐍃𐌿𐌼𐌰𐌽 𐌹𐌽 𐌻𐌿𐍃𐍄𐌿𐌼 𐌻𐌴𐌹𐌺𐌹𐍃 𐌿𐌽𐍃𐌰𐍂𐌹𐍃, 𐍄𐌰𐌿𐌾𐌰𐌽𐌳𐌰𐌽𐍃 𐍅𐌹𐌻𐌾𐌰𐌽𐍃 𐌻𐌴𐌹𐌺𐌹𐍃 𐌾𐌰𐌷 𐌲𐌰𐌼𐌹𐍄𐍉𐌽𐌴, 𐌾𐌰𐌷 𐍅𐌴𐍃𐌿𐌼 𐍅𐌹𐍃𐍄𐌰𐌹 𐌱𐌰𐍂𐌽𐌰 𐌷𐌰𐍄𐌹𐌶𐌴, 𐍃𐍅𐌰𐍃𐍅𐌴 𐌾𐌰𐌷 𐌸𐌰𐌹 𐌰𐌽𐌸𐌰𐍂𐌰𐌹. 𐌹𐌽 𐌸𐌰𐌹𐌼𐌴𐌹 𐌾𐌰𐌷 𐍅𐌴𐌹𐍃 𐌰𐌻𐌻𐌰𐌹 𐌿𐍃𐌼𐌴𐍄𐌿𐌼 𐍃𐌿𐌼𐌰𐌽 𐌹𐌽 𐌻𐌿𐍃𐍄𐌿𐌼 𐌻𐌴𐌹𐌺𐌹𐍃 𐌿𐌽𐍃𐌰𐍂𐌹𐍃, 𐍄𐌰𐌿𐌾𐌰𐌽𐌳𐌰𐌽𐍃 𐍅𐌹𐌻𐌾𐌰𐌽𐍃 𐌻𐌴𐌹𐌺𐌹𐍃 𐌾𐌰𐌷 𐌲𐌰𐌼𐌹𐍄𐍉𐌽𐌴, 𐌾𐌰𐌷 𐍅𐌹𐍃𐌿𐌼 𐍅𐌹𐍃𐍄𐌰𐌹 𐌱𐌰𐍂𐌽𐌰 𐌷𐌰𐍄𐌹𐍃, 𐍃𐍅𐌰𐍃𐍅𐌴 𐌾𐌰𐌷 𐌸𐌰𐌹 𐌰𐌽𐌸𐌰𐍂𐌰𐌹."
Ephesians,2,4,"𐌹𐌸 𐌲𐌿𐌸, 𐌲𐌰𐌱𐌹𐌲𐍃 𐍅𐌹𐍃𐌰𐌽𐌳𐍃 𐌹𐌽 𐌰𐍂𐌼𐌰𐌷𐌰𐌹𐍂𐍄𐌴𐌹𐌽, 𐌹𐌽 𐌸𐌹𐌶𐍉𐍃 𐌼𐌰𐌽𐌰𐌲𐍉𐌽𐍃 𐍆𐍂𐌹𐌾𐌰𐌸𐍅𐍉𐍃 𐌸𐌹𐌶𐌰𐌹𐌴𐌹 𐍆𐍂𐌹𐌾𐍉𐌳𐌰 𐌿𐌽𐍃, 𐌹𐌸 𐌲𐌿𐌸, 𐌲𐌰𐌱𐌴𐌹𐌲𐍃 𐍅𐌹𐍃𐌰𐌽𐌳𐍃 𐌹𐌽 𐌰𐍂𐌼𐌰𐌷𐌰𐌹𐍂𐍄𐌴𐌹𐌽, 𐌹𐌽 𐌸𐌹𐌶𐍉𐍃 𐌼𐌰𐌽𐌰𐌲𐍉𐌽𐍃 𐍆𐍂𐌹𐌾𐌰𐌸𐍅𐍉𐍃 𐌹𐌽 𐌸𐌹𐌶𐌰𐌹𐌴𐌹 𐍆𐍂𐌹𐌾𐍉𐌳𐌰 𐌿𐌽𐍃,"
Ephesians,2,5,"𐌾𐌰𐌷 𐍅𐌹𐍃𐌰𐌽𐌳𐌰𐌽𐍃 𐌿𐌽𐍃 𐌳𐌰𐌿𐌸𐌰𐌽𐍃 𐍆𐍂𐌰𐍅𐌰𐌿𐍂𐌷𐍄𐌹𐌼 𐌼𐌹𐌸𐌲𐌰𐌵𐌹𐍅𐌹𐌳𐌰 𐌿𐌽𐍃 𐍇𐍂𐌹𐍃𐍄𐌰𐌿 - 𐌰𐌽𐍃𐍄𐌰𐌹 𐍃𐌹𐌾𐌿𐌸 𐌲𐌰𐌽𐌰𐍃𐌹𐌳𐌰𐌹 - 𐌾𐌰𐌷 𐍅𐌹𐍃𐌰𐌽𐌳𐌰𐌽𐍃 𐌿𐌽𐍃 𐌳𐌰𐌿𐌸𐌰𐌽𐍃 𐍆𐍂𐌰𐍅𐌰𐌿𐍂𐌷𐍄𐌹𐌼, 𐌼𐌹𐌸𐌲𐌰𐌵𐌹𐍅𐌹𐌳𐌰 𐌿𐌽𐍃 𐍇𐍂𐌹𐍃𐍄𐌰𐌿 - 𐌰𐌽𐍃𐍄𐌰𐌹 𐍃𐌹𐌾𐌿𐌼 𐌲𐌰𐌽𐌰𐍃𐌹𐌳𐌰𐌹 -"
Ephesians,2,6,"𐌾𐌰𐌷 𐌼𐌹𐌸𐌿𐍂𐍂𐌰𐌹𐍃𐌹𐌳𐌰 𐌾𐌰𐌷 𐌼𐌹𐌸𐌲𐌰𐍃𐌰𐍄𐌹𐌳𐌰 𐌹𐌽 𐌷𐌹𐌼𐌹𐌽𐌰𐌺𐌿𐌽𐌳𐌰𐌹𐌼 𐌹𐌽 𐍇𐍂𐌹𐍃𐍄𐌰𐌿 𐌹𐌴𐍃𐌿, 𐌾𐌰𐌷 𐌼𐌹𐌸𐌿𐍂𐍂𐌰𐌹𐍃𐌹𐌳𐌰𐌹 𐌾𐌰𐌷 𐌼𐌹𐌸𐌲𐌰(𐍃)𐌰𐍄𐌹𐌳𐌰𐌹 𐌹𐌽 𐌷𐌹𐌼𐌹𐌽𐌰𐌺𐌿𐌽𐌳𐌰𐌹𐌼 𐌹𐌽 𐍇𐍂𐌹𐍃𐍄𐌰𐌿 𐌹𐌴𐍃𐌿,"
Ephesians,2,7,𐌴𐌹 𐌰𐍄𐌰𐌿𐌲𐌾𐌰𐌹 𐌹𐌽 𐌰𐌻𐌳[𐌰]𐌹𐌼 𐌸𐌰𐌹𐌼 𐌰𐌽𐌰𐌲𐌰𐌲𐌲𐌰𐌽𐌳𐌴𐌹𐌼 𐌿𐍆𐌰𐍂𐌰𐍃𐍃𐌿 𐌲𐌰𐌱𐌴𐌹𐌽𐍃 𐌰𐌽𐍃𐍄𐌰𐌹𐍃 𐍃𐌴𐌹𐌽𐌰𐌹𐌶𐍉𐍃 𐌹𐌽 𐍃𐌴𐌻𐌴𐌹𐌽 𐌱𐌹 𐌿𐌽𐍃 𐌹𐌽 𐍇𐍂𐌹𐍃𐍄𐌰𐌿 𐌹𐌴𐍃𐌿. 𐌴𐌹 𐌰𐍄𐌰𐌿𐌲𐌾𐌰𐌹 𐌹𐌽 𐌰𐌻𐌳𐌹𐌼 𐌸𐌰𐌹𐌼 𐌰𐌽𐌰𐌲𐌰𐌲𐌲𐌰𐌽𐌳𐌴𐌹𐌼 𐌿𐍆𐌰𐍂𐌰𐍃𐍃𐌿 𐌲𐌰𐌱𐌴𐌹𐌽𐍃 𐌰𐌽𐍃𐍄𐌰𐌹𐍃 𐍃𐌴𐌹𐌽𐌰𐌹𐌶𐍉𐍃 𐌹𐌽 𐍃𐌴𐌻𐌴𐌹𐌽 𐌱𐌹 𐌿𐌽𐍃 𐌹𐌽 𐍇𐍂𐌹𐍃𐍄𐌰𐌿 𐌹𐌴𐍃𐌿.
Ephesians,2,8,"𐌿𐌽𐍄𐌴 𐌰𐌽𐍃𐍄𐌰𐌹 𐍃𐌹𐌿𐌸 𐌲𐌰𐌽𐌰𐍃𐌹𐌳𐌰𐌹 𐌸𐌰𐌹𐍂𐌷 𐌲𐌰𐌻𐌰𐌿𐌱𐌴𐌹𐌽, 𐌾𐌰𐌷 𐌸𐌰𐍄𐌰 𐌽𐌹 𐌿𐍃 𐌹𐌶𐍅𐌹𐍃, 𐌰𐌺 𐌲𐌿𐌳𐌹𐍃 𐌲𐌹𐌱𐌰 𐌹𐍃𐍄; 𐌿𐌽𐍄𐌴 𐌰𐌽𐍃𐍄𐌰𐌹 𐍃𐌹𐌾𐌿𐌸 𐌲𐌰𐌽𐌰𐍃𐌹𐌳𐌰𐌹 𐌸𐌰𐌹𐍂𐌷 𐌲𐌰𐌻𐌰𐌿𐌱𐌴𐌹𐌽, 𐌾𐌰𐌷 𐌸𐌰𐍄𐌰 𐌽𐌹 𐌿𐍃 𐌹𐌶𐍅𐌹𐍃, 𐌰𐌺 𐌲𐌿𐌳𐌹𐍃 𐌲𐌹𐌱𐌰 𐌹𐍃𐍄;"
Ephesians,2,9,"𐌽𐌹 𐌿𐍃 𐍅𐌰𐌿𐍂𐍃𐍄𐍅𐌰𐌼, 𐌴𐌹 𐍈𐌰𐍃 𐌽𐌹 𐍈𐍉𐍀𐌰𐌹, 𐌽𐌹 𐌿𐍃 𐍅𐌰𐌿𐍂𐍃𐍄𐍅𐌰𐌼, 𐌴𐌹 𐍈𐌰𐍃 𐌽𐌹 𐍈𐍉𐍀𐌰𐌹,"
Ephesians,2,10,"𐌰𐌺 𐌹𐍃 𐍃𐌹𐌿𐌼 𐍄𐌰𐌿𐌹, 𐌲𐌰𐍃𐌺𐌰𐍀𐌰𐌽𐌰𐌹 𐌹𐌽 𐍇𐍂𐌹𐍃𐍄𐌰𐌿 𐌹𐌴𐍃𐌿 𐌳𐌿 𐍅𐌰𐌿𐍂𐍃𐍄𐍅𐌰𐌼 𐌲𐍉𐌳𐌰𐌹𐌼, 𐌸𐍉𐌴𐌹 𐍆𐌰𐌿𐍂𐌰𐌲𐌰𐌼𐌰𐌽𐍅𐌹𐌳𐌰 𐌲𐌿𐌸, 𐌴𐌹 𐌹𐌽 𐌸𐌰𐌹𐌼 𐌲𐌰𐌲𐌲𐌰𐌹𐌼𐌰. 𐌰𐌺 𐌹𐍃 𐍃𐌹𐌾𐌿𐌼 𐍄𐌰𐌿𐌹, 𐌲𐌰𐍃𐌺𐌰𐍀𐌰𐌽𐌰𐌹 𐌹𐌽 𐍇𐍂𐌹𐍃𐍄𐌰𐌿 𐌹𐌴𐍃𐌿 𐌳𐌿 𐍅𐌰𐌿𐍂𐍃𐍄𐍅𐌰𐌼 𐌲𐍉𐌳𐌰𐌹𐌼, 𐌸𐍉𐌴𐌹 𐍆𐌰𐌿𐍂𐌰𐌲𐌰𐌼𐌰𐌽𐍅𐌹𐌳𐌰 𐌲𐌿𐌸, 𐌴𐌹 𐌹𐌽 𐌸𐌰𐌹𐌼 (𐌲𐌰)𐌲𐌲𐌰𐌹𐌼𐌰."
Ephesians,2,11,"𐌳𐌿𐌸𐌸𐌴 𐌲𐌰𐌼𐌿𐌽𐌴𐌹𐌸 𐌸𐌰𐍄𐌴𐌹 𐌾𐌿𐍃 𐌸𐌹𐌿𐌳𐍉𐍃 𐍃𐌹𐌼𐌻𐌴 𐍅𐌴𐍃𐌿𐌸 𐌹𐌽 𐌻𐌴𐌹𐌺𐌰, 𐌸𐌰𐌹 𐌽𐌰𐌼𐌽𐌹𐌳𐌰𐌽𐍃 𐌿𐌽𐌱𐌹𐌼𐌰𐌹𐍄𐌰𐌽𐌰𐌹 𐍆𐍂𐌰𐌼 𐌸𐌹𐌶𐌰𐌹 𐌽𐌰𐌼𐌽𐌹𐌳𐍉𐌽 𐌱𐌹𐌼𐌰𐌹𐍄 𐌹𐌽 𐌻𐌴𐌹𐌺𐌰 𐌷𐌰𐌽𐌳𐌿𐍅𐌰𐌿𐍂𐌷𐍄. 𐌳𐌿𐌸𐌸𐌴 𐌲𐌰𐌼𐌿𐌽𐌴𐌹𐌸 𐌸𐌰𐍄𐌴𐌹 𐌾𐌿𐍃 𐌸𐌹𐌿𐌳𐍉𐍃 𐍃𐌹𐌼𐌻𐌴 𐍅𐌴𐍃𐌿𐌸 𐌹𐌽 𐌻𐌴𐌹𐌺𐌰, 𐌸𐌰𐌹 𐌽𐌰𐌼𐌽𐌹𐌳𐌰𐌽𐍃 𐌿𐌽𐌱𐌹𐌼𐌰𐌹𐍄𐌰𐌽𐌰𐌹 𐍆𐍂𐌰𐌼 𐌸𐌹𐌶𐌰𐌹 𐌽𐌰𐌼𐌽𐌹𐌳𐍉𐌽 𐌱𐌹𐌼𐌰𐌹𐍄 𐌹𐌽 𐌻𐌴𐌹𐌺𐌰 𐌷𐌰𐌽𐌳𐌿𐍅𐌰𐌿𐍂𐌷𐍄."
Ephesians,2,12,"𐌿𐌽𐍄𐌴 𐍅𐌴𐍃𐌿𐌸 𐌸𐌰𐌽 𐌹𐌽 𐌾𐌰𐌹𐌽𐌰𐌼𐌼𐌰 𐌼𐌴𐌻𐌰 𐌹𐌽𐌿 𐍇𐍂𐌹𐍃𐍄𐌿, 𐍆𐍂𐌰𐌼𐌰𐌸𐌾𐌰𐌹 𐌿𐍃𐌼𐌴𐍄𐌹𐍃 𐌹𐍃𐍂𐌰𐌴𐌻𐌹𐍃 𐌾𐌰𐌷 𐌲𐌰𐍃𐍄𐌴𐌹𐍃 𐌲𐌰𐌷𐌰𐌹𐍄𐌴 𐍄𐍂𐌰𐌿𐍃𐍄𐌴𐌹𐍃, 𐍅𐌴𐌽 𐌽𐌹 𐌷𐌰𐌱𐌰𐌽𐌳𐌰𐌽𐍃 𐌾𐌰𐌷 𐌲𐌿𐌳𐌰𐌻𐌰𐌿𐍃𐌰𐌹 𐌹𐌽 𐌼𐌰𐌽𐌰𐍃𐌴𐌳𐌰𐌹. 𐌿𐌽𐍄𐌴 𐍅𐌴𐍃𐌿𐌸 𐌸𐌰𐌽 𐌹𐌽 𐌾𐌰𐌹𐌽𐌰𐌼𐌼𐌰 𐌼𐌴𐌻𐌰 𐌹𐌽𐌿𐌷 𐍇𐍂𐌹𐍃𐍄𐌿, 𐍆𐍂𐌰𐌼𐌰𐌸𐌾𐌰𐌹 𐌿𐍃𐌼𐌴𐍄𐌹𐍃 𐌹𐍃𐍂𐌰𐌴𐌻𐌹𐍃 𐌾𐌰𐌷 𐌲𐌰𐍃𐍄𐌴𐌹𐍃 𐌲𐌰𐌷𐌰𐌹𐍄𐌴 𐍄𐍂𐌰𐌿𐍃𐍄𐌴𐌹𐍃, 𐍅𐌴𐌽 𐌽𐌹 𐌷𐌰𐌱𐌰𐌽𐌳𐌰𐌽𐍃 𐌾𐌰𐌷 𐌲(𐌿𐌳𐌰)𐌻𐌰𐌿𐍃𐌰𐌹 𐌹𐌽 𐌼𐌰𐌽𐌰𐍃𐌴𐌳𐌰𐌹."
Ephesians,2,13,"𐌹𐌸 𐌽𐌿 𐍃𐌰𐌹, 𐌹𐌽 𐍇𐍂𐌹𐍃𐍄𐌰𐌿 𐌹𐌴𐍃𐌿 𐌾𐌿𐍃 𐌾𐌿𐌶𐌴𐌹 𐍃𐌹𐌼𐌻𐌴 𐍅𐌴𐍃𐌿𐌸 𐍆𐌰𐌹𐍂𐍂𐌰, 𐍅𐌰𐌿𐍂𐌸𐌿𐌸 𐌽𐌴𐍈𐌰 𐌹𐌽 𐌱𐌻𐍉𐌸𐌰 𐍇𐍂𐌹𐍃𐍄𐌰𐌿𐍃. 𐌹𐌸 (𐌽𐌿) 𐍃𐌰𐌹, 𐌹𐌽 𐍇𐍂𐌹𐍃𐍄𐌰𐌿 𐌹𐌴𐍃𐌿 𐌾𐌿𐍃 𐌾𐌿𐌶𐌴𐌹 𐍃𐌹𐌼(𐌻𐌴) (𐍅)𐌴𐍃𐌿𐌸 𐍆𐌰𐌹𐍂𐍂𐌰, 𐍅𐌰𐌿𐍂𐌸𐌿𐌸 𐌽𐌴𐍈𐌰 𐌹𐌽 𐌱𐌻𐍉𐌸𐌰 𐍇𐍂𐌹𐍃𐍄𐌰𐌿𐍃."
Ephesians,2,14,"𐍃𐌰 𐌰𐌿𐌺 𐌹𐍃𐍄 𐌲𐌰𐍅𐌰𐌹𐍂𐌸𐌹 𐌿𐌽𐍃𐌰𐍂, 𐍃𐌰𐌴𐌹 𐌲𐌰𐍄𐌰𐍅𐌹𐌳𐌰 𐌸𐍉 𐌱𐌰 𐌳𐌿 𐍃𐌰𐌼𐌹𐌽 𐌾𐌰𐌷 𐌼𐌹𐌳𐌲𐌰𐍂𐌳𐌹𐍅𐌰𐌳𐌳𐌾𐌿 𐍆𐌰𐌸𐍉𐍃 𐌲𐌰𐍄𐌰𐌹𐍂𐌰𐌽𐌳𐍃, 𐍃𐌰 𐌰𐌿𐌺 𐌹𐍃𐍄 𐌲𐌰𐍅𐌰𐌹𐍂𐌸𐌹 𐌿𐌽𐍃𐌰𐍂, 𐍃𐌰𐌴𐌹 𐌲𐌰𐍄𐌰𐍅𐌹𐌳𐌰 𐌸𐍉 𐌱𐌰 𐌳𐌿 𐍃𐌰𐌼𐌹𐌽 𐌾𐌰𐌷 𐌼𐌹𐌸𐌲𐌰𐍂𐌳𐌰𐍅𐌰𐌳𐌳𐌾𐌿 𐍆𐌰𐌸𐍉𐍃 𐌲𐌰𐍄𐌰𐌹𐍂𐌰𐌽𐌳𐍃,"
Ephesians,2,15,"𐍆𐌹𐌾𐌰𐌸𐍅𐌰, 𐌰𐌽𐌰 𐌻𐌴𐌹𐌺𐌰 𐍃𐌴𐌹𐌽𐌰𐌼𐌼𐌰 𐍅𐌹𐍄𐍉𐌸 𐌰𐌽𐌰𐌱𐌿𐍃𐌽𐌴 𐌲𐌰𐍂𐌰𐌹𐌳𐌴𐌹𐌽𐌹𐌼 𐌲𐌰𐍄𐌰𐌹𐍂𐌰𐌽𐌳𐍃, 𐌴𐌹 𐌸𐌰𐌽𐍃 𐍄𐍅𐌰𐌽𐍃 𐌲𐌰𐍃𐌺𐍉𐍀𐌹 𐌹𐌽 𐍃𐌹𐍃 𐍃𐌹𐌻𐌱𐌹𐌽 𐌳𐌿 𐌰𐌹𐌽𐌰𐌼𐌼𐌰 𐌽𐌹𐌿𐌾𐌰𐌼𐌼𐌰 𐌼𐌰𐌽𐌽, 𐍅𐌰𐌿𐍂𐌺𐌾𐌰𐌽𐌳𐍃 𐌲𐌰𐍅𐌰𐌹𐍂𐌸𐌹, 𐍆𐌹𐌾𐌰𐌸𐍅𐌰, 𐌰𐌽𐌰 𐌻𐌴𐌹𐌺𐌰 𐍃𐌴𐌹𐌽𐌰𐌼𐌼𐌰 𐍅𐌹𐍄𐍉𐌸 𐌰𐌽𐌰𐌱𐌿𐍃𐌽𐌴 𐌲𐌰𐍂𐌰𐌹𐌳𐌴𐌹𐌽𐌹𐌼 𐌲𐌰𐍄𐌰𐌹𐍂𐌰𐌽𐌳𐍃, 𐌴𐌹 𐌸𐌰𐌽𐍃 𐍄𐍅𐌰𐌽𐍃 𐌲𐌰𐍃𐌺𐍉𐍀𐌹 𐌹𐌽 𐍃𐌹𐍃 𐍃𐌹𐌻𐌱𐌹𐌽 𐌳𐌿 𐌰𐌹𐌽𐌰𐌼𐌼𐌰 𐌽𐌹𐌿𐌾𐌰𐌼𐌼𐌰 𐌼𐌰𐌽𐌽, 𐍅𐌰𐌿𐍂𐌺𐌾𐌰𐌽(𐌳𐍃) 𐌲𐌰𐍅𐌰𐌹𐍂𐌸𐌹,"
Ephesians,2,16,"𐌾𐌰𐌷 𐌲𐌰𐍆𐍂𐌹𐌸𐍉𐌳𐌴𐌳𐌹 𐌸𐌰𐌽𐍃 𐌱𐌰𐌽𐍃 𐌹𐌽 𐌰𐌹𐌽𐌰𐌼𐌼𐌰 𐌻𐌴𐌹𐌺𐌰 𐌲𐌿𐌳𐌰 𐌸𐌰𐌹𐍂𐌷 𐌲𐌰𐌻𐌲𐌰𐌽, 𐌰𐍆𐍃𐌻𐌰𐌷𐌰𐌽𐌳𐍃 𐍆𐌹𐌾𐌰𐌸𐍅𐌰 𐌹𐌽 𐍃𐌹𐍃 𐍃𐌹𐌻𐌱𐌹𐌽. 𐌾𐌰𐌷 𐌲𐌰𐍆𐍂𐌹𐌸𐍉𐌳𐌴𐌳𐌹 𐌸𐌰𐌽𐍃 𐌱𐌰𐌽𐍃 𐌹𐌽 𐌰𐌹𐌽𐌰𐌼𐌼𐌰 𐌻𐌴𐌹𐌺𐌰 𐌲𐌿𐌳𐌰 𐌸𐌰𐌹𐍂𐌷 𐌲𐌰𐌻𐌲𐌰𐌽, 𐌰𐍆𐍃𐌻𐌰𐌷𐌰𐌽𐍃 𐍆𐌹𐌾𐌰𐌸𐍅𐌰 𐌹𐌽 𐍃𐌹𐍃 𐍃𐌹𐌻𐌱𐌹𐌽."
Ephesians,2,17,𐌾𐌰𐌷 𐌵𐌹𐌼𐌰𐌽𐌳𐍃 𐍅𐌰𐌹𐌻𐌰𐌼𐌴𐍂𐌹𐌳𐌰 𐌲𐌰𐍅𐌰𐌹𐍂𐌸𐌹 𐌹𐌶𐍅𐌹𐍃 𐌾𐌿𐌶𐌴𐌹 𐍆𐌰𐌹𐍂𐍂𐌰 𐌾𐌰𐌷 𐌲𐌰𐍅𐌰𐌹𐍂𐌸𐌹 𐌸𐌰𐌹𐌼 𐌹𐌶𐌴 𐌽𐌴𐍈𐌰; 𐌾𐌰𐌷 𐌵𐌹𐌼𐌰𐌽𐌳𐍃 𐍅𐌰𐌹𐌻𐌰𐌼𐌴𐍂𐌹𐌳𐌰 𐌲𐌰𐍅𐌰𐌹𐍂𐌸𐌹 𐌹𐌶𐍅𐌹𐍃 𐌾𐌿𐌶𐌴𐌹 𐍆𐌰𐌹𐍂𐍂𐌰 𐌾𐌰𐌷 𐌲𐌰𐍅𐌰𐌹𐍂𐌸𐌹 𐌸𐌰𐌹𐌼 𐌹𐌶𐌴𐌹 𐌽𐌴𐍈𐌰;
Ephesians,2,18,𐌿𐌽𐍄𐌴 𐌸𐌰𐌹𐍂𐌷 𐌹𐌽𐌰 𐌷𐌰𐌱𐌰𐌼 𐌰𐍄𐌲𐌰𐌲𐌲 𐌱𐌰𐌾𐍉𐌸𐍃 𐌹𐌽 𐌰𐌹𐌽𐌰𐌼𐌼𐌰 𐌰𐌷𐌼𐌹𐌽 𐌳𐌿 𐌰𐍄𐍄𐌹𐌽. 𐌿𐌽𐍄𐌴 𐌸(𐌰)𐌹𐍂𐌷 𐌹𐌽𐌰 𐌷𐌰𐌱𐌰𐌼 𐌰𐍄𐌲𐌰𐌲𐌲 𐌱𐌰𐌾𐍉𐌸𐍃 𐌹𐌽 𐌰𐌹𐌽𐌰𐌼𐌼𐌰 𐌰𐌷𐌼𐌹𐌽 𐌳𐌿 𐌰𐍄𐍄(𐌹𐌽).
Ephesians,2,19,"𐍃𐌰𐌹 𐌽𐌿 𐌽𐌹 𐍃𐌹𐌾𐌿𐌸 𐌲𐌰𐍃𐍄𐌴𐌹𐍃 𐌾𐌰𐌷 𐌰𐌻𐌾𐌰𐌺𐍉𐌽𐌾𐌰𐌹, 𐌰𐌺 𐍃𐌹𐌾𐌿𐌸 𐌲𐌰𐌱𐌰𐌿𐍂𐌲𐌾𐌰𐌽𐍃 𐌸𐌰𐌹𐌼 𐍅𐌴𐌹𐌷𐌰𐌼 𐌾𐌰𐌷 𐌹𐌽𐌲𐌰𐍂𐌳𐌾𐌰𐌽𐍃 𐌲𐌿𐌳𐌹𐍃, 𐍃𐌰𐌹 𐌽𐌿 𐌾𐌿 𐌽𐌹 𐍃𐌹𐌾𐌿𐌸 𐌲𐌰𐍃𐍄𐌴𐌹𐍃 (𐌾𐌰𐌷) 𐌰𐌻𐌾𐌰𐌺𐍉𐌽𐌾𐌰𐌹, 𐌰𐌺 𐍃𐌹𐌾𐌿𐌸 𐌲𐌰𐌱𐌰(𐌿𐍂𐌲)𐌾𐌰𐌽𐍃 𐌸𐌰𐌹𐌼 𐍅𐌴𐌹𐌷𐌰𐌼 𐌾𐌰𐌷 𐌹𐌽𐌲(𐌰𐍂)𐌳𐌾𐌰𐌽𐍃 𐌲𐌿𐌳𐌹𐍃,"
Ephesians,2,20,"𐌰𐌽𐌰𐍄𐌹𐌼𐍂𐌹(𐌳𐌰𐌹).... 𐌰𐌽𐌰𐍄𐌹𐌼𐍂𐌹𐌳𐌰𐌹 𐌰𐌽𐌰 𐌲𐍂𐌿𐌽𐌳𐌿𐍅𐌰𐌳𐌳𐌾𐌰𐌿 𐌰𐍀𐌰𐌿𐍃𐍄𐌰𐌿𐌻𐌴 𐌾𐌰𐌷 𐍀𐍂𐌰𐌿𐍆𐌴𐍄𐌴, 𐌰𐍄 𐍅𐌹𐍃𐌰𐌽𐌳𐌹𐌽 𐌰𐌿𐌷𐌿𐌼𐌹𐍃𐍄𐌹𐌽 𐍅𐌰𐌹𐌷𐍃𐍄𐌰𐍃𐍄𐌰𐌹𐌽𐌰 𐍃𐌹𐌻𐌱𐌹𐌽 𐍇𐍂𐌹𐍃𐍄𐌰𐌿 𐌹𐌴𐍃𐌿,"
Ephesians,2,21,"𐌹𐌽 𐌸𐌰𐌼𐌼𐌴𐌹 𐌰𐌻𐌻𐌰 𐌲𐌰𐍄𐌹𐌼𐍂𐌾𐍉 𐌲𐌰𐌲𐌰𐍄𐌹𐌻𐍉𐌳𐌰 𐍅𐌰𐌷𐍃𐌴𐌹𐌸 𐌳𐌿 𐌰𐌻𐌷 𐍅𐌴𐌹𐌷𐌰𐌹 𐌹𐌽 𐍆𐍂𐌰𐌿𐌾𐌹𐌽,"
Ephesians,2,22,𐌹𐌽 𐌸𐌰𐌼𐌼𐌴𐌹 𐌾𐌰𐌷 𐌾𐌿𐍃 𐌼𐌹𐌸𐌲𐌰𐍄𐌹𐌼𐍂𐌹𐌳𐌰𐌹 𐍃𐌹𐌾𐌿𐌸 𐌳𐌿 𐌱𐌰𐌿𐌰𐌹𐌽𐌰𐌹 𐌲𐌿𐌳𐌹𐍃 𐌹𐌽 𐌰𐌷𐌼𐌹𐌽.
Ephesians,3,1,"𐌹𐌽 𐌸𐌹𐌶𐍉𐌶𐌴𐌹 𐍅𐌰𐌹𐌷𐍄𐌰𐌹𐍃 𐌹𐌺 𐍀𐌰𐍅𐌻𐌿𐍃 𐌱𐌰𐌽𐌳𐌾𐌰 𐍇𐍂𐌹𐍃𐍄𐌰𐌿𐍃 𐌹𐌴𐍃𐌿𐌹𐍃 𐌹𐌽 𐌹𐌶𐍅𐌰𐍂𐌰 𐌸𐌹𐌿𐌳𐍉,"
Ephesians,3,2,"𐌾𐌰𐌱𐌰𐌹 𐍃𐍅𐌴𐌸𐌰𐌿𐌷 𐌷𐌰𐌿𐍃𐌹𐌳𐌴𐌳𐌿𐌸 𐍆𐌰𐌿𐍂𐌰𐌲𐌰𐌲𐌲𐌹 𐌲𐌿𐌳𐌹𐍃 𐌰𐌽𐍃𐍄𐌰𐌹𐍃, 𐍃𐌴𐌹 𐌲𐌹𐌱𐌰𐌽𐌰 𐌹𐍃𐍄 𐌼𐌹𐍃 𐌹𐌽 𐌹𐌶𐍅𐌹𐍃;"
Ephesians,3,3,"𐌿𐌽𐍄𐌴 𐌱𐌹 𐌰𐌽𐌳𐌷𐌿𐌻𐌴𐌹𐌽𐌰𐌹 𐌲𐌰𐌺𐌰𐌽𐌽𐌹𐌳𐌰 𐍅𐌰𐍃 𐌼𐌹𐍃 𐍃𐍉 𐍂𐌿𐌽𐌰, 𐍃𐍅𐌴 𐍆𐌰𐌿𐍂𐌰𐌲𐌰𐌼𐌴𐌻𐌹𐌳𐌰 𐌹𐌽 𐌻𐌴𐌹𐍄𐌹𐌻𐌰𐌼𐌼𐌰,"
Ephesians,3,4,"𐌳𐌿𐌸𐌸𐌴 𐌴𐌹 𐍃𐌹𐌲𐌲𐍅𐌰𐌽𐌳𐌰𐌽𐍃 𐌼𐌰𐌲𐌴𐌹𐌸 𐍆𐍂𐌰𐌸𐌾𐌰𐌽 𐍆𐍂𐍉𐌳𐌴𐌹𐌽 𐌼𐌴𐌹𐌽𐌰𐌹 𐌹𐌽 𐍂𐌿𐌽𐌰𐌹 𐍇𐍂𐌹𐍃𐍄𐌰𐌿𐍃,"
Ephesians,3,5,"𐌸𐌰𐍄𐌴𐌹 𐌰𐌽𐌸𐌰𐍂𐌰𐌹𐌼 𐌰𐌻𐌳𐌹𐌼 𐌽𐌹 𐌺𐌿𐌽𐌸 𐍅𐌰𐍃 𐍃𐌿𐌽𐌿𐌼 𐌼𐌰𐌽𐌽𐌴, 𐍃𐍅𐌰𐍃𐍅𐌴 𐌽𐌿 𐌰𐌽𐌳𐌷𐌿𐌻𐌹𐌸 𐌹𐍃𐍄 𐌸𐌰𐌹𐌼 𐍅𐌴𐌹𐌷𐌰𐌼 𐌹𐍃 𐌰𐍀𐌰𐌿𐍃𐍄𐌰𐌿𐌻𐌿𐌼 𐌾𐌰𐌷 𐍀𐍂𐌰𐌿𐍆𐌴𐍄𐌿𐌼 𐌹𐌽 𐌰𐌷𐌼𐌹𐌽,"
Ephesians,3,6,"𐍅𐌹𐍃𐌰𐌽 𐌸𐌹𐌿𐌳𐍉𐍃 𐌲𐌰𐌰𐍂𐌱𐌾𐌰𐌽𐍃 𐌾𐌰𐌷 𐌲𐌰𐌻𐌴𐌹𐌺𐌰𐌽𐍃 𐌾𐌰𐌷 𐌲𐌰𐌳𐌰𐌹𐌻𐌰𐌽𐍃 𐌲𐌰𐌷𐌰𐌹𐍄𐌹𐍃 𐌹𐍃 𐌹𐌽 𐍇𐍂(𐌹𐍃)𐍄𐌰𐌿 𐌹𐌴𐍃𐌿 𐌸𐌰𐌹𐍂𐌷 𐌰𐌹𐍅𐌰𐌲𐌲𐌴𐌻𐌾𐍉𐌽,"
Ephesians,3,7,𐌸𐌹𐌶𐍉𐌶𐌴𐌹 𐍅𐌰𐍂𐌸 𐌰𐌽𐌳𐌱𐌰𐌷𐍄𐍃 𐌹𐌺 𐌱𐌹 𐌲𐌹𐌱𐌰𐌹 𐌰𐌽𐍃𐍄𐌰𐌹𐍃 𐌲𐌿𐌳𐌹𐍃 𐌸𐌹𐌶𐌰𐌹 𐌲𐌹𐌱𐌰𐌽𐍉𐌽 𐌼𐌹𐍃 𐌱𐌹 𐍄𐍉𐌾𐌰 𐌼𐌰𐌷𐍄𐌰𐌹𐍃 𐌹𐍃.
Ephesians,3,8,"𐌼𐌹𐍃, 𐌸𐌰𐌼𐌼𐌰 𐌿𐌽𐌳𐌰𐍂𐌻𐌴𐌹𐌾𐌹𐌽 𐌰𐌻𐌻𐌰𐌹𐌶𐌴 𐌸𐌹𐌶𐌴 𐍅𐌴𐌹𐌷𐌰𐌽𐌴, 𐌰𐍄𐌲𐌹𐌱𐌰𐌽𐌰 𐍅𐌰𐍂𐌸 𐌰𐌽𐍃𐍄𐍃 𐍃𐍉, 𐌹𐌽 𐌸𐌹𐌿𐌳𐍉𐌼 𐍅𐌰𐌹𐌻𐌰𐌼𐌴𐍂𐌾𐌰𐌽 𐌸𐍉 𐌿𐌽𐍆𐌰𐌹𐍂𐌻𐌰𐌹𐍃𐍄𐌹𐌳𐍉𐌽 𐌲𐌰𐌱𐌴𐌹𐌽 𐍇𐍂𐌹𐍃𐍄𐌰𐌿𐍃,"
Ephesians,3,9,".... 𐌹𐌽 𐌲𐌿𐌳𐌰 𐌸𐌰𐌼𐌼𐌰 𐌰𐌻𐌻𐌰 𐌲𐌰𐍃𐌺𐌰𐍀𐌾𐌰𐌽𐌳𐌹𐌽, 𐌾𐌰𐌷 𐌹𐌽𐌻𐌹𐌿𐌷𐍄𐌾𐌰𐌽 𐌰𐌻𐌻𐌰𐌽𐍃, 𐍈𐌹𐌻𐌴𐌹𐌺 𐌸𐌰𐍄𐌰 𐍆𐌰𐌿𐍂𐌰𐌲𐌰𐌲𐌲𐌹 𐍂𐌿𐌽𐍉𐍃 𐌸𐌹𐌶𐍉𐍃 𐌲𐌰𐍆𐌿𐌻𐌲𐌹𐌽𐍉𐌽𐍃 𐍆𐍂𐌰𐌼 𐌰𐌹𐍅𐌰𐌼 𐌹𐌽 𐌲𐌿𐌳𐌰 𐌸𐌰𐌼𐌼𐌰 𐌰𐌻𐌻𐌰 𐌲𐌰𐍃𐌺𐌰𐍀𐌾𐌰𐌽𐌳𐌹𐌽,"
Ephesians,3,10,"𐌴𐌹 𐌺𐌰𐌽𐌽𐌹𐌸 𐍅𐌴𐍃𐌹 𐌽𐌿 𐍂𐌴𐌹𐌺𐌾𐌰𐌼 𐌾𐌰𐌷 𐍅𐌰𐌻𐌳𐌿𐍆𐌽𐌾𐌰𐌼 𐌹𐌽 𐌸𐌰𐌹𐌼 𐌷𐌹𐌼𐌹𐌽𐌰𐌺𐌿𐌽𐌳𐌰𐌼 𐌸𐌰𐌹𐍂𐌷 𐌰𐌹𐌺𐌺𐌻𐌴𐍃𐌾𐍉𐌽 𐍃𐍉 𐍆𐌹𐌻𐌿𐍆𐌰𐌹𐌷𐍉 𐌷𐌰𐌽𐌳𐌿𐌲𐌴𐌹 𐌲𐌿𐌳𐌹𐍃, 𐌴𐌹 𐌺𐌰𐌽𐌽𐌹𐌸 𐍅𐌴𐍃𐌹 𐌽𐌿 𐍂𐌴𐌹𐌺𐌾𐌰𐌼 𐌾𐌰𐌷 𐍅𐌰𐌻𐌳𐌿𐍆𐌽𐌾𐌰𐌼 𐌹𐌽 𐌸𐌰𐌹𐌼 𐌷𐌹𐌼𐌹𐌽𐌰𐌺𐌿𐌽𐌳𐌰𐌼 𐌸𐌰𐌹𐍂𐌷 𐌰𐌹𐌺𐌺𐌻𐌴𐍃𐌾𐍉𐌽 𐍃𐍉 𐌼𐌰𐌽𐌰𐌲𐍆𐌰𐌻𐌸𐍉 𐌷𐌰𐌽𐌳𐌿𐌲𐌴𐌹 𐌲𐌿𐌳𐌹𐍃,"
Ephesians,3,11,"𐌱𐌹 𐌼𐌿𐌽𐌰 𐌰𐌹𐍅𐌴 𐌸𐌰𐌽𐌴𐌹 𐌲𐌰𐍄𐌰𐍅𐌹𐌳𐌰 𐌹𐌽 𐍇𐍂𐌹𐍃𐍄𐌰𐌿 𐌹𐌴𐍃𐌿 𐍆𐍂𐌰𐌿𐌾𐌹𐌽 𐌿𐌽𐍃𐌰𐍂𐌰𐌼𐌼𐌰, 𐌱𐌹 𐌼𐌿𐌽𐌰 𐌰𐌹𐍅𐌴 𐌸𐌰𐌽𐌴𐌹 𐌲𐌰𐍄𐌰𐍅𐌹𐌳𐌰 𐌹𐌽 𐍇𐍂𐌹𐍃𐍄𐌰𐌿 𐌹𐌴𐍃𐌿 𐍆𐍂𐌰𐌿𐌾𐌹𐌽 𐌿𐌽𐍃𐌰𐍂𐌰𐌼𐌼𐌰,"
Ephesians,3,12,𐌹𐌽 𐌸𐌰𐌼𐌼𐌴𐌹 𐌷𐌰𐌱𐌰𐌼 𐌱𐌰𐌻𐌸𐌴𐌹𐌽 [𐍆𐍂𐌴𐌹𐌾(𐌷𐌰𐌻𐍃)] 𐌾𐌰𐌷 𐌰𐍄𐌲𐌰𐌲𐌲 𐌹𐌽 𐍄𐍂𐌰𐌿𐌰𐌹𐌽𐌰𐌹 𐌸𐌰𐌹𐍂𐌷 𐌲𐌰𐌻𐌰𐌿𐌱𐌴𐌹𐌽 𐌹𐍃. 𐌹𐌽 𐌸𐌰𐌼𐌼𐌴𐌹 𐌷𐌰𐌱𐌰𐌼 𐌱𐌰𐌻𐌸𐌴𐌹𐌽 𐌾𐌰𐌷 𐌰𐍄𐌲𐌰𐌲𐌲 𐌹𐌽 𐍄𐍂𐌰𐌿𐌰𐌹𐌽𐌰𐌹 𐌸𐌰𐌹𐍂𐌷 𐌲𐌰𐌻𐌰𐌿𐌱𐌴𐌹𐌽 𐌹𐍃.
Ephesians,3,13,"𐌹𐌽 𐌸𐌹𐌶𐌴 𐌱𐌹𐌳𐌾𐌰, 𐌽𐌹 𐍅𐌰𐌹𐍂𐌸𐌰𐌹𐌸 𐌿𐍃𐌲𐍂𐌿𐌳𐌾𐌰𐌽𐍃 𐌹𐌽 𐌰𐌲𐌻𐍉𐌼 𐌼𐌴𐌹𐌽𐌰𐌹𐌼 𐍆𐌰𐌿𐍂 𐌹𐌶𐍅𐌹𐍃, 𐌸𐌰𐍄𐌴𐌹 𐌹𐍃𐍄 𐍅𐌿𐌻𐌸𐌿𐍃 𐌹𐌶𐍅𐌰𐍂. 𐌹𐌽 𐌸𐌹𐌶𐌴 𐌱𐌹𐌳𐌾𐌰, 𐌽𐌹 𐍅𐌰𐌹𐍂𐌸𐌰𐌹𐌸 𐌿𐍃𐌲𐍂𐌿𐌳𐌾𐌰𐌽𐍃 𐌹𐌽 𐌰𐌲𐌻𐍉𐌼 𐌼𐌴𐌹𐌽𐌰𐌹𐌼 𐍆𐌰𐌿𐍂 𐌹𐌶𐍅𐌹𐍃, 𐌸𐌰𐍄𐌴𐌹 𐌹𐍃𐍄 𐍅𐌿𐌻𐌸𐌿𐍃 𐌹𐌶𐍅𐌰𐍂."
Ephesians,3,14,"𐌹𐌽 𐌸𐌹𐍃 𐌱𐌹𐌿𐌲𐌰 𐌺𐌽𐌹𐍅𐌰 𐌼𐌴𐌹𐌽𐌰 𐌳𐌿 𐌰𐍄𐍄𐌹𐌽 𐍆𐍂𐌰𐌿𐌾𐌹𐌽𐍃 𐌿𐌽𐍃𐌰𐍂𐌹𐍃 𐌹𐌴𐍃𐌿𐌹𐍃 𐍇𐍂𐌹𐍃𐍄𐌰𐌿𐍃, 𐌹𐌽 𐌸𐌹𐍃 𐌱𐌹𐌿𐌲𐌰 𐌺𐌽𐌹𐍅𐌰 𐌼𐌴𐌹𐌽𐌰 𐌳𐌿 𐌰𐍄𐍄𐌹𐌽 𐍆𐍂𐌰𐌿𐌾𐌹𐌽𐍃 𐌿𐌽𐍃𐌰𐍂𐌹𐍃 𐌹𐌴𐍃𐌿𐌹𐍃 𐍇𐍂𐌹𐍃𐍄𐌰𐌿𐍃,"
Ephesians,3,15,"𐌿𐍃 𐌸𐌰𐌼𐌼𐌴𐌹 𐌰𐌻𐌻 𐍆𐌰𐌳𐍂𐌴𐌹𐌽𐌹𐍃 𐌹𐌽 𐌷𐌹𐌼𐌹𐌽𐌰 𐌾𐌰𐌷 𐌰𐌽𐌰 𐌰𐌹𐍂𐌸𐌰𐌹 𐌽𐌰𐌼𐌽𐌾𐌰𐌳𐌰, 𐌿𐍃 𐌸𐌰𐌼𐌼𐌴𐌹 𐌰𐌻𐌻 𐍆𐌰𐌳𐍂𐌴𐌹𐌽𐌹𐍃 𐌹𐌽 𐌷𐌹𐌼𐌹𐌽𐌰 𐌾𐌰𐌷 𐌰𐌽𐌰 𐌰𐌹𐍂𐌸𐌰𐌹 𐌽𐌰𐌼𐌽𐌾𐌰𐌳𐌰,"
Ephesians,3,16,"𐌴𐌹 𐌲𐌹𐌱𐌰𐌹 𐌹𐌶𐍅𐌹𐍃 𐌱𐌹 𐌲𐌰𐌱𐌴𐌹𐌽 𐍅𐌿𐌻𐌸𐌰𐌿𐍃 𐍃𐌴𐌹𐌽𐌹𐍃 𐌼𐌰𐌷𐍄𐌰𐌹 𐌹𐌽𐍃𐍅𐌹𐌽𐌸𐌾𐌰𐌽 𐌸𐌰𐌹𐍂𐌷 𐌰𐌷𐌼𐌰𐌽 𐍃𐌴𐌹𐌽𐌰𐌽𐌰 𐌹𐌽𐌽𐌿𐌼𐌰𐌽 𐌼𐌰𐌽𐌽𐌰𐌽, 𐌴𐌹 𐌲𐌹𐌱𐌰𐌹 𐌹𐌶𐍅𐌹𐍃 𐌱𐌹 𐌲𐌰𐌱𐌴𐌹𐌽 𐍅𐌿𐌻𐌸𐌰𐌿𐍃 𐍃𐌴𐌹𐌽𐌹𐍃 𐌼𐌰𐌷𐍄𐌰𐌹 𐌲𐌰𐍃𐍅𐌹𐌽𐌸𐌽𐌰𐌽 𐌸𐌰𐌹𐍂𐌷 𐌰𐌷𐌼𐌰𐌽 𐍃𐌴𐌹𐌽𐌰𐌽𐌰 𐌹𐌽 𐌹𐌽𐌽𐌿𐌼𐌰𐌽 𐌼𐌰𐌽𐌽𐌰𐌽,"
Ephesians,3,17,"𐌱𐌰𐌿𐌰𐌽 𐍇𐍂𐌹𐍃𐍄𐌿 𐌸𐌰𐌹𐍂𐌷 𐌲𐌰𐌻𐌰𐌿𐌱𐌴𐌹𐌽 𐌹𐌽 𐌷𐌰𐌹𐍂𐍄𐌰𐌼 𐌹𐌶𐍅𐌰𐍂𐌰𐌹𐌼, 𐌱𐌰𐌿𐌰𐌽 𐍇𐍂𐌹𐍃𐍄𐌿 𐌸𐌰𐌹𐍂𐌷 𐌲𐌰𐌻𐌰𐌿𐌱𐌴𐌹𐌽 𐌹𐌽 𐌷𐌰𐌹𐍂𐍄𐌰𐌼 𐌹𐌶𐍅𐌰𐍂𐌰𐌹𐌼,"
Ephesians,3,18,𐌴𐌹 𐌹𐌽 𐍆𐍂𐌹𐌾𐌰𐌸𐍅𐌰𐌹 𐌲𐌰𐍅𐌰𐌿𐍂𐌷𐍄𐌰𐌹 𐌾𐌰𐌷 𐌲𐌰𐍃𐌿𐌻𐌹𐌳𐌰𐌹 𐌼𐌰𐌲𐌴𐌹𐌸 𐌲𐌰𐍆𐌰𐌷𐌰𐌽 𐌼𐌹𐌸 𐌰𐌻𐌻𐌰𐌹𐌼 𐌸𐌰𐌹𐌼 𐍅𐌴𐌹𐌷𐌰𐌼 𐍈𐌰 𐍃𐌹𐌾𐌰𐌹 𐌱𐍂𐌰𐌹𐌳𐌴𐌹 𐌾𐌰𐌻~𐌻𐌰𐌲𐌲𐌴𐌹 𐌾𐌰𐌷 𐌷𐌰𐌿𐌷𐌴𐌹 𐌾𐌰𐌷 𐌳(𐌹𐌿𐍀𐌴)𐌹; 𐌴𐌹 𐌹𐌽 𐍆𐍂𐌹𐌰𐌸𐍅𐌰𐌹 𐌲𐌰𐍅𐌰𐌿𐍂𐌷𐍄𐌰𐌹 𐌾𐌰𐌷 𐌲𐌰𐍃𐌿𐌻𐌹𐌳𐌰𐌹 𐌼𐌰𐌲𐌴𐌹𐌸 𐌲𐌰𐍆𐌰𐌷𐌰𐌽 𐌼𐌹𐌸 𐌰𐌻𐌻𐌰𐌹𐌼 𐌸𐌰𐌹𐌼 𐍅𐌴𐌹𐌷𐌰𐌼 𐍈𐌰 𐍃𐌹𐌾𐌰𐌹 𐌱𐍂𐌰𐌹𐌳𐌴𐌹 𐌾𐌰𐌷 𐌻𐌰𐌲𐌲𐌴𐌹 𐌾𐌰𐌷 𐌷𐌰𐌿𐌷𐌴𐌹 𐌾𐌰𐌷 𐌳𐌹𐌿𐍀𐌴𐌹;
Ephesians,3,19,"𐌺𐌿𐌽𐌰𐌽 𐌸𐍉 𐌿𐍆𐌰𐍂𐌰𐍃𐍃𐌰𐌿 𐌼𐌹𐌺𐌹𐌻𐍉𐌽 𐌸𐌹𐍃 𐌺𐌿𐌽𐌸𐌾𐌹𐍃 𐍆𐍂𐌹𐌾𐌰𐌸𐍅𐌰 𐍇𐍂𐌹𐍃𐍄𐌰𐌿𐍃, 𐌴𐌹 𐍆𐌿𐌻𐌽𐌰𐌹𐌸 𐌹𐌽 𐌰𐌻𐌻𐌰𐌹 𐍆𐌿𐌻𐌻𐍉𐌽 𐌲𐌿𐌳𐌹𐍃. 𐌺𐌿𐌽𐌽𐌰𐌽 𐌸𐍉 𐌿𐍆𐌰𐍂𐌰𐍃𐍃𐌰𐌿 𐌼𐌹𐌺𐌹𐌻𐍉𐌽 𐌸𐌹𐍃 𐌺𐌿𐌽𐌸𐌾𐌹𐍃 𐍆𐍂𐌹𐌰𐌸𐍅𐌰 𐍇𐍂𐌹𐍃𐍄𐌰𐌿𐍃, 𐌴𐌹 𐍆𐌿𐌻𐌻𐌽𐌰𐌹𐌸 𐌳𐌿 𐌰𐌻𐌻𐌰𐌹 𐍆𐌿𐌻𐌻𐍉𐌽 𐌲𐌿𐌳𐌹𐍃."
Ephesians,3,20,"𐌰𐌸𐌸𐌰𐌽 𐌸𐌰𐌼𐌼𐌰 𐌼𐌰𐌷𐍄𐌴𐌹𐌲𐌹𐌽 𐌿𐍆𐌰𐍂 𐌰𐌻𐌻 𐍄𐌰𐌿𐌾𐌰𐌽 𐌼𐌰𐌹𐌶𐍉 [𐌲𐌹𐌱𐌰𐌽] 𐌸𐌰𐌿 𐌱𐌹𐌳𐌾𐌰𐌼 𐌰𐌹𐌸𐌸𐌰𐌿 𐍆𐍂𐌰𐌸𐌾𐌰𐌼 𐌱𐌹 𐌼𐌰𐌷𐍄𐌰𐌹 𐌸𐌹𐌶𐌰𐌹 𐍅𐌰𐌿𐍂𐌺𐌾𐌰𐌽𐌳𐌴𐌹𐌽 𐌹𐌽 𐌿𐌽𐍃𐌹𐍃, 𐌰𐌸𐌸𐌰𐌽 𐌸𐌰𐌼𐌼𐌰 𐌼𐌰𐌷𐍄𐌴𐌹𐌲𐌹𐌽 𐌿𐍆𐌰𐍂 𐌰𐌻𐌻 𐍄𐌰𐌿𐌾𐌰𐌽 𐌼𐌰𐌹𐌶𐍉 𐌸𐌰𐌿 𐌱𐌹𐌳𐌾𐌰𐌼 𐌰𐌹𐌸𐌸𐌰𐌿 𐍆𐍂𐌰𐌸𐌾𐌰𐌼 𐌱𐌹 𐌼𐌰𐌷𐍄𐌰𐌹 𐌸𐌹𐌶𐌰𐌹 𐍅𐌰𐌿𐍂𐌺𐌾𐌰𐌽𐌳𐌴𐌹𐌽 𐌹𐌽 𐌿𐌽𐍃,"
Ephesians,3,21,"𐌹𐌼𐌼𐌿𐌷 𐍅𐌿𐌻𐌸𐌿𐍃 𐌹𐌽 𐍇𐍂𐌹𐍃𐍄𐌰𐌿 𐌹𐌴𐍃𐌿 𐌾𐌰𐌷 𐌰𐌹𐌺𐌺𐌻𐌴𐍃 𐌹𐌽 𐌰𐌻𐌻𐍉𐍃 𐌰𐌻𐌳𐌹𐌽𐍃 𐌰𐌹𐍅𐌴, 𐌰𐌼𐌴𐌽. 𐌹𐌼𐌼𐌰 𐍅𐌿𐌻𐌸𐌿𐍃 𐌹𐌽 𐌰𐌹𐌺𐌺𐌻𐌴𐍃𐌾𐍉𐌽 𐌹𐌽 𐍇𐍂𐌹𐍃𐍄𐌰𐌿 𐌹𐌴𐍃𐌿 𐌹𐌽 𐌰𐌻𐌻𐍉𐍃 𐌰𐌻𐌳𐌹𐌽𐍃 𐌰𐌹𐍅𐌴, 𐌰𐌼𐌴𐌽."
Ephesians,4,1,"𐌱𐌹𐌳𐌾𐌰 𐌽𐌿 𐌹𐌶𐍅𐌹𐍃 𐌹𐌺 𐌱𐌰𐌽𐌳𐌾𐌰 𐌹𐌽 𐍆𐍂𐌰𐌿𐌾𐌹𐌽, 𐍅𐌰𐌹𐍂𐌸𐌰𐌱𐌰 𐌲𐌰𐌲𐌲𐌰𐌽 𐌸𐌹𐌶𐍉𐍃 𐌻𐌰𐌸𐍉𐌽𐌰𐌹𐍃 𐌸𐌹𐌶𐌰𐌹𐌴𐌹 𐌻𐌰𐌸𐍉𐌳𐌰𐌹 𐍃𐌹𐌿𐌸, 𐌱𐌹𐌳𐌾𐌰 𐌽𐌿 𐌹𐌶𐍅𐌹𐍃 𐌹𐌺 𐌱𐌰𐌽𐌳𐌾𐌰 𐌹𐌽 𐍆𐍂𐌰𐌿𐌾𐌹𐌽, 𐍅𐌰𐌹𐍂𐌸𐌰𐌱𐌰 𐌲𐌰𐌲𐌲𐌰𐌽 𐌸𐌹𐌶𐍉𐍃 𐌻𐌰𐌸𐍉𐌽𐌰𐌹𐍃 𐌸𐌹𐌶𐌰𐌹𐌴𐌹 𐌻𐌰𐌸𐍉𐌳𐌰𐌹 𐍃𐌹𐌾𐌿𐌸,"
Ephesians,4,2,"𐌼𐌹𐌸 𐌰𐌻𐌻𐌰𐌹 𐌷𐌰𐌿𐌽𐌴𐌹𐌽𐌰𐌹 𐌾𐌰𐌷 𐌵𐌰𐌹𐍂𐍂𐌴𐌹𐌽, 𐌼𐌹𐌸 𐌿𐍃𐌱𐌴𐌹𐍃𐌽𐌰𐌹 𐌿𐍃𐌸𐌿𐌻𐌰𐌽𐌳𐌰𐌽𐍃 𐌹𐌶𐍅𐌹𐍃 𐌼𐌹𐍃𐍃𐍉 𐌹𐌽 𐍆𐍂𐌹𐌾𐌰𐌸𐍅𐌰𐌹, 𐌼𐌹𐌸 𐌰𐌻𐌻𐌰𐌹 𐌷𐌰𐌿𐌽𐌴𐌹𐌽𐌰𐌹 𐌾𐌰𐌷 𐌵𐌰𐌹𐍂𐍂𐌴𐌹𐌽, 𐌼𐌹𐌸 𐌿𐍃𐌱𐌴𐌹𐍃𐌽𐌰𐌹 𐌿𐍃𐌸𐌿𐌻𐌰𐌽𐌳𐌰𐌽𐍃 𐌹𐌶𐍅𐌹𐍃 𐌼𐌹𐍃𐍃𐍉 𐌹𐌽 𐍆𐍂𐌹𐌰𐌸𐍅𐌰𐌹,"
Ephesians,4,3,𐌿𐍃𐌳𐌰𐌿𐌳𐌾𐌰𐌽𐌳𐌰𐌽𐍃 𐍆𐌰𐍃𐍄𐌰𐌽 𐌰𐌹𐌽𐌰𐌼𐌿𐌽𐌳𐌹𐌸𐌰 𐌰𐌷𐌼𐌹𐌽𐍃 𐌹𐌽 𐌲𐌰𐌱𐌿𐌽𐌳𐌾𐌰𐌹 𐌲𐌰𐍅𐌰𐌹𐍂𐌸𐌴𐌹𐍃. 𐌿𐍃𐌳𐌰𐌿𐌳𐌾𐌰𐌽𐌳𐌰𐌽𐍃 𐍆𐌰𐍃𐍄𐌰𐌽 𐌰𐌹𐌽𐌰𐌼𐌿𐌽𐌳𐌹𐌸𐌰 𐌰𐌷𐌼𐌹𐌽𐍃 𐌹𐌽 𐌲𐌰𐌱𐌿𐌽𐌳𐌾𐌰𐌹 𐌲𐌰𐍅𐌰𐌹𐍂𐌸𐌴𐌹𐍃.
Ephesians,4,4,"𐌰𐌹𐌽 𐌻𐌴𐌹𐌺 𐌾𐌰𐌷 𐌰𐌹𐌽𐍃 𐌰𐌷𐌼𐌰, 𐍃𐍅𐌰𐍃𐍅𐌴 𐌰𐍄𐌻𐌰𐌸𐍉𐌳𐌰𐌹 𐍃𐌹𐌾𐌿𐌸 𐌹𐌽 𐌰𐌹𐌽𐌰 𐍅𐌴𐌽 𐌻𐌰𐌸𐍉𐌽𐌰𐌹𐍃 𐌹𐌶𐍅𐌰𐍂𐌰𐌹𐌶𐍉𐍃. 𐌰𐌹𐌽 𐌻𐌴𐌹𐌺 𐌾𐌰𐌷 𐌰𐌹𐌽𐍃 𐌰𐌷𐌼𐌰, 𐍃𐍅𐌰𐍃𐍅𐌴 𐌰𐍄𐌻𐌰𐌸𐍉𐌳𐌰𐌹 𐍃𐌹𐌾𐌿𐌸 𐌹𐌽 𐌰𐌹𐌽𐌰 𐍅𐌴𐌽 𐌻𐌰𐌸𐍉𐌽𐌰𐌹𐍃 𐌹𐌶𐍅𐌰𐍂𐌰𐌹𐌶𐍉𐍃."
Ephesians,4,5,"𐌰𐌹𐌽𐍃 𐍆𐍂𐌰𐌿𐌾𐌰, 𐌰𐌹𐌽𐌰 𐌲𐌰𐌻𐌰𐌿𐌱𐌴𐌹𐌽𐍃, 𐌰𐌹𐌽𐌰 𐌳𐌰𐌿𐍀𐌴𐌹𐌽𐍃, 𐌰𐌹𐌽𐍃 𐍆𐍂𐌰𐌿𐌾𐌰, 𐌰𐌹𐌽𐌰 𐌲𐌰𐌻𐌰𐌿𐌱𐌴𐌹𐌽𐍃, 𐌰𐌹𐌽𐌰 𐌳𐌰𐌿𐍀𐌴𐌹𐌽𐍃,"
Ephesians,4,6,"𐌰𐌹𐌽𐍃 𐌲𐌿𐌸 𐌾𐌰𐌷 𐌰𐍄𐍄𐌰 𐌰𐌻𐌻𐌰𐌹𐌶𐌴, 𐍃𐌰𐌴𐌹 𐌿𐍆𐌰𐍂 𐌰𐌻𐌻𐌰𐌹𐌼 𐌾𐌰𐌷 𐌰𐌽𐌳 𐌰𐌻𐌻𐌰𐌽𐍃 𐌾𐌰𐌷 𐌹𐌽 𐌰𐌻𐌻𐌰𐌹𐌼 𐌿𐌽𐍃. 𐌰𐌹𐌽𐍃 𐌲𐌿𐌸 𐌾𐌰𐌷 𐌰𐍄𐍄𐌰 𐌰𐌻𐌻𐌰𐌹𐌶𐌴...."
Ephesians,4,7,𐌹𐌸 𐌰𐌹𐌽𐍈𐌰𐍂𐌾𐌰𐌼𐌼𐌴𐌷 𐌿𐌽𐍃𐌰𐍂𐌰 𐌰𐍄𐌲𐌹𐌱𐌰𐌽𐌰 𐌹𐍃𐍄 𐌰𐌽𐍃𐍄𐍃 𐌱𐌹 𐌼𐌹𐍄𐌰𐌸 𐌲𐌹𐌱𐍉𐍃 𐍇𐍂𐌹𐍃𐍄𐌰𐌿𐍃;
Ephesians,4,8,𐌹𐌽 𐌸𐌹𐌶𐌴𐌹 𐌵𐌹𐌸𐌹𐌸: 𐌿𐍃𐍃𐍄𐌴𐌹𐌲𐌰𐌽𐌳𐍃 𐌹𐌽 𐌷𐌰𐌿𐌷𐌹𐌸𐌰 𐌿𐍃𐌷𐌰𐌽𐌸 𐌷𐌿𐌽𐌸 𐌾𐌰𐌷 𐌰𐍄𐌿𐌷𐌲𐌰𐍆 𐌲𐌹𐌱𐍉𐍃 𐌼𐌰𐌽𐌽𐌰𐌼.
Ephesians,4,9,"𐌸𐌰𐍄𐌿𐌸~𐌸𐌰𐌽 𐌿𐍃𐍃𐍄𐌰𐌹𐌲, 𐍈𐌰 𐌹𐍃𐍄, 𐌽𐌹𐌱𐌰 𐌸𐌰𐍄𐌴𐌹 𐌾𐌰𐌷 𐌰𐍄𐍃𐍄𐌰𐌹𐌲 𐍆𐌰𐌿𐍂𐌸𐌹𐍃 𐌹𐌽 𐌿𐌽𐌳𐌰𐍂[𐌰]𐌹𐍃𐍄𐍉 𐌰𐌹𐍂𐌸𐍉𐍃?"
Ephesians,4,10,"𐍃𐌰𐌴𐌹 𐌰𐍄𐍃𐍄𐌰𐌹𐌲, 𐍃𐌰 𐌹𐍃𐍄 𐌾𐌰𐌷 𐍃𐌰𐌴𐌹 𐌿𐍃𐍃𐍄𐌰𐌹𐌲 𐌿𐍆𐌰𐍂 𐌰𐌻𐌻𐌰𐌽𐍃 𐌷𐌹𐌼𐌹𐌽𐌰𐌽𐍃, 𐌴𐌹 𐌿𐍃𐍆𐌿𐌻𐌻𐌹𐌳𐌴𐌳𐌹 𐌰𐌻𐌻𐌰𐍄𐌰."
Ephesians,4,11,"𐌾𐌰𐌷 𐍃𐌹𐌻𐌱𐌰 𐌲𐌰𐍆 𐍃𐌿𐌼𐌰𐌽𐍃 𐌰𐍀𐌰𐌿𐍃𐍄𐌰𐌿𐌻(𐌿)𐌽𐍃, 𐍃𐌿𐌼𐌰𐌽𐌶𐌿𐌸~𐌸𐌰𐌽 𐍀𐍂𐌰𐌿𐍆𐌴𐍄𐌿𐌽𐍃, 𐍃𐌿𐌼𐌰𐌽𐍃𐌿𐌸~𐌸𐌰𐌽 𐌰𐌹𐍅𐌰𐌲𐌲𐌴𐌻𐌹𐍃𐍄𐌰𐌽𐍃, 𐍃𐌿𐌼𐌰𐌽𐍃𐌿𐌸~𐌸𐌰𐌽 𐌷𐌰𐌹𐍂𐌳𐌾𐌰𐌽𐍃 𐌾𐌰𐌷 𐌻𐌰𐌹𐍃𐌰𐍂𐌾𐌰𐌽𐍃,"
Ephesians,4,12,"𐌳𐌿 𐌿𐍃𐍄𐌰𐌿𐌷𐍄𐌰𐌹 𐍅𐌴𐌹𐌷𐌰𐌹𐌶𐌴 𐌳𐌿 𐍅𐌰𐌿𐍂𐍃𐍄𐍅𐌰 𐌰𐌽𐌳𐌱𐌰𐌷𐍄𐌾𐌹𐍃, 𐌳𐌿 𐍄𐌹𐌼𐍂𐌴𐌹𐌽𐌰𐌹 𐌻𐌴𐌹𐌺𐌹𐍃 𐍇𐍂𐌹𐍃𐍄𐌰𐌿𐍃,"
Ephesians,4,13,"𐌿𐌽𐍄𐌴 𐌲𐌰𐍂𐌹𐌽𐌽𐌰𐌹𐌼𐌰 𐌰𐌻𐌻𐌰𐌹 𐌹𐌽 𐌰𐌹𐌽𐌰𐌼𐌿𐌽𐌳𐌹𐌸𐌰 𐌲𐌰𐌻𐌰𐌿𐌱𐌴𐌹𐌽𐌰𐌹𐍃 𐌾𐌰𐌷 𐌿𐍆𐌺𐌿𐌽𐌸𐌾𐌹𐍃 𐍃𐌿𐌽𐌿𐍃 𐌲𐌿𐌳𐌹𐍃, 𐌳𐌿 𐍅𐌰𐌹𐍂𐌰 𐍆𐌿𐌻𐌻𐌰𐌼𐌼𐌰, 𐌹𐌽 𐌼𐌹𐍄𐌰𐌸 𐍅𐌰𐌷𐍃𐍄𐌰𐌿𐍃 𐍆𐌿𐌻𐌻𐍉𐌽𐍃 𐍇𐍂𐌹𐍃𐍄𐌰𐌿𐍃,"
Ephesians,4,14,"𐌴𐌹 𐌸𐌰𐌽𐌰𐍃𐌴𐌹𐌸𐍃 𐌽𐌹 𐍃𐌹𐌾𐌰𐌹𐌼𐌰 𐌽𐌹𐌿𐌺𐌻𐌰𐌷𐌰𐌹 𐌿𐍃𐍅𐌰𐌲𐌹𐌳𐌰𐌹 𐌾𐌰𐌷 𐌿𐍃𐍅𐌰𐌻𐌿𐌲𐌹𐌳𐌰𐌹 𐍅𐌹𐌽𐌳𐌰 𐍈𐌰𐌼𐌼𐌴𐌷 𐌻𐌰𐌹𐍃𐌴𐌹𐌽𐌰𐌹𐍃, 𐌻𐌹𐌿𐍄𐌴𐌹𐌽 𐌼𐌰𐌽𐌽𐌴, 𐌹𐌽 𐍆𐌹𐌻𐌿𐌳𐌴𐌹𐍃𐌴𐌹𐌽 𐌳𐌿 𐌻𐌹𐍃𐍄𐌴𐌹𐌲𐍉𐌽 𐌿𐍃𐍅𐌰𐌽𐌳𐌾𐌰𐌹 𐌰𐌹𐍂𐌶𐌴𐌹𐌽𐍃,"
Ephesians,4,15,"𐌹𐌸 𐍃𐌿𐌽𐌾𐌰 𐍄𐌰𐌿𐌾𐌰𐌽𐌳𐌰𐌽𐍃 𐌹𐌽 𐍆𐍂𐌹𐌾𐌰𐌸𐍅𐌰𐌹 𐍅𐌰𐌷𐍃𐌾𐌰𐌹𐌼𐌰 𐌹𐌽 𐌹𐌽𐌰 𐌸𐍉 𐌰𐌻𐌻𐌰, 𐌹𐌶𐌴 𐌹𐍃𐍄 𐌷𐌰𐌿𐌱𐌹𐌸, 𐍇𐍂𐌹𐍃𐍄𐌿𐍃,"
Ephesians,4,16,"𐌿𐍃 𐌸𐌰𐌼𐌼𐌴𐌹 𐌰𐌻𐌻 𐌻𐌴𐌹𐌺 𐌲𐌰𐌲𐌰𐍄𐌹𐌻𐍉𐌸 𐌲𐌰𐌲𐌰𐌷𐌰𐍆𐍄𐌹𐌸 𐌸𐌰𐌹𐍂𐌷 𐌰𐌻𐌻𐍉𐍃 𐌲𐌰𐍅𐌹𐍃𐍃𐌹𐌽𐍃 𐌰𐌽𐌳𐍃𐍄𐌰𐌻𐌳𐌹𐍃, 𐌱𐌹 𐍅𐌰𐌿𐍂𐍃𐍄𐍅𐌰 𐌹𐌽 𐌼𐌹𐍄𐌰𐌸 𐌰𐌽𐌰 𐌰𐌹𐌽𐍈𐌰𐍂𐌾𐍉𐌷 𐍆𐌴𐍂𐍉, 𐌿𐍃𐍅𐌰𐌷𐍃𐍄 𐌻𐌴𐌹𐌺𐌹𐍃 𐍄𐌰𐌿𐌾𐌹𐌸 𐌳𐌿 𐍄𐌹𐌼𐍂𐌴𐌹𐌽𐌰𐌹 𐍃𐌴𐌹𐌽𐌰𐌹 𐌹𐌽 𐍆𐍂𐌹𐌾𐌰𐌸𐍅𐌰𐌹."
Ephesians,4,17,"𐌸𐌰𐍄𐌰 𐌽𐌿 𐌵𐌹𐌸𐌰 𐌾𐌰𐌷 𐍅𐌴𐌹𐍄𐍅𐍉𐌳𐌾𐌰 𐌹𐌽 𐍆𐍂𐌰𐌿𐌾𐌹𐌽, 𐌴𐌹 𐌸𐌰𐌽𐌰𐍃𐌴𐌹𐌸𐍃 𐌽𐌹 𐌲𐌰𐌲𐌲𐌰𐌹𐌸, 𐍃𐍅𐌰𐍃𐍅𐌴 𐌾𐌰𐌷 𐌰𐌽𐌸𐌰𐍂𐍉𐍃 𐌸𐌹𐌿𐌳𐍉𐍃 𐌲𐌰𐌲𐌲𐌰𐌽𐌳 𐌹𐌽 𐌿𐍃𐍅𐌹𐍃𐍃𐌾𐌰 𐌷𐌿𐌲𐌹𐍃 𐍃𐌴𐌹𐌽𐌹𐍃, 𐌸𐌰𐍄𐌰 𐌽𐌿 𐌵𐌹𐌸𐌰 𐌾𐌰𐌷 𐍅𐌴𐌹𐍄𐍅𐍉(𐌳)𐌾𐌰 𐌹𐌽 𐍆𐍂𐌰𐌿𐌾𐌹𐌽, 𐌴𐌹 𐌸𐌰𐌽𐌰𐍃𐌴𐌹𐌸𐍃 𐌽𐌹 𐌲𐌰𐌲𐌲𐌰𐌹𐌸, 𐍃𐍅𐌰𐍃𐍅𐌴 𐌾𐌰𐌷 𐌰𐌽𐌸𐌰𐍂𐍉𐍃 𐌸𐌹𐌿𐌳𐍉𐍃 𐌲𐌰𐌲𐌲𐌰𐌽𐌳 𐌹𐌽 𐌿𐍃𐍅𐌹𐍃𐍃𐌾𐌰 𐌷𐌿𐌲𐌹𐍃 𐍃𐌴𐌹𐌽𐌹𐍃,"
Ephesians,4,18,"𐍂𐌹𐌵𐌹𐌶𐌴𐌹𐌽𐌰𐌹 𐌲𐌰𐌷𐌿𐌲𐌳𐌰𐌹 𐍅𐌹𐍃𐌰𐌽𐌳𐌰𐌽𐍃, 𐍆𐍂𐌰𐌼𐌰𐌸𐌾𐌰𐌹 𐌻𐌹𐌱𐌰𐌹𐌽𐌰𐌹𐍃 𐌲𐌿𐌳𐌹𐍃 𐌹𐌽 𐌿𐌽𐍅𐌹𐍄𐌾𐌹𐍃 𐌸𐌹𐍃 𐍅𐌹𐍃𐌰𐌽𐌳𐌹𐌽𐍃 𐌹𐌽 𐌹𐌼, 𐌹𐌽 𐌳𐌰𐌿𐌱𐌹𐌸𐍉𐍃 𐌷𐌰𐌹𐍂𐍄𐌰𐌽𐌴 𐍃𐌴𐌹𐌽𐌰𐌹𐌶𐌴, 𐍂𐌹𐌵𐌹𐌶𐌴𐌹𐌽𐌰𐌹 𐌲𐌰𐌷𐌿𐌲𐌳𐌰𐌹 𐍅𐌹𐍃𐌰𐌽𐌳𐌰𐌽𐍃, 𐍆𐍂𐌰𐌼𐌰𐌸𐌾𐌰𐌹 𐌻𐌹𐌱𐌰𐌹𐌽𐌰𐌹𐍃 𐌲𐌿𐌳𐌹𐍃 𐌹𐌽 𐌿𐌽𐍅𐌹𐍄𐌾𐌹𐍃 𐌸𐌹𐍃 𐍅𐌹𐍃𐌰𐌽𐌳𐌹𐌽𐍃 𐌹𐌽 𐌹𐌼, 𐌹𐌽 𐌳𐌰𐌿𐌱𐌹𐌸𐍉𐍃 𐌷𐌰𐌹𐍂𐍄𐌰𐌽𐌴 𐍃𐌴𐌹𐌽𐌰𐌹𐌶𐌴,"
Ephesians,4,19,"𐌸𐌰𐌹𐌴𐌹 𐌿𐍃𐍅𐌴𐌽𐌰𐌽𐍃 𐍅𐌰𐌿𐍂𐌸𐌰𐌽𐌰𐌹 𐍃𐌹𐌺 𐍃𐌹𐌻𐌱𐌰𐌽𐍃 𐌰𐍄𐌲𐌴𐌱𐌿𐌽 𐌰𐌲𐌻𐌰𐌹𐍄𐌴𐌹𐌽 𐌹𐌽 𐍅𐌰𐌿𐍂𐍃𐍄𐍅𐌴𐌹𐌽 𐌿𐌽𐌷𐍂𐌰𐌹𐌽𐌹𐌸𐍉𐍃 𐌰𐌻𐌻𐌰𐌹𐌶𐍉𐍃, 𐌹𐌽 𐍆𐌰𐌹𐌷𐌿𐍆𐍂𐌹𐌺𐌴𐌹𐌽. 𐌸𐌰𐌹𐌴𐌹 𐌿𐍃𐍅𐌴𐌽𐌰𐌽𐍃 𐍅𐌰𐌿𐍂𐌸𐌰𐌽𐌰𐌹 𐍃𐌹𐌺 𐍃𐌹𐌻𐌱𐌰𐌽𐍃 𐌰𐍄𐌲𐌴𐌱𐌿𐌽 𐌰𐌲𐌻𐌰𐌹𐍄𐌴𐌹𐌽 𐌹𐌽 𐍅𐌰𐌿𐍂𐍃𐍄𐍅𐌴𐌹𐌽 𐌿𐌽𐌷𐍂𐌰𐌹𐌽𐌹𐌸𐍉𐍃 𐌰𐌻𐌻𐌰𐌹𐌶𐍉𐍃, 𐌹𐌽 𐍆𐌰𐌹𐌷𐌿𐍆𐍂𐌹𐌺𐌴𐌹𐌽."
Ephesians,4,20,"𐌹𐌸 𐌾𐌿𐍃 𐌽𐌹 𐍃𐍅𐌰 𐌲𐌰𐌽𐌴𐌼𐌿𐌸 𐍇𐍂𐌹𐍃𐍄𐌿, 𐌹𐌸 𐌾𐌿𐍃 𐌽𐌹 𐍃𐍅𐌰 𐌲𐌰𐌽𐌴𐌼𐌿𐌸 𐍇𐍂𐌹𐍃𐍄𐌿,"
Ephesians,4,21,"𐌾𐌰𐌱𐌰𐌹 𐍃𐍅𐌴𐌸𐌰𐌿𐌷 𐌹𐌽𐌰 𐌷𐌰𐌿𐍃𐌹𐌳𐌴𐌳𐌿𐌸 𐌾𐌰𐌷 𐌹𐌽 𐌹𐌼𐌼𐌰 𐌿𐍃𐌻𐌰𐌹𐍃𐌹𐌳𐌰𐌹 𐍃𐌹𐌾𐌿𐌸, 𐍃𐍅𐌰𐍃𐍅𐌴 𐌹𐍃𐍄 𐍃𐌿𐌽𐌾𐌰 𐌹𐌽 𐌹𐌴𐍃𐌿, 𐌾𐌰𐌱𐌰𐌹 𐍃𐍅𐌴𐌸𐌰𐌿𐌷 𐌹𐌽𐌰 𐌷𐌰𐌿𐍃𐌹𐌳𐌴𐌳𐌿𐌸 𐌾𐌰𐌷 𐌹𐌽 𐌹𐌼𐌼𐌰 𐌿𐍃𐌻𐌰𐌹𐍃𐌹𐌳𐌰𐌹 𐍃𐌹𐌾𐌿𐌸, 𐍃𐍅𐌰𐍃𐍅𐌴 𐌹𐍃𐍄 𐍃𐌿𐌽𐌾𐌰 𐌹𐌽 𐌹𐌴𐍃𐌿,"
Ephesians,4,22,𐌴𐌹 𐌰𐍆𐌻𐌰𐌲𐌾𐌰𐌹𐌸 𐌾𐌿𐍃 𐌱𐌹 𐍆𐍂𐌿𐌼𐌹𐌽 𐌿𐍃𐌼𐌴𐍄𐌰 𐌸𐌰𐌽𐌰 𐍆𐌰𐌹𐍂𐌽𐌾𐌰𐌽 𐌼𐌰𐌽𐌽𐌰𐌽 𐌸𐌰𐌽𐌰 𐍂𐌹𐌿𐍂𐌾𐌰𐌽 𐌱𐌹 𐌻𐌿𐍃𐍄𐌿𐌼 𐌰𐍆𐌼𐌰𐍂𐌶𐌴𐌹𐌽𐌰𐌹𐍃. 𐌴𐌹 𐌰𐍆𐌻𐌰𐌲𐌾𐌰𐌹𐌸 𐌾𐌿𐍃 𐌱𐌹 𐍆𐍂𐌿𐌼𐌹𐌽 𐌿𐍃𐌼𐌴𐍄𐌰 𐌸𐌰𐌽𐌰 𐍆𐌰𐌹𐍂𐌽𐌾𐌰𐌽 𐌼𐌰𐌽𐌽𐌰𐌽 𐌸𐌰𐌽𐌰 𐍂𐌹𐌿𐍂𐌾𐌰𐌽 𐌱𐌹 𐌻𐌿𐍃𐍄𐌿𐌼 𐌰𐍆𐌼𐌰𐍂𐌶𐌴𐌹𐌽𐌰𐌹𐍃.
Ephesians,4,23,"𐌰𐌽𐌿𐌸~𐌸𐌰𐌽~𐌽𐌹𐌿𐌾𐌰𐌹𐌸 𐌰𐌷𐌼𐌹𐌽 𐍆𐍂𐌰𐌸𐌾𐌹𐍃 𐌹𐌶𐍅𐌰𐍂𐌹𐍃, 𐌰𐌽𐌿𐌸~𐌸𐌰𐌽~𐌽𐌹𐌿𐌾𐌰𐌹𐌸 (𐌰)𐌷𐌼𐌹𐌽 𐍆𐍂𐌰𐌸𐌾𐌹𐍃 𐌹𐌶𐍅𐌰𐍂𐌹𐍃,"
Ephesians,4,24,𐌾𐌰𐌲~𐌲𐌰𐌷𐌰𐌼𐍉𐌸 𐌸𐌰𐌼𐌼𐌰 𐌽𐌹𐌿𐌾𐌹𐌽 𐌼𐌰𐌽𐌽 𐌸𐌰𐌼𐌼𐌰 𐌱𐌹 𐌲𐌿𐌳𐌰 𐌲𐌰𐍃𐌺𐌰𐍀𐌰𐌽𐌹𐌽 𐌹𐌽 𐌲𐌰𐍂𐌰𐌹𐌷𐍄𐌴𐌹𐌽 𐌾𐌰𐌷 𐍅𐌴𐌹𐌷𐌹𐌸𐌰𐌹 𐍃𐌿𐌽𐌾𐍉𐍃. 𐌾𐌰𐌷 𐌲𐌰𐌷𐌰𐌼𐍉𐌸 𐌸𐌰𐌼𐌼𐌰 𐌽𐌹𐌿𐌾𐌹𐌽 𐌼𐌰𐌽𐌽 𐌸𐌰𐌼𐌼𐌰 𐌱𐌹 𐌲𐌿𐌳𐌰 𐌲𐌰𐍃𐌺𐌰𐍀𐌰𐌽𐌹𐌽 𐌹𐌽 𐌲𐌰𐍂𐌰𐌹𐌷𐍄𐌴𐌹𐌽 𐌾𐌰𐌷 𐍅𐌴𐌹𐌷𐌹𐌸𐌰𐌹 𐍃𐌿𐌽𐌾𐍉𐍃.
Ephesians,4,25,"𐌹𐌽 𐌸𐌹𐌶𐌴𐌹 𐌰𐍆𐌻𐌰𐌲𐌾𐌰𐌽𐌳𐌰𐌽𐍃 𐌻𐌹𐌿𐌲𐌽 𐍂𐍉𐌳𐌾𐌰𐌹𐌸 𐍃𐌿𐌽𐌾𐌰 𐍈𐌰𐍂𐌾𐌹𐌶𐌿𐌷 𐌼𐌹𐌸 𐌽𐌴𐍈𐌿𐌽𐌳𐌾𐌹𐌽 𐍃𐌴𐌹𐌽𐌰𐌼𐌼𐌰, 𐌿𐌽𐍄𐌴 𐍃𐌹𐌾𐌿𐌼 𐌰𐌽𐌸𐌰𐍂 𐌰𐌽𐌸𐌰𐍂𐌹𐍃 𐌻𐌹𐌸𐌿𐍃. 𐌹𐌽 𐌸𐌹𐌶𐌴𐌹 𐌰𐍆𐌻𐌰𐌲𐌾𐌰𐌽𐌳𐌰𐌽𐍃 𐌻𐌹𐌿𐌲𐌽 𐍂𐍉𐌳𐌾𐌰𐌹𐌸 𐍃𐌿𐌽𐌾𐌰 𐍈𐌰𐍂𐌾𐌹𐌶𐌿𐌷 𐌼𐌹𐌸 𐌽𐌴𐍈𐌿𐌽𐌳𐌾𐌹𐌽 𐍃𐌴𐌹𐌽𐌰𐌼𐌼𐌰, 𐌿𐌽𐍄𐌴 𐍃𐌹𐌾𐌿𐌸 𐌰𐌽𐌸𐌰𐍂 𐌰𐌽𐌸𐌰𐍂𐌹𐍃 𐌻𐌹𐌸𐌿𐍃."
Ephesians,4,26,"𐌸𐍅𐌰𐌹𐍂𐌷𐌰𐌹𐌸~𐌸𐌰𐌽 𐍃𐌹𐌾𐌰𐌹𐌸 𐌾𐌰𐌷 𐌽𐌹 𐍆𐍂𐌰𐍅𐌰𐌿𐍂𐌺𐌾𐌰𐌹𐌸, 𐍃𐌿𐌽𐌽𐍉 𐌽𐌹 𐌳𐌹𐍃𐍃𐌹𐌲𐌵𐌰𐌹 𐌰𐌽𐌰 𐌸𐍅𐌰𐌹𐍂𐌷𐌴𐌹𐌽 𐌹𐌶𐍅𐌰𐍂𐌰. 𐌸𐍅𐌰𐌹𐍂𐌷𐌰𐌹𐌸~𐌸𐌰𐌽 𐍃𐌹𐌾𐌰𐌹𐌸 𐌾𐌰𐌷 𐌽𐌹 𐍆𐍂𐌰𐍅𐌰𐌿𐍂𐌺𐌾𐌰𐌹𐌸, 𐍃𐌿𐌽𐌽𐍉 𐌽𐌹 𐌳𐌹𐍃𐌹𐌲𐌲𐌵𐌰𐌹 𐌰𐌽𐌰 𐌸𐍅𐌰𐌹𐍂𐌷𐌴𐌹𐌽 𐌹𐌶𐍅𐌰𐍂𐌰."
Ephesians,4,27,𐌽𐌹 𐌲𐌹𐌱𐌹𐌸 𐍃𐍄𐌰𐌸 𐌿𐌽𐌷𐌿𐌻𐌸𐌹𐌽. 𐌽𐌹𐌷 𐌲𐌹𐌱𐌰𐌹𐌸 𐍃𐍄𐌰𐌸 𐌿𐌽𐌷𐌿𐌻𐌸𐌹𐌽.
Ephesians,4,28,"𐍃𐌰𐌴𐌹 𐌷𐌻𐌴𐍆𐌹, 𐌸𐌰𐌽𐌰𐍃𐌴𐌹𐌸𐍃 𐌽𐌹 𐌷𐌻𐌹𐍆𐌰𐌹, 𐌹𐌸 𐌼𐌰𐌹𐍃 𐌰𐍂𐌱𐌰𐌹𐌳𐌾𐌰𐌹, 𐍅𐌰𐌿𐍂𐌺𐌾𐌰𐌽𐌳𐍃 𐍃𐍅𐌴𐍃𐌰𐌹𐌼 𐌷𐌰𐌽𐌳𐌿𐌼 𐌸𐌹𐌿𐌸, 𐌴𐌹 𐌷𐌰𐌱𐌰𐌹 𐌳𐌰𐌹𐌻𐌾𐌰𐌽 𐌸𐌰𐌿𐍂𐌱𐌰𐌽𐌳𐌹𐌽. 𐍃𐌰𐌴𐌹 𐌷𐌻𐌴𐍆𐌹, 𐌸𐌰𐌽𐌰𐍃𐌴𐌹𐌸𐍃 𐌽𐌹 𐌷𐌻𐌹𐍆𐌰𐌹, 𐌰𐌺 𐌼𐌰𐌹𐍃 𐌰𐍂𐌱𐌰𐌹𐌳𐌾𐌰𐌹, 𐍅𐌰𐌿𐍂𐌺𐌾𐌰𐌽𐌳𐍃 𐍃𐍅𐌴𐍃𐌰𐌹𐌼 𐌷𐌰𐌽𐌳𐌿𐌼 𐌸𐌹𐌿𐌸, 𐌴𐌹 𐌷𐌰𐌱𐌰𐌹 𐌳𐌰𐌹𐌻𐌾𐌰𐌽 𐌸𐌰𐌿𐍂𐌱𐌰𐌽𐌳𐌹𐌽."
Ephesians,4,29,"𐌰𐌹𐌽𐌷𐌿𐌽 𐍅𐌰𐌿𐍂𐌳𐌴 𐌿𐌱𐌹𐌻𐌰𐌹𐌶𐌴 𐌿𐍃 𐌼𐌿𐌽𐌸𐌰 𐌹𐌶𐍅𐌰𐍂𐌰𐌼𐌼𐌰 𐌽𐌹 𐌿𐍃𐌲𐌰𐌲𐌲𐌰𐌹, 𐌰𐌺 𐌸𐌰𐍄𐌴𐌹 𐌲𐍉𐌸 𐍃𐌹𐌾𐌰𐌹 𐌳𐌿 𐍄𐌹𐌼𐍂𐌴𐌹𐌽𐌰𐌹 𐌲𐌰𐌻𐌰𐌿𐌱𐌴𐌹𐌽𐌰𐌹𐍃, 𐌴𐌹 𐌲𐌹𐌱𐌰𐌹 𐌰𐌽𐍃𐍄 𐌷𐌰𐌿𐍃𐌾𐌰𐌽𐌳𐌰𐌼. 𐌰𐌹𐌽𐌷𐌿𐌽 𐍅𐌰𐌿𐍂𐌳𐌴 𐌿𐌱𐌹𐌻𐌰𐌹𐌶𐌴 𐌿𐍃 𐌼𐌿𐌽𐌸𐌰 𐌹𐌶𐍅𐌰𐍂𐌰𐌼𐌼𐌰 𐌽𐌹 𐌿𐍃𐌲𐌰𐌲𐌲𐌰𐌹, 𐌰𐌺 𐌸𐌰𐍄𐌴𐌹 𐌲𐍉𐌸 𐍃𐌹𐌾𐌰𐌹 𐌳𐌿 𐍄𐌹𐌼𐍂𐌴𐌹𐌽𐌰𐌹 𐌲𐌰𐌻𐌰𐌿𐌱𐌴𐌹𐌽𐌰𐌹𐍃, 𐌴𐌹 𐌲𐌹𐌱𐌰𐌹 𐌰𐌽𐍃𐍄 𐌷𐌰𐌿𐍃𐌾𐌰𐌽𐌳𐌰𐌼."
Ephesians,4,30,"𐌾𐌰𐌷 𐌽𐌹 𐌲𐌰𐌿𐍂𐌾𐌰𐌹𐌸 𐌸𐌰𐌽𐌰 𐍅𐌴𐌹𐌷𐌰𐌽 𐌰𐌷𐌼𐌰𐌽 𐌲𐌿𐌳𐌹𐍃, 𐌹𐌽 𐌸𐌰𐌼𐌼𐌴𐌹 𐌲𐌰𐍃𐌹𐌲𐌻𐌹𐌳𐌰𐌹 𐍃𐌹𐌾𐌿𐌸 𐌹𐌽 𐌳𐌰𐌲𐌰 𐌿𐍃𐌻𐌰𐌿𐍃𐌴𐌹𐌽𐌰𐌹𐍃. 𐌾𐌰𐌷 𐌽𐌹 𐌲𐌰𐌿𐍂𐌾𐌰𐌹𐌸 𐌸𐌰𐌽𐌰 𐍅𐌴𐌹𐌷𐌰𐌽 𐌰𐌷𐌼𐌰𐌽 𐌲𐌿𐌳𐌹𐍃, 𐌸𐌰𐌼𐌼𐌴𐌹 𐌲𐌰𐍃𐌹𐌲𐌻𐌹𐌳𐌰𐌹 𐍃𐌹𐌾𐌿𐌸 𐌹𐌽 𐌳𐌰𐌲𐌰 𐌿𐍃𐌻𐌰𐌿𐍃𐌴𐌹𐌽𐌰𐌹𐍃."
Ephesians,4,31,𐌰𐌻𐌻𐌰 𐌱𐌰𐌹𐍄𐍂𐌴𐌹 𐌾𐌰𐌷 𐌷𐌰𐍄𐌹𐍃 𐌾𐌰𐌷 𐌸𐍅𐌰𐌹𐍂𐌷𐌴𐌹 𐌾𐌰𐌷 𐌷𐍂𐍉𐍀𐍃 𐌾𐌰𐌷 𐍅𐌰𐌾𐌰𐌼𐌴𐍂𐌴𐌹𐌽𐍃 𐌰𐍆𐍅𐌰𐌹𐍂𐍀𐌰𐌹𐌳𐌰𐌿 𐌰𐍆 𐌹𐌶𐍅𐌹𐍃 𐌼𐌹𐌸 𐌰𐌻𐌻𐌰𐌹 𐌿𐌽𐍃𐌴𐌻𐌴𐌹𐌽. 𐌰𐌻𐌻𐌰 𐌱𐌰𐌹𐍄𐍂𐌴𐌹 𐌾𐌰𐌷 𐌷𐌰𐍄𐌹𐍃 𐌾𐌰𐌷 𐌸𐍅𐌰𐌹𐍂𐌷𐌴𐌹 𐌾𐌰𐌷 𐌷𐍂𐍉𐍀𐍃 𐌾𐌰𐌷 𐍅𐌰𐌾𐌰𐌼𐌴𐍂𐌴𐌹𐌽𐍃 𐌰𐍆𐍅𐌰𐌹𐍂𐍀𐌰𐌹𐌳𐌰𐌿 𐌰𐍆 𐌹𐌶𐍅𐌹𐍃 𐌼𐌹𐌸 𐌰𐌻𐌻𐌰𐌹 𐌿𐌽𐍃𐌴𐌻𐌴𐌹𐌽.
Ephesians,4,32,"𐍅𐌰𐌹𐍂𐌸𐌰𐌹𐌳𐌿𐌷 𐌼𐌹𐌸 𐌹𐌶𐍅𐌹𐍃 𐌼𐌹𐍃𐍃𐍉 𐍃𐌴𐌻𐌾𐌰𐌹, 𐌰𐍂𐌼𐌰𐌷𐌰𐌹𐍂𐍄𐌰𐌹, 𐍆𐍂𐌰𐌲𐌹𐌱𐌰𐌽𐌳𐌰𐌽𐍃 𐌹𐌶𐍅𐌹𐍃 𐌼𐌹𐍃𐍃𐍉, 𐍃𐍅𐌰𐍃𐍅𐌴 𐌲𐌿𐌸 𐌹𐌽 𐍇𐍂𐌹𐍃𐍄𐌰𐌿 𐍆𐍂𐌰𐌲𐌰𐍆 𐌹𐌶𐍅𐌹𐍃. 𐍅𐌰𐌹𐍂𐌸𐌰𐌹𐌳𐌿𐌷 𐌼𐌹𐌸 𐌹𐌶𐍅𐌹𐍃 𐌼𐌹𐍃𐍃𐍉 𐍃𐌴𐌻𐌾𐌰𐌹, 𐌰𐍂𐌼𐌰𐌷𐌰𐌹𐍂𐍄𐌰𐌹, 𐍆𐍂𐌰𐌲𐌹𐌱𐌰𐌽𐌳𐌰𐌽𐍃 𐌹𐌶𐍅𐌹𐍃 𐌼𐌹𐍃𐍃𐍉, 𐍃𐍅𐌰𐍃𐍅𐌴 𐌲𐌿𐌸 𐌹𐌽 𐍇𐍂𐌹𐍃𐍄𐌰𐌿 𐍆𐍂𐌰𐌲𐌰𐍆 𐌹𐌶𐍅𐌹𐍃."
Ephesians,5,1,𐍅𐌰𐌹𐍂𐌸𐌰𐌹𐌸 𐌽𐌿 𐌲𐌰𐌻𐌴𐌹𐌺𐍉𐌽𐌳𐌰𐌽𐍃 𐌲𐌿𐌳𐌰 𐍃𐍅𐌴 𐌱𐌰𐍂𐌽𐌰 𐌻𐌹𐌿𐌱𐌰 𐍅𐌰𐌹𐍂𐌸𐌰𐌹𐌸 𐌽𐌿 𐌲𐌰𐌻𐌴𐌹𐌺𐍉𐌽𐌳𐌰𐌽𐍃 𐌲𐌿𐌳(𐌰) 𐍃𐍅𐌴 𐌱𐌰𐍂𐌽𐌰 𐌻𐌹𐌿𐌱𐌰
Ephesians,5,2,"𐌾𐌰𐌷 𐌲𐌰𐌲𐌲𐌰𐌹𐌸 𐌹𐌽 𐍆𐍂𐌹𐌾𐌰𐌸𐍅𐌰𐌹, 𐍃𐍅𐌰𐍃𐍅𐌴 𐌾𐌰𐌷 𐍇𐍂𐌹𐍃𐍄𐌿𐍃 𐍆𐍂𐌹𐌾𐍉𐌳𐌰 𐌿𐌽𐍃 𐌾𐌰𐌷 𐌰𐍄𐌲𐌰𐍆 𐍃𐌹𐌺 𐍃𐌹𐌻𐌱𐌰𐌽 𐍆𐌰𐌿𐍂 𐌿𐌽𐍃 𐌷𐌿𐌽𐍃𐌻 𐌾𐌰𐌷 𐍃𐌰𐌿𐌸 𐌲𐌿𐌳𐌰 𐌳𐌿 𐌳𐌰𐌿𐌽𐌰𐌹 𐍅𐍉𐌸𐌾𐌰𐌹. 𐌾𐌰𐌷 𐌲𐌰𐌲𐌲𐌰(𐌹𐌸) 𐌹𐌽 𐍆𐍂𐌹𐌰𐌸𐍅𐌰𐌹, 𐍃𐍅𐌰𐍃𐍅𐌴 𐌾𐌰𐌷 𐍇𐍂𐌹𐍃𐍄𐌿(𐍃) 𐍆𐍂𐌹𐌾𐍉𐌳𐌰 𐌿𐌽𐍃 𐌾𐌰𐌷 𐌰𐍄𐌲𐌰𐍆 𐍃𐌹(𐌺) 𐍃𐌹(𐌻)𐌱𐌰𐌽 𐍆𐌰𐌿𐍂 𐌿𐌽𐍃 𐌷𐌿𐌽𐍃𐌻 𐌾𐌰𐌷 𐍃𐌰𐌿𐌸 𐌲𐌿𐌳𐌰 𐌳𐌿 𐌳𐌰𐌿𐌽𐌰𐌹 𐍅𐍉𐌸𐌾𐌰𐌹."
Ephesians,5,3,"𐌰𐌸𐌸𐌰𐌽 𐌷𐍉𐍂𐌹𐌽𐌰𐍃𐍃𐌿𐍃 𐌾𐌰𐌷 𐌰𐌻𐌻𐍉𐍃 𐌿𐌽𐌷𐍂𐌰𐌹𐌽𐌹𐌸𐍉𐍃 𐌰𐌹𐌸𐌸𐌰𐌿 𐍆𐌰𐌹𐌷𐌿𐍆𐍂𐌹𐌺𐌴𐌹 𐌽𐌹𐌷 𐌽𐌰𐌼𐌽(𐌾𐌰𐌹𐌳𐌰𐌿).... 𐌰𐌸𐌸𐌰𐌽 𐌷𐍉𐍂𐌹𐌽𐌰𐍃𐍃𐌿𐍃 𐌾𐌰𐌷 𐌰𐌻𐌻𐍉𐍃 𐌿𐌽𐌷𐍂𐌰𐌹𐌽𐌹𐌸𐍉𐍃 𐌰𐌹𐌸𐌸𐌰𐌿 𐍆𐌰𐌹𐌷𐌿𐍆𐍂𐌹𐌺𐌴𐌹 𐌽𐌹𐌷 𐌽𐌰𐌼𐌽𐌾𐌰𐌹𐌳𐌰𐌿 𐌹𐌽 𐌹𐌶𐍅𐌹𐍃, 𐍃𐍅𐌰𐍃𐍅𐌴 𐌲𐌰𐌳𐍉𐌱 𐌹𐍃𐍄 𐍅𐌴𐌹𐌷𐌰𐌹𐌼,"
Ephesians,5,4,"𐌰𐌹𐌸𐌸𐌰𐌿 𐌳𐍅𐌰𐌻𐌰(𐍅𐌰)𐌿𐍂𐌳𐌴𐌹 𐌰𐌹𐌸𐌸𐌰𐌿 𐍃𐌰𐌻𐌳𐍂𐌰, 𐌸𐍉𐌴𐌹 𐌳(𐌿) 𐌸𐌰𐌿𐍂𐍆𐍄𐌰𐌹 𐌽𐌹 𐍆𐌰𐌹𐍂𐍂𐌹𐌽𐌽𐌰𐌽𐌳, 𐌰𐌺 𐌼𐌰𐌹𐍃 𐌰𐍅𐌹𐌻𐌹𐌿𐌳𐌰."
Ephesians,5,5,"𐌸𐌰𐍄𐌰 𐌰𐌿𐌺 𐍅𐌹𐍄𐌴𐌹𐌸, 𐌺𐌿𐌽𐌽𐌰𐌽𐌳𐌰𐌽𐍃 𐌸𐌰𐍄𐌴𐌹 𐍈𐌰𐌶𐌿 𐌷𐍉𐍂𐍃 𐌰𐌹𐌸𐌸𐌰𐌿 𐌿𐌽𐌷𐍂𐌰𐌹𐌽𐍃 𐌰𐌹𐌸𐌸𐌰𐌿 𐍆𐌰𐌹𐌷𐌿𐍆𐍂𐌹𐌺𐍃, 𐌸𐌰𐍄𐌴𐌹 𐌹𐍃𐍄 𐌲𐌰𐌻𐌹𐌿𐌲𐌰𐌲(𐌿)𐌳𐌴 𐍃𐌺𐌰𐌻𐌺𐌹𐌽𐌰𐍃𐍃𐌰𐌿𐍃, 𐌽𐌹 𐌷𐌰𐌱𐌰𐌹𐌸 𐌰(𐍂)𐌱𐌹 𐌹𐌽 𐌸𐌹𐌿𐌳𐌰𐌽𐌲𐌰𐍂𐌳𐌾𐌰𐌹 𐍇𐍂𐌹𐍃𐍄𐌰𐌿𐍃 𐌾𐌰𐌷 𐌲𐌿𐌳𐌹𐍃."
Ephesians,5,6,"𐌽𐌹 𐌼𐌰𐌽𐌽𐌰 𐌹𐌶𐍅𐌹𐍃 𐌿𐍃𐌻𐌿[𐍃]𐍄𐍉 𐌻𐌰𐌿𐍃𐌰𐌹𐌼 𐍅𐌰𐌿𐍂𐌳𐌰𐌼, 𐌸𐌰𐌹𐍂𐌷 𐌸𐍉𐌴𐌹 (𐌵)𐌹𐌼𐌹𐌸 𐌷𐌰𐍄𐌹𐍃 𐌲𐌿𐌳𐌹𐍃 𐌰𐌽𐌰 𐍃𐌿𐌽𐌿𐌼 𐌿𐌽(𐌲𐌰)𐌻𐌰𐌿𐌱𐌴𐌹𐌽𐌰𐌹𐍃."
Ephesians,5,7,𐌽𐌹 𐍅𐌰𐌹𐍂𐌸𐌰𐌹𐌸 𐌽𐌿 (𐌲𐌰𐌳)𐌰𐌹𐌻𐌰𐌽𐍃 𐌹𐌼.
Ephesians,5,8,"𐍅𐌴𐍃𐌿𐌸 𐌰𐌿𐌺 𐍃𐌿𐌼𐌰𐌽 (𐍂)𐌹(𐌵)𐌹𐌶, 𐌹𐌸 𐌽𐌿 𐌻𐌹𐌿𐌷𐌰𐌸 𐌹𐌽 𐍆𐍂𐌰𐌿𐌾𐌹𐌽; 𐍃𐍅𐌴 𐌱𐌰𐍂𐌽𐌰 𐌻𐌹𐌿𐌷𐌰𐌳𐌹𐍃 𐌲𐌰𐌲𐌲𐌰𐌹𐌸. -"
Ephesians,5,9,𐌰𐌸𐌸𐌰𐌽 𐌰𐌺𐍂𐌰𐌽 𐌻𐌹𐌿𐌷𐌰𐌳𐌹𐍃 𐌹𐍃𐍄 𐌹𐌽 𐌰𐌻𐌻𐌰𐌹 𐍃𐌴𐌻𐌴𐌹𐌽 𐌾𐌰𐌷 𐌲𐌰𐍂𐌰𐌹𐌷𐍄𐌴𐌹𐌽 𐌾𐌰𐌷 𐍃𐌿𐌽𐌾𐌰𐌹. -
Ephesians,5,10,"𐌲𐌰𐌺𐌹𐌿𐍃𐌰𐌽𐌳𐌰𐌽𐍃 𐌸𐌰𐍄𐌴𐌹 𐍃𐌹𐌾𐌰𐌹 𐍅𐌰𐌹𐌻𐌰 𐌲𐌰𐌻𐌴𐌹𐌺𐌰𐌹𐌸 𐍆𐍂𐌰𐌿𐌾𐌹𐌽,"
Ephesians,5,11,𐌾𐌰𐌷 𐌽𐌹 𐌲𐌰𐌼𐌰𐌹𐌽𐌾𐌰𐌹𐌸 𐍅𐌰𐌿𐍂𐍃𐍄𐍅𐌰𐌼 𐍂𐌹𐌵𐌹𐌶𐌹𐍃....
Ephesians,5,12,
Ephesians,5,13,
Ephesians,5,14,
Ephesians,5,15,
Ephesians,5,16,
Ephesians,5,17,"𐌳𐌿𐌸𐌸𐌴 𐌽𐌹 𐍅𐌰𐌹𐍂𐌸𐌰𐌹𐌸 𐌿𐌽𐍆𐍂𐍉𐌳𐌰𐌹, 𐌰𐌺 𐍆𐍂𐌰𐌸𐌾𐌰𐌽𐌳𐌰𐌽𐍃 𐍈𐌰 𐍃𐌹𐌾𐌰𐌹 𐍅𐌹𐌻𐌾𐌰 𐍆𐍂𐌰𐌿𐌾𐌹𐌽𐍃."
Ephesians,5,18,"𐌾𐌰𐌷 𐌽𐌹 𐌰𐌽𐌰𐌳𐍂𐌹𐌲𐌺𐌰𐌹𐌸 𐌹𐌶𐍅𐌹𐍃 𐍅𐌴𐌹𐌽𐌰, 𐌹𐌽 𐌸𐌰𐌼𐌼𐌴𐌹 𐌹𐍃𐍄 𐌿𐍃𐍃𐍄𐌹𐌿𐍂𐌴𐌹, 𐌰𐌺 𐍆𐌿𐌻𐌻𐌽𐌰𐌹𐌸 𐌹𐌽 𐌰𐌷𐌼𐌹𐌽,"
Ephesians,5,19,"𐍂𐍉𐌳𐌾𐌰𐌽𐌳𐌰𐌽𐍃 𐌹𐌶𐍅𐌹𐍃 𐌹𐌽 𐍀𐍃𐌰𐌻𐌼𐍉𐌼 𐌾𐌰𐌷 𐌷𐌰𐌶𐌴𐌹𐌽𐌹𐌼 𐌾𐌰𐌷 𐍃𐌰𐌲𐌲𐍅𐌹𐌼 𐌰𐌷𐌼𐌴𐌹𐌽𐌰𐌹𐌼, 𐍃𐌹𐌲𐌲𐍅𐌰𐌽𐌳𐌰𐌽𐍃 𐌹𐌽 𐌷𐌰𐌹𐍂𐍄𐌰𐌼 𐌹𐌶𐍅𐌰𐍂𐌰𐌹𐌼 𐍆𐍂𐌰𐌿𐌾𐌹𐌽,"
Ephesians,5,20,"𐌰𐍅𐌹𐌻𐌹𐌿𐌳𐍉𐌽𐌳𐌰𐌽𐍃 𐍃𐌹𐌽𐍄𐌴𐌹𐌽𐍉 𐍆𐍂𐌰𐌼 𐌰𐌻𐌻𐌰𐌹𐌼 𐌹𐌽 𐌽𐌰𐌼𐌹𐌽 𐍆𐍂𐌰𐌿𐌾𐌹𐌽𐍃 𐌿𐌽𐍃𐌰𐍂𐌹𐍃 𐌹𐌴𐍃𐌿𐌹𐍃 𐍇𐍂𐌹𐍃𐍄𐌰𐌿𐍃 𐌰𐍄𐍄𐌹𐌽 𐌾𐌰𐌷 𐌲𐌿𐌳𐌰,"
Ephesians,5,21,𐌿𐍆𐌷𐌰𐌿𐍃𐌾𐌰𐌽𐌳𐌰𐌽𐍃 𐌹𐌶𐍅𐌹𐍃 𐌼𐌹𐍃𐍃𐍉 𐌹𐌽 𐌰𐌲𐌹𐍃𐌰 𐍇𐍂𐌹𐍃𐍄𐌰𐌿𐍃.
Ephesians,5,22,𐌵𐌴𐌽𐌴𐍃 𐍃𐌴𐌹𐌽𐌰𐌹𐌼 𐌰𐌱𐌽𐌰𐌼 𐌿𐍆𐌷𐌰𐌿𐍃𐌾𐌰𐌹𐌽𐌰 𐍃𐍅𐌰𐍃𐍅𐌴 𐍆𐍂𐌰𐌿𐌾𐌹𐌽;
Ephesians,5,23,"𐌿𐌽𐍄𐌴 𐍅𐌰𐌹𐍂 𐌹𐍃𐍄 𐌷𐌰𐌿𐌱𐌹𐌸 𐌵𐌴𐌽𐌰𐌹𐍃 𐍃𐍅𐌰𐍃𐍅𐌴 𐌾𐌰𐌷 𐍇𐍂𐌹𐍃𐍄𐌿𐍃 𐌷𐌰𐌿𐌱𐌹𐌸 𐌰𐌹𐌺𐌺𐌻𐌴𐍃𐌾𐍉𐌽𐍃, 𐌾𐌰𐌷 𐌹𐍃 𐌹𐍃𐍄 𐌽𐌰𐍃𐌾𐌰𐌽𐌳𐍃 𐌻𐌴𐌹𐌺𐌹𐍃."
Ephesians,5,24,"𐌰𐌺𐌴𐌹 𐍃𐍅𐌰𐍃𐍅𐌴 𐌰𐌹𐌺𐌺𐌻𐌴𐍃𐌾𐍉 𐌿𐍆𐌷𐌰𐌿𐍃𐌴𐌹𐌸 𐍇𐍂𐌹𐍃𐍄𐌿, 𐍃𐍅𐌰𐌷 𐌵𐌴𐌽𐌴𐍃 𐌰𐌱𐌽𐌰𐌼 𐍃𐌴𐌹𐌽𐌰𐌹𐌼 𐌹𐌽 𐌰𐌻𐌻𐌰𐌼𐌼𐌰."
Ephesians,5,25,"𐌾𐌿𐍃 𐍅𐌰𐌹𐍂𐍉𐍃 𐍆𐍂𐌹𐌾𐍉𐌸 𐌵𐌴𐌽𐌹𐌽𐍃 𐌹𐌶𐍅𐌰𐍂𐍉𐍃, 𐍃𐍅𐌰𐍃𐍅𐌴 𐌾𐌰𐌷 𐍇𐍂𐌹𐍃𐍄𐌿𐍃 𐍆𐍂𐌹𐌾𐍉𐌳𐌰 𐌰𐌹𐌺𐌺𐌻𐌴𐍃𐌾𐍉𐌽 𐌾𐌰𐌷 𐍃𐌹𐌺 𐍃𐌹𐌻𐌱𐌰𐌽 𐌰𐍄𐌲𐌰𐍆 𐍆𐌰𐌿𐍂 𐌸𐍉,"
Ephesians,5,26,"𐌴𐌹 𐌸𐍉 𐌲𐌰𐍅𐌴𐌹𐌷𐌰𐌹𐌳𐌴𐌳𐌹 𐌲𐌰𐌷𐍂𐌰𐌹𐌽𐌾𐌰𐌽𐌳𐍃 𐌸𐍅𐌰𐌷𐌻𐌰 𐍅𐌰𐍄𐌹𐌽𐍃 𐌹𐌽 𐍅𐌰𐌿𐍂𐌳𐌰,"
Ephesians,5,27,"𐌴𐌹 𐌿𐍃𐍄𐌰𐌿𐌷𐌹 𐍃𐌹𐌻𐌱𐌰 𐍃𐌹𐍃 𐍅𐌿𐌻𐌸𐌰𐌲𐌰 𐌰𐌹𐌺𐌺𐌻𐌴𐍃𐌾𐍉𐌽, 𐌽𐌹 𐌷𐌰𐌱𐌰𐌽𐌳𐌴𐌹𐌽 𐍅𐌰𐌼𐌼𐌴 𐌰𐌹𐌸𐌸𐌰𐌿 𐌼𐌰𐌹𐌻𐌴 𐌰𐌹𐌸𐌸𐌰𐌿 𐍈𐌰 𐍃𐍅𐌰𐌻𐌴𐌹𐌺𐌰𐌹𐌶𐌴, 𐌰𐌺 𐌴𐌹 𐍃𐌹𐌾𐌰𐌹 𐍅𐌴𐌹𐌷𐌰 𐌾𐌰𐌷 𐌿𐌽𐍅𐌰𐌼𐌼𐌰."
Ephesians,5,28,"𐍃𐍅𐌰 𐌾𐌰𐌷 𐍅𐌰𐌹𐍂𐍉𐍃 𐍃𐌺𐌿𐌻𐌿𐌽 𐍆𐍂𐌹𐌾𐍉𐌽 𐍃𐌴𐌹𐌽𐍉𐍃 𐌵𐌴𐌽𐌹𐌽𐍃 𐍃𐍅𐌴 𐌻𐌴𐌹𐌺𐌰 𐍃𐌴𐌹𐌽𐌰. [𐍃𐌴𐌹𐌽 𐍃𐌹𐌻𐌱𐌹𐌽𐍃 𐌻𐌴𐌹𐌺 𐍆𐍂𐌹𐌾𐍉𐌸,] 𐍃𐌰𐌴𐌹 𐍃𐌴𐌹𐌽𐌰 𐌵𐌴𐌽 𐍆𐍂𐌹𐌾𐍉𐌸, [𐌾𐌰𐌷] 𐍃𐌹𐌺 𐍃𐌹𐌻𐌱𐌰𐌽 𐍆𐍂𐌹𐌾𐍉𐌸."
Ephesians,5,29,"𐌽𐌹 𐌰𐌿𐌺 𐌼𐌰𐌽𐌽𐌰 𐍈𐌰𐌽𐌷𐌿𐌽 𐍃𐌴𐌹𐌽 𐌻𐌴𐌹𐌺 𐍆𐌹𐌾𐌰𐌹𐌳𐌰, 𐌰𐌺 𐍆𐍉𐌳𐌴𐌹𐌸 𐌹𐍄𐌰 𐌾𐌰𐌷 𐍅𐌰𐍂𐌼𐌴𐌹𐌸 𐍃𐍅𐌰𐍃𐍅𐌴 𐌾𐌰𐌷 𐍇𐍂𐌹𐍃𐍄𐌿𐍃 𐌰𐌹𐌺𐌺𐌻𐌴𐍃𐌾𐍉𐌽...."
Ephesians,5,30,
Ephesians,5,31,
Ephesians,5,32,
Ephesians,5,33,
Ephesians,6,1,
Ephesians,6,2,
Ephesians,6,3,
Ephesians,6,4,
Ephesians,6,5,
Ephesians,6,6,
Ephesians,6,7,
Ephesians,6,8,".... 𐍄𐌰𐌿𐌾𐌹𐌸 𐌸𐌹𐌿𐌸𐌹𐍃, 𐌸𐌰𐍄𐌰 𐌲𐌰𐌽𐌹𐌼𐌹𐌸 𐌰𐍄 𐍆𐍂𐌰𐌿𐌾𐌹𐌽, 𐌾𐌰𐌸𐌸𐌴 𐍃𐌺𐌰𐌻𐌺𐍃 𐌾𐌰𐌸𐌸𐌴 𐍆𐍂𐌴𐌹𐍃."
Ephesians,6,9,".... 𐍆𐍂𐌰𐌻𐌴𐍄𐌰𐌽𐌳𐌰𐌽𐍃 𐌹𐌼 𐍈𐍉𐍄𐍉𐍃, 𐍅𐌹𐍄𐌰𐌽𐌳𐌰𐌽𐍃 𐌸𐌰𐍄𐌴𐌹 𐌹𐌼 𐌾𐌰𐌷 𐌹𐌶𐍅𐌹𐍃 𐍃𐌰𐌼𐌰 𐍆𐍂𐌰𐌿𐌾𐌰 𐌹𐍃𐍄 𐌹𐌽 𐌷𐌹𐌼𐌹𐌽𐌰𐌼, 𐌾𐌰𐌷 𐍅𐌹𐌻𐌾𐌰𐌷𐌰𐌻𐌸𐌴𐌹 𐌽𐌹𐍃𐍄 𐌰𐍄 𐌹𐌼𐌼𐌰. 𐌾𐌰𐌷 𐌾𐌿𐍃 𐍆𐍂𐌰𐌿𐌾𐌰𐌽𐍃 [𐌾𐌰𐌷 𐌾𐌿𐍃 𐍆𐍂𐌰𐌿𐌾𐌰𐌽𐍃] 𐌸𐌰𐍄𐌰 𐍃𐌰𐌼𐍉 𐍄𐌰𐌿𐌾𐌰𐌹𐌸 𐍅𐌹𐌸𐍂𐌰 𐌹𐌽𐍃, 𐍆𐍂𐌰𐌻𐌴𐍄𐌰𐌽𐌳𐌰𐌽𐍃 𐌹𐌼 𐍈𐍉𐍄𐍉𐍃, 𐍅𐌹𐍄𐌰𐌽𐌳𐌰𐌽𐍃 𐌸𐌰𐍄𐌴𐌹 𐌹𐌼 𐌾𐌰𐌷 𐌹𐌶𐍅𐌹𐍃 𐍃𐌰𐌼𐌰 𐍆𐍂𐌰𐌿𐌾𐌰 𐌹𐍃𐍄 𐌹𐌽 𐌷𐌹𐌼𐌹𐌽𐌰𐌼, 𐌾𐌰𐌷 𐍅𐌹𐌻𐌾𐌰𐌷𐌰𐌻𐌸𐌴𐌹 𐌽𐌹𐍃𐍄 𐌰𐍄 𐌹𐌼𐌼𐌰."
Ephesians,6,10,"𐌸𐌰𐍄𐌰 𐌽𐌿 𐌰𐌽𐌸𐌰𐍂, 𐌱𐍂𐍉𐌸𐍂𐌾𐌿𐍃 𐌼𐌴𐌹𐌽𐌰𐌹, 𐌹𐌽𐍃𐍅𐌹𐌽𐌸𐌾𐌰𐌹𐌸 𐌹𐌶𐍅𐌹𐍃 𐌹𐌽 𐍆𐍂𐌰𐌿𐌾𐌹𐌽 𐌾𐌰𐌷 𐌹𐌽 𐌼𐌰𐌷𐍄𐌰𐌹 𐍃𐍅𐌹𐌽𐌸𐌴𐌹𐌽𐍃 𐌹𐍃. 𐌸𐌰𐍄𐌰 𐌽𐌿 𐌰𐌽𐌸𐌰𐍂, 𐌱𐍂𐍉𐌸𐍂𐌾𐌿𐍃 𐌼𐌴𐌹𐌽𐌰𐌹, 𐌹𐌽𐍃𐍅𐌹𐌽(𐌸)𐌾𐌰𐌹𐌸 𐌹𐌶𐍅𐌹𐍃 𐌹𐌽 𐍆𐍂𐌰𐌿𐌾𐌹𐌽 𐌾𐌰𐌷 𐌹𐌽 𐌼𐌰𐌷𐍄𐌰𐌹 𐍃𐍅𐌹𐌽𐌸𐌴𐌹𐌽𐍃 𐌹𐍃."
Ephesians,6,11,"𐌲𐌰𐌷𐌰𐌼𐍉𐌸 𐌹𐌶𐍅𐌹𐍃 𐍃𐌰𐍂𐍅𐌰𐌼 𐌲𐌿𐌳𐌹𐍃, 𐌴𐌹 𐌼𐌰𐌲𐌴𐌹𐌸 𐍃𐍄𐌰𐌽𐌳𐌰𐌽 𐍅𐌹𐌸𐍂𐌰 𐌻𐌹𐍃𐍄𐌹𐌽𐍃 𐌳𐌹𐌰𐌱𐌿𐌻𐌰𐌿𐍃; 𐌲𐌰𐌷𐌰𐌼𐍉𐌸 𐌹𐌶𐍅𐌹𐍃 𐍃𐌰𐍂𐍅𐌰𐌼 𐌲𐌿𐌳𐌹𐍃, 𐌴𐌹 𐌼𐌰𐌲𐌴𐌹𐌸 𐍃𐍄𐌰𐌽𐌳𐌰𐌽 𐍅𐌹𐌸𐍂𐌰 𐌻𐌹𐍃𐍄𐌹𐌽𐍃 𐌳𐌹𐌰𐌱𐌿𐌻𐌰𐌿𐍃;"
Ephesians,6,12,"𐌿𐌽𐍄𐌴 𐌽𐌹𐍃𐍄 𐌹𐌶𐍅𐌹𐍃 𐌱𐍂𐌰𐌺𐌾𐌰 𐍅𐌹𐌸𐍂𐌰 𐌻𐌴𐌹𐌺 𐌾𐌰𐌷 𐌱𐌻𐍉𐌸, 𐌰𐌺 𐍅𐌹𐌸𐍂𐌰 𐍂𐌴𐌹𐌺𐌾𐌰 𐌾𐌰𐌷 𐍅𐌰𐌻𐌳𐌿𐍆𐌽𐌾𐌰, 𐍅𐌹𐌸𐍂𐌰 𐌸𐌰𐌽𐍃 𐍆𐌰𐌹𐍂𐍈𐌿 𐌷𐌰𐌱𐌰𐌽𐌳𐌰𐌽𐍃 𐍂𐌹𐌵𐌹𐌶𐌹𐍃 𐌸𐌹𐍃, 𐍅𐌹𐌸𐍂𐌰 𐌸𐍉 𐌰𐌷𐌼𐌴𐌹𐌽𐍉𐌽𐌰 𐌿𐌽𐍃𐌴𐌻𐌴𐌹𐌽𐍃 𐌹𐌽 𐌸𐌰𐌹𐌼 𐌷𐌹𐌼𐌹𐌽𐌰𐌺𐌿𐌽𐌳𐌰𐌼. 𐌿𐌽𐍄𐌴 𐌽𐌹𐍃𐍄 𐌹𐌶𐍅𐌹𐍃 𐌱𐍂𐌰𐌺𐌾𐌰 𐍅𐌹𐌸𐍂𐌰 𐌻𐌴𐌹𐌺 𐌾𐌰𐌷 𐌱𐌻𐍉𐌸, 𐌰𐌺 𐍅𐌹𐌸𐍂𐌰 𐍂𐌴𐌹𐌺𐌾𐌰 𐌾𐌰𐌷 𐍅𐌰𐌻𐌳𐌿𐍆𐌽𐌾𐌰, 𐍅𐌹𐌸𐍂𐌰 𐌸𐌰𐌽𐍃 𐍆𐌰𐌹𐍂𐍈𐌿 𐌷𐌰𐌱𐌰𐌽𐌳𐌰𐌽𐍃 𐍂𐌹𐌵𐌹𐌶𐌹𐍃 𐌸𐌹𐍃, 𐍅𐌹𐌸𐍂𐌰 𐌸𐍉 𐌰𐌷𐌼𐌴𐌹𐌽𐍉𐌽𐌰 𐌿𐌽𐍃𐌴𐌻𐌴𐌹𐌽𐍃 𐌹𐌽 𐌸𐌰𐌹𐌼 𐌷𐌹𐌼𐌹𐌽𐌰𐌺𐌿𐌽𐌳𐌰𐌼."
Ephesians,6,13,"𐌳𐌿𐌸𐌸𐌴 𐌽𐌹𐌼𐌹𐌸 𐍃𐌰𐍂𐍅𐌰 𐌲𐌿𐌳𐌹𐍃, 𐌴𐌹 𐌼𐌰𐌲𐌴𐌹𐌸 𐌰𐌽𐌳𐍃𐍄𐌰𐌽𐌳𐌰𐌽 𐌹𐌽 𐌸𐌰𐌼𐌼𐌰 𐌳𐌰𐌲𐌰 𐌿𐌱𐌹𐌻𐌹𐌽 𐌾𐌰𐌷 𐌹𐌽 𐌰𐌻𐌻𐌰𐌼𐌼𐌰 𐌿𐍃𐍅𐌰𐌿𐍂𐌺𐌾𐌰𐌽𐌳𐌰𐌽𐍃 𐍃𐍄𐌰𐌽𐌳𐌰𐌽. 𐌳𐌿𐌸𐌸𐌴 𐌽𐌹𐌼𐌹𐌸 𐍃𐌰𐍂𐍅𐌰 𐌲𐌿𐌳𐌹𐍃, 𐌴𐌹 𐌼𐌰𐌲𐌴𐌹𐌸 𐌰𐌽𐌳𐍃𐍄𐌰𐌽𐌳𐌰𐌽 𐌹𐌽 𐌸𐌰𐌼𐌼𐌰 𐌳𐌰𐌲𐌰 𐌿𐌱𐌹𐌻𐌹𐌽 𐌾𐌰𐌷 𐌹𐌽 𐌰𐌻𐌻𐌰𐌼𐌼𐌰 𐌿𐍃𐍅𐌰𐌿𐍂𐌺𐌾𐌰𐌽𐌳𐌰𐌽𐍃 𐍃𐍄𐌰𐌽𐌳𐌰𐌽."
Ephesians,6,14,"𐍃𐍄𐌰𐌽𐌳𐌰𐌹𐌸 𐌽𐌿, 𐌿𐍆𐌲𐌰𐌿𐍂𐌳𐌰𐌽𐌰𐌹 𐌷𐌿𐍀𐌹𐌽𐍃 𐌹𐌶𐍅𐌰𐍂𐌰𐌽𐍃 𐍃𐌿𐌽𐌾𐌰𐌹 𐌾𐌰𐌲~𐌲𐌰𐍀𐌰𐌹𐌳𐍉𐌳𐌰𐌹 𐌱𐍂𐌿𐌽𐌾𐍉𐌽 𐌲𐌰𐍂𐌰𐌹𐌷𐍄𐌴𐌹𐌽𐍃, 𐍃𐍄𐌰𐌽𐌳𐌰𐌹𐌸 𐌽𐌿, 𐌿𐍆𐌲𐌰𐌿𐍂𐌳𐌰𐌽𐌰𐌹 𐌷𐌿𐍀𐌹𐌽𐍃 𐌹𐌶𐍅𐌰𐍂𐌰𐌽𐍃 𐍃𐌿𐌽𐌾𐌰𐌹 𐌾𐌰𐌷 𐌲𐌰𐍀𐌰𐌹𐌳𐍉𐌳𐌰𐌹 𐌱𐍂𐌿𐌽𐌾𐍉𐌽 𐌲𐌰𐍂𐌰𐌹𐌷𐍄𐌴𐌹𐌽𐍃,"
Ephesians,6,15,𐌾𐌰𐌲~𐌲𐌰𐍃𐌺𐍉𐌷𐌰𐌹 𐍆𐍉𐍄𐌿𐌼 𐌹𐌽 𐌼𐌰𐌽𐍅𐌹𐌸𐌰𐌹 𐌰𐌹𐍅𐌰𐌲𐌲𐌴𐌻𐌾𐍉𐌽𐍃 𐌲𐌰𐍅𐌰𐌹𐍂𐌸𐌾𐌹𐍃 𐌾𐌰𐌷 𐌲𐌰𐍃𐌺𐍉𐌷𐌰𐌹 𐍆𐍉𐍄𐌿𐌼 𐌹𐌽 𐌼𐌰𐌽𐍅𐌹𐌸𐌰𐌹 𐌰𐌹𐍅𐌰𐌲𐌲𐌴𐌻𐌾𐍉𐌽𐍃 𐌲𐌰𐍅𐌰𐌹𐍂𐌸𐌾𐌹𐍃
Ephesians,6,16,"𐌿𐍆𐌰𐍂 𐌰𐌻𐌻 𐌰𐌽𐌳𐌽𐌹𐌼𐌰𐌽𐌳𐌰𐌽𐍃 𐍃𐌺𐌹𐌻𐌳𐌿 𐌲𐌰𐌻𐌰𐌿𐌱𐌴𐌹𐌽𐌰𐌹𐍃, 𐌸𐌰𐌼𐌼𐌴𐌹 𐌼𐌰𐌲𐌿𐌸 𐌰𐌻𐌻𐍉𐍃 𐌰𐍂𐍈𐌰𐌶𐌽𐍉𐍃 𐌸𐌹𐍃 𐌿𐌽𐍃𐌴𐌻𐌾𐌹𐌽𐍃 𐍆𐌿𐌽𐌹𐍃𐌺𐍉𐍃 𐌰𐍆𐍈𐌰𐍀𐌾𐌰𐌽; 𐌿𐍆𐌰𐍂 𐌰𐌻𐌻 𐌰𐌽𐌳𐌽𐌹𐌼𐌰𐌽𐌳𐌰𐌽𐍃 𐍃𐌺𐌹𐌻𐌳𐌿 𐌲𐌰𐌻𐌰𐌿𐌱𐌴𐌹𐌽𐌰𐌹𐍃, 𐌸𐌰𐌼𐌼𐌴𐌹 𐌼𐌰𐌲𐌿𐌸 𐌰𐌻𐌻𐍉𐍃 𐌰𐍂𐍈𐌰𐌶𐌽𐍉𐍃 𐌸𐌹𐍃 𐌿𐌽𐍃𐌴𐌻𐌴𐌹𐌽𐍃 𐍆𐌿𐌽𐌹𐍃𐌺𐍉𐍃 𐌰𐍆𐍈𐌰𐍀𐌾𐌰𐌽;"
Ephesians,6,17,"𐌾𐌰𐌷 𐌷𐌹𐌻𐌼 𐌽𐌰𐍃𐌴𐌹𐌽𐌰𐌹𐍃 𐌽𐌹𐌼𐌰𐌹𐌸 𐌾𐌰𐌷 𐌼𐌴𐌺𐌹 𐌰𐌷𐌼𐌹𐌽𐍃, 𐌸𐌰𐍄𐌴𐌹 𐌹𐍃𐍄 𐍅𐌰𐌿𐍂𐌳 𐌲𐌿𐌳𐌹𐍃; 𐌾𐌰𐌷 𐌷𐌹𐌻𐌼 𐌽𐌰𐍃𐌴𐌹𐌽𐌰𐌹𐍃 𐌽𐌹𐌼𐌰𐌹𐌸 𐌾𐌰𐌷 𐌼𐌴𐌺𐌹 𐌰𐌷𐌼𐌹𐌽𐍃, 𐌸𐌰𐍄𐌴𐌹 𐌹𐍃𐍄 𐍅𐌰𐌿𐍂𐌳 𐌲𐌿𐌳𐌹𐍃;"
Ephesians,6,18,"𐌸𐌰𐌹𐍂𐌷 𐌰𐌻𐌻𐍉𐍃 𐌰𐌹𐌷𐍄𐍂𐍉𐌽𐌹𐌽𐍃 𐌾𐌰𐌷 𐌱𐌹𐌳𐍉𐍃 𐌰𐌹𐌷𐍄𐍂𐍉𐌽𐌳𐌰𐌽𐍃 𐌹𐌽 𐌰𐌻𐌻𐌰 𐌼𐌴𐌻𐌰 𐌹𐌽 𐌰𐌷𐌼𐌹𐌽 𐌾𐌰𐌷 𐌳𐌿 𐌸𐌰𐌼𐌼𐌰 [𐌳𐌿]𐍅𐌰𐌺𐌰𐌽𐌳𐌰𐌽𐍃 𐍃𐌹𐌽𐍄𐌴𐌹𐌽𐍉 𐌿𐍃𐌳𐌰𐌿𐌳𐌴𐌹𐌽 𐌾𐌰𐌷 𐌱𐌹𐌳𐍉𐌼 𐍆𐍂𐌰𐌼 𐌰𐌻𐌻𐌰𐌹𐌼 𐌸𐌰𐌹𐌼 𐍅𐌴𐌹𐌷𐌰𐌼, 𐌸𐌰𐌹𐍂𐌷 𐌰𐌻𐌻𐍉𐍃 𐌰𐌹𐌷𐍄𐍂𐍉𐌽𐌹𐌽𐍃 𐌾𐌰𐌷 𐌱𐌹𐌳𐍉𐍃 𐌰𐌹𐌷𐍄𐍂𐍉𐌽𐌳𐌰𐌽𐍃 𐌹𐌽 𐌰𐌻𐌻𐌰 𐌼𐌴𐌻𐌰 𐌹𐌽 𐌰𐌷𐌼𐌹𐌽 𐌾𐌰𐌷 𐌳𐌿 𐌸𐌰𐌼𐌼𐌰 𐍅𐌰𐌺𐌰𐌽𐌳𐌰𐌽𐍃 𐍃𐌹𐌽𐍄𐌴𐌹𐌽𐍉 𐌹𐌽 𐌰𐌻𐌻𐌰𐌹 𐌿𐍃𐌳𐌰𐌿𐌳𐌴𐌹𐌽 𐌾𐌰𐌷 𐌱𐌹𐌳𐍉𐌼 𐍆𐍂𐌰𐌼 𐌰𐌻𐌻𐌰𐌹𐌼 𐌸𐌰𐌹𐌼 𐍅𐌴𐌹𐌷𐌰𐌼,"
Ephesians,6,19,"𐌾𐌰𐌷 𐍆𐍂𐌰𐌼 𐌼𐌹𐍃, 𐌴𐌹 𐌼𐌹𐍃 𐌲𐌹𐌱𐌰𐌹𐌳𐌰𐌿.... 𐌾𐌰𐌷 𐍆𐍂𐌰𐌼 𐌼𐌹𐍃, 𐌴𐌹 𐌼𐌹𐍃 𐌲𐌹𐌱𐌰𐌹𐌳𐌰𐌿 𐍅𐌰𐌿𐍂𐌳 𐌹𐌽 𐌿𐍃𐌻𐌿𐌺𐌰 𐌼𐌿𐌽𐌸𐌹𐍃 𐌼𐌴𐌹𐌽[𐌰]𐌹𐍃 𐌹𐌽 𐌱𐌰𐌻𐌸𐌴𐌹𐌽 𐌺𐌰𐌽𐌽𐌾𐌰𐌽 𐍂𐌿𐌽𐌰 𐌰𐌹𐍅𐌰𐌲𐌲𐌴𐌻𐌾𐍉𐌽𐍃,"
Ephesians,6,20,"𐍆𐌰𐌿𐍂 𐌸𐍉𐌴𐌹 𐌰𐌹𐍂𐌹𐌽𐍉 𐌹𐌽 𐌺𐌿𐌽𐌰𐍅𐌹𐌳𐍉𐌼, 𐌴𐌹 𐌹𐌽 𐌹𐌶𐌰𐌹 𐌲𐌰𐌳𐌰𐌿𐍂𐍃𐌾𐌰𐌿, 𐍃𐍅𐌴 𐍃𐌺𐌿𐌻𐌾𐌰𐌿 𐍂𐍉𐌳𐌾𐌰𐌽."
Ephesians,6,21,"(𐌰𐌸𐌸𐌰)𐌽 𐌴𐌹 𐌾𐌿𐍃 𐍅𐌹𐍄𐌴𐌹𐌸 𐍈𐌰 𐌱𐌹 𐌼𐌹𐌺 𐌹𐍃𐍄, 𐍈𐌰 𐌹𐌺 𐍄𐌰𐌿𐌾𐌰, 𐌺𐌰𐌽𐌽𐌴𐌹𐌸 𐌹𐌶𐍅𐌹𐍃 𐌰𐌻𐌻𐌰𐍄𐌰 𐍄𐍅𐌺𐌴𐌹𐌺𐌿𐍃 𐍃𐌰 𐌻𐌹𐌿𐌱𐌰 𐌱𐍂𐍉𐌸𐌰𐍂 𐌾𐌰𐌷 𐍄𐍂𐌹𐌲𐌲𐍅𐌰 𐌰𐌽𐌳𐌱𐌰𐌷𐍄𐍃 𐌹𐌽 𐍆𐍂𐌰𐌿𐌾𐌹𐌽,"
Ephesians,6,22,"𐌸𐌰𐌽𐌴𐌹 𐌹𐌽𐍃𐌰𐌽𐌳𐌹𐌳𐌰 𐌳𐌿 𐌹𐌶𐍅𐌹𐍃, 𐌳𐌿𐌸𐌸𐌴 𐌴𐌹 𐌺𐌿𐌽𐌽𐌴𐌹𐌸 (𐍈𐌰) 𐌱(𐌹) 𐌼𐌹𐌺 𐌹𐍃𐍄, 𐌾𐌰𐌷 𐌲𐌰𐌸𐍂𐌰𐍆𐍃𐍄𐌾𐌰𐌹 𐌷𐌰𐌹𐍂𐍄𐍉𐌽𐌰 𐌹𐌶𐍅𐌰𐍂𐌰."
Ephesians,6,23,𐌲𐌰𐍅𐌰𐌹𐍂𐌸𐌹 𐌱𐍂𐍉𐌸𐍂𐌿𐌼 𐌾𐌰𐌷 𐍆𐍂𐌹𐌰𐌸𐍅𐌰 𐌼𐌹𐌸 𐌲𐌰𐌻𐌰𐌿𐌱𐌴𐌹𐌽𐌰𐌹 𐍆𐍂𐌰𐌼 𐌲𐌿𐌳𐌰 𐌰𐍄𐍄𐌹𐌽 𐌾𐌰𐌷 𐍆𐍂𐌰𐌿𐌾𐌹𐌽 𐌹𐌴𐍃𐌿 𐍇𐍂𐌹𐍃𐍄𐌰𐌿.
Ephesians,6,24,𐌰𐌽𐍃𐍄𐍃 𐌼𐌹𐌸 𐌰𐌻𐌻𐌰𐌹𐌼 𐌸𐌰𐌹𐌴𐌹 𐍆𐍂𐌹𐌾𐍉𐌽𐌳 𐍆𐍂𐌰𐌿𐌾𐌰𐌽 𐌿𐌽𐍃𐌰𐍂𐌰𐌽𐌰 𐌹𐌴𐍃𐌿 𐍇𐍂𐌹𐍃𐍄𐌿 𐌹𐌽 𐌿𐌽𐍂𐌹𐌿𐍂𐌴𐌹𐌽. 𐌰𐌼𐌴𐌽. [(Ephesians 6:25) 𐌳𐌿 𐌰𐌹𐍆𐌰𐌹𐍃𐌹𐌿𐌼 𐌿𐍃𐍄𐌰𐌿𐌷.]
Philippians,1,1,
Philippians,1,2,
Philippians,1,3,
Philippians,1,4,
Philippians,1,5,
Philippians,1,6,
Philippians,1,7,
Philippians,1,8,
Philippians,1,9,
Philippians,1,10,
Philippians,1,11,
Philippians,1,12,
Philippians,1,13,
Philippians,1,14,.... (𐌼𐌰𐌽𐌰𐌲𐌹𐍃)𐍄𐌰𐌽𐍃 𐌱𐍂𐍉𐌸𐍂𐌴 𐌹𐌽 𐍆𐍂𐌰𐌿𐌾𐌹𐌽 𐌲𐌰𐍄𐍂𐌰𐌿𐌰𐌽𐌳𐌰𐌽𐍃 𐌱𐌰𐌽𐌳𐌾𐍉𐌼 𐌼𐌴𐌹𐌽𐌰𐌹𐌼 𐌼𐌰𐌹𐍃 𐌲𐌰𐌳𐌰𐌿𐍂𐍃𐌰𐌽 𐌿𐌽𐌰𐌲𐌰𐌽𐌳𐌰𐌽𐍃 𐍅𐌰𐌿𐍂𐌳 𐌲𐌿𐌳𐌹𐍃 𐍂𐍉𐌳𐌾𐌰𐌽.
Philippians,1,15,"𐍃𐌿𐌼𐌰𐌹 𐍂𐌰𐌹𐌷𐍄𐌹𐍃 𐌾𐌰𐌷 𐌹𐌽 𐌽𐌴𐌹𐌸𐌹𐍃 𐌾𐌰𐌷 𐌷𐌰𐌹𐍆𐍄𐌰𐌹𐍃, 𐍃𐌿𐌼𐌰𐌹 𐌸𐌰𐌽 𐌹𐌽 𐌲𐍉𐌳𐌹𐍃 𐍅𐌹𐌻𐌾𐌹𐌽𐍃 𐍇𐍂𐌹𐍃𐍄𐌿 𐌼𐌴𐍂𐌾𐌰𐌽𐌳,"
Philippians,1,16,"𐍃𐌿𐌼𐌰𐌹 𐌸𐌰𐌽 𐌿𐍃 𐍆𐍂𐌹𐌰𐌸𐍅𐌰𐌹, 𐍅𐌹𐍄𐌰𐌽𐌳𐌰𐌽𐍃 𐌸𐌰𐍄𐌴𐌹 𐌳𐌿 𐍃𐌿𐌽𐌾𐍉𐌽𐌰𐌹 𐌰𐌹𐍅𐌰𐌲𐌲𐌴𐌻𐌾𐍉𐌽𐍃 𐌲𐌰𐍃𐌰𐍄𐌹𐌸𐍃 𐌹𐌼;"
Philippians,1,17,"𐌹𐌸 𐌸𐌰𐌹𐌴𐌹 𐌿𐍃 𐌷𐌰𐌹𐍆𐍃𐍄𐌰𐌹 𐍇𐍂𐌹𐍃𐍄𐌿 𐌼𐌴𐍂𐌾𐌰𐌽𐌳, 𐌽𐌹 𐍃𐍅𐌹𐌺𐌽𐌰𐌱𐌰, 𐌼𐌿𐌽𐌰𐌽𐌳𐌰𐌽𐍃 𐍃𐌹𐌺 𐌰𐌲𐌻𐍉𐌽𐍃 𐌿𐍂𐍂𐌰𐌹𐍃𐌾𐌰𐌽 𐌱𐌰𐌽𐌳𐌾𐍉𐌼 𐌼𐌴𐌹𐌽𐌰𐌹𐌼."
Philippians,1,18,"𐍈𐌰 𐌰𐌿𐌺? 𐌸𐌰𐌽𐌳𐌴𐌹 𐌰𐌻𐌻𐌰𐌹𐌼 𐌷𐌰𐌹𐌳𐌿𐌼, 𐌾𐌰𐌸𐌸𐌴 𐌹𐌽𐌹𐌻𐍉𐌽 𐌾𐌰𐌸𐌸𐌴 𐍃𐌿𐌽𐌾𐌰𐌹, 𐍇𐍂𐌹𐍃𐍄𐌿𐍃 𐌼𐌴𐍂𐌾𐌰𐌳𐌰; 𐌾𐌰𐌷 𐌹𐌽 𐌸𐌰𐌼𐌼𐌰 𐍆𐌰𐌲𐌹𐌽𐍉, 𐌰𐌺𐌴𐌹 𐌾𐌰𐌷 𐍆𐌰𐌲𐌹𐌽𐍉𐌽 𐌳𐌿𐌲𐌹𐌽𐌽𐌰."
Philippians,1,19,"𐌿𐌽𐍄𐌴 𐍅𐌰𐌹𐍄 𐌴𐌹 𐌸𐌰𐍄𐌰 𐌼𐌹𐍃 𐌲𐌰𐌲𐌰𐌲𐌲𐌹𐌸 𐌳𐌿 𐌲𐌰𐌽𐌹𐍃𐍄𐌰𐌹 𐌸𐌰𐌹𐍂𐌷 𐌹𐌶𐍅𐌰𐍂𐌰 𐌱𐌹𐌳𐌰 𐌾𐌰𐌷 𐌰𐌽𐌳𐍃𐍄𐌰𐌻𐌳 𐌰𐌷𐌼𐌹𐌽𐍃 𐍇𐍂𐌹𐍃𐍄𐌰𐌿𐍃 𐌹𐌴𐍃𐌿𐌹𐍃,"
Philippians,1,20,"𐌱𐌹 𐌿𐍃𐌱𐌴𐌹𐍃𐌽𐌰𐌹 𐌾𐌰𐌷 𐍅𐌴𐌽𐌰𐌹 𐌼𐌴𐌹𐌽𐌰𐌹𐌼, 𐌿𐌽𐍄𐌴 𐌽𐌹 𐌹𐌽 𐍅𐌰𐌹𐌷𐍄𐌰𐌹 𐌲𐌰𐌰𐌹𐍅𐌹𐍃𐌺𐍉𐌸𐍃 𐍅𐌰𐌹𐍂𐌸𐌰, 𐌰𐌺 𐌹𐌽 𐌰𐌻𐌻𐌰𐌹 𐍄𐍂𐌰𐌿𐌰𐌹𐌽𐌰𐌹, 𐍃𐍅𐌴 𐍃𐌹𐌽𐍄𐌴𐌹𐌽𐍉 𐌾𐌰𐌷 𐌽𐌿, 𐌼𐌹𐌺𐌹𐌻𐌾𐌰𐌳𐌰 𐍇𐍂𐌹𐍃𐍄𐌿𐍃 𐌹𐌽 𐌻𐌴𐌹𐌺𐌰 𐌼𐌴𐌹𐌽𐌰𐌼𐌼𐌰, 𐌾𐌰𐌸𐌸𐌴 𐌸𐌰𐌹𐍂𐌷 𐌻𐌹𐌱𐌰𐌹𐌽 𐌾𐌰𐌸𐌸𐌴 𐌸𐌰𐌹𐍂𐌷 𐌳𐌰𐌿𐌸𐌿."
Philippians,1,21,𐌰𐌸𐌸𐌰𐌽 𐌼𐌹𐍃 𐌻𐌹𐌱𐌰𐌽 𐍇𐍂𐌹𐍃𐍄𐌿𐍃 𐌹𐍃𐍄 𐌾𐌰𐌷 𐌲𐌰𐍃𐍅𐌹𐌻𐍄𐌰𐌽 𐌲𐌰𐍅𐌰𐌿𐍂𐌺𐌹.
Philippians,1,22,"𐌹𐌸 𐌾𐌰𐌱𐌰𐌹 𐌻𐌹𐌱𐌰𐌽 𐌹𐌽 𐌻𐌴𐌹𐌺𐌰, 𐌸𐌰𐍄𐌰 𐌼𐌹𐍃 𐌰𐌺𐍂𐌰𐌽 𐍅𐌰𐌿𐍂𐍃𐍄𐍅𐌹𐍃 𐌹𐍃𐍄, 𐌾𐌰𐌷 𐍈𐌰𐌸𐌰𐍂 𐍅𐌰𐌻𐌾𐌰𐌿 𐌽𐌹 𐌺𐌰𐌽𐌽."
Philippians,1,23,"𐌰𐌸𐌸𐌰𐌽 𐌳𐌹𐍃𐌷𐌰𐌱𐌰𐌹𐌸𐍃 𐌿𐍃 𐌸𐌰𐌹𐌼 𐍄𐍅𐌰𐌹𐌼: 𐌸𐌰𐌽𐌿𐌷 𐌻𐌿𐍃𐍄𐌿 𐌷𐌰𐌱𐌰𐌽𐌳𐍃 𐌰𐌽𐌳𐌻𐌴𐍄𐌽𐌰𐌽 𐌾𐌰𐌷 𐌼𐌹𐌸 𐍇𐍂𐌹𐍃𐍄𐌰𐌿 𐍅𐌹𐍃𐌰𐌽, 𐌿𐌽𐌳 𐍆𐌹𐌻𐌿 𐌼𐌰𐌹𐍃 𐌱𐌰𐍄𐌹𐌶𐍉 𐌹𐍃𐍄;"
Philippians,1,24,𐌰𐌸𐌸𐌰𐌽 𐌳𐌿 𐍅𐌹𐍃𐌰𐌽 𐌹𐌽 𐌻𐌴𐌹𐌺𐌰 𐌸𐌰𐌿𐍂𐍆𐍄𐍉𐌶𐍉 𐌹𐌽 𐌹𐌶𐍅𐌰𐍂𐌰.
Philippians,1,25,"𐌾𐌰𐌷 𐌸𐌰𐍄𐌰 𐍄𐍂𐌹𐌲𐌲𐍅𐌰𐌱𐌰 𐍅𐌰𐌹𐍄 𐌸𐌰𐍄𐌴𐌹 𐍅𐌹𐍃𐌰 𐌾𐌰𐌷 𐌸𐌰𐌹𐍂𐌷𐍅𐌹𐍃𐌰 𐌰𐍄 𐌰𐌻𐌻𐌰𐌹𐌼 𐌹𐌶𐍅𐌹𐍃 𐌳𐌿 𐌹𐌶𐍅𐌰𐍂𐌰𐌹 𐍆𐍂𐌰𐌼𐌲𐌰𐌷𐍄𐌰𐌹 𐌾𐌰𐌷 𐍆𐌰𐌷𐌴𐌳𐌰𐌹 𐌲𐌰𐌻𐌰𐌿𐌱𐌴𐌹𐌽𐌰𐌹𐍃 𐌹𐌶𐍅𐌰𐍂𐌰𐌹𐌶𐍉𐍃,"
Philippians,1,26,𐌴𐌹 𐍈𐍉𐍆𐍄𐌿𐌻𐌹 𐌹𐌶𐍅𐌰𐍂𐌰 𐌱𐌹𐌰𐌿𐌺𐌽𐌰𐌹 𐌹𐌽 𐍇𐍂𐌹𐍃𐍄𐌰𐌿 𐌹𐌴𐍃𐌿 𐌹𐌽 𐌼𐌹𐍃 𐌸𐌰𐌹𐍂𐌷 𐌼𐌴𐌹𐌽𐌰𐌽𐌰 𐌵𐌿𐌼 𐌰𐍆𐍄𐍂𐌰 𐌳𐌿 𐌹𐌶𐍅𐌹𐍃.
Philippians,1,27,"𐍈𐌴𐌷 [𐌸𐌰𐍄𐌰𐌹𐌽𐌴𐌹] 𐍅𐌰𐌹𐍂𐌸𐌰𐌱𐌰 𐌰𐌹𐍅𐌰𐌲𐌲𐌴𐌻𐌾𐍉𐌽𐍃 𐍇𐍂𐌹𐍃𐍄𐌰𐌿𐍃 𐌿𐍃𐌼𐌹𐍄𐌰𐌹𐌸, 𐌴𐌹 𐌾𐌰𐌸𐌸𐌴 𐌵𐌹𐌼𐌰𐌿 𐌾𐌰𐌷 𐌲𐌰𐍃𐌰𐌹𐍈𐌰𐌿 𐌹𐌶𐍅𐌹𐍃, 𐌾𐌰𐌸𐌸𐌴 𐌰𐌻𐌾𐌰𐌸𐍂𐍉 𐌲𐌰𐌷𐌰𐌿𐍃𐌾𐌰𐌿 𐌱𐌹 𐌹𐌶𐍅𐌹𐍃, 𐌸𐌰𐍄𐌴𐌹 𐍃𐍄𐌰𐌽𐌳𐌹𐌸 𐌹𐌽 𐌰𐌹𐌽𐌰𐌼𐌼𐌰 𐌰𐌷𐌼𐌹𐌽, 𐌰𐌹𐌽𐌰𐌹 𐍃𐌰𐌹𐍅𐌰𐌻𐌰𐌹 𐍃𐌰𐌼𐌰𐌽𐌰 𐌰𐍂𐌱𐌰𐌹𐌳𐌾𐌰𐌽𐌳𐌰𐌽𐍃 𐌲𐌰𐌻𐌰𐌿𐌱𐌴𐌹𐌽𐌰𐌹 𐌰𐌹𐍅𐌰𐌲𐌲𐌴𐌻𐌾𐍉𐌽𐍃,"
Philippians,1,28,"𐌾𐌰𐌷 𐌽𐌹 𐌹𐌽 𐍅𐌰𐌹𐌷𐍄𐌰𐌹 𐌰𐍆𐌰𐌲𐌹𐌳𐌰𐌹 𐍆𐍂𐌰𐌼 𐌸𐌰𐌹𐌼 𐌰𐌽𐌳𐌰𐍃𐍄𐌰𐌸𐌾𐌰𐌼, 𐌸𐌰𐍄𐌴𐌹 𐌹𐍃𐍄 𐌹𐌼 𐌿𐍃𐍄𐌰𐌹𐌺𐌽𐌴𐌹𐌽𐍃 𐍆𐍂𐌰𐌻𐌿𐍃𐍄𐌰𐌹𐍃, 𐌹𐌸 𐌹𐌶𐍅𐌹𐍃 𐌲𐌰𐌽𐌹𐍃𐍄𐌰𐌹𐍃, 𐌾𐌰𐌷 𐌸𐌰𐍄𐌰 𐍆𐍂𐌰𐌼 𐌲𐌿𐌳𐌰."
Philippians,1,29,"𐌹𐌶𐍅𐌹𐍃 𐍆𐍂𐌰𐌲𐌹𐌱𐌰𐌽 𐌹𐍃𐍄 𐍆𐌰𐌿𐍂 𐍇𐍂𐌹𐍃𐍄𐌿 𐌽𐌹 𐌸𐌰𐍄𐌰𐌹𐌽𐌴𐌹 𐌳𐌿 𐌹𐌼𐌼𐌰 𐌲𐌰𐌻𐌰𐌿𐌱𐌾𐌰𐌽, 𐌰𐌺 𐌾𐌰𐌷 𐌸𐌰𐍄𐌰 𐍆𐌰𐌿𐍂 𐌹𐌽𐌰 𐍅𐌹𐌽𐌽𐌰𐌽,"
Philippians,1,30,"𐌸𐍉 𐍃𐌰𐌼𐍉𐌽 𐌷𐌰𐌹𐍆𐍃𐍄 𐌷𐌰𐌱𐌰𐌽𐌳𐌰𐌽𐍃, 𐌸𐍉𐌴𐌹 𐌲𐌰𐍃𐌰𐌹𐍈𐌹𐌸 𐌹𐌽 𐌼𐌹𐍃 𐌾𐌰𐌷 𐌽𐌿 𐌷𐌰𐌿𐍃𐌴𐌹𐌸 𐌹𐌽 𐌼𐌹𐍃."
Philippians,2,1,"𐌾𐌰𐌱𐌰𐌹 𐍈𐍉 𐌽𐌿 𐌲𐌰𐌸𐍂𐌰𐍆𐍃𐍄𐌴𐌹𐌽𐍉 𐌹𐌽 𐍇𐍂𐌹𐍃𐍄𐌰𐌿, 𐌾𐌰𐌱𐌰𐌹 𐍈𐍉 𐌲𐌰𐌸𐌻𐌰𐌹𐌷𐍄𐌴 𐍆𐍂𐌹𐌰𐌸𐍅𐍉𐍃, 𐌾𐌰𐌱𐌰𐌹 𐍈𐍉 𐌲𐌰𐌼𐌰𐌹𐌽𐌳𐌿𐌸𐌴 𐌰𐌷𐌼𐌹𐌽𐍃, 𐌾𐌰𐌱𐌰𐌹 𐍈𐍉 𐌼𐌹𐌻𐌳𐌹𐌸𐍉 𐌾𐌰𐌷 𐌲𐌰𐌱𐌻𐌴𐌹𐌸𐌴𐌹𐌽𐍉,"
Philippians,2,2,"𐌿𐍃𐍆𐌿𐌻𐌻𐌴𐌹𐌸 𐌼𐌴𐌹𐌽𐌰 𐍆𐌰𐌷𐌴𐌳, 𐌴𐌹 𐌸𐌰𐍄𐌰 𐍃𐌰𐌼𐍉 𐌷𐌿𐌲𐌾𐌰𐌹𐌸, 𐌸𐍉 𐍃𐌰𐌼𐍉𐌽 𐍆𐍂𐌹𐌰𐌸𐍅𐌰 𐌷𐌰𐌱𐌰𐌽𐌳𐌰𐌽𐍃, 𐍃𐌰𐌼𐌰𐍃𐌰𐌹𐍅𐌰𐌻𐌰𐌹, 𐍃𐌰𐌼𐌰𐍆𐍂𐌰𐌸𐌾𐌰𐌹;"
Philippians,2,3,"𐌽𐌹 𐍅𐌰𐌹𐌷𐍄 𐌱𐌹 𐌷𐌰𐌹𐍆𐍃𐍄𐌰𐌹 𐌰𐌹𐌸𐌸𐌰𐌿 𐌻𐌰𐌿𐍃𐌰𐌹 𐌷𐌰𐌿𐌷𐌴𐌹𐌽𐌰𐌹, 𐌰𐌺 𐌹𐌽 𐌰𐌻𐌻𐌰𐌹 𐌷𐌰𐌿𐌽𐌴𐌹𐌽𐌰𐌹 𐌲𐌰𐌷𐌿𐌲𐌳𐌰𐌹𐍃 𐌰𐌽𐌸𐌰𐍂 𐌰𐌽𐌸𐌰𐍂𐌰𐌽𐌰 𐌼𐌿𐌽𐌰𐌽𐌳𐍃 𐍃𐌹𐍃 𐌰𐌿𐌷𐌿𐌼𐌰𐌽;"
Philippians,2,4,"𐌽𐌹 𐌸𐍉 𐍃𐌴𐌹𐌽𐌰 𐍈𐌰𐍂𐌾𐌹𐌶𐌿𐌷 𐌼𐌹𐍄𐍉𐌽𐌳𐌰𐌽𐍃, 𐌰𐌺 𐌾𐌰𐌷 𐌸𐍉 𐌰𐌽𐌸𐌰𐍂𐌰𐌹𐌶𐌴 𐍈𐌰𐍂𐌾𐌹𐌶𐌿𐌷."
Philippians,2,5,"𐌸𐌰𐍄𐌰 𐌰𐌿𐌺 𐍆𐍂𐌰[𐌹]𐌸𐌾𐌰𐌹𐌳𐌰𐌿 𐌹𐌽 𐌹𐌶𐍅𐌹𐍃, 𐌸𐌰𐍄𐌴𐌹 𐌾𐌰𐌷 𐌹𐌽 𐍇𐍂𐌹𐍃𐍄𐌰𐌿 𐌹𐌴𐍃𐌿,"
Philippians,2,6,"𐍃𐌰𐌴𐌹 𐌹𐌽 𐌲𐌿𐌳𐌰𐍃𐌺𐌰𐌿𐌽𐌴𐌹𐌽 𐍅𐌹𐍃𐌰𐌽𐌳𐍃 𐌽𐌹 𐍅𐌿𐌻𐍅𐌰 𐍂𐌰𐌷𐌽𐌹𐌳𐌰 𐍅𐌹𐍃𐌰𐌽 𐍃𐌹𐌺 𐌲𐌰𐌻𐌴𐌹𐌺𐍉 𐌲𐌿𐌳𐌰,"
Philippians,2,7,"𐌰𐌺 𐍃𐌹𐌺 𐍃𐌹𐌻𐌱𐌰𐌽 𐌿𐍃𐌻𐌰𐌿𐍃𐌹𐌳𐌰, 𐍅𐌻𐌹𐍄 𐍃𐌺𐌰𐌻𐌺𐌹𐍃 𐌽𐌹𐌼𐌰𐌽𐌳𐍃, 𐌹𐌽 𐌲𐌰𐌻𐌴𐌹𐌺𐌾𐌰 𐌼𐌰𐌽𐌽𐌴 𐍅𐌰𐌿𐍂𐌸𐌰𐌽𐍃,"
Philippians,2,8,"𐌾𐌰𐌷 𐌼𐌰𐌽𐌰𐌿𐌻𐌾𐌰 𐌱𐌹𐌲𐌹𐍄𐌰𐌽𐍃 𐍃𐍅𐌴 𐌼𐌰𐌽𐌽𐌰. 𐌲𐌰𐌷𐌰𐌿𐌽𐌹𐌳𐌰 𐍃𐌹𐌺 𐍃𐌹𐌻𐌱𐌰𐌽, 𐍅𐌰𐌿𐍂𐌸𐌰𐌽𐍃 𐌿𐍆𐌷𐌰𐌿𐍃𐌾𐌰𐌽𐌳𐍃 𐌰𐍄𐍄𐌹𐌽 𐌿𐌽𐌳...."
Philippians,2,9,
Philippians,2,10,
Philippians,2,11,
Philippians,2,12,
Philippians,2,13,
Philippians,2,14,
Philippians,2,15,
Philippians,2,16,
Philippians,2,17,
Philippians,2,18,
Philippians,2,19,
Philippians,2,20,
Philippians,2,21,
Philippians,2,22,.... 𐌸𐌰𐍄𐌴𐌹 𐍃𐍅𐌴 𐌰𐍄𐍄𐌹𐌽 𐌱𐌰𐍂𐌽 𐌼𐌹𐌸𐍃𐌺𐌰𐌻𐌺𐌹𐌽𐍉𐌳𐌰 𐌼𐌹𐍃 𐌹𐌽 𐌰𐌹𐍅𐌰𐌲𐌲𐌴𐌻𐌾𐍉𐌽.
Philippians,2,23,"𐌸𐌰𐌽𐌿𐌷 𐌽𐌿 𐍅𐌴𐌽𐌾𐌰 𐍃𐌰𐌽𐌳𐌾𐌰𐌽, 𐌱𐌹𐌸𐌴 𐌲𐌰𐍃𐌰𐌹𐍈𐌰 𐍈𐌰 𐌱𐌹 𐌼𐌹𐌺 𐌹𐍃𐍄, 𐍃𐌿𐌽𐍃."
Philippians,2,24,"𐌰𐌸𐌸𐌰𐌽 𐌲𐌰𐍄𐍂𐌰𐌿𐌰 𐌹𐌽 𐍆𐍂𐌰𐌿𐌾𐌹𐌽, 𐌸𐌰𐌼𐌼𐌴𐌹 𐌾𐌰𐌷 𐍃𐌹𐌻𐌱𐌰 𐍃𐍀𐍂𐌰𐌿𐍄𐍉 𐌵𐌹𐌼𐌰."
Philippians,2,25,"𐌰𐌸𐌸𐌰𐌽 𐌸𐌰𐍂𐌱 𐌼𐌿𐌽𐌳𐌰, 𐌰𐌹𐍀𐌰𐍆𐍂𐌰𐌿𐌳𐌴𐌹𐍄𐌿 𐌱𐍂𐍉𐌸𐌰𐍂 𐌾𐌰𐌷 𐌲𐌰𐍅𐌰𐌿𐍂𐍃𐍄𐍅𐌰𐌽 𐌾𐌰𐌷 𐌲𐌰𐌷𐌻𐌰𐌹𐌱𐌰𐌽 𐌼𐌴𐌹𐌽𐌰𐌽𐌰, 𐌹𐌸 𐌹𐌶𐍅𐌰𐌽𐌰 𐌰𐍀𐌰𐌿𐍃𐍄𐌿𐌻𐌿 𐌾𐌰𐌷 𐌰𐌽𐌳𐌱𐌰𐌷𐍄 𐌸𐌰𐌿𐍂𐍆𐍄𐌰𐌹𐍃 𐌼𐌴𐌹𐌽𐌰𐌹𐌶𐍉𐍃 𐍃𐌰𐌽𐌳𐌾𐌰𐌽 𐌳𐌿 𐌹𐌶𐍅𐌹𐍃;"
Philippians,2,26,".... 𐌹𐌽 𐌸𐌹𐌶𐌴 𐌷𐌰𐌿𐍃𐌹𐌳𐌴𐌳𐌿𐌸 𐌹𐌽𐌰 𐍃𐌹𐌿𐌺𐌰𐌽. 𐌿𐌽𐍄𐌴 𐌲𐌰𐌹𐍂𐌽𐌾𐌰𐌽𐌳𐍃 𐍅𐌰𐍃 𐌰𐌻𐌻𐌰𐌹𐌶𐌴 𐌹𐌶𐍅𐌰𐍂𐌰 𐌾𐌰𐌷 𐌿𐌽𐍅𐌿𐌽𐌰𐌽𐌳𐍃, 𐌹𐌽 𐌸𐌹𐌶𐌴𐌹 𐌷𐌰𐌿𐍃𐌹𐌳𐌴𐌳𐌿𐌸 𐌹𐌽𐌰 𐍃𐌹𐌿𐌺𐌰𐌽."
Philippians,2,27,"𐌾𐌰𐌷 𐌰𐌿𐌺 𐍃𐌹𐌿𐌺𐍃 𐍅𐌰𐍃 𐌽𐌴𐍈𐌰 𐌳𐌰𐌿𐌸𐌰𐌿, 𐌰𐌺𐌴𐌹 𐌲𐌿𐌸 𐌹𐌽𐌰 𐌲𐌰𐌰𐍂𐌼𐌰𐌹𐌳𐌰; 𐌰𐌸𐌸𐌰𐌽 𐌽𐌹 𐌸𐌰𐍄𐌰𐌹𐌽𐌴𐌹 𐌹𐌽𐌰, 𐌰𐌺 𐌾𐌰𐌷 𐌼𐌹𐌺, 𐌴𐌹 𐌲𐌰𐌿𐍂𐌴𐌹𐌽 𐌰𐌽𐌰 𐌲𐌰𐌿𐍂𐌴𐌹𐌽 𐌽𐌹 𐌷𐌰𐌱𐌰𐌿. 𐌾𐌰𐌷 𐌰𐌿𐌺 𐍃𐌹𐌿𐌺𐍃 𐍅𐌰𐍃 𐌽𐌴𐍈𐌰 𐌳𐌰𐌿𐌸𐌰𐌿, 𐌰𐌺𐌴𐌹 𐌲𐌿𐌸 𐌹𐌽𐌰 𐌲𐌰𐌰𐍂𐌼𐌰𐌹𐌳𐌰; 𐌰𐌸𐌸𐌰𐌽 𐌽𐌹 𐌸𐌰𐍄𐌰𐌹𐌽𐌴𐌹 𐌹𐌽𐌰, 𐌰𐌺 𐌾𐌰𐌷 𐌼𐌹𐌺, 𐌴𐌹 𐌲𐌰𐌿𐍂𐌴𐌹𐌽 𐌰𐌽𐌰 𐌲𐌰𐌿𐍂𐌴𐌹𐌽 𐌽𐌹 𐌷𐌰𐌱𐌰𐌿."
Philippians,2,28,"𐍃𐌽𐌹𐌿𐌼𐌿𐌽𐌳𐍉𐍃 𐌽𐌿 𐌹𐌽𐍃𐌰𐌽𐌳𐌹𐌳𐌰 𐌹𐌽𐌰, 𐌴𐌹 𐌲𐌰𐍃𐌰𐌹𐍈𐌰𐌽𐌳𐌰𐌽𐍃 𐌹𐌽𐌰 𐌰𐍆𐍄𐍂𐌰 𐍆𐌰𐌲𐌹𐌽𐍉𐌸 𐌾𐌰𐌷 𐌹𐌺 𐌷𐌻𐌰𐍃𐍉𐌶𐌰 𐍃𐌹𐌾𐌰𐌿 [𐌿𐍆(𐌺𐌿𐌽)𐌽𐌰𐌽𐌳𐍃 𐍈𐌰 𐌱𐌹 𐌹𐌶𐍅𐌹𐍃 𐌹𐍃𐍄]. 𐍃𐌽𐌹𐌿𐌼𐌿𐌽𐌳𐍉𐍃 𐌽𐌿 𐌹𐌽𐍃𐌰𐌽𐌳𐌹𐌳𐌰 𐌹𐌽𐌰, 𐌴𐌹 𐌲𐌰𐍃𐌰𐌹𐍈𐌰𐌽𐌳𐌰𐌽𐍃 𐌹𐌽𐌰 𐌰𐍆𐍄𐍂𐌰 𐍆𐌰𐌲(𐌹𐌽𐍉)𐌸 𐌾𐌰𐌷 𐌹𐌺 𐌷𐌻𐌰𐍃𐍉𐌶𐌰 𐍃𐌹𐌾𐌰𐌿 [𐌿𐍆(𐌺𐌿𐌽)𐌽𐌰𐌽𐌳𐍃 𐍈𐌰 𐌱𐌹 𐌹𐌶𐍅𐌹𐍃 𐌹𐍃𐍄]."
Philippians,2,29,"𐌰𐌽𐌳𐌽𐌹𐌼𐌰𐌹𐌸 𐌽𐌿 𐌹𐌽𐌰 𐌹𐌽 𐍆𐍂𐌰𐌿𐌾𐌹𐌽 𐌼𐌹𐌸 𐌰𐌻𐌻𐌰𐌹 𐍆𐌰𐌷𐌴𐌳𐌰𐌹 𐌾𐌰𐌷 𐌸𐌰𐌽𐍃 𐍃𐍅𐌰𐌻𐌴𐌹𐌺𐌰𐌽𐍃 𐍃𐍅𐌴𐍂𐌰𐌽𐍃 𐌷𐌰𐌱𐌰𐌹𐌸, 𐌰𐌽𐌳𐌽𐌹𐌼𐌰𐌹𐌸 𐌽𐌿 𐌹𐌽𐌰 𐌹𐌽 𐍆𐍂𐌰𐌿𐌾𐌹𐌽 𐌼𐌹𐌸 𐌰𐌻𐌻𐌰𐌹 𐍆𐌰𐌷𐌴𐌳𐌰𐌹 𐌾𐌰𐌷 𐌸𐌰𐌽𐍃 𐍃𐍅𐌰𐌻𐌴𐌹𐌺𐌰𐌽𐍃 𐍃𐍅𐌴𐍂𐌰𐌽𐍃 𐌷𐌰[𐌹]𐌱𐌰𐌹𐌸,"
Philippians,2,30,"𐌿𐌽𐍄𐌴 𐌹𐌽 𐍅𐌰𐌿𐍂𐍃𐍄𐍅𐌹𐍃 𐍇𐍂𐌹𐍃𐍄𐌰𐌿𐍃 𐌿𐌽𐌳 𐌳𐌰𐌿𐌸𐌿 𐌰𐍄𐌽𐌴𐍈𐌹𐌳𐌰, 𐌿𐍆𐌰𐍂𐌼𐌿𐌽𐌽𐍉𐌽𐌳𐍃 𐍃𐌰𐌹𐍅𐌰𐌻𐌰𐌹 𐍃𐌴𐌹𐌽𐌰𐌹, 𐌴𐌹 𐌿𐍃𐍆𐌿𐌻𐌻𐌹𐌳𐌴𐌳𐌹 𐌹𐌶𐍅𐌰𐍂 𐌲𐌰𐌹𐌳𐍅 𐌱𐌹 𐌼𐌴𐌹𐌽 𐌰𐌽𐌳𐌱𐌰𐌷𐍄𐌹. 𐌿𐌽𐍄𐌴 𐌹𐌽 𐍅𐌰𐌿𐍂𐍃𐍄𐍅𐌹𐍃 𐍇𐍂𐌹𐍃𐍄𐌰𐌿𐍃 𐌿𐌽𐌳 𐌳𐌰𐌿𐌸𐌿 𐌰𐍄𐌽𐌴𐍈𐌹𐌳𐌰, 𐌿𐍆𐌰𐍂𐌼𐌿𐌽𐌽𐍉𐌽𐌳𐍃 𐍃𐌰𐌹𐍅𐌰𐌻𐌰𐌹 𐍃𐌴𐌹𐌽𐌰𐌹, 𐌴𐌹 𐌿𐍃𐍆𐌿𐌻𐌻𐌹𐌳𐌴𐌳𐌹 𐌹𐌶𐍅𐌰𐍂 𐌲𐌰𐌹𐌳𐍅 𐌱𐌹 𐌼𐌴𐌹𐌽 𐌰𐌽𐌳𐌱𐌰𐌷𐍄𐌹."
Philippians,3,1,"Ã𐌰𐍄𐌰 𐌰𐌽𐌸𐌰𐍂, 𐌱𐍂𐍉𐌸𐍂𐌾𐌿𐍃 𐌼𐌴𐌹𐌽𐌰𐌹, 𐍆𐌰𐌲𐌹𐌽𐍉𐌸 𐌹𐌽 𐍆𐍂𐌰𐌿𐌾𐌹𐌽; 𐌸𐍉 𐍃𐌰𐌼𐍉𐌽𐌰 𐌹𐌶𐍅𐌹𐍃 𐌼𐌴𐌻𐌾𐌰𐌽 𐌼𐌹𐍃 𐍃𐍅𐌴𐌸𐌰𐌿𐌷 𐌽𐌹 𐌻𐌰𐍄𐌴𐌹, 𐌹𐌸 𐌹𐌶𐍅𐌹𐍃 𐌸𐍅𐌰𐍃𐍄𐌹𐌸𐌰. Ã𐌰𐍄𐌰 𐌰𐌽𐌸𐌰𐍂, 𐌱𐍂𐍉𐌸𐍂𐌾𐌿𐍃 𐌼𐌴𐌹𐌽𐌰𐌹, 𐍆𐌰𐌲𐌹𐌽𐍉𐌸 𐌹𐌽 𐍆𐍂𐌰𐌿𐌾𐌹𐌽; 𐌸𐍉 𐍃𐌰𐌼𐍉𐌽𐌰 𐌹𐌶𐍅𐌹𐍃 𐌼𐌴𐌻𐌾𐌰𐌽 𐌼𐌹𐍃 𐍃𐍅𐌴𐌸𐌰𐌿𐌷 𐌽𐌹 𐌻𐌰𐍄𐌴𐌹, 𐌹𐌸 𐌹𐌶𐍅𐌹𐍃 𐌸𐍅𐌰𐍃𐍄𐌹𐌸𐌰."
Philippians,3,2,"𐍃𐌰𐌹𐍈𐌹𐌸 𐌸𐌰𐌽𐍃 𐌷𐌿𐌽𐌳𐌰𐌽𐍃, 𐍃𐌰𐌹𐍈𐌹𐌸 𐌸𐌰𐌽𐍃 𐌿𐌱𐌹𐌻𐌰𐌽𐍃 𐍅𐌰𐌿𐍂𐍃𐍄𐍅𐌾𐌰𐌽𐍃, 𐍃𐌰𐌹𐍈𐌹𐌸 𐌸𐍉 𐌲𐌰𐌼𐌰𐌹𐍄𐌰𐌽𐍉𐌽. 𐍃𐌰𐌹𐍈𐌹𐌸 𐌸𐌰𐌽𐍃 𐌷𐌿𐌽𐌳𐌰𐌽𐍃, 𐍃𐌰𐌹𐍈𐌹𐌸 𐌸𐌰𐌽𐍃 𐌿𐌱𐌹𐌻𐌰𐌽𐍃 𐍅𐌰𐌿𐍂𐍃𐍄𐍅𐌾𐌰𐌽𐍃, 𐍃𐌰𐌹𐍈𐌹𐌸 𐌸𐍉 𐌲𐌰𐌼𐌰𐌹𐍄𐌰𐌽𐍉𐌽."
Philippians,3,3,"𐌰𐌸𐌸𐌰𐌽 𐍅𐌴𐌹𐍃 𐍃𐌹𐌿𐌼 𐌱𐌹𐌼𐌰𐌹𐍄, 𐍅𐌴𐌹𐍃 𐌰𐌷𐌼𐌹𐌽 𐌲𐌿𐌳𐌰 𐍃𐌺𐌰𐌻𐌺𐌹𐌽𐍉𐌽𐌳𐌰𐌽𐍃 𐌾𐌰𐌷 𐍈𐍉𐍀𐌰𐌽𐌳𐌰𐌽𐍃 𐌹𐌽 𐍇𐍂𐌹𐍃𐍄𐌰𐌿 𐌹𐌴𐍃𐌿, 𐌾𐌰𐌽~𐌽𐌹 𐌹𐌽 𐌻𐌴𐌹𐌺𐌰 (𐌲𐌰𐍄𐍂𐌰𐌿𐌰𐌼), 𐌰𐌸𐌸𐌰𐌽 𐍅𐌴𐌹𐍃 𐍃𐌹𐌾𐌿𐌼 𐌱𐌹𐌼𐌰𐌹𐍄, 𐍅𐌴𐌹𐍃 𐌰𐌷𐌼𐌹𐌽 𐌲𐌿𐌳𐌰 𐍃𐌺𐌰𐌻𐌺𐌹𐌽𐍉𐌽𐌳𐌰𐌽𐍃 𐌾𐌰𐌷 𐍈𐍉𐍀𐌰𐌽𐌳𐌰𐌽𐍃 𐌹𐌽 𐍇𐍂𐌹𐍃𐍄𐌰𐌿 𐌹𐌴𐍃𐌿, 𐌾𐌰𐌷 𐌽𐌹 𐌹𐌽 𐌻𐌴𐌹𐌺𐌰 𐌲𐌰𐍄𐍂𐌰𐌿𐌰𐌼,"
Philippians,3,4,"𐌾𐌰𐌷 𐌸𐌰𐌽 𐌹𐌺 𐌷𐌰𐌱𐌰𐌽𐌳𐍃 𐍄𐍂𐌰𐌿𐌰𐌹𐌽 𐌾𐌰𐌷 𐌹𐌽 𐌻𐌴𐌹𐌺𐌰. 𐌾𐌰𐌱𐌰𐌹 𐍈𐌰𐍃 𐌰𐌽𐌸𐌰𐍂 𐌸𐌿𐌲𐌺𐌴𐌹𐌸 𐍄𐍂𐌰𐌿𐌰𐌽 𐌹𐌽 𐌻𐌴𐌹𐌺𐌰, 𐌹𐌺 𐌼𐌰𐌹𐍃: 𐌾𐌰𐌷 𐌸𐌰𐌽 𐌹𐌺 𐌷𐌰𐌱𐌰𐌽𐌳𐍃 𐍄𐍂𐌰𐌿𐌰𐌹𐌽 𐌾𐌰𐌷 𐌹𐌽 𐌻𐌴𐌹𐌺𐌰. 𐌾𐌰𐌱𐌰𐌹 (𐍈𐌰𐍃) 𐌰𐌽𐌸𐌰𐍂 𐌸𐌿𐌲𐌺𐌴𐌹𐌸 𐍄𐍂𐌰𐌿𐌰𐌽 𐌹𐌽 𐌻(𐌴𐌹𐌺𐌰), 𐌹𐌺 𐌼𐌰𐌹𐍃:"
Philippians,3,5,"𐌱𐌹𐌼𐌰𐌹𐍄 𐌰𐌷𐍄𐌰𐌿𐌳𐍉𐌲𐍃, 𐌿𐍃 𐌺𐌽𐍉𐌳𐌰𐌹 𐌹𐍃𐍂𐌰𐌴𐌻𐌹𐍃, 𐌺𐌿𐌽𐌾𐌹𐍃 𐌱𐌰𐌹𐌽𐌹𐌰𐌼𐌴𐌹𐌽𐌹𐍃, 𐌷𐌰𐌹𐌱𐍂𐌰𐌹𐌿𐍃 𐌿𐍃 𐌷𐌰𐌹𐌱𐍂𐌰𐌹𐌿𐌼, 𐌱𐌹 𐍅𐌹𐍄𐍉𐌳𐌰 𐍆𐌰𐍂𐌴𐌹𐍃𐌰𐌹𐌿𐍃, 𐌱𐌹𐌼𐌰𐌹𐍄 𐌰𐌷𐍄𐌰𐌿𐌳𐍉𐌲𐍃, 𐌿𐍃 𐌺𐌽𐍉𐌳𐌰𐌹 𐌹𐍃𐍂𐌰𐌴𐌻𐌹𐍃, 𐌺𐌿𐌽𐌾𐌹𐍃 𐌱𐌰𐌹𐌽𐌴𐌹𐌰𐌼𐌴𐌹𐌽𐌹𐍃, 𐌷𐌰𐌹𐌱𐍂𐌰𐌹𐌿𐍃 𐌿𐍃 𐌷𐌰𐌹𐌱𐍂𐌰𐌹𐌿𐌼, 𐌱𐌹 𐍅𐌹𐍄𐍉𐌳𐌰 𐍆𐌰𐍂𐌴𐌹𐍃𐌰𐌹𐌿𐍃,"
Philippians,3,6,"𐌱𐌹 𐌰𐌻𐌾𐌰𐌽𐌰 𐍅𐍂𐌰𐌺𐌾𐌰𐌽𐌳𐍃 𐌰𐌹𐌺𐌺𐌻𐌴𐍃𐌾𐍉𐌽, 𐌱𐌹 𐌲𐌰𐍂𐌰𐌹𐌷𐍄𐌴𐌹𐌽 𐌸𐌹𐌶𐌰𐌹 𐍃𐌴𐌹 𐌹𐌽 𐍅𐌹𐍄𐍉𐌳𐌰 𐌹𐍃𐍄, 𐍅𐌹𐍃𐌰𐌽𐌳𐍃 𐌿𐍃𐍆𐌰𐌹𐍂𐌹𐌽𐌰. 𐌱𐌹 𐌰𐌻𐌾𐌰𐌽𐌰 𐍅𐍂𐌰𐌺𐌾𐌰𐌽𐌳𐍃 𐌰𐌹𐌺𐌺𐌻𐌴𐍃𐌾𐍉𐌽, 𐌱𐌹 𐌲𐌰𐍂𐌰𐌹𐌷𐍄𐌴𐌹𐌽 𐌸𐌹𐌶𐌰𐌹 𐍃𐌴𐌹 𐌹𐌽 𐍅𐌹𐍄𐍉𐌳𐌰 𐌹𐍃𐍄, 𐍅𐌹𐍃𐌰𐌽𐌳𐍃 𐌿𐍃𐍆𐌰𐌹𐍂𐌹𐌽𐌰."
Philippians,3,7,"𐌰𐌺𐌴𐌹 𐌸𐌰𐍄𐌴𐌹 𐍅𐌰𐍃 𐌼𐌹𐍃 𐌲𐌰𐍅𐌰𐌿𐍂𐌺𐌹, 𐌸𐌰𐍄𐌿𐌷 𐍂𐌰𐌷𐌽𐌹𐌳𐌰 𐌹𐌽 𐍇𐍂𐌹𐍃𐍄𐌰𐌿𐍃 𐍃𐌻𐌴𐌹𐌸𐌰 𐍅𐌹𐍃𐌰𐌽. 𐌰𐌺𐌴𐌹 𐌸𐌰𐍄𐌴𐌹 𐍅𐌰𐍃 𐌼𐌹𐍃 𐌲𐌰𐍅𐌰𐌿𐍂𐌺𐌹, 𐌸𐌰𐍄𐌿𐌷 𐍂𐌰𐌷𐌽𐌹𐌳𐌰 𐌹𐌽 𐍇𐍂𐌹𐍃𐍄𐌰𐌿𐍃 𐍃𐌻𐌴𐌹𐌸𐌰 𐍅𐌹𐍃𐌰𐌽."
Philippians,3,8,"𐌰𐌸𐌸𐌰𐌽 𐍃𐍅𐌴𐌸𐌰𐌿𐌷 𐌰𐌻𐌻 𐌳𐍉𐌼𐌾𐌰 𐍃𐌻𐌴𐌹𐌸𐌰 𐍅𐌹𐍃𐌰𐌽 𐌹𐌽 𐌿𐍆𐌰𐍂𐌰𐍃𐍃𐌰𐌿𐍃 𐌺𐌿𐌽𐌸𐌾𐌹𐍃 𐍇𐍂𐌹𐍃𐍄𐌰𐌿𐍃 𐌹𐌴𐍃𐌿𐌹𐍃 𐍆𐍂𐌰𐌿𐌾𐌹𐌽𐍃 𐌼𐌴𐌹𐌽𐌹𐍃, 𐌹𐌽 𐌸𐌹𐌶𐌴𐌹 𐌰𐌻𐌻𐌰𐌼𐌼𐌰 𐌲𐌰𐍃𐌻𐌴𐌹𐌸𐌹𐌸𐍃 𐌹𐌼 𐌾𐌰𐌷 𐌳𐍉𐌼𐌾𐌰 𐍃𐌼𐌰𐍂𐌽𐍉𐍃 𐍅𐌹𐍃𐌰𐌽 𐌰𐌻𐌻𐌰𐍄𐌰, 𐌴𐌹 𐍇𐍂𐌹𐍃𐍄𐌰𐌿 𐌳𐌿 𐌲𐌰𐍅𐌰𐌿𐍂𐌺𐌾𐌰 𐌷𐌰𐌱𐌰𐌿, 𐌰𐌸𐌸𐌰𐌽 𐍃𐍅𐌴𐌸𐌰𐌿𐌷 𐌰𐌻𐌻 𐌳𐍉𐌼𐌾𐌰 𐍃𐌻𐌴𐌹𐌸𐌰 𐍅𐌹𐍃𐌰𐌽 𐌹𐌽 𐌿𐍆𐌰𐍂𐌰𐍃𐍃𐌰𐌿𐍃 𐌺𐌿𐌽𐌸𐌾𐌹𐍃 𐌹𐌴𐍃𐌿𐌹𐍃 𐍇𐍂𐌹𐍃𐍄𐌰𐌿𐍃 𐍆𐍂𐌰𐌿𐌾𐌹𐌽𐍃 𐌼𐌴𐌹𐌽𐌹𐍃, 𐌹𐌽 𐌸𐌹𐌶𐌴𐌹 𐌰𐌻𐌻𐌰𐌼𐌼𐌰 𐌲𐌰𐍃𐌻𐌴𐌹𐌸𐌹𐌸𐍃 𐌹𐌼 𐌾𐌰𐌷 𐌳𐍉𐌼𐌾𐌰 𐍃𐌼𐌰𐍂𐌽𐍉𐍃 𐍅𐌹𐍃𐌰𐌽 𐌰𐌻𐌻𐌰𐍄𐌰, 𐌴𐌹 𐍇𐍂𐌹𐍃𐍄𐌰𐌿 𐌳𐌿 𐌲𐌰𐍅𐌰𐌿𐍂𐌺𐌾𐌰 𐌷𐌰𐌱𐌰𐌿,"
Philippians,3,9,"𐌾𐌰𐌷 𐌱𐌹𐌲𐌹𐍄𐌰𐌹𐌳𐌰𐌿 𐌹𐌽 𐌹𐌼𐌼𐌰 𐌽𐌹 𐌷𐌰𐌱𐌰𐌽𐌳𐍃 𐌼𐌴𐌹𐌽𐌰 𐌲𐌰𐍂𐌰𐌹𐌷𐍄𐌴𐌹𐌽, 𐌸𐍉 𐌿𐍃 𐍅𐌹𐍄𐍉𐌳𐌰, 𐌰𐌺𐌴𐌹 𐌸𐍉 𐌸𐌰𐌹𐍂𐌷 𐌲𐌰𐌻𐌰𐌿𐌱𐌴𐌹𐌽 𐍇𐍂𐌹𐍃𐍄𐌰𐌿𐍃 𐌹𐌴𐍃𐌿𐌹𐍃, 𐍃𐌴𐌹 𐌿𐍃 𐌲𐌿𐌳𐌰 𐌹𐍃𐍄 𐌲𐌰𐍂𐌰𐌹𐌷𐍄𐌴𐌹 𐌰𐌽𐌰 𐌲𐌰𐌻𐌰𐌿𐌱𐌴𐌹𐌽𐌰𐌹, 𐌾𐌰𐌷 𐌱𐌹𐌲𐌹𐍄𐌰𐌹𐌳𐌰𐌿 𐌹𐌽 𐌹𐌼𐌼𐌰 𐌽𐌹 𐌷𐌰𐌱𐌰𐌽𐌳𐍃 𐌼𐌴𐌹𐌽𐌰 𐌲𐌰𐍂𐌰𐌹𐌷𐍄𐌴𐌹𐌽, 𐌸𐍉 𐌿𐍃 𐍅𐌹𐍄𐍉𐌳𐌰, 𐌰𐌺 𐌸𐌰𐌹𐍂𐌷 𐌲𐌰𐌻𐌰𐌿𐌱𐌴𐌹𐌽 𐌹𐌴𐍃𐌿𐌹𐍃 𐍇𐍂𐌹𐍃𐍄𐌰𐌿𐍃, 𐍃𐌴𐌹 𐌿𐍃 𐌲𐌿𐌳𐌰 𐌹𐍃𐍄 𐌲𐌰𐍂𐌰𐌹𐌷𐍄𐌴𐌹 𐌰𐌽𐌰 𐌲𐌰𐌻𐌰𐌿𐌱𐌴𐌹𐌽𐌰𐌹,"
Philippians,3,10,"𐌳𐌿 𐌺𐌿𐌽𐌽𐌰𐌽 𐌹𐌽𐌰 𐌾𐌰𐌷 𐌼𐌰𐌷𐍄 𐌿𐍃𐍃𐍄𐌰𐍃𐍃𐌰𐌹𐍃 𐌹𐍃 𐌾𐌰𐌷 𐌲𐌰𐌼𐌰𐌹𐌽𐌳𐌿𐌸 𐌸𐌿𐌻𐌰𐌹𐌽𐌴 𐌹𐍃, 𐌼𐌹𐌸𐌺𐌰𐌿𐍂𐌹𐌸𐍃 𐍅𐌰𐍃 𐌳𐌰𐌿𐌸𐌰𐌿 𐌹𐍃, 𐌳𐌿 𐌺𐌿𐌽𐌽𐌰𐌽 𐌹𐌽𐌰 𐌾𐌰𐌷 𐌼𐌰𐌷𐍄 𐌿𐍃𐍃𐍄𐌰𐍃𐍃𐌰𐌹𐍃 𐌹𐍃 𐌾𐌰𐌷 𐌲𐌰𐌼𐌰𐌹𐌽𐌳𐌿𐌸 𐌸𐌿𐌻𐌰𐌹𐌽𐌴 𐌹𐍃, 𐌼𐌹𐌸𐌺𐌰𐌿𐍂𐌹𐌸𐍃 𐍅𐌰𐍃 𐌳𐌰𐌿𐌸𐌰𐌿 𐌹𐍃,"
Philippians,3,11,𐌴𐌹 𐍈𐌰𐌹𐍅𐌰 𐌲𐌰𐌵𐌹𐌼𐌰𐌿 𐌹𐌽 𐌿𐍃𐍃𐍄𐌰𐍃𐍃𐌰𐌹 𐌿𐍃 𐌳𐌰𐌿𐌸𐌰𐌹𐌼. 𐌴𐌹 𐍈𐌰𐌹𐍅𐌰 𐌲𐌰𐌵𐌹𐌼𐌰𐌿 𐌹𐌽 𐌿𐍃𐍃𐍄𐌰𐍃𐍃𐌰𐌹 𐌿𐍃 𐌳𐌰𐌿𐌸𐌰𐌹𐌼.
Philippians,3,12,"𐌽𐌹 𐌸𐌰𐍄𐌴𐌹 𐌾𐌿 𐌰𐌽𐌳𐌽𐌴𐌼𐌾𐌰𐌿 𐌰𐌹𐌸𐌸𐌰𐌿 𐌾𐌿 𐌲𐌰𐍂𐌰𐌹𐌷𐍄𐍃 𐌲𐌰𐌳𐍉𐌼𐌹𐌸𐍃 𐍃𐌹𐌾𐌰𐌿, 𐌰𐌸𐌸𐌰𐌽 𐌰𐍆𐌰𐍂𐌲𐌰𐌲𐌲𐌰, 𐌴𐌹 𐌲𐌰𐍆𐌰𐌷𐌰𐌿 𐌹𐌽 𐌸𐌰𐌼𐌼𐌴𐌹 𐌲𐌰𐍆𐌰𐌷𐌰𐌽𐍃 𐍅𐌰𐍂𐌸 𐍆𐍂𐌰𐌼 𐍇𐍂𐌹𐍃𐍄𐌰𐌿. 𐌽𐌹 𐌸𐌰𐍄𐌴𐌹 𐌾𐌿 𐌰𐌽𐌳𐌽𐌴𐌼𐌾𐌰𐌿 𐌰𐌹𐌸𐌸𐌰𐌿 𐌾𐌿 𐌲𐌰𐍂𐌰𐌹𐌷𐍄𐍃 𐌲𐌰𐌳𐍉𐌼𐌹𐌸𐍃 𐍃𐌹𐌾𐌰𐌿, 𐌰𐌸𐌸𐌰𐌽 𐌹𐌺 𐌰𐍆𐌰𐍂𐌲𐌰𐌲𐌲𐌰, 𐌴𐌹 𐌲𐌰𐍆𐌰𐌷𐌰𐌿 𐌹𐌽 𐌸𐌰𐌼𐌼𐌴𐌹 𐌲𐌰𐍆𐌰𐌷𐌰𐌽𐍃 𐍅𐌰𐍂𐌸 𐍆𐍂𐌰𐌼 𐍇𐍂𐌹𐍃𐍄𐌰𐌿."
Philippians,3,13,"𐌱𐍂𐍉𐌸𐍂𐌾𐌿𐍃, 𐌹𐌺 𐌼𐌹𐌺 𐍃𐌹𐌻𐌱𐌰𐌽 𐌽𐌹 𐌽𐌰𐌿𐌷 𐌼𐌰𐌽 𐌲𐌰𐍆𐌰𐌷𐌰𐌽; 𐌱𐍂𐍉𐌸𐍂𐌾𐌿𐍃, 𐌹𐌺 𐌼𐌹𐌺 𐍃𐌹𐌻𐌱𐌰𐌽 𐌽𐌹 𐌽𐌰𐌿𐌷 𐌼𐌰𐌽 𐌲𐌰𐍆𐌰𐌷𐌰𐌽;"
Philippians,3,14,"𐌰𐌸𐌸𐌰𐌽 𐌰𐌹𐌽 𐍃𐍅𐌴𐌸𐌰𐌿𐌷, 𐌸𐌰𐌹𐌼 𐌰(𐍆𐍄𐍂𐌰) 𐌿𐍆𐌰𐍂𐌼𐌿𐌽𐌽𐍉𐌽𐌳𐍃, 𐌹𐌸 𐌳𐌿 𐌸𐌰𐌹𐌼 𐌸𐍉𐌴𐌹 𐍆𐌰𐌿𐍂𐌰 𐍃𐌹𐌽𐌳, 𐌼𐌹𐌺 𐌿𐍆𐌸𐌰𐌽𐌾𐌰𐌽𐌳𐍃, 𐌱𐌹 𐌼𐌿𐌽𐌳𐍂𐌴𐌹𐌽 𐌰𐍆𐌰𐍂𐌲𐌰𐌲𐌲𐌰 𐌰𐍆𐌰𐍂 𐍃𐌹𐌲𐌹𐍃𐌻𐌰𐌿𐌽𐌰 𐌸𐌹𐌶𐍉𐍃 𐌹𐌿𐍀𐌰 𐌻𐌰𐌸𐍉𐌽𐌰𐌹𐍃 𐌲𐌿𐌳𐌹𐍃 𐌹𐌽 𐍇𐍂𐌹𐍃𐍄𐌰𐌿 𐌹𐌴𐍃𐌿. 𐌰𐌸𐌸𐌰𐌽 𐌰𐌹𐌽 𐍃𐍅𐌴𐌸𐌰𐌿𐌷 𐌸𐌰𐌹𐌼 𐌰𐍆𐍄𐌰 𐌿𐍆𐌰𐍂𐌼𐌿𐌽𐌽𐍉𐌽𐌳𐍃, 𐌹𐌸 𐌳𐌿 𐌸𐌰𐌹𐌼 𐌸𐍉𐌴𐌹 𐍆𐌰𐌿𐍂𐌰 𐍃𐌹𐌽𐌳, 𐌼𐌹𐌺 𐌿𐍆𐌸𐌰𐌽𐌾𐌰𐌽𐌳𐍃, 𐌱𐌹 𐌼𐌿𐌽𐌳𐍂𐌴𐌹𐌽 𐌰𐍆𐌰𐍂𐌲𐌰𐌲𐌲𐌰 𐌰𐍆𐌰𐍂 𐍃𐌹𐌲𐌹𐍃𐌻𐌰𐌿𐌽𐌰 𐌸𐌹𐌶𐍉𐍃 𐌹𐌿𐍀𐌰 𐌻𐌰𐌸𐍉𐌽𐌰𐌹𐍃 𐌲𐌿𐌳𐌹𐍃 𐌹𐌽 𐍇𐍂𐌹𐍃𐍄𐌰𐌿 𐌹𐌴𐍃𐌿."
Philippians,3,15,"𐍃𐍅𐌰 𐌼𐌰𐌽𐌰𐌲𐌰𐌹 𐌽𐌿 𐍃𐍅𐌴 𐍃𐌹𐌾𐌰𐌹𐌼𐌰 𐍆𐌿𐌻𐌻𐌰𐍅𐌹𐍄𐌰𐌽𐍃, 𐌸𐌰𐍄𐌰 𐌷𐌿𐌲𐌾𐌰𐌹𐌼𐌰; 𐌾𐌰𐌷 𐌾𐌰𐌱𐌰𐌹 𐍈𐌰 𐌰𐌻𐌾𐌰𐌻𐌴𐌹𐌺𐍉𐍃 𐌷𐌿𐌲𐌾𐌹𐌸, 𐌾𐌰𐌷 𐌸𐌰𐍄𐌰 𐌹𐌶𐍅𐌹𐍃 𐌲𐌿𐌸 𐌰𐌽𐌳𐌷𐌿𐌻𐌾𐌹𐌸. 𐍃𐍅𐌰 𐌼𐌰𐌽𐌰𐌲𐌰𐌹 𐌽𐌿 𐍃𐍅𐌴 𐍃𐌹𐌾𐌰𐌹𐌼𐌰 𐍆𐌿𐌻𐌻𐌰𐍅𐌹𐍄𐌰𐌽𐍃, 𐌸𐌰𐍄𐌰 𐌷𐌿𐌲𐌾𐌰𐌹𐌼𐌰; 𐌾𐌰𐌷 𐌾𐌰𐌱𐌰𐌹 𐌰𐌻𐌾𐌰𐌻𐌴𐌹𐌺𐍉𐍃 𐌷𐌿𐌲𐌾𐌹𐌸, 𐌾𐌰𐌷 𐌸𐌰𐍄𐌰 𐌹𐌶𐍅𐌹𐍃 𐌲𐌿𐌸 𐌰𐌽𐌳𐌷𐌿𐌻𐌾𐌹𐌸."
Philippians,3,16,"𐌰𐌸𐌸𐌰𐌽 𐍃𐍅𐌴𐌸𐌰𐌿𐌷 𐌳𐌿 𐌸𐌰𐌼𐌼𐌴𐌹 𐌲𐌰𐍃𐌽𐌴𐍅𐌿𐌼, 𐌴𐌹 𐍃𐌰𐌼𐍉 𐌷𐌿𐌲𐌾𐌰𐌹𐌼𐌰 [𐌾𐌰𐌷 𐍃𐌰𐌼𐍉 𐍆𐍂𐌰𐌸𐌾𐌰𐌹𐌼𐌰], 𐍃𐌰𐌼𐍉𐌽 𐌲𐌰𐌲𐌲𐌰𐌽 𐌲𐌰𐍂𐌰𐌹𐌳𐌴𐌹𐌽𐌰𐌹. 𐌰𐌸𐌸𐌰𐌽 𐍃𐍅𐌴𐌸𐌰𐌿𐌷 𐌳𐌿 𐌸𐌰𐌼𐌼𐌴𐌹 𐌲𐌰𐍃𐌽𐌴𐍅𐌿𐌼, 𐌴𐌹 𐍃𐌰𐌼𐍉 𐌷𐌿𐌲𐌾𐌰𐌹𐌼𐌰 [𐌾𐌰𐌷 𐍃𐌰𐌼𐍉 𐍆𐍂𐌰𐌸𐌾𐌰𐌹𐌼𐌰]."
Philippians,3,17,"𐌼𐌹𐌸𐌲𐌰𐌻𐌴𐌹𐌺𐍉𐌽𐌳𐌰𐌽𐍃 𐌼𐌴𐌹𐌽𐌰𐌹 𐍅𐌰𐌹𐍂𐌸𐌰𐌹𐌸, 𐌱𐍂𐍉𐌸𐍂𐌾𐌿𐍃, 𐌾𐌰𐌼~𐌼𐌿𐌽𐌳𐍉𐌸 𐌹𐌶𐍅𐌹𐍃 𐌸𐌰𐌽𐍃 𐍃𐍅𐌰 𐌲𐌰𐌲𐌲𐌰𐌽𐌳𐌰𐌽𐍃, 𐍃𐍅𐌰𐍃𐍅𐌴 𐌷𐌰𐌱𐌰𐌹𐌸 𐍆𐍂𐌹𐍃𐌰𐌷𐍄 𐌿𐌽𐍃𐌹𐍃. 𐌼𐌹𐌸𐌲𐌰𐌻𐌴𐌹𐌺𐍉𐌽𐌳𐌰𐌽𐍃 𐌼𐌴𐌹𐌽𐌰𐌹 𐍅𐌰𐌹𐍂𐌸𐌰𐌹𐌸, 𐌱𐍂𐍉𐌸𐍂𐌾𐌿𐍃, 𐌾𐌰𐌷 𐌼𐌿𐌽𐌳𐍉𐌸 𐌹𐌶𐍅𐌹𐍃 𐌸𐌰𐌽𐍃 𐍃𐍅𐌰 𐌲𐌰𐌲𐌲𐌰𐌽𐌳𐌰𐌽𐍃, 𐍃𐍅𐌰𐍃𐍅𐌴 𐌷𐌰𐌱𐌰𐌹𐌸 𐍆𐍂𐌹𐍃𐌰𐌷𐍄 𐌿𐌽𐍃𐌹𐍃."
Philippians,3,18,"𐌿𐌽𐍄𐌴 𐌼𐌰𐌽𐌰𐌲𐌰𐌹 𐌲𐌰𐌲𐌲𐌰𐌽𐌳 𐌸𐌰𐌽𐌶𐌴𐌹 𐌿𐍆𐍄𐌰 𐌵𐌰𐌸 𐌹𐌶𐍅𐌹𐍃, 𐌹𐌸 𐌽𐌿 𐌾𐌰𐌲~𐌲𐍂𐌴𐍄𐌰𐌽𐌳𐍃 𐌵𐌹𐌸𐌰 𐌸𐌰𐌽𐍃 𐍆𐌹𐌾𐌰𐌽𐌳𐍃 𐌲𐌰𐌻𐌲𐌹𐌽𐍃 𐍇𐍂𐌹𐍃𐍄𐌰𐌿𐍃, 𐌿𐌽𐍄𐌴 𐌼𐌰𐌽𐌰𐌲𐌰𐌹 𐌲𐌰𐌲𐌲𐌰𐌽𐌳 𐌸𐌰𐌽𐌶𐌴𐌹 𐌿𐍆𐍄𐌰 𐌵𐌰𐌸 𐌹𐌶𐍅𐌹𐍃, 𐌹𐌸 𐌽𐌿 𐌾𐌰𐌷 𐌲𐍂𐌴𐍄𐌰𐌽𐌳𐍃 𐌵𐌹𐌸𐌰 𐌸𐌰𐌽𐍃 𐍆𐌹𐌾𐌰𐌽𐌳𐍃 𐌲𐌰𐌻𐌲𐌹𐌽𐍃 𐍇𐍂𐌹𐍃𐍄𐌰𐌿𐍃,"
Philippians,3,19,"𐌸𐌹𐌶𐌴𐌹𐌴𐌹 𐌰𐌽𐌳𐌴𐌹𐍃 𐍅𐌰𐌹𐍂𐌸𐌹𐌸 𐍆𐍂𐌰𐌻𐌿𐍃𐍄𐍃, 𐌸𐌹𐌶𐌴𐌹𐌴𐌹 𐌲𐌿𐌸 𐍅𐌰𐌼𐌱𐌰 𐌹𐍃𐍄 𐌾𐌰𐌷 𐍅𐌿𐌻𐌸𐌰𐌿𐍃 𐌹𐌽 𐍃𐌺𐌰𐌽𐌳𐌰𐌹 𐌹𐌶𐌴, 𐌸𐌰𐌹𐌴𐌹 𐌰𐌹𐍂𐌸𐌴𐌹𐌽𐌰𐌹𐌼 𐍆𐍂𐌰𐌸𐌾𐌰𐌽𐌳. 𐌸𐌹𐌶𐌴𐌴𐌹 𐌰𐌽𐌳𐌴𐌹𐍃 𐍅𐌰𐌹𐍂𐌸𐌹𐌸 𐍆𐍂𐌰𐌻𐌿𐍃𐍄𐍃, 𐌸𐌹𐌶𐌴 𐌲𐌿𐌸 𐍅𐌰𐌼𐌱𐌰 𐌹𐍃𐍄 𐌾𐌰𐌷 𐍅𐌿𐌻𐌸𐌿𐍃 𐌹𐌽 𐍃𐌺𐌰𐌽𐌳𐌰𐌹 𐌹𐌶𐌴, 𐌸𐌰𐌹𐌴𐌹 𐌰𐌹𐍂𐌸𐌴𐌹𐌽𐌰𐌹𐌼 𐍆𐍂𐌰𐌸𐌾𐌰𐌽𐌳."
Philippians,3,20,"𐌹𐌸 𐌿𐌽𐍃𐌰𐍂𐌰 𐌱𐌰𐌿𐌰𐌹𐌽𐍃 𐌹𐌽 𐌷𐌹𐌼𐌹𐌽𐌰𐌼 𐌹𐍃𐍄, 𐌸𐌰𐌸𐍂𐍉𐌴𐌹 𐌾𐌰𐌷 𐌽𐌰𐍃𐌾𐌰𐌽𐌳 𐌿𐍃𐌱𐌴𐌹𐌳𐌰𐌼 𐍆𐍂𐌰𐌿𐌾𐌰𐌽 𐌹𐌴𐍃𐌿 𐍇𐍂𐌹𐍃𐍄𐌿, 𐌹𐌸 𐌿𐌽𐍃𐌰𐍂𐌰 𐌱𐌰𐌿𐌰𐌹𐌽𐍃 𐌹𐌽 𐌷𐌹𐌼𐌹𐌽𐌰𐌼 𐌹𐍃𐍄, 𐌸𐌰𐌸𐍂𐍉𐌴𐌹 𐌾𐌰𐌷 𐌽𐌰𐍃𐌾𐌰𐌽𐌳 𐌿𐍃𐌱𐌴𐌹𐌳𐌰𐌼 𐍆𐍂𐌰𐌿𐌾𐌰𐌽 𐌹𐌴𐍃𐌿 𐍇𐍂𐌹𐍃𐍄𐌿,"
Philippians,3,21,"𐍃𐌰𐌴𐌹 𐌹𐌽𐌼𐌰𐌹𐌳𐌴𐌹𐌸 𐌻𐌴𐌹𐌺𐌰 𐌷𐌰𐌿𐌽𐌴𐌹𐌽𐌰𐌹𐍃 𐌿𐌽𐍃𐌰𐍂𐌰𐌹𐌶𐍉𐍃 𐌳𐌿 𐌹𐌱𐌽𐌰𐍃𐌺𐌰𐌿𐌽𐌾𐌰𐌼𐌼𐌰 𐌻𐌴𐌹𐌺𐌰 𐍅𐌿𐌻𐌸𐌰𐌿𐍃 𐍃𐌴𐌹𐌽𐌹𐍃 𐌱𐌹 𐍅𐌰𐌿𐍂𐍃𐍄𐍅𐌰, 𐌿𐌽𐍄𐌴 𐌼𐌰𐌲 𐌾𐌰𐌷 𐌿𐍆𐌷𐌽𐌰𐌹𐍅𐌾𐌰𐌽 𐍃𐌹𐍃 𐌰𐌻𐌻𐌰. 𐍃𐌰𐌴𐌹 𐌹𐌽𐌼𐌰𐌹𐌳𐌴𐌹𐌸 𐌻𐌴𐌹𐌺𐌰 𐌷𐌰𐌿𐌽𐌴𐌹𐌽𐌰𐌹𐍃 𐌿𐌽𐍃𐌰𐍂𐌰𐌹𐌶𐍉𐍃 𐌳𐌿 𐌹𐌱𐌽𐌰𐍃𐌺𐌰𐌿𐌽𐌾𐌰𐌼𐌼𐌰 𐌻𐌴𐌹𐌺𐌰 𐍅𐌿𐌻𐌸𐌰𐌿𐍃 𐍃𐌴𐌹𐌽𐌹𐍃 𐌱𐌹 𐍅𐌰𐌿𐍂𐍃𐍄𐍅𐌰, 𐌿𐌽𐍄𐌴 𐌼𐌰𐌲 𐌾𐌰𐌷 𐌿𐍆𐌷𐌽𐌰𐌹𐍅𐌾𐌰𐌽 𐍃𐌹𐍃 𐌰𐌻𐌻𐌰."
Philippians,4,1,"𐍃𐍅𐌰𐌴𐌹 𐌽𐌿, 𐌱𐍂𐍉𐌸𐍂𐌾𐌿𐍃 𐌼𐌴𐌹𐌽𐌰𐌹 𐌻𐌹𐌿𐌱𐌰𐌽𐍃 𐌾𐌰𐌷 𐌻𐌿𐍃𐍄𐌿𐍃𐌰𐌼𐌰𐌽𐍃, 𐍆𐌰𐌷𐌴𐌸𐍃 𐌾𐌰𐌷 𐍅𐌰𐌹𐍀𐍃 𐌼𐌴𐌹𐌽𐍃, 𐍃𐍅𐌰 𐍃𐍄𐌰𐌽𐌳𐌰𐌹𐌸 𐌹𐌽 𐍆𐍂𐌰𐌿𐌾𐌹𐌽. 𐍃𐍅𐌰𐌴𐌹 𐌽𐌿, 𐌱𐍂𐍉𐌸𐍂𐌾𐌿𐍃 𐌼𐌴𐌹𐌽𐌰𐌹 𐌻𐌹𐌿𐌱𐌰𐌽𐍃 𐌾𐌰𐌷 𐌻𐌿𐍃𐍄𐌿𐍃𐌰𐌼𐌰𐌽𐍃, 𐍆𐌰𐌷𐌴𐌸𐍃 𐌾𐌰𐌷 𐍅𐌰𐌹𐍀𐍃 𐌼𐌴𐌹𐌽𐍃, 𐍃𐍅𐌰 𐍃𐍄𐌰𐌽𐌳𐌰𐌹𐌸 𐌹𐌽 𐍆𐍂𐌰𐌿𐌾𐌹𐌽."
Philippians,4,2,𐌰𐌹𐍉𐌳𐌹𐌰𐌽 𐌱𐌹𐌳𐌾𐌰 𐌾𐌰𐍃~𐍃𐍅𐌽𐍄𐍅𐌺𐌴𐌹𐌽 𐌱𐌹𐌳𐌾𐌰 𐌸𐌰𐍄𐌰 𐍃𐌰𐌼𐍉 𐍆𐍂𐌰𐌸𐌾𐌰𐌽 𐌹𐌽 𐍆𐍂𐌰𐌿𐌾𐌹𐌽. 𐌰𐌹𐍉𐌳𐌹𐌰𐌽 𐌱𐌹𐌳𐌾𐌰 𐌾𐌰𐌷 𐍃𐍅𐌽𐍄𐍅𐌺𐌴𐌹𐌽 𐌱𐌹𐌳𐌾𐌰 𐌸𐌰𐍄𐌰 𐍃𐌰𐌼𐍉 𐍆𐍂𐌰𐌸𐌾𐌰𐌽 𐌹𐌽 𐍆𐍂𐌰𐌿𐌾𐌹𐌽.
Philippians,4,3,"𐌾𐌰𐌹 𐌾𐌰𐌷 𐌸𐌿𐌺 𐍅𐌰𐌻𐌹𐍃𐍉 𐌱𐌹𐌳𐌾𐌰 𐌲𐌰𐌾𐌿𐌺𐍉, 𐌽𐌹𐌸𐌰𐌹𐍃 𐌸𐍉𐍃 𐌸𐍉𐌶𐌴𐌹 𐌼𐌹𐌸𐌰𐍂𐌱𐌰𐌹𐌳𐌹𐌳𐌴𐌳𐌿𐌽 𐌼𐌹𐍃 𐌹𐌽 𐌰𐌹𐍅𐌰𐌲𐌲𐌴𐌻𐌾𐍉𐌽 𐌼𐌹𐌸 𐌺𐌻𐌰𐌹𐌼𐌰𐌹𐌽𐍄𐌰𐌿 𐌾𐌰𐌷 𐌰𐌽𐌸𐌰𐍂𐌰𐌹𐌼 𐌲𐌰𐍅𐌰𐌿𐍂𐍃𐍄𐍅𐌰𐌼 𐌼𐌴𐌹𐌽𐌰𐌹𐌼, 𐌸𐌹𐌶𐌴𐌴𐌹 𐌽𐌰𐌼𐌽𐌰 𐍃𐌹𐌽𐌳 𐌹𐌽 𐌱𐍉𐌺𐍉𐌼 𐌻𐌹𐌱𐌰𐌹𐌽𐌰𐌹𐍃. 𐌾𐌰𐌹 𐌾𐌰𐌷 𐌸𐌿𐌺 𐍅𐌰𐌻𐌹𐍃𐍉 𐌱𐌹𐌳𐌾𐌰 𐌲𐌰𐌾𐌿𐌺𐍉, 𐌽𐌹𐌸𐌰𐌹𐍃 𐌸𐍉𐍃 𐌸𐍉𐌶𐌴𐌹 𐌼𐌹𐌸𐌰𐍂𐌱𐌰𐌹𐌳𐌹𐌳𐌴𐌳𐌿𐌽 𐌼𐌹𐍃 𐌹𐌽 𐌰𐌹𐍅𐌰𐌲𐌲𐌴𐌻𐌾𐍉𐌽 𐌼𐌹𐌸 𐌺𐌻𐌴𐌼𐌰𐌹𐌽𐍄𐌰𐌿 𐌾𐌰𐌷 𐌰𐌽𐌸𐌰𐍂𐌰𐌹𐌼 𐌲𐌰𐍅𐌰𐌿𐍂𐍃𐍄𐍅𐌰𐌼 𐌼𐌴𐌹𐌽𐌰𐌹𐌼, 𐌸𐌹𐌶𐌴𐌴𐌹 𐌽𐌰𐌼𐌽𐌰 𐍃𐌹𐌽𐌳 𐌹𐌽 𐌱𐍉𐌺𐍉𐌼 𐌻𐌹𐌱𐌰𐌹𐌽𐌰𐌹𐍃."
Philippians,4,4,"𐌽𐌿𐌽𐌿 𐌽𐌿 𐍆𐌰𐌲𐌹𐌽𐍉𐌸 𐌹𐌽 𐍆𐍂𐌰𐌿𐌾𐌹𐌽 𐍃𐌹𐌽𐍄𐌴𐌹𐌽𐍉; 𐌰𐍆𐍄𐍂𐌰 𐌵𐌹𐌸𐌰, 𐍆𐌰𐌲𐌹𐌽𐍉𐌸! 𐌽𐌿𐌽𐌿 𐌽𐌿 𐍆𐌰𐌲𐌹𐌽𐍉𐌸 𐌹𐌽 𐍆𐍂𐌰𐌿𐌾𐌹𐌽 𐍃𐌹𐌽𐍄𐌴𐌹𐌽𐍉; 𐌰𐍆𐍄𐍂𐌰 𐌵𐌹𐌸𐌰, 𐍆𐌰𐌲𐌹𐌽𐍉𐌸!"
Philippians,4,5,𐌰𐌽𐌰𐍅𐌹𐌻𐌾𐌴(𐌹) 𐌹𐌶𐍅𐌰𐍂𐌰 𐌺𐌿𐌽𐌸𐌰 𐍃𐌹𐌾𐌰𐌹 𐌰𐌻𐌻𐌰𐌹𐌼 𐌼𐌰𐌽𐌽𐌰𐌼; 𐍆𐍂𐌰𐌿𐌾𐌰 𐌽𐌴𐍈𐌰 𐌹𐍃𐍄. 𐌰𐌽𐌰𐍅𐌹𐌻𐌾𐌴 𐌹𐌶𐍅𐌰𐍂𐌰 𐌺𐌿𐌽𐌸𐌰 𐍃𐌹𐌰𐌹 𐌰𐌻𐌻𐌰𐌹𐌼 𐌼𐌰𐌽𐌽𐌰𐌼; 𐍆𐍂𐌰𐌿𐌾𐌰 𐌽𐌴𐍈𐌰 𐌹𐍃𐍄.
Philippians,4,6,"𐌽𐌹 𐍅𐌰𐌹𐌷𐍄𐌰𐌹 𐌼𐌰𐌿𐍂𐌽𐌰𐌹𐌸, 𐌰𐌺 𐌹𐌽 𐌰𐌻𐌻𐌰𐌹 𐌱𐌹𐌳𐌰𐌹 𐌾𐌰𐌷 𐌰𐌹𐌷𐍄𐍂𐍉𐌽𐌰𐌹 𐌼𐌹𐌸 𐌰𐍅𐌹𐌻𐌹𐌿𐌳𐌰𐌼 𐌱𐌹𐌳𐍉𐍃 𐌹𐌶𐍅𐌰𐍂𐍉𐍃 𐌺𐌿𐌽𐌸𐍉𐍃 𐍃𐌹𐌾𐌰𐌹𐌽𐌰.... 𐌽𐌹 𐍅𐌰𐌹𐌷𐍄𐌰𐌹 𐌼𐌰𐌿𐍂𐌽𐌰𐌹𐌸, 𐌰𐌺 𐌹𐌽 𐌰𐌻𐌻𐌰𐌹 𐌱𐌹𐌳𐌰𐌹 𐌾𐌰𐌷 𐌰𐌹𐌷𐍄𐍂𐍉𐌽𐌰𐌹 𐌼𐌹𐌸 𐌰𐍅𐌹𐌻𐌹𐌿𐌳𐌰𐌼 𐌱𐌹𐌳𐍉𐍃 𐌹𐌶𐍅𐌰𐍂𐍉𐍃 𐌺𐌿𐌽𐌸𐍉𐍃 𐍃𐌹𐌾𐌰𐌹𐌽𐌰 𐌰𐍄 𐌲𐌿𐌳𐌰."
Philippians,4,7,"𐌾𐌰𐌷 𐌲𐌰𐍅𐌰𐌹𐍂𐌸𐌹 𐌲𐌿𐌳𐌹𐍃, 𐌸𐌰𐍄𐌴𐌹 𐌿𐍆𐌰𐍂 𐌹𐍃𐍄 𐌰𐌻𐌻 𐌰𐌷𐌰𐌽𐌴, 𐍆𐌰𐍃𐍄𐌰𐌹𐌸 𐌷𐌰𐌹𐍂𐍄𐍉𐌽𐌰 𐌾𐌰𐌷 𐌻𐌴𐌹𐌺𐌰 𐌹𐌶𐍅𐌰𐍂𐌰 𐌹𐌽 𐍇𐍂𐌹𐍃𐍄𐌰𐌿 𐌹𐌴𐍃𐌿."
Philippians,4,8,"𐌸𐌰𐍄𐌰 𐌰𐌽𐌸𐌰𐍂, 𐌱𐍂𐍉𐌸𐍂𐌾𐌿𐍃, 𐌸𐌹𐍃𐍈𐌰𐌷 𐌸𐌰𐍄𐌴𐌹 𐌹𐍃𐍄 𐍃𐌿𐌽𐌾𐌴𐌹𐌽, 𐌸𐌹𐍃𐍈𐌰𐌷 𐌸𐌰𐍄𐌴𐌹 𐌲𐌰𐍂𐌹𐌿𐌳, 𐌸𐌹𐍃𐍈𐌰𐌷 𐌸𐌰𐍄𐌴𐌹 𐌲𐌰𐍂𐌰𐌹𐌷𐍄, 𐌸𐌹𐍃𐍈𐌰𐌷 𐌸𐌰𐍄𐌴𐌹 𐍅𐌴𐌹𐌷, 𐌸𐌹𐍃𐍈𐌰𐌷 𐌸𐌰𐍄𐌴𐌹 𐌻𐌹𐌿𐌱𐌰𐌻𐌴𐌹𐌺, 𐌸𐌹𐍃𐍈𐌰𐌷 𐌸𐌰𐍄𐌴𐌹 𐍅𐌰𐌹𐌻𐌰𐌼𐌴𐍂𐌹, 𐌾𐌰𐌱𐌰𐌹 𐍈𐍉 𐌲𐍉𐌳𐌴𐌹𐌽𐍉, 𐌾𐌰𐌱𐌰𐌹 𐍈𐍉 𐌷𐌰𐌶𐌴𐌹𐌽𐍉, 𐌸𐌰𐍄𐌰 𐌼𐌹𐍄𐍉𐌸;"
Philippians,4,9,"𐌸𐌰𐍄𐌴𐌹 𐌾𐌰𐌷 𐌲𐌰𐌻𐌰𐌹𐍃𐌹𐌳𐌴𐌳𐌿𐌸 𐌹𐌶𐍅𐌹𐍃 𐌾𐌰𐌷 𐌲𐌰𐌽𐌴𐌼𐌿𐌸 𐌾𐌰𐌷 𐌲𐌰𐌷𐌰𐌿𐍃𐌹𐌳𐌴𐌳𐌿𐌸 𐌾𐌰𐌷 𐌲𐌰𐍃𐌴𐍈𐌿𐌸 𐌹𐌽 𐌼𐌹𐍃, 𐌸𐌰𐍄𐌰 𐍄𐌰𐌿𐌾𐌰𐌹𐌸, 𐌾𐌰𐌷 𐌲𐌿𐌸 𐌲𐌰𐍅𐌰𐌹𐍂𐌸𐌴𐌹𐍃 𐍃𐌹𐌾𐌰𐌹 𐌼𐌹𐌸 𐌹𐌶𐍅𐌹𐍃."
Philippians,4,10,"𐌰𐌸𐌸𐌰𐌽 𐍆𐌰𐌲𐌹𐌽𐍉𐌳𐌰 𐌹𐌽 𐍆𐍂𐌰𐌿𐌾𐌹𐌽 𐌼𐌹𐌺𐌹𐌻𐌰𐌱𐌰, 𐌿𐌽𐍄𐌴 𐌾𐌿 𐍈𐌰𐌽 𐌲𐌰𐌸𐌰𐌹𐌷𐌿𐌸 𐌳𐌿 𐍆𐌰𐌿𐍂 𐌼𐌹𐌺 𐍆𐍂𐌰𐌸(𐌾)𐌰𐌽, 𐌰𐌽𐌰 𐌸𐌰𐌼𐌼𐌴𐌹 𐌾𐌰𐌷 𐍆𐍂𐍉𐌸𐌿𐌸; 𐌰𐌸𐌸𐌰𐌽 𐌰𐌽𐌰𐌻𐌰𐍄𐌹𐌳𐌰𐌹 𐍅𐌰𐌿𐍂𐌸𐌿𐌸."
Philippians,4,11,"𐌽𐌹 𐌸𐌰𐍄𐌴𐌹 𐌱𐌹 𐌸𐌰𐍂𐌱𐌰𐌹 𐌵𐌹𐌸𐌰𐌿, 𐌿𐌽𐍄𐌴 𐌹𐌺 𐌲𐌰𐌻𐌰𐌹𐍃𐌹𐌳𐌰 𐌼𐌹𐌺 𐌹𐌽 𐌸𐌰𐌹𐌼𐌴𐌹 𐌹𐌼 𐌲𐌰𐌽𐍉𐌷𐌹𐌸𐍃 𐍅𐌹𐍃𐌰𐌽."
Philippians,4,12,"𐌻𐌰𐌹𐍃 𐌾𐌰𐌷 𐌷𐌰𐌿𐌽𐌾𐌰𐌽 𐌼𐌹𐌺, 𐌻𐌰𐌹𐍃 𐌾𐌰𐌷 𐌿𐍆𐌰𐍂𐌰𐍃𐍃𐌿 𐌷𐌰𐌱𐌰𐌽; 𐌹𐌽 𐌰𐌻𐌻𐌰𐌼𐌼𐌰 𐌾𐌰𐌷 𐌹𐌽 𐌰𐌻𐌻𐌰𐌹𐌼 𐌿𐍃𐌸𐍂𐍉𐌸𐌹𐌸𐍃 𐌹𐌼, 𐌾𐌰𐌷 𐍃𐌰𐌳𐍃 𐍅𐌰𐌹𐍂𐌸𐌰𐌽 𐌾𐌰𐌷 𐌲𐍂𐌴𐌳𐌰𐌲𐍃, 𐌾𐌰𐌷 𐌿𐍆𐌰𐍂𐌰𐍃𐍃𐌰𐌿 𐌷𐌰𐌱𐌰𐌽 𐌾𐌰𐌷 𐌸𐌰𐍂𐌱𐍉𐍃 𐌸𐌿𐌻𐌰𐌽."
Philippians,4,13,𐌰𐌻𐌻 𐌼𐌰𐌲 𐌹𐌽 𐌸𐌰𐌼𐌼𐌰 𐌹𐌽𐍃𐍅𐌹𐌽𐌸𐌾𐌰𐌽𐌳𐌹𐌽 𐌼𐌹𐌺 𐍇𐍂𐌹𐍃𐍄𐌰𐌿.
Philippians,4,14,𐌰𐌸𐌸𐌰𐌽 𐍃𐍅𐌴𐌸𐌰𐌿𐌷 𐍅𐌰𐌹𐌻𐌰 𐌲𐌰𐍄𐌰𐍅𐌹𐌳𐌴𐌳𐌿𐌸 𐌲𐌰𐌼𐌰𐌹𐌽𐌾𐌰 𐌱𐍂𐌹𐌲𐌲𐌰𐌽𐌳𐌰𐌽𐍃 𐌼𐌴𐌹𐌽𐌰 𐌰𐌲𐌻𐍉𐌽.
Philippians,4,15,"𐌰𐌸𐌸𐌰𐌽 𐍅𐌹𐍄𐌿𐌸 𐌾𐌰𐌷 𐌾𐌿𐍃, 𐍆𐌹𐌻𐌹𐍀𐍀𐌹𐍃𐌹𐌿𐍃, 𐌸𐌰𐍄𐌴𐌹 𐌹𐌽 𐌰𐌽𐌰𐍃𐍄𐍉𐌳𐌴𐌹𐌽𐌰𐌹 𐌰𐌹𐍅𐌰𐌲𐌲𐌴𐌻𐌾𐍉𐌽𐍃, 𐌸𐌰𐌽 𐌿𐍃𐌹𐌳𐌳𐌾𐌰 𐌰𐍆 𐌼𐌰𐌺𐌹𐌳𐍉𐌽𐌰𐌹, 𐌽𐌹 𐌰𐌹𐌽[𐌽]𐍉𐌷𐌿𐌽 𐌰𐌹𐌺𐌺𐌻𐌴𐍃𐌾𐍉𐌽𐍉 𐌼𐌹𐍃 𐌲𐌰𐌼𐌰𐌹𐌽𐌹𐌳𐌰 𐌹𐌽 𐍂𐌰𐌸𐌾𐍉𐌽 𐌲𐌹𐌱𐍉𐍃 𐌾𐌰𐌷 𐌰𐌽𐌳𐌰𐌽𐌴𐌼𐌹𐍃, 𐌰𐌻𐌾𐌰 𐌾𐌿𐍃 𐌰𐌹𐌽𐌰𐌹."
Philippians,4,16,𐌿𐌽𐍄𐌴 𐌾𐌰𐌷 𐌹𐌽 Þ𐌰𐌹𐍃𐍃𐌰𐌻𐌰𐌿𐌽𐌴𐌹𐌺𐌰𐌹 𐌾𐌰𐌷 𐌰𐌹𐌽𐌰𐌼𐌼𐌰 𐍃𐌹𐌽𐌸𐌰 𐌾𐌰𐌷 𐍄𐍅𐌰𐌹𐌼 𐌰𐌽𐌳𐌰𐍅𐌹𐌶𐌽 𐌼𐌹𐍃 𐌹𐌽𐍃𐌰𐌽𐌳𐌹𐌳𐌴𐌳𐌿𐌸.
Philippians,4,17,"𐌽𐌹 𐌸𐌰𐍄𐌴𐌹 𐌲𐌰𐍃𐍉𐌺𐌾𐌰𐌿 𐌲𐌹𐌱𐌰, 𐌰𐌺 𐌲𐌰𐍃𐍉𐌺𐌾𐌰 𐌰𐌺(𐍂𐌰𐌽)...."
Philippians,4,18,
Philippians,4,19,
Philippians,4,20,
Philippians,4,21,
Philippians,4,22,
Philippians,4,23,
Colossians,1,1,
Colossians,1,2,
Colossians,1,3,
Colossians,1,4,
Colossians,1,5,
Colossians,1,6,.... 𐌹𐌽 𐍃𐌿𐌽𐌾𐌰𐌹;
Colossians,1,7,"𐍃𐍅𐌰𐍃𐍅𐌴 𐌲𐌰𐌽𐌴𐌼𐌿𐌸 𐌰𐍄 𐌰𐌹𐍀𐌰𐍆𐍂𐌹𐌽 𐌸𐌰𐌼𐌼𐌰 𐌻𐌹𐌿𐌱𐌹𐌽 𐌲𐌰𐍃𐌺𐌰𐌻𐌺𐌾𐌰 𐌿𐌽𐍃𐌰𐍂𐌰𐌼𐌼𐌰, 𐍃𐌰𐌴𐌹 𐌹𐍃𐍄 𐍄𐍂𐌹𐌲𐌲𐍅𐍃 𐍆𐌰𐌿𐍂 𐌹𐌶𐍅𐌹𐍃 𐌰𐌽𐌳𐌱𐌰𐌷𐍄𐍃 𐍇𐍂𐌹𐍃𐍄𐌰𐌿𐍃 𐌹𐌴𐍃𐌿𐌹𐍃,"
Colossians,1,8,𐍃𐌰𐌴𐌹 𐌾𐌰𐌷 𐌲𐌰𐌺𐌰𐌽𐌽𐌹𐌳𐌰 𐌿𐌽𐍃 𐌹𐌶𐍅𐌰𐍂𐌰 𐍆𐍂𐌹𐌰𐌸𐍅𐌰 𐌹𐌽 𐌰𐌷𐌼𐌹𐌽.
Colossians,1,9,"𐌳𐌿𐌸𐌸𐌴 𐌾𐌰𐌷 𐍅𐌴𐌹𐍃, 𐍆𐍂𐌰𐌼 𐌸𐌰𐌼𐌼𐌰 𐌳𐌰𐌲𐌰 𐌴𐌹 𐌷𐌰𐌿𐍃𐌹𐌳𐌴𐌳𐌿𐌼, 𐌽𐌹 𐍈𐌴𐌹𐌻𐌰𐌹𐌳𐌴𐌳𐌿𐌼 𐍆𐌰𐌿𐍂 𐌹𐌶𐍅𐌹𐍃 𐌱𐌹𐌳𐌾𐌰𐌽𐌳𐌰𐌽𐍃 𐌾𐌰𐌷 𐌰𐌹𐌷𐍄𐍂𐍉𐌽𐌳𐌰𐌽𐍃, 𐌴𐌹 𐍆𐌿𐌻𐌻𐌽𐌰𐌹𐌸 𐌺𐌿𐌽𐌸𐌾𐌹𐍃 𐍅𐌹𐌻𐌾𐌹𐌽𐍃 𐌹𐍃 𐌹𐌽 𐌰𐌻𐌻𐌰𐌹 𐌷𐌰𐌽𐌳𐌿𐌲𐌴𐌹𐌽 𐌾𐌰𐌷 𐍆𐍂𐍉𐌳𐌴𐌹𐌽 𐌰𐌷𐌼𐌴𐌹𐌽𐌰𐌹;"
Colossians,1,10,".... 𐍅𐌰𐌹𐍂𐌸𐌰𐌱𐌰 𐍆𐍂𐌰𐌿𐌾𐌹𐌽𐍃 𐌹𐌽 𐌰𐌻𐌻𐌰𐌼𐌼𐌰 𐌸𐌰𐍄𐌴𐌹 𐌲𐌰𐌻𐌴𐌹𐌺𐌰𐌹, 𐌹𐌽 𐌰𐌻𐌻𐌰𐌼𐌼𐌰 𐍅𐌰𐌿𐍂𐍃𐍄𐍅𐌴 𐌲𐍉𐌳𐌰𐌹𐌶𐌴 𐌰𐌺𐍂𐌰𐌽 𐌱𐌰𐌹𐍂𐌰𐌽𐌳𐌰𐌽𐍃 𐌾𐌰𐌷 𐍅𐌰𐌷𐍃𐌾𐌰𐌽𐌳𐌰𐌽𐍃 𐌹𐌽 𐌿𐍆𐌺𐌿𐌽𐌸𐌾𐌰 𐌲𐌿𐌳𐌹𐍃, 𐌴𐌹 𐌲𐌰𐌲𐌲𐌰𐌹𐌸 𐍅𐌰𐌹𐍂𐌸𐌰𐌱𐌰 𐍆𐍂𐌰𐌿𐌾𐌹𐌽𐍃 𐌹𐌽 𐌰𐌻𐌻𐌰𐌼𐌼𐌰 𐌸𐌰𐍄𐌴𐌹 𐌲𐌰𐌻𐌴𐌹𐌺𐌰𐌹, 𐌹𐌽 𐌰𐌻𐌻𐌰𐌼𐌼𐌰 𐍅𐌰𐌿𐍂𐍃𐍄𐍅𐌴 𐌲𐍉𐌳𐌰𐌹𐌶𐌴 𐌰𐌺𐍂𐌰𐌽 𐌱𐌰𐌹𐍂𐌰𐌽𐌳𐌰𐌽𐍃 𐌾𐌰𐌷 𐍅𐌰𐌷𐍃𐌾𐌰𐌽𐌳𐌰𐌽𐍃 𐌹𐌽 𐌿𐍆𐌺𐌿𐌽𐌸𐌾𐌰 𐌲𐌿(𐌳𐌹𐍃),"
Colossians,1,11,"𐌹𐌽 𐌰𐌻𐌻𐌰𐌹 𐌼𐌰𐌷𐍄𐌰𐌹 𐌲𐌰𐍃𐍅𐌹𐌽𐌸𐌹𐌳𐌰𐌹 𐌱𐌹 𐌼𐌰𐌷𐍄𐌰𐌹 𐍅𐌿𐌻𐌸𐌰𐌿𐍃 𐌹𐍃, 𐌹𐌽 𐌰𐌻𐌻𐌰𐌹 𐌿𐍃𐌸𐌿𐌻𐌰𐌹𐌽𐌰𐌹 𐌾𐌰𐌷 𐌿𐍃𐌱𐌴𐌹𐍃𐌽𐌰𐌹 𐌼𐌹𐌸 𐍆𐌰𐌷𐌴𐌳𐌰𐌹, 𐌹𐌽 𐌰𐌻𐌻𐌰𐌹 𐌼𐌰𐌷𐍄𐌰𐌹 𐌲𐌰𐍃𐍅𐌹𐌽𐌸𐌹𐌳𐌰𐌹 𐌱𐌹 𐌼𐌰𐌷𐍄𐌰𐌹 𐍅𐌿𐌻𐌸𐌰𐌿𐍃 𐌹𐍃, 𐌹𐌽 𐌰𐌻𐌻𐌰𐌹 𐌿𐍃𐌸𐌿𐌻𐌰𐌹𐌽𐌰𐌹 𐌾𐌰𐌷 𐌿𐍃𐌱𐌴𐌹𐍃𐌽𐌰𐌹 𐌼𐌹𐌸 𐍆𐌰𐌷𐌴𐌳𐌰𐌹,"
Colossians,1,12,"𐌰𐍅𐌹𐌻𐌹𐌿𐌳𐍉𐌽𐌳𐌰𐌽𐍃 𐌰𐍄𐍄𐌹𐌽 𐍃𐌰𐌴𐌹 𐌻𐌰𐌸𐍉𐌳𐌰 𐌹𐌶𐍅𐌹𐍃 𐌳𐌿 𐌳𐌰𐌹𐌻𐌰𐌹 𐌷𐌻𐌰𐌿𐍄𐌹𐍃 𐍅𐌴𐌹𐌷𐌰𐌹𐌶𐌴 𐌹𐌽 𐌻𐌹𐌿𐌷𐌰𐌳𐌰[𐌹], 𐌰𐍅𐌹𐌻𐌹𐌿𐌳𐍉𐌽𐌳𐌰𐌽𐍃 𐌰𐍄𐍄𐌹𐌽 𐍃𐌰𐌴𐌹 𐌻𐌰𐌸𐍉𐌳𐌰 𐌹𐌶𐍅𐌹𐍃 𐌳𐌿 𐌳𐌰𐌹𐌻𐌰𐌹 𐌷𐌻𐌰𐌿𐍄𐌹𐍃 𐍅𐌴𐌹𐌷𐌰𐌹𐌶𐌴 𐌹𐌽 𐌻𐌹𐌿𐌷𐌰𐌳𐌰,"
Colossians,1,13,"𐍃𐌰𐌴𐌹 𐌲𐌰𐌻𐌰𐌿𐍃𐌹𐌳𐌰 𐌹𐌶𐍅𐌹𐍃 𐌿𐍃 𐍅𐌰𐌻𐌳𐌿𐍆𐌽𐌾𐌰 𐍂𐌹𐌵𐌹𐌶𐌹𐍃 𐌾𐌰𐌷 𐌰𐍄𐌽𐌰𐌼 𐌹𐌽 𐌸𐌹𐌿𐌳𐌰𐌽𐌲𐌰𐍂𐌳𐌾𐌰 𐍃𐌿𐌽𐌿𐍃 𐍆𐍂𐌹𐌰𐌸𐍅𐍉𐍃 𐍃𐌴𐌹𐌽𐌰𐌹𐌶𐍉𐍃, 𐍃𐌰𐌴𐌹 𐌲𐌰𐌻𐌰𐌿𐍃𐌹𐌳𐌰 𐌹𐌶𐍅𐌹𐍃 𐌿𐍃 𐍅𐌰𐌻𐌳𐌿𐍆𐌽𐌾𐌰 𐍂𐌹𐌵𐌹𐌶𐌹𐍃 𐌾𐌰𐌷 𐌰𐍄𐌽𐌰𐌼 𐌹𐌽 𐌸𐌹𐌿𐌳𐌰𐌽𐌲𐌰𐍂𐌳𐌾𐌰 𐍃𐌿𐌽𐌰𐌿𐍃 𐍆𐍂𐌹𐌰𐌸𐍅𐍉𐍃 𐍃𐌴𐌹𐌽𐌰𐌹𐌶𐍉𐍃,"
Colossians,1,14,"𐌹𐌽 𐌸𐌰𐌼𐌼𐌴𐌹 𐌷𐌰𐌱𐌰𐌼 𐍆𐌰𐌿𐍂𐌱𐌰𐌿𐌷𐍄, 𐍆𐍂𐌰𐌻𐌴𐍄 𐍆𐍂𐌰𐍅𐌰𐌿𐍂𐌷𐍄𐌴, 𐌹𐌽 𐌸𐌰𐌼𐌼𐌴𐌹 𐌷𐌰𐌱𐌰𐌼 𐍆𐌰𐌿𐍂𐌱𐌰𐌿𐌷𐍄, 𐍆𐍂𐌰𐌻𐌴𐍄 𐍆𐍂𐌰𐍅𐌰𐌿𐍂𐌷𐍄𐌴,"
Colossians,1,15,"𐍃𐌰𐌴𐌹 𐌹𐍃𐍄 𐍆𐍂𐌹𐍃𐌰𐌷𐍄𐍃 𐌲𐌿𐌳𐌹𐍃 𐌿𐌽𐌲𐌰𐍃𐌰𐌹𐍈𐌰𐌽𐌹𐍃, 𐍆𐍂𐌿𐌼𐌰𐌱𐌰𐌿𐍂 𐌰𐌻𐌻𐌰𐌹𐌶𐍉𐍃 𐌲𐌰𐍃𐌺𐌰𐍆𐍄𐌰𐌹𐍃; 𐍃𐌰𐌴𐌹 𐌹𐍃𐍄 𐍆𐍂𐌹𐍃𐌰𐌷𐍄𐍃 𐌲𐌿𐌳𐌹𐍃 𐌿𐌽𐌲𐌰𐍃𐌰𐌹𐍈𐌰𐌽𐌹𐍃, 𐍆𐍂𐌿𐌼𐌰𐌱𐌰𐌿𐍂 𐌰𐌻𐌻𐌰𐌹𐌶𐍉𐍃 𐌲𐌰𐍃𐌺𐌰𐍆𐍄𐌰𐌹𐍃;"
Colossians,1,16,"𐌿𐌽𐍄𐌴 𐌹𐌽 𐌹𐌼𐌼𐌰 𐌲𐌰𐍃𐌺𐌰𐍀𐌰𐌽𐌰 𐍅𐌰𐌿𐍂𐌸𐌿𐌽 𐌰𐌻𐌻𐌰 𐌹𐌽 𐌷𐌹𐌼𐌹𐌽𐌰𐌼 𐌾𐌰𐌷 𐌰𐌽𐌰 𐌰𐌹𐍂𐌸𐌰𐌹, 𐌸𐍉 𐌲𐌰𐍃𐌰𐌹𐍈𐌰𐌽𐍉𐌽𐌰 𐌾𐌰𐌸~𐌸𐍉 𐌿𐌽𐌲𐌰𐍃𐌰𐌹𐍈𐌰𐌽𐍉𐌽𐌰, 𐌾𐌰𐌸𐌸𐌴 𐍃𐌹𐍄𐌻𐍉𐍃 𐌾𐌰𐌸𐌸𐌴 𐍆𐍂𐌰𐌿𐌾𐌹𐌽𐌰𐍃𐍃𐌾𐌿𐍃, 𐌾𐌰𐌸𐌸𐌴 𐍂𐌴𐌹𐌺𐌾𐌰 𐌾𐌰𐌸𐌸𐌴 𐍅𐌰𐌻𐌳𐌿𐍆𐌽𐌾𐌰, 𐌰𐌻𐌻𐌰 𐌸𐌰𐌹𐍂𐌷 𐌹𐌽𐌰 𐌾𐌰𐌷 𐌹𐌽 𐌹𐌼𐌼𐌰 𐌲𐌰𐍃𐌺𐌰𐍀𐌰𐌽𐌰 𐍃𐌹𐌽𐌳. 𐌿𐌽𐍄𐌴 𐌹𐌽 𐌹𐌼𐌼𐌰 𐌲𐌰𐍃𐌺𐌰𐍀𐌰𐌽𐌰 𐍅𐌰𐌿𐍂𐌸𐌿𐌽 𐌰𐌻𐌻𐌰 𐌹𐌽 𐌷𐌹𐌼𐌹𐌽𐌰𐌼 𐌾𐌰𐌷 𐌰𐌽𐌰 𐌰𐌹𐍂𐌸𐌰𐌹, 𐌸𐍉 𐌲𐌰𐍃𐌰𐌹𐍈𐌰𐌽𐍉𐌽𐌰 𐌾𐌰𐌷 𐌸𐍉 𐌿𐌽𐌲𐌰𐍃𐌰𐌹𐍈𐌰𐌽𐍉𐌽𐌰, 𐌾𐌰𐌸𐌸𐌴 𐍃𐌹𐍄𐌻𐍉𐍃 𐌾𐌰𐌸𐌸𐌴 𐍆𐍂𐌰𐌿𐌾𐌹𐌽𐌰𐍃𐍃𐌾𐌿𐍃, 𐌾𐌰𐌸𐌸𐌴 𐍂𐌴𐌹𐌺𐌾𐌰 𐌾𐌰𐌸𐌸𐌴 𐍅𐌰𐌻𐌳𐌿𐍆𐌽𐌾𐌰, 𐌰𐌻𐌻𐌰 𐌸𐌰𐌹𐍂𐌷 𐌹𐌽𐌰 𐌾𐌰𐌷 𐌹𐌽 𐌹𐌼𐌼𐌰 𐌲𐌰𐍃𐌺𐌰𐍀𐌰𐌽𐌰 𐍃𐌹𐌽𐌳."
Colossians,1,17,𐌾𐌰𐌷 𐌹𐍃 𐌹𐍃𐍄 𐍆𐌰𐌿𐍂𐌰 𐌰𐌻𐌻𐌰𐌹𐌼 𐌾𐌰𐌷 𐌰𐌻𐌻𐌰 𐌹𐌽 𐌹𐌼𐌼𐌰 𐌿𐍃𐍃𐌰𐍄𐌹𐌳𐌰 𐍃𐌹𐌽𐌳. 𐌾𐌰𐌷 𐌹𐍃 𐌹𐍃𐍄 𐍆𐌰𐌿𐍂𐌰 𐌰𐌻𐌻𐌰𐌹𐌼 𐌾𐌰𐌷 𐌰𐌻𐌻𐌰 𐌹𐌽 𐌹𐌼𐌼𐌰 𐌿𐍃𐍃𐌰𐍄𐌹𐌳𐌰 𐍃𐌹𐌽𐌳.
Colossians,1,18,"𐌾𐌰𐌷 𐌹𐍃 𐌹𐍃𐍄 𐌷𐌰𐌿𐌱𐌹𐌸 𐌻𐌴𐌹𐌺𐌹𐍃, 𐌰𐌹𐌺𐌺𐌻𐌴𐍃𐌾𐍉𐌽𐍃, 𐍃𐌰𐌴𐌹 𐌹𐍃𐍄 𐌰𐌽𐌰𐍃𐍄𐍉𐌳𐌴𐌹𐌽𐍃, 𐍆𐍂𐌿𐌼𐌰𐌱𐌰𐌿𐍂 𐌿𐍃 𐌳𐌰𐌿𐌸𐌰𐌹𐌼, 𐌴𐌹 𐍃𐌹𐌾𐌰𐌹 𐌹𐌽 𐌰𐌻𐌻𐌰𐌹𐌼 𐌹𐍃 𐍆𐍂𐌿𐌼𐌰𐌳𐌴𐌹𐌽 𐌷𐌰𐌱𐌰𐌽𐌳𐍃; 𐌾𐌰𐌷 𐌹𐍃 𐌹𐍃𐍄 𐌷𐌰𐌿𐌱𐌹𐌸 𐌻𐌴𐌹𐌺𐌹𐍃, 𐌰𐌹𐌺𐌺𐌻𐌴𐍃𐌾𐍉𐌽𐍃, 𐍃𐌰𐌴𐌹 𐌹𐍃𐍄 𐌰𐌽𐌰𐍃𐍄𐍉𐌳𐌴𐌹𐌽𐍃, 𐍆𐍂𐌿𐌼𐌰𐌱𐌰𐌿𐍂 𐌿𐍃 𐌳𐌰𐌿𐌸𐌰𐌹𐌼, 𐌴𐌹 𐍃𐌹𐌾𐌰𐌹 𐌹𐌽 𐌰𐌻𐌻𐌰𐌹𐌼 𐌹𐍃 𐍆𐍂𐌿𐌼𐌰𐌳𐌴𐌹𐌽 𐌷𐌰𐌱𐌰𐌽𐌳𐍃;"
Colossians,1,19,"𐌿𐌽𐍄𐌴 𐌹𐌽 𐌹𐌼𐌼𐌰 𐌲𐌰𐌻𐌴𐌹𐌺𐌰𐌹𐌳𐌰 𐌰𐌻𐌻𐌰 𐍆𐌿𐌻𐌻𐍉𐌽 𐌱𐌰𐌿𐌰𐌽, 𐌿𐌽𐍄𐌴 𐌹𐌽 𐌹𐌼𐌼𐌰 𐌲𐌰𐌻𐌴𐌹𐌺𐌰𐌹𐌳𐌰 𐌰𐌻𐌻𐌰 𐍆𐌿𐌻𐌻𐍉𐌽 𐌱𐌰𐌿𐌰𐌽,"
Colossians,1,20,"𐌾𐌰𐌷 𐌸𐌰𐌹𐍂𐌷 𐌹𐌽𐌰 𐌲𐌰𐍆𐍂𐌹𐌸𐍉𐌽 𐌰𐌻𐌻𐌰 𐌹𐌽 𐌹𐌼𐌼𐌰, 𐌲𐌰𐍅𐌰𐌹𐍂𐌸𐌹 𐍄𐌰𐌿𐌾𐌰𐌽𐌳𐍃 𐌸𐌰𐌹𐍂𐌷 𐌱𐌻𐍉𐌸 𐌲𐌰𐌻𐌲𐌹𐌽𐍃 𐌹𐍃 𐌸𐌰𐌹𐍂𐌷 𐌹𐌽𐌰, 𐌾𐌰𐌸𐌸𐌴 𐌸𐍉 𐌰𐌽𐌰 𐌰𐌹𐍂𐌸𐌰𐌹 𐌾𐌰𐌸𐌸𐌴 𐌸𐍉 𐌰𐌽𐌰 𐌷𐌹𐌼𐌹𐌽𐌰𐌼. 𐌾𐌰𐌷 𐌸𐌰𐌹𐍂𐌷 𐌹𐌽𐌰 𐌲𐌰𐍆𐍂𐌹𐌸𐍉𐌽 𐌰𐌻𐌻𐌰 𐌹𐌽 𐌹𐌼𐌼𐌰, 𐌲𐌰𐍅𐌰𐌹𐍂𐌸𐌹 𐍄𐌰𐌿𐌾𐌰𐌽𐌳𐍃 𐌸𐌰𐌹𐍂𐌷 𐌱𐌻𐍉𐌸 𐌲𐌰𐌻𐌲𐌹𐌽𐍃 𐌹𐍃 𐌸𐌰𐌹𐍂𐌷 𐌹𐌽𐌰, 𐌾𐌰𐌸𐌸𐌴 𐌸𐍉 𐌰𐌽𐌰 𐌰𐌹𐍂𐌸𐌰𐌹 𐌾𐌰𐌸𐌸𐌴 𐌸𐍉 𐌰𐌽𐌰 𐌷𐌹𐌼𐌹𐌽𐌰𐌼."
Colossians,1,21,"𐌾𐌰𐌷 𐌹(𐌶𐍅𐌹𐍃) 𐍃𐌹𐌼𐌻𐌴 𐍅𐌹𐍃𐌰𐌽𐌳𐌰𐌽𐍃 𐍆𐍂𐌰𐌼𐌰𐌸𐌹𐌳𐌰𐌽𐍃 𐌾𐌰𐌷 𐍆𐌹𐌾𐌰𐌽𐌳𐍃 𐌲𐌰𐌷𐌿𐌲𐌳𐌰𐌹 𐌹𐌽 𐍅𐌰𐌿𐍂𐍃𐍄𐍅𐌰𐌼 𐌿𐌱𐌹𐌻𐌰𐌹𐌼, 𐌹𐌸 𐌽𐌿 𐌲𐌰𐍆𐍂𐌹𐌸𐍉𐌳𐌰𐌹 𐌾𐌰𐌷 𐌹𐌶𐍅𐌹𐍃 𐍃𐌹𐌼𐌻𐌴 𐍅𐌹𐍃𐌰𐌽𐌳𐌰𐌽𐍃 𐍆𐍂𐌰𐌼𐌰𐌸𐌹𐌳𐌰𐌽𐍃 𐌾𐌰𐌷 𐍆𐌹𐌾𐌰𐌽𐌳𐍃 𐌲𐌰𐌷𐌿𐌲𐌳𐌰𐌹 𐌹𐌽 𐍅𐌰𐌿𐍂𐍃𐍄𐍅𐌰𐌼 𐌿𐌱𐌹𐌻𐌰𐌹𐌼, 𐌹𐌸 𐌽𐌿 𐌲𐌰𐍆𐍂𐌹𐌸𐍉𐌳𐌰𐌹"
Colossians,1,22,"𐌹𐌽 𐌻𐌴𐌹𐌺𐌰 𐌼𐌰𐌼𐌼𐍉𐌽𐍃 𐌹𐍃 𐌸𐌰𐌹𐍂𐌷 𐌳𐌰𐌿𐌸𐌿 𐌳𐌿 𐌰𐍄𐍃𐌰𐍄𐌾𐌰𐌽 𐌹𐌶𐍅𐌹𐍃 𐍅𐌴𐌹𐌷𐌰𐌽𐍃 𐌾𐌰𐌷 𐌿𐌽𐍅𐌰𐌼𐌼𐌰𐌽𐍃 𐌾𐌰𐌷 𐌿𐍃𐍆𐌰𐌹𐍂𐌹𐌽𐌰𐌽𐍃 𐍆𐌰𐌿𐍂𐌰 𐌹𐌼𐌼𐌰, 𐌹𐌽 𐌻𐌴𐌹𐌺𐌰 𐌼𐌰𐌼𐌼𐍉𐌽𐍃 𐌹𐍃 𐌸𐌰𐌹𐍂𐌷 𐌳𐌰𐌿𐌸𐌿 𐌳𐌿 𐌰𐍄𐍃𐌰𐍄𐌾𐌰𐌽 𐌹𐌶𐍅𐌹𐍃 𐍅𐌴𐌹𐌷𐌰𐌽𐍃 𐌾𐌰𐌷 𐌿𐌽𐍅𐌰𐌼𐌼𐌰𐌽𐍃 𐌾𐌰𐌷 𐌿𐍃𐍆𐌰𐌹𐍂𐌹𐌽𐌰𐌽𐍃 𐍆𐌰𐌿𐍂𐌰 𐌹𐌼𐌼𐌰,"
Colossians,1,23,"𐌾𐌰𐌱𐌰𐌹 𐍃𐍅𐌴𐌸𐌰𐌿𐌷 𐌸𐌰𐌹𐍂𐌷𐍅𐌹𐍃𐌹𐌸 𐌹𐌽 𐌲𐌰𐌻𐌰𐌿𐌱𐌴𐌹𐌽𐌰𐌹 𐌲𐌰𐌸𐍅𐌰𐍃𐍄𐌹𐌳𐌰𐌹 𐌾𐌰𐌷 𐌲𐌰𐍄𐌿𐌻𐌲𐌹𐌳𐌰𐌹 𐌾𐌰𐌷 𐌽𐌹 𐌰𐍆𐍅𐌰𐌲𐌹𐌳𐌰𐌹 𐌰𐍆 𐍅𐌴𐌽𐌰𐌹 𐌰𐌹𐍅𐌰𐌲𐌲𐌴𐌻𐌾𐍉𐌽𐍃, 𐌸𐍉𐌴𐌹 𐌷𐌰𐌿𐍃𐌹𐌳𐌴𐌳𐌿𐌸, 𐍃𐌴𐌹 𐌼𐌴𐍂𐌹𐌳𐌰 𐌹𐍃𐍄 𐌹𐌽 𐌰𐌻𐌻𐌰 𐌲𐌰𐍃𐌺𐌰𐍆𐍄 𐌸𐍉 𐌿𐍆 𐌷𐌹𐌼𐌹𐌽𐌰, 𐌸𐌹𐌶𐍉𐌶𐌴𐌹 𐍅𐌰𐍂𐌸 𐌹𐌺 𐍀𐌰𐍅𐌻𐌿𐍃 𐌰𐌽𐌳𐌱𐌰𐌷𐍄𐍃; 𐌾𐌰𐌱𐌰𐌹 𐍃𐍅𐌴𐌸𐌰𐌿𐌷 𐌸𐌰𐌹𐍂𐌷𐍅𐌹𐍃𐌹𐌸 𐌹𐌽 𐌲𐌰𐌻𐌰𐌿𐌱𐌴𐌹𐌽𐌰𐌹 𐌲𐌰𐌸𐍅𐌰𐍃𐍄𐌹𐌳𐌰𐌹 𐌾𐌰𐌷 𐌲𐌰𐍄𐌿𐌻𐌲𐌹𐌳𐌰𐌹 𐌾𐌰𐌷 𐌽𐌹 𐌰𐍆𐍅𐌰𐌲𐌹𐌳𐌰𐌹 𐌰𐍆 𐍅𐌴𐌽𐌰𐌹 𐌰𐌹𐍅𐌰𐌲𐌲𐌴𐌻𐌾𐍉𐌽𐍃, 𐌸𐍉𐌴𐌹 𐌷𐌰𐌿𐍃𐌹𐌳𐌴𐌳𐌿𐌸, 𐍃𐌴𐌹 𐌼𐌴𐍂𐌹𐌳𐌰 𐌹𐍃𐍄 𐌹𐌽 𐌰𐌻𐌻𐌰 𐌲𐌰𐍃𐌺𐌰𐍆𐍄 𐌸𐍉 𐌿𐍆 𐌷𐌹𐌼𐌹𐌽𐌰, 𐌸𐌹𐌶𐍉𐌶𐌴𐌹 𐍅𐌰𐍂𐌸 𐌹𐌺 𐍀𐌰𐍅𐌻𐌿𐍃 𐌰𐌽𐌳𐌱𐌰𐌷𐍄𐍃;"
Colossians,1,24,"[𐍃𐌰𐌴𐌹] 𐌽𐌿 𐍆𐌰𐌲𐌹𐌽𐍉 𐌹𐌽 𐌸𐌰𐌹𐌼𐌴𐌹 𐍅𐌹𐌽𐌽𐌰 𐍆𐌰𐌿𐍂 𐌹𐌶𐍅𐌹𐍃 𐌾𐌰𐌷 𐌿𐍃𐍆𐌿𐌻𐌻𐌾𐌰 𐌲𐌰𐌹𐌳𐍅𐌰 𐌰𐌲𐌻𐍉𐌽𐍉 𐍇𐍂𐌹𐍃𐍄𐌰𐌿𐍃 𐌹𐌽 𐌻𐌴𐌹𐌺𐌰 𐌼𐌴𐌹𐌽𐌰𐌼𐌼𐌰 𐍆𐌰𐌿𐍂 𐌻𐌴𐌹𐌺 𐌹𐍃, 𐌸𐌰𐍄𐌴𐌹 𐌹𐍃𐍄 𐌰𐌹𐌺𐌺𐌻𐌴𐍃𐌾𐍉, [𐍃𐌰𐌴𐌹] 𐌽𐌿 𐍆𐌰𐌲𐌹𐌽𐍉 𐌹𐌽 𐌸𐌰𐌹𐌼𐌴𐌹 𐍅𐌹𐌽𐌽𐌰 𐍆𐌰𐌿𐍂 𐌹𐌶𐍅𐌹𐍃 𐌾𐌰𐌷 𐌿𐍃𐍆𐌿𐌻𐌻𐌾𐌰 𐌲𐌰𐌹𐍅𐌰 𐌰𐌲𐌻𐍉𐌽𐍉 𐍇𐍂𐌹𐍃𐍄𐌰𐌿𐍃 𐌹𐌽 𐌻𐌴𐌹𐌺𐌰 𐌼𐌴𐌹𐌽𐌰𐌼𐌼𐌰 𐍆𐌰𐌿𐍂 𐌻𐌴𐌹𐌺 𐌹𐍃, 𐌸𐌰𐍄𐌴𐌹 𐌹𐍃𐍄 𐌰𐌹𐌺𐌺𐌻𐌴𐍃𐌾𐍉,"
Colossians,1,25,"𐌸𐌹𐌶𐍉𐌶𐌴𐌹 𐍅𐌰𐍂𐌸 𐌹𐌺 𐌰𐌽𐌳𐌱𐌰𐌷𐍄𐍃 𐌱𐌹 𐍂𐌰𐌲𐌹𐌽𐌰 𐌲𐌿𐌳𐌹𐍃, 𐌸𐌰𐍄𐌴𐌹 𐌲𐌹𐌱𐌰𐌽 𐌹𐍃𐍄 𐌼𐌹𐍃 𐌹𐌽 𐌹𐌶𐍅𐌹𐍃 𐌳𐌿 𐌿𐍃𐍆𐌿𐌻𐌻𐌾𐌰𐌽 𐍅𐌰𐌿𐍂𐌳 𐌲𐌿𐌳𐌹𐍃, 𐌸𐌹𐌶𐍉𐌶𐌴𐌹 𐍅𐌰𐍂𐌸 𐌹𐌺 𐌰𐌽𐌳𐌱𐌰𐌷𐍄𐍃 𐌱𐌹 𐍂𐌰𐌲𐌹𐌽𐌰 𐌲𐌿𐌳𐌹𐍃, 𐌸𐌰𐍄𐌴𐌹 𐌲𐌹𐌱𐌰𐌽 𐌹𐍃𐍄 𐌼𐌹𐍃 𐌹𐌽 𐌹𐌶𐍅𐌹𐍃 𐌳𐌿 𐌿𐍃𐍆𐌿𐌻𐌻𐌾𐌰𐌽 𐍅𐌰𐌿𐍂𐌳 𐌲𐌿𐌳𐌹𐍃,"
Colossians,1,26,"𐍂𐌿𐌽𐌰 𐍃𐌴𐌹 𐌲𐌰𐍆𐌿𐌻𐌲𐌹𐌽𐌰 𐍅𐌰𐍃 𐍆𐍂𐌰𐌼 𐌰𐌹𐍅𐌰𐌼 𐌾𐌰𐌷 𐍆𐍂𐌰𐌼 𐌰𐌻𐌳𐌹𐌼, 𐌹𐌸 𐌽𐌿 𐌲𐌰𐍃𐍅𐌹𐌺𐌿𐌽𐌸𐌹𐌳𐌰 𐍅𐌰𐍂𐌸 𐌸𐌰𐌹𐌼 𐍅𐌴𐌹𐌷𐌰𐌼 𐌹𐍃, 𐍂𐌿𐌽𐌰 𐍃𐌴𐌹 𐌲𐌰𐍆𐌿𐌻𐌲𐌹𐌽𐌰 𐍅𐌰𐍃 𐍆𐍂𐌰𐌼 𐌰𐌹𐍅𐌰𐌼 𐌾𐌰𐌷 𐍆𐍂𐌰𐌼 𐌰𐌻𐌳𐌹𐌼, 𐌹𐌸 𐌽𐌿 𐌲𐌰𐍃𐍅𐌹𐌺𐌿𐌽𐌸𐌹𐌳𐌰 𐍅𐌰𐍂𐌸 𐌸𐌰𐌹𐌼 𐍅𐌴𐌹𐌷𐌰𐌼 𐌹𐍃,"
Colossians,1,27,"𐌸𐌰𐌹𐌼𐌴𐌹 𐍅𐌹𐌻𐌳𐌰 𐌲𐌿𐌸 𐌲𐌰𐌺𐌰𐌽𐌽𐌾𐌰𐌽 𐌲𐌰𐌱𐌴𐌹𐌽 𐍅𐌿𐌻𐌸𐌰𐌿𐍃 𐌸𐌹𐌶𐍉𐍃 𐍂𐌿𐌽𐍉𐍃 𐌹𐌽 𐌸𐌹𐌿𐌳𐍉𐌼, 𐌸𐌰𐍄𐌴𐌹 𐌹𐍃𐍄 𐍇𐍂𐌹𐍃𐍄𐌿𐍃 𐌹𐌽 𐌹𐌶𐍅𐌹𐍃, 𐍅𐌴𐌽𐍃 𐍅𐌿𐌻𐌸𐌰𐌿𐍃, 𐌸𐌰𐌹𐌼𐌴𐌹 𐍅𐌹𐌻𐌳𐌰 𐌲𐌿𐌸 𐌲𐌰𐌺𐌰𐌽𐌽𐌾𐌰𐌽 𐌲𐌰𐌱𐌴𐌹𐌽 𐍅𐌿𐌻𐌸𐌰𐌿𐍃 𐌸𐌹𐌶𐍉𐍃 𐍂𐌿𐌽𐍉𐍃 𐌹𐌽 𐌸𐌹𐌿𐌳𐍉𐌼, 𐌸𐌰𐍄𐌴𐌹 𐌹𐍃𐍄 𐍇𐍂𐌹𐍃𐍄𐌿𐍃 𐌹𐌽 𐌹𐌶𐍅𐌹𐍃, 𐍅𐌴𐌽𐍃 𐍅𐌿𐌻𐌸𐌰𐌿𐍃,"
Colossians,1,28,"𐌸𐌰𐌽𐌴𐌹 𐍅𐌴𐌹𐍃 𐌲𐌰𐍄𐌴𐌹𐌷𐌰𐌼 𐍄𐌰𐌻𐌶𐌾𐌰𐌽𐌳𐌰𐌽𐍃 𐌰𐌻𐌻 𐌼𐌰𐌽𐌽𐌴 𐌾𐌰𐌷 𐌻𐌰𐌹𐍃𐌾𐌰𐌽𐌳𐌰𐌽𐍃 𐌰𐌻𐌻 𐌼𐌰𐌽𐌽𐌴 𐌹𐌽 𐌰𐌻𐌻𐌰𐌹 𐌷𐌰𐌽𐌳𐌿𐌲𐌴𐌹𐌽, 𐌴𐌹 𐌰𐍄𐍃𐌰𐍄𐌾𐌰𐌹𐌼𐌰 𐌰𐌻𐌻 𐌼𐌰𐌽𐌽𐌴 𐍆𐌿𐌻𐌻𐌰𐍅𐌹𐍄𐌰𐌽 𐌹𐌽 𐍇𐍂𐌹𐍃𐍄𐌰𐌿 𐌹𐌴𐍃𐌿, 𐌸𐌰𐌽𐌴𐌹 𐍅𐌴𐌹𐍃 𐌲𐌰𐍄𐌴𐌹𐌷𐌰𐌼 𐍄𐌰𐌻𐌶𐌾𐌰𐌽𐌳𐌰𐌽𐍃 𐌰𐌻𐌻 𐌼𐌰𐌽𐌽𐌴 𐌾𐌰𐌷 𐌻𐌰𐌹𐍃𐌾𐌰𐌽𐌳𐌰𐌽𐍃 𐌰𐌻𐌻 𐌼𐌰𐌽𐌽𐌴 𐌹𐌽 𐌰𐌻𐌻𐌰𐌹 𐌷𐌰𐌽𐌳𐌿𐌲𐌴𐌹𐌽, 𐌴𐌹 𐌰𐍄𐍃𐌰𐍄𐌾𐌰𐌹𐌼𐌰 𐌰𐌻𐌻 𐌼𐌰𐌽𐌽𐌴 𐍆𐌿𐌻𐌻𐌰𐍅𐌹𐍄𐌰𐌽 𐌹𐌽 𐍇𐍂𐌹𐍃𐍄𐌰𐌿 𐌹𐌴𐍃𐌿,"
Colossians,1,29,𐌳𐌿 𐌸𐌰𐌼𐌼𐌴𐌹 𐌰𐍂𐌱𐌰𐌹𐌳𐌾𐌰 𐌿𐍃𐌳𐌰𐌿𐌳𐌾𐌰𐌽𐌳𐍃 𐌱𐌹 𐍅𐌰𐌿𐍂𐍃𐍄𐍅𐌰 𐍃𐌴𐌹 𐌹𐌽𐌽𐌰 𐌿𐍃𐍅𐌰𐌿𐍂𐌺𐌴𐌹𐌸 𐌹𐌽 𐌼𐌹𐍃 𐌹𐌽 𐌼𐌰𐌷𐍄𐌰𐌹.... 𐌳𐌿 𐌸𐌰𐌼𐌼𐌴𐌹 𐌰𐍂𐌱𐌰𐌹𐌳𐌾𐌰 𐌿𐍃𐌳𐌰𐌿𐌳𐌾𐌰𐌽𐌳𐍃 𐌱𐌹....
Colossians,2,1,
Colossians,2,2,
Colossians,2,3,
Colossians,2,4,
Colossians,2,5,
Colossians,2,6,
Colossians,2,7,
Colossians,2,8,
Colossians,2,9,
Colossians,2,10,
Colossians,2,11,".... 𐍆𐍂𐌰𐍅𐌰𐌿𐍂𐌷𐍄𐌴 𐌻𐌴𐌹𐌺𐌹𐍃, 𐌹𐌽 𐌱𐌹𐌼𐌰𐌹𐍄𐌰 𐍇𐍂𐌹𐍃𐍄𐌰𐌿𐍃,"
Colossians,2,12,"𐌼𐌹𐌸 𐌲𐌰𐌽𐌰𐍅𐌹𐍃𐍄𐍂𐍉𐌳𐌰𐌹 𐌹𐌼𐌼𐌰 𐌹𐌽 𐌳𐌰𐌿𐍀𐌴𐌹𐌽𐌰𐌹, 𐌹𐌽 𐌸𐌹𐌶𐌰𐌹𐌴𐌹 𐌾𐌰𐌷 𐌼𐌹𐌸𐌿𐍂𐍂𐌹𐍃𐌿𐌸 𐌸𐌰𐌹𐍂𐌷 𐌲𐌰𐌻𐌰𐌿𐌱𐌴𐌹𐌽 𐍅𐌰𐌿𐍂𐍃𐍄𐍅𐌹𐍃 𐌲𐌿𐌳𐌹𐍃, 𐍃𐌰𐌴𐌹 𐌿𐍂𐍂𐌰𐌹𐍃𐌹𐌳𐌰 𐌹𐌽(𐌰) 𐌿𐍃 𐌳𐌰𐌿𐌸𐌰𐌹𐌼."
Colossians,2,13,"𐌾𐌰𐌷 𐌹𐌶𐍅𐌹𐍃 𐌳𐌰𐌿𐌸𐌰𐌽𐍃 𐍅𐌹𐍃𐌰𐌽𐌳𐌰𐌽𐍃 𐌼𐌹𐍃𐍃𐌰𐌳𐌴𐌳𐌹𐌼 𐌾𐌰𐌷 𐌿𐌽𐌱𐌹𐌼𐌰𐌹𐍄𐌰 𐌻𐌴𐌹𐌺𐌹𐍃 𐌹𐌶𐍅𐌰𐍂𐌹𐍃 𐌼𐌹𐌸𐌲𐌰𐌵𐌹𐍅𐌹𐌳𐌰 𐌼𐌹𐌸 𐌹𐌼𐌼𐌰, 𐍆𐍂𐌰𐌲𐌹𐌱𐌰𐌽𐌳𐍃 𐌿𐌽𐍃 𐌰𐌻𐌻𐍉𐍃 𐌼𐌹𐍃𐍃𐌰𐌳𐌴𐌳𐌹𐌽𐍃,"
Colossians,2,14,"𐌰𐍆𐍃𐍅𐌰𐌹𐍂𐌱𐌰𐌽𐌳𐍃 𐌸𐍉𐍃 𐌰𐌽𐌰 𐌿𐌽𐍃 𐍅𐌰𐌳𐌾𐌰𐌱𐍉𐌺𐍉𐍃 𐍂𐌰𐌲𐌹𐌽𐌰𐌼 𐍃𐌴𐌹𐌽𐌰𐌹𐌼, 𐌸𐌰𐍄𐌴𐌹 𐍅𐌰𐍃 𐌰𐌽𐌳𐌰𐌽𐌴𐌹𐌸𐍉 𐌿𐌽𐍃, 𐌾𐌰𐌷 𐌸𐌰𐍄𐌰 𐌿𐍃𐌽𐌰𐌼 𐌿𐍃 𐌼𐌹𐌳𐌿𐌼𐌰𐌹 𐌲𐌰𐌽𐌰𐌲𐌻𐌾𐌰𐌽𐌳𐍃 𐌹𐍄𐌰 𐌳𐌿 𐌲𐌰𐌻𐌲𐌹𐌽,"
Colossians,2,15,"𐌰𐌽𐌳𐌷𐌰𐌼𐍉𐌽𐌳𐍃 𐍃𐌹𐌺 𐌻𐌴𐌹𐌺𐌰, 𐍂𐌴𐌹𐌺𐌾𐌰 𐌾𐌰𐌷 𐍅𐌰𐌻𐌳𐌿𐍆𐌽𐌾𐌰 𐌲𐌰𐍄𐌰𐍂𐌷𐌹𐌳𐌰 𐌱𐌰𐌻𐌸𐌰𐌱𐌰, 𐌲𐌰𐌱𐌻𐌰𐌿𐌸𐌾𐌰𐌽𐌳𐍃 𐌸𐍉 𐌱𐌰𐌹𐍂𐌷𐍄𐌰𐌱𐌰 𐌹𐌽 𐍃𐌹𐍃."
Colossians,2,16,"𐌽𐌹 𐌼𐌰𐌽𐌽𐌰 𐌽𐌿 𐌹𐌶𐍅𐌹𐍃 𐌱𐌹𐌳𐍉𐌼𐌾𐌰𐌹 𐌹𐌽 𐌼𐌰𐍄𐌰 𐌰𐌹𐌸𐌸𐌰𐌿 𐌹𐌽 𐌳𐍂𐌰𐌲𐌲𐌺𐌰 𐌰𐌹𐌸𐌸𐌰𐌿 𐌹𐌽 𐌳𐌰𐌹𐌻𐌰𐌹 𐌳𐌰𐌲𐌹𐍃 𐌳𐌿𐌻𐌸𐌰𐌹𐍃 𐌰𐌹𐌸𐌸𐌰𐌿 𐍆𐌿𐌻𐌻𐌹𐌸𐌴 𐌰𐌹𐌸𐌸𐌰𐌿 𐍃𐌰𐌱𐌱𐌰𐍄𐌿𐌼,"
Colossians,2,17,"𐌸𐌰𐍄𐌴𐌹 𐌹𐍃𐍄 𐍃𐌺𐌰𐌳𐌿𐍃 𐌸𐌹𐌶𐌴 𐌰𐌽𐌰𐍅𐌰𐌹𐍂𐌸𐌰𐌽𐌴, 𐌹𐌸 𐌻𐌴𐌹𐌺 𐍇𐍂𐌹𐍃𐍄𐌰𐌿𐍃."
Colossians,2,18,"𐌽𐌹 𐍈𐌰𐍃𐌷𐌿𐌽 𐌹𐌶𐍅𐌹𐍃 𐌲𐌰𐌾𐌹𐌿𐌺𐌰𐌹, 𐍅𐌹𐌻𐌾𐌰𐌽𐌳𐍃 𐌹𐌽 𐌷𐌰𐌿𐌽𐌴𐌹𐌽𐌰𐌹 𐌾𐌰𐌷 𐌱𐌻𐍉𐍄𐌹𐌽𐌰𐍃𐍃𐌰𐌿 𐌰𐌲𐌲𐌹𐌻𐌴 𐌸𐌰𐍄𐌴𐌹 𐌽𐌹 𐍃𐌰𐍈 𐌿𐍃𐌷𐌰𐍆𐌾𐌰𐌽𐌳𐍃 𐍃𐌹𐌺, 𐍃𐍅𐌰𐍂𐌴 𐌿𐍆𐌱𐌻𐌴𐍃𐌰𐌽𐍃 𐍆𐍂𐌰𐌼 𐍆𐍂𐌰𐌸𐌾𐌰 𐌻𐌴𐌹𐌺𐌹𐍃 𐍃𐌴𐌹𐌽𐌹𐍃,"
Colossians,2,19,"𐌾𐌰𐌷 𐌽𐌹 𐌷𐌰𐌱𐌰𐌽𐌳𐍃 𐌷𐌰𐌿𐌱𐌹𐌸, 𐌿𐍃 𐌸𐌰𐌼𐌼𐌴𐌹 𐌰𐌻𐌻 𐌻𐌴𐌹𐌺 𐌸𐌰𐌹𐍂𐌷 𐌲𐌰𐍅𐌹𐍃𐍃𐌹𐌽𐍃 𐌾𐌰𐌷 𐌲𐌰𐌱𐌹𐌽𐌳𐍉𐍃 𐌰𐌿𐌺𐌽𐌰𐌽𐌳𐍉 𐌾𐌰𐌷 𐌸𐌴𐌹𐌷𐌰𐌽𐌳𐍉 𐍅𐌰𐌷𐍃𐌴𐌹𐌸 𐌳𐌿 𐍅𐌰𐌷𐍃𐍄𐌰𐌿 𐌲𐌿𐌳𐌹𐍃."
Colossians,2,20,".... 𐌸𐌹𐍃 𐍆𐌰𐌹𐍂𐍈𐌰𐌿𐍃, 𐍈𐌰[𐌽] 𐌸𐌰𐌽𐌰𐍃𐌴𐌹𐌸𐍃 𐍃𐍅𐌴 𐌵𐌹𐍅𐌰𐌹 𐌹𐌽 𐌸𐌰𐌼𐌼𐌰 𐍆𐌰𐌹𐍂𐍈𐌰𐌿 𐌿𐍂𐍂𐌴𐌳𐌹𐌸? 𐌾𐌰𐌱𐌰𐌹 𐌲𐌰𐍃𐍅𐌿𐌻𐍄𐌿𐌸 𐌼𐌹𐌸 𐍇𐍂𐌹𐍃𐍄𐌰𐌿 𐌰𐍆 𐍃𐍄𐌰𐌱𐌹𐌼 𐌸𐌹𐍃 𐍆𐌰𐌹𐍂𐍈𐌰𐌿𐍃, 𐍈𐌰 𐌸𐌰𐌽𐌰𐍃𐌴𐌹𐌸𐍃 𐍃𐍅𐌴 𐌵𐌹𐍅𐌰𐌹 𐌹𐌽 𐌸𐌰𐌼𐌼𐌰 𐍆𐌰𐌹𐍂𐍈𐌰𐌿 𐌿𐍂𐍂𐌴𐌳𐌹𐌸?"
Colossians,2,21,"𐌽𐌹 𐍄𐌴𐌹𐌺𐌰𐌹𐍃, 𐌽𐌹𐌷 𐌰𐍄𐍃𐌽𐌰𐍂𐍀𐌾𐌰𐌹𐍃, 𐌽𐌹𐌷 𐌺𐌰𐌿𐍃𐌾𐌰𐌹𐍃! 𐌽𐌹 𐍄𐌴𐌹𐌺𐌰𐌹𐍃, 𐌽𐌹 𐌰𐍄𐍃𐌽𐌰𐍂𐍀𐌾𐌰𐌹𐍃, 𐌽𐌹 𐌺𐌰𐌿𐍃𐌾𐌰𐌹𐍃!"
Colossians,2,22,"𐌸𐌰𐍄𐌴𐌹 𐌹𐍃𐍄 𐌰𐌻𐌻 𐌳𐌿 𐍂𐌹𐌿𐍂𐌴𐌹𐌽, 𐌸𐌰𐌹𐍂𐌷 𐌸𐌰𐍄𐌴𐌹 𐌹𐍃 𐌱𐍂𐌿𐌺𐌾𐌰𐌹𐌳𐌰𐌿 𐌱𐌹 𐌰𐌽𐌰𐌱𐌿𐍃𐌽𐌹𐌼 𐌾𐌰𐌷 𐌻𐌰𐌹𐍃𐌴𐌹𐌽𐌹𐌼 𐌼𐌰𐌽𐌽𐌴, 𐌸𐌰𐍄𐌴𐌹 𐌹𐍃𐍄 𐌰𐌻𐌻 𐌳𐌿 𐍂𐌹𐌿𐍂𐌴𐌹𐌽, 𐌸𐌰𐌹𐍂𐌷 𐌸𐌰𐍄𐌴𐌹 𐌹𐍃 𐌱𐍂𐌿𐌺𐌾𐌰𐌹𐌳𐌰𐌿 𐌱(𐌹) 𐌰𐌽𐌰𐌱𐌿𐍃𐌽𐌹𐌼 𐌾𐌰𐌷 𐌻𐌰𐌹𐍃𐌴𐌹𐌽𐌹𐌼 𐌼𐌰𐌽𐌽𐌴,"
Colossians,2,23,"𐌸𐍉𐌴𐌹 𐍃𐌹𐌽𐌳 𐍃𐍅𐌴𐌸𐌰𐌿𐌷 𐍅𐌰𐌿𐍂𐌳 𐌷𐌰𐌱𐌰𐌽𐌳𐍉𐌽𐌰 𐌷𐌰𐌽𐌳𐌿𐌲𐌴𐌹𐌽𐍃 [𐌸𐌿𐌷𐍄𐌰𐌿𐍃] 𐌹𐌽 𐍆𐌰𐍃𐍄𐌿𐌱𐌽𐌾𐌰 𐌾𐌰𐌷 𐌷𐌰𐌿𐌽𐌴𐌹𐌽𐌰𐌹 𐌷𐌰𐌹𐍂𐍄𐌹𐌽𐍃 𐌾𐌰𐌷 𐌿𐌽𐍆𐍂𐌴𐌹𐌳𐌴𐌹𐌽𐌰𐌹 𐌻𐌴𐌹𐌺𐌹𐍃, 𐌽𐌹 𐌹𐌽 𐍃𐍅𐌴𐍂𐌹𐌸𐍉 𐍈𐌹𐌶𐌰𐌹 𐌳𐌿 𐍃𐍉𐌸𐌰 𐌻𐌴𐌹𐌺𐌹𐍃. 𐌸𐍉𐌴𐌹 𐍃𐌹𐌽𐌳 𐍃𐍅𐌴𐌸𐌰(𐌿𐌷) 𐍅𐌰𐌿𐍂𐌳 𐌷𐌰𐌱𐌰𐌽𐌳𐍉𐌽𐌰 𐌷𐌰𐌽𐌳𐌿𐌲(𐌴𐌹𐌽𐍃) [(𐌸)𐌿𐌷𐍄𐌰𐌿𐍃] 𐌹𐌽 𐍆𐌰𐍃𐍄𐌿𐌱𐌽𐌾𐌰 𐌾𐌰𐌷 𐌷𐌰𐌿𐌽𐌴𐌹𐌽𐌰𐌹 𐌷𐌰𐌹𐍂𐍄𐌹𐌽𐍃 𐌾𐌰𐌷 𐌿𐌽𐍆𐍂𐌴𐌹𐌳𐌴𐌹 𐌻𐌴𐌹𐌺𐌹𐍃, 𐌽𐌹 𐌹𐌽 𐍃𐍅𐌴𐍂𐌹𐌸𐍉 𐍈𐌹𐌶𐌰𐌹 𐌳𐌿 𐍃𐍉𐌸𐌰 𐌻𐌴𐌹𐌺𐌹𐍃."
Colossians,3,1,"𐌾𐌰𐌱𐌰𐌹 𐌽𐌿 𐌼𐌹𐌸𐌿𐍂𐍂𐌹𐍃𐌿𐌸 𐍇𐍂𐌹𐍃𐍄𐌰𐌿, 𐌸𐍉𐌴𐌹 𐌹𐌿𐍀𐌰 𐍃𐌹𐌽𐌳 𐍃𐍉𐌺𐌴𐌹𐌸, 𐌸𐌰𐍂𐌴𐌹 𐍇𐍂𐌹𐍃𐍄𐌿𐍃 𐌹𐍃𐍄 𐌹𐌽 𐍄𐌰𐌹𐌷𐍃𐍅𐌰𐌹 𐌲𐌿𐌳𐌹𐍃 𐍃𐌹𐍄𐌰𐌽𐌳𐍃. 𐌾𐌰𐌱𐌰𐌹 𐌽𐌿 𐌼𐌹𐌸𐌿𐍂𐍂𐌹𐍃𐌿𐌸 𐍇𐍂𐌹𐍃𐍄𐌰𐌿, 𐌸𐍉𐌴𐌹 𐌹𐌿𐍀𐌰 𐍃𐌹𐌽𐌳 𐍃𐍉𐌺𐌴𐌹𐌸, 𐌸𐌰𐍂𐌴𐌹 𐍇𐍂𐌹𐍃𐍄𐌿𐍃 𐌹𐍃𐍄 𐌹𐌽 𐍄𐌰𐌹𐌷𐍃𐍅𐌰𐌹 𐌲𐌿𐌳𐌹𐍃 𐍃𐌹𐍄𐌰𐌽𐌳𐍃."
Colossians,3,2,"𐌸𐌰𐌹𐌼𐌴𐌹 𐌹𐌿𐍀𐌰 𐍃𐌹𐌽𐌳 𐍆𐍂𐌰𐌸𐌾𐌰𐌹𐌸, 𐌽𐌹 𐌸𐌰𐌹𐌼 𐌸𐍉𐌴𐌹 𐌰𐌽𐌰 𐌰𐌹𐍂𐌸𐌰𐌹 𐍃𐌹𐌽𐌳. 𐌸𐌰𐌹𐌼𐌴𐌹 𐌹𐌿𐍀𐌰 𐍃𐌹𐌽𐌳 𐍆𐍂𐌰𐌸𐌾𐌰𐌹𐌸, 𐌽𐌹 𐌸𐌰𐌹𐌼 𐌸𐍉𐌴𐌹 𐌰𐌽𐌰 𐌰𐌹𐍂𐌸𐌰𐌹 𐍃𐌹𐌽𐌳."
Colossians,3,3,𐌿𐌽𐍄𐌴 𐌲𐌰𐌳𐌰𐌿𐌸𐌽𐍉𐌳𐌴𐌳𐌿𐌸 𐌾𐌰𐌷 𐌻𐌹𐌱𐌰𐌹𐌽𐍃 𐌹𐌶𐍅𐌰𐍂𐌰 𐌲𐌰𐍆𐌿𐌻𐌲𐌹𐌽𐌰 𐌹𐍃𐍄 𐌼𐌹𐌸 𐍇𐍂𐌹𐍃𐍄𐌰𐌿 𐌹𐌽 𐌲𐌿𐌳𐌰. 𐌿𐌽𐍄𐌴 𐌲𐌰𐌳𐌰𐌿𐌸𐌽𐍉𐌳𐌴𐌳𐌿𐌸 𐌾𐌰𐌷 𐌻𐌹𐌱𐌰𐌹𐌽𐍃 𐌹𐌶𐍅𐌰𐍂𐌰 𐌲𐌰𐍆𐌿𐌻𐌲𐌹𐌽𐌰 𐌹𐍃𐍄 𐌼𐌹𐌸 𐍇𐍂𐌹𐍃𐍄𐌰𐌿 𐌹𐌽 𐌲𐌿𐌳𐌰.
Colossians,3,4,"𐌸𐌰𐌽 𐍇𐍂𐌹𐍃𐍄𐌿𐍃 𐍃𐍅𐌹𐌺𐌿𐌽𐌸𐍃 𐍅𐌰𐌹𐍂𐌸𐌹𐌸, 𐌻𐌹𐌱𐌰𐌹𐌽𐍃 𐌹𐌶𐍅𐌰𐍂𐌰, 𐌸𐌰𐌽𐌿𐌷 𐌾𐌰𐌷 𐌾𐌿𐍃 𐌱𐌰𐌹𐍂𐌷𐍄𐌰𐌹 𐍅𐌰𐌹𐍂𐌸𐌹𐌸 𐌼𐌹𐌸 𐌹𐌼𐌼𐌰 𐌹𐌽 𐍅𐌿𐌻𐌸𐌰𐌿. 𐌸𐌰𐌽 𐍇𐍂𐌹𐍃𐍄𐌿𐍃 𐍃𐍅𐌹𐌺𐌿𐌽𐌸𐍃 𐍅𐌰𐌹𐍂𐌸𐌹𐌸, 𐌻𐌹𐌱𐌰𐌹𐌽𐍃 𐌹𐌶𐍅𐌰𐍂𐌰, (𐌸𐌰𐌽)𐌿𐌷 𐌾𐌰𐌷 𐌾𐌿𐍃 𐌱𐌰𐌹𐍂𐌷𐍄𐌰𐌹 𐍅𐌰𐌹𐍂(𐌸𐌹𐌸) 𐌼𐌹𐌸 𐌹𐌼𐌼𐌰 𐌹𐌽 𐍅𐌿𐌻𐌸𐌰𐌿."
Colossians,3,5,"𐌳𐌰𐌿𐌸𐌴𐌹𐌸 𐌽𐌿 𐌻𐌹𐌸𐌿𐌽𐍃 𐌹𐌶𐍅𐌰𐍂𐌰𐌽𐍃, 𐌸𐌰𐌽𐍃 𐌸𐌰𐌹𐌴𐌹 𐍃𐌹𐌽𐌳 𐌰𐌽𐌰 𐌰𐌹𐍂𐌸𐌰𐌹, 𐌷𐍉𐍂𐌹𐌽𐌰𐍃𐍃𐌰𐌿, 𐌿𐌽𐌷𐍂𐌰𐌹𐌽𐌴𐌹𐌽, 𐍅𐌹𐌽𐌽𐌰, 𐌻𐌿𐍃𐍄𐌰𐌿 𐌿𐌱𐌹𐌻𐌰𐌽𐌰 𐌾𐌰𐌷 𐍆𐌰𐌹𐌷𐌿𐌲𐌴𐌹𐍂𐍉𐌽, 𐍃(𐍉)𐌴𐌹 𐌹𐍃𐍄 𐌲𐌰𐌻𐌹𐌿𐌲𐌰𐌲𐌿𐌳𐌴 𐍃𐌺𐌰𐌻𐌺𐌹𐌽𐌰𐍃𐍃𐌿𐍃; 𐌳𐌰(𐌿𐌸)𐌴𐌹𐌸 𐌽𐌿 𐌻𐌹𐌸𐌿𐌽𐍃 𐌹𐌶𐍅𐌰𐍂𐌰𐌽𐍃, 𐌸𐌰𐌽𐍃 𐌸𐌰𐌹𐌴𐌹 𐍃𐌹𐌽𐌳 𐌰𐌽𐌰 𐌰𐌹𐍂𐌸𐌰𐌹, 𐌷𐍉𐍂𐌹𐌽𐌰𐍃𐍃𐌿, 𐌿𐌽𐌷𐍂𐌰𐌹𐌽𐌴𐌹𐌽, 𐍅𐌹𐌽𐌽𐍉𐌽, 𐌻𐌿𐍃𐍄𐌿 𐌿𐌱𐌹𐌻𐌰(𐌽𐌰) 𐌾𐌰𐌷 𐍆𐌰𐌹𐌷𐌿𐌲𐌴𐌹𐍂𐍉𐌽, 𐍃𐌴𐌹 𐌹𐍃𐍄 𐌲𐌰𐌻𐌹𐌿𐌲𐌰(𐌲𐌿)𐌳𐌴 𐍃𐌺𐌰𐌻𐌺𐌹𐌽𐌰𐍃𐍃𐌿𐍃;"
Colossians,3,6,"𐌸𐌰𐌹𐍂𐌷 𐌸𐍉𐌴𐌹 𐌵𐌹𐌼𐌹𐌸 𐌷𐌰𐍄𐌹𐍃 𐌲𐌿𐌳𐌹𐍃 𐌰𐌽𐌰 𐍃𐌿𐌽𐌿𐌼 𐌿𐌽𐌲𐌰𐌻𐌰𐌿𐌱𐌴𐌹𐌽𐌰𐌹𐍃, 𐌸𐌰𐌹𐍂𐌷 𐌸𐍉𐌴𐌹 𐌵𐌹𐌼𐌹𐌸 𐌷𐌰𐍄𐌹𐍃 𐌲𐌿𐌳𐌹𐍃 𐌰𐌽𐌰 𐍃𐌿𐌽𐌿𐌼 𐌿𐌽𐌲𐌰𐌻𐌰𐌿𐌱𐌴𐌹𐌽𐌰𐌹𐍃,"
Colossians,3,7,"𐌹𐌽 𐌸𐌰𐌹𐌼𐌴𐌹 𐌾𐌰𐌷 𐌾𐌿𐍃 𐌹𐌳𐌳𐌾𐌴𐌳𐌿𐌸 𐍃𐌹𐌼𐌻𐌴, 𐌸𐌰𐌽 𐌻𐌹𐌱𐌰𐌹𐌳𐌴𐌳𐌿𐌸 𐌹𐌽 𐌸𐌰𐌹𐌼. 𐌹𐌽 𐌸𐌰𐌹𐌼𐌴𐌹 𐌾𐌰𐌷 𐌾𐌿𐍃 𐌹𐌳𐌳𐌾𐌴𐌳𐌿𐌸 𐍃𐌹𐌼𐌻𐌴, 𐌸𐌰𐌽 𐌻𐌹𐌱𐌰𐌹𐌳𐌴𐌳𐌿𐌸 𐌹𐌽 𐌸𐌰𐌹𐌼."
Colossians,3,8,"𐌹𐌸 𐌽𐌿 𐌰𐍆𐌻𐌰𐌲𐌾𐌹𐌸 𐌾𐌰𐌷 𐌾𐌿𐍃 𐌸𐍉 𐌰𐌻𐌻𐌰, 𐌷𐌰𐍄𐌹𐍃, 𐌸𐍅𐌰𐌹𐍂𐌷𐌴𐌹𐌽, 𐌿𐌽𐍃𐌴𐌻𐌴𐌹𐌽, 𐌰𐌽𐌰𐌵𐌹𐍃𐍃, 𐌰𐌲𐌻𐌰𐌹𐍄𐌹𐍅𐌰𐌿𐍂𐌳𐌴𐌹𐌽; 𐌿𐍃 𐌼𐌿𐌽𐌸𐌰 𐌹𐌶𐍅𐌰𐍂𐌰𐌼𐌼𐌰 𐌽𐌹 [𐌽𐌹].... 𐌹𐌸 𐌽𐌿 𐌰𐍆𐌻𐌰𐌲𐌾𐌹𐌸 𐌾𐌰𐌷 𐌾𐌿𐍃 𐌸𐍉 𐌰𐌻𐌻𐌰, 𐌷𐌰𐍄𐌹𐍃, 𐌸𐍅𐌰𐌹𐍂𐌷𐌴𐌹𐌽, 𐌿𐌽𐍃𐌴𐌻𐌴𐌹𐌽, 𐌰𐌽𐌰𐌵𐌹𐍃𐍃, 𐌰𐌲𐌻𐌰𐌹𐍄𐌹𐍅𐌰𐌿𐍂𐌳𐌴𐌹𐌽; 𐌿𐍃 𐌼𐌿𐌽𐌸𐌰 𐌹𐌶𐍅𐌰𐍂𐌰𐌼𐌼𐌰 𐌽𐌹 𐌿𐍃𐌲𐌰𐌲𐌲𐌰𐌹."
Colossians,3,9,"𐌽𐌹 𐌻𐌹𐌿𐌲𐌰𐌹𐌸 𐌹𐌶𐍅𐌹𐍃 𐌼𐌹𐍃𐍃𐍉, 𐌰𐍆𐍃𐌻𐌰𐌿𐍀𐌾𐌰𐌽𐌳𐌰𐌽𐍃 𐌹𐌶𐍅𐌹𐍃 𐌸𐌰𐌽𐌰 𐍆𐌰𐌹𐍂𐌽𐌾𐌰𐌽 𐌼𐌰𐌽𐌽𐌰𐌽 𐌼𐌹𐌸 𐍄𐍉𐌾𐌰𐌼 𐌹𐍃,"
Colossians,3,10,"𐌾𐌰𐌷 𐌲𐌰𐌷𐌰𐌼𐍉𐌸 𐌽𐌹𐌿𐌾𐌰𐌼𐌼𐌰, 𐌸𐌰𐌼𐌼𐌰 𐌰𐌽𐌰𐌽𐌹𐍅𐌹𐌳𐌹𐌽 𐌳𐌿 𐌿𐍆𐌺𐌿𐌽𐌸𐌾𐌰 (𐌱𐌹) (𐍆𐍂)𐌹𐍃𐌰𐌷𐍄𐌰𐌹 𐌸𐌹𐍃, 𐍃𐌰𐌴𐌹 𐌲𐌰𐍃𐌺𐍉𐍀 𐌹𐌽𐌰;"
Colossians,3,11,"𐌸𐌰𐍂𐌴𐌹 𐌽𐌹𐍃𐍄 𐌺𐍂𐌴𐌺𐍃 𐌾𐌰𐌷 𐌾𐌿𐌳𐌰𐌹𐌿𐍃, 𐌱𐌹𐌼𐌰𐌹𐍄 𐌾𐌰𐌷 𐍆𐌰𐌿𐍂𐌰𐍆𐌹𐌻𐌻𐌹, 𐌱𐌰𐍂𐌱𐌰𐍂(𐌿𐍃) (𐌾𐌰𐌷) (𐍃)𐌺𐍅𐌸𐌿𐍃, 𐍃𐌺𐌰𐌻𐌺𐍃 𐌾𐌰𐌷 𐍆𐍂𐌴𐌹𐍃, 𐌰𐌺 𐌰𐌻𐌻𐌰 𐌾𐌰𐌷 𐌹𐌽 𐌰𐌻𐌻𐌰𐌹𐌼 𐍇𐍂𐌹𐍃𐍄𐌿𐍃."
Colossians,3,12,"𐌲𐌰𐌷𐌰𐌼𐍉𐌸 𐌹𐌶𐍅𐌹𐍃 𐌽𐌿 𐍃𐍅𐌴 𐌲𐌰𐍅𐌰𐌻𐌹(𐌳)𐌰𐌹 𐌲𐌿𐌳𐌹𐍃, 𐍅𐌴𐌹𐌷𐌰𐌽𐍃 𐌾𐌰𐌷 𐍅𐌰𐌻𐌹𐍃𐌰𐌽𐍃, 𐌱𐍂𐌿𐍃𐍄𐍃 𐌱𐌻𐌴𐌹𐌸𐌴𐌹𐌽, [𐌰𐍂𐌼𐌰(𐌷𐌰𐌹)𐍂𐍄𐌴𐌹𐌽], 𐍃𐌴𐌻𐌴(𐌹𐌽), 𐌷𐌰𐌿𐌽𐌴𐌹𐌽 𐌰(𐌷𐌹𐌽𐍃), 𐌵𐌰𐌹𐍂𐍂𐌴𐌹𐌽, 𐌿𐍃𐌱𐌴𐌹𐍃𐌽𐌴𐌹𐌽."
Colossians,3,13,"𐌸𐌿𐌻𐌰𐌽𐌳𐌰𐌽𐍃 𐌹𐌶(𐍅𐌹𐍃) 𐌼𐌹𐍃𐍃𐍉 𐌾𐌰𐌷 𐍆𐍂𐌰𐌲𐌹𐌱𐌰𐌽𐌳𐌰𐌽𐍃 𐍃(𐌹𐌻𐌱𐌰𐌽)𐍃, 𐌾𐌰𐌱𐌰𐌹 𐍈𐌰𐍃 𐍅𐌹𐌸𐍂𐌰 𐍈𐌰𐌽𐌰 𐌷𐌰𐌱𐌰𐌹 𐍆𐌰𐌹𐍂𐌹𐌽𐌰; 𐍃𐍅𐌰𐍃𐍅𐌴 𐌾𐌰𐌷 𐍇𐍂𐌹𐍃𐍄𐌿𐍃 𐍆𐍂𐌰𐌲𐌰𐍆 𐌹𐌶𐍅𐌹𐍃, 𐍃𐍅𐌰 𐌾𐌰𐌷 𐌾𐌿𐍃 𐍄𐌰𐌿𐌾𐌰𐌹𐌸."
Colossians,3,14,"𐌰𐌸𐌸𐌰𐌽 𐌿𐍆𐌰𐍂 𐌰𐌻𐌻𐌰 𐍆𐍂𐌹𐌰𐌸𐍅𐌰, 𐍃𐌴𐌹 𐌹𐍃𐍄 𐌲𐌰𐌱𐌹𐌽𐌳𐌹 𐌰𐌹𐌽𐌰𐌼𐌿𐌽𐌳𐌹𐌸𐍉𐍃."
Colossians,3,15,"𐌾𐌰𐌷 𐌲𐌰𐍅𐌰𐌹𐍂𐌸𐌹 𐌲𐌿𐌳𐌹𐍃 𐍃𐍅𐌹𐌲𐌽𐌾𐌰𐌹[𐌸] 𐌹(𐌽) 𐌷𐌰𐌹𐍂𐍄𐌰𐌼 𐌹𐌶𐍅𐌰𐍂𐌰𐌹𐌼, 𐌹𐌽 𐌸𐌰𐌼𐌼𐌴𐌹 𐌾𐌰𐌷 𐌻𐌰𐌸𐍉𐌳𐌰𐌹 𐍅𐌴𐍃𐌿𐌸 𐌹𐌽 𐌰𐌹𐌽𐌰𐌼𐌼𐌰 𐌻𐌴𐌹𐌺𐌰, 𐌾𐌰𐌷 𐌰𐍅𐌹𐌻𐌹𐌿𐌳𐍉𐌽𐌳𐌰𐌽𐍃 𐍅𐌰𐌹𐍂𐌸𐌰𐌹𐌸."
Colossians,3,16,"𐍅𐌰𐌿𐍂𐌳 𐍇𐍂𐌹𐍃𐍄𐌰𐌿𐍃 𐌱𐌰𐌿𐌰𐌹 𐌹𐌽 𐌹𐌶𐍅𐌹𐍃 𐌲𐌰𐌱𐌹𐌲𐌰𐌱𐌰, 𐌹𐌽 𐌰𐌻𐌻𐌰𐌹 𐌷𐌰𐌽𐌳𐌿𐌲𐌴𐌹𐌽 𐌾𐌰𐌷 𐍆𐍂𐍉𐌳𐌴𐌹𐌽 𐌰𐌷(𐌼𐌴𐌹)𐌽𐌰𐌹 𐌻𐌰𐌹𐍃𐌾𐌰𐌽𐌳𐌰𐌽𐍃 𐌾𐌰𐌷 𐍄𐌰𐌻𐌶(𐌾𐌰)𐌽𐌳𐌰𐌽𐍃 𐌹𐌶𐍅𐌹𐍃 𐍃𐌹𐌻𐌱𐌰𐌽𐍃 𐍀𐍃𐌰𐌻𐌼𐍉𐌼, 𐌷𐌰𐌶𐌴𐌹𐌽𐌹𐌼, 𐍃𐌰𐌲𐌲𐍅𐌹𐌼 𐌰𐌷𐌼𐌴𐌹𐌽𐌰𐌹𐌼, 𐌹𐌽 (𐌰𐌽)𐍃𐍄𐌰𐌹 𐍃𐌹𐌲𐌲(𐍅)𐌰𐌽𐌳𐌰𐌽𐍃 𐌹𐌽 𐌷𐌰𐌹𐍂(𐍄)𐌰𐌼 𐌹𐌶𐍅𐌰𐍂𐌰𐌹𐌼 𐍆(𐍂𐌰𐌿𐌾𐌹𐌽)."
Colossians,3,17,"𐌰𐌻𐌻 𐌸𐌹𐍃𐍈𐌰𐌷 𐌸𐌰𐍄𐌴𐌹 𐍄𐌰𐌿(𐌾𐌰𐌹)𐌸 𐌹𐌽 𐍅𐌰𐌿𐍂(𐌳𐌰) 𐌰𐌹𐌸𐌸𐌰𐌿 𐌹𐌽 𐍅𐌰𐌿𐍂𐍃𐍄𐍅𐌰, (𐌰)𐌻𐌻 𐌹𐌽 𐌽𐌰𐌼𐌹𐌽 𐍆𐍂𐌰𐌿𐌾𐌹𐌽𐍃 𐌹𐌴𐍃𐌿𐌹𐍃, 𐌰𐍅𐌹𐌻𐌹𐌿𐌳𐍉𐌽𐌳𐌰𐌽𐍃 𐌲𐌿𐌳𐌰 𐌰𐍄𐍄𐌹𐌽 𐌸𐌰𐌹𐍂𐌷 𐌹𐌽𐌰."
Colossians,3,18,"𐌾𐌿𐍃 𐌵𐌹𐌽𐍉𐌽𐍃, 𐌿𐍆𐌷𐌰𐌿𐍃𐌾𐌰𐌹𐌸 𐍅𐌰𐌹𐍂𐌰𐌼 𐌹𐌶𐍅𐌰𐍂𐌰𐌹𐌼, 𐍃𐍅𐌴 𐌲𐌰𐌵𐌹𐌼𐌹𐌸 𐌹𐌽 𐍆𐍂𐌰𐌿𐌾𐌹𐌽."
Colossians,3,19,"𐍅𐌰𐌹𐍂𐍉𐍃, 𐍆𐍂𐌹𐌾𐍉𐌸 𐌵𐌴𐌽𐌹𐌽𐍃 𐌹𐌶𐍅𐌰𐍂𐍉𐍃 𐌾𐌰𐌷 𐌽𐌹 𐍃𐌹𐌾𐌰𐌹𐌸 𐌱𐌰𐌹𐍄𐍂𐌰𐌹 (𐍅)𐌹𐌸𐍂𐌰 𐌸𐍉𐍃."
Colossians,3,20,"𐌱𐌰𐍂𐌽𐌰, 𐌿𐍆𐌷𐌰𐌿𐍃𐌾𐌰𐌹𐌸 𐍆𐌰𐌳𐍂𐌴𐌹𐌽𐌰𐌼 𐌱𐌹 𐌰𐌻𐌻; 𐌿𐌽𐍄𐌴 𐌸𐌰𐍄𐌰 𐍅𐌰𐌹𐌻𐌰 𐌲𐌰𐌻𐌴𐌹𐌺𐌰𐌹𐌸 𐌹𐍃𐍄 𐌹𐌽 𐍆𐍂𐌰𐌿𐌾𐌹𐌽."
Colossians,3,21,"𐌾𐌿𐍃 𐌰𐍄𐍄𐌰𐌽𐍃, 𐌽𐌹 𐌲𐍂𐌰𐌼𐌾𐌰𐌹𐌸 𐌱𐌰𐍂𐌽𐌰 𐌹𐌶𐍅𐌰𐍂𐌰 𐌳𐌿 𐌸𐍅𐌰𐌹𐍂𐌷𐌴𐌹𐌽, 𐌴𐌹 𐌽𐌹 𐍅𐌰𐌹𐍂𐌸𐌰𐌹𐌽𐌰 𐌹𐌽 𐌿𐌽𐌻𐌿𐍃𐍄𐌰𐌿."
Colossians,3,22,"𐌸𐌴𐍅𐌹𐍃𐌰, 𐌿𐍆𐌷𐌰𐌿𐍃𐌾𐌰𐌹𐌸 𐌱𐌹 𐌰𐌻𐌻 𐌻𐌴𐌹𐌺𐌰 𐍆𐍂𐌰𐌿𐌾𐌰𐌼, 𐌽𐌹 𐌹𐌽 𐌰𐌿𐌲𐌰𐌼 𐍃𐌺𐌰𐌻𐌺𐌹𐌽𐍉𐌽𐌳𐌰𐌽𐍃, 𐍃𐍅𐌴 𐌼𐌰𐌽𐌽𐌰𐌼 𐍃𐌰𐌼𐌾𐌰𐌽𐌳𐌰𐌽𐍃, 𐌰𐌺 𐌹𐌽 𐌰𐌹𐌽𐍆𐌰𐌻𐌸𐌴𐌹𐌽 𐌷𐌰𐌹𐍂𐍄𐌹𐌽𐍃, 𐍉𐌲𐌰𐌽𐌳𐌰𐌽𐍃 𐌲𐌿𐌸."
Colossians,3,23,"𐌸𐌹𐍃𐍈𐌰𐌷 𐌸𐌰𐍄𐌴𐌹 𐍄𐌰𐌿𐌾𐌰𐌹𐌸, 𐌿𐍃 𐍃𐌰𐌹𐍅𐌰𐌻𐌰𐌹 𐍅𐌰𐌿𐍂𐌺𐌾𐌰𐌹𐌸 𐍃𐍅𐌴 𐍆𐍂𐌰𐌿𐌾𐌹𐌽, 𐌽𐌹 𐌼𐌰𐌽𐌽𐌰𐌼,"
Colossians,3,24,𐍅𐌹𐍄𐌰𐌽𐌳𐌰𐌽𐍃 𐌸𐌰𐍄𐌴𐌹 𐌰𐍆 𐍆𐍂𐌰𐌿𐌾𐌹𐌽 𐌽𐌹𐌼𐌹𐌸 𐌰𐌽𐌳𐌰𐌻𐌰𐌿𐌽𐌹 𐌰𐍂𐌱𐌾𐌹𐍃; 𐌿𐌽𐍄𐌴 𐍆𐍂𐌰𐌿𐌾𐌹𐌽 𐍇𐍂𐌹𐍃𐍄𐌰𐌿 𐍃𐌺𐌰𐌻𐌺𐌹𐌽𐍉𐌸.
Colossians,3,25,"𐍃𐌰 𐌰𐌿𐌺 𐍃𐌺𐌰𐌸𐌰𐌹𐌻𐌰 𐌰𐌽𐌳𐌽𐌹𐌼𐌹𐌸 𐌸𐌰𐍄𐌴𐌹 𐍃𐌺𐍉𐌸, 𐌾𐌰𐌷 𐌽𐌹𐍃𐍄 𐍅𐌹𐌻𐌾𐌰𐌷𐌰𐌻𐌸𐌴𐌹𐌽 𐌰𐍄 𐌲𐌿𐌳𐌰."
Colossians,4,1,"𐌾𐌿𐍃 𐍆𐍂𐌰𐌿𐌾𐌰𐌽𐍃, 𐌲𐌰𐍂𐌰𐌹𐌷𐍄 𐌾𐌰𐌷 𐌹𐌱𐌽𐌰𐍃𐍃𐌿 𐌸𐌴𐍅𐌹𐍃𐌰𐌼 𐌰𐍄𐌺𐌿𐌽𐌽𐌰𐌹𐌸, 𐍅𐌹𐍄𐌰𐌽𐌳𐌰𐌽𐍃 𐌸𐌰𐍄𐌴𐌹 𐌰𐌹𐌷𐌿𐌸 𐌾𐌰𐌷 𐌾𐌿𐍃 𐍆𐍂𐌰𐌿𐌾𐌰𐌽 𐌹𐌽 𐌷𐌹𐌼𐌹𐌽𐌰𐌼."
Colossians,4,2,"𐌱𐌹𐌳𐌰𐌹 𐌷𐌰(𐍆)𐍄𐌾𐌰𐌽𐌳𐌰𐌽𐍃 𐌹𐌶𐍅𐌹𐍃, 𐍅𐌰𐌺𐌰𐌽𐌳𐌰𐌽𐍃 𐌹𐌽 𐌹𐌶𐌰𐌹 𐌹𐌽 𐌰𐍅𐌹𐌻𐌹𐌿𐌳𐌰𐌼;"
Colossians,4,3,"𐌱𐌹𐌳𐌾𐌰𐌽𐌳𐌰𐌽𐍃 𐍃𐌰𐌼𐌰𐌽𐌰 𐌾𐌰𐌷 𐌱𐌹 𐌿𐌽𐍃 𐌴𐌹 𐌲𐌿𐌸 𐌿𐍃𐌻𐌿𐌺𐌰𐌹 𐌿𐌽𐍃𐌹𐍃 𐌷𐌰𐌿𐍂𐌳 𐍅𐌰𐌿𐍂𐌳𐌹𐍃 𐌳𐌿 𐍂𐍉𐌳𐌾𐌰𐌽 𐍂𐌿𐌽𐌰 𐍇𐍂𐌹𐍃𐍄𐌰𐌿𐍃, 𐌹𐌽 𐌸𐌹𐌶𐍉𐌶𐌴𐌹 𐌾𐌰𐌷 𐌲𐌰𐌱𐌿𐌽𐌳𐌰𐌽𐍃 𐌹𐌼,"
Colossians,4,4,".... 𐌸𐍉, 𐍃𐍅𐌰𐍃𐍅𐌴 𐍃𐌺𐌿𐌻𐌾𐌰𐌿 𐍂𐍉𐌳𐌾𐌰𐌽. 𐌴𐌹 𐌲𐌰𐌱𐌰𐌹𐍂𐌷𐍄𐌾𐌰𐌿 𐌸𐍉, 𐍃𐍅𐌰𐍃𐍅𐌴 𐍃𐌺𐌿𐌻𐌾𐌰𐌿 𐍂𐍉𐌳𐌾𐌰𐌽."
Colossians,4,5,"𐌹𐌽 𐌷𐌰𐌽𐌳𐌿𐌲𐌴𐌹𐌽 𐌲𐌰𐌲𐌲𐌰𐌹𐌸 𐌳𐌿 𐌸𐌰𐌹𐌼 𐌿𐍄𐌰, 𐌼𐌴𐌻 𐌿𐍃𐌱𐌿𐌲𐌾𐌰𐌽𐌳𐌰𐌽𐍃. 𐌹𐌽 𐌷𐌰𐌽𐌳𐌿𐌲𐌴𐌹𐌽 𐌲𐌰𐌲𐌲𐌰𐌹𐌸 𐌳𐌿 𐌸𐌰𐌹𐌼 𐌿𐍄𐌰, 𐌸𐌰𐍄𐌰 𐌼𐌴𐌻 𐌿𐍃𐌱𐌿𐌲𐌾𐌰𐌽𐌳𐌰𐌽𐍃."
Colossians,4,6,"𐍅𐌰𐌿𐍂𐌳 𐌹𐌶𐍅𐌰𐍂 𐍃𐌹𐌽𐍄𐌴𐌹𐌽𐍉 𐌹𐌽 𐌰𐌽𐍃𐍄𐌰𐌹 𐍃𐌰𐌻𐍄𐌰 𐌲𐌰𐍃𐌿𐍀𐍉𐌸 𐍃𐌹𐌾𐌰𐌹, 𐌴𐌹 𐍅𐌹𐍄𐌴𐌹𐌸 𐍈𐌰𐌹𐍅𐌰 𐍃𐌺𐌿𐌻𐌴𐌹𐌸 𐌰𐌹𐌽𐍈𐌰𐍂𐌾𐌰𐌼𐌼𐌴𐌷 𐌰𐌽𐌳𐌷𐌰𐍆𐌾𐌰𐌽. 𐍅𐌰𐌿𐍂𐌳 𐌹𐌶𐍅𐌰𐍂 𐍃𐌹𐌽𐍄𐌴𐌹𐌽𐍉 𐌹𐌽 𐌰𐌽𐍃𐍄𐌰𐌹 𐍃𐌰𐌻𐍄𐌰 𐌲𐌰𐍃𐌿𐍀𐍉𐌸 𐍃𐌹𐌰𐌹, 𐌴𐌹 𐍅𐌹𐍄𐌴𐌹𐌸 𐍈𐌰𐌹𐍅𐌰 𐍃𐌺𐌿𐌻𐌴𐌹𐌸 𐌰𐌹𐌽𐍈𐌰𐍂𐌾𐌰𐌼𐌼𐌴𐌷 𐌰𐌽𐌳𐌷𐌰𐍆𐌾𐌰𐌽."
Colossians,4,7,"𐌸𐌰𐍄𐌴𐌹 𐌱𐌹 𐌼𐌹𐌺 𐌹𐍃𐍄, 𐌰𐌻𐌻 𐌲𐌰𐌺𐌰𐌽𐌽𐌴𐌹𐌸 𐌹𐌶𐍅𐌹𐍃 𐍄𐍅𐌺𐌴𐌹𐌺𐌿𐍃, 𐍃𐌰 𐌻𐌹𐌿𐌱𐌰 𐌱𐍂𐍉𐌸𐌰𐍂 𐌾𐌰𐌷 𐍄𐍂𐌹𐌲𐌲𐍅𐌰 𐌰𐌽𐌳𐌱𐌰𐌷𐍄𐍃 𐌾𐌰𐌷 𐌲𐌰𐍃𐌺𐌰𐌻𐌺𐌹 𐌹𐌽 𐍆𐍂𐌰𐌿𐌾𐌹𐌽, 𐌸𐌰𐍄𐌴𐌹 𐌱𐌹 𐌼𐌹𐌺 𐌹𐍃𐍄, 𐌰𐌻𐌻 𐌲𐌰𐌺𐌰𐌽𐌽𐌴𐌹𐌸 𐌹𐌶𐍅𐌹𐍃 𐍄𐍅𐌺𐌴𐌺𐌿𐍃, 𐍃𐌰 𐌻𐌹𐌿𐌱𐌰 𐌱𐍂𐍉𐌸𐌰𐍂 𐌾𐌰𐌷 𐍄𐍂𐌹𐌲𐌲𐍅𐌰 𐌰𐌽𐌳𐌱𐌰𐌷𐍄𐍃 𐌾𐌰𐌷 𐌲𐌰𐍃𐌺𐌰𐌻𐌺𐌹 𐌹𐌽 𐍆𐍂𐌰𐌿𐌾𐌹𐌽,"
Colossians,4,8,"𐌸𐌰𐌽𐌴𐌹 𐌹𐌽𐍃𐌰𐌽𐌳𐌹𐌳𐌰 𐌳𐌿 𐌹𐌶𐍅𐌹𐍃 𐌳𐌿𐌸𐌴 𐌴𐌹 𐌺𐌿𐌽𐌽𐌾𐌰(𐌹) 𐍈𐌰 𐌱𐌹 𐌹𐌶𐍅𐌹𐍃 𐌹𐍃𐍄, 𐌾𐌰𐌷 𐌲𐌰𐌸𐍂𐌰𐍆𐍃𐍄𐌾𐌰𐌹 𐌷𐌰𐌹𐍂𐍄𐍉𐌽𐌰 𐌹𐌶𐍅𐌰𐍂𐌰, 𐌸𐌰𐌽𐌴𐌹 𐌹𐌽𐍃𐌰𐌽𐌳𐌹𐌳𐌰 𐌳𐌿 𐌹𐌶𐍅𐌹𐍃 𐌳𐌿𐌸𐌸𐌴 𐌴𐌹 𐌺𐌿𐌽𐌽𐌾𐌰𐌹 𐍈𐌰 𐌱𐌹 𐌹𐌶𐍅𐌹𐍃 𐌹𐍃𐍄, 𐌾𐌰𐌷 𐌲𐌰𐌸𐍂𐌰𐍆𐍃𐍄𐌾𐌰𐌹 𐌷𐌰𐌹𐍂𐍄𐍉𐌽𐌰 𐌹𐌶𐍅𐌰𐍂𐌰,"
Colossians,4,9,"𐌼𐌹𐌸 𐌰𐌿𐌽𐌹𐍃𐌹𐌼𐌰𐌿 𐌸𐌰𐌼𐌼𐌰 𐌻𐌹𐌿𐌱𐌹𐌽 𐌾𐌰𐌷 𐍄𐍂𐌹𐌲𐌲𐍅𐌹𐌽 𐌱𐍂𐍉𐌸𐍂, 𐍃𐌰𐌴𐌹 𐌹𐍃𐍄 𐌿𐍃 𐌹𐌶𐍅𐌹𐍃, 𐌸𐌰𐌹𐌴𐌹 𐌰𐌻𐌻 𐌹𐌶𐍅𐌹𐍃 𐌲𐌰𐌺𐌰𐌽𐌽𐌾𐌰𐌽𐌳 𐌸𐌰𐍄𐌴𐌹 𐌷𐌴𐍂 𐌹𐍃𐍄. 𐌼𐌹𐌸 𐌰𐌿𐌽𐌹𐍃𐌹𐌼𐌰𐌿 𐌸𐌰𐌼𐌼𐌰 𐌻𐌹𐌿𐌱𐌹𐌽 𐌾𐌰𐌷 𐍄𐍂𐌹𐌲𐌲𐍅𐌹𐌽 𐌱𐍂𐍉𐌸𐍂, 𐍃𐌰𐌴𐌹 𐌹𐍃𐍄 𐌿𐍃 𐌹𐌶𐍅𐌹𐍃, 𐌸𐌰𐌹𐌴𐌹 𐌰𐌻𐌻 𐌹𐌶𐍅𐌹𐍃 𐌲𐌰𐌺𐌰𐌽𐌽𐌾𐌰𐌽𐌳 𐌸𐌰𐍄𐌴𐌹 𐌷𐌴𐍂 𐌹𐍃𐍄."
Colossians,4,10,"𐌲𐍉𐌻𐌴𐌹𐌸 𐌹𐌶𐍅𐌹𐍃 𐌰𐍂𐌹[𐌰]𐍃𐍄𐌰𐍂𐌺𐌿𐍃, 𐍃𐌰 𐌼𐌹𐌸𐍆𐍂𐌰𐌷𐌿𐌽𐌸𐌰𐌽𐌰 𐌼𐌹𐍃, 𐌾𐌰𐌷 𐌼𐌰𐍂𐌺𐌿𐍃 𐌲𐌰𐌳𐌹𐌻𐌹𐌲𐌲𐍃 𐌱𐌰𐍂𐌽𐌰𐌱𐌹𐌽𐍃, 𐌱𐌹 𐌸𐌰𐌽𐌴𐌹 𐌽𐌴𐌼𐌿𐌸 𐌰𐌽𐌰𐌱𐌿𐍃𐌽𐌹𐌽𐍃, 𐌴𐌹 𐌾𐌰𐌱𐌰𐌹 𐌵𐌹𐌼𐌰𐌹 𐌰𐍄 𐌹𐌶𐍅𐌹𐍃, 𐌰𐌽𐌳𐌽𐌹𐌼𐌰𐌹𐌸 𐌹𐌽𐌰; 𐌲𐍉𐌻𐌴𐌹𐌸 𐌹𐌶𐍅𐌹𐍃 𐌰𐍂𐌴𐌹𐍃𐍄𐌰𐍂𐌺𐌿𐍃, 𐍃𐌰 𐌼𐌹𐌸𐍆𐍂𐌰𐌷𐌿𐌽𐌸𐌰𐌽𐌰 𐌼𐌹𐍃, 𐌾𐌰𐌷 𐌼𐌰𐍂𐌺𐌿𐍃 𐌲𐌰𐌳𐌹𐌻𐌹𐌲𐌲𐍃 𐌱𐌰𐍂𐌽𐌰𐌱𐌹𐌽𐍃, 𐌱𐌹 𐌸𐌰𐌽𐌴𐌹 𐌽𐌴𐌼𐌿𐌸 𐌰𐌽𐌰𐌱𐌿𐍃𐌽𐌹𐌽𐍃, 𐌴𐌹 𐌾𐌰𐌱𐌰𐌹 𐌵𐌹𐌼𐌰𐌹 𐌰𐍄 𐌹𐌶𐍅𐌹𐍃, 𐌰𐌽𐌳𐌽𐌹𐌼𐌰𐌹𐌸 𐌹𐌽𐌰;"
Colossians,4,11,"𐌾𐌰𐌷 𐌹𐌴𐍃𐌿𐍃, 𐍃𐌰𐌴𐌹 𐌷𐌰𐌹𐍄𐌰𐌳𐌰 𐌾𐌿𐍃𐍄𐌿𐍃, 𐌸𐌰𐌹𐌴𐌹 𐍃𐌹𐌽𐌳 𐌿𐍃 𐌱𐌹𐌼𐌰𐌹𐍄𐌰. 𐌸𐌰𐌹 𐌰𐌹𐌽𐌰𐌹 𐌲𐌰𐍅𐌰𐌿𐍂𐍃𐍄𐍅𐌰𐌽𐍃 𐍃𐌹𐌽𐌳 𐌸𐌹𐌿𐌳𐌰𐌽𐌲𐌰𐍂𐌳𐌾𐍉𐍃 𐌲𐌿𐌳𐌹𐍃, 𐌸𐌰𐌹𐌴𐌹 𐍅𐌴𐍃𐌿𐌽 𐌼𐌹𐍃 𐌳𐌿 𐌲𐌰𐌸𐍂𐌰𐍆𐍃𐍄𐌴𐌹𐌽𐌰𐌹. 𐌾𐌰𐌷 𐌹𐌴𐍃𐌿𐍃, 𐍃𐌰𐌴𐌹 𐌷𐌰𐌹𐍄𐌰𐌳𐌰 𐌾𐌿𐍃𐍄𐌿𐍃, 𐌸𐌰𐌹𐌴𐌹 𐍃𐌹𐌽𐌳 𐌿𐍃 𐌱𐌹𐌼𐌰𐌹𐍄𐌰. 𐌸𐌰𐌹 𐌰𐌹𐌽𐌰𐌹 𐌲𐌰𐍅𐌰𐌿𐍂𐍃𐍄𐍅𐌰𐌽𐍃 𐍃𐌹𐌽𐌳 𐌸𐌹𐌿𐌳𐌰𐌽𐌲𐌰𐍂𐌳𐌾𐍉𐍃 𐌲𐌿𐌳𐌹𐍃, 𐌸𐌰𐌹𐌴𐌹 𐍅𐌴𐍃𐌿𐌽 𐌼𐌹𐍃 𐌳𐌿 𐌲𐌰𐌸𐍂𐌰𐍆𐍃𐍄𐌴𐌹𐌽𐌰𐌹."
Colossians,4,12,"𐌲𐍉𐌻𐌴𐌹𐌸 𐌹𐌶𐍅𐌹𐍃 𐌰𐌹𐍀𐌰𐍆𐍂𐌰𐍃, 𐍃𐌰 𐌿𐍃 𐌹𐌶𐍅𐌹𐍃, 𐍃𐌺𐌰𐌻𐌺𐍃 𐌹𐌴𐍃𐌿𐌹𐍃 𐍇𐍂𐌹𐍃𐍄𐌰𐌿𐍃, 𐍃𐌰 𐍃𐌹𐌽𐍄𐌴𐌹𐌽𐍉 𐌿𐍃𐌳𐌰𐌿𐌳𐌾𐌰𐌽𐌳𐍃 𐌱𐌹 𐌹𐌶𐍅𐌹𐍃 𐌹𐌽 𐌱𐌹𐌳𐍉𐌼, 𐌴𐌹 𐍃𐍄𐌰𐌽𐌳𐌰𐌹𐌸 𐌰𐌻𐌻𐌰𐍅𐌰𐌿𐍂𐍃𐍄𐍅𐌰𐌽𐍃 𐌾𐌰𐌷 𐍆𐌿𐌻𐌻𐌰𐍅𐌹𐍄𐌰𐌽𐍃 𐌹𐌽 𐌰𐌻𐌻𐌰𐌼𐌼𐌰 𐍅𐌹𐌻𐌾𐌹𐌽 𐌲𐌿𐌳𐌹𐍃. 𐌲𐍉𐌻𐌴𐌹𐌸 𐌹𐌶𐍅𐌹𐍃 𐌰𐌹𐍀𐌰𐍆𐍂𐌰𐍃, 𐍃𐌰 𐌿𐍃 𐌹𐌶𐍅𐌹𐍃, 𐍃𐌺𐌰𐌻𐌺𐍃 𐍇𐍂𐌹𐍃𐍄𐌰𐌿𐍃 𐌹𐌴𐍃𐌿𐌹𐍃, 𐍃𐌹𐌽𐍄𐌴𐌹𐌽𐍉 𐌿𐍃𐌳𐌰𐌿𐌳𐌾𐌰𐌽𐌳𐍃 𐌱𐌹 𐌹𐌶𐍅𐌹𐍃 𐌹𐌽 𐌱𐌹𐌳𐍉𐌼, 𐌴𐌹 𐍃𐍄𐌰𐌽𐌳𐌰𐌹𐌸 𐌰𐌻𐌻𐌰𐍅𐌰𐌿𐍂𐍃𐍄𐍅𐌰𐌽𐍃 𐌾𐌰𐌷 𐍆𐌿𐌻𐌻𐌰𐍅𐌹𐍄𐌰𐌽𐍃 𐌹𐌽 𐌰𐌻𐌻𐌰𐌼𐌼𐌰 𐍅𐌹𐌻𐌾𐌹𐌽 𐌲𐌿𐌳𐌹𐍃."
Colossians,4,13,𐍅𐌴𐌹𐍄𐍅𐍉𐌳𐌾𐌰 𐌰𐌿𐌺 𐌹𐌼𐌼𐌰 𐌸𐌰𐍄𐌴𐌹 𐌷𐌰𐌱𐌰𐌹𐌸 𐌼𐌰𐌽𐌰𐌲 𐌰𐌻𐌾𐌰𐌽 𐌱𐌹 𐌹𐌶𐍅𐌹𐍃 𐌾𐌰𐌷 𐌱𐌹 𐌸𐌰𐌽𐍃 𐌸𐌰𐌹𐌴𐌹 𐍃𐌹𐌽𐌳.... 𐍅𐌴𐌹𐍄𐍅𐍉𐌳𐌾𐌰 𐌰𐌿𐌺 𐌹𐌼𐌼𐌰 𐌸𐌰𐍄𐌴𐌹 𐌷𐌰𐌱𐌰𐌹𐌸 𐌼𐌰𐌽𐌰𐌲 𐌰𐌻𐌾𐌰𐌽 𐌱𐌹 𐌹𐌶𐍅𐌹𐍃 𐌾𐌰𐌷 𐌱𐌹 𐌸𐌰𐌽𐍃 𐌸𐌰𐌹𐌴𐌹 𐍃𐌹𐌽𐌳 𐌹𐌽 𐌻𐌰𐌿𐌳𐌴𐌹𐌺𐌰𐌹𐌰 𐌾𐌰𐌷 𐌹𐌰𐌹𐍂𐌰𐌿𐍀𐌰𐌿𐌻𐌴𐌹𐌽.
Colossians,4,14,"𐌲𐍉𐌻𐌴𐌹𐌸 𐌹𐌶𐍅𐌹𐍃 𐌻𐌿𐌺𐌰𐍃, 𐌻𐌴𐌹𐌺𐌴𐌹𐍃 𐍃𐌰 𐌻𐌹𐌿𐌱𐌰."
Colossians,4,15,𐌲𐍉𐌻𐌴𐌹𐌸 𐌸𐌰𐌽𐍃 𐌹𐌽 𐌻𐌰𐌿𐌳𐌴𐌹𐌺𐌰𐌹𐌰 𐌱𐍂𐍉𐌸𐍂𐌿𐌽𐍃 𐌾𐌰𐌷 𐌽𐍅𐌼𐍆𐌰𐌽 𐌾𐌰𐌷 𐌸𐍉 𐌹𐌽𐌲𐌰𐍂𐌳𐌾𐍉𐌽 𐌹𐍃 𐌰𐌹𐌺𐌺𐌻𐌴𐍃𐌾𐍉𐌽.
Colossians,4,16,"𐌾𐌰𐌷 𐌸𐌰𐌽 𐌿𐍃𐍃𐌹𐌲𐌲𐍅𐌰𐌹𐌳𐌰𐌿 𐌰𐍄 𐌹𐌶𐍅𐌹𐍃 𐍃𐍉 𐌰𐌹𐍀𐌹𐍃𐍄𐌰𐌿𐌻𐌴, 𐍄𐌰𐌿𐌾𐌰𐌹𐌸 𐌴𐌹 𐌾𐌰𐌷 𐌹𐌽 𐌻𐌰𐌿𐌳𐌴𐌺𐌰𐌹𐍉𐌽 𐌰𐌹𐌺𐌺𐌻𐌴𐍃𐌾𐍉𐌽 𐌿𐍃𐍃𐌹𐌲𐌲𐍅𐌰𐌹𐌳𐌰𐌿, 𐌾𐌰𐌷 𐌸𐍉𐌴𐌹 𐌹𐍃𐍄 𐌿𐍃 𐌻𐌰𐌿𐌳𐌴𐌹𐌺𐌰𐌹𐍉𐌽, 𐌾𐌿𐍃 𐌿𐍃𐍃𐌹𐌲𐌲𐍅𐌰𐌹𐌳."
Colossians,4,17,"𐌾𐌰𐌷 𐌵𐌹𐌸𐌰𐌹𐌸 𐌰𐍂𐌺𐌹𐍀𐍀𐌰𐌿: 𐍃𐌰𐌹𐍈 𐌸𐌰𐍄𐌰 𐌰𐌽𐌳𐌱𐌰𐌷𐍄𐌹 𐌸𐌰𐍄𐌴𐌹 𐌰𐌽𐌳𐌽𐌰𐌼𐍄 𐌹𐌽 𐍆𐍂𐌰𐌿𐌾𐌹𐌽, 𐌴𐌹 𐌹𐍄𐌰 𐌿𐍃𐍆𐌿𐌻𐌻𐌾𐌰𐌹𐍃."
Colossians,4,18,"𐌲𐍉𐌻𐌴𐌹𐌽𐍃 𐌼𐌴𐌹𐌽𐌰𐌹 𐌷𐌰𐌽𐌳𐌰𐌿 𐍀𐌰𐍅𐌻𐌰𐌿𐍃. [(Colossians 4:19) 𐌲𐌰𐌼𐌿𐌽𐌴𐌹𐌸 𐌼𐌴𐌹𐌽𐌰𐌹𐌶𐍉𐍃 𐌱𐌰𐌽𐌳𐌾𐍉𐍃. 𐌰𐌽𐍃𐍄𐍃 𐌼𐌹𐌸 𐌹𐌶𐍅𐌹𐍃, 𐌰𐌼𐌴𐌽.] [(Colossians 4:20) 𐌳𐌿 𐌺𐌰𐌿𐌻𐌰𐌿𐍃𐍃𐌰𐌹𐌿𐌼 𐌿𐍃𐍄𐌰𐌿𐌷.]"
I Thessalonians,1,1,
I Thessalonians,1,2,
I Thessalonians,1,3,
I Thessalonians,1,4,
I Thessalonians,1,5,
I Thessalonians,1,6,
I Thessalonians,1,7,
I Thessalonians,1,8,
I Thessalonians,1,9,
I Thessalonians,1,10,
I Thessalonians,2,1,
I Thessalonians,2,2,
I Thessalonians,2,3,
I Thessalonians,2,4,
I Thessalonians,2,5,
I Thessalonians,2,6,
I Thessalonians,2,7,
I Thessalonians,2,8,
I Thessalonians,2,9,
I Thessalonians,2,10,".... 𐌾𐌰𐌷 𐌲𐌿𐌸, 𐍈𐌰𐌹𐍅𐌰 𐍅𐌴𐌹𐌷𐌰𐌱𐌰 𐌾𐌰𐌷 𐌲𐌰𐍂𐌰𐌹𐌷𐍄𐌰𐌱𐌰 𐌾𐌰𐌷 𐌿𐌽𐍆𐌰𐌹𐍂𐌹𐌽𐍉𐌳𐌰𐌱𐌰 𐌹𐌶𐍅𐌹𐍃 𐌸𐌰𐌹𐌼 𐌲𐌰𐌻𐌰𐌿𐌱𐌾𐌰𐌽𐌳𐌰𐌼 𐍅𐌴𐍃𐌿𐌼,"
I Thessalonians,2,11,"𐍃𐍅𐌰𐍃𐍅𐌴 𐍅𐌹𐍄𐌿𐌸 𐌰𐌹𐌽𐍈𐌰𐍂𐌾𐌰𐌽𐍉𐌷 𐌹𐌶𐍅𐌰𐍂𐌰, 𐍃𐍅𐌴 𐌰𐍄𐍄𐌰 𐌱𐌰𐍂𐌽𐌰 𐍃𐌴𐌹𐌽𐌰, 𐌱𐌹𐌳𐌾𐌰𐌽𐌳𐌰𐌽𐍃 𐌹𐌶𐍅𐌹𐍃 𐌾𐌰𐌷 𐌲𐌰𐌸𐌻𐌰𐌹𐌷𐌰𐌽𐌳𐌰𐌽𐍃,"
I Thessalonians,2,12,"𐌾𐌰𐌷 𐍅𐌴𐌹𐍄𐍅𐍉𐌳𐌾𐌰𐌽𐌳𐌰𐌽𐍃 𐌳𐌿 𐌲𐌰𐌲𐌲𐌰𐌽 𐌹𐌶𐍅𐌹𐍃 𐍅𐌰𐌹𐍂𐌸𐌰𐌱𐌰 𐌲𐌿𐌳𐌹𐍃, 𐍃𐌰𐌴𐌹 𐌻𐌰𐌸𐍉𐌳𐌰 𐌹𐌶𐍅𐌹𐍃 𐌳𐌿 𐍃𐌴𐌹𐌽𐌰𐌹 𐌸𐌹𐌿𐌳𐌰𐌽𐌲𐌰𐍂𐌳𐌾𐌰𐌹 𐌾𐌰𐌷 𐍅𐌿𐌻𐌸𐌰𐌿."
I Thessalonians,2,13,"𐌳𐌿𐌸𐌴 𐌾𐌰𐌷 𐍅𐌴𐌹𐍃 𐌰𐍅𐌹𐌻𐌹𐌿𐌳𐍉𐌼 𐌲𐌿𐌳𐌰 𐌿𐌽𐍃𐍅𐌴𐌹𐌱𐌰𐌽𐌳𐌰𐌽𐍃, 𐌿𐌽𐍄𐌴 𐌽𐌹𐌼𐌰𐌽𐌳𐌰𐌽𐍃 𐌰𐍄 𐌿𐌽𐍃 𐍅𐌰𐌿𐍂𐌳 𐌷𐌰𐌿𐍃𐌴𐌹𐌽𐌰𐌹𐍃 𐌲𐌿𐌳𐌹𐍃 𐌰𐌽𐌳𐌽𐌴𐌼𐌿𐌸 𐌽𐌹 𐍃𐍅𐌰𐍃𐍅𐌴 𐍅𐌰𐌿𐍂𐌳 𐌼𐌰𐌽𐌽𐌴, 𐌰𐌺 𐍃𐍅𐌰𐍃𐍅𐌴 𐌹𐍃𐍄 𐍃𐌿𐌽𐌾𐌰𐌱𐌰 𐍅𐌰𐌿𐍂𐌳 𐌲𐌿𐌳𐌹𐍃, 𐌸𐌰𐍄𐌴𐌹 𐌾𐌰𐌷 𐍅𐌰𐌿𐍂𐌺𐌴𐌹 𐌹𐌽 𐌹𐌶𐍅𐌹𐍃 𐌾𐌿𐌶𐌴𐌹 𐌲𐌰𐌻𐌰𐌿𐌱𐌴𐌹𐌸."
I Thessalonians,2,14,"𐌾𐌿𐍃 𐌰𐌿𐌺 𐌲𐌰𐌻𐌴𐌹𐌺𐍉𐌽𐌳𐌰𐌽𐍃 𐍅𐌰𐌿𐍂𐌸𐌿𐌸, 𐌱𐍂𐍉𐌸𐍂𐌾𐌿𐍃, 𐌰𐌹𐌺𐌺𐌻𐌴𐍃𐌾𐍉𐌼 𐌲𐌿𐌳𐌹𐍃 𐌸𐌰𐌹𐌼 𐍅𐌹𐍃𐌰𐌽𐌳𐌴𐌹𐌼 𐌹𐌽 𐌹𐌿𐌳𐌰𐌹𐌰 𐌹𐌽 𐍇𐍂𐌹𐍃𐍄𐌰𐌿 𐌹𐌴𐍃𐌿, 𐌿𐌽𐍄𐌴 𐌸𐌰𐍄𐌰 𐍃𐌰𐌼𐍉 𐍅𐌿𐌽𐌽𐌿𐌸 𐌾𐌰𐌷 𐌾𐌿𐍃 𐍆𐍂𐌰𐌼 𐌹𐌶𐍅𐌰𐍂𐌰𐌹𐌼 𐌹𐌽𐌺𐌿𐌽𐌾𐌰𐌼 𐍃𐍅𐌰𐍃𐍅𐌴 𐌾𐌰𐌷 𐍅𐌴𐌹𐍃 𐍆𐍂𐌰𐌼 𐌹𐌿𐌳𐌰𐌹𐌿𐌼,"
I Thessalonians,2,15,"𐌸𐌰𐌹𐌴𐌹 𐌾𐌰𐌷 𐍆𐍂𐌰𐌿𐌾𐌹𐌽 𐌿𐍃𐌵𐌴𐌼𐌿𐌽 𐌹𐌴𐍃𐌿𐌰 𐌾𐌰𐌷 𐍃𐍅𐌴𐍃𐌰𐌹𐌼 𐍀𐍂𐌰𐌿𐍆𐌴𐍄𐌿𐌼 𐌾𐌰𐌷 𐌿𐌽𐍃 𐍆𐍂𐌰𐍅𐍂𐌴𐌺𐌿𐌽 𐌾𐌰𐌷 𐌲𐌿𐌳𐌰 𐌽𐌹 𐌲𐌰𐌻𐌴𐌹𐌺𐌰𐌽𐌳𐌰𐌽𐍃 𐌾𐌰𐌷 𐌰𐌻𐌻𐌰𐌹𐌼 𐌼𐌰𐌽𐌽𐌰𐌼 𐌰𐌽𐌳𐌰𐌽𐌴𐌹𐌸𐌰𐌽𐍃 𐍃𐌹𐌽𐌳,"
I Thessalonians,2,16,"𐍅𐌰𐍂𐌾𐌰𐌽𐌳𐌰𐌽𐍃 𐌿𐌽𐍃 𐌳𐌿 𐌸𐌹𐌿𐌳𐍉𐌼 𐍂𐍉𐌳𐌾𐌰𐌽 𐌴𐌹 𐌲𐌰𐌽𐌹𐍃𐌰𐌹𐌽𐌰, 𐌰𐌺𐌴𐌹 𐌳𐌿 𐌿𐍃𐍆𐌿𐌻𐌻𐌾𐌰𐌽 𐍃𐌴𐌹𐌽𐍉𐍃 𐍆𐍂𐌰𐍅𐌰𐌿𐍂𐌷𐍄𐌹𐌽𐍃 𐍃𐌹𐌽𐍄𐌴𐌹𐌽𐍉; 𐌰𐌸𐌸𐌰𐌽 𐍃𐌽𐌰𐌿𐌷 𐌰𐌽𐌰 𐌹𐌽𐍃 𐌷𐌰𐍄𐌹𐍃 𐌲𐌿𐌳𐌹𐍃 𐌿𐌽𐌳 𐌰𐌽𐌳𐌹."
I Thessalonians,2,17,"𐌰𐌸𐌸𐌰𐌽 𐍅𐌴𐌹𐍃, 𐌱𐍂𐍉𐌸𐍂𐌾𐌿𐍃, 𐌲𐌰𐌰𐌹𐌽[𐌰𐌽]𐌰𐌹𐌳𐌰𐌹 𐌰𐍆 𐌹𐌶𐍅𐌹𐍃 𐌳𐌿 𐌼𐌴𐌻𐌰 𐍈𐌴𐌹𐌻𐍉𐍃, 𐌰𐌽𐌳𐍅𐌰𐌹𐍂𐌸𐌾𐌰 𐌽𐌹 𐌷𐌰𐌹𐍂𐍄𐌹𐌽, 𐌿𐍆𐌰𐍂𐌰𐍃𐍃𐌰𐌿 𐍃𐌽𐌹𐌿𐌼𐌹𐌳𐌴𐌳𐌿𐌼 𐌰𐌽𐌳𐌰𐌿𐌲𐌹 𐌹𐌶𐍅𐌰𐍂[𐌰] 𐌲𐌰𐍃𐌰𐌹𐍈𐌰𐌽 𐌹𐌽 𐌼𐌰𐌽𐌰𐌲𐌰𐌼𐌼𐌰 𐌻𐌿𐍃𐍄𐌰𐌿."
I Thessalonians,2,18,"𐌿𐌽𐍄𐌴 𐍅𐌹𐌻𐌳𐌴𐌳𐌿𐌼 𐌵𐌹𐌼𐌰𐌽 𐌰𐍄 𐌹𐌶𐍅𐌹𐍃, 𐌹𐌺 𐍂𐌰𐌹𐌷𐍄𐌹𐍃 𐍀𐌰𐍅𐌻𐌿𐍃 𐌾𐌰𐌷 𐌰𐌹𐌽𐌰𐌼𐌼𐌰 𐍃𐌹𐌽𐌸𐌰 𐌾𐌰𐌷 𐍄𐍅𐌰𐌹𐌼, 𐌾𐌰𐌷 𐌰𐌽𐌰𐌻𐌰𐍄𐌹𐌳𐌰 𐌿𐌽𐍃 𐍃𐌰𐍄𐌰𐌽𐌰."
I Thessalonians,2,19,"𐍈𐌰 𐌰𐌿𐌺 𐌹𐍃𐍄 𐌿𐌽𐍃𐌰𐍂𐌰 𐍅𐌴𐌽𐍃 𐌰𐌹𐌸𐌸𐌰𐌿 𐍆𐌰𐌷𐌴𐌸𐍃 𐌰𐌹𐌸𐌸𐌰𐌿 𐍅𐌰𐌹𐍀𐍃 𐍈𐍉𐍆𐍄𐌿𐌻𐌾𐍉𐍃, 𐌽𐌹𐌿 𐌾𐌿𐍃 𐌹𐌽 𐌰𐌽𐌳𐍅𐌰𐌹𐍂𐌸𐌾𐌰 𐍆𐍂𐌰𐌿𐌾𐌹𐌽𐍃 𐌿𐌽𐍃𐌰𐍂𐌹𐍃 𐌹𐌴𐍃𐌿𐌹𐍃 𐍇𐍂𐌹𐍃𐍄𐌰𐌿𐍃 𐌹𐌽 𐌹𐍃 𐌵𐌿𐌼𐌰?"
I Thessalonians,2,20,𐌾𐌿𐍃 𐌰𐌿𐌺 𐍃𐌹𐌿𐌸 𐍅𐌿𐌻𐌸𐌿𐍃 𐌿𐌽𐍃𐌰𐍂 𐌾𐌰𐌷 𐍆𐌰𐌷𐌴𐌸𐍃.
I Thessalonians,3,1,"𐌹𐌽 𐌸𐌹𐌶𐌴𐌹 𐌾𐌿 𐌽𐌹 𐌿𐍃𐌸𐌿𐌻𐌰𐌽𐌳𐌰𐌽𐍃 𐌸𐌰𐌽𐌰𐌼𐌰𐌹𐍃, 𐌲𐌰𐌻𐌴𐌹𐌺𐌰𐌹𐌳𐌰 𐌿𐌽𐍃 𐌴𐌹 𐌱𐌹𐌻𐌹𐌸𐌰𐌽𐌰𐌹 𐍅𐌴𐍃𐌴𐌹𐌼𐌰 𐌹𐌽 𐌰𐌸𐌴𐌹𐌽𐌹𐌼 𐌰𐌹𐌽𐌰𐌹."
I Thessalonians,3,2,"𐌾𐌰𐌷 𐌹𐌽𐍃𐌰𐌽𐌳𐌹𐌳𐌴𐌳𐌿𐌼 𐍄𐌴𐌹𐌼𐌰𐌿𐌸𐌰𐌹𐌿, 𐌱𐍂𐍉𐌸𐌰𐍂 𐌿𐌽𐍃𐌰𐍂𐌰𐌽𐌰 𐌾𐌰𐌷 𐌰𐌽𐌳𐌱𐌰𐌷𐍄 𐌲𐌿𐌳𐌹𐍃 𐌹𐌽 𐌰𐌹𐍅𐌰𐌲𐌲𐌴𐌻𐌾𐍉𐌽 𐍇𐍂𐌹𐍃𐍄𐌰𐌿𐍃, 𐌴𐌹 𐌹𐌶𐍅𐌹𐍃 𐌲𐌰𐍄𐌿𐌻𐌲𐌾𐌰𐌹 𐌾𐌰𐌷 𐌱𐌹𐌳𐌾𐌰𐌹 𐌱𐌹 𐌲𐌰𐌻𐌰𐌿𐌱𐌴𐌹𐌽 𐌹𐌶𐍅𐌰𐍂𐌰,"
I Thessalonians,3,3,𐌴𐌹 𐌽𐌹 𐌰𐌹𐌽𐍃𐌷𐌿𐌽 𐌰𐍆𐌰𐌲𐌾𐌰𐌹𐌳𐌰𐌿 𐌹𐌽 𐌸𐌰𐌹𐌼 𐌰𐌲𐌲𐍅𐌹𐌸𐍉𐌼; 𐍃𐌹𐌻𐌱𐌰𐌽𐍃 𐌰𐌿𐌺 𐍅𐌹𐍄𐌿𐌸 𐌸𐌰𐍄𐌴𐌹 𐌳𐌿 𐌸𐌰𐌼𐌼𐌰 𐍃𐌰𐍄𐌹𐌳𐌰𐌹 𐍃𐌹𐌾𐌿𐌼.
I Thessalonians,3,4,"𐌾𐌰𐌷 𐌰𐌿𐌺 𐌸𐌰𐌽 𐍅𐌴𐍃𐌿𐌼 𐌰𐍄 𐌹𐌶𐍅𐌹𐍃, 𐍆𐌰𐌿𐍂𐌰𐌵𐌴𐌸𐌿𐌼 𐌹𐌶𐍅𐌹𐍃 𐌸𐌰𐍄𐌴𐌹 𐌰𐌽𐌰𐍅𐌰𐌹𐍂𐌸 𐍅𐌰𐍃 𐌿𐌽𐍃 𐌳𐌿 𐍅𐌹𐌽𐌽𐌰𐌽 𐌰𐌲𐌻𐌹𐌸𐍉𐍃, 𐍃𐍅𐌰𐍃𐍅𐌴 𐌾𐌰𐌷 𐍅𐌰𐍂𐌸 𐌾𐌰𐌷 𐍅𐌹𐍄𐌿𐌸."
I Thessalonians,3,5,"𐌳𐌿𐌸𐌸𐌴 𐌾𐌰𐌷 𐌹𐌺 𐌾𐌿 𐌽𐌹 𐌿𐍃𐌸𐌿𐌻𐌰𐌽𐍃 𐌹𐌽𐍃𐌰𐌽𐌳𐌹𐌳𐌰 𐌳𐌿 𐌿𐍆𐌺𐌿𐌽𐌽𐌰𐌽 𐌲𐌰𐌻𐌰𐌿𐌱𐌴𐌹𐌽 𐌹𐌶𐍅𐌰𐍂𐌰, 𐌹𐌱𐌰𐌹 𐌰𐌿𐍆𐍄𐍉 𐌿𐍃𐍆𐌰𐌹𐍆𐍂𐌰𐌹𐍃𐌹 𐌹𐌶𐍅𐌹𐍃 𐍃𐌰 𐍆𐍂𐌰𐌹𐍃𐌰𐌽𐌳𐍃 𐌾𐌰𐌷 𐍃𐍅𐌰𐍂𐌴 𐍅𐌰𐌹𐍂𐌸𐌰𐌹 𐌰𐍂𐌱𐌰𐌹𐌸𐍃 𐌿𐌽𐍃𐌰𐍂𐌰."
I Thessalonians,3,6,"𐌰𐌸𐌸𐌰𐌽 𐌽𐌿 𐌰𐍄 𐌵𐌹𐌼𐌰𐌽𐌳𐌹𐌽 𐍄𐌴𐌹𐌼𐌰𐌿𐌸𐌰𐌹𐌿 𐌰𐍄 𐌿𐌽𐍃𐌹𐍃 𐍆𐍂𐌰𐌼 𐌹𐌶𐍅𐌹𐍃 𐌾𐌰𐌷 𐌲𐌰𐍄𐌴𐌹𐌷𐌰𐌽𐌳𐌹𐌽 𐌿𐌽𐍃 𐌲𐌰𐌻𐌰𐌿𐌱𐌴𐌹𐌽 𐍆𐍂𐌹𐌰𐌸𐍅𐌰 𐌹𐌶𐍅𐌰𐍂𐌰, 𐌾𐌰𐌷 𐌸𐌰𐍄𐌴𐌹 𐌲𐌰𐌼𐌹𐌽𐌸𐌹 𐌿𐌽𐍃𐌰𐍂 𐌷𐌰𐌱𐌰𐌹𐌸 𐌲𐍉𐌳 𐍃𐌹𐌽𐍄𐌴𐌹𐌽𐍉, 𐌲𐌰𐌹𐍂𐌽𐌾𐌰𐌽𐌳𐌰𐌽𐍃 𐌿𐌽𐍃 𐌲𐌰𐍃𐌰𐌹𐍈𐌰𐌽, 𐍃𐍅𐌰𐍃𐍅𐌴 𐌾𐌰𐌷 𐍅𐌴𐌹𐍃 𐌹𐌶𐍅𐌹𐍃,"
I Thessalonians,3,7,"𐌹𐌽𐌿𐌷 𐌸𐌹𐍃 𐌲𐌰𐌸𐍂𐌰𐍆𐍃𐍄𐌹𐌳𐌰𐌹 𐍃𐌹𐌾𐌿𐌼, 𐌱𐍂𐍉𐌸𐍂𐌾𐌿𐍃, 𐍆𐍂𐌰𐌼 𐌹𐌶𐍅𐌹𐍃 𐌰𐌽𐌰 𐌰𐌻𐌻𐌰𐌹 𐌽𐌰𐌿𐌸𐌰𐌹 𐌾𐌰𐌷 𐌰𐌲𐌻𐍉𐌽 𐌿𐌽𐍃𐌰𐍂𐌰𐌹 𐌹𐌽 𐌹𐌶𐍅𐌰𐍂𐌰𐌹𐌶𐍉𐍃 𐌲𐌰𐌻𐌰𐌿𐌱𐌴𐌹𐌽𐌰𐌹𐍃;"
I Thessalonians,3,8,"𐌿𐌽𐍄𐌴 𐍃𐌰𐌹 𐌻𐌹𐌱𐌰𐌼, 𐌾𐌰𐌱𐌰𐌹 𐌾𐌿𐍃 𐌲𐌰𐍃𐍄𐌰𐌽𐌳𐌹𐌸 𐌹𐌽 𐍆𐍂𐌰𐌿𐌾𐌹𐌽."
I Thessalonians,3,9,"𐍈𐌰 𐌰𐌿𐌺 𐌰𐍅𐌹𐌻𐌹𐌿𐌳𐌴 𐌼𐌰𐌲𐌿𐌼 𐌿𐍃𐌲𐌹𐌻𐌳𐌰𐌽 [𐍆𐍂𐌰𐌿𐌾𐌹𐌽] 𐌲𐌿𐌳𐌰 𐌱𐌹 𐌹𐌶𐍅𐌹𐍃 𐌰𐌽𐌰 𐌰𐌻𐌻𐌰𐌹 𐍆𐌰𐌷𐌴𐌳𐌰𐌹 𐌸𐌹𐌶𐌰𐌹𐌴𐌹 𐍆𐌰𐌲𐌹𐌽𐍉𐌼 𐌹𐌽 𐌹𐌶𐍅𐌰𐍂𐌰 𐍆𐌰𐌿𐍂𐌰 𐌲𐌿𐌳𐌰 𐌿𐌽𐍃𐌰𐍂𐌰𐌼𐌼𐌰,"
I Thessalonians,3,10,𐌽𐌰𐌷𐍄 𐌾𐌰𐌷 𐌳𐌰𐌲𐌰 𐌿𐍆𐌰𐍂𐌰𐍃𐍃𐌰𐌿 𐌱𐌹𐌳𐌾𐌰𐌽𐌳𐌰𐌽𐍃 𐌴𐌹 𐌲𐌰𐍃𐌰𐌹𐍈𐌰𐌹𐌼𐌰 𐌰𐌽𐌳𐍅𐌰𐌹𐍂𐌸𐌾𐌰 𐌹𐌶𐍅𐌰𐍂𐌰 𐌾𐌰𐌷 𐌿𐍃𐍄𐌹𐌿𐌷𐌰𐌹𐌼𐌰 𐍅𐌰𐌽𐌹𐌽𐌰𐍃𐍃𐌿 𐌲𐌰𐌻𐌰𐌿𐌱𐌴𐌹𐌽𐌰𐌹𐍃 𐌹𐌶𐍅𐌰𐍂𐌰𐌹𐌶𐍉𐍃?
I Thessalonians,3,11,𐌰𐌸𐌸𐌰𐌽 𐍃𐌹𐌻𐌱𐌰 𐌲𐌿𐌸 𐌾𐌰𐌷 𐌰𐍄𐍄𐌰 𐌿𐌽𐍃𐌰𐍂 𐌾𐌰𐌷 𐍆𐍂𐌰𐌿𐌾𐌰 𐌿𐌽𐍃𐌰𐍂 𐌹𐌴𐍃𐌿𐍃 𐍇𐍂𐌹𐍃𐍄𐌿𐍃 𐌲𐌰𐍂𐌰𐌹𐌷𐍄𐌾𐌰𐌹 𐍅𐌹𐌲 𐌿𐌽𐍃𐌰𐍂𐌰𐌽𐌰 𐌳𐌿 𐌹𐌶𐍅𐌹𐍃.
I Thessalonians,3,12,"𐌰𐌸𐌸𐌰𐌽 𐌹𐌶𐍅𐌹𐍃 𐍆𐍂𐌰𐌿𐌾𐌰 𐌼𐌰𐌽𐌰𐌲𐌾𐌰𐌹 𐌾𐌰𐌷 𐌲𐌰𐌽𐍉𐌷𐌽𐌰𐌽 𐌲𐌰𐍄𐌰𐌿𐌾𐌰𐌹 𐍆𐍂𐌹𐌰𐌸𐍅𐌰𐌹 𐌹𐌽 𐌹𐌶𐍅𐌹𐍃 𐌼𐌹𐍃𐍃𐍉 𐌾𐌰𐌷 𐌰𐌻𐌻𐌰𐌽𐍃 𐍃𐍅𐌰𐍃𐍅𐌴 𐌾𐌰𐌷 𐍅𐌴𐌹𐍃 𐌹𐌽 𐌹𐌶𐍅𐌹𐍃,"
I Thessalonians,3,13,𐌳𐌿 𐍄𐌿𐌻𐌲𐌾𐌰𐌽 𐌷𐌰𐌹𐍂𐍄𐍉𐌽𐌰 𐌹𐌶𐍅𐌰𐍂𐌰 𐌿(𐌽)𐍆𐌰𐌹𐍂𐌹𐌽𐍉𐌽𐌰 𐌹𐌽 𐍅𐌴𐌹𐌷𐌹𐌸𐌰𐌹 𐍆𐌰𐌿𐍂𐌰 𐌲𐌿𐌳𐌰 𐌾𐌰𐌷 𐌰𐍄𐍄𐌹𐌽 𐌿𐌽𐍃𐌰𐍂𐌰𐌼𐌼𐌰 𐌹𐌽 𐌵𐌿𐌼𐌰 𐍆𐍂𐌰𐌿𐌾𐌹𐌽𐍃 𐌿𐌽𐍃𐌰𐍂𐌹𐍃 𐌹𐌴𐍃𐌿𐌹𐍃 𐍇𐍂𐌹𐍃𐍄𐌰𐌿𐍃 𐌼𐌹𐌸 𐌰𐌻𐌻𐌰𐌹𐌼 𐌸𐌰𐌹𐌼 𐍅𐌴𐌹𐌷𐌰𐌼 𐍃𐌴𐌹𐌽𐌰𐌹𐌼.
I Thessalonians,4,1,"Ã𐌰𐌽𐌽𐌿 𐌽𐌿, 𐌱𐍂𐍉𐌸𐍂𐌾𐌿𐍃, 𐌰𐌽𐌰𐌷𐌰𐌹𐍄𐌰𐌼 𐌱𐌹𐌳𐌰𐌹 𐌹𐌶𐍅𐌹𐍃 𐌾𐌰𐌷 𐌱𐌹𐌳𐌾𐌰𐌼 𐌹𐌽 𐍆𐍂𐌰𐌿𐌾𐌹𐌽 𐌹𐌴𐍃𐌿𐌰, 𐌴𐌹 𐍃𐍅𐌰𐍃𐍅𐌴 𐌰𐌽𐌳𐌽𐌴𐌼𐌿𐌸 𐌰𐍄 𐌿𐌽𐍃 𐍈𐌰𐌹𐍅𐌰 𐍃𐌺𐌿𐌻𐌿𐌸 𐌲𐌰𐌲𐌲𐌰𐌽 𐌾𐌰𐌷 𐌲𐌰𐌻𐌴𐌹𐌺𐌰𐌽 𐌲𐌿𐌳𐌰, 𐍃𐍅𐌰[𐍃𐍅𐌴] 𐌾𐌰𐌷 𐌲𐌰𐌲𐌲𐌰𐌹𐌸 𐌾𐌰𐌷 𐌲𐌰𐌰𐌿𐌺𐌰𐌹𐌸 𐌼𐌰𐌹𐍃."
I Thessalonians,4,2,𐍅𐌹𐍄𐌿𐌸 𐌰𐌿𐌺 𐍈𐌰𐍂𐌾𐍉𐍃 𐌰𐌽𐌰𐌱𐌿𐍃𐌽𐌹𐌽𐍃 𐌰𐍄𐌲𐌴𐌱𐌿𐌼 𐌹𐌶𐍅𐌹𐍃 𐌸𐌰𐌹𐍂𐌷 𐍆𐍂𐌰𐌿𐌾𐌰𐌽 𐌹𐌴𐍃𐌿 𐍇𐍂𐌹𐍃𐍄𐌿.
I Thessalonians,4,3,"𐌸𐌰𐍄𐌰 𐌰𐌿𐌺 𐌹𐍃𐍄 𐍅𐌹𐌻𐌾𐌰 𐌲𐌿𐌳𐌹𐍃, 𐍅𐌴𐌹𐌷𐌹𐌸𐌰 𐌹𐌶𐍅𐌰𐍂𐌰, 𐌴𐌹 𐌲𐌰𐌷𐌰𐌱𐌰𐌹𐌸 𐌹𐌶𐍅𐌹𐍃 𐌰𐍆 𐌺𐌰𐌻𐌺𐌹𐌽𐌰𐍃𐍃𐌰𐌿[𐍃],"
I Thessalonians,4,4,"𐌴𐌹 𐍅𐌹𐍄𐌹 𐍈𐌰𐍂𐌾𐌹𐌶𐌿𐌷 𐌹𐌶𐍅𐌰𐍂𐌰 𐌲𐌰𐍃𐍄𐌰𐌻𐌳𐌰𐌽 𐍃𐌴𐌹𐌽 𐌺𐌰𐍃 𐌹𐌽 𐍅𐌴𐌹𐌷𐌹𐌸𐌰𐌹 𐌾𐌰𐌷 𐍃𐍅𐌴𐍂𐌹𐌸𐌰𐌹,"
I Thessalonians,4,5,"𐌽𐌹 𐌹𐌽 𐌲𐌰𐌹𐍂𐌿𐌽𐌾𐌰 𐌻𐌿𐍃𐍄𐌰𐌿𐍃, 𐍃𐍅𐌰𐍃𐍅𐌴 𐌾𐌰𐌷 𐌸𐌹𐌿𐌳𐍉𐍃 𐌸𐍉𐌶𐌴𐌹 𐌽𐌹 𐌺𐌿𐌽𐌽𐌿𐌽 𐌲𐌿𐌸,"
I Thessalonians,4,6,"𐌴𐌹 𐍈𐌰𐍃 𐌽𐌹 𐌿𐍆𐌰𐍂𐌲𐌰𐌲𐌲𐌰𐌹 𐌽𐌹𐌷 𐌱𐌹 𐍆𐌰𐌹𐌷𐌿 _𐍉𐌻_ 𐌱𐍂𐍉𐌸𐌰𐍂 𐍃𐌴𐌹𐌽𐌰𐌽𐌰, 𐌿𐌽𐍄𐌴 𐍆𐍂𐌰𐍅𐌴𐌹𐍄𐌰𐌽𐌳𐍃 𐍆𐍂𐌰𐌿𐌾𐌰 𐌹𐍃𐍄 𐌰𐌻𐌻𐌰𐌹𐌶𐌴, 𐍃𐍅𐌰𐍃𐍅𐌴 𐌾𐌰𐌷 𐍆𐌰𐌿𐍂𐌰𐌵𐌴𐌸𐌿𐌼 𐌹𐌶𐍅𐌹𐍃 𐌾𐌰𐌷 𐍅𐌴𐌹𐍄𐍅𐍉𐌳𐌹𐌳𐌴𐌳𐌿𐌼."
I Thessalonians,4,7,"𐌿𐌽𐍄𐌴 𐌽𐌹 𐌻𐌰𐌸𐍉𐌳𐌰 𐌿𐌽𐍃 𐌲𐌿𐌸 𐌳𐌿 𐌿𐌽𐌷𐍂𐌰𐌹𐌽𐌹𐌸𐌰𐌹, 𐌰𐌺 𐌹𐌽 𐍅𐌴𐌹𐌷𐌹𐌸𐌰."
I Thessalonians,4,8,"𐌹𐌽𐌿𐌷 𐌸𐌹𐍃 𐌽𐌿 𐍃𐌰𐌴𐌹 𐌿𐍆𐌱𐍂𐌹𐌺𐌹𐌸, 𐌽𐌹 𐌼𐌰𐌽𐌽 𐌿𐍆𐌱𐍂𐌹𐌺𐌹𐌸, 𐌰𐌺 𐌲𐌿𐌳𐌰, 𐍃𐌰𐌴𐌹 𐌲𐌰𐍆 𐌰𐌷𐌼𐌰𐌽 𐍃𐌴𐌹𐌽𐌰𐌽𐌰 𐍅𐌴𐌹𐌷𐌰𐌽𐌰 𐌹𐌶𐍅𐌹𐍃."
I Thessalonians,4,9,"𐌰𐌸𐌸𐌰𐌽 𐌱𐌹 𐌱𐍂𐍉𐌸𐍂𐌿𐌻𐌿𐌱𐍉𐌽 𐌽𐌹 𐌸𐌰𐌿𐍂𐌱𐌿𐌼 𐌼𐌴𐌻𐌾𐌰𐌽 𐌹𐌶𐍅𐌹𐍃, 𐌿𐌽𐍄𐌴 𐍃𐌹𐌻𐌱𐌰𐌽𐍃 𐌾𐌿𐍃 𐌰𐍄 𐌲𐌿𐌳𐌰 𐌿𐍃𐌻𐌰𐌹𐍃𐌹𐌳𐌰𐌹 𐍃𐌹𐌾𐌿𐌸 𐌳𐌿 𐍆𐍂𐌹𐌾𐍉𐌽 𐌹𐌶𐍅𐌹𐍃 𐌼𐌹𐍃𐍃𐍉."
I Thessalonians,4,10,"𐌾𐌰𐌷 𐌰𐌿𐌺 𐍄𐌰𐌿𐌾𐌹𐌸 𐌸𐌰𐍄𐌰 𐌹𐌽 𐌰𐌻𐌻𐌰𐌽𐍃 𐌱𐍂𐍉𐌸𐍂𐌿𐌽𐍃 𐌹𐌽 𐌰𐌻𐌻𐌰𐌹 𐌼𐌰𐌺𐌹𐌳𐍉𐌽𐌰𐌹; 𐌰𐌸𐌸𐌰𐌽 𐌱𐌹𐌳𐌾𐌰𐌼 𐌹𐌶𐍅𐌹𐍃, 𐌱𐍂𐍉𐌸𐍂𐌾𐌿𐍃, 𐌱𐌹𐌰𐌿𐌺𐌽𐌰𐌽 𐌼𐌰𐌹𐍃"
I Thessalonians,4,11,"𐌾𐌰𐌷 𐌱𐌹𐌰𐍂𐌱𐌰𐌹𐌳𐌾𐌰𐌽 𐌰𐌽𐌰𐌵𐌰𐌻 𐌾𐌰𐌷 𐍄𐌰𐌿𐌾𐌰𐌽 𐍃𐍅𐌴𐍃𐌰 𐌾𐌰𐌷 𐍅𐌰𐌿𐍂𐌺𐌾𐌰𐌽 𐌷𐌰𐌽𐌳𐌿𐌼 𐌹𐌶𐍅𐌰𐍂𐌰𐌹𐌼, 𐍃𐍅𐌰𐍃𐍅𐌴 𐌾𐌰𐌷 𐌹𐌶𐍅𐌹𐍃 𐌰𐌽𐌰𐌱𐌿𐌳𐌿𐌼,"
I Thessalonians,4,12,𐌴𐌹 𐌲𐌰𐌲𐌲𐌰𐌹𐌸 𐌲𐌰𐍆𐌴𐌷𐌰𐌱𐌰 𐌳𐌿 𐌸𐌰𐌹𐌼 𐌸𐌰𐌹𐌴𐌹 𐌿𐍄𐌰 𐍃𐌹𐌽𐌳 𐌾𐌰𐌷 𐌽𐌹 𐌰𐌹𐌽𐌹𐍃𐌷𐌿𐌽 𐍈𐌹𐍃 𐌸𐌰𐌿𐍂𐌱𐌴𐌹𐌸.
I Thessalonians,4,13,"𐌰𐌸𐌸𐌰𐌽 𐌽𐌹 𐍅𐌹𐌻𐌴𐌹𐌼𐌰 𐌹𐌶𐍅𐌹𐍃 𐌿𐌽𐍅𐌴𐌹𐍃𐌰𐌽𐍃, 𐌱𐍂𐍉𐌸𐍂𐌾𐌿𐍃, 𐌱𐌹 𐌸𐌰𐌽𐍃 𐌰𐌽𐌰𐍃𐌻𐌴𐍀𐌰𐌽𐌳𐌰𐌽𐍃, 𐌴𐌹 𐌽𐌹 𐍃𐌰𐌿𐍂𐌲𐌰𐌹𐌸 𐍃𐍅𐌴 𐌸𐌰𐌹 𐌰𐌽𐌸𐌰𐍂𐌰𐌹 𐌸𐌰𐌹𐌴𐌹 𐌽𐌹 𐌷𐌰𐌱𐌰𐌽𐌳 𐍅𐌴𐌽."
I Thessalonians,4,14,"𐌿𐌽𐍄𐌴 𐌾𐌰𐌱𐌰𐌹 𐌲𐌰𐌻𐌰𐌿𐌱𐌾𐌰𐌼 𐌸𐌰𐍄𐌴𐌹 𐌹𐌴𐍃𐌿𐍃 𐌲𐌰𐍃𐍅𐌰𐌻𐍄 𐌾𐌰𐌷 𐌿𐍃𐍃𐍄𐍉𐌸, 𐍃𐍅𐌰 𐌾𐌰𐌷 𐌲𐌿𐌸 𐌸𐌰𐌽𐍃 𐌸𐌰𐌹𐌴𐌹 𐌰𐌽𐌰𐍃𐌰𐌹𐍃𐌻𐌴𐍀𐌿𐌽 𐌸𐌰𐌹𐍂𐌷 𐌹𐌴𐍃𐌿 𐍄𐌹𐌿𐌷[𐌰]𐌹𐌸 𐌼𐌹𐌸 𐌹𐌼𐌼𐌰."
I Thessalonians,4,15,"𐌸𐌰𐍄𐌿𐌸~𐌸𐌰𐌽 𐌹𐌶𐍅𐌹𐍃 𐌵𐌹𐌸𐌰𐌼 𐌹𐌽 𐍅𐌰𐌿𐍂𐌳𐌰 𐍆𐍂𐌰𐌿𐌾𐌹𐌽𐍃, 𐌸𐌰𐍄𐌴𐌹 𐍅𐌴𐌹𐍃 𐌸𐌰𐌹 𐌻𐌹𐌱𐌰𐌽𐌳𐌰𐌽𐍃, 𐌸𐌰𐌹 𐌱𐌹𐌻𐌰𐌹𐌱𐌹𐌳𐌰𐌽𐍃 𐌹𐌽 𐌵𐌿𐌼𐌰 𐍆𐍂𐌰𐌿𐌾𐌹𐌽𐍃 𐌽𐌹 𐌱𐌹𐍃𐌽𐌹𐍅𐌰𐌼 𐍆𐌰𐌿𐍂 𐌸𐌰𐌽𐍃 𐌰𐌽𐌰𐍃𐌻𐌴𐍀𐌰𐌽𐌳𐌰𐌽𐍃;"
I Thessalonians,4,16,"𐌿𐌽𐍄𐌴 𐍃𐌹𐌻𐌱𐌰 𐍆𐍂𐌰𐌿𐌾𐌰 𐌹𐌽 𐌷𐌰𐌹𐍄𐌾𐌰𐌹, 𐌹𐌽 𐍃𐍄𐌹𐌱𐌽𐌰𐌹 𐌰𐍂𐌺𐌰𐌲𐌲𐌹𐌻𐌰𐌿𐍃 𐌾𐌰𐌷 𐌹𐌽 𐌸𐌿𐍄𐌷𐌰𐌿𐍂𐌽𐌰 𐌲𐌿𐌳𐌹𐍃 𐌳𐌰𐌻𐌰𐌸 𐌰𐍄𐍃𐍄𐌴𐌹𐌲𐌹𐌸 𐌰𐍆 𐌷𐌹𐌼𐌹𐌽𐌰 𐌾𐌰𐌷 𐌳𐌰𐌿𐌸𐌰𐌽𐍃 𐌸𐌰𐌹 𐌹𐌽 𐍇𐍂𐌹𐍃𐍄𐌰𐌿 𐌿𐍃𐍃𐍄𐌰𐌽𐌳𐌰𐌽𐌳 𐍆𐌰𐌿𐍂𐌸𐌹𐍃."
I Thessalonians,4,17,"𐌸𐌰𐌸𐍂𐍉 𐌸𐌰𐌽 𐍅𐌴𐌹𐍃 𐌸𐌰𐌹 𐌻𐌹𐌱𐌰𐌽𐌳𐌰𐌽𐍃, 𐌸𐌰𐌹 𐌰𐍆𐌻𐌹𐍆𐌽𐌰𐌽𐌳𐌰𐌽𐍃 𐍃𐌿𐌽𐍃 𐌼𐌹𐌸 𐌹𐌼𐌼𐌰 𐍆𐍂𐌰𐍅𐌹𐌻𐍅𐌰𐌽𐌳𐌰 𐌹𐌽 𐌼𐌹𐌻𐌷𐌼𐌰𐌼 𐌳𐌿 𐌲𐌰𐌼𐍉𐍄𐌾𐌰𐌽 𐍆𐍂𐌰𐌿𐌾𐌹𐌽 𐌹𐌽 𐌻𐌿𐍆𐍄𐌰𐌿 𐌾𐌰𐌷 𐍆𐍂𐌰𐌼𐍅𐌹𐌲𐌹𐍃 𐌼𐌹𐌸 𐍆𐍂𐌰𐌿𐌾𐌹𐌽 𐍅𐌰𐌹𐍂𐌸𐌰𐌼."
I Thessalonians,4,18,𐍃𐍅𐌰𐌴𐌹 𐌽𐌿 𐌸𐍂𐌰𐍆𐍃𐍄𐌴𐌹𐌸 𐌹𐌶𐍅𐌹𐍃 𐌼𐌹𐍃𐍃𐍉 𐌹𐌽 𐌸𐌰𐌹𐌼 𐍅𐌰𐌿𐍂𐌳𐌰𐌼.
I Thessalonians,5,1,"𐌰𐌸𐌸𐌰𐌽 𐌱𐌹 𐌸𐍉 𐌸𐌴𐌹𐌷𐍃𐌰 𐌾𐌰𐌷 𐌼𐌴𐌻𐌰, 𐌱𐍂𐍉𐌸𐍂𐌾𐌿𐍃, 𐌽𐌹 𐌸𐌰𐌿𐍂𐌱𐌿𐌼 𐌴𐌹 𐌹𐌶𐍅𐌹𐍃 𐌼𐌴𐌻𐌾𐌰𐌹𐌼𐌰;"
I Thessalonians,5,2,𐌿𐌽𐍄𐌴 𐍃𐌹𐌻𐌱𐌰𐌽𐍃 𐌲𐌻𐌰𐌲𐌲𐍅𐍉 𐍅𐌹𐍄𐌿𐌸 𐌸𐌰𐍄𐌴𐌹 𐌳𐌰𐌲𐍃 𐍆𐍂𐌰𐌿𐌾𐌹𐌽𐍃 𐍃𐍅𐌴 𐌸𐌹𐌿𐌱𐍃 𐌹𐌽 𐌽𐌰𐌷𐍄 𐍃𐍅𐌰 𐌵𐌹𐌼𐌹𐌸.
I Thessalonians,5,3,"𐌸𐌰𐌽 𐌵𐌹𐌸𐌰𐌽𐌳: 𐌲𐌰𐍅𐌰𐌹𐍂𐌸𐌹 𐌾𐌰𐌷 𐍄𐌿𐌻𐌲𐌹𐌸𐌰, 𐌸𐌰𐌽𐌿𐌷 𐌿𐌽𐍅𐌴𐌽𐌹𐌲𐌲𐍉 𐌹𐌽𐍃 𐌱𐌹𐌵𐌹𐌼𐌹𐌸 𐍆𐍂𐌰𐌻𐌿𐍃𐍄𐍃 𐍃𐍅𐌰𐍃𐍅𐌴 𐍃𐌰𐌹𐍂 𐌵𐌹𐌸𐌿𐌷𐌰𐍆𐍄𐍉𐌽, 𐌾𐌰𐌷 𐌽𐌹 𐌿𐌽𐌸𐌰𐌸𐌻𐌹𐌿𐌷𐌰𐌽𐌳."
I Thessalonians,5,4,"𐌰𐌸𐌸𐌰𐌽 𐌾𐌿𐍃, 𐌱𐍂𐍉𐌸𐍂𐌾𐌿𐍃, 𐌽𐌹 𐍃𐌹𐌾𐌿𐌸 𐌹𐌽 𐍂𐌹𐌵𐌹𐌶𐌰, 𐌴𐌹 𐍃𐌰 𐌳𐌰𐌲𐍃 𐌹𐌶𐍅𐌹𐍃 𐍃𐍅𐌴 𐌸𐌹𐌿𐌱𐍃 𐌲𐌰𐍆𐌰𐌷𐌰𐌹;"
I Thessalonians,5,5,𐌿𐌽𐍄𐌴 𐌰𐌻𐌻𐌰𐌹 𐌾𐌿𐍃 𐍃𐌿𐌽𐌾𐌿𐍃 𐌻𐌹𐌿𐌷𐌰𐌳𐌹𐍃 𐍃𐌹𐌾𐌿𐌸 𐌾𐌰𐌷 𐍃𐌿𐌽𐌾𐌿𐍃 𐌳𐌰𐌲𐌹𐍃; 𐌽𐌹 𐍃𐌹𐌿𐌸 𐌽𐌰𐌷𐍄𐍃 𐌽𐌹 𐍂𐌹𐌵𐌹𐌶𐌹𐍃.
I Thessalonians,5,6,"𐌸𐌰𐌽𐌽𐌿 𐌽𐌿 𐌽𐌹 𐍃𐌻𐌴𐍀𐌰𐌹𐌼𐌰 𐍃𐍅𐌴 𐌸𐌰𐌹 𐌰𐌽𐌸𐌰𐍂𐌰𐌹, 𐌰𐌺 𐍅𐌰𐌺𐌰𐌹𐌼𐌰 𐌾𐌰𐌷 𐍅𐌰𐍂𐌰𐌹 𐍃𐌹𐌾𐌰𐌹𐌼𐌰;"
I Thessalonians,5,7,"𐌿𐌽𐍄𐌴 𐌸𐌰𐌹𐌴𐌹 𐍃𐌻𐌴𐍀𐌰𐌽𐌳, 𐌽𐌰𐌷𐍄 𐍃𐌻𐌴𐍀𐌰𐌽𐌳, 𐌾𐌰𐌷 𐌸𐌰𐌹𐌴𐌹 𐌳𐍂𐌿𐌲𐌺𐌰𐌽𐌰𐌹 𐍅𐌰𐌹𐍂𐌸𐌰𐌽𐌳, 𐌽𐌰𐌷𐍄𐍃 𐌳𐍂𐌿𐌲𐌺𐌰𐌽𐌰𐌹 𐍅𐌰𐌹𐍂𐌸𐌰𐌽𐌳."
I Thessalonians,5,8,"𐌹𐌸 𐍅𐌴𐌹𐍃 𐌳𐌰𐌲𐌹𐍃 𐍅𐌹𐍃𐌰𐌽𐌳𐌰𐌽𐍃 𐌿𐍃𐍃𐌺𐌰𐍅𐌰𐌹 𐍃𐌹𐌾𐌰𐌹𐌼𐌰, 𐌲𐌰𐌷𐌰𐌼𐍉𐌳𐌰𐌹 𐌱𐍂𐌿𐌽𐌾𐍉𐌽 𐌲𐌰𐌻𐌰𐌿𐌱𐌴𐌹𐌽𐌰𐌹𐍃 𐌾𐌰𐌷 𐍆𐍂𐌹𐌰𐌸𐍅𐍉𐍃 𐌾𐌰𐌷 𐌷𐌹𐌻𐌼𐌰 𐍅𐌴𐌽𐌰𐌹 𐌽𐌰𐍃[𐍃]𐌴𐌹𐌽𐌰𐌹𐍃."
I Thessalonians,5,9,"𐌿𐌽𐍄𐌴 𐌽𐌹 𐍃𐌰𐍄𐌹𐌳𐌰 𐌿𐌽𐍃 𐌲𐌿𐌸 𐌹𐌽 𐌷𐌰𐍄𐌹𐍃, 𐌰𐌺 𐌳𐌿 𐌲𐌰𐍆𐍂𐌴𐌹𐌳𐌴𐌹𐌽𐌰𐌹 𐌲𐌰𐌽𐌹𐍃𐍄𐌰𐌹𐍃, 𐌸𐌰𐌹𐍂𐌷 𐍆𐍂𐌰𐌿𐌾𐌰𐌽 𐌿𐌽𐍃𐌰𐍂𐌰𐌽𐌰 𐌹𐌴𐍃𐌿 𐍇𐍂𐌹𐍃𐍄𐌿,"
I Thessalonians,5,10,"𐍃𐌰𐌴𐌹 𐌲𐌰𐍃𐍅𐌰𐌻𐍄 𐍆𐌰𐌿𐍂 𐌿𐌽𐍃, 𐌴𐌹, 𐌾𐌰𐌸𐌸𐌴 𐍃𐌻𐌴𐍀𐌰𐌹𐌼𐌰 𐌾𐌰𐌸𐌸𐌴 𐍅𐌰𐌺𐌰𐌹𐌼𐌰, 𐍃𐌰𐌼𐌰𐌽𐌰 𐌼𐌹𐌸 𐌹𐌼𐌼𐌰 𐌻𐌹𐌱𐌰𐌹𐌼𐌰."
I Thessalonians,5,11,"𐌹𐌽𐌿𐌷 𐌸𐌹𐍃 𐌸𐍂𐌰𐍆𐍃𐍄𐌴𐌹𐌸 𐌹𐌶𐍅𐌹𐍃 𐌼𐌹𐍃𐍃𐍉 𐌾𐌰𐌷 𐍄𐌹𐌼𐍂𐌾𐌰𐌹𐌸 𐌰𐌹𐌽𐍈𐌰𐍂𐌾𐌹𐌶𐌿𐌷 𐌰𐌽𐌸𐌰𐍂 𐌰𐌽𐌸𐌰𐍂𐌰𐌽𐌰, 𐍃𐍅𐌰𐍃𐍅𐌴 𐌾𐌰𐌷 𐍄𐌰𐌿𐌾𐌹𐌸."
I Thessalonians,5,12,"𐌰𐌸𐌸𐌰𐌽 𐌱𐌹𐌳𐌾𐌰𐌼 𐌹𐌶𐍅𐌹𐍃, 𐌱𐍂𐍉𐌸𐍂𐌾𐌿𐍃, 𐌺𐌿𐌽𐌽𐌰𐌽 𐌸𐌰𐌽𐍃 𐌰𐍂𐌱𐌰𐌹𐌳𐌾𐌰𐌽𐌳𐌰𐌽𐍃 𐌹𐌽 𐌹𐌶𐍅𐌹𐍃 𐌾𐌰𐌷 𐍆𐌰𐌿𐍂𐍃𐍄𐌰𐍃𐍃𐌾𐌰𐌽𐍃 𐌹𐌶𐍅𐌰𐍂𐌰𐌽𐍃 𐌹𐌽 𐍆𐍂𐌰𐌿𐌾𐌹𐌽"
I Thessalonians,5,13,𐍃𐍅𐌴𐍂𐌰𐌹𐌸 𐌹𐌽𐍃 𐌿𐍆𐌰𐍂𐌰𐍃𐍃𐌰𐌿 𐌹𐌽 𐍆𐍂𐌹𐌰𐌸𐍅𐌰𐌹 𐌹𐌽 𐍅𐌰𐌿𐍂𐍃𐍄𐍅𐌹𐍃 𐌹𐌶𐌴 𐌾𐌰𐌷 𐌲𐌰𐍅𐌰𐌹𐍂𐌸𐌹 𐌷𐌰𐌱𐌰𐌹𐌸 𐌹𐌽 𐌹𐌶𐍅𐌹𐍃.
I Thessalonians,5,14,"𐌱𐌹𐌳𐌾𐌰𐌼𐌿𐌸~𐌸𐌰𐌽 𐌹𐌶𐍅𐌹𐍃, 𐌱𐍂𐍉𐌸𐍂𐌾𐌿𐍃, 𐍄𐌰𐌻𐌶𐌾𐌰𐌹𐌸 𐌸𐌰𐌽𐍃 𐌿𐌽𐌲𐌰𐍄𐌰𐍃𐍃𐌰𐌽𐍃, 𐌸𐍂𐌰𐍆𐍃𐍄𐌾𐌰𐌹𐌸 𐌸𐌰𐌽𐍃 𐌲𐍂𐌹𐌽𐌳𐌰𐍆𐍂𐌰𐌸𐌾𐌰𐌽𐍃, 𐌿𐍃𐌸𐌿𐌻𐌰𐌹𐌸 𐌸𐌰𐌽𐍃 𐍃𐌹𐌿𐌺𐌰𐌽𐍃, 𐌿𐍃𐌱𐌴𐌹𐍃𐌽𐌴𐌹𐌲𐌰𐌹 𐍃𐌹𐌾𐌰𐌹𐌸 𐍅𐌹𐌸𐍂𐌰 𐌰𐌻𐌻𐌰𐌽𐍃."
I Thessalonians,5,15,"𐍃𐌰𐌹𐍈𐌹𐌸 𐌹𐌱𐌰𐌹 𐍈𐌰𐍃 𐌿𐌱𐌹𐌻 𐌿𐌽𐌳 𐌿𐌱𐌹𐌻𐌰𐌼𐌼𐌰 𐍈𐌰𐌼𐌼𐌰 𐌿𐍃𐌲𐌹𐌻𐌳𐌰𐌹, 𐌰𐌺 𐍃𐌹𐌽𐍄𐌴𐌹𐌽𐍉 𐌸𐌹𐌿𐌸 𐌻𐌰𐌹𐍃𐍄𐌾𐌰𐌹𐌸 𐌼𐌹𐌸 𐌹𐌶𐍅𐌹𐍃 𐌼𐌹𐍃𐍃𐍉 𐌾𐌰𐌷 𐍅𐌹𐌸𐍂𐌰 𐌰𐌻𐌻𐌰𐌽𐍃."
I Thessalonians,5,16,𐍃𐌹𐌽𐍄𐌴𐌹𐌽𐍉 𐍆𐌰𐌲𐌹𐌽𐍉𐌸 𐌹𐌽 𐍆𐍂𐌰𐌿𐌾𐌹𐌽.
I Thessalonians,5,17,𐌿𐌽𐍃𐍅𐌴𐌹𐌱𐌰𐌽𐌳(𐌰𐌽𐍃) 𐌱𐌹𐌳𐌾𐌰𐌹𐌸;
I Thessalonians,5,18,𐌹𐌽 𐌰𐌻𐌻𐌰𐌼𐌼𐌰 𐌰𐍅𐌹𐌻𐌹(𐌿𐌳𐍉𐌸). 𐌸𐌰𐍄𐌰 𐌰𐌿𐌺 𐌹𐍃𐍄 𐍅𐌹𐌻𐌾𐌰 𐌲𐌿𐌳𐌹𐍃 𐌹𐌽 𐍇𐍂𐌹𐍃𐍄𐌰𐌿 𐌹𐌴𐍃𐌿 𐌹𐌽 𐌹𐌶𐍅𐌹𐍃.
I Thessalonians,5,19,𐌰𐌷𐌼𐌰𐌽 𐌽𐌹 𐌰𐍆𐍈𐌰𐍀𐌾𐌰𐌹𐌸.
I Thessalonians,5,20,𐍀𐍂𐌰𐌿𐍆𐌴𐍄𐌾𐌰𐌼 𐌽𐌹 𐍆𐍂𐌰𐌺𐌿𐌽𐌽𐌴𐌹𐌸.
I Thessalonians,5,21,"𐌰𐌸𐌸𐌰𐌽 𐌰𐌻𐌻 𐌿𐍃𐌺𐌹𐌿𐍃𐌰𐌹𐌸; 𐌸𐌰𐍄𐌴𐌹 𐌲𐍉𐌳 𐍃𐌹𐌾𐌰𐌹, 𐌲𐌰𐌷𐌰𐌱𐌰𐌹𐌸."
I Thessalonians,5,22,.... 𐌿𐌱𐌹𐌻𐌰𐌹𐌶𐍉 𐌰𐍆𐌷𐌰𐌱𐌰𐌹𐌸 𐌹𐌶𐍅𐌹𐍃. 𐌰𐍆 𐌰𐌻𐌻𐌰𐌼𐌼𐌰 𐍅𐌰𐌹𐌷𐍄𐌴 𐌿𐌱𐌹𐌻𐌰𐌹𐌶𐍉 𐌰𐍆𐌷𐌰𐌱𐌰𐌹𐌸 𐌹𐌶𐍅𐌹𐍃.
I Thessalonians,5,23,"𐌰𐌸𐌸𐌰𐌽 𐍃𐌹𐌻𐌱𐌰 𐌲𐌿𐌸 𐌲𐌰𐍅𐌰𐌹𐍂𐌸𐌾𐌹𐍃 𐌲𐌰𐍅𐌴𐌹𐌷𐌰𐌹 𐌹𐌶𐍅𐌹𐍃 𐌰𐌻𐌻𐌰𐌽𐌳𐌾𐍉 𐌾𐌰𐌷 𐌲𐌰𐌷𐌰𐌹𐌻𐌰𐌽𐌰 𐌹𐌶𐍅𐌰𐍂𐌰𐌽𐌰 𐌰𐌷𐌼𐌰𐌽, 𐌾𐌰𐌷 𐍃𐌰𐌹𐍅𐌰𐌻𐌰 𐌾𐌰𐌷 𐌻𐌴𐌹𐌺 𐌿𐌽𐍆𐌰𐌹𐍂𐌹𐌽𐍉𐌽𐌰 𐌹𐌽 𐌵𐌿𐌼𐌰 𐍆𐍂𐌰𐌿𐌾𐌹𐌽𐍃 𐌿𐌽𐍃𐌰𐍂𐌹𐍃 𐌹𐌴𐍃𐌿𐌹𐍃 𐍇𐍂𐌹𐍃𐍄𐌰𐌿𐍃 𐌲𐌰𐍆𐌰𐍃𐍄𐌰𐌹𐌽𐌳𐌰𐌿. 𐌰𐌸𐌸𐌰𐌽 𐍃𐌹𐌻𐌱𐌰 𐌲𐌿𐌸 𐌲𐌰𐍅𐌰𐌹𐍂𐌸𐌾𐌹𐍃 𐌲𐌰𐍅𐌴𐌹𐌷𐌰𐌹 𐌹𐌶𐍅𐌹𐍃 𐌰𐌻𐌻𐌰𐌽𐌳𐌾𐍉 𐌾𐌰𐌷 𐌲𐌰𐌷𐌰𐌹𐌻𐌰𐌽𐌰 𐌹𐌶𐍅𐌰𐍂𐌰𐌽𐌰 𐌰𐌷𐌼𐌰𐌽, 𐌾𐌰𐌷 𐍃𐌰𐌹𐍅𐌰𐌻𐌰 𐌾𐌰𐌷 𐌻𐌴𐌹𐌺 𐌿𐍃𐍆𐌰𐌹𐍂𐌹𐌽𐍉𐌽𐌰 𐌹𐌽 𐌵𐌿𐌼𐌰 𐍆𐍂𐌰𐌿𐌾𐌹𐌽𐍃 𐌿𐌽𐍃𐌰𐍂𐌹𐍃 𐌹𐌴𐍃𐌿𐌹𐍃 𐍇𐍂𐌹𐍃𐍄𐌰𐌿𐍃 𐌲𐌰𐍆𐌰𐍃𐍄𐌰𐌹𐌽𐌳𐌰𐌿."
I Thessalonians,5,24,"𐍄𐍂𐌹𐌲𐌲𐍅𐍃 𐍃𐌰𐌴𐌹 𐌻𐌰𐌸𐍉𐌳𐌰 𐌹𐌶𐍅𐌹𐍃, 𐍃𐌰𐌴𐌹 𐌾𐌰𐌷 𐍄𐌰𐌿𐌾𐌹𐌸. 𐍄𐍂𐌹𐌲𐌲𐍅𐍃 𐍃𐌰𐌴𐌹 𐌻𐌰𐌸𐍉𐌳𐌰 𐌹𐌶𐍅𐌹𐍃, 𐍃𐌰𐌴𐌹 𐌾𐌰𐌷 𐍄𐌰𐌿𐌾𐌹𐌸."
I Thessalonians,5,25,"𐌱𐍂𐍉𐌸𐍂𐌾𐌿𐍃, 𐌱𐌹𐌳𐌾𐌰𐌹𐌸𐌿𐌸~𐌸𐌰𐌽 𐌾𐌰𐌷 𐌱𐌹 𐌿𐌽𐍃. 𐌱𐍂𐍉𐌸𐍂𐌾𐌿𐍃, 𐌱𐌹𐌳𐌾𐌰𐌹𐌸𐌿𐌸~𐌸𐌰𐌽 𐌾𐌰𐌷 𐌱𐌹 𐌿𐌽𐍃."
I Thessalonians,5,26,𐌲𐍉𐌻𐌾𐌰𐌹𐌸 𐌱𐍂𐍉𐌸𐍂𐌿𐌽𐍃 𐌰𐌻𐌻𐌰𐌽𐍃 𐌹𐌽 𐌲𐌰𐍆𐍂𐌹𐌾𐍉𐌽𐌰𐌹 𐍅𐌴𐌹𐌷𐌰𐌹. 𐌲𐍉𐌻𐌾𐌰𐌹𐌸 𐌱𐍂𐍉𐌸𐍂𐌿𐌽𐍃 𐌰𐌻𐌻𐌰𐌽𐍃 𐌹𐌽 𐌲𐌰𐍆𐍂𐌹𐌾𐍉𐌽𐌰𐌹 𐍅𐌴𐌹𐌷𐌰𐌹.
I Thessalonians,5,27,𐌱𐌹𐍃𐍅𐌰𐍂𐌰 𐌹𐌶𐍅𐌹𐍃 𐌹𐌽 𐍆𐍂𐌰𐌿𐌾𐌹𐌽 𐌴𐌹 𐌿𐍃𐍃𐌹𐌲𐌲𐍅𐌰𐌹𐌳𐌰𐌿 𐍃𐍉 𐌰𐌹𐍀𐌹𐍃𐍄𐌰𐌿𐌻𐌴 𐌰𐌻𐌻𐌰𐌹𐌼 𐌸𐌰𐌹𐌼 𐍅𐌴𐌹𐌷𐌰𐌼 𐌱𐍂𐍉𐌸𐍂𐌿𐌼. 𐌱𐌹𐍃𐍅𐌰𐍂𐌰 𐌹𐌶𐍅𐌹𐍃 𐌹𐌽 𐍆𐍂𐌰𐌿𐌾𐌹𐌽 𐌴𐌹 𐌿𐍃𐍃𐌹𐌲𐌲𐍅𐌰𐌹𐌳𐌰𐌿 𐍃𐍉 𐌰𐌹𐍀𐌹𐍃𐍄𐌰𐌿𐌻𐌴 𐌸𐌰𐌹𐌼 𐍅𐌴𐌹𐌷𐌰𐌼 𐌱𐍂𐍉𐌸𐍂𐌿𐌼.
I Thessalonians,5,28,𐌰𐌽𐍃𐍄𐍃 𐍆𐍂𐌰𐌿𐌾𐌹𐌽𐍃 𐌿𐌽𐍃𐌰𐍂𐌹𐍃 𐌹𐌴𐍃𐌿𐌹𐍃 𐍇𐍂𐌹𐍃𐍄𐌰𐌿𐍃 𐌼𐌹𐌸 𐌹𐌶𐍅𐌹𐍃. 𐌰𐌼𐌴𐌽. 𐌰𐌽𐍃𐍄𐍃 𐍆𐍂𐌰𐌿𐌾𐌹𐌽𐍃 𐌿𐌽𐍃𐌰𐍂𐌹𐍃 𐌹𐌴𐍃𐌿𐌹𐍃 𐍇𐍂𐌹𐍃𐍄𐌰𐌿𐍃 𐌼𐌹𐌸 𐌹𐌶𐍅𐌹𐍃. 𐌰𐌼𐌴𐌽. [(I Thessalonians 5:29) 𐌳𐌿 Ã𐌰(𐌹𐍃𐍃𐌰𐌻𐌰𐌿𐌽𐌴𐌹𐌺𐌰𐌹)𐌿𐌼 ·𐌰· (𐌿𐍃)𐍄𐌰𐌿𐌷.]
II Thessalonians,1,1,𐍀𐌰𐍅𐌻𐌿𐍃 𐌾𐌰𐌷 𐍃𐌹𐌻𐌱𐌰𐌽𐌿𐍃 𐌾𐌰𐌷 𐍄𐌴𐌹𐌼𐌰𐌿𐌸𐌰𐌹𐌿𐍃 𐌰𐌹𐌺𐌺𐌻𐌴𐍃𐌾𐍉𐌽 Þ𐌰𐌹𐍃𐍃𐌰𐌻𐌰𐌿𐌽𐌴𐌹𐌺𐌰𐌹𐌴 𐌹𐌽 𐌲𐌿𐌳𐌰 𐌰𐍄𐍄𐌹𐌽 𐌿𐌽𐍃𐌰𐍂𐌰𐌼𐌼𐌰 𐌾𐌰𐌷 𐍆𐍂𐌰𐌿𐌾𐌹𐌽 𐌹𐌴𐍃𐌿 𐍇𐍂𐌹𐍃𐍄𐌰𐌿. 𐍀𐌰𐍅𐌻𐌿𐍃 𐌾𐌰𐌷 𐍃𐌹𐌻𐌱𐌰𐌽𐌿𐍃 𐌾𐌰𐌷 𐍄𐌴𐌹𐌼𐌰𐌿𐌸𐌰𐌹𐌿𐍃 𐌰𐌹𐌺𐌺𐌻𐌴𐍃𐌾𐍉𐌽 Þ𐌰𐌹𐍃𐍃𐌰𐌻𐌰𐌿𐌽𐌴𐌹𐌺𐌰𐌹𐌴 𐌹𐌽 𐌲𐌿𐌳𐌰 𐌰𐍄𐍄𐌹𐌽 𐌿𐌽𐍃𐌰𐍂𐌰𐌼𐌼𐌰 𐌾𐌰𐌷 𐍆𐍂𐌰𐌿𐌾𐌹𐌽 𐌹𐌴𐍃𐌿 𐍇𐍂𐌹𐍃𐍄𐌰𐌿.
II Thessalonians,1,2,𐌰𐌽𐍃𐍄𐍃 𐌹𐌶𐍅𐌹𐍃 𐌾𐌰𐌷 𐌲𐌰𐍅𐌰𐌹𐍂𐌸𐌹 𐍆𐍂𐌰𐌼 𐌲𐌿𐌳𐌰 𐌰𐍄𐍄𐌹𐌽 𐌿𐌽𐍃𐌰𐍂𐌰𐌼𐌼𐌰 𐌾𐌰𐌷 𐍆𐍂𐌰𐌿𐌾𐌹𐌽 𐌹𐌴𐍃𐌿 𐍇𐍂𐌹𐍃𐍄𐌰𐌿. 𐌰𐌽𐍃𐍄𐍃 𐌹𐌶𐍅𐌹𐍃 𐌾𐌰𐌷 𐌲𐌰𐍅𐌰𐌹𐍂𐌸𐌹 𐍆𐍂𐌰𐌼 𐌲𐌿𐌳𐌰 𐌰𐍄𐍄𐌹𐌽 𐌿𐌽𐍃𐌰𐍂𐌰𐌼𐌼𐌰 𐌾𐌰𐌷 𐍆𐍂𐌰𐌿𐌾𐌹𐌽 𐌹𐌴𐍃𐌿 𐍇𐍂𐌹𐍃𐍄𐌰𐌿.
II Thessalonians,1,3,"𐌰𐍅𐌹𐌻𐌹𐌿𐌳𐍉𐌽 𐍃𐌺𐌿𐌻𐌿𐌼 𐌲𐌿𐌳𐌰 𐍃𐌹𐌽𐍄𐌴𐌹𐌽𐍉 𐌹𐌽 𐌹𐌶𐍅𐌰𐍂𐌰, 𐌱𐍂𐍉𐌸𐍂𐌾𐌿𐍃, 𐍃𐍅𐌰𐍃𐍅𐌴 𐍅𐌰𐌹𐍂𐌸 𐌹𐍃𐍄, 𐌿𐌽𐍄𐌴 𐌿𐍆𐌰𐍂𐍅𐌰𐌷𐍃𐌴𐌹𐌸 𐌲𐌰𐌻𐌰𐌿𐌱𐌴𐌹𐌽𐍃 𐌹𐌶𐍅𐌰𐍂𐌰 𐌾𐌰𐌷 𐌼𐌰𐌽𐌰𐌲𐌽𐌹𐌸 𐍆𐍂𐌹𐌰𐌸𐍅𐌰 𐌰𐌹𐌽𐍈𐌰𐍂𐌾𐌹𐌶𐌿𐌷 𐌰𐌻𐌻𐌰𐌹𐌶𐌴 𐌹𐌶𐍅𐌰𐍂𐌰 𐌹𐌽 𐌹𐌶𐍅𐌹𐍃 𐌼𐌹𐍃𐍃𐍉; 𐌰𐍅𐌹𐌻𐌹𐌿𐌳𐍉𐌽 𐍃𐌺𐌿𐌻𐌿𐌼 𐌲𐌿𐌳𐌰 𐍃𐌹𐌽𐍄𐌴𐌹𐌽𐍉 𐌹𐌽 𐌹𐌶𐍅𐌰𐍂𐌰, 𐌱𐍂𐍉𐌸𐍂𐌾𐌿𐍃, 𐍃𐍅𐌰𐍃𐍅𐌴 𐍅𐌰𐌹𐍂𐌸 𐌹𐍃𐍄, 𐌿𐌽𐍄𐌴 𐌿𐍆𐌰𐍂𐍅𐌰𐌷𐍃𐌴𐌹𐌸 𐌲𐌰𐌻𐌰𐌿𐌱𐌴𐌹𐌽𐍃 𐌹𐌶𐍅𐌰𐍂𐌰 𐌾𐌰𐌷 𐌼𐌰𐌽𐌰𐌲𐌽𐌹𐌸 𐍆𐍂𐌹𐌰𐌸𐍅𐌰 𐌰𐌹𐌽𐍈𐌰𐍂𐌾𐌹𐌶𐌿𐌷 𐌰𐌻𐌻𐌰𐌹𐌶𐌴 𐌹𐌶𐍅𐌰𐍂𐌰 𐌹𐌽 𐌹𐌶𐍅𐌹𐍃 𐌼𐌹𐍃𐍃𐍉;"
II Thessalonians,1,4,"𐍃𐍅𐌰𐌴𐌹 𐍅𐌴𐌹𐍃 𐍃𐌹𐌻𐌱𐌰𐌽𐍃 𐌹𐌽 𐌹𐌶𐍅𐌹𐍃 𐍈𐍉𐍀𐌰𐌼 𐌹𐌽 𐌰𐌹𐌺𐌺𐌻𐌴𐍃𐌾𐍉𐌼 𐌲𐌿𐌳𐌹𐍃 𐌹𐌽 𐍃𐍄𐌹𐍅𐌹𐍄𐌾𐌹𐍃 𐌹𐌶𐍅𐌰𐍂𐌹𐍃 𐌾𐌰𐌷 𐌲𐌰𐌻𐌰𐌿𐌱𐌴𐌹𐌽𐌰𐌹𐍃 𐌹𐌽 𐌰𐌻𐌻𐌰𐌹𐌼 𐍅𐍂𐌰𐌺𐌾𐍉𐌼 𐌹𐌶𐍅𐌰𐍂𐌰𐌹𐌼 𐌾𐌰𐌷 𐌰𐌲𐌻𐍉𐌼 𐌸𐍉𐌶𐌴𐌹 𐌿𐍃𐌸𐌿𐌻𐌰𐌹𐌸, 𐍃𐍅𐌰𐌴𐌹 𐍅𐌴𐌹𐍃 𐍃𐌹𐌻𐌱𐌰𐌽𐍃 𐌹𐌶𐍅𐌹𐍃 𐍈𐍉𐍀𐌰𐌼 𐌹𐌽 𐌰𐌹𐌺𐌺𐌻𐌴𐍃𐌾𐍉𐌼 𐌲𐌿𐌳𐌹𐍃 𐌹𐌽 𐍃𐍄𐌹𐍅𐌹𐍄𐌾𐌹𐍃 𐌹𐌶𐍅𐌰𐍂𐌹𐍃 𐌾𐌰𐌷 𐌲𐌰𐌻𐌰𐌿𐌱𐌴𐌹𐌽𐌰𐌹𐍃 𐌹𐌽 𐌰𐌻𐌻𐌰𐌹𐌼 𐍅𐍂𐌰𐌺𐌾𐍉𐌼 𐌹𐌶𐍅𐌰𐍂𐌰𐌹𐌼 𐌾𐌰𐌷 𐌰𐌲𐌻𐍉𐌼 𐌸𐍉𐌶𐌴𐌹 𐌿𐍃𐌸𐌿𐌻𐌰𐌹𐌸,"
II Thessalonians,1,5,"𐍄𐌰𐌹𐌺𐌽 𐌲𐌰𐍂𐌰𐌹𐌷𐍄𐌰𐌹𐌶𐍉𐍃 𐍃𐍄𐌰𐌿𐍉𐍃 𐌲𐌿𐌳𐌹𐍃 𐌳𐌿 𐍅𐌰𐌹𐍂𐌸𐌰𐌽𐍃 𐌱𐍂𐌹𐌲𐌲𐌰𐌽 𐌹𐌶𐍅𐌹𐍃 𐌸𐌹𐌿𐌳𐌰𐌽𐌲𐌰𐍂𐌳𐌾𐍉𐍃 𐌲𐌿𐌳𐌹𐍃, 𐌹𐌽 𐌸𐌹𐌶𐍉𐌶𐌴𐌹 𐌾𐌰𐌷 (𐌸𐌿𐌻𐌰𐌹)𐌸; 𐍄𐌰𐌹𐌺𐌽 𐌲𐌰𐍂𐌰𐌹𐌷𐍄𐌰𐌹𐌶𐍉𐍃 𐍃𐍄𐌰𐌿𐍉𐍃 𐌲𐌿𐌳𐌹𐍃 𐌳𐌿 𐍅𐌰𐌹𐍂𐌸𐌰𐌽𐍃 𐌱𐍂𐌹𐌲𐌲𐌰𐌽 𐌹𐌶𐍅𐌹𐍃 𐌸𐌹𐌿𐌳𐌰𐌽𐌲𐌰𐍂𐌳𐌾𐍉𐍃 𐌲𐌿𐌳𐌹𐍃, 𐌹𐌽 𐌸𐌹𐌶𐍉𐌶𐌴𐌹 𐌾𐌰𐌷 𐍅𐌹𐌽𐌽𐌹𐌸;"
II Thessalonians,1,6,"𐍃𐍅𐌴𐌸𐌰𐌿𐌷 𐌾𐌰𐌱𐌰𐌹 𐌲𐌰𐍂𐌰𐌹𐌷𐍄 𐌹𐍃𐍄 𐌰𐍄 𐌲𐌿𐌳𐌰 𐌿𐍃𐌲𐌹𐌻𐌳𐌰𐌽 𐌸𐌰𐌹𐌼 𐌲𐌰𐌸𐍂𐌴𐌹𐌷𐌰𐌽𐌳𐌰𐌼 𐌹𐌶𐍅𐌹𐍃 𐌰𐌲𐌲𐍅𐌹𐌸𐌰, 𐍃𐍅𐌴𐌸𐌰(𐌿𐌷)...."
II Thessalonians,1,7,"𐌾𐌰𐌷 (𐌹𐌶𐍅)𐌹𐍃 𐌲𐌰𐌸𐌿(𐌻𐌰)𐌽(𐌳)𐌰𐌼 𐌹𐌿𐍃𐌹𐌻𐌰 𐌼𐌹𐌸 𐌿𐌽𐍃 𐌹𐌽 𐌰𐌽𐌳𐌷𐌿𐌻𐌴𐌹𐌽𐌰𐌹 𐍆𐍂𐌰𐌿𐌾𐌹𐌽𐍃 𐌿𐌽𐍃𐌰𐍂𐌹𐍃 𐌹𐌴𐍃𐌿𐌹𐍃 𐌰𐍆 𐌷𐌹𐌼𐌹𐌽𐌰𐌼 𐌼𐌹𐌸 𐌰𐌲𐌲𐌹𐌻𐌿𐌼 𐌼𐌰𐌷𐍄𐌰𐌹𐍃 𐌹𐍃,"
II Thessalonians,1,8,"𐌹𐌽 𐍆𐌿𐌽𐌹𐌽𐍃 𐌻𐌰𐌿𐌷𐌼𐌿𐌽𐌾𐌰𐌹 𐌲𐌹𐌱𐌰𐌽𐌳𐌹𐍃 𐍆𐍂𐌰𐍅𐌴𐌹𐍄 𐌽𐌹 𐌺𐌿𐌽𐌽𐌰𐌽𐌳𐌰𐌼 𐌲𐌿𐌸 𐌾𐌰𐌷 𐌽𐌹 𐌿𐍆𐌷𐌰𐌿𐍃𐌾𐌰𐌽𐌳𐌰𐌼 𐌰𐌹𐍅𐌰𐌲𐌲𐌴𐌻𐌾𐍉𐌽 𐍆𐍂𐌰𐌿𐌾𐌹𐌽𐍃 𐌿𐌽𐍃𐌰𐍂𐌹𐍃 𐌹𐌴𐍃𐌿𐌹𐍃 𐍇𐍂𐌹𐍃𐍄𐌰𐌿𐍃,"
II Thessalonians,1,9,"𐌸𐌰𐌹𐌴𐌹 𐍆𐍂𐌰(𐍅𐌴𐌹)𐍄 𐌿𐍃(𐌲)𐌹𐌱(𐌰𐌽𐌳), 𐍆𐍂𐌰𐌻𐌿𐍃𐍄 𐌰𐌹𐍅𐌴𐌹𐌽𐍉𐌽 𐍆𐍂𐌰𐌼 𐌰𐌽𐌳𐍅𐌰𐌹𐍂𐌸𐌾𐌰 𐍆𐍂𐌰𐌿𐌾𐌹𐌽𐍃 𐌾𐌰𐌷 𐍆𐍂𐌰𐌼 𐍅𐌿𐌻𐌸𐌰𐌿 𐌼𐌰𐌷𐍄𐌰𐌹𐍃 𐌹𐍃,"
II Thessalonians,1,10,"𐌸𐌰𐌽 𐌵𐌹𐌼𐌹𐌸 𐌿𐍃𐌷𐌰𐌿𐌷(𐌽)𐌰𐌽 𐌹𐌽 𐌸𐌰𐌹𐌼 𐍅𐌴𐌹𐌷𐌰𐌼 𐍃𐌴𐌹𐌽𐌰𐌹𐌼, 𐌾𐌰𐌷 𐍃𐌹𐌻𐌳𐌰𐌻𐌴𐌹𐌺𐌽𐌰𐌽 𐌹𐌽 𐌰𐌻𐌻𐌰𐌹𐌼 𐌸𐌰𐌹𐌼 𐌲𐌰𐌻𐌰𐌿𐌱𐌾𐌰𐌽𐌳𐌰𐌼, 𐌿𐌽𐍄𐌴 𐌲𐌰𐌻𐌰𐌿𐌱𐌹𐌳𐌰 𐌹𐍃𐍄 𐍅𐌴𐌹𐍄𐍅𐍉𐌳𐌴𐌹 𐌿𐌽𐍃𐌰𐍂𐌰 𐌳𐌿 𐌹𐌶𐍅𐌹𐍃 𐌹𐌽 𐌳𐌰𐌲𐌰 𐌾𐌰𐌹𐌽𐌰𐌼𐌼𐌰."
II Thessalonians,1,11,"𐌳𐌿 𐌸𐌰𐌼𐌼𐌴𐌹 𐌾𐌰𐌷 𐌱𐌹𐌳𐌾𐌰𐌼 𐍃𐌹𐌽𐍄𐌴𐌹𐌽𐍉 𐌱𐌹 𐌹𐌶𐍅𐌹𐍃 𐌴𐌹 𐌹𐌶𐍅𐌹𐍃 𐍅𐌰𐌹𐍂𐌸𐌰𐌽𐍃 𐌱𐍂𐌹𐌲𐌲𐌰𐌹 𐌸𐌹𐌶𐍉𐍃 𐌻𐌰𐌸𐍉𐌽𐌰𐌹𐍃 𐌲𐌿𐌸 𐌿𐌽𐍃𐌰𐍂 𐌾𐌰𐌷 𐍆𐌿𐌻𐌻𐌾𐌰𐌹 𐌰𐌻𐌻𐌰 𐌻𐌴𐌹𐌺𐌰𐌹𐌽 𐌸𐌹𐌿𐌸𐌴𐌹𐌽𐌰𐌹𐍃 𐍃𐌴𐌹𐌽𐌰𐌹𐌶𐍉𐍃 𐌾𐌰𐌷 𐍅𐌰𐌿𐍂𐍃𐍄𐍅 𐌲𐌰𐌻𐌰𐌿𐌱𐌴𐌹𐌽𐌰𐌹𐍃 𐌹𐌽 𐌼𐌰𐌷𐍄𐌰𐌹,"
II Thessalonians,1,12,𐌴𐌹 𐌿𐍃𐌷𐌰𐌿𐌷𐌽𐌰𐌹 𐌽𐌰𐌼𐍉 𐍆𐍂𐌰𐌿𐌾𐌹𐌽𐍃 𐌿𐌽𐍃𐌰𐍂𐌹𐍃 𐌹𐌴𐍃𐌿𐌹𐍃 𐍇𐍂𐌹𐍃𐍄𐌰𐌿𐍃 𐌹𐌽 𐌹𐌶𐍅𐌹𐍃 𐌾𐌰𐌷 𐌾𐌿𐍃 𐌹𐌽 𐌹𐌼𐌼𐌰 𐌱𐌹 𐌰𐌽𐍃𐍄𐌰𐌹 𐌲𐌿𐌳𐌹𐍃 𐌿𐌽𐍃𐌰𐍂𐌹𐍃 𐌾𐌰𐌷 𐍆𐍂𐌰𐌿𐌾𐌹𐌽𐍃 𐌿𐌽𐍃𐌰𐍂𐌹𐍃 𐌹𐌴𐍃𐌿𐌹𐍃 𐍇𐍂𐌹𐍃𐍄𐌰𐌿𐍃.
II Thessalonians,2,1,"𐌰𐌸𐌸𐌰𐌽 𐌱𐌹𐌳𐌾𐌰𐌼 𐌹𐌶𐍅𐌹𐍃, 𐌱(𐍂)𐍉𐌸𐍂𐌾(𐌿)𐍃, 𐌹𐌽 (𐌵)𐌿𐌼𐌹𐍃 (𐍆𐍂𐌰𐌿𐌾𐌹)𐌽𐍃 𐌿𐌽𐍃𐌰𐍂𐌹𐍃 𐌹𐌴𐍃𐌿𐌹𐍃 𐍇𐍂𐌹𐍃𐍄𐌰𐌿𐍃 𐌾𐌰𐌷 𐌲𐌰𐌵𐌿𐌼𐌸𐌰𐌹𐍃 𐌿𐌽𐍃𐌰𐍂𐌰𐌹𐌶𐍉𐍃 𐌳𐌿 𐌹𐌼𐌼𐌰,"
II Thessalonians,2,2,"𐌳𐌿 𐌽𐌹 𐍃𐍀𐍂𐌰(𐌿𐍄)𐍉 (𐍅)𐌰𐌲(𐌾𐌰𐌽 𐌹𐌶)𐍅𐌹𐍃 𐍆𐍂𐌰𐌼 (𐌰𐌷)𐌹𐌽 (𐌽𐌹)𐌷 𐌳𐍂(𐍉𐌱𐌽𐌰𐌽), 𐌽𐌹𐌷 (𐌸𐌰𐌹𐍂)𐌷 (𐌰𐌷𐌼𐌰𐌽 𐌽)𐌹𐌷 (𐌸𐌰𐌹𐍂𐌷 𐍅)𐌰𐌿(𐍂)𐌳𐌰 𐌽(𐌹𐌷 𐌸𐌰𐌹𐍂)𐌷 (𐌰𐌹𐍀𐌹)𐍃𐍄(𐌰)𐌿(𐌻)𐌴(𐌹)𐌽 𐍃(𐍅𐌴 𐌸𐌰𐌹)𐍂𐌷 𐌿𐌽𐍃, 𐌸𐌰(𐍄𐌴𐌹) 𐌹𐌽𐍃𐍄(𐌰𐌽𐌳𐌰)𐌹 𐌳𐌰𐌲𐍃 (𐍇𐍂𐌹𐍃𐍄𐌰𐌿𐍃)."
II Thessalonians,2,3,"(𐌽𐌹 𐍈)𐌰𐍃(𐌷𐌿𐌽) 𐌹𐌶(𐍅)𐌹(𐍃) 𐌿𐍃𐌻𐌿𐍄𐍉 (𐍈)𐌰𐌼(𐌼)𐌰 𐌷𐌰(𐌹)𐌳(𐌰)𐌿, 𐌿𐌽(𐍄)𐌴 (𐌽𐌹𐌱𐌰) 𐌵𐌹𐌼𐌹𐌸 𐌰𐍆(𐍃)𐍄(𐌰𐍃)𐍃 (𐍆𐌰𐌿)𐍂𐌸𐌹(𐍃), 𐌾𐌰𐌷 𐌰𐌽𐌳𐌷𐌿𐌻𐌹𐌳𐍃 𐍅𐌰𐌹𐍂(𐌸𐌰𐌹) 𐌼𐌰(𐌽𐌽)𐌰 𐍆𐍂(𐌰)𐍅(𐌰)𐌿𐍂𐌷(𐍄𐌰𐌹)𐍃, 𐍃𐌿𐌽𐌿𐍃 𐍆𐍂𐌰𐌻𐌿𐍃𐍄𐌰𐌹𐍃,"
II Thessalonians,2,4,"𐍃𐌰 𐌰𐌽𐌳𐍃𐍄𐌰𐌽𐌳𐌰𐌽𐌳𐍃 𐌾𐌰𐌷 𐌿(𐍆)𐌰(𐍂)𐌷𐌰(𐍆)𐌾𐌰𐌽𐌳𐍃 (𐍃)𐌹𐌺 𐌿𐍆𐌰𐍂 𐌰𐌻𐌻 𐌵𐌹𐌸𐌰𐌽𐌰𐌽(𐌰) 𐌲𐌿𐌸 𐌰𐌹𐌸𐌸𐌰𐌿 [𐌰𐌻𐌻𐌰𐍄𐌰] 𐌱(𐌻𐍉)𐍄𐌹𐌽𐌰𐍃𐍃𐌿, 𐍃𐍅𐌰𐌴𐌹 (𐌹𐌽 𐌰𐌻𐌷) 𐌲𐌿𐌳𐌹𐍃 𐌲𐌰𐍃𐌹𐍄𐌰𐌽, 𐍃_...."
II Thessalonians,2,5,
II Thessalonians,2,6,
II Thessalonians,2,7,
II Thessalonians,2,8,
II Thessalonians,2,9,
II Thessalonians,2,10,
II Thessalonians,2,11,
II Thessalonians,2,12,
II Thessalonians,2,13,
II Thessalonians,2,14,
II Thessalonians,2,15,.... 𐌿𐌽𐍃𐌰𐍂𐍉𐍃.
II Thessalonians,2,16,"𐌰𐌸𐌸𐌰𐌽 𐍃𐌹𐌻𐌱𐌰 𐍆𐍂𐌰𐌿𐌾𐌰 𐌿𐌽𐍃𐌰𐍂 𐌹𐌴𐍃𐌿𐍃 𐍇𐍂𐌹𐍃𐍄𐌿𐍃 𐌾𐌰𐌷 𐌲𐌿𐌸 𐌾𐌰𐌷 𐌰𐍄𐍄𐌰 𐌿𐌽𐍃𐌰𐍂 𐍃𐌰𐌴𐌹 𐍆𐍂𐌹𐌾𐍉𐌳𐌰 𐌿𐌽𐍃 𐌾𐌰𐌷 𐌰𐍄𐌲𐌰𐍆 𐌲𐌰𐌸𐌻𐌰𐌹𐌷𐍄 𐌰𐌹𐍅𐌴𐌹𐌽𐌰 𐌾𐌰𐌷 𐍅𐌴𐌽 𐌲𐍉𐌳𐌰 𐌹𐌽 𐌰𐌽𐍃𐍄𐌰𐌹,"
II Thessalonians,2,17,𐌲𐌰𐌸𐍂𐌰𐍆𐍃𐍄𐌾𐌰𐌹 𐌷𐌰𐌹𐍂𐍄𐍉𐌽𐌰 𐌹𐌶𐍅𐌰𐍂𐌰 𐌾𐌰𐌷 𐌲𐌰𐍄𐌿𐌻𐌲𐌾𐌰𐌹 𐌹𐌽 𐌰𐌻𐌻𐌰𐌹𐌼 𐍅𐌰𐌿𐍂𐍃𐍄𐍅𐌰𐌼 𐌾𐌰𐌷 𐍅𐌰𐌿𐍂𐌳𐌰𐌼 𐌲𐍉𐌳𐌰𐌹𐌼.
II Thessalonians,3,1,"Ã𐌰𐍄𐌰 𐌰𐌽𐌸𐌰𐍂 𐌲𐌰𐌱𐌹𐌳𐌾𐌰𐌹𐌸 𐌾𐌰𐌷 𐌱𐌹 𐌿𐌽𐍃𐌹𐍃, 𐌱𐍂𐍉𐌸𐍂𐌾𐌿𐍃, 𐌴𐌹 𐍅𐌰𐌿𐍂𐌳 𐍆𐍂𐌰𐌿𐌾𐌹𐌽𐍃 𐌸𐍂𐌰𐌲𐌾𐌰𐌹 𐌾𐌰𐌷 𐌼𐌹𐌺𐌹𐌻𐌾𐌰𐌹𐌳𐌰𐌿, 𐍃𐍅𐌰𐍃𐍅𐌴 𐌾𐌰𐌷 𐌰𐍄 𐌹𐌶𐍅𐌹𐍃,"
II Thessalonians,3,2,𐌾𐌰𐌷 𐌴𐌹 𐌿𐍃𐌻𐌰𐌿𐍃𐌾𐌰𐌹𐌽𐌳𐌰𐌿 𐌰𐍆 𐌲𐌰𐍃𐍄𐍉𐌾𐌰𐌽𐌰𐌹𐌼 𐌾𐌰𐌷 𐌿𐌱𐌹𐌻𐌰𐌹𐌼 𐌼𐌰𐌽𐌽𐌰𐌼; 𐌽𐌹 𐌰𐌿𐌺 𐌹𐍃𐍄 𐌰𐌻𐌻𐌰𐌹𐌼 𐌲𐌰𐌻𐌰𐌿𐌱𐌴𐌹𐌽𐍃.
II Thessalonians,3,3,𐌰𐌸𐌸𐌰𐌽 𐍄𐍂𐌹𐌲𐌲𐍅𐍃 𐍆𐍂𐌰𐌿𐌾𐌰 𐍃𐌰𐌴𐌹 𐌲𐌰𐍄𐌿𐌻𐌲𐌴𐌹𐌸 𐌹𐌶𐍅𐌹𐍃 𐌾𐌰𐌷 𐌲𐌰𐌻𐌰𐌿𐍃𐌾𐌰𐌹 𐌹𐌶𐍅𐌹𐍃 𐌰𐍆 𐌸𐌰𐌼𐌼𐌰 𐌿𐌱𐌹𐌻𐌹𐌽.
II Thessalonians,3,4,"𐌰𐌸𐌸𐌰𐌽 𐌲𐌰𐍄𐍂𐌰𐌿𐌰𐌼 𐌹𐌽 𐍆𐍂𐌰𐌿𐌾𐌹𐌽 𐌹𐌽 𐌹𐌶𐍅𐌹𐍃, 𐌴𐌹 𐌸𐌰𐍄𐌴𐌹 𐌰𐌽𐌰𐌱𐌿𐌳𐌿𐌼 𐌹𐌶𐍅𐌹𐍃, 𐌾𐌰𐌷 𐍄𐌰𐌿𐌾𐌹𐌸 𐌾𐌰𐌷 𐍄𐌰𐌿𐌾𐌰𐌽 𐌷𐌰𐌱𐌰𐌹𐌸."
II Thessalonians,3,5,𐌰(𐌺) 𐍆𐍂𐌰𐌿𐌾𐌰 𐌲𐌰𐍂𐌰𐌹𐌷𐍄𐌾𐌰𐌹 𐌷𐌰𐌹𐍂𐍄𐍉𐌽𐌰 𐌹𐌶𐍅𐌰𐍂𐌰 𐌹𐌽 𐍆𐍂𐌹𐌰𐌸𐍅𐌰𐌹 𐌲𐌿𐌳𐌹𐍃 𐌾𐌰𐌷 𐌹𐌽 𐌿𐍃𐌸𐌿𐌻𐌰𐌹𐌽𐌰𐌹 𐍇𐍂𐌹𐍃𐍄𐌰𐌿𐍃.
II Thessalonians,3,6,"𐌰𐌸𐌸𐌰𐌽 𐌰𐌽𐌰𐌱𐌹𐌿𐌳𐌰𐌼 𐌹𐌶𐍅𐌹𐍃, 𐌱𐍂𐍉𐌸𐍂𐌾𐌿𐍃, 𐌹𐌽 𐌽𐌰𐌼𐌹𐌽 𐍆𐍂𐌰𐌿𐌾𐌹𐌽𐍃 𐌿𐌽𐍃𐌰𐍂𐌹𐍃 𐌹𐌴𐍃𐌿𐌹𐍃 𐍇𐍂𐌹𐍃𐍄𐌰𐌿𐍃, 𐌴𐌹 𐌲𐌰𐍃𐌺𐌰𐌹𐌳𐌰𐌹𐌸 𐌹𐌶𐍅𐌹𐍃 𐌰𐍆 𐌰𐌻𐌻𐌰𐌼𐌼𐌰 𐌱𐍂𐍉𐌸𐍂𐌴 𐍈𐌰𐌹𐍂𐌱𐌰𐌽𐌳𐌰𐌽𐌴 𐌿𐌽𐌲𐌰𐍄𐌰𐍃𐍃𐌰𐌱𐌰 𐌾𐌰𐌷 𐌽𐌹 𐌱𐌹 𐌰𐌽𐌰𐍆𐌹𐌻𐌷𐌰𐌼 𐌸𐍉𐌴𐌹 𐌰𐌽𐌳𐌽𐌴𐌼𐌿𐌸 𐌰𐍄 𐌿𐌽𐍃."
II Thessalonians,3,7,".... 𐌹𐍃𐍄 𐌲𐌰𐌻𐌴𐌹𐌺𐍉𐌽 𐌿𐌽𐍃𐌹𐍃, 𐌿𐌽𐍄𐌴 𐌽𐌹 𐌿𐌽𐌲𐌰𐍄𐌴𐍅𐌹𐌳𐌰𐌹 𐍅𐌴𐍃𐌿𐌼 𐌹𐌽 𐌹𐌶𐍅𐌹𐍃, 𐍃𐌹𐌻𐌱𐌰𐌽𐍃 𐌰𐌿𐌺 𐌺𐌿𐌽𐌽𐌿𐌸 𐍈𐌰𐌹𐍅𐌰 𐍃𐌺𐌿𐌻𐌳 𐌹𐍃𐍄 𐌲𐌰𐌻𐌴𐌹𐌺𐍉𐌽 𐌿𐌽𐍃𐌹𐍃, 𐌿𐌽𐍄𐌴 𐌽𐌹 𐌿𐌽𐌲𐌰𐍄𐌴𐍅𐌹𐌳𐌰𐌹 𐍅𐌴𐍃𐌿𐌼 𐌹𐌽 𐌹𐌶𐍅𐌹𐍃,"
II Thessalonians,3,8,"𐌽𐌹𐌷 𐌰𐍂𐍅𐌾𐍉 𐌷𐌻𐌰𐌹𐌱 𐌼𐌰𐍄𐌹𐌳𐌴𐌳𐌿𐌼 𐌰𐍄 𐍈𐌰𐌼𐌼𐌰, 𐌰𐌺 𐍅𐌹𐌽𐌽𐌰𐌽𐌳𐌰𐌽𐍃 𐌹𐌽 𐌰𐍂𐌱𐌰𐌹𐌳𐌰𐌹 𐌽𐌰𐌷𐍄 𐌾𐌰𐌷 𐌳𐌰𐌲𐌰 𐍅𐌰𐌿𐍂𐌺𐌾𐌰𐌽𐌳𐌰𐌽𐍃, 𐌴𐌹 𐌽𐌹 𐌺𐌰𐌿𐍂𐌹𐌳𐌴𐌳𐌴𐌹𐌼𐌰 𐍈𐌰𐌽𐌰 𐌹𐌶𐍅𐌰𐍂𐌰. 𐌽𐌹 𐌰𐍂𐍅𐌾𐍉 𐌷𐌻𐌰𐌹𐌱 𐌼𐌰𐍄𐌹𐌳𐌴𐌳𐌿𐌼 𐌰𐍄 𐍈𐌰𐌼𐌼𐌰, 𐌰𐌺 𐍅𐌹𐌽𐌽𐌰𐌽𐌳𐌰𐌽𐍃 𐌰𐍂𐌱𐌰𐌹𐌳𐌰𐌹 𐌽𐌰𐌷𐍄 𐌾𐌰𐌷 𐌳𐌰𐌲𐌰 𐍅𐌰𐌿𐍂𐌺𐌾𐌰𐌽𐌳𐌰𐌽𐍃, 𐌴𐌹 𐌽𐌹 𐌺𐌰𐌿𐍂𐌹𐌳𐌴𐌳𐌴𐌹𐌼𐌰 𐍈𐌰𐌽𐌰 𐌹𐌶𐍅𐌰𐍂𐌰."
II Thessalonians,3,9,"𐌽𐌹 𐌸𐌰𐍄𐌴𐌹 𐌽𐌹 𐌷𐌰𐌱𐌰𐌹𐌳𐌴𐌳𐌴𐌹𐌼𐌰 𐍅𐌰𐌻𐌳𐌿𐍆𐌽𐌹, 𐌰𐌺 𐌴𐌹 𐌿𐌽𐍃 𐍃𐌹𐌻𐌱𐌰𐌽𐍃 𐌳𐌿 𐍆𐍂𐌹𐍃𐌰𐌷𐍄𐌰𐌹 𐌲𐌴𐌱𐌴𐌹𐌼𐌰 𐌳𐌿 𐌲𐌰𐌻𐌴𐌹𐌺𐍉𐌽 𐌿𐌽𐍃𐌹𐍃. 𐌽𐌹 𐌸𐌰𐍄𐌴𐌹 𐌽𐌹 𐌷𐌰𐌱𐌰𐌹𐌳𐌴𐌳𐌴𐌹𐌼𐌰 𐍅𐌰𐌻𐌳𐌿𐍆𐌽𐌹, 𐌰𐌺 𐌴𐌹 𐌿𐌽𐍃 𐍃𐌹𐌻𐌱𐌰𐌽𐍃 𐌳𐌿 𐍆𐍂𐌹𐍃𐌰𐌷𐍄𐌰𐌹 𐌲𐌴𐌱𐌴𐌹𐌼𐌰 𐌳𐌿 𐌲𐌰𐌻𐌴𐌹𐌺𐍉𐌽 𐌿𐌽𐍃𐌹𐍃."
II Thessalonians,3,10,"𐌾𐌰𐌷 𐌰𐌿𐌺 𐌸𐌰𐌽 𐍅𐌴𐍃𐌿𐌼 𐌰𐍄 𐌹𐌶𐍅𐌹𐍃, 𐌸𐌰𐍄𐌰 𐌹𐌶𐍅𐌹𐍃 𐌰𐌽𐌰𐌱𐌿𐌳𐌿𐌼, 𐌴𐌹 𐌾𐌰𐌱𐌰𐌹 𐍈𐌰𐍃 𐌽𐌹 𐍅𐌹𐌻𐌹 𐍅𐌰𐌿𐍂𐌺𐌾𐌰𐌽, 𐌽𐌹𐌷 𐌼𐌰𐍄𐌾𐌰𐌹. 𐌾𐌰𐌷 𐌰𐌿𐌺 𐌸𐌰𐌽 𐍅𐌴𐍃𐌿𐌼 𐌰𐍄 𐌹𐌶𐍅𐌹𐍃, 𐌸𐌰𐍄𐌰 𐌹𐌶𐍅𐌹𐍃 𐌰𐌽𐌰𐌱𐌿𐌳𐌿𐌼, 𐌴𐌹 𐌾𐌰𐌱𐌰𐌹 𐍈𐌰𐍃 𐌽𐌹 𐍅𐌹𐌻𐌹 𐍅𐌰𐌿𐍂𐌺𐌾𐌰𐌽, 𐌽𐌹 𐌼𐌰𐍄𐌾𐌰𐌹."
II Thessalonians,3,11,"𐌷𐌰𐌿𐍃𐌾𐌰𐌼 𐌰𐌿𐌺 𐍃𐌿𐌼𐌰𐌽𐍃 𐍈𐌰𐌹𐍂𐌱𐌰𐌽𐌳𐌰𐌽𐍃 𐌹𐌽 𐌹𐌶𐍅𐌹𐍃 𐌿𐌽𐌲𐌰𐍄𐌰𐍃𐍃𐌰𐌱𐌰, 𐌽𐌹 𐍅𐌰𐌹𐌷𐍄 𐍅𐌰𐌿𐍂𐌺𐌾𐌰𐌽𐌳𐌰𐌽𐍃, 𐌰𐌺 𐍆𐌰𐌹𐍂𐍅𐌴𐌹𐍄𐌾𐌰𐌽𐌳𐌰𐌽𐍃. 𐌷𐌰𐌿𐍃𐌾𐌰𐌼 𐌰𐌿𐌺 𐍃𐌿𐌼𐌰𐌽𐍃 (𐍈𐌰𐌹)𐍂𐌱𐌰𐌽𐌳𐌰𐌽𐍃 𐌹𐌽 𐌹𐌶𐍅𐌹𐍃 𐌿𐌽𐌲𐌰𐍄𐌰𐍃𐍃𐌰𐌱𐌰, 𐌽𐌹 𐍅𐌰𐌹𐌷𐍄 𐍅𐌰𐌿𐍂𐌺𐌾𐌰𐌽𐌳𐌰𐌽𐍃, 𐌰𐌺 𐍆𐌰𐌹𐍂𐍅𐌴𐌹𐍄𐌾𐌰𐌽𐌳𐌰𐌽𐍃."
II Thessalonians,3,12,"𐌸𐌰𐌹𐌼𐌿𐌷 𐍃𐍅𐌰𐌻𐌴𐌹𐌺𐌰𐌹𐌼 𐌰𐌽𐌰𐌱𐌹𐌿𐌳𐌰𐌼 𐌾𐌰𐌷 𐌱𐌹𐌳𐌾𐌰𐌼 𐌹𐌽 𐍆𐍂𐌰𐌿𐌾𐌹𐌽 𐌹𐌴𐍃𐌿𐌰 𐍇𐍂𐌹𐍃𐍄𐌰𐌿, 𐌴𐌹 𐌼𐌹𐌸 𐍂𐌹𐌼𐌹𐍃𐌰 𐍅𐌰𐌿𐍂𐌺𐌾𐌰𐌽𐌳𐌰𐌽𐍃 𐍃𐌴𐌹𐌽𐌰𐌽𐌰 𐌷𐌻𐌰𐌹𐍆 𐌼𐌰𐍄𐌾𐌰𐌹𐌽𐌰. 𐌸𐌰𐌹𐌼𐌿𐌷 𐍃𐍅𐌰𐌻𐌴𐌹𐌺𐌰𐌹𐌼 𐌰𐌽𐌰𐌱𐌹𐌿𐌳𐌰𐌼 𐌾𐌰𐌷 𐌱𐌹𐌳𐌾𐌰𐌼 𐌹𐌽 𐍆𐍂𐌰𐌿𐌾𐌹𐌽 𐌹𐌴𐍃𐌿𐌰 𐍇𐍂𐌹𐍃𐍄𐌰𐌿, 𐌴𐌹 𐌼𐌹𐌸 𐍂𐌹𐌼𐌹𐍃𐌰 𐍅𐌰𐌿𐍂𐌺𐌾𐌰𐌽𐌳𐌰𐌽𐍃 𐍃𐌴𐌹𐌽𐌰𐌽𐌰 𐌷𐌻𐌰𐌹𐌱 𐌼𐌰𐍄𐌾𐌰𐌹𐌽𐌰."
II Thessalonians,3,13,"𐌰𐌸𐌸𐌰𐌽 𐌾𐌿𐍃, 𐌱𐍂𐍉𐌸𐍂𐌾𐌿𐍃, 𐌽𐌹 𐍅𐌰𐌹𐍂𐌸𐌰𐌹𐌸 𐌿𐍃𐌲𐍂𐌿𐌳𐌾𐌰𐌽𐍃 𐍅𐌰𐌹𐌻𐌰 𐍄𐌰𐌿𐌾𐌰𐌽𐌳𐌰𐌽𐍃. 𐌰𐌸𐌸𐌰𐌽 𐌾𐌿𐍃, 𐌱𐍂𐍉𐌸𐍂𐌾𐌿𐍃, 𐌽𐌹 𐍅𐌰𐌹𐍂𐌸𐌰𐌹𐌸 𐌿𐍃𐌲𐍂𐌿𐌳𐌾𐌰𐌽𐍃 𐍅𐌰𐌹𐌻𐌰 𐍄𐌰𐌿𐌾𐌰𐌽𐌳𐌰𐌽𐍃."
II Thessalonians,3,14,"𐌹𐌸 𐌾𐌰𐌱𐌰𐌹 𐍈𐌰𐍃 𐌽𐌹 𐌿𐍆𐌷𐌰𐌿𐍃𐌾𐌰𐌹 𐍅𐌰𐌿𐍂𐌳𐌰 𐌿𐌽𐍃𐌰𐍂𐌰𐌼𐌼𐌰 𐌸𐌰𐌹𐍂𐌷 𐌸𐍉𐍃 𐌱𐍉𐌺𐍉𐍃, 𐌸𐌰𐌽𐌰 𐌲𐌰𐍄𐌰𐍂𐌷𐌾𐌰𐌹𐌸; 𐌽𐌹 𐌱𐌻𐌰𐌽𐌳𐌰𐌹𐌸 𐌹𐌶𐍅𐌹𐍃 𐌼𐌹𐌸 𐌹𐌼𐌼𐌰, 𐌴𐌹 𐌲𐌰𐍃𐌺𐌰𐌼𐌰𐌹 𐍃𐌹𐌺. 𐌹𐌸 𐌾𐌰𐌱𐌰𐌹 𐍈𐌰𐍃 𐌽𐌹 𐌿𐍆𐌷𐌰𐌿𐍃𐌾𐌰𐌹 𐍅𐌰𐌿𐍂𐌳𐌰 𐌿𐌽𐍃𐌰𐍂𐌰𐌼𐌼𐌰 𐌸𐌰𐌹𐍂𐌷 𐌸𐍉𐍃 𐌱𐍉𐌺𐍉𐍃, 𐌸𐌰𐌽𐌰 𐌲𐌰𐍄𐌰𐍂𐌷𐌾𐌰𐌹𐌸; 𐌽𐌹 𐌱𐌻𐌰𐌽𐌳𐌰𐌹𐌸 𐌹𐌶𐍅𐌹𐍃 𐌼𐌹𐌸 𐌹𐌼𐌼𐌰, 𐌴𐌹 𐌲𐌰𐍃𐌺𐌰𐌼𐌰𐌹 𐍃𐌹𐌺."
II Thessalonians,3,15,"𐌾𐌰𐌽~𐌽𐌹 𐍃𐍅𐌰𐍃𐍅𐌴 𐍆𐌹𐌾𐌰𐌽𐌳 𐌹𐌽𐌰 𐍂𐌰𐌷𐌽𐌾𐌰𐌹𐌸, 𐌰𐌺 𐍄𐌰𐌻𐌶𐌾𐌰𐌹𐌸 𐍃𐍅𐌴 𐌱𐍂𐍉𐌸𐌰𐍂. 𐌾𐌰𐌷 𐌽𐌹 𐍃𐍅𐌰𐍃𐍅𐌴 𐍆𐌹𐌾𐌰𐌽𐌳 𐌹𐌽𐌰 𐍂𐌰𐌷𐌽𐌾𐌰𐌹𐌸, 𐌰𐌺 𐍄𐌰𐌻𐌶𐌾𐌰𐌹𐌸 𐍃𐍅𐌴 𐌱𐍂𐍉𐌸𐌰𐍂."
II Thessalonians,3,16,𐌰𐌸𐌸𐌰𐌽 𐍃𐌹𐌻𐌱𐌰 𐍆𐍂𐌰𐌿𐌾𐌰 𐌲𐌰𐍅𐌰𐌹𐍂𐌸𐌴𐌹𐍃 𐌲𐌹𐌱𐌰𐌹 𐌹𐌶𐍅𐌹𐍃 𐌲𐌰𐍅𐌰𐌹𐍂𐌸𐌹 𐍃𐌹𐌽𐍄𐌴𐌹𐌽𐍉 𐌹𐌽 𐌰𐌻𐌻𐌰𐌹𐌼 𐍃𐍄𐌰𐌳𐌹𐌼; 𐍆𐍂𐌰𐌿𐌾𐌰 𐌼𐌹𐌸 𐌰𐌻𐌻𐌰𐌹𐌼 𐌹𐌶𐍅𐌹𐍃. 𐌰𐌸𐌸𐌰𐌽 𐍃𐌹𐌻𐌱𐌰 𐍆𐍂𐌰𐌿𐌾𐌰 𐌲𐌰𐍅𐌰𐌹𐍂𐌸𐌴𐌹𐍃 𐌲𐌹𐌱𐌰𐌹 𐌹𐌶𐍅𐌹𐍃 𐌲𐌰𐍅𐌰𐌹𐍂𐌸𐌹 𐍃𐌹𐌽𐍄𐌴𐌹𐌽𐍉 𐌹𐌽 𐌰𐌻𐌻𐌰𐌹𐌼 𐍃𐍄𐌰𐌳𐌹𐌼; 𐍆𐍂𐌰𐌿𐌾𐌰 𐌼𐌹𐌸 𐌰𐌻𐌻𐌰𐌹𐌼 𐌹𐌶𐍅𐌹𐍃.
II Thessalonians,3,17,"𐍃𐍉 𐌲𐍉𐌻𐌴𐌹𐌽𐍃 𐌼𐌴𐌹𐌽𐌰𐌹 𐌷𐌰𐌽𐌳𐌰𐌿 𐍀𐌰𐍅𐌻𐌰𐌿𐍃, 𐌸𐌰𐍄𐌴𐌹 𐌹𐍃𐍄 𐌱𐌰𐌽𐌳𐍅𐍉 𐌰𐌽𐌰 𐌰(𐌻𐌻𐌰𐌹)𐌼 𐌰(𐌹𐍀𐌹𐍃𐍄𐌰𐌿𐌻𐌴𐌼) (𐌼𐌴)𐌹(𐌽𐌰𐌹𐌼); (𐍃)𐍅(𐌰) (𐌼𐌴)𐌻𐌾𐌰. 𐍃𐍉 𐌲𐍉𐌻𐌴𐌹𐌽𐍃 𐌼𐌴𐌹𐌽𐌰𐌹 𐌷𐌰𐌽𐌳𐌰𐌿 𐍀𐌰𐍅𐌻𐌰𐌿𐍃, 𐌸𐌰𐍄𐌴𐌹 𐌹𐍃𐍄 𐌱𐌰𐌽𐌳𐍅𐍉 𐌰𐌽𐌰 𐌰𐌻𐌻𐌰𐌹𐌼 𐌰𐌹𐍀𐌹𐍃𐍄𐌰𐌿𐌻𐌴𐌼 𐌼𐌴𐌹𐌽𐌰𐌹𐌼; 𐍃𐍅𐌰 𐌼𐌴𐌻𐌾𐌰."
II Thessalonians,3,18,(𐌰)𐌽(𐍃𐍄𐍃) (𐍆𐍂𐌰𐌿𐌾)𐌹(𐌽𐍃) (𐌿)𐌽(𐍃𐌰𐍂𐌹𐍃) (𐌹𐌴𐍃𐌿)𐌹(𐍃) (𐍇𐍂𐌹𐍃𐍄𐌰𐌿𐍃) 𐌼(𐌹)𐌸 (𐌰𐌻𐌻𐌰𐌹)𐌼 𐌹𐌶(𐍅𐌹𐍃). (𐌰)𐌼𐌴(𐌽). 𐌰𐌽𐍃𐍄𐍃 𐍆𐍂𐌰𐌿𐌾𐌹𐌽𐍃 𐌿𐌽𐍃𐌰𐍂𐌹𐍃 𐌹𐌴𐍃𐌿𐌹𐍃 𐍇𐍂𐌹𐍃𐍄𐌰𐌿𐍃 𐌼𐌹𐌸 𐌰𐌻𐌻𐌰𐌹𐌼 𐌹𐌶𐍅𐌹𐍃. 𐌰𐌼𐌴𐌽. [(II Thessalonians 3:19) 𐌳𐌿 Ã𐌰𐌹𐍃𐍃𐌰𐌻𐌰𐌿𐌽𐌴𐌹𐌺𐌰𐌹𐌿𐌼 𐌰𐌽𐌸𐌰𐍂𐌰 𐌿𐍃𐍄𐌰𐌿𐌷.]
I Timothy,1,1,"𐍀𐌰𐍅𐌻𐌿𐍃 𐌰𐍀𐌰𐌿𐍃𐍄𐌰𐌿𐌻𐌿𐍃 𐍇𐍂𐌹𐍃𐍄𐌰𐌿𐍃 𐌹𐌴𐍃𐌿𐌹𐍃 𐌱𐌹 𐌰𐌽𐌰𐌱𐌿𐍃𐌽𐌹𐌼 𐌲𐌿𐌳𐌹𐍃 𐌽𐌰𐍃𐌾𐌰𐌽𐌳𐌹𐍃 𐌿𐌽𐍃𐌰𐍂𐌹𐍃 𐌾𐌰𐌷 𐍇𐍂𐌹𐍃𐍄𐌰𐌿𐍃 𐌹𐌴𐍃𐌿𐌹𐍃, 𐍅𐌴𐌽𐌰𐌹𐍃 𐌿𐌽𐍃𐌰𐍂𐌰𐌹𐌶𐍉𐍃, 𐍀𐌰𐍅𐌻𐌿𐍃 𐌰𐍀𐌰𐌿𐍃𐍄𐌰𐌿𐌻𐌿𐍃 𐍇𐍂𐌹𐍃𐍄𐌰𐌿𐍃 𐌹𐌴𐍃𐌿𐌹𐍃 𐌱𐌹 𐌰𐌽𐌰𐌱𐌿𐍃𐌽𐌹𐌼 𐌲𐌿𐌳𐌹𐍃 𐌽𐌰𐍃𐌾𐌰𐌽𐌳𐌹𐍃 𐌿𐌽𐍃𐌰𐍂𐌹𐍃 𐌾𐌰𐌷 𐍇𐍂𐌹𐍃𐍄𐌰𐌿𐍃 𐌹𐌴𐍃𐌿𐌹𐍃, 𐍅𐌴𐌽𐌰𐌹𐍃 𐌿𐌽𐍃𐌰𐍂𐌰𐌹𐌶𐍉𐍃,"
I Timothy,1,2,"𐍄𐌴𐌹𐌼𐌰𐌿𐌸𐌰𐌹𐌰𐌿, 𐍅𐌰𐌻𐌹𐍃𐌹𐌽 𐌱𐌰𐍂𐌽𐌰 𐌹𐌽 𐌲𐌰𐌻𐌰𐌿𐌱𐌴𐌹𐌽𐌰𐌹: 𐌰𐌽𐍃𐍄𐍃, 𐌰𐍂𐌼𐌰𐌹𐍉, 𐌲𐌰𐍅𐌰𐌹𐍂𐌸𐌹 𐍆𐍂𐌰𐌼 𐌲𐌿𐌳𐌰 𐌰𐍄𐍄𐌹𐌽 𐌾𐌰𐌷 𐍇𐍂𐌹𐍃𐍄𐌰𐌿 𐌹𐌴𐍃𐌿 𐍆𐍂𐌰𐌿𐌾𐌹𐌽 𐌿𐌽𐍃𐌰𐍂𐌰𐌼𐌼𐌰. 𐍄𐌴𐌹𐌼𐌰𐌿𐌸𐌰𐌹𐌰𐌿, 𐍅𐌰𐌻𐌹𐍃𐌹𐌽 𐌱𐌰𐍂𐌽𐌰 𐌹𐌽 𐌲𐌰𐌻𐌰𐌿𐌱𐌴𐌹𐌽𐌰𐌹: 𐌰𐌽𐍃𐍄𐍃, 𐌰𐍂𐌼𐌰𐌹𐍉, 𐌲𐌰𐍅𐌰𐌹𐍂𐌸𐌹 𐍆𐍂𐌰𐌼 𐌲𐌿𐌳𐌰 𐌰𐍄𐍄𐌹𐌽 𐌾𐌰𐌷 𐍇𐍂𐌹𐍃𐍄𐌰𐌿 𐌹𐌴𐍃𐌿 𐍆𐍂𐌰𐌿𐌾𐌹𐌽 𐌿𐌽𐍃𐌰𐍂𐌰𐌼𐌼𐌰."
I Timothy,1,3,"𐍃𐍅𐌰𐍃𐍅𐌴 𐌱𐌰𐌸 𐌸𐌿𐌺 𐍃𐌰𐌻𐌾𐌰𐌽 𐌹𐌽 𐌰𐌹𐍆𐌰𐌹𐍃𐍉𐌽 𐌲𐌰𐌻𐌴𐌹𐌸𐌰𐌽𐌳𐍃 𐌼𐌰𐌺𐌴𐌳𐍉𐌽𐌰𐌹𐍃, 𐌴𐌹 𐍆𐌰𐌿𐍂𐌱𐌹𐌿𐌳𐌰𐌹𐍃 𐍃𐌿𐌼𐌰𐌹𐌼 𐌴𐌹 𐌰𐌽𐌸𐌰𐍂𐌻𐌴𐌹𐌺𐍉 𐌽𐌹 𐌻𐌰𐌹𐍃𐌾𐌰𐌹𐌽𐌰, 𐍃𐍅𐌰𐍃𐍅𐌴 𐌱𐌰𐌸 𐌸𐌿𐌺 𐍃𐌰𐌻𐌾𐌰𐌽 𐌹𐌽 𐌰𐌹𐍆𐌰𐌹𐍃𐍉𐌽 𐌲𐌰𐌻𐌴𐌹𐌸𐌰𐌽𐍃 𐌼𐌰𐌺𐌹𐌳𐍉𐌽𐌰𐌹𐍃, 𐌴𐌹 𐍆𐌰𐌿𐍂𐌱𐌹𐌿𐌳𐌰𐌹𐍃 𐍃𐌿𐌼𐌰𐌹𐌼 𐌴𐌹 𐌰𐌽𐌸𐌰𐍂𐌻𐌴𐌹(𐌺𐍉) 𐌽𐌹 𐌻𐌰𐌹𐍃𐌾𐌰𐌹𐌽𐌰,"
I Timothy,1,4,"𐌽𐌹𐌸~𐌸𐌰𐌽 𐌰𐍄𐍃𐌰𐌹𐍈𐌰𐌹𐌽𐌰 𐍃𐍀𐌹𐌻𐌻𐌴 𐌾𐌰𐌷 𐌲𐌰𐌱𐌰𐌿𐍂𐌸𐌹𐍅𐌰𐌿𐍂𐌳𐌴 𐌰𐌽𐌳𐌰𐌻𐌰𐌿𐍃𐌰𐌹𐌶𐌴, 𐌸𐍉𐌴𐌹 𐍃𐍉𐌺𐌽𐌹𐌼 𐌰𐌽𐌳𐍃𐍄𐌰𐌻𐌳𐌰𐌽𐌳 𐌼𐌰𐌹𐍃 𐌸𐌰𐌿 𐍄𐌹𐌼𐍂𐌴𐌹𐌽𐌰𐌹 𐌲𐌿𐌳𐌹𐍃 𐌸𐌹𐌶𐌰𐌹 𐍅𐌹𐍃𐌰𐌽𐌳𐌹𐌽 𐌹𐌽 𐌲𐌰𐌻𐌰𐌿𐌱𐌴𐌹𐌽𐌰𐌹. 𐌽𐌹𐌸~𐌸𐌰𐌽 𐌰𐍄𐍃𐌰(𐌹𐍈)𐌰𐌹𐌽𐌰 𐍃𐍀𐌹𐌻𐌻𐌴 𐌾𐌰𐌷 𐌲𐌰𐌱𐌰𐌿𐍂𐌸𐌹𐍅𐌰𐌿𐍂𐌳𐌴 𐌰𐌽𐌳𐌹𐌻𐌰𐌿𐍃𐌰𐌹𐌶𐌴, 𐌸𐍉𐌴𐌹 𐍃𐍉𐌺𐌽𐌹𐌼 𐌰𐌽𐌳𐍃𐍄𐌰𐌻𐌳𐌰𐌽𐌳 𐌼𐌰𐌹𐍃 𐌸𐌰𐌿 𐍄𐌹𐌼𐍂𐌴𐌹𐌽𐌰𐌹 𐌲𐌿𐌳𐌹𐍃 𐌸𐌹𐌶𐌰𐌹 𐍅𐌹𐍃𐌰𐌽𐌳𐌴𐌹𐌽 𐌹𐌽 𐌲𐌰𐌻𐌰𐌿𐌱𐌴𐌹𐌽𐌰𐌹."
I Timothy,1,5,"𐌰𐌸𐌸𐌰𐌽 𐌰𐌽𐌳𐌴𐌹𐍃 𐌹𐍃𐍄 𐌰𐌽𐌰𐌱𐌿𐍃𐌽𐌰𐌹𐍃 𐍆𐍂𐌹𐌰𐌸𐍅𐌰 𐌿𐍃 𐌷𐍂𐌰𐌹𐌽𐌾𐌰𐌼𐌼𐌰 𐌷𐌰𐌹𐍂𐍄𐌹𐌽 𐌾𐌰𐌷 𐌼𐌹𐌸𐍅𐌹𐍃𐍃𐌴𐌹𐌽 𐌲𐍉𐌳𐌰𐌹 𐌾𐌰𐌷 𐌲𐌰𐌻𐌰𐌿𐌱𐌴𐌹𐌽𐌰𐌹 𐌿𐌽𐌷𐌹𐌽𐌳𐌰𐍂𐍅𐌴𐌹𐍃𐌰𐌹, 𐌰𐌸𐌸𐌰𐌽 𐌳𐌴𐌹𐍃 𐌹𐍃𐍄 𐌰𐌽𐌰𐌱𐌿𐍃𐌽𐌰𐌹𐍃 𐍆𐍂𐌹𐌰𐌸𐍅𐌰 𐌿𐍃 𐌷𐍂𐌰𐌹𐌽𐌾𐌰𐌼𐌼𐌰 𐌷𐌰𐌹𐍂𐍄𐌹𐌽 𐌾𐌰𐌷 𐌼𐌹𐌸𐍅𐌹𐍃𐍃𐌴𐌹𐌽 𐌲𐍉𐌳𐌰𐌹 𐌾𐌰𐌷 𐌲𐌰𐌻𐌰𐌿𐌱𐌴𐌹𐌽𐌰𐌹 𐌿𐌽𐌷𐌹𐌽𐌳𐌰𐍂𐍅𐌴𐌹𐍃𐌰𐌹,"
I Timothy,1,6,"𐌰𐍆 𐌸𐌰𐌹𐌼𐌴𐌹 𐍃𐌿𐌼𐌰𐌹 𐌰𐍆𐌰𐌹𐍂𐌶𐌹𐌳𐌰𐌹 𐌿𐍃𐍅𐌰𐌽𐌳𐌹𐌳𐌴𐌳𐌿𐌽 𐌳𐌿 𐌻𐌰𐌿𐍃𐌰𐍅𐌰𐌿𐍂𐌳𐌴𐌹𐌽, 𐌰𐍆 𐌸𐌰𐌹𐌼𐌴𐌹 𐍃𐌿𐌼𐌰𐌹 𐌰𐍆𐌰𐌹𐍂𐌶𐌹𐌳𐌰𐌹 𐌿𐍃𐍅𐌰𐌽𐌳𐌹𐌳𐌴𐌳𐌿𐌽 𐌳𐌿 𐌻𐌰𐌿𐍃𐌰𐍅𐌰𐌿𐍂𐌳𐌴𐌹𐌽,"
I Timothy,1,7,"𐍅𐌹𐌻𐌾𐌰𐌽𐌳𐌰𐌽𐍃 𐍅𐌹𐍃𐌰𐌽 𐍅𐌹𐍄𐍉𐌳𐌰𐌻𐌰𐌹𐍃𐌰𐍂𐌾𐍉𐍃, 𐌽𐌹𐌷 𐍆𐍂𐌰𐌸𐌾𐌰𐌽𐌳𐌰𐌽𐍃 𐌽𐌹𐌷 𐍈𐌰 𐍂𐍉𐌳𐌾𐌰𐌽𐌳 𐌽𐌹𐌷 𐌱𐌹 𐍈𐌰 𐍃𐍄𐌹𐌿𐍂𐌾𐌰𐌽𐌳. 𐍅𐌹𐌻𐌾𐌰𐌽𐌳𐌰𐌽𐍃 𐍅𐌹𐍃𐌰𐌽 𐍅𐌹𐍄𐍉𐌳𐌰𐌻𐌰𐌹𐍃𐌰𐍂𐌾𐍉𐍃, 𐌽𐌹 𐍆𐍂𐌰𐌸𐌾𐌰𐌽𐌳𐌰𐌽𐍃 𐌽𐌹 𐍈𐌰 𐍂𐍉𐌳𐌾𐌰𐌽𐌳 𐌽𐌹𐌷 𐌱𐌹 𐍈𐌰 𐍃𐍄𐌹𐌿𐍂𐌾𐌰𐌽𐌳."
I Timothy,1,8,"𐌰𐌸𐌸𐌰𐌽 𐍅𐌹𐍄𐌿𐌼 𐌸𐌰𐍄𐌴𐌹 𐌲𐍉𐌸 𐌹𐍃𐍄 𐍅𐌹𐍄𐍉𐌸, 𐌾𐌰𐌱𐌰𐌹 𐍈𐌰𐍃 𐌹𐍃 𐍅𐌹𐍄𐍉𐌳𐌰 𐌱𐍂𐌿𐌺𐌴𐌹𐌸, 𐌰𐌸𐌸𐌰𐌽 𐍅𐌹𐍄𐌿𐌸 𐌸𐌰𐍄𐌴𐌹 𐌲𐍉𐌳 𐌹𐍃𐍄 𐍅𐌹𐍄𐍉𐌸, 𐌾𐌰𐌱𐌰𐌹 𐍈𐌰𐍃 𐌹𐍃 𐍅𐌹𐍄𐍉𐌳𐌴𐌹𐌲𐍉 𐌱𐍂𐌿𐌺𐌴𐌹𐌸,"
I Timothy,1,9,"𐍅𐌹𐍄𐌰𐌽𐌳𐍃 𐌸𐌰𐍄𐌴𐌹 𐌲𐌰𐍂𐌰𐌹𐌷𐍄𐌰𐌼𐌼𐌰 𐌽𐌹𐍃𐍄 𐍅𐌹𐍄𐍉𐌸 𐍃𐌰𐍄𐌹𐌸, 𐌰𐌺 𐍅𐌹𐍄𐍉𐌳𐌰𐌻𐌰𐌿𐍃𐌰𐌹𐌼 𐌾𐌰𐌷 𐌿𐌽𐍄𐌰𐌻𐌰𐌹𐌼 𐌾𐌰𐌷 𐌿𐌽𐍃𐌹𐌱𐌾𐌰𐌹𐌼 𐌾𐌰𐌷 𐍆𐍂𐌰𐍅𐌰𐌿𐍂𐌷𐍄𐌰𐌹𐌼 𐌾𐌰𐌷 𐌿𐌽𐌰𐌹𐍂𐌺𐌽𐌰𐌹𐌼 𐌾𐌰𐌷 𐌿𐍃𐍅𐌴𐌹𐌷𐌰𐌹𐌼, 𐌰𐍄𐍄𐌰𐌽𐍃 𐌱𐌻𐌹𐌲𐌲𐍅𐌰𐌽𐌳𐌰𐌼 𐌾𐌰𐌷 𐌰𐌹𐌸𐌴𐌹𐌽𐍃.... 𐍅𐌹𐍄𐌰𐌽𐍃 𐌸𐌰𐍄𐌴𐌹 𐌲𐌰𐍂𐌰𐌹𐌷𐍄𐌰𐌼𐌼𐌰 𐍅𐌹𐍄𐍉𐌸 𐌽𐌹𐍃𐍄 𐍃𐌰𐍄𐌹𐌸, 𐌰𐌺 𐍅𐌹𐍄𐍉𐌳𐌰𐌻𐌰𐌿𐍃𐌰𐌹𐌼 𐌾𐌰𐌷 𐌿𐌽𐍄𐌰𐌻𐌰𐌹𐌼 𐌾𐌰𐌷 𐌿𐌽𐍃(𐌹)𐌱𐌾𐌰𐌹𐌼 𐌾𐌰𐌷 𐍆𐍂𐌰𐍅𐌰𐌿𐍂𐌷𐍄𐌰𐌹𐌼 𐌾𐌰𐌷 𐌿𐌽𐌰𐌹𐍂𐌺𐌽𐌰𐌹𐌼 𐌾𐌰𐌷 𐌿𐍃𐍅𐌴𐌹𐌷𐌰𐌹𐌼, 𐌰𐍄𐍄𐌰𐌽𐍃 𐌱𐌻𐌹𐌲𐌲𐍅𐌰𐌽𐌳𐌰𐌼 𐌾𐌰𐌷 𐌰𐌹𐌸𐌴𐌹𐌽𐍃 𐌱𐌻𐌹𐌲𐌲𐍅𐌰𐌽𐌳𐌰𐌼, 𐌼𐌰𐌽𐌽𐌰𐌽𐍃 𐌼𐌰𐌿𐍂𐌸𐍂𐌾𐌰𐌽𐌳𐌰𐌼,"
I Timothy,1,10,"𐌷𐍉𐍂𐌰𐌼, 𐌼𐌰𐌽𐌽𐌰𐌽𐍃 𐌲𐌰𐌸𐌹𐍅𐌰𐌽𐌳𐌰𐌼, 𐌻𐌹𐌿𐌲𐌽𐌾𐌰𐌼, 𐌿𐍆𐌰𐍂𐍃𐍅𐌰𐍂𐌰𐌼, 𐌾𐌰𐌷 𐌾𐌰𐌱𐌰𐌹 𐍈𐌰 𐌰𐌻𐌾𐌹𐍃 𐌸𐌹𐌶𐌰𐌹 𐌷𐌰𐌹𐌻𐍉𐌽 𐌻𐌰𐌹𐍃𐌴𐌹𐌽𐌰𐌹 𐌰𐌽𐌳𐍃𐍄𐌰𐌽𐌳𐌹𐌸,"
I Timothy,1,11,𐍃𐌴𐌹 𐌹𐍃𐍄 𐌱𐌹 𐌰𐌹𐍅𐌰𐌲𐌲𐌴𐌻𐌹 𐍅𐌿𐌻𐌸𐌰𐌿𐍃 𐌸𐌹𐍃 𐌰𐌿𐌳𐌰𐌲𐌹𐌽𐍃 𐌲𐌿𐌳𐌹𐍃 𐌸𐌰𐍄𐌴𐌹 𐌲𐌰𐍄𐍂𐌰𐌿𐌰𐌹𐌸 𐌹𐍃𐍄 𐌼𐌹𐍃.
I Timothy,1,12,"𐌾𐌰𐌷 𐌰𐍅𐌹𐌻𐌹𐌿𐌳𐍉 𐌸𐌰𐌼𐌼𐌰 𐌹𐌽𐍃𐍅𐌹𐌽𐌸𐌾𐌰𐌽𐌳𐌹𐌽 𐌼𐌹𐌺 𐍇𐍂𐌹𐍃𐍄𐌰𐌿 𐌹𐌴𐍃𐌿 𐍆𐍂𐌰𐌿𐌾𐌹𐌽 𐌿𐌽𐍃𐌰𐍂𐌰𐌼𐌼𐌰, 𐌿𐌽𐍄𐌴 𐍄𐍂𐌹𐌲𐌲𐍅𐌰𐌽𐌰 𐌼𐌹𐌺 𐍂𐌰𐌷𐌽𐌹𐌳𐌰, 𐌲𐌰𐍃𐌰𐍄𐌾𐌰𐌽𐌳𐍃 𐌹𐌽 𐌰𐌽𐌳𐌱𐌰𐌷𐍄𐌾𐌰,"
I Timothy,1,13,"𐌹𐌺𐌴𐌹 𐍆𐌰𐌿𐍂𐌰 𐍅𐌰𐍃 𐍅𐌰𐌾𐌰𐌼𐌴𐍂𐌾𐌰𐌽𐌳𐍃 𐌾𐌰𐌷 𐍅𐍂𐌰𐌺𐍃 𐌾𐌰𐌷 𐌿𐍆𐌱𐍂𐌹𐌺𐌰𐌽𐌳𐍃, 𐌰𐌺𐌴𐌹 𐌲𐌰𐌰𐍂𐌼𐌰𐌹𐌸𐍃 𐍅𐌰𐍃, 𐌿𐌽𐍄𐌴 𐌿𐌽𐍅𐌹𐍄𐌰𐌽𐌳𐍃 𐌲𐌰𐍄𐌰𐍅𐌹𐌳𐌰 𐌹𐌽 𐌿𐌽𐌲𐌰𐌻𐌰𐌿𐌱𐌴𐌹𐌽𐌰𐌹."
I Timothy,1,14,𐌹𐌸 𐌿𐍆𐌰𐍂𐌰𐍃𐍃𐌹𐌸 𐌰𐌽𐍃𐍄𐍃 𐍆𐍂𐌰𐌿𐌾𐌹𐌽𐍃 𐌼𐌹𐌸 𐌲𐌰𐌻𐌰𐌿𐌱𐌴𐌹𐌽𐌰𐌹 𐌾𐌰𐌷 𐍆𐍂𐌹𐌰𐌸𐍅𐌰𐌹 𐌸𐌹𐌶𐌰𐌹 𐌹𐌽 𐍇𐍂𐌹𐍃𐍄𐌰𐌿 𐌹𐌴𐍃𐌿.
I Timothy,1,15,"𐍄𐍂𐌹𐌲𐌲𐍅 𐌸𐌰𐍄𐌰 𐍅𐌰𐌿𐍂𐌳 𐌾𐌰𐌷 𐌰𐌻𐌻𐌰𐌹𐌶𐍉𐍃 𐌰𐌽𐌳𐌰𐌽𐌿𐌼𐍄𐌰𐌹𐍃 𐍅𐌰𐌹𐍂𐌸, 𐌸𐌰𐍄𐌴𐌹 𐍇𐍂𐌹𐍃𐍄𐌿𐍃 𐌹𐌴𐍃𐌿𐍃 𐌵𐌰𐌼 𐌹𐌽 𐌸𐌰𐌼𐌼𐌰 𐍆𐌰𐌹𐍂𐍈𐌰𐌿 𐍆𐍂𐌰𐍅𐌰𐌿𐍂𐌷𐍄𐌰𐌽𐍃 𐌽𐌰𐍃𐌾𐌰𐌽, 𐌸𐌹𐌶𐌴𐌴𐌹 𐍆𐍂𐌿𐌼𐌹𐍃𐍄𐍃 𐌹𐌼 𐌹𐌺."
I Timothy,1,16,"𐌰𐌺𐌴𐌹 𐌳𐌿𐌸𐌸𐌴 𐌲𐌰𐌰𐍂𐌼𐌰𐌹𐌸𐍃 𐍅𐌰𐍂𐌸, 𐌴𐌹 𐌹𐌽 𐌼𐌹𐍃 𐍆𐍂𐌿𐌼𐌹𐍃𐍄𐌰𐌼𐌼𐌰 𐌰𐍄𐌰𐌿𐌲𐌹𐌳𐌴𐌳𐌹 𐍇𐍂𐌹𐍃𐍄𐌰𐌿𐍃 𐌹𐌴𐍃𐌿𐍃 𐌰𐌻𐌻𐌰 𐌿𐍃𐌱𐌴𐌹𐍃𐌽𐌴𐌹𐌽 𐌳𐌿 𐍆𐍂𐌹𐍃𐌰𐌷𐍄𐌰𐌹 𐌸𐌰𐌹𐌼 𐌹𐌶𐌴 𐌰𐌽𐌰𐍅𐌰𐌹𐍂𐌸𐌰𐌹 𐍅𐌴𐍃𐌿𐌽 𐌳𐌿 𐌲𐌰𐌻𐌰𐌿𐌱𐌾𐌰𐌽 𐌹𐌼𐌼𐌰 𐌳𐌿 𐌻𐌹𐌱𐌰𐌹𐌽𐌰𐌹 𐌰𐌹𐍅𐌴𐌹𐌽𐍉𐌽."
I Timothy,1,17,"𐌰𐌸𐌸𐌰𐌽 𐌸𐌹𐌿𐌳𐌰𐌽𐌰 𐌰𐌹𐍅𐌴, 𐌿(𐌽𐍂𐌹𐌿𐍂)𐌾𐌰𐌼𐌼𐌰, 𐌿𐌽𐌲𐌰𐍃𐌰𐌹𐍈𐌰𐌽𐌰𐌼𐌼𐌰, 𐌰𐌹𐌽𐌰𐌼𐌼𐌰, 𐍆𐍂(𐍉)𐌳𐌰𐌼𐌼𐌰 𐌲𐌿𐌳𐌰 𐍃𐍅𐌴𐍂𐌹𐌸𐌰 𐌾𐌰𐌷 𐍅𐌿𐌻𐌸𐌿𐍃 𐌹𐌽 𐌰𐌻𐌳𐌹𐌽𐍃 𐌰𐌹𐍅𐌴. 𐌰𐌼𐌴𐌽."
I Timothy,1,18,".... 𐍆𐌰𐌿𐍂𐌰 𐍆𐌰𐌿𐍂𐍃𐌽𐌹𐍅𐌰𐌽𐌳𐌰𐌼 𐌰𐌽𐌰 𐌸𐌿𐌺 𐍀𐍂𐌰𐌿𐍆𐌴𐍄𐌾𐌰𐌼, 𐌴𐌹 𐌳𐍂𐌹𐌿𐌲𐌰𐌹𐍃 𐌹𐌽 𐌸𐌰𐌹𐌼 𐌸𐌰𐍄𐌰 𐌲𐍉𐌳𐍉 𐌳𐍂𐌰𐌿𐌷𐍄𐌹𐍅𐌹𐍄𐍉𐌸, 𐌸𐍉 𐌰𐌽𐌰𐌱𐌿𐍃𐌽 𐌰𐌽𐌰𐍆𐌹𐌻𐌷𐌰 𐌸𐌿𐍃, 𐌱𐌰𐍂𐌽𐌹𐌻𐍉 𐍄𐌴𐌹𐌼𐌰𐌿𐌸𐌰𐌹𐌿, 𐌱𐌹 𐌸𐌰𐌹𐌼 𐍆𐌰𐌿𐍂𐌰 𐍆𐌰𐌿𐍂𐍃𐌽𐌹𐍅𐌰𐌽𐌳𐌰𐌼 𐌰𐌽𐌰 𐌸𐌿𐌺 𐍀𐍂𐌰𐌿𐍆𐌴𐍄𐌾𐌰𐌼, 𐌴𐌹 𐌳𐍂𐌹𐌿𐌲𐌰𐌹𐍃 𐌹𐌽 𐌸𐌰𐌹𐌼 𐌸𐌰𐍄𐌰 𐌲𐍉𐌳𐍉 𐌳𐍂𐌰𐌿𐌷𐍄𐌹𐍅𐌹𐍄𐍉𐌸,"
I Timothy,1,19,"𐌷𐌰𐌱𐌰𐌽𐌳𐍃 𐌲𐌰𐌻𐌰𐌿𐌱𐌴𐌹𐌽 𐌾𐌰𐌷 𐌲𐍉𐌳𐌰 𐌼𐌹𐌸𐍅𐌹𐍃𐍃𐌴𐌹𐌽, 𐌸𐌹𐌶𐌰𐌹𐌴𐌹 𐍃𐌿𐌼𐌰𐌹 𐌰𐍆𐍃𐌺𐌹𐌿𐌱𐌰𐌽𐌳𐌰𐌽𐍃 𐌱𐌹 𐌲𐌰𐌻𐌰𐌿𐌱𐌴𐌹𐌽 𐌽𐌰𐌵𐌰𐌳𐌰𐌹 𐍅𐌰𐌿𐍂𐌸𐌿𐌽, 𐌷𐌰𐌱𐌰𐌽𐌳𐍃 𐌲𐌰𐌻𐌰𐌿𐌱𐌴𐌹𐌽 𐌾𐌰𐌷 𐌲𐍉𐌳𐌰 𐌼𐌹𐌸𐍅𐌹𐍃𐍃𐌴𐌹𐌽, 𐌸𐌹𐌶𐌰𐌹𐌴𐌹 𐍃𐌿𐌼𐌰𐌹 𐌰𐍆𐍃𐌺𐌹𐌿𐌱𐌰𐌽𐌳𐌰𐌽𐍃 𐌱𐌹 𐌲𐌰𐌻𐌰𐌿𐌱𐌴𐌹𐌽 𐌽𐌰𐌵𐌰𐌳𐌰𐌹 𐍅𐌰𐌿𐍂𐌸𐌿𐌽,"
I Timothy,1,20,"𐌸𐌹𐌶𐌴𐌴𐌹 𐌹𐍃𐍄 𐌷𐍅𐌼𐌰𐌹𐌽𐌰𐌹𐌿𐍃 𐌾𐌰𐌷 𐌰𐌻𐌰𐌹𐌺𐍃𐌰𐌽𐌳𐍂𐌿𐍃, 𐌸𐌰𐌽𐌶𐌴𐌹 𐌰𐌽𐌰𐍆𐌰𐌻𐌷 𐍃𐌰𐍄𐌰𐌽𐌹𐌽, 𐌴𐌹 𐌲𐌰𐍄𐌰𐌻𐌶𐌾𐌰𐌹𐌽𐌳𐌰𐌿 [(𐌾)𐌰𐌷] 𐌽𐌹 𐍅𐌰𐌾𐌰𐌼𐌴𐍂𐌾𐌰𐌽. 𐌸𐌹𐌶𐌴𐌴𐌹 𐌹𐍃𐍄 𐌷𐍅𐌼𐌰𐌹𐌽𐌰𐌹𐌿𐍃 𐌾𐌰𐌷 𐌰𐌻𐌰𐌹𐌺𐍃𐌰𐌽𐌳𐍂𐌿𐍃, 𐌸𐌰𐌽𐌶𐌴𐌹 𐌰𐌽𐌰𐍆𐌰𐌻𐌷 𐍃𐌰𐍄𐌰𐌽𐌹𐌽, 𐌴𐌹 𐌲𐌰𐍄𐌰𐌻𐌶𐌾𐌰𐌹𐌽𐌳𐌰𐌿 𐌽𐌹 𐍅𐌰𐌾𐌰𐌼𐌴𐍂𐌾𐌰𐌽."
I Timothy,2,1,"𐌱𐌹𐌳𐌾𐌰 𐌽𐌿 𐍆𐍂𐌿𐌼𐌹𐍃𐍄 𐌰𐌻𐌻𐌹𐍃 𐍄𐌰𐌿𐌾𐌰𐌽 𐌱𐌹𐌳𐍉𐍃, 𐌰𐌹𐌷𐍄𐍂𐍉𐌽𐌹𐌽𐍃, 𐌻𐌹𐍄𐌴𐌹𐌽𐌹𐌽𐍃, 𐌰𐍅𐌹𐌻𐌹𐌿𐌳𐌰 𐍆𐍂𐌰𐌼 𐌰𐌻𐌻𐌰𐌹𐌼 𐌼𐌰𐌽𐌽𐌰𐌼, 𐌱𐌹𐌳𐌾𐌰 𐌽𐌿 𐍆𐍂𐌿𐌼𐌹𐍃𐍄 𐌰𐌻𐌻𐌹𐍃 𐍄𐌰𐌿𐌾𐌰𐌽 𐌱𐌹𐌳𐍉𐍃, 𐌰𐌹𐌷𐍄𐍂𐍉𐌽𐌹𐌽𐍃, 𐌻𐌹𐍄𐌴𐌹𐌽𐌹𐌽𐍃, 𐌰𐍅𐌹𐌻𐌹𐌿𐌳𐌰 𐍆𐍂𐌰𐌼 𐌰𐌻𐌻𐌰𐌹𐌼 𐌼𐌰𐌽𐌽𐌰𐌼,"
I Timothy,2,2,"𐍆𐍂𐌰𐌼 𐌸𐌹𐌿𐌳𐌰𐌽𐌰𐌼 𐌾𐌰𐌷 𐍆𐍂𐌰𐌼 𐌰𐌻𐌻𐌰𐌹𐌼 𐌸𐌰𐌹𐌼 𐌹𐌽 𐌿𐍆𐌰𐍂𐌰𐍃𐍃𐌰𐌿 𐍅𐌹𐍃𐌰𐌽𐌳𐌰𐌼, 𐌴𐌹 𐍃𐌻𐌰𐍅𐌰𐌽𐌳𐌴𐌹𐌽 𐌾𐌰𐍃~𐍃𐌿𐍄𐌾𐌰 𐌰𐌻𐌳 𐌱𐌰𐌿𐌰𐌹𐌼𐌰 𐌹𐌽 𐌰𐌻𐌻𐌰𐌹 𐌲𐌰𐌲𐌿𐌳𐌴𐌹𐌽 𐌾𐌰𐌲~𐌲𐌰𐍂𐌹𐌿𐌳𐌾𐌰. 𐍆𐍂𐌰𐌼 𐌸𐌹𐌿𐌳𐌰𐌽𐌰𐌼 𐌾𐌰𐌷 𐍆𐍂𐌰𐌼 𐌰𐌻𐌻𐌰𐌹𐌼 𐌸𐌰𐌹𐌼 𐌹𐌽 𐌿𐍆𐌰𐍂𐌰𐍃𐍃𐌰𐌿 𐍅𐌹𐍃𐌰𐌽𐌳𐌰𐌼, 𐌴𐌹 𐍃𐌻𐌰𐍅𐌰𐌽𐌳𐌴𐌹𐌽 𐌾𐌰𐌷 𐍃𐌿𐍄𐌾𐌰 𐌰𐌻𐌳 𐌱𐌰𐌿𐌰𐌹𐌼𐌰 𐌹𐌽 𐌰𐌻𐌻𐌰𐌹 𐌲𐌰𐌲𐌿𐌳𐌴𐌹𐌽 𐌾𐌰𐌷 𐌲𐌰𐍂𐌹𐌿𐌳𐌾𐌰."
I Timothy,2,3,"𐌸𐌰𐍄𐌿𐌸~𐌸𐌰𐌽 𐌹𐍃𐍄 𐌲𐍉𐌳 𐌾𐌰𐌷 𐌰𐌽𐌳𐌰𐌽𐌴𐌼 𐌹𐌽 𐌰𐌽𐌳𐍅𐌰𐌹𐍂𐌸𐌾𐌰 𐌽𐌰𐍃𐌾𐌰𐌽𐌳𐌹𐍃 𐌿𐌽𐍃𐌰𐍂𐌹𐍃 𐌲𐌿𐌳𐌹𐍃, 𐌸𐌰𐍄𐌿𐌸~𐌸𐌰𐌽 𐌹𐍃𐍄 𐌲𐍉𐌳 𐌾𐌰𐌷 𐌰𐌽𐌳𐌰𐌽𐌴𐌼 𐌹𐌽 𐌰𐌽𐌳𐍅𐌰𐌹𐍂𐌸𐌾𐌰 𐌽𐌰𐍃𐌾𐌰𐌽𐌳𐌹𐍃 𐌿𐌽𐍃𐌰𐍂𐌹𐍃 𐌲𐌿𐌳𐌹𐍃,"
I Timothy,2,4,𐍃𐌰𐌴𐌹 𐌰𐌻𐌻𐌰𐌽𐍃 𐌼𐌰𐌽𐍃 𐍅𐌹𐌻𐌹 𐌲𐌰𐌽𐌹𐍃𐌰𐌽 𐌾𐌰𐌷 𐌹𐌽 𐌿𐍆𐌺𐌿𐌽𐌸𐌾𐌰 𐍃𐌿𐌽𐌾𐍉𐍃 𐌵𐌹𐌼𐌰𐌽. 𐍃𐌰𐌴𐌹 𐌰𐌻𐌻𐌰𐌽𐍃 𐌼𐌰𐌽𐍃 [𐌲𐌰]𐍅𐌹𐌻𐌹 𐌲𐌰𐌽𐌹𐍃𐌰𐌽 𐌾𐌰𐌷 𐌹𐌽 𐌿𐍆𐌺𐌿𐌽𐌸𐌾𐌰 𐍃𐌿𐌽𐌾𐍉𐍃 𐌵𐌹𐌼𐌰𐌽.
I Timothy,2,5,"𐌰𐌹𐌽𐍃 𐌰𐌻𐌻𐌹𐍃 𐌲𐌿𐌸, 𐌰𐌹𐌽𐍃 𐌾𐌰𐌷 𐌼𐌹𐌳𐌿𐌼𐍉𐌽𐌳𐍃 𐌲𐌿𐌳𐌹𐍃 𐌾𐌰𐌷 𐌼𐌰𐌽𐌽𐌴, 𐌼𐌰𐌽𐌽𐌰 𐍇𐍂𐌹𐍃𐍄𐌿𐍃 𐌹𐌴𐍃𐌿𐍃, 𐌰𐌹𐌽𐍃 𐌰𐌻𐌻𐌹𐍃 𐌲𐌿𐌸, 𐌰𐌹𐌽𐍃 𐌾𐌰𐌷 𐌼𐌹𐌳𐌿𐌼𐍉𐌽𐌳𐍃 𐌲𐌿𐌳𐌹𐍃 𐌾𐌰𐌷 𐌼𐌰𐌽𐌽𐌴, 𐌼𐌰𐌽𐌽𐌰 𐍇𐍂𐌹𐍃𐍄𐌿𐍃 𐌹𐌴𐍃𐌿𐍃,"
I Timothy,2,6,"𐍃𐌰 𐌲𐌹𐌱𐌰𐌽𐌳𐍃 𐍃𐌹𐌺 𐍃𐌹𐌻𐌱𐌰𐌽 𐌰𐌽𐌳𐌰𐌱𐌰𐌿𐌷𐍄 𐍆𐌰𐌿𐍂 𐌰𐌻𐌻𐌰𐌽𐍃, 𐌸𐌹𐌶𐌴𐌹 𐍅𐌴𐌹𐍄𐍅𐍉𐌳𐌴𐌹𐌽 𐌼𐌴𐌻𐌰𐌼 𐍃𐍅𐌴𐍃𐌰𐌹𐌼, 𐍃𐌰 𐌲𐌹𐌱𐌰𐌽𐌳𐍃 𐍃𐌹𐌺 𐍃𐌹𐌻𐌱𐌰𐌽 𐌰𐌽𐌳𐌰𐌱𐌰𐌿𐌷𐍄 𐍆𐌰𐌿𐍂 𐌰𐌻𐌻𐌰𐌽𐍃, 𐍅𐌴𐌹𐍄𐍅𐍉𐌳𐌴𐌹𐌽 𐌼𐌴𐌻𐌰𐌼 𐍃𐍅𐌴𐍃𐌰𐌹𐌼,"
I Timothy,2,7,"𐌳𐌿 𐌸𐌰𐌼𐌼𐌴𐌹 𐌲𐌰𐍃𐌰𐍄𐌹𐌸𐍃 𐌹𐌼 𐌹𐌺 𐌼𐌴𐍂𐌾𐌰𐌽𐌳𐍃 𐌾𐌰𐌷 𐌰𐍀𐌰𐌿𐍃𐍄𐌰𐌿𐌻𐌿𐍃, 𐍃𐌿𐌽𐌾𐌰 𐌵𐌹𐌸𐌰 𐌹𐌽 𐍇𐍂𐌹𐍃𐍄𐌰𐌿, 𐌽𐌹 𐌻𐌹𐌿𐌲𐌰, 𐌻𐌰𐌹𐍃𐌰𐍂𐌴𐌹𐍃 𐌸𐌹𐌿𐌳𐍉 𐌹𐌽 𐌲𐌰𐌻𐌰𐌿𐌱𐌴𐌹𐌽𐌰𐌹 𐌾𐌰𐍃~𐍃𐌿𐌽𐌾𐌰𐌹. 𐌳𐌿 𐌸𐌰𐌼𐌼𐌴𐌹 𐌲𐌰𐍃𐌰𐍄𐌹𐌸𐍃 𐌹𐌼 𐌹𐌺 𐌼𐌴𐍂𐌾𐌰𐌽𐌳𐍃 𐌾𐌰𐌷 𐌰𐍀𐌰𐌿𐍃𐍄𐌰𐌿𐌻𐌿𐍃, 𐍃𐌿𐌽𐌾𐌰 𐌵𐌹𐌸𐌰 𐌹𐌽 𐍇𐍂𐌹𐍃𐍄𐌰𐌿, 𐌽𐌹 𐌻𐌹𐌿𐌲𐌰, 𐌻𐌰𐌹𐍃𐌰𐍂𐌴𐌹𐍃 𐌸𐌹𐌿𐌳𐍉 𐌹𐌽 𐌲𐌰𐌻𐌰𐌿𐌱𐌴𐌹𐌽𐌰𐌹 𐌾𐌰𐌷 𐍃𐌿𐌽𐌾𐌰𐌹."
I Timothy,2,8,"𐍅𐌹𐌻𐌾𐌰𐌿 𐌽𐌿 𐍅𐌰𐌹𐍂𐌰𐌽𐍃 𐌱𐌹𐌳𐌾𐌰𐌽 𐌹𐌽 𐌰𐌻𐌻𐌰𐌹𐌼 𐍃𐍄𐌰𐌳𐌹𐌼, 𐌿𐍃𐌷𐌰𐍆𐌾𐌰𐌽𐌳𐌰𐌽𐍃 𐍃𐍅𐌹𐌺𐌽𐍉𐍃 𐌷𐌰𐌽𐌳𐌿𐌽𐍃 𐌹𐌽𐌿𐌷 𐌸𐍅𐌰𐌹𐍂𐌷𐌴𐌹𐌽 𐌾𐌰𐌷 𐍄𐍅𐌴𐌹𐍆𐌻𐌴𐌹𐌽. 𐍅𐌹𐌻𐌾𐌰𐌿 𐌽𐌿 𐍅𐌰𐌹𐍂𐌰𐌽𐍃 𐌱𐌹𐌳𐌾𐌰𐌽 𐌹𐌽 𐌰𐌻𐌻𐌰𐌹𐌼 𐍃𐍄𐌰𐌳𐌹𐌼, 𐌿𐍃𐌷𐌰𐍆𐌾𐌰𐌽𐌳𐌰𐌽𐍃 𐍃𐍅𐌹𐌺𐌽𐍉𐍃 𐌷𐌰𐌽𐌳𐌿𐌽𐍃 𐌹𐌽𐌿𐌷 𐌸𐍅𐌰𐌹𐍂𐌷𐌴𐌹𐌽 𐌾𐌰𐌷 𐍄𐍅𐌴𐌹𐍆𐌻𐌴𐌹𐌽."
I Timothy,2,9,"𐍃𐌰𐌼𐌰𐌻𐌴𐌹𐌺𐍉 𐌾𐌰𐌷 𐌵𐌹𐌽𐍉𐌽𐍃 𐌹𐌽 𐌲𐌰𐍆𐌴𐍄𐌴𐌹𐌽𐌰𐌹 𐌷𐍂𐌰𐌹𐌽𐌾𐌰𐌹 𐌼𐌹𐌸 𐌲𐌰𐍂𐌹𐌿𐌳_𐌽 𐌾𐌰𐌷 𐌹𐌽𐌰𐌷𐌴𐌹𐌽 𐍆𐌴𐍄𐌾𐌰𐌽𐌳𐌴𐌹𐌽𐍃 𐍃𐌹𐌺, 𐌽𐌹 𐌹𐌽 𐍆𐌻𐌰𐌷𐍄𐍉𐌼 𐌰𐌹𐌸𐌸𐌰𐌿 𐌲𐌿𐌻𐌸𐌰 𐌰𐌹𐌸𐌸𐌰𐌿 𐌼𐌰𐍂𐌹𐌺𐍂𐌴𐌹𐍄𐌿𐌼 𐌰𐌹𐌸𐌸𐌰𐌿 𐍅𐌰𐍃𐍄𐌾𐍉𐌼 𐌲𐌰𐌻𐌰𐌿𐌱𐌰𐌹𐌼, 𐍃𐌰𐌼𐌰𐌻𐌴𐌹𐌺𐍉 𐌾𐌰𐌷 𐌵𐌹𐌽𐍉𐌽𐍃 𐌹𐌽 𐌲𐌰𐍆𐌴𐍄𐌴𐌹𐌽𐌰𐌹 𐌷𐍂𐌰𐌹𐌽𐌾𐌰𐌹 𐌼𐌹𐌸 𐌲𐌰𐍂𐌹𐌿𐌳𐌴𐌹𐌽 𐌾𐌰𐌷 𐌹𐌽𐌰𐌷𐌴𐌹𐌽 𐍆𐌴𐍄𐌾𐌰𐌽𐌳𐌴𐌹𐌽𐍃 𐍃𐌹𐌺, 𐌽𐌹 𐌹𐌽 𐍆𐌻𐌰𐌷𐍄𐍉𐌼 𐌰𐌹𐌸𐌸𐌰𐌿 𐌲𐌿𐌻𐌸𐌰 𐌰𐌹𐌸𐌸𐌰𐌿 𐌼𐌰𐍂𐌹𐌺𐍂𐌴𐌹𐍄𐌿𐌼 𐌰𐌹𐌸𐌸𐌰𐌿 𐍅𐌰𐍃𐍄𐌾𐍉𐌼 𐌲𐌰𐌻𐌿𐌱𐌰𐌹𐌼,"
I Timothy,2,10,𐌰𐌺 𐌸𐌰𐍄𐌴𐌹 𐌲𐌰𐌳𐍉𐌱 𐌹𐍃𐍄 𐌵𐌹𐌽𐍉𐌼 𐌲𐌰𐌷𐌰𐌹𐍄𐌰𐌽𐌳𐌴𐌹𐌼 𐌲𐌿𐌸 𐌱𐌻𐍉𐍄𐌰𐌽 𐌸𐌰𐌹𐍂𐌷 𐍅𐌰𐌿𐍂𐍃𐍄𐍅𐌰 𐌲𐍉𐌳𐌰. 𐌰𐌺 𐌸𐌰𐍄𐌴𐌹 𐌲𐌰𐌳𐍉𐌱 𐌹𐍃𐍄 𐌵𐌹𐌽𐍉𐌼 𐌲𐌰𐌷𐌰𐌹𐍄𐌰𐌽𐌳𐌴𐌹𐌼 𐌲𐌿𐌸 𐌱𐌻𐍉𐍄𐌰𐌽 𐌸𐌰𐌹𐍂𐌷 𐍅𐌰𐌿𐍂𐍃𐍄𐍅𐌰 𐌲𐍉𐌳𐌰.
I Timothy,2,11,𐌵𐌹𐌽𐍉 𐌹𐌽 𐌷𐌰𐌿𐌽𐌹𐌸𐌰𐌹 𐌲𐌰𐌻𐌰𐌹𐍃𐌾𐌰𐌹 𐍃𐌹𐌺 𐌹𐌽 𐌰𐌻𐌻𐌰𐌹 𐌿𐍆𐌷𐌰𐌿𐍃𐌴𐌹𐌽𐌰𐌹; 𐌵𐌹𐌽𐍉 𐌹𐌽 𐌷𐌰𐌿(𐌽)𐌹𐌸𐌰𐌹 𐌲𐌰𐌻𐌰𐌹𐍃𐌾𐌰𐌹 𐍃𐌹𐌺 𐌹𐌽 𐌰𐌻𐌻𐌰𐌹 𐌿𐍆𐌷𐌰𐌿𐍃𐌴𐌹𐌽𐌰𐌹;
I Timothy,2,12,"𐌹𐌸 𐌲𐌰𐌻𐌰𐌹𐍃𐌾𐌰𐌽 𐌵𐌹𐌽𐍉𐌽 𐌽𐌹 𐌿𐍃𐌻𐌰𐌿𐌱𐌾𐌰, 𐌽𐌹𐌷 𐍆𐍂𐌰𐌿𐌾𐌹𐌽𐍉𐌽 𐍆𐌰𐌿𐍂𐌰 𐍅𐌰𐌹𐍂𐌰, 𐌰𐌺 𐍅𐌹𐍃𐌰𐌽 𐌹𐌽 𐌸𐌰𐌷𐌰𐌹𐌽𐌰𐌹. 𐌹𐌸 𐌲𐌰𐌻𐌰𐌹𐍃𐌾𐌰𐌽 𐌵𐌹𐌽𐍉𐌽 𐌽𐌹 𐌿𐍃𐌻𐌰𐌿𐌱𐌾𐌰, 𐌽𐌹 𐍆𐍂𐌰𐌿𐌾𐌹𐌽𐍉𐌽 𐍆𐌰𐌿𐍂𐌰 𐍅𐌰𐌹𐍂𐌰, 𐌰𐌺 𐍅𐌹𐍃𐌰𐌽 𐌹𐌽 𐌸𐌰𐌷𐌰𐌹𐌽𐌰𐌹."
I Timothy,2,13,"𐌰𐌳𐌰𐌼 𐌰𐌿𐌺 𐍆𐍂𐌿𐌼𐌰 𐌲𐌰𐌳𐌹𐌲𐌰𐌽𐍃 𐍅𐌰𐍂𐌸, 𐌸𐌰𐌸𐍂𐍉𐌷 𐌰𐌹𐍅𐍅𐌰; 𐌰𐌳𐌰𐌼 𐌰𐌿𐌺 𐍆𐍂𐌿𐌼𐌰 𐌲𐌰𐌳𐌹𐌲𐌰𐌽[𐌳]𐍃 𐍅𐌰𐍂𐌸, 𐌸𐌰𐌸𐍂𐍉𐌷 𐌰𐌹𐍅𐍅𐌰;"
I Timothy,2,14,"𐌾𐌰𐌷 𐌰𐌳𐌰𐌼 𐌽𐌹 𐍅𐌰𐍂𐌸 𐌿𐍃𐌻𐌿𐍄𐍉𐌸𐍃, 𐌹𐌸 𐌵𐌹𐌽𐍉 𐌿𐍃𐌻𐌿𐍄𐍉𐌳𐌰 𐌹𐌽 𐌼𐌹𐍃𐍃𐌰𐌳𐌴𐌳𐌰𐌹 𐍅𐌰𐍂𐌸. 𐌾𐌰𐌷 𐌰𐌳𐌰𐌼 𐌽𐌹 𐍅𐌰𐍂𐌸 𐌿𐍃𐌻𐌿𐍄𐍉𐌸𐍃, 𐌹𐌸 𐌵𐌹𐌽𐍉 𐌿𐍃𐌻𐌿𐍄𐍉𐌳𐌰 𐌹𐌽 𐌼𐌹𐍃𐍃𐌰𐌳𐌴𐌳𐌰𐌹 𐍅𐌰𐍂𐌸."
I Timothy,2,15,"𐌹𐌸 𐌲𐌰𐌽𐌹𐍃𐌹𐌸 𐌸𐌰𐌹𐍂𐌷 𐌱𐌰𐍂𐌽𐌴 𐌲𐌰𐌱𐌰𐌿𐍂𐌸, 𐌾𐌰𐌱𐌰𐌹 𐌲𐌰𐍃𐍄𐌰𐌽𐌳𐌰𐌽𐌳 𐌹𐌽 𐌲𐌰𐌻𐌰𐌿𐌱𐌴𐌹𐌽𐌰𐌹 𐌾𐌰𐌷 𐍆𐍂𐌹𐌾𐌰𐌸𐍅𐌰𐌹 𐌾𐌰𐌷 𐍅𐌴𐌹𐌷𐌹𐌸𐌰𐌹 𐌼𐌹𐌸 𐌲𐌰𐍆𐍂𐌰𐌸𐌾𐌴𐌹𐌽. 𐌹𐌸 𐌲𐌰𐌽𐌹𐍃𐌹𐌸 𐌸𐌰𐌹𐍂𐌷 𐌱𐌰𐍂𐌽𐌴 𐌲𐌰𐌱𐌰𐌿𐍂𐌸, 𐌾𐌰𐌱𐌰𐌹 𐌲𐌰𐍃𐍄𐌰𐌽𐌳𐌰𐌽𐌳 𐌹𐌽 𐌲𐌰𐌻𐌰𐌿𐌱𐌴𐌹𐌽𐌰𐌹 𐌾𐌰𐌷 𐍆𐍂𐌹𐌰𐌸𐍅𐌰𐌹 𐌾𐌰𐌷 𐍅𐌴𐌹𐌷𐌹𐌸𐌰𐌹 𐌼𐌹𐌸 𐌲𐌰𐍆𐍂𐌰𐌸𐌾𐌴𐌹𐌽."
I Timothy,3,1,"𐍄𐍂𐌹𐌲𐌲𐍅 𐌸𐌰𐍄𐌰 𐍅𐌰𐌿𐍂𐌳: 𐌾𐌰𐌱𐌰𐌹 𐍈𐌰𐍃 𐌰𐌹𐍀𐌹𐍃𐌺𐌰𐌿𐍀𐌴𐌹𐌽𐍃 𐌲𐌰𐌹𐍂𐌽𐌴𐌹𐌸, 𐌲𐍉𐌳𐌹𐍃 𐍅𐌰𐌿𐍂𐍃𐍄𐍅𐌹𐍃 𐌲𐌰𐌹𐍂𐌽𐌴𐌹𐌸. 𐍄𐍂𐌹𐌲𐌲𐍅 𐌸𐌰𐍄𐌰 𐍅𐌰𐌿𐍂𐌳: 𐌾𐌰𐌱𐌰𐌹 𐍈𐌰𐍃 𐌰𐌹𐍀𐌹𐍃𐌺𐌰𐌿𐍀𐌴𐌹𐌽𐍃 𐌲𐌰𐌹𐍂𐌽𐌴𐌹𐌸, 𐌲𐍉𐌳𐌹𐍃 𐍅𐌰𐌿𐍂𐍃𐍄𐍅𐌹𐍃 𐌲𐌰𐌹𐍂𐌽𐌴𐌹𐌸."
I Timothy,3,2,"𐍃𐌺𐌰𐌻 𐌽𐌿 𐌰𐌹𐍀𐌹𐍃𐌺𐌰𐌿𐍀𐌿𐍃 𐌿𐌽𐌲𐌰𐍆𐌰𐌹𐍂𐌹𐌽𐍉𐌽𐌳𐍃 𐍅𐌹𐍃𐌰𐌽, 𐌰𐌹𐌽𐌰𐌹𐌶𐍉𐍃 𐌵𐌴𐌽𐌰𐌹𐍃 𐌰𐌱𐌰, 𐌰𐌽𐌳𐌰𐌸𐌰𐌷𐍄𐍃, [𐌲𐌰𐍂𐌹𐌿𐌳𐍃], 𐍆𐍂𐍉𐌸𐍃, 𐌲𐌰𐍆𐌰𐌿𐍂𐍃, 𐌲𐌰𐍃𐍄𐌹𐌲𐍉𐌳𐍃, 𐌻𐌰𐌹𐍃𐌴𐌹𐌲𐍃, 𐍃𐌺𐌰𐌻 𐌽𐌿 𐌰𐌹𐍀𐌹𐍃𐌺𐌰𐌿𐍀𐌿𐍃 𐌿𐌽𐌲𐌰𐍆𐌰𐌹𐍂𐌹𐌽𐍉𐌽𐌳𐍃 𐍅𐌹𐍃𐌰𐌽, 𐌰𐌹𐌽𐌰𐌹𐌶𐍉𐍃 𐌵𐌴𐌽𐌰𐌹𐍃 𐌰𐌱𐌰, 𐌰𐌽𐌳𐌰𐌸𐌰𐌷𐍄𐍃, [𐌲𐌰𐍂𐌹𐌿𐌳𐍃], 𐍆𐍂𐍉𐌸𐍃, 𐌲𐌰𐍆𐌰𐌿𐍂𐍃, 𐌲𐌰𐍃𐍄𐌹𐌲𐍉𐌳𐍃, 𐌻𐌰𐌹𐍃𐌴𐌹𐌲𐍃,"
I Timothy,3,3,"𐌽𐌹 𐍅𐌴𐌹𐌽_𐍃, 𐌽𐌹𐍃~𐍃𐌻𐌰𐌷𐌿𐌻𐍃, 𐌰𐌺 𐍃𐌿𐍄𐌹𐍃, [(𐌵𐌰𐌹𐍂𐍂𐌿𐍃)], 𐌽𐌹 𐍃𐌰𐌺𐌿𐌻𐍃, 𐌽𐌹 𐍆𐌰𐌹𐌷𐌿𐍆𐍂𐌹𐌺𐍃, 𐌽𐌹𐌷 𐍅𐌴𐌹𐌽𐌽𐌰𐍃, 𐌽𐌹 𐍃𐌻𐌰𐌷𐌰𐌻𐍃, 𐌰𐌺 𐍃𐌿𐍄𐌹𐍃, [𐌰𐌹𐍂𐌺𐌽[𐌹]𐍃], 𐌽𐌹 𐍃𐌰𐌺𐌿𐌻𐍃, 𐌽𐌹 𐍆𐌰𐌹𐌷𐌿𐍆𐍂𐌹𐌺𐍃,"
I Timothy,3,4,"𐍃𐌴𐌹𐌽𐌰𐌼𐌼𐌰 𐌲𐌰𐍂𐌳𐌰 𐍅𐌰𐌹𐌻𐌰 𐍆𐌰𐌿𐍂𐌰𐌲𐌰𐌲𐌲𐌰𐌽𐌳𐍃, 𐌱𐌰𐍂𐌽𐌰 𐌷𐌰𐌱𐌰𐌽𐌳𐍃 𐌿𐍆𐌷𐌰𐌿𐍃𐌾𐌰𐌽[𐌾𐌰𐌽]𐌳𐍉𐌽𐌰 𐌼𐌹𐌸 𐌰𐌻𐌻𐌰𐌹 𐌰𐌽𐌰𐍅𐌹𐌻𐌾𐌴𐌹𐌽. 𐍃𐌴𐌹𐌽𐌰𐌼𐌼𐌰 𐌲𐌰𐍂𐌳𐌰 𐍅𐌰𐌹𐌻𐌰 𐍆𐌰𐌿𐍂𐌰𐌲𐌰𐌲𐌲𐌰𐌽𐍃, 𐌱𐌰𐍂𐌽𐌰 𐌷𐌰𐌱𐌰𐌽𐌳𐍃 𐌿𐍆𐌷𐌰𐌿𐍃𐌾𐌰𐌽𐌳𐍉𐌽𐌰...."
I Timothy,3,5,"𐌹𐌸 𐌾𐌰𐌱𐌰𐌹 𐍈𐌰𐍃 𐍃𐌴𐌹𐌽𐌰𐌼𐌼𐌰 𐌲𐌰𐍂𐌳𐌰 𐍆𐌰𐌿𐍂𐌰𐌲𐌰𐌲𐌲𐌰𐌽 𐌽𐌹 𐌼𐌰𐌲, 𐍈𐌰𐌹𐍅𐌰 𐌰𐌹𐌺𐌺𐌻𐌴𐍃𐌾𐍉𐌽 𐌲𐌿𐌳𐌹𐍃 𐌲𐌰𐌺𐌰𐍂𐍉𐌸?"
I Timothy,3,6,"𐌽𐌹𐌷 𐌽𐌹𐌿𐌾𐌰𐍃𐌰𐍄𐌹𐌳𐌰𐌽𐌰, 𐌹𐌱𐌰𐌹 𐌰𐌿𐍆𐍄𐍉 𐌿𐍆𐌰𐍂𐌷𐌰𐌿𐌷𐌹𐌸𐍃 𐌹𐌽 𐍃𐍄𐌰𐌿𐌰𐌹 𐌰𐍄𐌳𐍂𐌹𐌿𐍃𐌰𐌹 𐌿𐌽𐌷𐌿𐌻𐌸𐌹𐌽𐍃."
I Timothy,3,7,"𐍃𐌺𐌰𐌻 𐌰𐌿𐌺 𐌹𐍃 𐍅𐌴𐌹𐍄𐍅𐍉𐌳𐌹𐌸𐌰 𐌲𐍉𐌳𐌰 𐌷𐌰𐌱𐌰𐌽 𐍆𐍂𐌰𐌼 𐌸𐌰𐌹𐌼 𐌿𐍄𐌰, 𐌴𐌹 𐌽𐌹 𐌰𐍄𐌳𐍂𐌹𐌿𐍃𐌰𐌹 𐌹𐌽 𐌹𐌳𐍅𐌴𐌹𐍄 𐌾𐌰𐌷 𐌷𐌻𐌰𐌼𐌼𐌰 𐌿𐌽𐌷𐌿𐌻𐌸𐌹𐌽𐍃."
I Timothy,3,8,"𐌾𐌰𐌷 𐍃𐍅𐌰 𐌳𐌹𐌰𐌺𐌰𐌿𐌽𐌿𐌽𐍃 𐌲𐌰𐍂𐌹𐌿𐌳𐌰𐌽𐍃, 𐌽𐌹𐌷 𐍆𐌰𐌹𐌷𐌿𐍆𐍂𐌹𐌺𐌰𐌽𐍃, 𐌽𐌹 𐍅𐌴𐌹𐌽𐌰 𐍆𐌹𐌻𐌿 𐌷𐌰𐍆𐍄𐌾𐌰𐌽𐌳𐌰𐌽𐍃, 𐌽𐌹𐌷 𐌰𐌲𐌻𐌰𐌹𐍄𐌲𐌰𐍃𐍄𐌰𐌻𐌳𐌰𐌽𐍃,"
I Timothy,3,9,𐌷𐌰𐌱𐌰𐌽𐌳𐌰𐌽𐍃 𐍂𐌿𐌽𐌰 𐌲𐌰𐌻𐌰𐌿𐌱𐌴𐌹𐌽𐌰𐌹𐍃 𐌹𐌽 𐌷𐍂𐌰𐌹𐌽𐌾𐌰𐌹 𐌲𐌰𐌷𐌿𐌲𐌳𐌰𐌹.
I Timothy,3,10,𐌾𐌰𐌸~𐌸𐌰𐌹 𐌸𐌰𐌽 𐌲𐌰𐌺𐌹𐌿𐍃𐌰𐌹𐌽𐌳𐌰𐌿 𐍆𐍂𐌿𐌼𐌹𐍃𐍄 𐌾𐌰𐍃~𐍃𐍅𐌰 𐌰𐌽𐌳𐌱𐌰𐌷𐍄𐌾𐌰𐌹𐌽𐌰 𐌿𐌽𐌲𐌰𐍆𐌰𐌹𐍂𐌹𐌽𐍉𐌳𐌰𐌹 𐍅𐌹𐍃𐌰𐌽𐌳𐌰𐌽𐍃.
I Timothy,3,11,"𐌵𐌹𐌽𐍉𐌽𐍃 𐍃𐌰𐌼𐌰𐌻𐌴𐌹𐌺𐍉 𐌲𐌰𐍂𐌹𐌿𐌳𐍉𐍃, 𐌽𐌹 𐌳𐌹𐌰𐌱𐌿𐌻𐍉𐍃, 𐌲𐌰𐍆𐌰𐌿𐍂𐌾𐍉𐍃, 𐍄𐍂𐌹𐌲𐌲𐍅𐍉𐍃 𐌹𐌽 𐌰𐌻𐌻𐌰𐌼𐌼𐌰."
I Timothy,3,12,"𐌳𐌹𐌰𐌺𐌰𐌿𐌽𐌾𐌿𐍃 𐍃𐌹𐌾𐌰𐌹𐌽𐌰 𐌰𐌹𐌽𐌰𐌹𐌶𐍉𐍃 𐌵𐌴𐌽𐌰𐌹𐍃 𐌰𐌱𐌰𐌽𐍃, 𐌱𐌰𐍂𐌽𐌰𐌼 𐍅𐌰𐌹𐌻𐌰 𐍆𐌰𐌿𐍂𐌰𐌲𐌰𐌲𐌲𐌰𐌽𐌳𐌰𐌽𐍃 𐌾𐌰𐌷 𐍃𐌴𐌹𐌽𐌰𐌹𐌼 𐌲𐌰𐍂𐌳𐌹𐌼."
I Timothy,3,13,𐌸𐌰𐌹 𐌰𐌿𐌺 𐍅𐌰𐌹𐌻𐌰 𐌰𐌽𐌳𐌱𐌰𐌷𐍄𐌾𐌰𐌽𐌳𐌰𐌽𐍃 𐌲𐍂𐌹𐌳 𐌲𐍉𐌳𐌰 𐍃𐌹𐍃 𐍆𐌰𐌹𐍂𐍅𐌰𐌿𐍂𐌺𐌾𐌰𐌽𐌳 𐌾𐌰𐌷 𐌼𐌰𐌽𐌰𐌲𐌰 𐌱𐌰𐌻𐌸𐌴𐌹𐌽 𐌲𐌰𐌻𐌰𐌿𐌱𐌴𐌹𐌽𐌰𐌹 𐌸𐌹𐌶𐌰𐌹 𐌹𐌽 𐍇𐍂𐌹𐍃𐍄𐌰𐌿 𐌹𐌴𐍃𐌿.
I Timothy,3,14,"𐌸𐌰𐍄𐌰 𐌸𐌿𐍃 𐌼𐌴𐌻𐌾𐌰, 𐍅𐌴𐌽𐌾𐌰𐌽𐌳𐍃 𐌵𐌹𐌼𐌰𐌽 𐌰𐍄 𐌸𐌿𐍃 𐍃𐍀𐍂𐌰𐌿𐍄𐍉;"
I Timothy,3,15,"𐌰𐌸𐌸𐌰𐌽 𐌾𐌰𐌱𐌰𐌹 𐍃𐌰𐌹𐌽𐌾𐌰𐌿, 𐌴𐌹 𐍅𐌹𐍄𐌴𐌹𐍃 𐍈𐌰𐌹𐍅𐌰 𐍃𐌺𐌿𐌻𐌳 𐌹𐍃𐍄 𐌹𐌽 𐌲𐌰𐍂𐌳𐌰 𐌲𐌿𐌳𐌹𐍃 𐌿𐍃𐌼𐌹𐍄𐌰𐌽, 𐍃𐌰𐌴𐌹 𐌹𐍃𐍄 𐌰𐌹𐌺𐌺𐌻𐌴𐍃𐌾𐍉 𐌲𐌿𐌳𐌹𐍃 𐌻𐌹𐌱𐌰𐌽𐌳𐌹𐌽𐍃, 𐍃𐌰𐌿𐌻𐍃 𐌾𐌰𐌷 𐍄𐌿𐌻𐌲𐌹𐌸𐌰 𐍃𐌿𐌽𐌾𐍉𐍃."
I Timothy,3,16,"𐌾𐌰𐌷 𐌿𐌽𐍃𐌰𐌷𐍄𐌰𐌱𐌰 𐌼𐌹𐌺𐌹𐌻𐍃 𐌹𐍃𐍄 𐌲𐌰𐌲𐌿𐌳𐌴𐌹𐌽𐍃 𐍂𐌿𐌽𐌰 𐍃(𐌰)𐌴𐌹 𐌲𐌰𐌱𐌰𐌹𐍂𐌷𐍄𐌹𐌸𐍃 𐍅𐌰𐍂𐌸 𐌹𐌽 𐌻𐌴𐌹𐌺𐌰, 𐌲𐌰𐍂𐌰𐌹𐌷𐍄𐍃 𐌲𐌰𐌳𐍉𐌼𐌹𐌸𐍃 𐍅𐌰𐍂𐌸 𐌹𐌽 𐌰𐌷𐌼𐌹𐌽, 𐌰𐍄𐌰𐌿𐌲𐌹𐌳𐍃 𐍅𐌰𐍂𐌸 𐌸𐌰𐌹𐌼 𐌰𐌲𐌲𐌹𐌻𐌿𐌼, 𐌼𐌴𐍂𐌹𐌳𐍃 𐍅𐌰𐍂𐌸 𐌹𐌽 𐌸𐌹𐌿𐌳𐍉𐌼, 𐌲𐌰𐌻𐌰𐌿𐌱𐌹𐌸𐍃 𐍅𐌰𐍂𐌸 𐌹𐌽 𐍆𐌰𐌹𐍂𐍈𐌰𐌿, 𐌰𐌽𐌳𐌽𐌿𐌼𐌰𐌽𐍃 𐍅𐌰𐍂𐌸 𐌹𐌽 𐍅𐌿𐌻𐌸𐌰𐌿."
I Timothy,4,1,"𐌰𐌸𐌸𐌰𐌽 𐌰𐌷𐌼𐌰 𐍃𐍅𐌹𐌺𐌿𐌽𐌸𐌰𐌱𐌰 𐌵𐌹𐌸𐌹𐌸 𐌸𐌰𐍄𐌴𐌹 𐌹𐌽 𐍃𐍀𐌴𐌳𐌹𐍃𐍄𐌰𐌹𐌼 𐌳𐌰𐌲𐌰𐌼 𐌰𐍆𐍃𐍄𐌰𐌽𐌳𐌰𐌽𐌳 𐍃𐌿𐌼𐌰𐌹 𐌲𐌰𐌻𐌰𐌿𐌱𐌴𐌹𐌽𐌰𐌹 𐌰𐍄𐍃𐌰𐌹𐍈𐌰𐌽𐌳𐌰𐌽𐍃 𐌰𐌷𐌼𐌰𐌽𐌴 𐌰𐌹𐍂𐌶𐌹𐌸𐍉𐍃 𐌾𐌰𐌷 𐌻𐌰𐌹𐍃𐌴𐌹𐌽𐍉 𐌿𐌽𐌷𐌿𐌻𐌸𐍉𐌽𐍉, 𐌰𐌸𐌸𐌰𐌽 𐌰𐌷𐌼𐌰 𐍃𐍅𐌹𐌺𐌿𐌽𐌸𐌰𐌱𐌰 𐌵𐌹𐌸𐌹𐌸 𐌸𐌰𐍄𐌴𐌹 𐌹𐌽 𐍃𐍀𐌹𐌳𐌹𐍃𐍄𐌰𐌹𐌼 𐌳𐌰𐌲𐌰𐌼 𐌰𐍆𐍃𐍄𐌰𐌽𐌳𐌰𐌽𐌳 𐍃𐌿𐌼𐌰𐌹 𐌲𐌰𐌻𐌰𐌿𐌱𐌴𐌹𐌽𐌰𐌹 𐌰𐍄𐍃𐌰𐌹𐍈𐌰𐌽𐌳𐌰𐌽𐍃 𐌰𐌷𐌼𐌰𐌽𐌴 𐌰𐌹𐍂𐌶𐌹𐌸𐍉𐍃 𐌾𐌰𐌷 𐌻𐌰𐌹𐍃𐌴𐌹𐌽𐍉 𐌿𐌽𐌷𐌿𐌻𐌸𐍉𐌽𐍉,"
I Timothy,4,2,"𐌹𐌽 𐌻𐌹𐌿𐍄𐌴𐌹𐌽 𐌻𐌹𐌿𐌲𐌽𐌰𐍅𐌰𐌿𐍂𐌳𐌴 𐌾𐌰𐌷 𐌲𐌰𐍄𐌰𐌽𐌳𐌹𐌳𐌰 𐌷𐌰𐌱𐌰𐌽𐌳𐌰𐌽𐌴 𐍃𐍅𐌴𐍃𐌰 𐌼𐌹𐌸𐍅𐌹𐍃𐍃𐌴𐌹𐌽, 𐌹𐌽 𐌻𐌹𐌿𐍄𐌴𐌹𐌽 𐌻𐌹𐌿𐌲𐌽𐌰𐍅𐌰𐌿𐍂𐌳𐌴 𐌾𐌰𐌷 𐌲𐌰𐍄𐌰𐌽𐌳𐌹𐌳𐌰 𐌷𐌰𐌱𐌰𐌽𐌳𐌰𐌽𐌴 𐍃𐍅𐌴𐍃𐌰 𐌼𐌹𐌸𐍅𐌹𐍃𐍃𐌴𐌹𐌽,"
I Timothy,4,3,"𐍅𐌰𐍂𐌾𐌰𐌽𐌳𐌰𐌽𐌴 𐌻𐌹𐌿𐌲𐍉𐍃, 𐌲𐌰𐌸𐌰𐍂𐌱𐌰𐌽 𐌼𐌰𐍄𐌴, 𐌸𐌰𐌽𐌶𐌴𐌹 𐌲𐌿𐌸 𐌲𐌰𐍃𐌺𐍉𐍀 𐌳𐌿 𐌰𐌽𐌳𐌽𐌹𐌼𐌰𐌽 𐌼𐌹𐌸 𐌰𐍅𐌹𐌻𐌹𐌿𐌳𐌰𐌼 𐌲𐌰𐌻𐌰𐌿𐌱𐌾𐌰𐌽𐌳𐌰𐌼 𐌾𐌰𐌷 𐌿𐍆𐌺𐌿𐌽𐌽𐌰𐌽𐌳𐌰𐌼 𐍃𐌿𐌽𐌾𐌰. 𐍅𐌰𐍂𐌾𐌰𐌽𐌳𐌰𐌽𐌴 𐌻𐌹𐌿𐌲𐍉𐍃, 𐌲𐌰𐌸𐌰𐍂𐌱𐌰𐌽 𐌼𐌰𐍄𐌴, 𐌸𐌰𐌽𐌶𐌴𐌹 𐌲𐌿𐌸 𐌲𐌰𐍃𐌺𐍉𐍀 𐌳𐌿 𐌰𐌽𐌳𐌽𐌹𐌼𐌰𐌽 𐌼𐌹𐌸 𐌰𐍅𐌹𐌻𐌹𐌿𐌳𐌰𐌼 𐌲𐌰𐌻𐌰𐌿𐌱𐌾𐌰𐌽𐌳𐌰𐌼 𐌾𐌰𐌷 𐌿𐍆𐌺𐌿𐌽𐌽𐌰𐌽𐌳𐌰𐌼 𐍃𐌿𐌽𐌾𐌰."
I Timothy,4,4,𐌿𐌽𐍄𐌴 𐌰𐌻𐌻 𐌲𐌰𐍃𐌺𐌰𐍆𐍄𐌰𐌹𐍃 𐌲𐌿𐌳𐌹𐍃 𐌲𐍉𐌸 𐌾𐌰𐌷 𐌽𐌹 𐍅𐌰𐌹𐌷𐍄 𐌳𐌿 𐌿𐍃𐍅𐌰𐌿𐍂𐍀𐌰𐌹 𐌼𐌹𐌸 𐌰𐍅𐌹𐌻𐌹𐌿𐌳𐌰𐌼 𐌰𐌽𐌳𐌽𐌿𐌼𐌰𐌽; 𐌿𐌽𐍄𐌴 𐌰𐌻𐌻 𐌲𐌰𐍃𐌺𐌰𐍆𐍄𐌰𐌹𐍃 𐌲𐌿𐌳𐌹𐍃 𐌲𐍉𐌸 𐌾𐌰𐌷 𐌽𐌹 𐍅𐌰𐌹𐌷𐍄 𐌳𐌿 𐌿𐍃𐍅𐌰𐌿𐍂𐍀𐌰𐌹 𐌼𐌹𐌸 𐌰𐍅𐌹𐌻𐌹𐌿𐌳𐌰𐌼 𐌰𐌽𐌳𐌽𐌿𐌼𐌰𐌽;
I Timothy,4,5,𐌲𐌰𐍅𐌴𐌹𐌷𐌰𐌳𐌰 𐌰𐌿𐌺 𐌸𐌰𐌹𐍂𐌷 𐍅𐌰𐌿𐍂𐌳 𐌲𐌿𐌳𐌹𐍃 𐌾𐌰𐌷 𐌱𐌹𐌳𐌰. 𐌲𐌰𐍅𐌴𐌹𐌷𐌰𐌳𐌰 𐌰𐌿𐌺 𐌸𐌰𐌹𐍂𐌷 𐍅𐌰𐌿𐍂𐌳 𐌲𐌿𐌳𐌹𐍃 𐌾𐌰𐌷 𐌱𐌹𐌳𐌰.
I Timothy,4,6,"𐌸𐌰𐍄𐌰 𐌹𐌽𐍃𐌰𐌺𐌰𐌽𐌳𐍃 𐌱𐍂𐍉𐌸𐍂𐌿𐌼 𐌲𐍉𐌸𐍃 𐍅𐌰𐌹𐍂𐌸𐌹𐍃 𐌰𐌽𐌳𐌱𐌰𐌷𐍄𐍃 𐍇𐍂𐌹𐍃𐍄𐌰𐌿𐍃 𐌹𐌴𐍃𐌿𐌹𐍃, 𐌰𐌻𐌰𐌽𐌳𐍃 𐍅𐌰𐌿𐍂𐌳𐌰𐌼 𐌲𐌰𐌻𐌰𐌿𐌱𐌴𐌹𐌽𐌰𐌹𐍃 𐌾𐌰𐌷 𐌲𐍉𐌳𐌰𐌹𐌶𐍉𐍃 𐌻𐌰𐌹𐍃𐌴𐌹𐌽𐌰𐌹𐍃 𐌸𐍉𐌴𐌹 𐌲𐌰𐌻𐌰𐌹𐍃𐍄𐌹𐌳𐌴𐍃. 𐌸𐌰𐍄𐌰 𐌹𐌽𐍃𐌰𐌺𐌰𐌽𐌳𐍃 𐌱𐍂𐍉𐌸𐍂𐌿𐌼 𐌲𐍉𐌸𐍃 𐍅𐌰𐌹𐍂𐌸𐌹𐍃 𐌰𐌽𐌳𐌱𐌰𐌷𐍄𐍃 𐍇𐍂𐌹𐍃𐍄𐌰𐌿𐍃 𐌹𐌴𐍃𐌿𐌹𐍃, 𐌰𐌻𐌰𐌽𐌳𐍃 𐍅𐌰𐌿𐍂𐌳𐌰𐌼 𐌲𐌰𐌻𐌰𐌿𐌱𐌴𐌹𐌽𐌰𐌹𐍃 𐌾𐌰𐌷 𐌲𐍉𐌳𐌰𐌹𐌶𐍉𐍃 𐌻𐌰𐌹𐍃𐌴𐌹𐌽𐌰𐌹𐍃 𐌸𐍉𐌴𐌹 𐌲𐌰𐌻𐌰𐌹𐍃𐍄𐌹𐌳𐌴𐍃."
I Timothy,4,7,"𐌹𐌸 𐌸𐍉 𐌿𐍃𐍅𐌴𐌹𐌷𐍉𐌽𐌰 𐍃𐍅𐌴 𐌿𐍃𐌰𐌻𐌸𐌰𐌽𐌰𐌹𐌶𐍉 𐍃𐍀𐌹𐌻𐌻𐌰 𐌱𐌹𐍅𐌰𐌽𐌳𐌴𐌹, 𐌹𐌸 𐌸𐍂𐍉𐌸𐌴𐌹 𐌸𐌿𐌺 𐍃𐌹𐌻𐌱𐌰𐌽 𐌳𐌿 𐌲𐌰𐌲𐌿𐌳𐌴𐌹𐌽. 𐌹𐌸 𐌸𐍉 𐌿𐍃𐍅𐌴𐌹𐌷𐍉𐌽𐌰 𐍃𐍅𐌴 𐌿𐍃𐌰𐌻𐌸𐌰𐌽𐌰𐌹𐌶𐍉 𐍃𐍀𐌹𐌻𐌻𐌰 𐌱𐌹𐍅𐌰𐌽𐌳𐌴𐌹, 𐌸𐍂𐍉𐌸𐌴𐌹 𐌸𐌿𐌺 𐍃𐌹𐌻𐌱𐌰𐌽 𐌳𐌿 𐌲𐌰𐌲𐌿𐌳𐌴𐌹𐌽."
I Timothy,4,8,"𐌰𐌸𐌸𐌰𐌽 𐌻𐌴𐌹𐌺𐌴𐌹𐌽𐌰 𐌿𐍃𐌸𐍂𐍉𐌸𐌴𐌹𐌽𐍃 𐌳𐌿 𐍆𐌰𐍅𐌰𐌼𐌼𐌰 𐌹𐍃𐍄 𐌱𐍂𐌿𐌺𐍃, 𐌹𐌸 𐌲𐌰𐌲𐌿𐌳𐌴𐌹 𐌳𐌿 𐌰𐌻𐌻𐌰𐌼𐌼𐌰 𐌹𐍃𐍄 𐌱𐍂𐌿𐌺𐍃, 𐌲𐌰𐌷𐌰𐌹𐍄𐌰 𐌷𐌰𐌱𐌰𐌽𐌳𐌴𐌹 𐌻𐌹𐌱𐌰𐌹𐌽𐌰𐌹𐍃 𐌸𐌹𐌶𐍉𐍃 𐌽𐌿 𐌾𐌰𐌷 𐌸𐌹𐌶𐍉𐍃 𐌰𐌽𐌰𐍅𐌰𐌹𐍂𐌸𐍉𐌽𐍃. 𐌰𐌸𐌸𐌰𐌽 𐌻𐌴𐌹𐌺𐌴𐌹𐌽𐌰 𐌿𐍃𐌸𐍂𐍉𐌸𐌴𐌹𐌽𐍃 𐌳𐌿 𐍆𐌰𐍅𐌰𐌼𐌼𐌰 𐌹𐍃𐍄 𐌱𐍂𐌿𐌺𐍃, 𐌹𐌸 𐌲𐌰𐌲𐌿𐌳𐌴𐌹𐌽 𐌳𐌿 𐌰𐌻𐌻𐌰𐌼𐌼𐌰 𐌹𐍃𐍄 𐌱𐍂𐌿𐌺𐍃, 𐌲𐌰𐌷𐌰𐌹𐍄𐌰 𐌷𐌰𐌱𐌰𐌽𐌳𐌴𐌹 𐌻𐌹𐌱𐌰𐌹𐌽𐌰𐌹𐍃 𐌸𐌹𐌶𐍉𐍃 𐌽𐌿 𐌾𐌰𐌷 𐌸𐌹𐌶𐍉𐍃 𐌰𐌽𐌰𐍅𐌰𐌹𐍂𐌸𐍉𐌽𐍃."
I Timothy,4,9,𐍄𐍂𐌹𐌲𐌲𐍅 𐌸𐌰𐍄𐌰 𐍅𐌰𐌿𐍂𐌳 𐌾𐌰𐌷 𐌰𐌻𐌻𐌰𐌹𐌶𐍉𐍃 𐌰𐌽𐌳𐌰𐌽𐌿𐌼𐍄𐌰𐌹𐍃 𐍅𐌰𐌹𐍂𐌸.
I Timothy,4,10,"𐌳𐌿𐌸𐌸𐌴 𐌰𐌻𐌻𐌹𐍃 𐌰𐍂𐌱𐌰𐌹𐌳𐌾𐌰𐌼 𐌾𐌰𐌷 𐌹𐌳𐍅𐌴𐌹𐍄𐌾𐌰𐌽𐌳𐌰, 𐌿𐌽𐍄𐌴 𐍅𐌴𐌽𐌹𐌳𐌴𐌳𐌿𐌼 𐌳𐌿 𐌲𐌿𐌳𐌰 𐌻𐌹𐌱𐌰𐌽𐌳𐌹𐌽, 𐍃𐌰𐌴𐌹 𐌹𐍃𐍄 𐌽𐌰𐍃𐌾𐌰𐌽𐌳𐍃 𐌰𐌻𐌻𐌰𐌹𐌶𐌴 𐌼𐌰𐌽𐌽𐌴, 𐌸𐌹𐍃𐌷𐌿𐌽 𐌲𐌰𐌻𐌰𐌿𐌱𐌾𐌰𐌽𐌳𐌰𐌽𐌴."
I Timothy,4,11,𐌰𐌽𐌰𐌱𐌹𐌿𐌳 𐌸𐌰𐍄𐌰 𐌾𐌰𐌷 𐌻𐌰𐌹𐍃𐌴𐌹.
I Timothy,4,12,"𐌽𐌹 𐌼𐌰𐌽𐌽𐌰 𐌸𐌴(𐌹𐌽)𐌰𐌹 𐌾𐌿𐌽𐌳𐌰𐌹 𐍆𐍂𐌰𐌺𐌿𐌽𐌽𐌹, 𐌰𐌺 𐍆𐍂𐌹𐍃𐌰𐌷𐍄𐍃 𐍃𐌹𐌾𐌰𐌹𐍃 𐌸𐌰𐌹𐌼 𐌲𐌰𐌻𐌰𐌿𐌱𐌾𐌰𐌽𐌳𐌰𐌼 𐌹𐌽 𐍅𐌰𐌿𐍂𐌳𐌰, 𐌹𐌽 𐌿𐍃𐌼𐌴𐍄𐌰, 𐌹𐌽 𐍆𐍂𐌹𐌰𐌸𐍅𐌰𐌹, 𐌹𐌽 𐌲𐌰𐌻𐌰𐌿𐌱𐌴𐌹𐌽𐌰𐌹, 𐌹𐌽 𐍃𐍅𐌹𐌺𐌽𐌹𐌸𐌰𐌹."
I Timothy,4,13,"𐌿𐌽𐍄𐌴 𐌵𐌹𐌼𐌰, 𐌲𐌰𐌿𐌼𐌴𐌹 𐍃𐌰𐌲𐌲𐍅𐌰 𐌱𐍉𐌺𐍉, 𐌲𐌰𐌸𐌻𐌰𐌹𐌷𐍄𐌰𐌹, 𐌻𐌰𐌹𐍃𐌴𐌹𐌽𐌰𐌹."
I Timothy,4,14,"𐌽𐌹 𐍃𐌹𐌾𐌰𐌹𐍃 𐌿𐌽𐌺𐌰𐍂𐌾𐌰 𐌸𐌹𐌶𐍉𐍃 𐌹𐌽 𐌸𐌿𐍃 𐌰𐌽𐍃𐍄𐌰𐌹𐍃, 𐍃𐌴𐌹 𐌲𐌹𐌱𐌰𐌽𐌰 𐍅𐌰𐍂𐌸 𐌸𐌿𐍃 𐌸𐌰𐌹𐍂𐌷 𐍀𐍂𐌰𐌿𐍆𐌴𐍄𐌾𐌰𐌽𐍃 𐌰𐍆𐌰𐍂 𐌰𐌽𐌰𐌻𐌰𐌲𐌴𐌹𐌽𐌰𐌹 𐌷𐌰𐌽𐌳𐌹𐍅𐌴 𐍀𐍂𐌰𐌹𐌶𐌱𐍅𐍄𐌰𐌹𐍂𐌴𐌹𐍃."
I Timothy,4,15,"𐌸𐍉 𐍃𐌹𐌳𐍉 𐌸𐌿𐍃, 𐌹𐌽𐌿𐌸~𐌸𐌰𐌹𐌼 𐍃𐌹𐌾𐌰𐌹𐍃, 𐌴𐌹 𐌸𐌰𐍄𐌴𐌹 𐌸𐌴𐌹𐌷𐌰𐌹𐍃 𐌸𐌿, 𐍃𐍅𐌹𐌺𐌿𐌽𐌸 𐍃𐌹𐌾𐌰𐌹 𐌰𐌻𐌻𐌰𐌹𐌼."
I Timothy,4,16,"𐌰𐍄𐍃𐌰𐌹𐍈 𐌳𐌿 𐌸𐌿𐍃 𐍃𐌹𐌻𐌱𐌹𐌽 𐌾𐌰𐌷 𐌳𐌿 𐌻𐌰𐌹𐍃𐌴𐌹𐌽𐌰𐌹 𐌿𐍃𐌳𐌰𐌿𐌳𐍉, 𐌸𐌰𐌹𐍂𐌷𐍅𐌹𐍃 𐌹𐌽 𐌸𐌰𐌹𐌼; 𐌸𐌰𐍄𐌿𐌷 𐌰𐌿𐌺 𐍄𐌰𐌿𐌾𐌰𐌽𐌳𐍃 𐌾𐌰𐌷 𐌸𐌿𐌺 𐍃𐌹𐌻𐌱𐌰𐌽 𐌲𐌰𐌽𐌰𐍃𐌾𐌹𐍃 𐌾𐌰𐌷 𐌷𐌰𐌿𐍃𐌾𐌰𐌽𐌳𐌰𐌽𐍃 𐌸𐌿𐍃."
I Timothy,5,1,"𐍃𐌴𐌽𐌴𐌹𐌲𐌰𐌽𐌰 𐌽𐌹 𐌰𐌽𐌳𐌱𐌴𐌹𐍄𐌰𐌹𐍃, 𐌰𐌺 𐌲𐌰𐌸𐌻𐌰𐌹𐌷 𐍃𐍅𐌴 𐌰𐍄𐍄𐌹𐌽, 𐌾𐌿𐌲𐌲𐌰𐌽𐍃 𐍃𐍅𐌴 𐌱𐍂𐍉𐌸𐍂𐌿𐌽𐍃;"
I Timothy,5,2,"𐍃𐌹𐌽𐌴𐌹𐌲𐍉𐍃 𐍃𐍅𐌴 𐌰𐌹𐌸𐌴𐌹𐌽𐍃, 𐌾𐌿𐌲𐌲𐍉𐍃 𐍃𐍅𐌴 (𐍃)𐍅𐌹𐍃𐍄𐍂𐌿𐌽𐍃 𐌹𐌽 𐌰𐌻𐌻𐌰𐌹 𐍃𐍅𐌹𐌺𐌽𐌴𐌹𐌽."
I Timothy,5,3,"𐍅𐌹𐌳𐌿𐍅𐍉𐌽𐍃 𐍃𐍅𐌴𐍂𐌰𐌹, 𐌸𐍉𐌶𐌴𐌹 𐌱𐌹 𐍃𐌿𐌽𐌾𐌰𐌹 𐍃𐌹𐌾𐌰𐌹𐌽𐌰 𐍅𐌹𐌳𐌿𐍅𐍉𐌽𐍃."
I Timothy,5,4,".... 𐌲𐌰𐌻𐌰𐌹𐍃𐌾𐌰𐌹𐌽𐌰 𐍃𐌹𐌺 𐍆𐌰𐌿𐍂𐌸𐌹𐍃 𐍃𐍅𐌴𐍃𐌰𐌽𐌰 𐌲𐌰𐍂𐌳 𐌱𐌰𐍂𐌿𐍃𐌽𐌾𐌰𐌽 𐌾𐌰𐌷 𐌰𐌽𐌳𐌰𐌻𐌰𐌿𐌽𐌹 𐌿𐍃𐌲𐌹𐌱𐌰𐌽 𐍆𐌰𐌳𐍂𐌴𐌹𐌽𐌰𐌼; 𐌸𐌰𐍄𐌰 𐌰𐌿𐌺 𐌹𐍃𐍄 𐌰𐌽𐌳𐌰𐌽𐌴𐌼 𐌹𐌽 𐌰𐌽𐌳𐍅𐌰𐌹𐍂𐌸𐌾𐌰 𐌲𐌿𐌳𐌹𐍃. 𐌹𐌸 𐌾𐌰𐌱𐌰𐌹 𐍈𐍉 𐍅𐌹𐌳𐌿𐍅𐍉𐌽𐍉 𐌱𐌰𐍂𐌽𐌰 𐌰𐌹𐌸𐌸𐌰𐌿 𐌱𐌰𐍂𐌽𐌴 𐌱𐌰𐍂𐌽𐌰 𐌷𐌰𐌱𐌰𐌹, 𐌲𐌰𐌻𐌰𐌹𐍃𐌾𐌰𐌹𐌽𐌰 𐍆𐌰𐌿𐍂𐌸𐌹𐍃 𐍃𐍅𐌴𐍃𐌰𐌽𐌰 𐌲𐌰𐍂𐌳 𐌱𐌰𐍂𐌿𐍃𐌽𐌾𐌰𐌽 𐌾𐌰𐌷 𐌰𐌽𐌳𐌰𐌻𐌰𐌿𐌽𐌹 𐌿𐍃𐌲𐌹𐌱𐌰𐌽 𐍆𐌰𐌳𐍂𐌴𐌹𐌽𐌰𐌼; 𐌸𐌰𐍄𐌰 𐌰𐌿𐌺 𐌹𐍃𐍄 [𐌲𐍉𐌳 𐌾𐌰𐌷] 𐌰𐌽𐌳𐌰𐌽𐌴𐌼 𐌹𐌽 𐌰𐌽𐌳𐍅𐌰𐌹𐍂𐌸𐌾𐌰 𐌲𐌿𐌳𐌹𐍃."
I Timothy,5,5,"𐌰𐌸𐌸𐌰𐌽 𐍃𐍉𐌴𐌹 𐌱𐌹 𐍃𐌿𐌽𐌾𐌰𐌹 𐍅𐌹𐌳𐌿𐍅𐍉 𐌾𐌰𐌷 𐌰𐌹𐌽𐌰𐌺𐌻𐌰, 𐍅𐌴𐌽𐌹𐌳𐌰 𐌳𐌿 𐌲𐌿𐌳𐌰 𐌾𐌰𐌷 𐌸𐌰𐌹𐍂𐌷𐍅𐌹𐍃𐌹𐌸 𐌹𐌽 𐌱𐌹𐌳𐍉𐌼 𐌽𐌰𐌷𐍄𐌰𐌼 𐌾𐌰𐌷 𐌳𐌰𐌲𐌰𐌼. 𐌰𐌸𐌸𐌰𐌽 𐍃𐍉𐌴𐌹 𐌱𐌹 𐍃𐌿𐌽𐌾𐌰𐌹 𐍅𐌹𐌳𐌿𐍅𐍉 𐌹𐍃𐍄 𐌾𐌰𐌷 𐌰𐌹𐌽𐌰𐌺𐌻𐌰, 𐍅𐌴𐌽𐌹𐌳𐌰 𐌳𐌿 𐌲𐌿𐌳𐌰 𐌾𐌰𐌷 𐌸𐌰𐌹𐍂𐌷𐍅𐌹𐍃𐌹𐌸 𐌹𐌽 𐌱𐌹𐌳𐍉𐌼 𐌽𐌰𐌷𐍄𐌰𐌼 𐌾𐌰𐌷 𐌳𐌰𐌲𐌰𐌼."
I Timothy,5,6,𐌹𐌸 𐍃𐍉 𐍅𐌹𐌶𐍉𐌽𐌳𐌴𐌹 𐌹𐌽 𐌰𐌶𐌴𐍄𐌾𐌰𐌼 𐌾𐌰𐌷 𐌻𐌹𐌱𐌰𐌽𐌳𐌴𐌹 𐌳𐌰𐌿𐌸𐌰 𐌹𐍃𐍄. 𐌹𐌸 𐍃𐍉 𐍅𐌹𐌶𐍉𐌽𐌳𐌴𐌹 𐌹𐌽 𐌰𐌶𐌴𐍄𐌾𐌰𐌼 𐌾𐌰𐌷 𐌻𐌹𐌱𐌰𐌽𐌳𐌴𐌹 𐌳𐌰𐌿𐌸𐌰 𐌹𐍃𐍄.
I Timothy,5,7,𐌾𐌰𐌷 𐌸𐌰𐍄𐌰 𐌰𐌽𐌰𐌱𐌹𐌿𐌳 𐌴𐌹 𐌿𐌽𐌲𐌰𐍆𐌰𐌹𐍂𐌹𐌽𐍉𐌳𐍉𐍃 𐍃𐌹𐌾𐌰𐌹𐌽𐌰. 𐌾𐌰𐌷 𐌸𐌰𐍄𐌰 𐌰𐌽𐌰𐌱𐌹𐌿𐌳 𐌴𐌹 𐌿𐌽𐌲𐌰𐍆𐌰𐌹𐍂𐌹𐌳𐍉𐍃 𐍃𐌹𐌾𐌰𐌹𐌽𐌰.
I Timothy,5,8,"𐌰𐌸𐌸𐌰𐌽 𐌾𐌰𐌱𐌰𐌹 𐍈𐌰𐍃 𐍃𐍅𐌴𐍃𐌰𐌹𐌼 𐌸𐌹𐍃𐌷𐌿𐌽 𐌹𐌽𐌲𐌰𐍂𐌳𐌾𐌰𐌼 𐌽𐌹 𐌲𐌰𐌸𐌻𐌰𐌹𐌷𐌹𐌸, 𐌲𐌰𐌻𐌰𐌿𐌱𐌴𐌹𐌽 𐌹𐌽𐍅𐌹𐌳𐌹𐌸 𐌾𐌰𐌷 𐌹𐍃𐍄 𐌿𐌽𐌲𐌰𐌻𐌰𐌿𐌱𐌾𐌰𐌽𐌳𐌹𐌽 𐍅𐌰𐌹𐍂𐍃𐌹𐌶𐌰. 𐌰𐌸𐌸𐌰𐌽 𐌾𐌰𐌱𐌰𐌹 𐍈𐌰𐍃 𐍃𐍅𐌴𐍃𐌰𐌹𐌼 𐌸𐌹𐍃𐌷𐌿𐌽 𐌹𐌽𐌲𐌰𐍂𐌳𐌾𐌰𐌼 𐌽𐌹 𐌲𐌰𐌸𐌻𐌰𐌹𐌷𐌹𐌸, 𐌲𐌰𐌻𐌰𐌿𐌱𐌴𐌹𐌽 𐌹𐌽𐍅𐌹𐌳𐌹𐌸 𐌾𐌰𐌷 𐌹𐍃𐍄 𐌿𐌽𐌲𐌰𐌻𐌰𐌿𐌱𐌾𐌰𐌽𐌳𐌹𐌽 𐍅𐌰𐌹𐍂𐍃𐌹𐌶𐌰."
I Timothy,5,9,"𐍅𐌹𐌳𐌿𐍅𐍉 𐌲𐌰𐍅𐌰𐌻𐌾𐌰𐌹𐌳𐌰𐌿 𐌽𐌹 𐌼𐌹𐌽𐍃 𐍃𐌰𐌹𐌷𐍃 𐍄𐌹𐌲𐌿𐌼 𐌾𐌴𐍂𐌴, 𐍃𐌴𐌹 𐍅𐌴𐍃𐌹 𐌰𐌹𐌽𐌹𐍃 𐌰𐌱𐌹𐌽𐍃 𐌵𐌴𐌽𐍃, 𐍅𐌹𐌳𐌿𐍅𐍉 𐌲𐌰𐍅𐌰𐌻𐌾𐌰𐌹𐌳𐌰𐌿 𐌽𐌹 𐌼𐌹𐌽𐍃 𐍃𐌰𐌹𐌷𐍃 𐍄𐌹𐌲𐌿𐌼 (𐌾)𐌴𐍂𐌴, 𐍃𐌴𐌹 𐍅𐌴𐍃𐌹 𐌰𐌹𐌽𐌹𐍃 𐌰𐌱𐌹𐌽𐍃 𐌵𐌴𐌽𐍃,"
I Timothy,5,10,"𐌹𐌽 𐍅𐌰𐌿𐍂𐍃𐍄𐍅𐌰𐌼 𐌲𐍉𐌳𐌰𐌹𐌼 𐍅𐌴𐌹𐍄𐍅𐍉𐌳𐌹𐌸𐌰 𐌷𐌰𐌱𐌰𐌽𐌳𐌴𐌹, 𐌾𐌰(𐌷) 𐌱𐌰𐍂𐌽𐌰 𐍆𐍉𐌳𐌹𐌳𐌴𐌳𐌹, 𐌾𐌰(𐌷) 𐌲𐌰𐍃𐍄𐌹𐌽𐍃 𐌰𐌽𐌳𐌽𐌴𐌼𐌹, 𐌾𐌰𐌷 𐍅𐌴𐌹𐌷𐌰𐌹𐌼 𐍆𐍉𐍄𐌿𐌽𐍃 𐌸𐍅𐍉𐌷𐌹, 𐌾𐌰𐌷 𐌰𐌲𐌻𐍉𐌽𐍃 𐍅𐌹𐌽𐌽𐌰𐌽𐌳𐌰𐌼 𐌰𐌽𐌳𐌱𐌰𐌷𐍄𐌹𐌳𐌴𐌳𐌹, 𐌾𐌰(𐌷) 𐌰𐌻𐌻𐌰𐌼𐌼𐌰 𐍅𐌰𐌿𐍂𐍃𐍄𐍅𐌴 𐌲𐍉𐌳𐌰𐌹𐌶𐌴 𐌰𐍆𐌰𐍂𐌻𐌰𐌹𐍃𐍄𐌹𐌳𐌴𐌳𐌹. 𐌹𐌽 𐍅𐌰𐌿𐍂𐍃𐍄𐍅𐌰𐌼 𐌲𐍉𐌳𐌰𐌹𐌼 𐍅𐌴𐌹𐍄𐍅𐍉𐌳𐌹𐌸𐌰 𐌷𐌰𐌱𐌰𐌽𐌳𐌴𐌹, 𐌾𐌰𐌿 𐌱𐌰𐍂𐌽𐌰 𐍆𐍉𐌳𐌹𐌳𐌴𐌳𐌹, 𐌾𐌰𐌿 𐌲𐌰𐍃𐍄𐌹𐌽𐍃 𐌰𐌽𐌳𐌽𐌴𐌼𐌹, 𐌾𐌰𐌿 𐍅𐌴𐌹𐌷𐌰𐌹𐌼 𐍆𐍉𐍄𐌿𐌽𐍃 𐌸𐍅𐍉𐌷𐌹, 𐌾𐌰𐌿 𐌰𐌲𐌻𐍉𐌽𐍃 𐍅𐌹𐌽𐌽𐌰𐌽𐌳𐌰𐌼 𐌰𐌽𐌳𐌱𐌰𐌷𐍄𐌹𐌳𐌴𐌳𐌹, 𐌾𐌰𐌿 𐌰𐌻𐌻𐌰𐌼𐌼𐌰...."
I Timothy,5,11,"(𐌹𐌸 𐌾𐌿𐌲𐌲𐍉𐍃 𐍅𐌹𐌳𐌿𐍅𐍉𐌽𐍃 𐌱𐌹𐍅𐌰𐌽𐌳𐌴𐌹; 𐌸𐌰𐌽 𐌰𐌿𐌺 𐌲𐌰𐌹𐍂𐌽𐌹𐌳𐌴𐌳𐌴𐌹𐌽𐌰 𐍅𐌹𐌸𐍂𐌰 𐍇𐍂𐌹𐍃𐍄𐌿, 𐌻𐌹𐌿𐌲𐌰𐌽 𐍅𐌹𐌻𐌴𐌹𐌽𐌰,)"
I Timothy,5,12,"(𐌷𐌰𐌱𐌰𐌽𐌳𐌴𐌹𐌽𐍃 𐍃𐍄𐌰𐌿𐌰, 𐌿𐌽𐍄𐌴 𐍆𐍂𐌿𐌼𐌴𐌹𐌽 𐌲𐌰𐌻𐌰𐌿𐌱𐌴𐌹𐌽 𐍅𐌰𐌽𐌰 𐌲𐌰𐍄𐌰𐍅𐌹𐌳𐌴𐌳𐌿𐌽.)"
I Timothy,5,13,"𐌰𐌸𐌸𐌰𐌽 𐍃𐌰𐌼𐌰𐌽𐌰 𐌾𐌰𐌷 𐌿𐌽𐍅𐌰𐌿𐍂𐍃𐍄𐍅𐍉𐌽𐍃 𐌻𐌰𐌹𐍃𐌾𐌰𐌽𐌳 𐍃𐌹𐌺 𐌸𐌰𐌹𐍂𐌷𐌲𐌰𐌲𐌲𐌰𐌽 𐌲𐌰𐍂𐌳𐌹𐌽𐍃, 𐌰𐌸𐌸𐌰𐌽 𐌽𐌹 𐌸𐌰𐍄𐌰𐌹𐌽 𐌿𐌽𐍅𐌰𐌿𐍂𐍃𐍄𐍅𐍉𐌽𐍃, 𐌰𐌺 𐌾𐌰𐌷 𐌿𐌽𐍆𐌰𐌿𐍂𐌾𐍉𐍃 𐌾𐌰𐌷 𐍆𐌰𐌹𐍂𐍅𐌴𐌹𐍄𐌾𐌰𐌽𐌳𐌴𐌹𐌽𐍃, 𐍂𐍉𐌳𐌾𐌰𐌽𐌳𐌴𐌹𐌽𐍃 (𐌸𐍉𐌴𐌹 𐌽𐌹 𐍃𐌺𐌿𐌻𐌳𐌰 𐍃𐌹𐌽𐌳)."
I Timothy,5,14,"(𐍅𐌹𐌻𐌾𐌰𐌿 𐌽𐌿 𐌾𐌿𐌲𐌲𐍉𐍃 𐌻𐌹𐌿𐌲𐌰𐌽, 𐌱𐌰𐍂𐌽𐌰 𐌱𐌰𐌹𐍂𐌰𐌽, 𐌲𐌰𐍂𐌳𐌰 𐍅𐌰𐌻𐌳𐌰𐌽)...."
I Timothy,5,15,
I Timothy,5,16,".... (𐍅𐌹𐌳𐌿𐍅𐍉𐌽𐍃, 𐌰𐌽𐌳𐌱𐌰𐌷𐍄𐌾𐌰𐌹 𐌹𐌼, 𐌾𐌰𐌷 𐌽𐌹 𐌺𐌰𐌿𐍂𐌾𐌰𐌹𐌳𐌰𐌿 𐌰𐌹𐌺𐌺𐌻𐌴𐍃𐌾𐍉, 𐌴𐌹 𐌸𐌰𐌹𐌼 𐌱𐌹 𐍃𐌿𐌽𐌾𐌰𐌹)...."
I Timothy,5,17,.... 𐌹𐌽 𐍅𐌰𐌿𐍂𐌳𐌰 𐌾𐌰𐌷 𐌹𐌽 𐌻𐌰𐌹𐍃𐌴𐌹𐌽𐌰𐌹.
I Timothy,5,18,𐌵𐌰𐌸 𐌰𐌿𐌺 𐌲𐌰𐌼𐌴𐌻𐌴𐌹𐌽𐍃: 𐌰𐌿𐌷𐍃(𐌰𐌿) 𐌸𐍂𐌹𐍃𐌺𐌰𐌽𐌳𐌹𐌽 𐌼𐌿𐌽𐌸 𐌽𐌹 𐍆𐌰𐌿𐍂𐍅𐌰𐌹𐍀𐌾𐌰𐌹𐍃; 𐌾𐌰𐌷: 𐍅𐌰𐌹𐍂𐌸𐍃 𐍃𐌰 𐍅𐌰𐌿𐍂𐍃𐍄𐍅𐌰 𐌼𐌹𐌶𐌳𐍉𐌽𐍃 𐌹𐍃.
I Timothy,5,19,"𐌱𐌹 𐍀𐍂𐌰𐌹𐌶𐌱𐍅𐍄𐌰𐌹𐍂𐌴𐌹𐌽 𐍅𐍂𐍉𐌷 𐌽𐌹 𐌰𐌽𐌳𐌽𐌹𐌼𐌰𐌹𐍃, 𐌽𐌹𐌱𐌰 𐌹𐌽 𐌰𐌽𐌳𐍅𐌰𐌹𐍂𐌸𐌾𐌰 𐍄𐍅𐌰𐌳𐌾𐌴 𐌰𐌹𐌸𐌸𐌰𐌿 𐌸𐍂𐌹𐌾𐌴 𐍅𐌴𐌹𐍄𐍅𐍉𐌳𐌴."
I Timothy,5,20,"𐌹𐌸 𐌸𐌰𐌽𐍃 𐍆𐍂𐌰𐍅𐌰𐌿𐍂𐌷𐍄𐌰𐌽𐍃 𐌹𐌽 𐌰𐌽𐌳𐍅𐌰𐌹𐍂𐌸𐌾𐌰 𐌰𐌻𐌻𐌰𐌹𐌶𐌴 𐌲𐌰𐍃𐌰𐌺, 𐌴𐌹 𐌾𐌰𐌷 𐌸𐌰𐌹 𐌰𐌽𐌸𐌰𐍂𐌰𐌹 𐌰𐌲𐌹𐍃 𐌷𐌰𐌱𐌰𐌹𐌽𐌰."
I Timothy,5,21,"𐍅𐌴𐌹𐍄𐍅𐍉𐌳𐌾𐌰 𐌹𐌽 𐌰𐌽𐌳𐍅𐌰𐌹𐍂𐌸𐌾𐌰 𐌲𐌿𐌳𐌹𐍃 𐌾𐌰𐌷 𐍆𐍂𐌰𐌿𐌾𐌹𐌽𐍃 𐌿𐌽𐍃𐌰𐍂𐌹𐍃 𐌹𐌴𐍃𐌿𐌹𐍃 𐍇𐍂𐌹𐍃𐍄𐌰𐌿𐍃 𐌾𐌰𐌷 𐌸𐌹𐌶𐌴 𐌲𐌰𐍅𐌰𐌻𐌹𐌳𐌰𐌽𐌴 𐌰𐌲𐌲𐌹𐌻𐌴, 𐌴𐌹 𐌸𐌰𐍄𐌰 𐍆𐌰𐍃𐍄𐌰𐌹𐍃 𐌹𐌽𐌿 𐍆𐌰𐌿𐍂𐌳𐍉𐌼𐌴𐌹𐌽, 𐌽𐌹 𐍅𐌰𐌹𐌷𐍄 𐍄𐌰𐌿𐌾𐌰𐌽𐌳𐍃 𐌱𐌹 𐍅𐌹𐌻𐌾𐌰𐌷𐌰𐌻𐌸𐌴𐌹𐌽..... 𐍅𐌹𐌻𐌾𐌰𐌷𐌰𐌻𐌸𐌴𐌹𐌽."
I Timothy,5,22,"𐌷𐌰𐌽𐌳𐌿𐌽𐍃 𐍃𐍀𐍂𐌰𐌿𐍄𐍉 𐌽𐌹 𐌼𐌰𐌽𐌽𐌷𐌿𐌽 𐌻𐌰𐌲𐌾𐌰𐌹𐍃, 𐌽𐌹 𐌲𐌰𐌼𐌰𐌹𐌽𐌾𐌰 𐍃𐌹𐌰𐌹𐍃 𐍆𐍂𐌰𐍅𐌰𐌿𐍂𐌷𐍄𐌹𐌼 𐍆𐍂𐌰𐌼𐌰𐌸𐌾𐌰𐌹𐌼; 𐌸𐌿𐌺 𐍃𐌹𐌻𐌱𐌰𐌽 𐍃𐍅𐌹𐌺𐌽𐌰𐌽𐌰 𐍆𐌰𐍃𐍄𐌰𐌹𐍃. 𐌷𐌰𐌽𐌳𐌿𐌽𐍃 𐍃𐍀𐍂𐌰𐌿𐍄𐍉 𐌽𐌹 𐌼𐌰𐌽𐌷𐌿𐌽 𐌻𐌰𐌲𐌾𐌰𐌹𐍃, 𐌽𐌹 𐌲𐌰𐌼𐌰𐌹𐌽𐌾𐌰 𐍃𐌹𐌾𐌰𐌹𐍃 𐍆𐍂𐌰𐍅𐌰𐌿𐍂𐌷𐍄𐌹𐌼 𐍆𐍂𐌰𐌼𐌰𐌸𐌾𐌰𐌹𐌼; 𐌸𐌿𐌺 𐍃𐌹𐌻𐌱𐌰𐌽 𐍃𐍅𐌹𐌺𐌽𐌰𐌽𐌰 𐍆𐌰𐍃𐍄𐌰𐌹𐍃."
I Timothy,5,23,"𐌾𐌿 𐌽𐌹 𐌳𐍂𐌹𐌲𐌺𐌰𐌹𐍃 𐌸𐌰𐌽𐌰𐌼𐌰𐌹𐍃 𐍅𐌰𐍄𐍉, 𐌰𐌺 𐍅𐌴𐌹𐌽𐌹𐍃 𐌻𐌴𐌹𐍄𐌹𐌻 𐌱𐍂𐌿𐌺𐌾𐌰𐌹𐍃 𐌹𐌽 𐌵𐌹𐌸𐌰𐌿𐍃 𐌸𐌴𐌹𐌽𐌹𐍃 𐌾𐌰𐌷 𐌸𐌹𐌶𐍉 𐌿𐍆𐍄𐌰 𐍃𐌰𐌿𐌷𐍄𐌴 𐌸𐌴𐌹𐌽𐌰𐌹𐌶𐍉. 𐌾𐌿 𐌽𐌹 𐌳𐍂𐌹𐌲𐌺𐌰𐌹𐍃 𐌸𐌰𐌽𐌰𐌼𐌰𐌹𐍃 𐍅𐌰𐍄𐍉, 𐌰𐌺 𐍅𐌴𐌹𐌽𐌹𐍃 𐌻𐌴𐌹𐍄𐌹𐌻 𐌱𐍂𐌿𐌺𐌾𐌰𐌹𐍃 𐌹𐌽 𐌵𐌹𐌸𐌰𐌿𐍃 𐌸𐌴𐌹𐌽𐌹𐍃 𐌾𐌰𐌷 𐌸𐌹𐌶𐍉 𐌿𐍆𐍄𐌰 𐍃𐌰𐌿𐌷𐍄𐌴 𐌸𐌴𐌹𐌽𐌰𐌹𐌶𐍉."
I Timothy,5,24,𐍃𐌿𐌼𐌰𐌹𐌶𐌴 𐌼𐌰𐌽𐌽𐌴 𐍆𐍂𐌰𐍅𐌰𐌿𐍂𐌷𐍄𐌴𐌹𐍃 𐍃𐍅𐌹𐌺𐌿𐌽𐌸𐍉𐍃 𐍃𐌹𐌽𐌳 𐍆𐌰𐌿𐍂𐌱𐌹𐍃𐌽𐌹𐍅𐌰𐌽𐌳𐌴𐌹𐌽𐍃 𐌳𐌿 𐍃𐍄𐌰𐌿𐌰𐌹; 𐍃𐌿𐌼𐌰𐌹𐌶𐌴𐌷 𐌸𐌰𐌽 𐌾𐌰𐌷 𐌰𐍆𐌰𐍂𐌲𐌰𐌲𐌲𐌰𐌽𐌳. 𐍃𐌿𐌼𐌰𐌹𐌶𐌴 𐌼𐌰𐌽𐌽𐌴 𐍆𐍂𐌰𐍅𐌰𐌿𐍂𐌷𐍄𐌴𐌹𐍃 𐍃𐍅𐌹𐌺𐌿𐌽𐌸𐍉𐍃 𐍃𐌹𐌽𐌳 𐍆𐌰𐌿𐍂𐌱𐌹𐍃𐌽𐌹𐍅𐌰𐌽𐌳𐌴𐌹𐌽𐍃 𐌳𐌿 𐍃𐍄𐌰𐌿𐌰𐌹; 𐍃𐌿𐌼𐌰𐌹𐌶𐌴 𐌸𐌰𐌽 𐌾𐌰𐌷 𐌰𐍆𐌰𐍂𐌲𐌰𐌲𐌲𐌰𐌽𐌳.
I Timothy,5,25,"𐍃𐌰𐌼𐌰𐌻𐌴𐌹𐌺𐍉 𐌸𐌰𐌽 𐌾𐌰𐌷 𐍅𐌰𐌿𐍂𐍃𐍄𐍅𐌰 𐌲𐍉𐌳𐌰 𐍃𐍅𐌹𐌺𐌿𐌽𐌸𐌰 𐍃𐌹𐌽𐌳, 𐌾𐌰𐌷 𐌸𐍉𐌴𐌹 𐌰𐌻𐌾𐌰𐌻𐌴𐌹𐌺𐍉𐍃 𐍃𐌹𐌺 𐌷𐌰𐌱𐌰𐌽𐌳𐍉𐌽𐌰 𐍆𐌹𐌻𐌷𐌰𐌽 𐌽𐌹 𐌼𐌰𐌷𐍄𐌰 𐍃𐌹𐌽𐌳. 𐍃𐌰𐌼𐌰𐌻𐌴𐌹𐌺𐍉 𐌸𐌰𐌽 𐌾𐌰𐌷 𐍅𐌰𐌿𐍂𐍃𐍄𐍅𐌰 𐌲𐍉𐌳𐌰 𐍃𐍅𐌹𐌺𐌿𐌽𐌸𐌰 𐍃𐌹𐌽𐌳, 𐌾𐌰𐌷 𐌸𐍉(𐌴𐌹) 𐌰𐌻𐌾𐌰𐌻𐌴𐌹𐌺𐍉𐍃 𐍃𐌹𐌺 𐌷𐌰𐌱𐌰𐌽𐌳𐍉𐌽𐌰 𐍆𐌹𐌻𐌷𐌰𐌽 𐌽𐌹 𐌼𐌰𐌷𐍄𐌰 𐍃𐌹𐌽𐌳."
I Timothy,6,1,"𐍃𐍅𐌰 𐌼𐌰𐌽𐌰𐌲𐌰𐌹 𐍃𐍅𐌴 𐍃𐌹𐌾𐌰𐌹𐌽𐌰 𐌿𐍆 𐌾𐌿𐌺𐌿𐌶𐌾𐌰𐌹 (𐍃𐌺𐌰𐌻𐌺𐌰𐌽𐍃), 𐍃𐌴𐌹𐌽𐌰𐌽𐍃 𐍆𐍂𐌰𐌿𐌾𐌰𐌽𐍃 𐌰𐌻𐌻𐌰𐌹𐌶𐍉𐍃 𐍃𐍅𐌴𐍂𐌹𐌸𐍉𐍃 𐍅𐌰𐌹𐍂𐌸𐌰𐌽𐍃 𐍂𐌰𐌷𐌽𐌾𐌰𐌹𐌽𐌰, 𐌴𐌹 𐌽𐌰𐌼𐍉 𐍆𐍂𐌰𐌿𐌾𐌹𐌽𐍃 𐌾𐌰𐌷 𐌻𐌰𐌹𐍃𐌴𐌹𐌽𐍃 𐌽𐌹 𐍅𐌰𐌾𐌰𐌼𐌴𐍂𐌾𐌰𐌹𐌳𐌰𐌿. 𐍃𐍅𐌰 𐌼𐌰𐌽𐌰𐌲𐌰𐌹 𐍃𐍅𐌴 𐍃𐌹𐌾𐌰𐌹𐌽𐌰 𐌿𐍆 𐌾𐌿𐌺𐌿𐌶𐌾𐌰𐌹 𐍃𐌺𐌰𐌻𐌺𐌰𐌽𐍃, 𐍃𐌴𐌹𐌽𐌰𐌽𐍃 𐍆𐍂𐌰𐌿𐌾𐌰𐌽𐍃 𐌰𐌻𐌻𐌰𐌹𐌶𐍉𐍃 𐍃𐍅𐌴𐍂𐌹𐌸𐍉𐍃 𐍅𐌰𐌹𐍂𐌸𐌰𐌽𐍃 𐍂𐌰𐌷𐌽𐌾𐌰𐌹𐌽𐌰, 𐌴𐌹 𐌽𐌰𐌼𐍉 𐍆𐍂𐌰𐌿𐌾𐌹𐌽𐍃 𐌾𐌰𐌷 𐌻𐌰𐌹𐍃𐌴𐌹𐌽𐍃 𐌽𐌹 𐍅𐌰𐌾𐌰𐌼𐌴𐍂𐌾𐌰𐌹𐌳𐌰𐌿."
I Timothy,6,2,"𐌰𐌸𐌸𐌰𐌽 𐌸𐌰𐌹𐌴𐌹 𐌲𐌰𐌻𐌰𐌿𐌱𐌾𐌰𐌽𐌳𐌰𐌽𐍃 𐌷𐌰𐌱𐌰𐌽𐌳 𐍆𐍂𐌰𐌿𐌾𐌰𐌽𐍃, 𐌽𐌹 𐍆𐍂𐌰𐌺𐌿𐌽𐌽𐌴𐌹𐌽𐌰, 𐌿𐌽𐍄𐌴 𐌱𐍂𐍉𐌸𐍂𐌾𐌿𐍃 𐍃𐌹𐌽𐌳, 𐌰𐌺 𐌼𐌰𐌹𐍃 𐍃𐌺𐌰𐌻𐌺𐌹𐌽𐍉𐌽𐌰, 𐌿𐌽𐍄𐌴 𐌲𐌰𐌻𐌰𐌿𐌱𐌾𐌰𐌽𐌳𐌰𐌽𐍃 𐍃𐌹𐌽𐌳 𐌾𐌰𐌷 𐌻𐌹𐌿𐌱𐌰𐌹, 𐌸𐌰𐌹𐌴𐌹 𐍅𐌰𐌹𐌻𐌰𐌳𐌴𐌳𐌰𐌹𐍃 𐌲𐌰𐌳𐌰𐌹𐌻𐌰𐌽𐍃 𐍃𐌹𐌽𐌳. 𐌸𐌰𐍄𐌰 𐌻𐌰𐌹𐍃𐌴𐌹 𐌾𐌰𐌷 𐌲𐌰𐌸𐌻𐌰𐌹𐌷. 𐌰𐌸𐌸𐌰𐌽 𐌸𐌰𐌹𐌴𐌹 𐌲𐌰𐌻𐌰𐌿𐌱𐌾𐌰𐌽𐌳𐌰𐌽𐍃 𐌷𐌰𐌱𐌰𐌽𐌳 𐍆𐍂𐌰𐌿𐌾𐌰𐌽𐍃, 𐌽𐌹 𐍆𐍂𐌰𐌺𐌿𐌽𐌽𐌴𐌹𐌽𐌰, 𐌿𐌽𐍄𐌴 𐌱𐍂𐍉𐌸𐍂𐌾𐌿𐍃 𐍃𐌹𐌽𐌳, 𐌰𐌺 𐌼𐌰𐌹𐍃 𐍃𐌺𐌰𐌻𐌺𐌹𐌽𐍉𐌽𐌰, 𐌿𐌽𐍄𐌴 𐌲𐌰𐌻𐌰𐌿𐌱𐌾𐌰𐌽𐌳𐌰𐌽𐍃 𐍃𐌹𐌽𐌳 𐌾𐌰𐌷 𐌻𐌹𐌿𐌱𐌰𐌹, 𐌸𐌰𐌹𐌴𐌹 𐍅𐌰𐌹𐌻𐌰𐌳𐌴𐌳𐌰𐌹𐍃 𐌲𐌰𐌳𐌰𐌹𐌻𐌰𐌽𐍃 𐍃𐌹𐌽𐌳. 𐌸𐌰𐍄𐌰 𐌻𐌰𐌹𐍃𐌴𐌹 𐌾𐌰𐌷 𐌲𐌰𐌸𐌻𐌰𐌹𐌷."
I Timothy,6,3,"𐌾𐌰𐌱𐌰𐌹 𐍈𐌰𐍃 𐌰𐌻𐌾𐌰𐌻𐌴𐌹𐌺𐍉(𐍃) 𐌻𐌰𐌹𐍃𐌾𐌰𐌹 𐌾𐌰𐌽~𐌽𐌹 𐌰𐍄𐌲𐌰𐌲𐌲𐌹𐌸 𐌳𐌿 𐌷𐌰𐌹𐌻𐌰𐌹𐌼 𐍅𐌰𐌿𐍂𐌳𐌰𐌼 𐌸𐌰𐌹𐌼 𐍆𐍂𐌰𐌿𐌾𐌹𐌽𐍃 𐌿𐌽𐍃𐌰𐍂𐌹𐍃 𐌹𐌴𐍃𐌿𐌹𐍃 𐍇𐍂𐌹𐍃𐍄𐌰𐌿𐍃 𐌾𐌰𐌷 𐌸𐌹𐌶𐌰𐌹 𐌱𐌹 𐌲𐌰𐌲𐌿𐌳𐌴𐌹𐌽 𐌻𐌰𐌹𐍃𐌴𐌹𐌽𐌰𐌹, 𐌾𐌰𐌱𐌰𐌹 𐍈𐌰𐍃 𐌰𐌻𐌾𐌰𐌻𐌴𐌹𐌺𐍉 𐌻𐌰𐌹𐍃𐌾𐌰𐌹 𐌾𐌰𐌷 𐌽𐌹 𐌰𐍄𐌲𐌰𐌲𐌲𐌰𐌹 𐌳𐌿 𐌷𐌰𐌹𐌻𐌰𐌹𐌼 𐍅𐌰𐌿𐍂𐌳𐌰𐌼 𐌸𐌰𐌹𐌼 𐍆𐍂𐌰𐌿𐌾𐌹𐌽𐍃 𐌿𐌽𐍃𐌰𐍂𐌹𐍃 𐌹𐌴𐍃𐌿𐌹𐍃 𐍇𐍂𐌹𐍃𐍄𐌰𐌿𐍃 𐌾𐌰𐌷 𐌸𐌹𐌶𐌰𐌹 𐌱𐌹 𐌲𐌰𐌲𐌿𐌳𐌴𐌹𐌽 𐌻𐌰𐌹𐍃𐌴𐌹𐌽𐌰𐌹,"
I Timothy,6,4,"𐌹𐌸 𐌷𐌰𐌿𐌷𐌸𐌿𐌷𐍄𐍃, 𐌽𐌹 𐍅𐌰𐌹𐌷𐍄 𐍅𐌹𐍄𐌰𐌽𐌳𐍃, 𐌰𐌺 𐍃𐌹𐌿𐌺𐌰𐌽𐌳𐍃 𐌱𐌹 𐍃𐍉𐌺𐌽𐌹𐌽𐍃 𐌾𐌰𐌷 𐍅𐌰𐌿𐍂𐌳𐌰𐌾𐌹𐌿𐌺𐍉𐍃, 𐌿𐍃 𐌸𐌰𐌹𐌼𐌴𐌹 𐍅𐌰𐌹𐍂𐌸𐌰𐌽𐌳 𐌽𐌴𐌹𐌸𐌰, [𐌼𐌰𐌿𐍂𐌸𐍂𐌰] 𐌷𐌰𐌹𐍆𐍃𐍄𐌴𐌹𐍃, 𐌰𐌽𐌰𐌵𐌹𐍃𐍃𐌴𐌹𐍃, 𐌰𐌽𐌰𐌼𐌹𐌽𐌳𐌴𐌹𐍃 𐌿𐌱𐌹𐌻𐍉𐍃, 𐌹𐌸 𐌷𐌰𐌿𐌷𐌸𐌿𐌷𐍄𐍃, 𐌽𐌹 𐍅𐌰𐌹𐌷𐍄 𐍅𐌹𐍄𐌰𐌽𐌳𐍃, 𐌰𐌺 𐍃𐌹𐌿𐌺𐌰𐌽𐌳𐍃 𐌱𐌹 𐍃𐍉𐌺𐌽𐌹𐌽𐍃 𐌾𐌰𐌷 𐍅𐌰𐌿𐍂𐌳𐌰𐌾𐌹𐌿𐌺𐍉𐍃, 𐌿𐍃 𐌸𐌰𐌹𐌼𐌴𐌹 𐍅𐌰𐌹𐍂𐌸𐌰𐌽𐌳 𐌽𐌴𐌹𐌸𐌰, [𐌼𐌰𐌿𐍂𐌸𐍂𐌰], 𐌷𐌰𐌹𐍆𐍄𐌴𐌹𐍃, 𐌰𐌽𐌰𐌵𐌹𐍃𐍃𐌴𐌹𐍃, 𐌰𐌽𐌰𐌼𐌹𐌽𐌳𐌴𐌹𐍃 𐌿𐌱𐌹𐌻𐍉𐍃,"
I Timothy,6,5,"𐌿𐍃𐌱𐌰𐌻𐌸𐌴𐌹𐌽𐍃 𐍆𐍂𐌰𐍅𐌰𐍂𐌳𐌹𐌳𐌰𐌹𐌶𐌴 𐌼𐌰𐌽𐌽𐌴 𐌰𐌷𐌹𐌽, 𐌰𐍄 𐌸𐌰𐌹𐌼𐌴𐌹 𐌲𐌰𐍄𐌰𐍂𐌽𐌹𐌸 𐌹𐍃𐍄 𐍃𐌿𐌽𐌾𐌰, 𐌷𐌿𐌲𐌾𐌰𐌽𐌳𐌰𐌽𐌴 𐍆𐌰𐌹𐌷𐌿𐌲𐌰𐍅𐌰𐌿𐍂𐌺𐌹 𐍅𐌹𐍃𐌰𐌽 𐌲𐌰𐌲𐌿𐌳𐌴𐌹𐌽; 𐌰𐍆𐍃𐍄𐌰𐌽𐌳 𐌰𐍆 𐌸𐌰𐌹𐌼 𐍃𐍅𐌰𐌻𐌴𐌹𐌺𐌰𐌹𐌼. 𐌿𐍃𐌱𐌰𐌻𐌸𐌴𐌹𐌽𐍃 𐍆𐍂𐌰𐍅𐌰𐍂𐌳𐌹𐌳𐌰𐌹𐌶𐌴 𐌼𐌰𐌽𐌽𐌴 𐌰𐌷𐌹𐌽, 𐌰𐍄 𐌸𐌰𐌹𐌼𐌴𐌹 𐌲𐌰𐍄𐌰𐍂𐌽𐌹𐌸 𐌹𐍃𐍄 𐍃𐌿𐌽𐌾𐌰, 𐌷𐌿𐌲𐌾𐌰𐌽𐌳𐌰𐌽𐌴 𐍆𐌰𐌹𐌷𐌿𐌲𐌰𐍅𐌰𐌿𐍂𐌺𐌹 𐍅𐌹𐍃𐌰𐌽 𐌲𐌰𐌲𐌿𐌳𐌴𐌹𐌽."
I Timothy,6,6,𐌰𐌸𐌸𐌰𐌽 𐌹𐍃𐍄 𐌲𐌰𐍅𐌰𐌿𐍂𐌺𐌹 𐌼𐌹𐌺𐌹𐌻 𐌲𐌰𐌲𐌿𐌳𐌴𐌹 𐌼𐌹𐌸 𐌲𐌰𐌽𐌰𐌿𐌷𐌹𐌽. 𐌰𐌸𐌸𐌰𐌽 𐌹𐍃𐍄 𐌲𐌰𐍅𐌰𐌿𐍂𐌺𐌹 𐌼𐌹𐌺𐌹𐌻 𐌲𐌰𐌲𐌿𐌳𐌴𐌹 𐌼𐌹𐌸 𐌲𐌰𐌽𐌰𐌿𐌷𐌹𐌽.
I Timothy,6,7,𐌽𐌹 𐍅𐌰𐌹𐌷𐍄 𐌰𐌿𐌺 𐌱𐍂𐌰𐌷𐍄𐌴𐌳𐌿𐌼 𐌹𐌽 𐌸𐌰𐌼𐌼𐌰 𐍆𐌰𐌹𐍂𐍈𐌰𐌿; 𐌱𐌹 𐍃𐌿𐌽𐌾𐌰𐌹 𐌸𐌰𐍄𐌴𐌹 𐌽𐌹 𐌿𐍃𐌱𐌰𐌹𐍂𐌰𐌽 𐍈𐌰 𐌼𐌰𐌲𐌿𐌼. 𐌽𐌹 𐍅𐌰𐌹𐌷𐍄 𐌰𐌿𐌺 𐌱𐍂𐌰𐌷𐍄𐌴𐌳𐌿𐌼 𐌹𐌽 𐌸𐌰𐌼𐌼𐌰 𐍆𐌰𐌹𐍂𐍈𐌰𐌿; 𐌱𐌹 𐍃𐌿𐌽𐌾𐌰𐌹 𐌸𐌰𐍄𐌴𐌹 𐌽𐌹 𐌿𐍃𐌱𐌰𐌹𐍂𐌰𐌽 𐍈𐌰 𐌼𐌰𐌲𐌿𐌼.
I Timothy,6,8,𐌰𐌸𐌸𐌰𐌽 𐌷𐌰𐌱𐌰𐌽𐌳𐌰𐌽𐍃 𐌿𐍃𐍆𐍉𐌳𐌴𐌹𐌽 𐌾𐌰𐌷 𐌲𐌰𐍃𐌺𐌰𐌳𐍅𐌴𐌹𐌽 𐌸𐌰𐌹𐌼𐌿𐌷 𐌲𐌰𐌽𐍉𐌷𐌹𐌳𐌰𐌹 𐍃𐌹𐌾𐌰𐌹𐌼𐌰. 𐌰𐌸𐌸𐌰𐌽 𐌷𐌰𐌱𐌰𐌽𐌳𐌰𐌽𐍃 𐌿𐍃𐍆𐍉𐌳𐌴𐌹𐌽 𐌾𐌰𐌷 𐌲𐌰𐍃𐌺𐌰𐌳𐍅𐌴𐌹𐌽 𐌸𐌰𐌹𐌼𐌿𐌷 𐌲𐌰𐌽𐍉𐌷𐌹𐌳𐌰𐌹 𐍃𐌹𐌾𐌰𐌹𐌼𐌰.
I Timothy,6,9,"𐌰𐌸𐌸𐌰𐌽 𐌸𐌰𐌹𐌴𐌹 𐍅𐌹𐌻𐌴𐌹𐌽𐌰 𐌲𐌰𐌱𐌹𐌲𐌰𐌹 𐍅𐌰𐌹𐍂𐌸𐌰𐌽 𐌰𐍄𐌳𐍂𐌹𐌿𐍃𐌰𐌽𐌳 𐌹𐌽 𐍆𐍂𐌰𐌹𐍃𐍄𐌿𐌱𐌽𐌾𐌰 𐌾𐌰𐌷 𐌷𐌻𐌰𐌼𐌼𐌰 𐌿𐌽𐌷𐌿𐌻𐌸𐌹𐌽𐍃 𐌾𐌰𐌷 𐌻𐌿𐍃𐍄𐌿𐌽𐍃 𐌼𐌰𐌽𐌰𐌲𐌰𐌽𐍃 𐌿𐌽𐌽𐌿𐍄𐌾𐌰𐌽𐍃 𐌾𐌰(𐌷) 𐍃𐌺𐌰𐌸𐌿𐌻𐌰𐌽𐍃, 𐌸𐌰𐌹𐌴𐌹 𐍃𐌰𐌲𐌲𐌵𐌾𐌰𐌽𐌳 𐌼𐌰𐌽𐍃 𐌹𐌽 𐍆𐍂𐌰𐍅𐌰𐍂𐌳𐌴𐌹𐌽 𐌾𐌰𐌷 𐍆𐍂𐌰𐌻𐌿𐍃𐍄. 𐌰𐌸𐌸𐌰𐌽 𐌸𐌰𐌹𐌴𐌹 𐍅𐌹𐌻𐌴𐌹𐌽𐌰 𐌲𐌰𐌱𐌹𐌲𐌰𐌹 𐍅𐌰𐌹𐍂𐌸𐌰𐌽 𐌰𐍄𐌳𐍂𐌹𐌿𐍃𐌰𐌽𐌳 𐌹𐌽 𐍆𐍂𐌰𐌹𐍃𐍄𐌿𐌱𐌽𐌾𐌰 𐌾𐌰𐌷 𐌷𐌻𐌰𐌼𐌼𐌰 𐌿𐌽𐌷𐌿𐌻𐌸𐌹𐌽𐍃 𐌾𐌰𐌷 𐌻𐌿𐍃𐍄𐌿𐌽𐍃 𐌼𐌰𐌽𐌰𐌲𐌰𐌽𐍃 𐌿𐌽𐌽𐌿𐍄𐌾𐌰𐌽𐍃 𐌾𐌰𐌷 𐍃𐌺𐌰𐌸𐌿𐌻𐌰𐌽𐍃, 𐌸𐌰𐌹𐌴𐌹 𐍃𐌰𐌲𐌲𐌵𐌾𐌰𐌽𐌳 𐌼𐌰𐌽𐍃 𐌹𐌽 𐍆𐍂𐌰𐍅𐌰𐍂𐌳𐌴𐌹𐌽 𐌾𐌰𐌷 𐍆𐍂𐌰𐌻𐌿𐍃𐍄."
I Timothy,6,10,"𐍅𐌰𐌿𐍂𐍄𐍃 𐌰𐌻𐌻𐌰𐌹𐌶𐌴 𐌿𐌱𐌹𐌻𐌰𐌹𐌶𐌴 𐌹𐍃𐍄 𐍆𐌰𐌹𐌷𐌿𐌲𐌴𐌹𐍂𐍉, 𐌸𐌹𐌶𐍉𐌶𐌴𐌹 𐍃𐌿𐌼𐌰𐌹 𐌲𐌰𐌹𐍂𐌽𐌾𐌰𐌽𐌳𐌰𐌽𐍃 𐌰𐍆𐌰𐌹𐍂𐌶𐌹𐌳𐌰𐌹 𐍅𐌰𐌿𐍂𐌸𐌿𐌽 𐌰𐍆 𐌲𐌰𐌻𐌰𐌿𐌱𐌴𐌹𐌽𐌰𐌹 𐌾𐌰𐍃~𐍃𐌹𐌺 𐍃𐌹𐌻𐌱𐌰𐌽𐍃 𐌲𐌰𐌸𐌹𐍅𐌰𐌹𐌳𐌴𐌳𐌿𐌽 𐍃𐌰𐌹𐍂𐌰𐌼 𐌼𐌰𐌽𐌰𐌲𐌰𐌹𐌼. 𐍅𐌰𐌿𐍂𐍄𐍃 𐌰𐌻𐌻𐌰𐌹𐌶𐌴 𐌿𐌱𐌹𐌻𐌰𐌹𐌶𐌴 𐌹𐍃𐍄 𐍆𐌰𐌹𐌷𐌿𐌲𐌴𐌹_𐍉, 𐌸𐌹𐌶𐍉𐌶𐌴𐌹 𐍃𐌿𐌼𐌰𐌹 𐌲𐌰𐌹𐍂𐌽𐌾𐌰𐌽𐌳𐌰𐌽𐍃 𐌰𐍆𐌰𐌹𐍂𐌶𐌹𐌳𐌰𐌹 𐍅𐌰𐌿𐍂𐌸𐌿𐌽 𐌰𐍆 𐌲𐌰𐌻𐌰𐌿𐌱𐌴𐌹𐌽𐌰𐌹 𐌾𐌰𐌷 𐍃𐌹𐌺 𐍃𐌹𐌻𐌱𐌰𐌽𐍃 𐌲𐌰𐌸𐌹𐍅𐌰𐌹𐌳𐌴𐌳𐌿𐌽 𐍃𐌰𐌹𐍂𐌰𐌼 𐌼𐌰𐌽𐌰𐌲𐌰𐌹𐌼."
I Timothy,6,11,"𐌹𐌸 𐌸𐌿, 𐌾𐌰𐌹 𐌼𐌰𐌽𐌽𐌰 𐌲𐌿𐌳𐌹𐍃, 𐌸𐌰𐍄𐌰 𐌸𐌻𐌹𐌿𐌷𐌰𐌹𐍃, 𐌹𐌸 𐌻𐌰𐌹𐍃𐍄𐌾𐌰𐌹𐍃 𐌲𐌰𐍂𐌰𐌹𐌷𐍄𐌴𐌹𐌽, 𐌲𐌰𐌲𐌿𐌳𐌴𐌹𐌽, 𐌲𐌰𐌻𐌰𐌿𐌱𐌴𐌹𐌽, 𐍆𐍂𐌹𐌾𐌰𐌸𐍅𐌰, 𐌸𐌿𐌻𐌰𐌹𐌽, 𐌵𐌰𐌹𐍂𐍂𐌴𐌹𐌽. 𐌹𐌸 𐌸𐌿, 𐌾𐌰𐌹 𐌼𐌰𐌽𐌽𐌰 𐌲𐌿𐌳𐌹𐍃, 𐌸𐌰𐍄𐌰 𐌸𐌻𐌹𐌿𐌷𐌰𐌹𐍃, 𐌹𐌸 𐌻𐌰𐌹𐍃𐍄𐌾𐌰𐌹𐍃 𐌲𐌰𐍂𐌰𐌹𐌷𐍄𐌴𐌹𐌽, 𐌲𐌰𐌲𐌿𐌳𐌴𐌹𐌽, 𐌲𐌰𐌻𐌰𐌿𐌱𐌴𐌹𐌽, 𐍆𐍂𐌹𐌰𐌸𐍅𐌰, 𐌸𐌿𐌻𐌰𐌹𐌽, 𐌵𐌰𐌹𐍂𐍂𐌴𐌹𐌽."
I Timothy,6,12,"𐌷𐌰𐌹𐍆𐍃𐍄𐌴𐌹 𐌸𐍉 𐌲𐍉𐌳𐍉𐌽 𐌷𐌰𐌹𐍆𐍃𐍄 𐌲𐌰𐌻𐌰𐌿𐌱𐌴𐌹𐌽𐌰𐌹𐍃, 𐌿𐌽𐌳𐌲𐍂𐌴𐌹𐍀 𐌻𐌹𐌱𐌰𐌹𐌽 𐌰𐌹𐍅𐌴𐌹𐌽𐍉𐌽 𐌳𐌿 𐌸𐌹𐌶𐌰𐌹𐌴𐌹 𐌻𐌰𐌸𐍉𐌸𐍃 𐌹𐍃 𐌾𐌰𐌷 𐌰𐌽𐌳𐌷𐌰𐌹𐌷𐌰𐌹𐍃𐍄 𐌸𐌰𐌼𐌼𐌰 𐌲𐍉𐌳𐌹𐌽 𐌰𐌽𐌳𐌰𐌷𐌰𐌹𐍄𐌰 𐌹𐌽 𐌰𐌽𐌳𐍅𐌰𐌹𐍂𐌸(𐌾𐌰).... 𐍅𐌴𐌹𐍄𐍅𐍉𐌳𐌴. 𐌷𐌰𐌹𐍆𐍃𐍄𐌴𐌹 𐌸𐍉 𐌲𐍉𐌳𐍉𐌽 𐌷𐌰𐌹𐍆𐍃𐍄 𐌲𐌰𐌻𐌰𐌿𐌱𐌴𐌹𐌽𐌰𐌹𐍃, 𐌿𐌽𐌳𐌲𐍂𐌴𐌹𐍀 𐌻𐌹𐌱𐌰𐌹𐌽 𐌰𐌹𐍅𐌴𐌹𐌽𐍉𐌽 𐌳𐌿 𐌸𐌹𐌶𐌰𐌹𐌴𐌹 𐌻𐌰𐌸𐍉𐌸𐍃 𐌹𐍃 𐌾𐌰𐌷 𐌰𐌽𐌳𐌷𐌰𐌹𐌷𐌰𐌹𐍃𐍄 𐌸𐌰𐌼𐌼𐌰 𐌲𐍉𐌳𐌹𐌽 𐌰𐌽𐌳𐌰𐌷𐌰𐌹𐍄𐌰 𐌹𐌽 𐌰𐌽𐌳𐍅𐌰𐌹𐍂𐌸𐌾𐌰 𐌼𐌰𐌽𐌰𐌲𐌰𐌹𐌶𐌴 𐍅𐌴𐌹𐍄𐍅𐍉𐌳𐌴."
I Timothy,6,13,"_𐌱𐌹𐌿𐌳𐌰 (𐌰𐌽𐌳𐍅𐌰𐌹)𐍂𐌸𐌾𐌰 𐌲𐌿𐌳𐌹𐍃.... (𐌲𐌰)𐌵𐌹𐌿_.... 𐌹𐌴𐍃𐌿𐌹𐍃.... 𐌿𐍆 𐍀𐌰𐌿𐌽𐍄𐌴𐌰𐌿.... _𐍄𐌰𐌿 𐌸𐌰_.... _𐌳𐍉.... _𐌷𐌰𐌹𐍄, 𐌰𐌽𐌰𐌱𐌹𐌿𐌳𐌰 𐌹𐌽 𐌰𐌽𐌳𐍅𐌰𐌹𐍂𐌸𐌾𐌰 𐌲𐌿𐌳𐌹𐍃 𐌸𐌹𐍃 𐌲𐌰𐌵𐌹𐌿𐌾𐌰𐌽𐌳𐌹𐌽𐍃 𐌰𐌻𐌻𐌰 𐌾𐌰𐌷 𐍇𐍂𐌹𐍃𐍄𐌰𐌿𐍃 𐌹𐌴𐍃𐌿𐌹𐍃 𐌸𐌹𐍃 𐍅𐌴𐌹𐍄𐍅𐍉𐌳𐌾𐌰𐌽𐌳𐌹𐌽𐍃 𐌿𐍆 𐍀𐌰𐌿𐌽𐍄𐌴𐌰𐌿 𐍀𐌴𐌹𐌻𐌰𐍄𐌰𐌿 𐌸𐌰𐍄𐌰 𐌲𐍉𐌳𐍉 𐌰𐌽𐌳𐌰𐌷𐌰𐌹𐍄,"
I Timothy,6,14,".... _𐌲𐌰𐍆𐌰𐌹𐍂_.... 𐍆𐌰𐍃𐍄𐌰𐌽 𐌸𐌿𐌺 𐌸𐍉 𐌰𐌽𐌰𐌱𐌿𐍃𐌽 𐌿𐌽𐍅𐌰𐌼𐌼𐌰, 𐌿𐌽𐌲𐌰𐍆𐌰𐌹𐍂𐌹𐌽𐍉𐌳𐌰 𐌿𐌽𐌳 𐌵𐌿𐌼 𐍆𐍂𐌰𐌿𐌾𐌹𐌽𐍃 𐌿𐌽𐍃𐌰𐍂𐌹𐍃 𐌹𐌴𐍃𐌿𐌹𐍃 𐍇𐍂𐌹𐍃𐍄𐌰𐌿𐍃,"
I Timothy,6,15,"𐌸𐌰𐌽𐌴𐌹 𐌹𐌽 𐌼𐌴𐌻𐌰𐌼 𐍃𐍅𐌴𐍃𐌰𐌹𐌼 𐍄𐌰𐌹𐌺𐌽𐌴𐌹𐌸 𐍃𐌰 𐌰𐌿𐌳𐌰𐌲𐌰 𐌾𐌰𐌷 𐌰𐌹𐌽𐍃 𐌼𐌰𐌷𐍄𐌴𐌹𐌲𐌰 𐌾𐌰𐌷 𐌸𐌹𐌿𐌳𐌰𐌽𐍃 𐌸𐌹𐌿𐌳𐌰𐌽𐍉𐌽𐌳𐌰𐌽𐌴 𐌾𐌰𐌷 𐍆𐍂𐌰𐌿𐌾𐌰 𐍆𐍂𐌰𐌿𐌾𐌹𐌽𐍉𐌽𐌳𐌰𐌽𐌴,"
I Timothy,6,16,"𐍃𐌰𐌴𐌹 𐌰𐌹𐌽𐍃 𐌰𐌹𐌷 𐌿𐌽𐌳𐌹𐍅𐌰𐌽𐌴𐌹𐌽 𐌾𐌰𐌷 𐌻𐌹𐌿𐌷𐌰𐌸 𐌱𐌰𐌿𐌹𐌸 𐌿𐌽𐌰𐍄𐌲𐌰𐌷𐍄, 𐌸𐌰𐌽𐌴𐌹 𐍃𐌰𐍈 𐌼𐌰𐌽𐌽𐌴 𐌽𐌹 𐌰𐌹𐌽𐍃𐌷𐌿𐌽 𐌽𐌹𐌷 𐍃𐌰𐌹(𐍈𐌰𐌽 𐌼𐌰𐌲)...."
I Timothy,6,17,
I Timothy,6,18,
I Timothy,6,19,
I Timothy,6,20,
I Timothy,6,21,
II Timothy,1,1,"𐍀𐌰𐍅𐌻𐌿𐍃, 𐌰𐍀𐌰𐌿𐍃𐍄𐌰𐌿𐌻𐌿𐍃 𐌹𐌴𐍃𐌿𐌹𐍃 𐍇𐍂𐌹𐍃𐍄𐌰𐌿𐍃 𐌸𐌰𐌹𐍂𐌷 𐍅𐌹𐌻𐌾𐌰𐌽 𐌲𐌿𐌳𐌹𐍃 𐌱𐌹 𐌲𐌰𐌷𐌰𐌹𐍄𐌰𐌼 𐌻𐌹𐌱𐌰𐌹𐌽𐌰𐌹𐍃 𐍃𐌴𐌹 𐌹𐍃𐍄 𐌹𐌽 𐍇𐍂𐌹𐍃𐍄𐌰𐌿 𐌹𐌴𐍃𐌿"
II Timothy,1,2,"𐍄𐌴𐌹𐌼𐌰𐌿𐌸𐌰𐌹𐌰𐌿, 𐌻𐌹𐌿𐌱𐌹𐌽 𐌱𐌰𐍂𐌽𐌰, 𐌰𐌽𐍃𐍄𐍃, 𐌰𐍂𐌼𐌰𐌹𐍉, 𐌲𐌰𐍅𐌰𐌹𐍂𐌸𐌹 𐍆𐍂𐌰𐌼 𐌲𐌿𐌳𐌰 𐌰𐍄𐍄𐌹𐌽 𐌾𐌰𐌷 𐍇𐍂𐌹𐍃𐍄𐌰𐌿 𐌹𐌴𐍃𐌿 𐍆𐍂𐌰𐌿𐌾𐌹𐌽 𐌿𐌽𐍃𐌰𐍂𐌰𐌼𐌼𐌰."
II Timothy,1,3,"𐌰𐍅𐌹𐌻𐌹𐌿𐌳𐍉 𐌲𐌿𐌳𐌰 𐌼𐌴𐌹𐌽𐌰𐌼𐌼𐌰, 𐌸𐌰𐌼𐌼𐌴𐌹 𐍃𐌺𐌰𐌻𐌺𐌹𐌽𐍉 𐍆𐍂𐌰𐌼 𐍆𐌰𐌳𐍂𐌴𐌹𐌽𐌰𐌼 𐌹𐌽 𐌷𐍂𐌰𐌹𐌽𐌾𐌰𐌹 𐌲𐌰𐌷𐌿𐌲𐌳𐌰𐌹, 𐍈𐌰𐌹𐍅𐌰 𐌿𐌽𐍃𐍅𐌴𐌹𐌱𐌰𐌽𐌳𐍉 𐌷𐌰𐌱𐌰 𐌱𐌹 𐌸𐌿𐌺 𐌲𐌰𐌼𐌹𐌽𐌸𐌹 𐌹𐌽 𐌱𐌹𐌳𐍉𐌼 𐌼𐌴𐌹𐌽𐌰𐌹𐌼 𐌽𐌰𐌷𐍄 𐌾𐌰𐌷 𐌳𐌰𐌲𐌰,"
II Timothy,1,4,"𐌲𐌰𐌹𐍂𐌽𐌾𐌰𐌽𐌳𐍃 𐌸𐌿𐌺 𐌲𐌰𐍃𐌰𐌹𐍈𐌰𐌽, 𐌲𐌰𐌼𐌿𐌽𐌰𐌽𐌳𐍃 𐍄𐌰𐌲𐍂𐌴 𐌸𐌴𐌹𐌽𐌰𐌹𐌶𐌴, 𐌴𐌹 𐍆𐌰𐌷𐌴𐌳𐌰𐌹𐍃 𐌿𐍃𐍆𐌿𐌻𐌻𐌽𐌰𐌿,"
II Timothy,1,5,"𐌲𐌰𐌼𐌰𐌿𐌳𐌴𐌹𐌽 𐌰𐌽𐌳𐌽𐌹𐌼𐌰𐌽𐌳𐍃 𐌸𐌹𐌶𐍉𐍃 𐍃𐌴𐌹 𐌹𐍃𐍄 𐌹𐌽 𐌸𐌿𐍃 𐌿𐌽𐌻𐌹𐌿𐍄𐍉𐌽𐍃 𐌲𐌰𐌻𐌰𐌿𐌱𐌴𐌹𐌽𐌰𐌹𐍃 𐍃𐌴𐌹 𐌱𐌰𐌿𐌰𐌹𐌳𐌰 𐍆𐌰𐌿𐍂𐌸𐌹𐍃 𐌹𐌽 𐌰𐍅𐍉𐌽 𐌸𐌴𐌹𐌽𐌰𐌹 𐌻𐌰𐌿(𐌹𐌳𐌾)𐌰(𐌹) 𐌾𐌰𐌷 𐌰𐌹𐌸𐌴𐌹𐌽 𐌸𐌴𐌹𐌽𐌰𐌹 𐌰𐌹𐍅𐌽𐌴𐌹𐌺𐌰𐌹, 𐌲𐌰𐌸~𐌸𐌰𐌽~𐍄𐍂𐌰𐌿𐌰 𐌸𐌰𐍄𐌴𐌹 𐌾𐌰𐌷 𐌹𐌽 𐌸𐌿𐍃..... 𐌲𐌰𐌸~𐌸𐌰𐌽~𐍄𐍂𐌰𐌿𐌰 𐌸𐌰𐍄𐌴𐌹 𐌾𐌰𐌷 𐌹𐌽 𐌸𐌿𐍃."
II Timothy,1,6,"𐌹𐌽 𐌸𐌹𐌶𐍉𐌶𐌴𐌹 𐍅𐌰𐌹𐌷𐍄𐌰𐌹𐍃 𐌲𐌰𐌼𐌰𐌿𐌳𐌾𐌰 𐌸𐌿𐌺 𐌰𐌽𐌰𐌵𐌹𐌿𐌾𐌰𐌽 𐌰𐌽𐍃𐍄 𐌲𐌿𐌳𐌹𐍃, 𐍃𐌴𐌹 𐌹𐍃𐍄 𐌹𐌽 𐌸𐌿𐍃 𐌸𐌰𐌹𐍂𐌷 𐌰𐌽𐌰𐌻𐌰𐌲𐌴𐌹𐌽 𐌷𐌰𐌽𐌳𐌹𐍅𐌴 𐌼𐌴𐌹𐌽𐌰𐌹𐌶𐍉. 𐌹𐌽 𐌸𐌹𐌶𐍉𐌶𐌴𐌹 𐍅𐌰𐌹𐌷𐍄𐌰𐌹𐍃 𐌲𐌰𐌼𐌰𐌿𐌳𐌾𐌰 𐌸𐌿𐌺 𐌰𐌽𐌰𐌵𐌹𐌿𐌾𐌰𐌽 𐌰𐌽𐍃𐍄 𐌲𐌿𐌳𐌹𐍃, 𐍃𐌴𐌹 𐌹𐍃𐍄 𐌹𐌽 𐌸𐌿𐍃 𐌸𐌰𐌹𐍂𐌷 𐌰𐌽𐌰𐌻𐌰𐌲𐌴𐌹𐌽 𐌷𐌰𐌽𐌳𐌹𐍅𐌴 𐌼𐌴𐌹𐌽𐌰𐌹𐌶𐍉."
II Timothy,1,7,"𐌿𐌽𐍄𐌴 𐌽𐌹 𐌲𐌰𐍆 𐌿𐌽𐍃𐌹𐍃 𐌲𐌿𐌸 𐌰𐌷𐌼𐌰𐌽 𐍆𐌰𐌿𐍂𐌷𐍄𐌴𐌹𐌽𐍃, 𐌰𐌺 𐌼𐌰𐌷𐍄𐌰𐌹𐍃 𐌾𐌰𐌷 𐍆𐍂𐌹𐌾𐌰𐌸𐍅𐍉𐍃 𐌾𐌰𐌷 𐌹𐌽𐌰𐌷𐌴𐌹𐌽𐍃. 𐌿𐌽𐍄𐌴 𐌽𐌹 𐌲𐌰𐍆 𐌿𐌽𐍃𐌹𐍃 𐌲𐌿𐌸 𐌰𐌷𐌼𐌰𐌽 𐍆𐌰𐌿𐍂𐌷𐍄𐌴𐌹𐌽𐍃, 𐌰𐌺 𐌼𐌰𐌷𐍄𐌰𐌹𐍃 𐌾𐌰𐌷 𐍆𐍂𐌹𐌰𐌸𐍅𐍉𐍃 𐌾𐌰𐌷 𐌹𐌽𐌰𐌷𐌴𐌹𐌽𐍃."
II Timothy,1,8,"𐌽𐌹 𐌽𐌿𐌽𐌿 𐍃𐌺𐌰𐌼𐌰𐌹 𐌸𐌿𐌺 𐍅𐌴𐌹𐍄𐍅𐍉𐌳𐌹𐌸𐍉𐍃 𐍆𐍂𐌰𐌿𐌾𐌹𐌽𐍃 𐌿𐌽𐍃𐌰𐍂𐌹𐍃 𐌹𐌴𐍃𐌿𐌹𐍃 𐌽𐌹𐌷 𐌼𐌴𐌹𐌽𐌰, 𐌱𐌰𐌽𐌳𐌾𐌹𐌽𐍃 𐌹𐍃, 𐌰𐌺 𐌼𐌹𐌸𐌰𐍂𐌱𐌰𐌹𐌳𐌴𐌹 𐌰𐌹𐍅𐌰𐌲𐌲𐌴𐌻𐌾𐍉𐌽 𐌱𐌹 𐌼𐌰𐌷𐍄𐌰𐌹 𐌲𐌿𐌳𐌹𐍃, 𐌽𐌹 𐌽𐌿𐌽𐌿 𐍃𐌺𐌰𐌼𐌰𐌹 𐌸𐌿𐌺 𐍅𐌴𐌹𐍄𐍅𐍉𐌳𐌹𐌸𐍉𐍃 𐍆𐍂𐌰𐌿𐌾𐌹𐌽𐍃 𐌿𐌽𐍃𐌰𐍂𐌹𐍃 𐌹𐌴𐍃𐌿𐌹𐍃 𐌽𐌹𐌷 𐌼𐌴𐌹𐌽𐌰, 𐌱𐌰𐌽𐌳𐌾𐌹𐌽𐍃 𐌹𐍃, 𐌰𐌺 𐌼𐌹𐌸𐌰𐍂𐌱𐌰𐌹𐌳𐌴𐌹 𐌰𐌹𐍅𐌰𐌲𐌲𐌴𐌻𐌾𐍉𐌽 𐌱𐌹 𐌼𐌰𐌷𐍄𐌰𐌹 𐌲𐌿𐌳𐌹𐍃,"
II Timothy,1,9,"𐌸𐌹𐍃 𐌽𐌰𐍃𐌾𐌰𐌽𐌳𐌹𐌽𐍃 𐌿𐌽𐍃 𐌾𐌰𐌷 𐌻𐌰𐌸𐍉𐌽𐌳𐌹𐌽𐍃 𐌿𐌽𐍃 𐌻𐌰𐌸𐍉𐌽𐌰𐌹 𐍅𐌴𐌹𐌷𐌰𐌹, 𐌽𐌹 𐌱𐌹 𐍅𐌰𐌿𐍂𐍃𐍄𐍅𐌰𐌼 𐌿𐌽𐍃𐌰𐍂𐌰𐌹𐌼, 𐌰𐌺 𐌱𐌹 𐍃𐌴𐌹𐌽𐌰𐌹 𐌻𐌴𐌹𐌺𐌰𐌹𐌽𐌰𐌹 𐌾𐌰𐌷 𐌰𐌽𐍃𐍄𐌰𐌹 𐍃𐌴𐌹 𐌲𐌹𐌱𐌰𐌽𐌰 𐌹𐍃𐍄 𐌿𐌽𐍃𐌹𐍃 𐌹𐌽 𐍇𐍂𐌹𐍃𐍄𐌰𐌿 𐌹𐌴𐍃𐌿 𐍆𐌰𐌿𐍂 𐌼𐌴𐌻𐌰 𐌰𐌹𐍅𐌴𐌹𐌽𐌰, 𐌸𐌹𐍃 𐌽𐌰𐍃𐌾𐌰𐌽𐌳𐌹𐌽𐍃 𐌿𐌽𐍃 𐌾𐌰𐌷 𐌻𐌰𐌸𐍉𐌽𐌳𐌹𐌽𐍃 𐌻𐌰𐌸𐍉𐌽𐌰𐌹 𐍅𐌴𐌹𐌷𐌰𐌹, 𐌽𐌹 𐌱𐌹 𐍅𐌰𐌿𐍂𐍃𐍄𐍅𐌰𐌼 𐌿𐌽𐍃𐌰𐍂𐌰𐌹𐌼, 𐌰𐌺 𐌱𐌹 𐍃𐌴𐌹𐌽𐌰𐌹 𐌻𐌴𐌹𐌺𐌰𐌹𐌽𐌰𐌹 𐌾𐌰𐌷 𐌰𐌽𐍃𐍄𐌰𐌹 𐍃𐌴𐌹 𐌲𐌹𐌱𐌰𐌽𐌰 𐌹𐍃𐍄 𐌿𐌽𐍃𐌹𐍃 𐌹𐌽 𐍇𐍂𐌹𐍃𐍄𐌰𐌿 𐌹𐌴𐍃𐌿 𐍆𐌰𐌿𐍂 𐌼𐌴𐌻𐌰 𐌰𐌹𐍅𐌴𐌹𐌽𐌰,"
II Timothy,1,10,"𐌹𐌸 𐌲𐌰𐍃𐍅𐌹𐌺𐌿𐌽𐌸𐌹𐌳𐌰 𐌽𐌿 𐌸𐌰𐌹𐍂𐌷 𐌲𐌰𐌱𐌰𐌹𐍂𐌷𐍄𐌴𐌹𐌽 𐌽𐌰𐍃𐌾𐌰𐌽𐌳𐌹𐍃 𐌿𐌽𐍃𐌰𐍂𐌹𐍃 𐌹𐌴𐍃𐌿𐌹𐍃 𐍇𐍂𐌹𐍃𐍄𐌰𐌿𐍃 𐌲𐌰𐍄𐌰𐌹𐍂𐌰𐌽𐌳𐌹𐌽𐍃 𐍂𐌰𐌹𐌷𐍄𐌹𐍃 𐌳𐌰𐌿𐌸𐌰𐌿, 𐌹𐌸 𐌲𐌰𐌻𐌹𐌿𐌷𐍄𐌾𐌰𐌽𐌳𐌹𐌽𐍃 𐌻𐌹𐌱𐌰𐌹𐌽 𐌾𐌰𐌷 𐌿𐌽𐍂𐌹𐌿𐍂𐌴𐌹𐌽 𐌸𐌰𐌹𐍂𐌷 𐌰𐌹𐍅𐌰𐌲𐌲𐌴𐌻𐌾𐍉𐌽, 𐌹𐌸 𐌲𐌰𐍃𐍅𐌹𐌺𐌿𐌽𐌸𐌹𐌳𐌰 𐌽𐌿 𐌸𐌰𐌹𐍂𐌷 𐌲𐌰𐌱𐌰𐌹𐍂𐌷𐍄𐌴𐌹𐌽 𐌽𐌰𐍃𐌾𐌰𐌽𐌳𐌹𐍃 𐌿𐌽𐍃𐌰𐍂𐌹𐍃 𐌹𐌴𐍃𐌿𐌹𐍃 𐍇𐍂𐌹𐍃𐍄𐌰(𐌿𐍃), 𐌲𐌰𐍄𐌰𐌹𐍂𐌰𐌽𐌳𐌹𐌽𐍃 𐍂𐌰𐌹𐌷𐍄𐌹𐍃 𐌳𐌰𐌿𐌸𐌰𐌿, 𐌹𐌸 𐌲𐌰𐌻𐌹𐌿𐌷𐍄𐌾𐌰𐌽𐌳𐌹𐌽𐍃 𐌻𐌹𐌱𐌰𐌹𐌽 𐌾𐌰𐌷 𐌿𐌽𐍂𐌹𐌿𐍂𐌴𐌹𐌽 𐌸𐌰𐌹𐍂𐌷 𐌰𐌹𐍅𐌰𐌲𐌲𐌴𐌾𐍉𐌽,"
II Timothy,1,11,"𐌹𐌽 𐌸𐍉𐌴𐌹 𐌲𐌰𐍃𐌰𐍄𐌹𐌸𐍃 𐌹𐌼 𐌹𐌺 𐌼𐌴𐍂𐌾𐌰𐌽𐌳𐍃 𐌾𐌰𐌷 𐌰𐍀𐌰𐌿𐍃𐍄𐌰𐌿𐌻𐌿𐍃 𐌾𐌰𐌷 𐌻𐌰𐌹𐍃𐌰𐍂𐌴𐌹𐍃 𐌸𐌹𐌿𐌳𐍉, 𐌹𐌽 𐌸𐍉𐌴𐌹 𐌲𐌰𐍃𐌰𐍄𐌹𐌸𐍃 𐌹𐌼 𐌹𐌺 𐌼𐌴𐍂𐌾𐌰𐌽𐌳𐍃 𐌾𐌰𐌷 𐌰𐍀𐌰𐌿𐍃𐍄𐌰𐌿𐌻𐌿𐍃 𐌾𐌰𐌷 𐌻𐌰𐌹𐍃𐌰𐍂𐌴𐌹𐍃 𐌸𐌹𐌿𐌳𐍉,"
II Timothy,1,12,"𐌹𐌽 𐌸𐌹𐌶𐍉𐌶𐌴𐌹 𐍆𐌰𐌹𐍂𐌹𐌽𐍉𐍃 𐌾𐌰𐌷 𐌸𐌰𐍄𐌰 𐍅𐌹𐌽𐌽𐌰; 𐌰𐌺𐌴𐌹 𐌽𐌹𐌷 𐍃𐌺𐌰𐌼𐌰 𐌼𐌹𐌺, 𐌿𐌽𐍄𐌴 𐍅𐌰𐌹𐍄 𐍈𐌰𐌼𐌼𐌰 𐌲𐌰𐌻𐌰𐌿𐌱𐌹𐌳𐌰, 𐌾𐌰𐌷 𐌲𐌰𐍄𐍂𐌰𐌿𐌰 𐌸𐌰𐌼𐌼𐌴𐌹 𐌼𐌰𐌷𐍄𐌴𐌹𐌲𐍃 𐌹𐍃𐍄 𐌸𐌰𐍄𐌰 𐌰𐌽𐌰𐍆𐌹𐌻𐌷 𐌼𐌴𐌹𐌽 𐍆𐌰𐍃𐍄𐌰𐌽 𐌹𐌽 𐌾𐌰𐌹𐌽𐌰𐌽𐌰 𐌳𐌰𐌲. 𐌹𐌽 𐌸𐌹𐌶𐍉𐌶𐌴𐌹 𐍆𐌰𐌹𐍂𐌹𐌽𐍉𐍃 𐌾𐌰𐌷 𐌸𐌰𐍄𐌰 𐍅𐌹𐌽𐌽𐌰; 𐌰𐌺𐌴𐌹 𐌽𐌹𐌷 𐍃𐌺𐌰𐌼𐌰 𐌼𐌹𐌺, 𐌿𐌽𐍄𐌴 𐍅𐌰𐌹𐍄 𐍈𐌰𐌼𐌼𐌰 𐌲𐌰𐌻𐌰𐌿𐌱𐌹𐌳𐌰, 𐌾𐌰𐌷 𐌲𐌰𐍄𐍂𐌰𐌿𐌰 𐌸𐌰𐌼𐌼𐌴𐌹 𐌼𐌰𐌷𐍄𐌴𐌹𐌲𐍃 𐌹𐍃𐍄 𐌸𐌰𐍄𐌰 𐌰𐌽𐌰𐍆𐌹𐌻𐌷 𐌼𐌴𐌹𐌽 𐍆𐌰𐍃𐍄𐌰𐌽 𐌹𐌽 𐌾𐌰𐌹𐌽𐌰𐌽𐌰 𐌳𐌰𐌲."
II Timothy,1,13,"𐍆𐍂𐌹𐍃𐌰𐌷𐍄 𐌷𐌰𐌱𐌰𐌽𐌳𐍃 𐌷𐌰𐌹𐌻𐌰𐌹𐌶𐌴 𐍅𐌰𐌿𐍂𐌳𐌴, 𐌸𐍉𐌴𐌹 𐌰𐍄 𐌼𐌹𐍃 𐌷𐌰𐌿𐍃𐌹𐌳𐌴𐍃 𐌹𐌽 𐌲𐌰𐌻𐌰𐌿𐌱𐌴𐌹𐌽𐌰𐌹 𐌾𐌰𐌷 𐍆𐍂𐌹𐌾𐌰𐌸𐍅𐌰𐌹 𐌹𐌽 𐍇𐍂𐌹𐍃𐍄𐌰𐌿 𐌹𐌴𐍃𐌿, 𐍆𐍂𐌹𐍃𐌰𐌷𐍄 𐌷𐌰𐌱𐌰𐌽𐌳𐍃 𐌷𐌰𐌹𐌻𐌰𐌹𐌶𐌴 𐍅𐌰𐌿𐍂𐌳𐌴, 𐌸𐍉𐌴𐌹 𐌰𐍄 𐌼𐌹𐍃 𐌷𐌰𐌿𐍃𐌹𐌳𐌴𐍃 𐌹𐌽 𐌲𐌰𐌻𐌰𐌿𐌱𐌴𐌹𐌽𐌰𐌹 𐌾𐌰𐌷 𐍆𐍂𐌹𐌰𐌸𐍅𐌰𐌹 𐌹𐌽 𐍇𐍂𐌹𐍃𐍄𐌰𐌿 𐌹𐌴𐍃𐌿,"
II Timothy,1,14,𐌸𐌰𐍄𐌰 𐌲𐍉𐌳𐍉 𐌰𐌽𐌰𐍆𐌹𐌻𐌷 𐍆𐌰𐍃𐍄𐌰𐌹 𐌸𐌰𐌹𐍂𐌷 𐌰𐌷𐌼𐌰𐌽 𐍅𐌴𐌹𐌷𐌰𐌽𐌰 𐍃𐌰𐌴𐌹 𐌱𐌰𐌿𐌹𐌸 𐌹𐌽 𐌿𐌽𐍃. 𐌸𐌰𐍄(𐌰) 𐌲𐍉𐌳𐍉 𐌰𐌽𐌰𐍆𐌹𐌻𐌷 𐍆𐌰𐍃𐍄𐌰𐌹 𐌸𐌰𐌹𐍂𐌷 𐌰𐌷𐌼𐌰𐌽 𐍅𐌴𐌹𐌷𐌰𐌽𐌰 𐍃𐌰𐌴𐌹 𐌱𐌰𐌿𐌹𐌸 𐌹𐌽 𐌿𐌽𐍃.
II Timothy,1,15,"𐍅𐌰𐌹𐍃𐍄 𐌸𐌰𐍄𐌴𐌹 𐌰𐍆𐍅𐌰𐌽𐌳𐌹𐌳𐌴𐌳𐌿𐌽 𐍃𐌹𐌺 𐌰𐍆 𐌼𐌹𐍃 𐌰𐌻𐌻𐌰𐌹 𐌸𐌰𐌹𐌴𐌹 𐍃𐌹𐌽𐌳 𐌹𐌽 𐌰𐍃𐌹𐌰𐌹, 𐌸𐌹𐌶𐌴𐌴𐌹 𐌹𐍃𐍄 𐍆𐍅𐌲𐌰𐌹𐌻𐌿𐍃 𐌾𐌰𐌷 𐌷𐌰𐌹𐍂𐌼𐌰𐌿𐌲𐌰𐌹𐌽𐌴𐌹𐍃. 𐍅𐌰𐌹𐍃𐍄 𐌸𐌰𐍄𐌴𐌹 𐌰𐍆𐍅𐌰𐌽𐌳𐌹𐌳𐌴𐌳𐌿𐌽 𐍃𐌹𐌺 𐌰𐍆 𐌼𐌹𐍃 𐌰𐌻𐌻𐌰𐌹 𐌸𐌰𐌹𐌴𐌹 𐍃𐌹𐌽𐌳 𐌹𐌽 𐌰𐍃𐌹𐌰𐌹, 𐌸𐌹𐌶𐌴𐌹 𐌹𐍃𐍄 𐍆𐍅𐌲𐌰𐌹𐌻𐌿𐍃 𐌾𐌰𐌷 𐌰𐌹𐍂𐌼𐍉𐌲𐌰𐌹𐌽𐌴𐌹𐍃."
II Timothy,1,16,"𐌲𐌹𐌱𐌰𐌹 𐌰𐍂𐌼𐌰𐌹𐍉𐌽 𐍆𐍂𐌰𐌿𐌾𐌰 𐌰𐌿𐌽𐌴𐌹𐍃𐌴𐌹𐍆𐌰𐌿𐍂𐌰𐌿𐍃 𐌲𐌰𐍂𐌳𐌰, 𐌿𐌽𐍄𐌴 𐌿𐍆𐍄𐌰 𐌼𐌹𐌺 𐌰𐌽𐌰𐌸𐍂𐌰𐍆𐍃𐍄𐌹𐌳𐌰 𐌾𐌰𐌷 𐌽𐌰𐌿𐌳𐌹𐌱𐌰𐌽𐌳𐌾𐍉 𐌼𐌴𐌹𐌽𐌰𐌹𐌶𐍉 𐌽𐌹 𐍃𐌺𐌰𐌼𐌰𐌹𐌳𐌰 𐍃𐌹𐌺; 𐌲𐌹𐌱𐌰𐌹 𐌰𐍂𐌼𐌰𐌹𐍉𐌽 𐍆𐍂𐌰𐌿𐌾𐌰 𐌰𐌿𐌽𐌴𐌹𐍃𐌴𐌹𐍆𐌰𐌿𐍂𐌰𐌿𐍃 𐌲𐌰𐍂𐌳𐌰, 𐌿𐌽𐍄𐌴 𐌿𐍆𐍄𐌰 𐌼𐌹𐌺 𐌰𐌽𐌰𐌸𐍂𐌰𐍆𐍃𐍄𐌹𐌳𐌰 𐌾𐌰𐌷 𐌽𐌰𐌿𐌳𐌹𐌱𐌰𐌽𐌳𐌾𐍉 𐌼𐌴𐌹𐌽𐌰𐌹𐌶𐍉 𐌽𐌹 𐍃𐌺𐌰𐌼𐌰𐌹𐌳𐌰 𐍃𐌹𐌺;"
II Timothy,1,17,𐌰𐌺 𐌵𐌹𐌼𐌰𐌽𐌳𐍃 𐌹𐌽 𐍂𐌿𐌼𐌰𐌹 𐌿𐍃𐌳𐌰𐌿𐌳𐍉 𐍃𐍉𐌺𐌹𐌳𐌰 𐌼𐌹𐌺 𐌾𐌰𐌷 𐌱𐌹𐌲𐌰𐍄. 𐌰𐌺 𐌵𐌹𐌼𐌰𐌽𐌳𐍃 𐌹𐌽 𐍂𐌿𐌼𐌰𐌹 𐌿𐍃𐌳𐌰𐌿𐌳𐍉 𐍃𐍉𐌺𐌹𐌳𐌰 𐌼𐌹𐌺 𐌾𐌰𐌷 𐌱𐌹𐌲𐌰𐍄.
II Timothy,1,18,"𐌲𐌹𐌱𐌰𐌹 𐍆𐍂𐌰𐌿𐌾𐌰 𐌹𐌼𐌼𐌰 𐌱𐌹𐌲𐌹𐍄𐌰𐌽 𐌰𐍂𐌼𐌰𐌷𐌰𐌹𐍂𐍄𐌴𐌹𐌽 𐌰𐍄 𐍆𐍂𐌰𐌿𐌾𐌹𐌽 𐌹𐌽 𐌾𐌰𐌹𐌽𐌰𐌼𐌼𐌰 𐌳𐌰𐌲𐌰; 𐌾𐌰𐌷 𐍈𐌰𐌽 𐍆𐌹𐌻𐌿 [𐌼𐌰𐌹𐍃] 𐌹𐌽 𐌰𐌹𐍆𐌰𐌹𐍃𐍉𐌽 𐌰𐌽𐌳𐌱𐌰𐌷𐍄𐌹𐌳𐌰 𐌼𐌹𐍃, 𐍅𐌰𐌹𐌻𐌰 𐌸𐌿 𐌺𐌰𐌽𐍄. 𐌲𐌹𐌱𐌰𐌹 𐍆𐍂𐌰𐌿𐌾𐌰 𐌹𐌼𐌼𐌰 𐌱𐌹𐌲𐌹𐍄𐌰𐌽 𐌰𐍂𐌼𐌰𐌷𐌰𐌹𐍂𐍄𐌴𐌹𐌽 𐌰𐍄 𐍆𐍂𐌰𐌿𐌾𐌹𐌽 𐌹𐌽 𐌾𐌰𐌹𐌽𐌰𐌼𐌼𐌰 𐌳𐌰𐌲𐌰; 𐌾𐌰𐌷 𐍈𐌰𐌽 𐍆𐌹𐌻𐌿 [𐌼𐌰𐌹𐍃] 𐌹𐌽 𐌰𐌹𐍆𐌰𐌹𐍃𐍉𐌽 𐌰𐌽𐌳𐌱𐌰𐌷𐍄𐌹𐌳𐌰 𐌼𐌹𐍃, 𐍅𐌰𐌹𐌻𐌰 𐌸𐌿 𐌺𐌰𐌽𐍄."
II Timothy,2,1,"Ã𐌿 𐌽𐌿, 𐌱𐌰𐍂𐌽 𐌼𐌴𐌹𐌽 𐍅𐌰𐌻𐌹𐍃𐍉, 𐌹𐌽𐍃𐍅𐌹𐌽𐌸𐌴𐌹 𐌸𐌿𐌺 𐌹𐌽 𐌰𐌽𐍃𐍄𐌰𐌹 𐌸𐌹𐌶𐌰𐌹 𐌹𐌽 𐍇𐍂𐌹𐍃𐍄𐌰𐌿 𐌹𐌴𐍃𐌿,"
II Timothy,2,2,"𐌾𐌰𐌷 𐌸𐍉𐌴𐌹 𐌷𐌰𐌿𐍃𐌹𐌳𐌴𐍃 𐌰𐍄 𐌼𐌹𐍃 𐌸𐌰𐌹𐍂𐌷 𐌼𐌰𐌽𐌰𐌲𐌰 𐍅𐌴𐌹𐍄𐍅𐍉𐌳𐌾𐌰 [𐍅𐌰𐌿𐍂𐌳𐌰 𐌲𐌿𐌳𐌹𐍃] 𐌸𐍉 𐌰𐌽𐌰𐍆𐌹𐌻𐌷 𐍄𐍂𐌹𐌲𐌲𐍅𐌰𐌹 𐌼𐌰𐌽𐌽𐌰𐌼, 𐌸𐌰𐌹𐌴𐌹 𐍅𐌰𐌹𐍂𐌸𐌰𐌹 𐍃𐌹𐌾𐌰𐌹𐌽𐌰 𐌾𐌰𐌷 𐌰𐌽𐌸𐌰𐍂𐌰𐌽𐍃 𐌻𐌰𐌹𐍃𐌾𐌰𐌽."
II Timothy,2,3,𐌸𐌿 𐌽𐌿 𐌰𐍂𐌱𐌰𐌹𐌳𐌴𐌹 𐍃𐍅𐌴 𐌲𐍉𐌳𐍃 𐌲𐌰𐌳𐍂𐌰𐌿𐌷𐍄𐍃 𐍇𐍂𐌹𐍃𐍄𐌰𐌿𐍃 𐌹𐌴𐍃𐌿𐌹𐍃.
II Timothy,2,4,"𐌽𐌹 𐌰𐌹𐌽𐍃𐌷𐌿𐌽 𐌳𐍂𐌰𐌿𐌷𐍄𐌹𐌽𐍉𐌽𐌳𐍃 𐍆𐍂𐌰𐌿𐌾𐌹𐌽 𐌳𐌿𐌲𐌰𐍅𐌹𐌽𐌳𐌹𐌸 𐍃𐌹𐌺 𐌲𐌰𐍅𐌰𐌿𐍂𐌺𐌾𐌰𐌼 𐌸𐌹𐌶𐍉𐍃 𐌰𐌻𐌳𐌰𐌹𐍃, 𐌴𐌹 𐌲𐌰𐌻𐌴𐌹𐌺𐌰𐌹 𐌸𐌰𐌼𐌼𐌴𐌹 𐌳𐍂𐌰𐌿𐌷𐍄𐌹𐌽𐍉𐌸."
II Timothy,2,5,"𐌾𐌰𐌷 𐌸𐌰𐌽 𐌾𐌰𐌱𐌰𐌹 𐌷𐌰𐌹𐍆𐍃𐍄𐌴𐌹𐌸 𐍈𐌰𐍃, 𐌽𐌹 𐍅𐌴𐌹𐍀𐌰𐌳𐌰, 𐌽𐌹𐌱𐌰 𐍅𐌹𐍄𐍉𐌳𐌴𐌹𐌲𐍉 𐌱𐍂𐌹𐌺𐌹𐌸."
II Timothy,2,6,𐌰𐍂𐌱𐌰𐌹𐌳𐌾𐌰𐌽𐌳𐍃 𐌰𐌹𐍂𐌸𐍉𐍃 𐍅𐌰𐌿𐍂𐍃𐍄𐍅𐌾𐌰 𐍃𐌺𐌰𐌻 𐍆𐍂𐌿𐌼𐌹𐍃𐍄 𐌰𐌺𐍂𐌰𐌽𐌴 𐌰𐌽𐌳𐌽𐌹𐌼𐌰𐌽.
II Timothy,2,7,𐍆𐍂𐌰𐌸𐌴𐌹 𐌸𐌰𐍄𐌴𐌹 𐌵𐌹𐌸𐌰; 𐌲𐌹𐌱𐌹𐌸 𐌰𐌿𐌺 𐌸𐌿𐍃 𐍆𐍂𐌰𐌿𐌾𐌰 𐍆𐍂𐌰𐌸𐌹 𐌿𐍃 𐌰𐌻𐌻𐌰𐌹𐌼.
II Timothy,2,8,"𐌲𐌰𐌼𐌿𐌽𐌴𐌹𐍃 𐍇𐍂𐌹𐍃𐍄𐌿 𐌹𐌴𐍃𐌿 𐌿𐍂𐍂𐌹𐍃𐌰𐌽𐌰𐌽𐌰 𐌿𐍃 𐌳𐌰𐌿𐌸𐌰𐌹𐌼 𐌿𐍃 𐍆𐍂𐌰𐌹𐍅𐌰 𐌳𐌰𐍅𐌴𐌹𐌳𐌹𐍃 𐌱𐌹 𐌰𐌹𐍅𐌰𐌲𐌲𐌴𐌻𐌾𐍉𐌽 𐌼𐌴𐌹𐌽𐌰𐌹,"
II Timothy,2,9,𐌹𐌽 𐌸𐌹𐌶𐌰𐌹𐌴𐌹 𐌰𐍂𐌱𐌰𐌹𐌳𐌾𐌰 𐌿𐌽𐌳 𐌱𐌰𐌽𐌳𐌾𐍉𐍃 𐍃𐍅𐌴 𐌿𐌱𐌹𐌻𐍄𐍉𐌾𐌹𐍃; 𐌰𐌺𐌴𐌹 𐍅𐌰𐌿𐍂𐌳 𐌲𐌿𐌳𐌹𐍃 𐌽𐌹𐍃𐍄 𐌲𐌰𐌱𐌿𐌽𐌳𐌰𐌽.
II Timothy,2,10,"𐌹𐌽𐌿𐌷 𐌸𐌹𐍃 𐌰𐌻𐌻 𐌲𐌰𐌸𐌿𐌻𐌰 𐌱𐌹 𐌸𐌰𐌽𐍃 𐌲𐌰𐍅𐌰𐌻𐌹𐌳𐌰𐌽𐍃, 𐌴𐌹 𐌾𐌰𐌷 𐌸𐌰𐌹 𐌲𐌰𐌽𐌹𐍃𐍄 𐌲𐌰𐍄𐌹𐌻𐍉𐌽𐌰, 𐍃𐌴𐌹 𐌹𐍃𐍄 𐌹𐌽 𐍇𐍂𐌹𐍃𐍄𐌰𐌿 𐌹𐌴𐍃𐌿 𐌼𐌹𐌸 𐍅𐌿𐌻𐌸𐌰𐌿 𐌰𐌹𐍅𐌴𐌹𐌽𐌰𐌼𐌼𐌰."
II Timothy,2,11,"𐍄𐍂𐌹𐌲𐌲𐍅 𐌸𐌰𐍄𐌰 𐍅𐌰𐌿𐍂𐌳: 𐌾𐌰𐌱𐌰𐌹 𐌼𐌹𐌸𐌲𐌰𐌳𐌰𐌿𐌸𐌽𐍉𐌳𐌴𐌳𐌿𐌼, 𐌾𐌰𐌷 𐌼𐌹𐌸𐌻𐌹𐌱𐌰𐌼;"
II Timothy,2,12,"𐌾𐌰𐌱𐌰𐌹 𐌲𐌰𐌸𐌿𐌻𐌰𐌼, 𐌾𐌰𐌷 𐌼𐌹𐌸𐌸𐌹𐌿𐌳𐌰𐌽𐍉𐌼; 𐌾𐌰𐌱𐌰𐌹 𐌰𐍆𐌰𐌹𐌺𐌰𐌼, 𐌾𐌰𐌷 𐌹𐍃 𐌰𐍆𐌰𐌹𐌺𐌹𐌸 𐌿𐌽𐍃;"
II Timothy,2,13,"𐌾𐌰𐌱𐌰𐌹 𐌽𐌹 𐌲𐌰𐌻𐌰𐌿𐌱𐌾𐌰𐌼, 𐌾𐌰𐌹𐌽𐍃 𐍄𐍂𐌹𐌲𐌲𐍅𐍃 𐍅𐌹𐍃𐌹𐌸; 𐌰𐍆𐌰𐌹𐌺𐌰𐌽 𐍃𐌹𐌺 𐍃𐌹𐌻𐌱𐌰𐌽 𐌽𐌹 𐌼𐌰𐌲."
II Timothy,2,14,"𐌸𐌹𐌶𐌴𐌹 𐌲𐌰𐌼𐌰𐌿𐌳𐌴𐌹, 𐍅𐌴𐌹𐍄𐍅𐍉𐌳𐌾𐌰𐌽𐌳𐍃 𐌹𐌽 𐌰𐌽𐌳𐍅𐌰𐌹𐍂𐌸𐌾𐌰 𐍆𐍂𐌰𐌿𐌾𐌹𐌽𐍃; 𐍅𐌰𐌿𐍂𐌳𐌰𐌼 𐍅𐌴𐌹𐌷𐌰𐌽 𐌳𐌿 𐌽𐌹 𐍅𐌰𐌹𐌷𐍄𐌰𐌹 𐌳𐌰𐌿𐌲, 𐌽𐌹𐌱𐌰 𐌿𐍃𐍅𐌰𐌻𐍄𐌴𐌹𐌽𐌰𐌹 𐌸𐌰𐌹𐌼 𐌷𐌰𐌿𐍃𐌾𐍉𐌽𐌳𐌰𐌼."
II Timothy,2,15,"𐌿𐍃𐌳𐌰𐌿𐌳𐌴𐌹 𐌸𐌿𐌺 𐍃𐌹𐌻𐌱𐌰𐌽 𐌲𐌰𐌺𐌿𐍃𐌰𐌽𐌰𐌽𐌰 𐌿𐍃𐌲𐌹𐌱𐌰𐌽 𐌲𐌿𐌳𐌰 𐍅𐌰𐌿𐍂𐍃𐍄𐍅𐌾𐌰𐌽 𐌿𐌽𐌰𐌹𐍅𐌹𐍃𐌺𐌰𐌽𐌰, 𐍂𐌰𐌹𐌷𐍄𐌰𐌱𐌰 𐍂𐌰𐌹𐌳𐌾𐌰𐌽𐌳𐌰𐌽 𐍅𐌰𐌿𐍂𐌳 𐍃𐌿𐌽𐌾𐍉𐍃."
II Timothy,2,16,"𐌹𐌸 𐌸𐍉 𐌳𐍅𐌰𐌻𐍉𐌽𐌰 𐌿𐍃𐍅𐌴𐌹𐌷𐍉𐌽𐌰 𐌻𐌰𐌿𐍃𐌰𐍅𐌰𐌿𐍂𐌳𐌾𐌰 𐌱𐌹𐍅𐌰𐌽𐌳𐌴𐌹; 𐌿𐌽𐍄𐌴 𐍆𐌹𐌻𐌿 𐌲𐌰𐌲𐌲𐌰𐌽𐌳 𐌳𐌿 𐌰𐍆𐌲𐌿𐌳𐌴𐌹𐌽,"
II Timothy,2,17,"𐌾𐌰𐌷 𐍅𐌰𐌿𐍂𐌳 𐌹𐌶𐌴 𐍃𐍅𐌴 𐌲𐌿𐌽𐌳 𐍅𐌿𐌻𐌹𐌸; 𐌸𐌹𐌶𐌴𐌴𐌹 𐌹𐍃𐍄 𐍅𐌼𐌰𐌹𐌽𐌰𐌹𐌿𐍃 𐌾𐌰𐌷 𐍆𐌹𐌻𐌴𐍄𐌿𐍃,"
II Timothy,2,18,"𐌸𐌰𐌹𐌴𐌹 𐌱𐌹 𐍃𐌿𐌽𐌾𐌰𐌹 𐌿𐍃𐍅𐌹𐍃𐍃𐌰𐌹 𐌿𐍃𐌼𐌴𐍄𐌿𐌽, 𐌵𐌹𐌸𐌰𐌽𐌳𐌰𐌽𐍃 𐌿𐍃𐍃𐍄𐌰𐍃𐍃 𐌾𐌿 𐍅𐌰𐌿𐍂𐌸𐌰𐌽𐌰, 𐌾𐌰𐌷 𐌲𐌰𐌻𐌰𐌿𐌱𐌴𐌹𐌽 𐍃𐌿𐌼𐌰𐌹𐌶𐌴 𐌿𐍃𐍅𐌰𐌻𐍄𐌹𐌳𐌴𐌳𐌿𐌽."
II Timothy,2,19,"𐌰𐌸𐌸𐌰𐌽 𐍄𐌿𐌻𐌲𐌿𐍃 𐌲𐍂𐌿𐌽𐌳𐌿𐍅𐌰𐌳𐌳𐌾𐌿𐍃 𐌲𐌿𐌳𐌹𐍃 𐍃𐍄𐌰𐌽𐌳𐌹𐌸, 𐌷𐌰𐌱𐌰𐌽𐌳𐍃 𐍃𐌹𐌲𐌻𐌾𐍉 𐌸𐌰𐍄𐌰: 𐌺𐌿𐌽𐌸𐌰 𐍆𐍂𐌰𐌿𐌾𐌰 𐌸𐌰𐌽𐍃 𐌸𐌰𐌹𐌴𐌹 𐍃𐌹𐌽𐌳 𐌹𐍃, 𐌾𐌰𐌷: 𐌰𐍆𐍃𐍄𐌰𐌽𐌳𐌰𐌹 𐌰𐍆 𐌿𐌽𐍃𐌴𐌻𐌴𐌹𐌽 𐍈𐌰𐌶𐌿𐌷 𐍃𐌰𐌴𐌹 𐌽𐌰𐌼𐌽𐌾𐌰𐌹 𐌽𐌰𐌼𐍉 𐍆𐍂𐌰𐌿𐌾𐌹𐌽𐍃."
II Timothy,2,20,"𐌰𐌸𐌸𐌰𐌽 𐌹𐌽 𐌼𐌹𐌺𐌹𐌻𐌰𐌼𐌼𐌰 𐌲𐌰𐍂𐌳𐌰 𐌽𐌹 𐍃𐌹𐌽𐌳 𐌸𐌰𐍄𐌰𐌹𐌽𐌴𐌹 𐌺𐌰𐍃𐌰 𐌲𐌿𐌻𐌸𐌴𐌹𐌽𐌰 𐌾𐌰𐌷 𐍃𐌹𐌻𐌿𐌱𐍂𐌴𐌹𐌽𐌰, 𐌰𐌺 𐌾𐌰𐌷 𐍄𐍂𐌹𐍅𐌴𐌹𐌽𐌰 𐌾𐌰𐌷 𐌳𐌹𐌲𐌰𐌽𐌰, 𐌾𐌰𐌷 𐍃𐌿𐌼𐌰 𐌳𐌿 𐍃𐍅𐌴𐍂𐌰𐌹𐌼, 𐍃𐌿𐌼𐌿𐌸~𐌸𐌰𐌽 𐌳𐌿 𐌿𐌽𐍃𐍅𐌴𐍂𐌰𐌹𐌼."
II Timothy,2,21,".... 𐌳𐌿 𐌰𐌻𐌻𐌰𐌼𐌼𐌰 𐍅𐌰𐌿𐍂𐍃𐍄𐍅𐌴 𐌲𐍉𐌳𐌰𐌹𐌶𐌴 𐌲𐌰𐌼𐌰𐌽𐍅𐌹𐌸. 𐌰𐌸𐌸𐌰𐌽 𐌾𐌰𐌱𐌰𐌹 𐍈𐌰𐍃 𐌲𐌰𐌷𐍂𐌰𐌹𐌽𐌾𐌰𐌹 𐍃𐌹𐌺 𐌸𐌹𐌶𐌴𐌹, 𐍅𐌰𐌹𐍂𐌸𐌹𐌸 𐌺𐌰𐍃 𐌳𐌿 𐍃𐍅𐌴𐍂𐌹𐌸𐌰𐌹, 𐌲𐌰𐍅𐌴𐌹𐌷𐌰𐌹𐌸, 𐌱𐍂𐌿𐌺 𐍆𐍂𐌰𐌿𐌾𐌹𐌽, 𐌳𐌿 𐌰𐌻𐌻𐌰𐌼𐌼𐌰 𐍅𐌰𐌿𐍂𐍃𐍄𐍅𐌴 𐌲𐍉𐌳𐌰𐌹𐌶𐌴 𐌲𐌰𐌼𐌰𐌽𐍅𐌹𐌸."
II Timothy,2,22,"𐌰𐌸𐌸𐌰𐌽 𐌾𐌿𐌲𐌲𐌰𐌽𐍃 𐌻𐌿𐍃𐍄𐌿𐌽𐍃 𐌸𐌻𐌹𐌿𐌷; 𐌹𐌸 𐌻𐌰𐌹𐍃𐍄𐌴𐌹 𐌲𐌰𐍂𐌰𐌹𐌷𐍄𐌴𐌹𐌽, 𐌲𐌰𐌻𐌰𐌿𐌱𐌴𐌹𐌽, 𐍆𐍂𐌹𐌾𐌰𐌸𐍅𐌰, 𐌲𐌰𐍅𐌰𐌹𐍂𐌸𐌹 𐌼𐌹𐌸 𐌸𐌰𐌹𐌼 𐌱𐌹𐌳𐌰𐌹 𐌰𐌽𐌰𐌷𐌰𐌹𐍄𐌰𐌽𐌳𐌰𐌼 𐍆𐍂𐌰𐌿𐌾𐌰𐌽 𐌿𐍃 𐌷𐍂𐌰𐌹𐌽𐌾𐌰𐌼𐌼𐌰 𐌷𐌰𐌹𐍂𐍄𐌹𐌽. 𐌰𐌸𐌸𐌰𐌽 𐌾𐌿𐌲𐌲𐌰𐌽𐍃 𐌻𐌿𐍃𐍄𐌿𐌽𐍃 𐌸𐌻𐌹𐌿𐌷; 𐌹𐌸 𐌻𐌰𐌹𐍃𐍄𐌴𐌹 𐌲𐌰𐍂𐌰𐌹𐌷𐍄𐌴𐌹𐌽, 𐌲𐌰𐌻𐌰𐌿𐌱𐌴𐌹𐌽, 𐍆𐍂𐌹𐌰𐌸𐍅𐌰, 𐌲𐌰𐍅𐌰𐌹𐍂𐌸𐌹 𐌼𐌹𐌸 𐌸𐌰𐌹𐌼 𐌱𐌹𐌳𐌰𐌹 𐌰𐌽𐌰𐌷𐌰𐌹𐍄𐌰𐌽𐌳𐌰𐌼 𐍆𐍂𐌰𐌿𐌾𐌰 𐌿𐍃 𐌷𐍂𐌰𐌹𐌽𐌾𐌰𐌼𐌼𐌰 𐌷𐌰𐌹𐍂𐍄𐌹𐌽."
II Timothy,2,23,"𐌹𐌸 𐌸𐍉𐍃 𐌳𐍅𐌰𐌻𐍉𐌽𐍃 𐌾𐌰𐌷 𐌿𐌽𐍄𐌰𐌻𐍉𐌽𐍃 𐍃𐍉𐌺𐌽𐌹𐌽𐍃 𐌱𐌹𐍅𐌰𐌽𐌳𐌴𐌹, 𐍅𐌹𐍄𐌰𐌽𐌳𐍃 𐌸𐌰𐍄𐌴𐌹 𐌲𐌰𐌱𐌰𐌹𐍂𐌰𐌽𐌳 𐍃𐌰𐌺𐌾𐍉𐌽𐍃. 𐌹𐌸 𐌸𐍉𐍃 𐌳𐍅𐌰𐌻𐍉𐌽𐍃 𐌾𐌰𐌷 𐌿𐌽𐍄𐌰𐌻𐍉𐌽𐍃 𐍃𐍉𐌺𐌽𐌹𐌽𐍃 𐌱𐌹𐍅𐌰𐌽𐌳𐌴𐌹, 𐍅𐌹𐍄𐌰𐌽𐌳𐍃 𐌸𐌰𐍄𐌴𐌹 𐌲𐌰𐌱𐌰𐌹𐍂𐌰𐌽𐌳 𐍃𐌰𐌺𐌾𐍉𐌽𐍃."
II Timothy,2,24,"𐌹𐌸 𐍃𐌺𐌰𐌻𐌺𐍃 𐍆𐍂𐌰𐌿𐌾𐌹𐌽𐍃 𐌽𐌹 𐍃𐌺𐌰𐌻 𐍃𐌰𐌺𐌰𐌽, 𐌰𐌺 𐌵𐌰𐌹𐍂𐍂𐌿𐍃 𐍅𐌹𐍃𐌰𐌽 𐍅𐌹𐌸𐍂𐌰 𐌰𐌻𐌻𐌰𐌽𐍃, 𐌻𐌰𐌹𐍃𐌴𐌹𐌲𐍃, 𐌿𐍃𐌸𐌿𐌻𐌰𐌽𐌳𐍃, 𐌹𐌸 𐍃𐌺𐌰𐌻𐌺𐍃 𐍆𐍂𐌰𐌿𐌾𐌹𐌽𐍃 𐌽𐌹 𐍃𐌺𐌰𐌻 𐍃𐌰𐌺𐌰𐌽, 𐌰𐌺 𐌵𐌰𐌹𐍂𐍂𐌿𐍃 𐍅𐌹𐍃𐌰𐌽 𐍅𐌹𐌸𐍂𐌰 𐌰𐌻𐌻𐌰𐌽𐍃, 𐌻𐌰𐌹𐍃𐌴𐌹𐌲𐍃, 𐌿𐍃𐌸𐌿𐌻𐌰𐌽𐌳𐍃,"
II Timothy,2,25,"𐌹𐌽 𐌵𐌰𐌹𐍂𐍂𐌴𐌹𐌽 𐍄𐌰𐌻𐌶𐌾𐌰𐌽𐌳𐍃 𐌸𐌰𐌽𐍃 𐌰𐌽𐌳𐍃𐍄𐌰𐌽𐌳𐌰𐌽𐌳𐌰𐌽𐍃, 𐌽𐌹𐌿 𐍈𐌰𐌽 𐌲𐌹𐌱𐌰𐌹 𐌹𐌼 𐌲𐌿𐌸 𐌹𐌳𐍂𐌴𐌹𐌲𐌰 𐌳𐌿 𐌿𐍆𐌺𐌿𐌽𐌸𐌾𐌰 𐍃𐌿𐌽𐌾𐍉𐍃, 𐌹𐌽 𐌵𐌰𐌹𐍂𐍂𐌴𐌹𐌽 𐍄𐌰𐌻𐌶𐌾𐌰𐌽𐌳𐍃 𐌸𐌰𐌽𐍃 𐌰𐌽𐌳𐍃𐍄𐌰𐌽𐌳𐌰𐌽𐌳𐌰𐌽𐍃, 𐌽𐌹𐌿 𐍈𐌰𐌽 𐌲𐌹𐌱𐌰𐌹 𐌹𐌼 𐌲𐌿𐌸 𐌹𐌳𐍂𐌴𐌹𐌲𐌰 𐌳𐌿 𐌿𐍆𐌺𐌿𐌽𐌸𐌾𐌰 𐍃𐌿𐌽𐌾𐍉𐍃,"
II Timothy,2,26,"𐌾𐌰𐌷 𐌿𐍃𐍃𐌺𐌰𐍂𐌾𐌰𐌹𐌽𐌳𐌰𐌿 𐌿𐍃 𐌿𐌽𐌷𐌿𐌻𐌸𐌹𐌽𐍃 𐍅𐍂𐌿𐌲𐌲𐍉𐌽, 𐍆𐍂𐌰𐌼 𐌸𐌰𐌼𐌼𐌴𐌹 𐌲𐌰𐍆𐌰𐌷𐌰𐌽𐌰𐌹 𐌷𐌰𐌱𐌰𐌽𐌳𐌰 𐌰𐍆𐌰𐍂 𐌹𐍃 𐍅𐌹𐌻𐌾𐌹𐌽. 𐌾𐌰𐌷 𐌿𐍃𐍃𐌺𐌰𐍂𐌾𐌰𐌹𐌽𐌳𐌰𐌿 𐌿𐍃 𐌿𐌽𐌷𐌿𐌻𐌸𐌹𐌽𐍃 𐍅𐍂𐌿𐌲𐌲𐍉𐌽, 𐍆𐍂𐌰𐌼 𐌸𐌰𐌼𐌼𐌴𐌹 𐌲𐌰𐍆𐌰𐌷𐌰𐌽𐌰𐌹 𐍄𐌹𐌿𐌷𐌰𐌽𐌳𐌰 𐌰𐍆𐌰𐍂 𐌹𐍃 𐍅𐌹𐌻𐌾𐌹𐌽."
II Timothy,3,1,"𐌰𐌸𐌸𐌰𐌽 𐌸𐌰𐍄𐌰 𐌺𐌿𐌽𐌽𐌴𐌹𐍃 𐌴𐌹 𐌹𐌽 𐍃𐍀𐌴𐌳𐌹𐍃𐍄𐌰𐌹𐌼 𐌳𐌰𐌲𐌰𐌼 𐌰𐍄𐌲𐌰𐌲𐌲𐌰𐌽𐌳 𐌾𐌴𐍂𐌰 𐍃𐌻𐌴𐌹𐌳𐌾𐌰, 𐌰𐌸𐌸𐌰𐌽 𐌸𐌰𐍄𐌰 𐌺𐌿𐌽𐌽𐌴𐌹𐍃 𐌴𐌹 𐌹𐌽 𐍃𐍀𐌴𐌳𐌹𐍃𐍄𐌰𐌹𐌼 𐌳𐌰𐌲𐌰𐌼 𐌰𐍄𐌲𐌰𐌲𐌲𐌰𐌽𐌳 𐌾𐌴𐍂𐌰 𐍃𐌻𐌴𐌹𐌳𐌾𐌰,"
II Timothy,3,2,"𐌾𐌰𐌷 𐍅𐌰𐌹𐍂𐌸𐌰𐌽𐌳 𐌼𐌰𐌽𐌽𐌰𐌽𐍃 𐍃𐌹𐌺 𐍆𐍂𐌹𐌾𐍉𐌽𐌳𐌰𐌽𐍃, 𐍆𐌰𐌹𐌷𐌿𐌲𐌰𐌹𐍂𐌽𐌰𐌹, 𐌱𐌹𐌷𐌰𐌹𐍄𐌾𐌰𐌽𐍃, 𐌷𐌰𐌿𐌷𐌷𐌰𐌹𐍂𐍄𐌰𐌹, 𐍅𐌰𐌾𐌰𐌼𐌴𐍂𐌾𐌰𐌽𐌳𐌰𐌽𐍃, 𐍆𐌰𐌳𐍂𐌴𐌹𐌽𐌰𐌼 𐌿𐌽𐌲𐌰𐍈𐌰𐌹𐍂𐌱𐌰𐌹, 𐌻𐌰𐌿𐌽𐌰𐍅𐌰𐍂𐌲𐍉𐍃, 𐌿𐌽𐌰𐌹𐍂𐌺𐌽𐌰𐌽𐍃, 𐌾𐌰𐌷 𐍅𐌰𐌹𐍂𐌸𐌰𐌽𐌳 𐌼𐌰𐌽𐌽𐌰𐌽𐍃 𐍃𐌹𐌺 𐍆𐍂𐌹𐍉𐌽𐌳𐌰𐌽𐍃, 𐍆𐌰𐌹𐌷𐌿𐌲𐌰𐌹𐍂𐌽𐌰𐌹, 𐌱𐌹𐌷𐌰𐌹𐍄𐌾𐌰𐌽𐍃, 𐌷𐌰𐌿𐌷𐌷𐌰𐌹𐍂𐍄𐌰𐌹, 𐍅𐌰𐌾𐌰𐌼𐌴𐍂𐌾𐌰𐌽𐌳𐌰𐌽𐍃, 𐍆𐌰𐌳𐍂𐌴𐌹𐌽𐌰𐌼 𐌿𐌽𐌲𐌰𐍈𐌰𐌹𐍂𐌱𐌰𐌹, 𐌻𐌰𐌿𐌽𐌰𐍅𐌰𐍂𐌲𐍉𐍃, 𐌿𐌽𐌰𐌹𐍂𐌺𐌽𐌰𐌹,"
II Timothy,3,3,"𐌿𐌽𐌷𐌿𐌽𐍃𐌻𐌰𐌲𐌰𐌹, 𐌿𐌽𐌼𐌹𐌻𐌳𐌾𐌰𐌹, 𐍆𐌰𐌹𐍂𐌹𐌽𐍉𐌽𐌳𐌰𐌽𐍃, 𐌿𐌽𐌲𐌰𐌷𐌰𐌱𐌰𐌽𐌳𐌰𐌽𐍃 𐍃𐌹𐌺, 𐌿𐌽𐌼𐌰𐌽𐌰𐍂𐌹𐌲𐍅𐌰𐌹, 𐌿𐌽𐍃𐌴𐌻𐌾𐌰𐌹, 𐌿𐌽𐌷𐌿𐌽𐍃𐌻𐌰𐌲𐌰𐌹, 𐌿𐌽𐌼𐌹𐌻𐌳𐌾𐌰𐌹, 𐍆𐌰𐌹𐍂𐌹𐌽𐍉𐌽𐌳𐌰𐌽𐍃, 𐌿𐌽𐌲𐌰𐌷𐌰𐌱𐌰𐌽𐌳𐌰𐌽𐍃 𐍃𐌹𐌺, 𐌿𐌽𐌼𐌰𐌽𐌰𐍂𐌹𐌲𐌲𐍅𐌰𐌹, 𐌿𐌽𐍃𐌴𐌻𐌾𐌰𐌹,"
II Timothy,3,4,"𐍆𐍂𐌰𐌻𐌴𐍅𐌾𐌰𐌽𐌳𐌰𐌽𐍃, 𐌿𐌽𐍄𐌹𐌻𐌰𐌼𐌰𐌻𐍃𐌺𐌰𐌹, 𐌿𐍆𐌱𐌰𐌿𐌻𐌹𐌳𐌰𐌹, 𐍆𐍂𐌹𐌾𐍉𐌽𐌳𐌰𐌽𐍃 𐍅𐌹𐌻𐌾𐌰𐌽 𐍃𐌴𐌹𐌽𐌰𐌽𐌰 𐌼𐌰𐌹𐍃 𐌸𐌰𐌿 𐌲𐌿𐌸, 𐍆𐍂𐌰𐌻𐌴𐍅𐌾𐌰𐌽𐌳𐌰𐌽𐍃, 𐌿𐌽𐍄𐌹𐌻𐌰𐌼𐌰𐌻𐍃𐌺𐌰𐌹, 𐌿𐍆𐌱𐌰𐌿𐌻𐌹𐌳𐌰𐌹, 𐍆𐍂𐌹𐌾𐍉𐌽𐌳𐌰𐌽𐍃 𐍅𐌹𐌻𐌾𐌰𐌽 𐍃𐌴𐌹𐌽𐌰𐌽𐌰 𐌼𐌰𐌹𐍃 𐌸𐌰𐌿 𐌲𐌿𐌸,"
II Timothy,3,5,"𐌷𐌰𐌱𐌰𐌽𐌳𐌰𐌽𐍃 𐌷𐌹𐍅𐌹 𐌲𐌰𐌲𐌿𐌳𐌴𐌹𐌽𐍃, 𐌹𐌸 𐌼𐌰𐌷𐍄 𐌹𐌶𐍉𐍃 𐌹𐌽𐍅𐌹𐌳𐌰𐌽𐌳𐌰𐌽𐍃; 𐌾𐌰𐌸~𐌸𐌰𐌽𐍃 𐌰𐍆𐍅𐌰𐌽𐌳𐌴𐌹. 𐌷𐌰𐌱𐌰𐌽𐌳𐌰𐌽𐍃 𐌷𐌹𐍅𐌹 𐌲𐌰𐌲𐌿𐌳𐌴𐌹𐌽𐍃, 𐌹𐌸 𐌼𐌰𐌷𐍄 𐌹𐌶𐍉𐍃 𐌹𐌽𐍅𐌹𐌳𐌰𐌽𐌳𐌰𐌽𐍃; 𐌾𐌰𐌷 𐌸𐌰𐌽𐍃 𐌰𐍆𐍅𐌰𐌽𐌳𐌴𐌹."
II Timothy,3,6,"𐌿𐌽𐍄𐌴 𐌿𐍃 𐌸𐌰𐌹𐌼 𐍃𐌹𐌽𐌳 𐌸𐌰𐌹𐌴𐌹 𐍃𐌻𐌹𐌿𐍀𐌰𐌽𐌳 𐌹𐌽 𐌲𐌰𐍂𐌳𐌹𐌽𐍃 𐌾𐌰𐌷 𐍆𐍂𐌰𐌷𐌿𐌽𐌸𐌰𐌽𐌰 𐍄𐌹𐌿𐌷𐌰𐌽𐌳 𐌵𐌹𐌽𐌴𐌹𐌽𐌰 𐌰𐍆𐌷𐌻𐌰𐌸𐌰𐌽𐌰 𐍆𐍂𐌰𐍅𐌰𐌿𐍂𐌷𐍄𐌹𐌼, 𐌸𐍉𐌴𐌹 𐍄𐌹𐌿𐌷𐌰𐌽𐌳𐌰 𐌳𐌿 𐌻𐌿𐍃[𐌻𐌿𐍃]𐍄𐌿𐌼 𐌼𐌹𐍃𐍃𐌰𐌻𐌴𐌹𐌺𐌰𐌹𐌼, 𐌿𐌽𐍄𐌴 𐌿𐍃 𐌸𐌰𐌹𐌼 𐍃𐌹𐌽𐌳 𐌸𐌰𐌹𐌴𐌹 𐍃𐌻𐌹𐌿𐍀𐌰𐌽𐌳 𐌹𐌽 𐌲𐌰𐍂𐌳𐌹𐌽𐍃 𐌾𐌰𐌷 𐍆𐍂𐌰𐌷𐌿𐌽𐌸𐌰𐌽𐌰 𐍄𐌹𐌿𐌷𐌰𐌽𐌳 𐌵𐌹𐌽𐌴𐌹𐌽𐌰 𐌰𐍆𐌷𐌻𐌰𐌸𐌰𐌽𐌰 𐍆𐍂𐌰𐍅𐌰𐌿𐍂𐌷𐍄𐌹𐌼, 𐌸𐍉𐌴(𐌹) 𐍄𐌹𐌿𐌷𐌰𐌽𐌳𐌰 𐌻𐌿𐍃𐍄𐌿𐌼 𐌼𐌹𐍃𐍃𐌰𐌻𐌴𐌹𐌺𐌰𐌹𐌼,"
II Timothy,3,7,𐍃𐌹𐌽𐍄𐌴𐌹𐌽𐍉 𐌻𐌰𐌹𐍃𐌾𐌰𐌽𐌳𐍉𐌽𐌰 𐍃𐌹𐌺 𐌾𐌰𐌽~𐌽𐌹 𐌰𐌹𐍅 𐍈𐌰𐌽𐌷𐌿𐌽 𐌹𐌽 𐌿𐍆𐌺𐌿𐌽𐌸𐌾𐌰 𐍃𐌿𐌽𐌾𐍉𐍃 𐌵𐌹𐌼𐌰𐌽 𐌼𐌰𐌷𐍄𐌴𐌹𐌲𐌰. 𐍃𐌹𐌽𐍄𐌴𐌹𐌽𐍉 𐌻𐌰𐌹𐍃𐌾𐌰𐌽𐌳𐍉𐌽𐌰 𐍃𐌹𐌺 𐌽𐌹 𐌰𐌹𐍅 𐍈𐌰𐌽𐌷𐌿𐌽 𐌹𐌽 𐌿𐍆𐌺𐌿𐌽𐌸𐌾𐌰 𐍃𐌿𐌽𐌾𐍉𐍃 𐌵𐌹𐌼𐌰𐌽 𐌼𐌰𐌷𐍄𐌴𐌹𐌲𐌰.
II Timothy,3,8,"𐌰𐌸𐌸𐌰𐌽 𐌸𐌰𐌼𐌼𐌰 𐌷𐌰𐌹𐌳𐌰𐌿 𐌴𐌹 𐌾𐌰𐌽𐌽𐌴𐍃 𐌾𐌰𐌷 𐌼𐌰𐌼𐍂𐌴𐍃 𐌰𐌽𐌳𐍃𐍄𐍉𐌸𐌿𐌽 𐌼𐍉𐍃𐌴𐌶𐌰, 𐍃𐍅𐌰 𐌾𐌰𐌷 𐌸𐌰𐌹 𐌰𐌽𐌳𐍃𐍄𐌰𐌽𐌳𐌰𐌽𐌳 𐍃𐌿𐌽𐌾𐌰𐌹, 𐌼𐌰𐌽𐌽𐌰𐌽𐍃 𐍆𐍂𐌰𐍅𐌰𐌿𐍂𐌸𐌰𐌽𐌰𐌹 𐌰𐌷𐌹𐌽, 𐌿𐍃𐌺𐌿𐍃𐌰𐌽𐌰𐌹 𐌱𐌹 𐌲𐌰𐌻𐌰𐌿𐌱𐌴𐌹𐌽; 𐌰𐌸𐌸𐌰𐌽 𐌸𐌰𐌼𐌼𐌰 𐌷𐌰𐌹𐌳𐌰𐌿 𐌴𐌹 𐌾𐌰𐌽𐌽𐌹𐍃 𐌾𐌰𐌷 𐌼𐌰𐌼𐌱𐍂𐌴𐍃 𐌰𐌽𐌳𐍃𐍄𐍉𐌸𐌿𐌽 𐌼𐍉𐍃𐌴𐌶𐌰, 𐍃𐍅𐌰 𐌾𐌰𐌷 𐌸𐌰𐌹 𐌰𐌽𐌳𐍃𐍄𐌰𐌽𐌳𐌰𐌽𐌳 𐍃𐌿𐌽𐌾𐌰𐌹, 𐌼𐌰𐌽𐌽𐌰𐌽𐍃 𐍆𐍂𐌰𐍅𐌰𐌿𐍂𐌸𐌰𐌽𐌰𐌹 𐌰𐌷𐌹𐌽, 𐌿𐍃𐌺𐌿𐍃𐌰𐌽𐌰𐌹 𐌱𐌹 𐌲𐌰𐌻𐌰𐌿𐌱𐌴𐌹𐌽;"
II Timothy,3,9,"𐌰𐌺𐌴𐌹 𐌽𐌹 𐌸𐌴𐌹𐌷𐌰𐌽𐌳 𐌳𐌿 𐍆𐌹𐌻𐌿𐍃𐌽𐌰𐌹, 𐌿𐌽𐍄𐌴 𐌿𐌽𐍅𐌹𐍄𐌹 𐌹𐌶𐌴 𐍃𐍅𐌹𐌺𐌿𐌽𐌸 𐍅𐌰𐌹𐍂𐌸𐌹𐌸 𐌰𐌻𐌻𐌰𐌹𐌼, 𐍃𐍅𐌰𐍃𐍅𐌴 𐌾𐌰𐌷 𐌾𐌰𐌹𐌽𐌰𐌹𐌶𐌴 𐍅𐌰𐍃. 𐌰𐌺𐌴𐌹 𐌽𐌹 𐌸𐌴𐌹𐌷𐌰𐌽𐌳 𐌳𐌿 𐍆𐌹𐌻𐌿𐍃𐌽𐌰𐌹, 𐌿𐌽𐍄𐌴 𐌿𐌽𐍅𐌹𐍄𐌹 𐌹𐌶𐌴 𐍃𐍅𐌹𐌺𐌿𐌽𐌸 𐍅𐌰𐌹𐍂𐌸𐌹𐌸 𐌰𐌻𐌻𐌰𐌹𐌼, 𐍃𐍅𐌰𐍃𐍅𐌴 𐌾𐌰𐌹𐌽𐌰𐌹𐌶𐌴 𐍅𐌰𐍃."
II Timothy,3,10,"𐌹𐌸 𐌸𐌿 𐌲𐌰𐌻𐌰𐌹𐍃𐍄𐌰 𐌹𐍃 𐌻𐌰𐌹𐍃𐌴𐌹𐌽𐌰𐌹 𐌼𐌴𐌹𐌽𐌰𐌹, 𐌿𐍃𐌼𐌴𐍄𐌰, 𐌼𐌿𐌽𐌰, [𐍃𐌹𐌳𐌰𐌿,] 𐌲𐌰𐌻𐌰𐌿𐌱𐌴𐌹𐌽𐌰𐌹, 𐌿𐍃𐌱𐌴𐌹𐍃𐌽𐌰𐌹, 𐍆𐍂𐌹𐌾𐌰𐌸𐍅𐌰𐌹, 𐌸𐌿𐌻𐌰𐌹𐌽𐌰𐌹, 𐌹𐌸 𐌸𐌿 𐌲𐌰𐌻𐌰𐌹𐍃𐍄𐌰 𐌹𐍃 𐌻𐌰𐌹𐍃𐌴𐌹𐌽𐌰𐌹 𐌼𐌴𐌹𐌽𐌰𐌹, 𐌿𐍃𐌼𐌴𐍄𐌰, 𐌼𐌿𐌽𐌰, [𐍃𐌹𐌳𐌰𐌿,] 𐌲𐌰𐌻𐌰𐌿𐌱𐌴𐌹𐌽𐌰𐌹, 𐌿𐍃𐌱𐌴𐌹𐍃𐌽𐌰𐌹, 𐍆𐍂𐌹𐌰𐌸𐍅𐌰𐌹, 𐌸𐌿𐌻𐌰𐌹𐌽𐌰𐌹,"
II Timothy,3,11,"𐍅𐍂𐌰𐌺𐌾𐍉𐌼, 𐍅𐌿𐌽𐌽𐌹𐌼, 𐍈𐌹𐌻𐌴𐌹𐌺𐌰 𐌼𐌹𐍃 𐍅𐌰𐌿𐍂𐌸𐌿𐌽 𐌹𐌽 𐌰𐌽𐍄𐌹𐌰𐌿𐌺𐌹𐌰𐌹, 𐌹𐌽 𐌴𐌹𐌺𐌰𐌿𐌽𐌹𐍉𐌽, 𐌹𐌽 𐌻𐍅𐍃𐍄𐍂𐍅𐍃, 𐍈𐌹𐌻𐌴𐌹𐌺𐍉𐍃 𐍅𐍂𐌰𐌺𐌾𐍉𐍃 𐌿𐍃𐌸𐌿𐌻𐌹𐌳𐌰, 𐌾𐌰𐌷 𐌿𐍃 𐌰𐌻𐌻𐌰𐌹𐌼 𐌼𐌹𐌺 𐌲𐌰𐌻𐌰𐌿𐍃𐌹𐌳𐌰 𐍆𐍂𐌰𐌿𐌾𐌰. 𐍅𐍂𐌰𐌺𐌾𐍉𐌼, 𐍅𐌿𐌽𐌽𐌹𐌼, 𐍈𐌹𐌻𐌴𐌹𐌺𐌰 𐌼𐌹𐍃 𐍅𐌰𐌿𐍂𐌸𐌿𐌽 𐌹𐌽 𐌰𐌽𐍄𐌹𐌰𐌿𐌺𐌹𐌰𐌹, 𐌹𐌽 𐌴𐌹𐌺𐌰𐌿𐌽𐌹𐍉𐌽, 𐌹𐌽 𐌻𐍅𐍃𐍄𐍂𐍅𐍃, 𐍈𐌹𐌻𐌴𐌹𐌺𐍉𐍃 𐍅𐍂𐌰𐌺𐍉𐍃 𐌿𐍃𐌸𐌿𐌻𐌰𐌹𐌳𐌰, 𐌾𐌰𐌷 𐌿𐍃 𐌰𐌻𐌻𐌰𐌹𐌼 𐌼𐌹𐌺 𐌲𐌰𐌻𐌰𐌿𐍃𐌹𐌳𐌰 𐍆𐍂𐌰𐌿𐌾𐌰."
II Timothy,3,12,"𐌾𐌰𐌷 𐌸𐌰𐌽 𐌰𐌻𐌻𐌰𐌹 𐌸𐌰𐌹𐌴𐌹 𐍅𐌹𐌻𐌴𐌹𐌽𐌰 𐌲𐌰𐌲𐌿𐌳𐌰𐌱𐌰 𐌻𐌹𐌱𐌰𐌽 𐌹𐌽 𐍇𐍂𐌹𐍃𐍄𐌰𐌿 𐌹𐌴𐍃𐌿, 𐍅𐍂𐌰𐌺𐍉𐍃 𐍅𐌹𐌽𐌽𐌰𐌽𐌳. 𐌾𐌰𐌷 𐌸𐌰𐌽 𐌰𐌻𐌻𐌰𐌹 𐌸𐌰𐌹𐌴𐌹 𐍅𐌹𐌻𐌴𐌹𐌽𐌰 𐌲𐌰𐌲𐌿𐌳𐌰𐌱𐌰 𐌻𐌹𐌱𐌰𐌽 𐌹𐌽 𐍇𐍂𐌹𐍃𐍄𐌰𐌿 𐌹𐌴𐍃𐌿, 𐍅𐍂𐌰𐌺𐍉𐍃 𐍅𐌹𐌽𐌽𐌰𐌽𐌳."
II Timothy,3,13,"𐌹𐌸 𐌿𐌱𐌹𐌻𐌰𐌹 𐌼𐌰𐌽𐌽𐌰𐌽𐍃 𐌾𐌰𐌷 𐌻𐌹𐌿𐍄𐌰𐌹 𐌸𐌴𐌹𐌷𐌰𐌽𐌳 𐌳𐌿 𐍅𐌰𐌹𐍂𐍃𐌹𐌶𐌹𐌽, 𐌰𐌹𐍂𐌶𐌾𐌰𐌹 𐌾𐌰𐌷 𐌰𐌹𐍂𐌶𐌾𐌰𐌽𐌳𐌰𐌽𐍃. 𐌹𐌸 𐌿𐌱𐌹𐌻𐌰𐌹 𐌼𐌰𐌽𐍃 𐌾𐌰𐌷 𐌻𐌹𐌿𐍄𐌰𐌹 𐌸𐌴𐌹𐌷𐌰𐌽𐌳 𐌳𐌿 𐍅𐌰𐌹𐍂𐍃𐌹𐌶𐌹𐌽, 𐌰𐌹𐍂𐌶𐌾𐌰𐌹 𐌾𐌰𐌷 𐌰𐌹𐍂𐌶𐌾𐌰𐌽𐌳𐌰𐌽𐍃."
II Timothy,3,14,"𐌹𐌸 𐌸𐌿 𐍆𐍂𐌰𐌼𐍅𐌰𐌹𐍂𐌸𐌹𐍃 𐍅𐌹𐍃𐌰𐌹𐍃 𐌹𐌽 𐌸𐌰𐌹𐌼𐌴𐌹 𐌲𐌰𐌻𐌰𐌹𐍃𐌹𐌳𐌴𐍃 𐌸𐌿𐌺 𐌾𐌰𐌷 𐌲𐌰𐍄𐍂𐌰𐌿𐌰𐌹𐌳𐌰 𐍃𐌹𐌽𐌳 𐌸𐌿𐍃, 𐍅𐌹𐍄𐌰𐌽𐌳(𐍃) 𐌰𐍄 𐍈𐌰𐌼𐌼𐌰 𐌲𐌰𐌽𐌰𐌼𐍄, 𐌹𐌸 𐌸𐌿 𐍆𐍂𐌰𐌼𐍅𐌰𐌹𐍂𐌸𐌹𐍃 𐍅𐌹𐍃𐌰𐌹𐍃 𐌹𐌽 𐌸𐌰𐌹𐌼𐌴𐌹 𐌲𐌰𐌻𐌰𐌹𐍃𐌹𐌳𐌴𐍃 𐌸𐌿𐌺 𐌾𐌰𐌷 𐌲𐌰𐍄𐍂𐌰𐌿𐌰𐌹𐌳𐌰 𐍃𐌹𐌽𐌳 𐌸𐌿𐍃, 𐍅𐌹𐍄𐌰𐌽𐌳𐍃 𐌰𐍄 𐍈𐌰𐌼𐌼𐌰 𐌲𐌰𐌽𐌰𐌼𐍄,"
II Timothy,3,15,"𐌾𐌰𐌷 𐌸𐌰𐍄𐌴𐌹 𐌿𐍃 𐌱𐌰𐍂𐌽𐌹𐍃𐌺𐌾𐌰 𐍅𐌴𐌹𐌷𐍉𐍃 𐌱𐍉𐌺𐍉𐍃 𐌺𐌿𐌽𐌸𐌴𐍃, 𐌸𐍉𐍃 𐌼𐌰𐌷𐍄𐌴𐌹𐌲𐍉𐌽𐍃 𐌸𐌿𐌺 𐌿𐍃𐍆𐍂𐌰𐍄𐍅𐌾𐌰𐌽 𐌳𐌿 𐌲𐌰𐌽𐌹𐍃𐍄𐌰𐌹 𐌸𐌰𐌹𐍂𐌷 𐌲𐌰𐌻𐌰𐌿𐌱𐌴𐌹𐌽 𐌸𐍉 𐌹𐌽 𐍇𐍂𐌹𐍃𐍄𐌰𐌿 𐌹𐌴𐍃𐌿. 𐌾𐌰𐌷 𐌸𐌰𐍄𐌴𐌹 𐌿𐍃 𐌱𐌰𐍂𐌽𐌹𐍃𐌺𐌾𐌰 𐍅𐌴𐌹𐌷𐍉𐍃 𐌱𐍉𐌺𐍉𐍃 𐌺𐌿𐌽𐌸𐌴𐍃, 𐌸𐍉𐍃 𐌼𐌰𐌷𐍄𐌴𐌹𐌲𐍉𐌽𐍃 𐌸𐌿𐌺 𐌿𐍃𐍆𐍂𐌰𐍄𐍅𐌾𐌰𐌽 𐌳𐌿 𐌲𐌰𐌽𐌹𐍃𐍄𐌰𐌹 𐌸𐌰𐌹𐍂𐌷 𐌲𐌰𐌻𐌰𐌿𐌱𐌴𐌹𐌽 𐌸𐍉 𐌹𐌽 𐍇𐍂𐌹𐍃𐍄𐌰𐌿 𐌹𐌴𐍃𐌿."
II Timothy,3,16,"𐌰𐌻𐌻[𐌻] 𐌱𐍉𐌺𐍉 𐌲𐌿𐌳𐌹𐍃𐌺𐌰𐌹𐌶𐍉𐍃 𐌰𐌷𐌼𐌰𐍄𐌴𐌹𐌽𐌰𐌹𐍃 𐌾𐌰𐌷 𐌸𐌰𐌿𐍂𐍆𐍄𐍉𐍃 𐌳𐌿 𐌻𐌰𐌹𐍃𐌴𐌹𐌽𐌰𐌹, 𐌳𐌿 𐌲𐌰𐍃𐌰𐌷𐍄𐌰𐌹, 𐌳𐌿 𐌲𐌰𐍂𐌰𐌹𐌷𐍄𐌴𐌹𐌽𐌰𐌹, 𐌳𐌿 𐍄𐌰𐌻𐌶𐌴𐌹𐌽𐌰𐌹 𐌹𐌽 𐌲𐌰𐍂𐌰𐌹𐌷𐍄𐌴𐌹𐌽, 𐌰𐌻𐌻 𐌱𐍉𐌺𐍉 𐌲𐌿𐌳𐌹𐍃𐌺𐌰𐌹𐌶𐍉 𐌰𐌷𐌼𐌰𐍄𐌴𐌹𐌽𐌰𐌹𐍃 𐌾𐌰𐌷 𐌸𐌰𐌿𐍂𐍆𐍄𐍉𐍃 𐌳𐌿 𐌻𐌰𐌹𐍃𐌴𐌹𐌽𐌰𐌹, 𐌳𐌿 𐌲𐌰𐍃𐌰𐌷𐍄𐌰𐌹, 𐌳𐌿 𐌲𐌰𐍂𐌰𐌹𐌷𐍄𐌴𐌹𐌽𐌰𐌹, 𐌳𐌿 𐍄𐌰𐌻𐌶𐌴𐌹𐌽𐌰𐌹 𐌹𐌽 𐌲𐌰𐍂𐌰𐌹𐌷𐍄𐌴𐌹𐌽,"
II Timothy,3,17,"𐌴𐌹 𐌿𐍃𐍄𐌰𐌿𐌷𐌰𐌽𐍃 𐍃𐌹𐌾𐌰𐌹 𐌼𐌰𐌽𐌽𐌰 𐌲𐌿𐌳𐌹𐍃, 𐌳𐌿 𐌰𐌻𐌻𐌰𐌼𐌼𐌰 𐍅𐌰𐌿𐍂𐍃𐍄𐍅𐌴 𐌲𐍉𐌳𐌰𐌹𐌶𐌴 𐌲𐌰𐌼𐌰𐌽𐍅𐌹𐌸𐍃. 𐌴𐌹 𐌿𐍃𐍄𐌰𐌿𐌷𐌰𐌽𐍃 𐍃𐌹𐌾𐌰𐌹 𐌼𐌰𐌽𐌽𐌰 𐌲𐌿𐌳𐌹𐍃, 𐌳𐌿 𐌰𐌻𐌻𐌰𐌼𐌼𐌰 𐍅𐌰𐌿𐍂𐍃𐍄𐍅𐌴 𐌲𐍉𐌳𐌰𐌹𐌶𐌴 𐌲𐌰𐌼𐌰𐌽𐍅𐌹𐌸𐍃."
II Timothy,4,1,"𐍅𐌴𐌹𐍄𐍅𐍉𐌳𐌾𐌰 𐌹𐌽 𐌰𐌽𐌳𐍅𐌰𐌹𐍂𐌸𐌾𐌰 𐌲𐌿𐌳𐌹𐍃 𐌾𐌰𐌷 𐍆𐍂𐌰𐌿𐌾𐌹𐌽𐍃 𐍇𐍂𐌹𐍃𐍄𐌰𐌿𐍃 𐌹𐌴𐍃𐌿𐌹𐍃, 𐍃𐌰𐌴𐌹 𐍃𐌺𐌰𐌻 𐍃𐍄𐍉𐌾𐌰𐌽 𐌵𐌹𐍅𐌰𐌽𐍃 𐌾𐌰𐌷 𐌳𐌰𐌿𐌸𐌰𐌽𐍃 𐌱𐌹 𐌵𐌿𐌼 𐌹𐍃 𐌸𐌹𐌿𐌳𐌹𐌽𐌰𐍃𐍃𐌿 𐌹𐍃: 𐍅𐌴𐌹𐍄𐍅𐍉𐌳𐌾𐌰 𐌹𐌽 𐌰𐌽𐌳𐍅𐌰𐌹𐍂𐌸𐌾𐌰 𐌲𐌿𐌳𐌹𐍃 𐌾𐌰𐌷 𐍆𐍂𐌰𐌿𐌾𐌹𐌽𐍃 𐍇𐍂𐌹𐍃𐍄𐌰𐌿𐍃 𐌹𐌴𐍃𐌿𐌹𐍃, 𐍃𐌰𐌴𐌹 𐍃𐌺𐌰𐌻 𐍃𐍄𐍉𐌾𐌰𐌽 𐌵𐌹𐍅𐌰𐌽𐍃 𐌾𐌰𐌷 𐌳𐌰𐌿𐌸𐌰𐌽𐍃 𐌱𐌹 𐌵𐌿𐌼 𐌹𐍃 𐌸𐌹𐌿𐌳𐌹𐌽𐌰𐍃𐍃𐌿 𐌹𐍃:"
II Timothy,4,2,"𐌼𐌴𐍂𐌴𐌹 𐍅𐌰𐌿𐍂𐌳, 𐌹𐌽𐍃𐍄𐌰𐌽𐌳 𐌿𐌷𐍄𐌴𐌹𐌲𐍉 𐌿𐌽𐌿𐌷𐍄𐌴𐌹𐌲𐍉, 𐌲𐌰𐍃𐌰𐌺, 𐌲𐌰𐌸𐌻𐌰𐌹𐌷, 𐌲𐌰𐍈𐍉𐍄𐌴𐌹 𐌹𐌽 𐌰𐌻𐌻𐌰𐌹 𐌿𐍃𐌱𐌴𐌹𐍃𐌽𐌰𐌹 𐌾𐌰𐌷 𐌻𐌰𐌹𐍃𐌴𐌹𐌽𐌰𐌹. 𐌼𐌴𐍂𐌴𐌹 𐍅𐌰𐌿𐍂𐌳, 𐍃𐍄𐌰𐌽𐌳 𐍉𐌷𐍄𐌴𐌹𐌲𐍉 𐌿𐌽𐌿𐌷𐍄𐌴𐌹𐌲𐍉, 𐌲𐌰𐍃𐌰𐌺, 𐌲𐌰𐌸𐌻𐌰𐌹𐌷, 𐌲𐌰𐍈𐍉𐍄𐌴𐌹 𐌹𐌽 𐌰𐌻𐌻𐌰𐌹 𐌿𐍃𐌱𐌴𐌹𐍃𐌽𐌰𐌹 𐌾𐌰𐌷 𐌻𐌰𐌹𐍃𐌴𐌹𐌽𐌰𐌹."
II Timothy,4,3,"𐍅𐌰𐌹𐍂𐌸𐌹𐌸 𐌼𐌴𐌻 𐌸𐌰𐌽 𐌷𐌰𐌹𐌻𐌰 𐌻𐌰𐌹𐍃𐌴𐌹𐌽 𐌽𐌹 𐌿𐍃𐌸𐌿𐌻𐌰𐌽𐌳, 𐌰𐌺 𐌳𐌿 𐍃𐌴𐌹𐌽𐌰𐌹𐌼 𐌻𐌿𐍃𐍄𐌿𐌼 𐌲𐌰𐌳𐍂𐌰𐌲𐌰𐌽𐌳 𐍃𐌹𐍃 𐌻𐌰𐌹𐍃𐌰𐍂𐌾𐌰𐌽𐍃, 𐍃𐌿𐌸𐌾𐌰𐌽𐌳𐌰𐌽𐍃 𐌷𐌰𐌿𐍃𐌴𐌹𐌽; 𐍅𐌰𐌹𐍂𐌸𐌹𐌸 𐌼𐌴𐌻 𐌸𐌰𐌽 𐌷𐌰𐌹𐌻𐌰 𐌻𐌰𐌹𐍃𐌴𐌹𐌽 𐌽𐌹 𐌿𐍃𐌸𐌿𐌻𐌰𐌽𐌳, 𐌰𐌺 𐌳𐌿 𐍃𐌴𐌹𐌽𐌰𐌹𐌼 𐌻𐌿𐍃𐍄𐌿𐌼 𐌳𐍂𐌰𐌲𐌰𐌽𐌳 𐍃𐌹𐍃 𐌻𐌰𐌹𐍃𐌰𐍂𐌾𐌰𐌽𐍃, 𐍃𐌿𐌸𐌾𐍉𐌽𐌳𐌰𐌽𐍃 𐌷𐌰𐌿𐍃𐌴𐌹𐌽;"
II Timothy,4,4,"𐌰𐌸𐌸𐌰𐌽 𐌰𐍆 𐍃𐌿𐌽𐌾𐌰𐌹 𐌷𐌰𐌿𐍃𐌴𐌹𐌽 𐌰𐍆𐍅𐌰𐌽𐌳𐌾𐌰𐌽𐌳, 𐌹𐌸 𐌳𐌿 𐍃𐍀𐌹𐌻𐌻𐌰𐌼 𐌲𐌰𐍅𐌰𐌽𐌳𐌾𐌰𐌽𐌳 𐍃𐌹𐌺. 𐌰𐌸𐌸𐌰𐌽 𐌰𐍆 𐍃𐌿𐌽𐌾𐌰𐌹 𐌷𐌰𐌿𐍃𐌴𐌹𐌽 𐌰𐍆𐍅𐌰𐌽𐌳𐌾𐌰𐌽𐌳, 𐌹𐌸 𐌳𐌿 𐍃𐍀𐌹𐌻𐌻𐌰𐌼 𐌲𐌰𐍅𐌰𐌽𐌳𐌾𐌰𐌽𐌳 𐍃𐌹𐌺."
II Timothy,4,5,"𐌹𐌸 𐌸𐌿 𐌰𐌽𐌳𐌰𐌸𐌰𐌷𐍄𐍃 𐍃𐌹𐌾𐌰𐌹𐍃 𐌹𐌽 𐌰𐌻𐌻𐌰𐌹𐌼, 𐌰𐍂𐌱𐌰𐌹𐌳𐌴𐌹, 𐍅𐌰𐌿𐍂𐍃𐍄𐍅 𐍅𐌰𐌿𐍂𐌺𐌴𐌹 𐌰𐌹𐍅𐌰𐌲𐌲𐌴𐌻𐌹𐍃𐍄𐌹𐌽𐍃, 𐌰𐌽𐌳𐌱𐌰𐌷𐍄𐌹 𐌸𐌴𐌹𐌽 𐌿𐍃𐍆𐌿𐌻𐌻𐌴𐌹. 𐌹𐌸 𐌸𐌿 𐌰𐌽𐌳𐌰𐌸𐌰𐌷𐍄𐍃 𐍃𐌹𐌾𐌰𐌹𐍃 𐌹𐌽 𐌰𐌻𐌻𐌰𐌹𐌼, 𐌰𐍂𐌱𐌰𐌹𐌳𐌴𐌹, 𐍅𐌰𐌿𐍂𐍃𐍄𐍅 𐍅𐌰𐌿𐍂𐌺𐌴𐌹 𐌰𐌹𐍅𐌰𐌲𐌲𐌴𐌻𐌹𐍃𐍄𐌹𐌽𐍃, 𐌰𐌽𐌳𐌱𐌰𐌷𐍄𐌹 𐌸𐌴𐌹𐌽 𐌿𐍃𐍆𐌿𐌻𐌻𐌴𐌹."
II Timothy,4,6,𐌰𐌸𐌸𐌰𐌽 𐌹𐌺 𐌾𐌿 𐌷𐌿𐌽𐍃𐌻𐌾𐌰𐌳𐌰 𐌾𐌰𐌷 𐌼𐌴𐌻 𐌼𐌴𐌹𐌽𐌰𐌹𐌶𐍉𐍃 𐌳𐌹𐍃𐍅𐌹𐍃𐍃𐌰𐌹𐍃 𐌰𐍄𐌹𐍃𐍄. 𐌰𐌸𐌸𐌰𐌽 𐌹𐌺 𐌾𐌿 𐌷𐌿𐌽𐍃𐌻𐌾𐌰𐌳𐌰 𐌾𐌰𐌷 𐌼𐌴𐌻 𐌼𐌴𐌹𐌽𐌰𐌹𐌶𐍉𐍃 𐌳𐌹𐍃𐍅𐌹𐍃𐍃𐌰𐌹𐍃 𐌰𐍄𐌹𐍃𐍄.
II Timothy,4,7,"𐌷𐌰𐌹𐍆𐍃𐍄 𐌸𐍉 𐌲𐍉𐌳𐍉𐌽 𐌷𐌰𐌹𐍆𐍃𐍄𐌹𐌳𐌰, 𐍂𐌿𐌽 𐌿𐍃𐍄𐌰𐌿𐌷, 𐌲𐌰𐌻𐌰𐌿𐌱𐌴𐌹𐌽 𐌲𐌰𐍆𐌰𐍃𐍄𐌰𐌹𐌳𐌰; 𐌷𐌰𐌹𐍆𐍃𐍄 𐌸𐍉 𐌲𐍉𐌳𐍉𐌽 𐌷𐌰𐌹𐍆𐍃𐍄𐌹𐌳𐌰, 𐍂𐌿𐌽 𐌿𐍃𐍄𐌰𐌿𐌷, 𐌲𐌰𐌻𐌰𐌿𐌱𐌴𐌹𐌽 𐌲𐌰𐍆𐌰𐍃𐍄𐌰𐌹𐌳𐌰;"
II Timothy,4,8,"𐌸𐌰𐌸𐍂𐍉𐌷 𐌲𐌰𐌻𐌰𐌲𐌹𐌸𐍃 𐌹𐍃𐍄 𐌼𐌹𐍃 𐍅𐌰𐌹𐍀𐍃 𐌲𐌰𐍂𐌰𐌹𐌷𐍄𐌴𐌹𐌽𐍃, 𐌸𐌰𐌽𐌴𐌹 𐌿𐍃𐌲𐌹𐌱𐌹𐌸 𐌼𐌹𐍃 𐍆𐍂𐌰𐌿𐌾𐌰 𐌹𐌽 𐌾𐌰𐌹𐌽𐌰𐌼𐌼𐌰 𐌳𐌰𐌲𐌰, 𐍃𐌰 𐌲𐌰𐍂𐌰𐌹𐌷𐍄𐌰 𐍃𐍄𐌰𐌿𐌰; 𐌰𐌸𐌸𐌰𐌽 𐌽𐌹 𐌸𐌰𐍄𐌰𐌹𐌽𐌴𐌹 𐌼𐌹𐍃, 𐌰𐌺 𐌾𐌰𐌷 𐌰𐌻𐌻𐌰𐌹𐌼 𐌸𐌰𐌹𐌴𐌹 𐍆𐍂𐌹𐌾𐍉𐌽𐌳 𐌵𐌿𐌼 𐌹𐍃. 𐌸𐌰𐌸𐍂𐍉 𐌸𐌰𐌽 𐌲𐌰𐌻𐌰𐌲𐌹𐌸𐍃 𐌹𐍃𐍄 𐌼𐌹𐍃 𐍅𐌰𐌹𐍀𐍃 𐌲𐌰𐍂𐌰𐌹𐌷𐍄𐌴𐌹𐌽𐍃, 𐌸𐌰𐌽𐌴𐌹 𐌿𐍃𐌲𐌹𐌱𐌹𐌸 𐌼𐌹𐍃 𐍆𐍂𐌰𐌿𐌾𐌰 𐌹𐌽 𐌾𐌰𐌹𐌽𐌰𐌼𐌼𐌰 𐌳𐌰𐌲𐌰, 𐍃𐌰 𐍂𐌰𐌹𐌷𐍄𐌰 𐍃𐍄𐌰𐌿𐌰; 𐌰𐌸𐌸𐌰𐌽 𐌽𐌹 𐌸𐌰𐍄𐌰𐌹𐌽𐌴𐌹 𐌼𐌹𐍃, 𐌰𐌺 𐌾𐌰𐌷 𐌰𐌻𐌻𐌰𐌹𐌼 𐌸𐌰𐌹𐌴𐌹 𐍆𐍂𐌹𐌾𐍉𐌽𐌳 𐌵𐌿𐌼 𐌹𐍃."
II Timothy,4,9,𐍃𐌽𐌹𐌿𐌼𐌴𐌹 𐌵𐌹𐌼𐌰𐌽 𐌰𐍄 𐌼𐌹𐍃 𐍃𐍀𐍂𐌰𐌿𐍄𐍉; 𐍃𐌽𐌹𐌿𐌼𐌴𐌹 𐌵𐌹𐌼𐌰𐌽 𐌰𐍄 𐌼𐌹𐍃 𐍃𐍀𐍂𐌰𐌿𐍄𐍉;
II Timothy,4,10,"𐌿𐌽𐍄𐌴 𐌳𐌴𐌼𐌰𐍃 𐌼𐌹𐍃 𐌱𐌹𐌻𐌰𐌹𐌸, 𐍆𐍂𐌹𐌾𐍉𐌽𐌳𐍃 𐌸𐍉 𐌽𐌿 𐌰𐌻𐌳, 𐌾𐌰𐌲~𐌲𐌰𐌻𐌰𐌹𐌸 𐌳𐌿 Þ𐌰𐌹𐍃𐍃𐌰𐌻𐌰𐌿𐌽𐌴𐌹𐌺𐌰𐌹, 𐍇𐍂𐌴𐍃𐌺𐌿𐍃 𐌳𐌿 𐌲𐌰𐌻𐌰𐍄𐌹𐌰𐌹, 𐍄𐌴𐌹𐍄𐌿𐍃 𐌳𐌿 𐌳𐌰𐌻𐌼𐌰𐍄𐌹𐌰𐌹. 𐌿𐌽𐍄𐌴 𐌳𐌴𐌼𐌰𐍃 𐌼𐌹𐍃 𐌱𐌹𐌻𐌰𐌹𐌸, 𐍆𐍂𐌹𐌾𐍉𐌽𐌳𐍃 𐌸𐍉 𐌽𐌿 𐌰𐌻𐌳, 𐌾𐌰𐌷 𐌲𐌰𐌻𐌰𐌹𐌸 𐌳𐌿 Þ𐌰𐌹𐍃𐍃𐌰𐌻𐌰𐌿𐌽𐌴𐌹𐌺𐌰𐌹, 𐌺𐍂𐌹𐍃𐍀𐌿𐍃 𐌳𐌿 𐌲𐌰𐌻𐌰𐍄𐌹𐌰𐌹,"
II Timothy,4,11,"𐌻𐌿𐌺𐌰𐍃 𐌹𐍃𐍄 𐌼𐌹𐌸 𐌼𐌹𐍃 𐌰𐌹𐌽𐍃. 𐌼𐌰𐍂𐌺𐌿 𐌰𐌽𐌳𐌽𐌹𐌼𐌰𐌽𐌳𐍃 𐌱𐍂𐌹𐌲𐌲 𐌼𐌹𐌸 𐌸𐌿𐍃 𐍃𐌹𐌻𐌱𐌹𐌽, 𐌿𐌽𐍄𐌴 𐌹𐍃𐍄 𐌼𐌹𐍃 𐌱𐍂𐌿𐌺𐍃 𐌳𐌿 𐌰𐌽𐌳𐌱𐌰𐌷𐍄𐌾𐌰. 𐌻𐌿𐌺𐌰𐍃 𐌹𐍃𐍄 𐌼𐌹𐌸 𐌼𐌹𐍃 𐌰𐌹𐌽𐍃. 𐌼𐌰𐍂𐌺𐌿 𐌰𐌽𐌳𐌽𐌹𐌼𐌰𐌽𐌳𐍃 𐌱𐍂𐌹𐌲𐌲 𐌼𐌹𐌸 𐌸𐌿𐍃 𐍃𐌹𐌻𐌱𐌹𐌽, 𐌿𐌽𐍄𐌴 𐌹𐍃𐍄 𐌼𐌹𐍃 𐌱𐍂𐌿𐌺𐍃 𐌳𐌿 𐌰𐌽𐌳(𐌱𐌰𐌷𐍄𐌾𐌰)."
II Timothy,4,12,𐌰𐌸𐌸𐌰𐌽 𐍄𐍅𐌺𐌴𐌹𐌺𐌿 𐌹𐌽𐍃𐌰𐌽𐌳𐌹𐌳𐌰 𐌹𐌽 𐌰𐌹𐍆𐌰𐌹𐍃𐍉𐌽.
II Timothy,4,13,"𐌷𐌰𐌺𐌿𐌻 𐌸𐌰𐌽𐌴𐌹 𐌱𐌹𐌻𐌰𐌹𐌸 𐌹𐌽 𐍄𐍂𐌰𐌿𐌰𐌳𐌰𐌹 𐌰𐍄 𐌺𐌰𐍂𐍀𐌰𐌿 𐌵𐌹𐌼𐌰𐌽𐌳𐍃 𐌰𐍄𐌱𐌰𐌹𐍂 𐌾𐌰𐌷 𐌱𐍉𐌺𐍉𐍃, 𐌸𐌹𐍃𐌷𐌿𐌽 𐌼𐌰𐌹𐌼𐌱𐍂𐌰𐌽𐌰𐌽𐍃."
II Timothy,4,14,𐌰𐌻𐌰𐌹[𐌰𐌹]𐌺𐍃𐌰𐌽𐌳𐍂𐌿𐍃 𐌰𐌹𐌶𐌰𐍃𐌼𐌹𐌸𐌰 𐌼𐌰𐌽𐌰𐌲𐌰 𐌼𐌹𐍃 𐌿𐌽𐌸𐌹𐌿𐌸𐌰 𐌿𐍃𐍄𐌰𐌹𐌺𐌽𐌹𐌳𐌰; 𐌿𐍃𐌲𐌹𐌻𐌳𐌹𐌸 𐌹𐌼𐌼𐌰 𐍆𐍂𐌰𐌿𐌾𐌰 𐌱𐌹 𐍅𐌰𐌿𐍂𐍃𐍄𐍅𐌰𐌼 𐌹𐍃;
II Timothy,4,15,"𐌸𐌰𐌼𐌼𐌴𐌹 𐌾𐌰𐌷 𐌸𐌿 𐍅𐌹𐍄𐌰𐌹, 𐍆𐌹𐌻𐌿 𐌰𐌿𐌺 𐌰𐌽𐌳𐍃𐍄𐍉𐌸 𐌿𐌽𐍃𐌰𐍂𐌰𐌹𐌼 𐍅𐌰𐌿𐍂𐌳𐌰𐌼."
II Timothy,4,16,"𐌹𐌽 𐍆𐍂𐌿𐌼𐌹𐍃𐍄𐍉𐌽 𐌼𐌴𐌹𐌽𐌰𐌹 𐍃𐌿𐌽𐌾𐍉𐌽𐌰𐌹 𐌽𐌹 𐌼𐌰𐌽𐌽𐌰 𐌼𐌹𐍃 𐌼𐌹𐌸𐍅𐌰𐍃. 𐌰𐌺 𐌰𐌻𐌻𐌰𐌹 𐌼𐌹𐍃 𐌱𐌹𐌻𐌹𐌸𐌿𐌽, 𐌽𐌹 𐍂𐌰𐌷𐌽𐌾𐌰𐌹(𐌳𐌰𐌿 𐌹𐌼)...."
II Timothy,4,17,
II Timothy,4,18,
II Timothy,4,19,
II Timothy,4,20,
II Timothy,4,21,
II Timothy,4,22,
Titus,1,1,"𐍀𐌰𐍅𐌻𐌿𐍃, 𐍃𐌺𐌰𐌻𐌺𐍃 𐌲𐌿𐌳𐌹𐍃, 𐌹𐌸 𐌰𐍀𐌰𐌿𐍃𐍄𐌰𐌿𐌻𐌿𐍃 𐌹𐌴𐍃𐌿𐌹𐍃 𐍇𐍂𐌹𐍃𐍄𐌰𐌿𐍃 𐌱𐌹 𐌲𐌰𐌻𐌰𐌿𐌱𐌴𐌹𐌽𐌰𐌹 𐌲𐌰𐍅𐌰𐌻𐌹𐌳𐌰𐌹𐌶𐌴 𐌲𐌿𐌳𐌹𐍃 𐌾𐌰𐌷 𐌿𐍆𐌺𐌿𐌽𐌸𐌾𐌰 𐍃𐌿𐌽𐌾𐍉𐍃 𐍃𐌴𐌹 𐌱𐌹 𐌲𐌰𐌲𐌿𐌳𐌴𐌹𐌽 𐌹𐍃𐍄,"
Titus,1,2,"𐌳𐌿 𐍅𐌴𐌽𐌰𐌹 𐌻𐌹𐌱𐌰𐌹𐌽𐌰𐌹𐍃 𐌰𐌹𐍅𐌴𐌹𐌽𐍉𐌽𐍃 𐌸𐍉𐌴𐌹 𐌲𐌰𐌷𐌰𐌹𐌷𐌰𐌹𐍄 𐌿𐌽𐌻𐌹𐌿𐌲𐌰𐌽𐌳𐍃 𐌲𐌿𐌸[𐌰] 𐍆𐌰𐌿𐍂 𐌼𐌴𐌻𐌰 𐌰𐌹𐍅𐌴𐌹𐌽𐌰,"
Titus,1,3,"𐌹𐌸 𐌰𐍄𐌰𐌿𐌲𐌹𐌳𐌰 𐌼𐌴𐌻𐌰 𐍃𐍅𐌴𐍃𐌰𐌼𐌼𐌰 𐍅𐌰𐌿𐍂𐌳 𐍃𐌴𐌹𐌽 𐌹𐌽 𐌼𐌴𐍂𐌴𐌹𐌽𐌰𐌹, 𐍃𐌴𐌹 𐌲𐌰𐍄𐍂𐌰𐌿𐌰𐌹𐌳𐌰 𐌹𐍃𐍄 𐌼𐌹𐍃 𐌱𐌹 𐌰𐌽𐌰𐌱𐌿𐍃𐌽𐌰𐌹 𐌽𐌰𐍃𐌾𐌰𐌽𐌳𐌹𐍃 𐌿𐌽𐍃𐌰𐍂𐌹𐍃 𐌲𐌿𐌳𐌹𐍃,"
Titus,1,4,"𐍄𐌴𐌹𐍄𐌰𐌿, 𐍅𐌰𐌻𐌹𐍃𐌹𐌽 𐌱𐌰𐍂𐌽𐌰 𐌱𐌹 𐌲𐌰𐌼𐌰𐌹𐌽𐌾𐌰𐌹 𐌲𐌰𐌻𐌰𐌿𐌱𐌴𐌹𐌽𐌰𐌹, 𐌰𐌽𐍃𐍄𐍃 𐌾𐌰𐌷 𐌲𐌰𐍅𐌰𐌹𐍂𐌸𐌹 𐍆𐍂𐌰𐌼 𐌲𐌿𐌳𐌰 𐌰𐍄𐍄𐌹𐌽 𐌾𐌰𐌷 𐍇𐍂𐌹𐍃𐍄𐌰𐌿 𐌹𐌴𐍃𐌿 𐌽𐌰𐍃𐌾𐌰𐌽𐌳 𐌿𐌽𐍃𐌰𐍂𐌰𐌼𐌼𐌰."
Titus,1,5,"𐌹𐌽 𐌸𐌹𐌶𐍉𐌶𐌴𐌹 𐍅𐌰𐌹𐌷𐍄𐌰𐌹𐍃 𐌱𐌹𐌻𐌰𐌹𐌸 𐌸𐌿𐍃 𐌹𐌽 𐌺𐍂𐌴𐍄𐌰𐌹, 𐌹𐌽 𐌸𐌹𐌶𐌴 𐌴𐌹 𐍅𐌰𐌽𐌰𐍄𐌰 𐌰𐍄𐌲𐌰𐍂𐌰𐌹𐌷𐍄𐌾𐌰𐌹𐍃 𐌾𐌰𐌷 𐌲𐌰𐍃𐌰𐍄𐌾𐌰𐌹𐍃 𐌰𐌽𐌳 𐌱𐌰𐌿𐍂𐌲𐍃 𐍀𐍂𐌰𐌹𐌶𐌱𐍅𐍄𐌰𐌹𐍂𐌴𐌹𐌽, 𐍃𐍅𐌰𐍃𐍅𐌴 𐌹𐌺 𐌸𐌿𐍃 𐌲𐌰𐍂𐌰𐌹𐌳𐌹𐌳𐌰,"
Titus,1,6,"𐌾𐌰𐌱𐌰𐌹 𐍈𐌰𐍃 𐌹𐍃𐍄 𐌿𐌽𐌲𐌰𐍆𐌰𐌹𐍂𐌹𐌽𐍉𐌽𐌳𐍃, 𐌰𐌹𐌽𐌰𐌹𐌶𐍉𐍃 𐌵𐌴𐌽𐌰𐌹𐍃 𐌰𐌱𐌰, 𐌱𐌰𐍂𐌽𐌰 𐌷𐌰𐌱𐌰𐌽𐌳𐍃 𐌲𐌰𐌻𐌰𐌿𐌱𐌴𐌹𐌽𐌰, 𐌽𐌹 𐌹𐌽 𐌿𐍃𐌵𐌹𐍃𐍃𐌰𐌹 𐌿𐍃𐍃𐍄𐌹𐌿𐍂𐌴𐌹𐌽𐍃 𐌰𐌹𐌸𐌸𐌰𐌿 𐌿𐌽𐌲𐌰𐍈𐌰𐌹𐍂𐌱𐌰."
Titus,1,7,"𐍃𐌺𐌰𐌻𐌿𐌸~𐌸𐌰𐌽 𐌰𐌹𐍀𐌹𐍃𐌺𐌰𐌿𐍀𐌿𐍃 𐌿𐌽𐌲𐌰𐍆𐌰𐌹𐍂𐌹𐌽𐍉𐌸𐍃 𐍅𐌹𐍃𐌰𐌽, 𐍃𐍅𐌴 𐌲𐌿𐌳𐌹𐍃 𐍆𐌰𐌿𐍂𐌰𐌲𐌰𐌲𐌲𐌾𐌰, 𐌽𐌹 𐌷𐌰𐌿𐌷𐌷𐌰𐌹𐍂𐍄𐍃, [𐌽𐌹 𐌱𐌹𐌷𐌰𐌹𐍄𐌾𐌰,] 𐌽𐌹 𐌸𐍅𐌰𐌹𐍂𐌷𐍃, 𐌽𐌹 𐍅𐌴𐌹𐌽𐌽𐌰𐍃, 𐌽𐌹 𐍃𐌻𐌰𐌷𐌰𐌻𐍃, 𐌽𐌹 𐌰𐌲𐌻𐌰𐌹𐍄𐌲𐌰𐍃𐍄𐌰𐌻𐌳𐍃;"
Titus,1,8,"𐌰𐌺 𐌲𐌰𐍃𐍄𐌹𐌲𐍉𐌳𐍃, 𐌱𐌻𐌴𐌹𐌸𐍃, 𐌰𐌽𐌳𐌰𐌸𐌰𐌷𐍄𐍃, 𐌲𐌰𐍂𐌰𐌹𐌷𐍄𐍃, 𐍅𐌴𐌹𐌷𐍃, 𐌲𐌰𐌸𐌰𐌿𐍂𐌱𐍃,"
Titus,1,9,".... 𐍅𐌰𐌿𐍂𐌳𐌹𐍃 𐍄𐍂𐌹𐌲𐌲𐍅𐍃, 𐌴𐌹 𐌼𐌰𐌷𐍄𐌴𐌹𐌲𐍃 𐍃𐌹𐌾𐌰𐌹 𐌾𐌰𐌷 𐌲𐌰𐌸𐌻𐌰𐌹𐌷𐌰𐌽 𐌹𐌽 𐌻𐌰𐌹𐍃𐌴𐌹𐌽𐌰𐌹 𐌷𐌰𐌹𐌻𐌰𐌹 𐌾𐌰𐌸~𐌸𐌰𐌽𐍃 𐌰𐌽𐌳𐍃𐍄𐌰𐌽𐌳𐌰𐌽𐌳𐌰𐌽𐍃 𐌲𐌰𐍃𐌰𐌺𐌰𐌽. 𐌰𐌽𐌳𐌰𐌽𐌴𐌼𐌴𐌹𐌲𐍃 𐌱𐌹 𐌻𐌰𐌹𐍃𐌴𐌹𐌽𐌰𐌹 𐍅𐌰𐌿𐍂𐌳𐌹𐍃 𐍄𐍂𐌹𐌲𐌲𐍅𐌹𐍃, 𐌴𐌹 𐌼𐌰𐌷𐍄𐌴𐌹𐌲𐍃 𐍃𐌹𐌾𐌰𐌹 𐌾𐌰𐌷 𐌲𐌰𐌸𐌻𐌰𐌹𐌷𐌰𐌽 𐌹𐌽 𐌻𐌰𐌹𐍃𐌴𐌹𐌽𐌰𐌹 𐌷𐌰𐌹𐌻𐌰𐌹 𐌾𐌰𐌷 𐌸𐌰𐌽𐍃 𐌰𐌽𐌳𐍃𐍄𐌰𐌽𐌳𐌰𐌽𐌳𐌰𐌽𐍃 𐌲𐌰𐍃𐌰𐌺𐌰𐌽."
Titus,1,10,"𐍃𐌹𐌽𐌳 𐌰𐌿𐌺 𐌼𐌰𐌽𐌰𐌲𐌰𐌹 𐌿𐌽𐌲𐌰𐍈𐌰𐌹𐍂𐌱𐌰𐌹, 𐌻𐌰𐌿𐍃𐌰𐌹𐍅𐌰𐌿𐍂𐌳𐌰𐌹, 𐌻𐌿𐍄𐍉𐌽𐌳𐌰𐌽𐍃, 𐌸𐌹𐍃𐌷𐌿𐌽 𐌸𐌰𐌹 𐌿𐍃 𐌱𐌹𐌼𐌰𐌹𐍄𐌰, 𐍃𐌹𐌽𐌳 𐌰𐌿𐌺 𐌼𐌰𐌽𐌰𐌲𐌰𐌹 𐌿𐌽𐌲𐌰𐍈𐌰𐌹𐍂𐌱𐌰𐌹, 𐌻𐌰𐌿𐍃𐌰𐍅𐌰𐌿𐍂𐌳𐌰𐌹, 𐌻𐌿𐍄𐍉𐌽𐌳𐌰𐌽𐍃, 𐌸𐌹𐍃(𐌷𐌿𐌽)...."
Titus,1,11,"𐌸𐌰𐌽𐌶𐌴𐌹 𐍃𐌺𐌰𐌻 𐌲𐌰𐍃𐌰𐌺𐌰𐌽, 𐌸𐌰𐌹𐌴𐌹 𐌲𐌰𐍂𐌳𐌹𐌽𐍃 𐌰𐌻𐌻𐌰𐌽𐍃 𐌿𐍃𐍅𐌰𐌻𐍄𐌾𐌰𐌽𐌳 𐌻𐌰𐌹𐍃𐌾𐌰𐌽𐌳𐌰𐌽𐍃 𐌸𐌰𐍄𐌴𐌹 𐌽𐌹 𐍃𐌺𐌿𐌻𐌳 𐌹𐍃𐍄, 𐌹𐌽 𐍆𐌰𐌹𐌷𐌿𐌲𐌰𐌹𐍂𐌽𐌴𐌹𐌽𐍃."
Titus,1,12,"𐌵𐌰𐌸 𐌰𐌿𐌺 𐍃𐌿𐌼𐍃 𐌹𐌶𐌴, 𐍃𐍅𐌴𐍃 𐌹𐌶𐌴 𐍀𐍂𐌰𐌿𐍆𐌴𐍄𐌿𐍃: 𐌺𐍂𐌴𐍄𐌴𐍃 𐍃𐌹𐌽𐍄𐌴𐌹𐌽𐍉 𐌻𐌹𐌿𐌲𐌽𐌾𐌰𐌽𐍃, 𐌿𐌱𐌹𐌻𐌰 𐌿(𐌽)𐌱𐌹𐌰𐍂𐌾𐌰, 𐍅𐌰𐌼𐌱𐍉𐍃 𐌻𐌰𐍄𐍉𐍃."
Titus,1,13,"𐍃𐍉 𐌹𐍃𐍄 𐍅𐌴𐌹𐍄𐍅𐍉𐌳𐌴𐌹 𐍃𐌿𐌽𐌾𐌴𐌹𐌽𐌰. 𐌹𐌽 𐌸𐌹𐌶𐍉𐌶𐌴𐌹 𐍆𐌰𐌹𐍂𐌹𐌽𐍉𐍃 𐌲𐌰𐍃𐌰𐌺 𐌹𐌽𐍃 (𐍈)𐌰𐍃𐍃𐌰𐌱𐌰, 𐌴𐌹 𐌷𐌰𐌹𐌻𐌰𐌹 𐍃𐌹𐌾𐌰𐌹𐌽𐌰 𐌹𐌽 𐌲𐌰𐌻𐌰𐌿𐌱𐌴𐌹𐌽𐌰𐌹,"
Titus,1,14,𐌽𐌹 𐌰𐍄𐍃𐌰𐌹𐍈𐌰𐌽𐌳𐌰𐌽𐍃 𐌾𐌿𐌳𐌰𐌹𐍅𐌹𐍃𐌺𐌰𐌹𐌶𐌴 𐍃𐍀𐌹𐌻𐌻𐌹 𐌾𐌰𐌷 𐌰𐌽𐌰𐌱𐌿𐍃𐌽𐌴 𐌼𐌰𐌽𐌽𐌴 𐌰𐍆𐍅𐌰𐌽𐌳𐌾𐌰𐌽𐌳𐌰𐌽𐌴 𐍃𐌹𐍃 𐍃𐌿𐌽𐌾𐌰.
Titus,1,15,"𐌰𐌸𐌸𐌰𐌽 𐌰𐌻𐌻 𐌷𐍂𐌰𐌹𐌽 𐌷𐍂𐌰𐌹𐌽𐌾𐌰𐌹𐌼, 𐌹𐌸 𐌱𐌹𐍃𐌰𐌿𐌻𐌹𐌳𐌰𐌹𐌼 𐌾𐌰𐌷 𐌿𐌽𐌲𐌰𐌻𐌰𐌿𐌱𐌾𐌰𐌽𐌳𐌰𐌼 𐌽𐌹 𐍅𐌰𐌹𐌷𐍄 𐌷𐍂𐌰𐌹𐌽, 𐌰𐌺 𐌱𐌹𐍃𐌰𐌿𐌻𐌹𐌳𐌰 𐍃𐌹𐌽𐌳 𐌹𐌶𐌴 𐌾𐌰𐌷 𐌰𐌷𐌰 𐌾𐌰𐌷 𐌼𐌹𐌸𐍅𐌹𐍃𐍃𐌴𐌹."
Titus,1,16,"𐌲𐌿𐌸 𐌰𐌽𐌳𐌷𐌰𐌹𐍄𐌰𐌽𐌳 𐌺𐌿𐌽𐌽𐌰𐌽, 𐌹𐌸 𐍅𐌰𐌿𐍂𐍃𐍄𐍅𐌰𐌼 𐌹𐌽𐍅𐌹𐌳𐌰𐌽𐌳, 𐌰𐌽𐌳𐌰𐍃𐌴𐍄𐌾𐌰𐌹 𐍅𐌹𐍃𐌰𐌽𐌳𐌰𐌽𐍃 𐌾𐌰𐌷 𐌿𐌽𐌲𐌰𐌻𐌰𐌿𐌱𐌾𐌰𐌽𐌳𐌰𐌽𐍃, 𐌾𐌰𐌷 𐌳𐌿 𐌰𐌻𐌻𐌰𐌼𐌼𐌰 𐍅𐌰𐌿𐍂𐍃𐍄𐍅𐌴 𐌲𐍉𐌳𐌰𐌹𐌶𐌴 𐌿𐍃𐌺𐌿𐍃𐌰𐌽𐌰𐌹."
Titus,2,1,𐌹𐌸 𐌸𐌿 𐍂𐍉𐌳𐌴𐌹 𐌸𐌰𐍄𐌴𐌹 𐌲𐌰𐌳𐍉𐍆 𐌹𐍃𐍄 𐌸𐌹𐌶𐌰𐌹 𐌷𐌰𐌹𐌻𐍉𐌽 𐌻𐌰𐌹𐍃𐌴𐌹𐌽𐌰𐌹....
Titus,2,2,
Titus,2,3,
Titus,2,4,
Titus,2,5,
Titus,2,6,
Titus,2,7,
Titus,2,8,
Titus,2,9,
Titus,2,10,
Titus,2,11,
Titus,2,12,
Titus,2,13,
Titus,2,14,
Titus,2,15,
Titus,3,1,
Titus,3,2,
Titus,3,3,
Titus,3,4,
Titus,3,5,
Titus,3,6,
Titus,3,7,
Titus,3,8,
Titus,3,9,
Titus,3,10,
Titus,3,11,
Titus,3,12,
Titus,3,13,
Titus,3,14,
Titus,3,15,
Philemon,1,1,
Philemon,1,2,
Philemon,1,3,
Philemon,1,4,
Philemon,1,5,
Philemon,1,6,
Philemon,1,7,
Philemon,1,8,
Philemon,1,9,
Philemon,1,10,
Philemon,1,11,".... 𐌹𐌸 𐌽𐌿 𐌸𐌿𐍃 𐌾𐌰𐌷 𐌼𐌹𐍃 𐌱𐍂𐌿𐌺𐍃, 𐌸𐌰𐌽𐌿𐌷 𐌹𐌽𐍃𐌰𐌽𐌳𐌹𐌳𐌰;"
Philemon,1,12,"𐌹𐌸 𐌸𐌿 𐌹𐌽𐌰, 𐌸𐌰𐍄~𐌹𐍃𐍄 𐌼𐌴𐌹𐌽𐍉𐍃 𐌱𐍂𐌿𐍃𐍄𐍃, 𐌰𐌽𐌳𐌽𐌹𐌼;"
Philemon,1,13,"𐌸𐌰𐌽𐌴𐌹 𐌹𐌺 𐍅𐌹𐌻𐌳𐌰 𐌰𐍄 𐌼𐌹𐍃 𐌲𐌰𐌷𐌰𐌱𐌰𐌽, 𐌴𐌹 𐍆𐌰𐌿𐍂 𐌸𐌿𐌺 𐌼𐌹𐍃 𐌰𐌽𐌳𐌱𐌰𐌷𐍄𐌹𐌳𐌴𐌳𐌹 𐌹𐌽 𐌱𐌰𐌽𐌳𐌾𐍉𐌼 𐌰𐌹𐍅𐌰𐌲𐌲𐌴𐌻𐌾𐍉𐌽𐍃."
Philemon,1,14,"𐌹𐌸 𐌹𐌽𐌿 𐌸𐌴𐌹𐌽 𐍂𐌰𐌲𐌹𐌽 𐌽𐌹 𐍅𐌰𐌹𐌷𐍄 𐍅𐌹𐌻𐌳𐌰 𐍄𐌰𐌿𐌾𐌰𐌽, 𐌴𐌹 𐌽𐌹 𐍃𐍅𐌰𐍃𐍅𐌴 𐌱𐌹 𐌽𐌰𐌿𐌸𐌰𐌹 𐌸𐌹𐌿𐌸 𐌸𐌴𐌹𐌽[𐍃] 𐍃𐌹𐌾𐌰𐌹, 𐌰𐌺 𐌿𐍃 𐌻𐌿𐍃𐍄𐌿𐌼."
Philemon,1,15,"𐌰𐌿𐍆𐍄𐍉 𐌰𐌿𐌺 𐌳𐌿𐌸𐌴 𐌰𐍆𐌲𐌰𐍆 𐍃𐌹𐌺 𐌳𐌿 𐍈𐌴𐌹𐌻𐌰𐌹, 𐌴𐌹 𐌰𐌹𐍅𐌴𐌹𐌽𐌰𐌽𐌰 𐌹𐌽𐌰 𐌰𐌽𐌳𐌽𐌹𐌼𐌰𐌹𐍃,"
Philemon,1,16,"𐌾𐌿 𐌽𐌹 𐍃𐍅𐌰𐍃𐍅𐌴 𐍃𐌺𐌰𐌻𐌺, 𐌰𐌺 𐌿𐍆𐌰𐍂 𐍃𐌺𐌰𐌻𐌺 𐌱𐍂𐍉𐌸𐌰𐍂 𐌻𐌹𐌿𐌱𐌰𐌽𐌰, 𐌿𐍃𐍃𐌹𐌽𐌳𐍉 𐌼𐌹𐍃, 𐌹𐌸 𐍈𐌰𐌽 𐍆𐌹𐌻𐌿 𐌼𐌰𐌹𐍃 𐌸𐌿𐍃 𐌾𐌰𐌷 𐌹𐌽 𐌻𐌴𐌹𐌺𐌰 𐌾𐌰𐌷 𐌹𐌽 𐍆𐍂𐌰𐌿𐌾𐌹𐌽."
Philemon,1,17,"𐌾𐌰𐌱𐌰𐌹 𐌽𐌿 𐌼𐌹𐌺 𐌷𐌰𐌱𐌰𐌹𐍃 𐌳𐌿 𐌲𐌰𐌼𐌰𐌽𐌰, 𐌰𐌽𐌳𐌽𐌹𐌼 𐌸𐌰𐌽𐌰 𐍃𐍅𐌴 𐌼𐌹𐌺."
Philemon,1,18,"𐌹𐌸 𐌾𐌰𐌱𐌰𐌹 𐍈𐌰 𐌲𐌰𐍃𐌺𐍉𐌸 𐌸𐌿𐍃 𐌰𐌹𐌸𐌸𐌰𐌿 𐍃𐌺𐌿𐌻𐌰 𐌹𐍃𐍄, 𐌸𐌰𐍄𐌰 𐌼𐌹𐍃 𐍂𐌰𐌷𐌽𐌴𐌹."
Philemon,1,19,𐌹𐌺 𐍀𐌰𐍅𐌻𐌿𐍃 𐌲𐌰𐌼𐌴𐌻𐌹𐌳𐌰 𐌼𐌴𐌹𐌽𐌰𐌹 𐌷𐌰𐌽𐌳𐌰𐌿: 𐌹𐌺 𐌿𐍃𐌲𐌹𐌱𐌰; 𐌴𐌹 𐌽𐌹 𐌵𐌹𐌸𐌰𐌿 𐌸𐌿𐍃 𐌸𐌰𐍄𐌴𐌹 𐌾𐌰𐌸~𐌸𐌿𐌺 𐍃𐌹𐌻𐌱𐌰𐌽 𐌼𐌹𐍃 𐍃𐌺𐌿𐌻𐌰 𐌹𐍃.
Philemon,1,20,"𐌾𐌰𐌹, 𐌱𐍂𐍉𐌸𐌰𐍂, 𐌹𐌺 𐌸𐌴𐌹𐌽𐌰 𐌽𐌹𐌿𐍄𐌰𐌿 𐌹𐌽 𐍆𐍂𐌰𐌿𐌾𐌹𐌽; 𐌰𐌽𐌰𐌸𐍂𐌰𐍆𐍃𐍄𐌴𐌹 𐌼𐌴𐌹𐌽𐍉𐍃 𐌱𐍂𐌿𐍃𐍄𐍃 𐌹𐌽 𐍇𐍂𐌹𐍃𐍄𐌰𐌿."
Philemon,1,21,"𐌲𐌰𐍄𐍂𐌰𐌿𐌰𐌽𐌳𐍃 𐌿𐍆𐌷𐌰𐌿𐍃𐌴𐌹𐌽𐌰𐌹 𐌸𐌴𐌹𐌽𐌰𐌹 𐌲𐌰𐌼𐌴𐌻𐌹𐌳𐌰 𐌸𐌿𐍃, 𐍅𐌹𐍄𐌰𐌽𐌳𐍃 𐌸𐌰𐍄𐌴𐌹 𐌾𐌰𐌷 𐌿𐍆𐌰𐍂 𐌸𐌰𐍄𐌴𐌹 𐌵𐌹𐌸𐌰 𐍄𐌰𐌿𐌾𐌹𐍃."
Philemon,1,22,𐌱𐌹𐌾𐌰𐌽𐌳𐌶𐌿𐌸~𐌸𐌰𐌽 𐌼𐌰𐌽𐍅𐌴𐌹 𐌼𐌹𐍃 𐍃𐌰𐌻𐌹𐌸𐍅𐍉𐍃; 𐍅𐌴𐌽𐌾𐌰 𐌰𐌿𐌺 𐌴𐌹 𐌸𐌰𐌹𐍂𐌷 𐌱𐌹𐌳𐍉𐍃 𐌹𐌶𐍅𐌰𐍂𐍉𐍃 𐍆𐍂𐌰𐌲𐌹𐌱𐌰𐌹𐌳𐌰𐌿 𐌹𐌶𐍅𐌹𐍃.
Philemon,1,23,"𐌲𐍉𐌻𐌴𐌹𐌸 𐌸𐌿𐌺 𐌰𐌹𐍀𐌰𐍆𐍂𐌰𐍃, 𐍃𐌰 𐌼𐌹𐌸𐍆𐍂𐌰𐌷𐌿𐌽𐌸𐌰𐌽𐌰 𐌼𐌹𐍃 𐌹𐌽 𐍇𐍂𐌹𐍃𐍄𐌰𐌿 𐌹𐌴𐍃𐌿...."
Philemon,1,24,
Philemon,1,25,
Hebrews,1,1,
Hebrews,1,2,
Hebrews,1,3,
Hebrews,1,4,
Hebrews,1,5,
Hebrews,1,6,
Hebrews,1,7,
Hebrews,1,8,
Hebrews,1,9,
Hebrews,1,10,
Hebrews,1,11,
Hebrews,1,12,
Hebrews,1,13,
Hebrews,1,14,
Hebrews,2,1,
Hebrews,2,2,
Hebrews,2,3,
Hebrews,2,4,
Hebrews,2,5,
Hebrews,2,6,
Hebrews,2,7,
Hebrews,2,8,
Hebrews,2,9,
Hebrews,2,10,
Hebrews,2,11,
Hebrews,2,12,
Hebrews,2,13,
Hebrews,2,14,
Hebrews,2,15,
Hebrews,2,16,
Hebrews,2,17,
Hebrews,2,18,
Hebrews,3,1,
Hebrews,3,2,
Hebrews,3,3,
Hebrews,3,4,
Hebrews,3,5,
Hebrews,3,6,
Hebrews,3,7,
Hebrews,3,8,
Hebrews,3,9,
Hebrews,3,10,
Hebrews,3,11,
Hebrews,3,12,
Hebrews,3,13,
Hebrews,3,14,
Hebrews,3,15,
Hebrews,3,16,
Hebrews,3,17,
Hebrews,3,18,
Hebrews,3,19,
Hebrews,4,1,
Hebrews,4,2,
Hebrews,4,3,
Hebrews,4,4,
Hebrews,4,5,
Hebrews,4,6,
Hebrews,4,7,
Hebrews,4,8,
Hebrews,4,9,
Hebrews,4,10,
Hebrews,4,11,
Hebrews,4,12,
Hebrews,4,13,
Hebrews,4,14,
Hebrews,4,15,
Hebrews,4,16,
Hebrews,5,1,
Hebrews,5,2,
Hebrews,5,3,
Hebrews,5,4,
Hebrews,5,5,
Hebrews,5,6,
Hebrews,5,7,
Hebrews,5,8,
Hebrews,5,9,
Hebrews,5,10,
Hebrews,5,11,
Hebrews,5,12,
Hebrews,5,13,
Hebrews,5,14,
Hebrews,6,1,
Hebrews,6,2,
Hebrews,6,3,
Hebrews,6,4,
Hebrews,6,5,
Hebrews,6,6,
Hebrews,6,7,
Hebrews,6,8,
Hebrews,6,9,
Hebrews,6,10,
Hebrews,6,11,
Hebrews,6,12,
Hebrews,6,13,
Hebrews,6,14,
Hebrews,6,15,
Hebrews,6,16,
Hebrews,6,17,
Hebrews,6,18,
Hebrews,6,19,
Hebrews,6,20,
Hebrews,7,1,
Hebrews,7,2,
Hebrews,7,3,
Hebrews,7,4,
Hebrews,7,5,
Hebrews,7,6,
Hebrews,7,7,
Hebrews,7,8,
Hebrews,7,9,
Hebrews,7,10,
Hebrews,7,11,
Hebrews,7,12,
Hebrews,7,13,
Hebrews,7,14,
Hebrews,7,15,
Hebrews,7,16,
Hebrews,7,17,
Hebrews,7,18,
Hebrews,7,19,
Hebrews,7,20,
Hebrews,7,21,
Hebrews,7,22,
Hebrews,7,23,
Hebrews,7,24,
Hebrews,7,25,
Hebrews,7,26,
Hebrews,7,27,
Hebrews,7,28,
Hebrews,8,1,
Hebrews,8,2,
Hebrews,8,3,
Hebrews,8,4,
Hebrews,8,5,
Hebrews,8,6,
Hebrews,8,7,
Hebrews,8,8,
Hebrews,8,9,
Hebrews,8,10,
Hebrews,8,11,
Hebrews,8,12,
Hebrews,8,13,
Hebrews,9,1,
Hebrews,9,2,
Hebrews,9,3,
Hebrews,9,4,
Hebrews,9,5,
Hebrews,9,6,
Hebrews,9,7,
Hebrews,9,8,
Hebrews,9,9,
Hebrews,9,10,
Hebrews,9,11,
Hebrews,9,12,
Hebrews,9,13,
Hebrews,9,14,
Hebrews,9,15,
Hebrews,9,16,
Hebrews,9,17,
Hebrews,9,18,
Hebrews,9,19,
Hebrews,9,20,
Hebrews,9,21,
Hebrews,9,22,
Hebrews,9,23,
Hebrews,9,24,
Hebrews,9,25,
Hebrews,9,26,
Hebrews,9,27,
Hebrews,9,28,
Hebrews,10,1,
Hebrews,10,2,
Hebrews,10,3,
Hebrews,10,4,
Hebrews,10,5,
Hebrews,10,6,
Hebrews,10,7,
Hebrews,10,8,
Hebrews,10,9,
Hebrews,10,10,
Hebrews,10,11,
Hebrews,10,12,
Hebrews,10,13,
Hebrews,10,14,
Hebrews,10,15,
Hebrews,10,16,
Hebrews,10,17,
Hebrews,10,18,
Hebrews,10,19,
Hebrews,10,20,
Hebrews,10,21,
Hebrews,10,22,
Hebrews,10,23,
Hebrews,10,24,
Hebrews,10,25,
Hebrews,10,26,
Hebrews,10,27,
Hebrews,10,28,
Hebrews,10,29,
Hebrews,10,30,
Hebrews,10,31,
Hebrews,10,32,
Hebrews,10,33,
Hebrews,10,34,
Hebrews,10,35,
Hebrews,10,36,
Hebrews,10,37,
Hebrews,10,38,
Hebrews,10,39,
Hebrews,11,1,
Hebrews,11,2,
Hebrews,11,3,
Hebrews,11,4,
Hebrews,11,5,
Hebrews,11,6,
Hebrews,11,7,
Hebrews,11,8,
Hebrews,11,9,
Hebrews,11,10,
Hebrews,11,11,
Hebrews,11,12,
Hebrews,11,13,
Hebrews,11,14,
Hebrews,11,15,
Hebrews,11,16,
Hebrews,11,17,
Hebrews,11,18,
Hebrews,11,19,
Hebrews,11,20,
Hebrews,11,21,
Hebrews,11,22,
Hebrews,11,23,
Hebrews,11,24,
Hebrews,11,25,
Hebrews,11,26,
Hebrews,11,27,
Hebrews,11,28,
Hebrews,11,29,
Hebrews,11,30,
Hebrews,11,31,
Hebrews,11,32,
Hebrews,11,33,
Hebrews,11,34,
Hebrews,11,35,
Hebrews,11,36,
Hebrews,11,37,
Hebrews,11,38,
Hebrews,11,39,
Hebrews,11,40,
Hebrews,12,1,
Hebrews,12,2,
Hebrews,12,3,
Hebrews,12,4,
Hebrews,12,5,
Hebrews,12,6,
Hebrews,12,7,
Hebrews,12,8,
Hebrews,12,9,
Hebrews,12,10,
Hebrews,12,11,
Hebrews,12,12,
Hebrews,12,13,
Hebrews,12,14,
Hebrews,12,15,
Hebrews,12,16,
Hebrews,12,17,
Hebrews,12,18,
Hebrews,12,19,
Hebrews,12,20,
Hebrews,12,21,
Hebrews,12,22,
Hebrews,12,23,
Hebrews,12,24,
Hebrews,12,25,
Hebrews,12,26,
Hebrews,12,27,
Hebrews,12,28,
Hebrews,12,29,
Hebrews,13,1,
Hebrews,13,2,
Hebrews,13,3,
Hebrews,13,4,
Hebrews,13,5,
Hebrews,13,6,
Hebrews,13,7,
Hebrews,13,8,
Hebrews,13,9,
Hebrews,13,10,
Hebrews,13,11,
Hebrews,13,12,
Hebrews,13,13,
Hebrews,13,14,
Hebrews,13,15,
Hebrews,13,16,
Hebrews,13,17,
Hebrews,13,18,
Hebrews,13,19,
Hebrews,13,20,
Hebrews,13,21,
Hebrews,13,22,
Hebrews,13,23,
Hebrews,13,24,
Hebrews,13,25,
James,1,1,
James,1,2,
James,1,3,
James,1,4,
James,1,5,
James,1,6,
James,1,7,
James,1,8,
James,1,9,
James,1,10,
James,1,11,
James,1,12,
James,1,13,
James,1,14,
James,1,15,
James,1,16,
James,1,17,
James,1,18,
James,1,19,
James,1,20,
James,1,21,
James,1,22,
James,1,23,
James,1,24,
James,1,25,
James,1,26,
James,1,27,
James,2,1,
James,2,2,
James,2,3,
James,2,4,
James,2,5,
James,2,6,
James,2,7,
James,2,8,
James,2,9,
James,2,10,
James,2,11,
James,2,12,
James,2,13,
James,2,14,
James,2,15,
James,2,16,
James,2,17,
James,2,18,
James,2,19,
James,2,20,
James,2,21,
James,2,22,
James,2,23,
James,2,24,
James,2,25,
James,2,26,
James,3,1,
James,3,2,
James,3,3,
James,3,4,
James,3,5,
James,3,6,
James,3,7,
James,3,8,
James,3,9,
James,3,10,
James,3,11,
James,3,12,
James,3,13,
James,3,14,
James,3,15,
James,3,16,
James,3,17,
James,3,18,
James,4,1,
James,4,2,
James,4,3,
James,4,4,
James,4,5,
James,4,6,
James,4,7,
James,4,8,
James,4,9,
James,4,10,
James,4,11,
James,4,12,
James,4,13,
James,4,14,
James,4,15,
James,4,16,
James,4,17,
James,5,1,
James,5,2,
James,5,3,
James,5,4,
James,5,5,
James,5,6,
James,5,7,
James,5,8,
James,5,9,
James,5,10,
James,5,11,
James,5,12,
James,5,13,
James,5,14,
James,5,15,
James,5,16,
James,5,17,
James,5,18,
James,5,19,
James,5,20,
I Peter,1,1,
I Peter,1,2,
I Peter,1,3,
I Peter,1,4,
I Peter,1,5,
I Peter,1,6,
I Peter,1,7,
I Peter,1,8,
I Peter,1,9,
I Peter,1,10,
I Peter,1,11,
I Peter,1,12,
I Peter,1,13,
I Peter,1,14,
I Peter,1,15,
I Peter,1,16,
I Peter,1,17,
I Peter,1,18,
I Peter,1,19,
I Peter,1,20,
I Peter,1,21,
I Peter,1,22,
I Peter,1,23,
I Peter,1,24,
I Peter,1,25,
I Peter,2,1,
I Peter,2,2,
I Peter,2,3,
I Peter,2,4,
I Peter,2,5,
I Peter,2,6,
I Peter,2,7,
I Peter,2,8,
I Peter,2,9,
I Peter,2,10,
I Peter,2,11,
I Peter,2,12,
I Peter,2,13,
I Peter,2,14,
I Peter,2,15,
I Peter,2,16,
I Peter,2,17,
I Peter,2,18,
I Peter,2,19,
I Peter,2,20,
I Peter,2,21,
I Peter,2,22,
I Peter,2,23,
I Peter,2,24,
I Peter,2,25,
I Peter,3,1,
I Peter,3,2,
I Peter,3,3,
I Peter,3,4,
I Peter,3,5,
I Peter,3,6,
I Peter,3,7,
I Peter,3,8,
I Peter,3,9,
I Peter,3,10,
I Peter,3,11,
I Peter,3,12,
I Peter,3,13,
I Peter,3,14,
I Peter,3,15,
I Peter,3,16,
I Peter,3,17,
I Peter,3,18,
I Peter,3,19,
I Peter,3,20,
I Peter,3,21,
I Peter,3,22,
I Peter,4,1,
I Peter,4,2,
I Peter,4,3,
I Peter,4,4,
I Peter,4,5,
I Peter,4,6,
I Peter,4,7,
I Peter,4,8,
I Peter,4,9,
I Peter,4,10,
I Peter,4,11,
I Peter,4,12,
I Peter,4,13,
I Peter,4,14,
I Peter,4,15,
I Peter,4,16,
I Peter,4,17,
I Peter,4,18,
I Peter,4,19,
I Peter,5,1,
I Peter,5,2,
I Peter,5,3,
I Peter,5,4,
I Peter,5,5,
I Peter,5,6,
I Peter,5,7,
I Peter,5,8,
I Peter,5,9,
I Peter,5,10,
I Peter,5,11,
I Peter,5,12,
I Peter,5,13,
I Peter,5,14,
II Peter,1,1,
II Peter,1,2,
II Peter,1,3,
II Peter,1,4,
II Peter,1,5,
II Peter,1,6,
II Peter,1,7,
II Peter,1,8,
II Peter,1,9,
II Peter,1,10,
II Peter,1,11,
II Peter,1,12,
II Peter,1,13,
II Peter,1,14,
II Peter,1,15,
II Peter,1,16,
II Peter,1,17,
II Peter,1,18,
II Peter,1,19,
II Peter,1,20,
II Peter,1,21,
II Peter,2,1,
II Peter,2,2,
II Peter,2,3,
II Peter,2,4,
II Peter,2,5,
II Peter,2,6,
II Peter,2,7,
II Peter,2,8,
II Peter,2,9,
II Peter,2,10,
II Peter,2,11,
II Peter,2,12,
II Peter,2,13,
II Peter,2,14,
II Peter,2,15,
II Peter,2,16,
II Peter,2,17,
II Peter,2,18,
II Peter,2,19,
II Peter,2,20,
II Peter,2,21,
II Peter,2,22,
II Peter,3,1,
II Peter,3,2,
II Peter,3,3,
II Peter,3,4,
II Peter,3,5,
II Peter,3,6,
II Peter,3,7,
II Peter,3,8,
II Peter,3,9,
II Peter,3,10,
II Peter,3,11,
II Peter,3,12,
II Peter,3,13,
II Peter,3,14,
II Peter,3,15,
II Peter,3,16,
II Peter,3,17,
II Peter,3,18,
I John,1,1,
I John,1,2,
I John,1,3,
I John,1,4,
I John,1,5,
I John,1,6,
I John,1,7,
I John,1,8,
I John,1,9,
I John,1,10,
I John,2,1,
I John,2,2,
I John,2,3,
I John,2,4,
I John,2,5,
I John,2,6,
I John,2,7,
I John,2,8,
I John,2,9,
I John,2,10,
I John,2,11,
I John,2,12,
I John,2,13,
I John,2,14,
I John,2,15,
I John,2,16,
I John,2,17,
I John,2,18,
I John,2,19,
I John,2,20,
I John,2,21,
I John,2,22,
I John,2,23,
I John,2,24,
I John,2,25,
I John,2,26,
I John,2,27,
I John,2,28,
I John,2,29,
I John,3,1,
I John,3,2,
I John,3,3,
I John,3,4,
I John,3,5,
I John,3,6,
I John,3,7,
I John,3,8,
I John,3,9,
I John,3,10,
I John,3,11,
I John,3,12,
I John,3,13,
I John,3,14,
I John,3,15,
I John,3,16,
I John,3,17,
I John,3,18,
I John,3,19,
I John,3,20,
I John,3,21,
I John,3,22,
I John,3,23,
I John,3,24,
I John,4,1,
I John,4,2,
I John,4,3,
I John,4,4,
I John,4,5,
I John,4,6,
I John,4,7,
I John,4,8,
I John,4,9,
I John,4,10,
I John,4,11,
I John,4,12,
I John,4,13,
I John,4,14,
I John,4,15,
I John,4,16,
I John,4,17,
I John,4,18,
I John,4,19,
I John,4,20,
I John,4,21,
I John,5,1,
I John,5,2,
I John,5,3,
I John,5,4,
I John,5,5,
I John,5,6,
I John,5,7,
I John,5,8,
I John,5,9,
I John,5,10,
I John,5,11,
I John,5,12,
I John,5,13,
I John,5,14,
I John,5,15,
I John,5,16,
I John,5,17,
I John,5,18,
I John,5,19,
I John,5,20,
I John,5,21,
II John,1,1,
II John,1,2,
II John,1,3,
II John,1,4,
II John,1,5,
II John,1,6,
II John,1,7,
II John,1,8,
II John,1,9,
II John,1,10,
II John,1,11,
II John,1,12,
II John,1,13,
III John,1,1,
III John,1,2,
III John,1,3,
III John,1,4,
III John,1,5,
III John,1,6,
III John,1,7,
III John,1,8,
III John,1,9,
III John,1,10,
III John,1,11,
III John,1,12,
III John,1,13,
III John,1,14,
Jude,1,1,
Jude,1,2,
Jude,1,3,
Jude,1,4,
Jude,1,5,
Jude,1,6,
Jude,1,7,
Jude,1,8,
Jude,1,9,
Jude,1,10,
Jude,1,11,
Jude,1,12,
Jude,1,13,
Jude,1,14,
Jude,1,15,
Jude,1,16,
Jude,1,17,
Jude,1,18,
Jude,1,19,
Jude,1,20,
Jude,1,21,
Jude,1,22,
Jude,1,23,
Jude,1,24,
Jude,1,25,
Revelation of John,1,1,
Revelation of John,1,2,
Revelation of John,1,3,
Revelation of John,1,4,
Revelation of John,1,5,
Revelation of John,1,6,
Revelation of John,1,7,
Revelation of John,1,8,
Revelation of John,1,9,
Revelation of John,1,10,
Revelation of John,1,11,
Revelation of John,1,12,
Revelation of John,1,13,
Revelation of John,1,14,
Revelation of John,1,15,
Revelation of John,1,16,
Revelation of John,1,17,
Revelation of John,1,18,
Revelation of John,1,19,
Revelation of John,1,20,
Revelation of John,2,1,
Revelation of John,2,2,
Revelation of John,2,3,
Revelation of John,2,4,
Revelation of John,2,5,
Revelation of John,2,6,
Revelation of John,2,7,
Revelation of John,2,8,
Revelation of John,2,9,
Revelation of John,2,10,
Revelation of John,2,11,
Revelation of John,2,12,
Revelation of John,2,13,
Revelation of John,2,14,
Revelation of John,2,15,
Revelation of John,2,16,
Revelation of John,2,17,
Revelation of John,2,18,
Revelation of John,2,19,
Revelation of John,2,20,
Revelation of John,2,21,
Revelation of John,2,22,
Revelation of John,2,23,
Revelation of John,2,24,
Revelation of John,2,25,
Revelation of John,2,26,
Revelation of John,2,27,
Revelation of John,2,28,
Revelation of John,2,29,
Revelation of John,3,1,
Revelation of John,3,2,
Revelation of John,3,3,
Revelation of John,3,4,
Revelation of John,3,5,
Revelation of John,3,6,
Revelation of John,3,7,
Revelation of John,3,8,
Revelation of John,3,9,
Revelation of John,3,10,
Revelation of John,3,11,
Revelation of John,3,12,
Revelation of John,3,13,
Revelation of John,3,14,
Revelation of John,3,15,
Revelation of John,3,16,
Revelation of John,3,17,
Revelation of John,3,18,
Revelation of John,3,19,
Revelation of John,3,20,
Revelation of John,3,21,
Revelation of John,3,22,
Revelation of John,4,1,
Revelation of John,4,2,
Revelation of John,4,3,
Revelation of John,4,4,
Revelation of John,4,5,
Revelation of John,4,6,
Revelation of John,4,7,
Revelation of John,4,8,
Revelation of John,4,9,
Revelation of John,4,10,
Revelation of John,4,11,
Revelation of John,5,1,
Revelation of John,5,2,
Revelation of John,5,3,
Revelation of John,5,4,
Revelation of John,5,5,
Revelation of John,5,6,
Revelation of John,5,7,
Revelation of John,5,8,
Revelation of John,5,9,
Revelation of John,5,10,
Revelation of John,5,11,
Revelation of John,5,12,
Revelation of John,5,13,
Revelation of John,5,14,
Revelation of John,6,1,
Revelation of John,6,2,
Revelation of John,6,3,
Revelation of John,6,4,
Revelation of John,6,5,
Revelation of John,6,6,
Revelation of John,6,7,
Revelation of John,6,8,
Revelation of John,6,9,
Revelation of John,6,10,
Revelation of John,6,11,
Revelation of John,6,12,
Revelation of John,6,13,
Revelation of John,6,14,
Revelation of John,6,15,
Revelation of John,6,16,
Revelation of John,6,17,
Revelation of John,7,1,
Revelation of John,7,2,
Revelation of John,7,3,
Revelation of John,7,4,
Revelation of John,7,5,
Revelation of John,7,6,
Revelation of John,7,7,
Revelation of John,7,8,
Revelation of John,7,9,
Revelation of John,7,10,
Revelation of John,7,11,
Revelation of John,7,12,
Revelation of John,7,13,
Revelation of John,7,14,
Revelation of John,7,15,
Revelation of John,7,16,
Revelation of John,7,17,
Revelation of John,8,1,
Revelation of John,8,2,
Revelation of John,8,3,
Revelation of John,8,4,
Revelation of John,8,5,
Revelation of John,8,6,
Revelation of John,8,7,
Revelation of John,8,8,
Revelation of John,8,9,
Revelation of John,8,10,
Revelation of John,8,11,
Revelation of John,8,12,
Revelation of John,8,13,
Revelation of John,9,1,
Revelation of John,9,2,
Revelation of John,9,3,
Revelation of John,9,4,
Revelation of John,9,5,
Revelation of John,9,6,
Revelation of John,9,7,
Revelation of John,9,8,
Revelation of John,9,9,
Revelation of John,9,10,
Revelation of John,9,11,
Revelation of John,9,12,
Revelation of John,9,13,
Revelation of John,9,14,
Revelation of John,9,15,
Revelation of John,9,16,
Revelation of John,9,17,
Revelation of John,9,18,
Revelation of John,9,19,
Revelation of John,9,20,
Revelation of John,9,21,
Revelation of John,10,1,
Revelation of John,10,2,
Revelation of John,10,3,
Revelation of John,10,4,
Revelation of John,10,5,
Revelation of John,10,6,
Revelation of John,10,7,
Revelation of John,10,8,
Revelation of John,10,9,
Revelation of John,10,10,
Revelation of John,10,11,
Revelation of John,11,1,
Revelation of John,11,2,
Revelation of John,11,3,
Revelation of John,11,4,
Revelation of John,11,5,
Revelation of John,11,6,
Revelation of John,11,7,
Revelation of John,11,8,
Revelation of John,11,9,
Revelation of John,11,10,
Revelation of John,11,11,
Revelation of John,11,12,
Revelation of John,11,13,
Revelation of John,11,14,
Revelation of John,11,15,
Revelation of John,11,16,
Revelation of John,11,17,
Revelation of John,11,18,
Revelation of John,11,19,
Revelation of John,12,1,
Revelation of John,12,2,
Revelation of John,12,3,
Revelation of John,12,4,
Revelation of John,12,5,
Revelation of John,12,6,
Revelation of John,12,7,
Revelation of John,12,8,
Revelation of John,12,9,
Revelation of John,12,10,
Revelation of John,12,11,
Revelation of John,12,12,
Revelation of John,12,13,
Revelation of John,12,14,
Revelation of John,12,15,
Revelation of John,12,16,
Revelation of John,12,17,
Revelation of John,13,1,
Revelation of John,13,2,
Revelation of John,13,3,
Revelation of John,13,4,
Revelation of John,13,5,
Revelation of John,13,6,
Revelation of John,13,7,
Revelation of John,13,8,
Revelation of John,13,9,
Revelation of John,13,10,
Revelation of John,13,11,
Revelation of John,13,12,
Revelation of John,13,13,
Revelation of John,13,14,
Revelation of John,13,15,
Revelation of John,13,16,
Revelation of John,13,17,
Revelation of John,13,18,
Revelation of John,14,1,
Revelation of John,14,2,
Revelation of John,14,3,
Revelation of John,14,4,
Revelation of John,14,5,
Revelation of John,14,6,
Revelation of John,14,7,
Revelation of John,14,8,
Revelation of John,14,9,
Revelation of John,14,10,
Revelation of John,14,11,
Revelation of John,14,12,
Revelation of John,14,13,
Revelation of John,14,14,
Revelation of John,14,15,
Revelation of John,14,16,
Revelation of John,14,17,
Revelation of John,14,18,
Revelation of John,14,19,
Revelation of John,14,20,
Revelation of John,15,1,
Revelation of John,15,2,
Revelation of John,15,3,
Revelation of John,15,4,
Revelation of John,15,5,
Revelation of John,15,6,
Revelation of John,15,7,
Revelation of John,15,8,
Revelation of John,16,1,
Revelation of John,16,2,
Revelation of John,16,3,
Revelation of John,16,4,
Revelation of John,16,5,
Revelation of John,16,6,
Revelation of John,16,7,
Revelation of John,16,8,
Revelation of John,16,9,
Revelation of John,16,10,
Revelation of John,16,11,
Revelation of John,16,12,
Revelation of John,16,13,
Revelation of John,16,14,
Revelation of John,16,15,
Revelation of John,16,16,
Revelation of John,16,17,
Revelation of John,16,18,
Revelation of John,16,19,
Revelation of John,16,20,
Revelation of John,16,21,
Revelation of John,17,1,
Revelation of John,17,2,
Revelation of John,17,3,
Revelation of John,17,4,
Revelation of John,17,5,
Revelation of John,17,6,
Revelation of John,17,7,
Revelation of John,17,8,
Revelation of John,17,9,
Revelation of John,17,10,
Revelation of John,17,11,
Revelation of John,17,12,
Revelation of John,17,13,
Revelation of John,17,14,
Revelation of John,17,15,
Revelation of John,17,16,
Revelation of John,17,17,
Revelation of John,17,18,
Revelation of John,18,1,
Revelation of John,18,2,
Revelation of John,18,3,
Revelation of John,18,4,
Revelation of John,18,5,
Revelation of John,18,6,
Revelation of John,18,7,
Revelation of John,18,8,
Revelation of John,18,9,
Revelation of John,18,10,
Revelation of John,18,11,
Revelation of John,18,12,
Revelation of John,18,13,
Revelation of John,18,14,
Revelation of John,18,15,
Revelation of John,18,16,
Revelation of John,18,17,
Revelation of John,18,18,
Revelation of John,18,19,
Revelation of John,18,20,
Revelation of John,18,21,
Revelation of John,18,22,
Revelation of John,18,23,
Revelation of John,18,24,
Revelation of John,19,1,
Revelation of John,19,2,
Revelation of John,19,3,
Revelation of John,19,4,
Revelation of John,19,5,
Revelation of John,19,6,
Revelation of John,19,7,
Revelation of John,19,8,
Revelation of John,19,9,
Revelation of John,19,10,
Revelation of John,19,11,
Revelation of John,19,12,
Revelation of John,19,13,
Revelation of John,19,14,
Revelation of John,19,15,
Revelation of John,19,16,
Revelation of John,19,17,
Revelation of John,19,18,
Revelation of John,19,19,
Revelation of John,19,20,
Revelation of John,19,21,
Revelation of John,20,1,
Revelation of John,20,2,
Revelation of John,20,3,
Revelation of John,20,4,
Revelation of John,20,5,
Revelation of John,20,6,
Revelation of John,20,7,
Revelation of John,20,8,
Revelation of John,20,9,
Revelation of John,20,10,
Revelation of John,20,11,
Revelation of John,20,12,
Revelation of John,20,13,
Revelation of John,20,14,
Revelation of John,20,15,
Revelation of John,21,1,
Revelation of John,21,2,
Revelation of John,21,3,
Revelation of John,21,4,
Revelation of John,21,5,
Revelation of John,21,6,
Revelation of John,21,7,
Revelation of John,21,8,
Revelation of John,21,9,
Revelation of John,21,10,
Revelation of John,21,11,
Revelation of John,21,12,
Revelation of John,21,13,
Revelation of John,21,14,
Revelation of John,21,15,
Revelation of John,21,16,
Revelation of John,21,17,
Revelation of John,21,18,
Revelation of John,21,19,
Revelation of John,21,20,
Revelation of John,21,21,
Revelation of John,21,22,
Revelation of John,21,23,
Revelation of John,21,24,
Revelation of John,21,25,
Revelation of John,21,26,
Revelation of John,21,27,
Revelation of John,22,1,
Revelation of John,22,2,
Revelation of John,22,3,
Revelation of John,22,4,
Revelation of John,22,5,
Revelation of John,22,6,
Revelation of John,22,7,
Revelation of John,22,8,
Revelation of John,22,9,
Revelation of John,22,10,
Revelation of John,22,11,
Revelation of John,22,12,
Revelation of John,22,13,
Revelation of John,22,14,
Revelation of John,22,15,
Revelation of John,22,16,
Revelation of John,22,17,
Revelation of John,22,18,
Revelation of John,22,19,
Revelation of John,22,20,
Revelation of John,22,21,
